,model,w1,NLL,AIC,mean,phi1,phi2
0,sum,,4124217.097211428,8248436.194422856,696.2725393520437,0.0028724384303037637,
