,model,w1,NLL,AIC,mean,phi1,phi2
0,sum,,2006355.8532850463,4012713.7065700926,564.4538471991532,0.0035432480616866997,
