,model,w1,NLL,AIC,mean,phi1,phi2
0,sum,,3944330.642904268,7888663.285808536,677.0994227690286,0.002953775963684786,
