,model,w1,NLL,AIC,mean,phi1,phi2
0,sum,,2188644.509268784,4377291.018537568,602.8861111834624,0.0033173761393740023,
