,model,w1,NLL,AIC,mean,phi1,phi2
0,null,,4102230.756657707,8204463.513315414,497.09837375963707,0.0020116742536026317,
