,model,w1,NLL,AIC,mean,phi1,phi2
0,null,,1995551.121096892,3991104.242193784,392.081707525908,0.0025504887904874316,
