,model,w1,NLL,AIC,mean,phi1,phi2
0,null,,2177416.313433444,4354834.626866888,422.78096836115765,0.0023652909540283684,
