,model,w1,NLL,AIC,mean,phi1,phi2
0,null,,3922584.859514749,7845171.719029498,480.9110034899018,0.002079386815321638,
