,model,w1,NLL,AIC,mean,phi1,phi2
0,null,,14250.48015685692,28502.96031371384,286.2254456016937,0.0034937494739429365,
