,model,w1,NLL,AIC,mean,phi1,phi2
0,sum,,14860.281027908586,29722.562055817172,414.87683798006236,0.004820707778572381,
