,model,w1,NLL,AIC,mean,phi1,phi2
0,null,,14032.007332116435,28066.01466423287,282.1038231839302,0.0035447942133985375,
