,model,w1,NLL,AIC,mean,phi1,phi2
0,sum,,14331.314315697617,28664.628631395233,420.9809109644757,0.004750809236024407,
