,model,w1,NLL,AIC,mean,phi1,phi2
0,null,,13975.757771725956,27953.51554345191,293.2205835889308,0.0034104017793031576,
