,model,w1,NLL,AIC,mean,phi1,phi2
0,null,,14706.59041621273,29415.18083242546,287.1046431585225,0.0034830506013372206,
