,model,w1,NLL,AIC,mean,phi1,phi2
0,sum,,14050.06223950312,28102.12447900624,413.13354056889847,0.00484104969363159,
