,model,w1,NLL,AIC,mean,phi1,phi2
0,sum,,14547.03493319081,29096.06986638162,418.5125719706315,0.00477882896225241,
