,model,w1,NLL,AIC,mean,phi1,phi2
0,sum,,14802.430187360695,29606.86037472139,420.9150343028925,0.004751552776707877,
