,model,w1,NLL,AIC,mean,phi1,phi2
0,null,,14475.936796477625,28953.87359295525,294.6050510066763,0.0033943749320758864,
