,model,w1,NLL,AIC,mean,phi1,phi2
0,null,,14991.549691326669,29985.099382653338,295.2024380799638,0.003387505897661733,
