,model,w1,NLL,AIC,mean,phi1,phi2
0,sum,,14289.831725320444,28581.66345064089,419.8726007083697,0.004763349636594022,
