,model,w1,NLL,AIC,mean,phi1,phi2
0,null,,14790.387333043556,29582.774666087113,288.7596033144733,0.003463088287009978,
