,model,w1,NLL,AIC,mean,phi1,phi2
0,null,,13304.799315368718,26611.598630737437,290.9184339455897,0.0034373896024307263,
