,model,w1,NLL,AIC,mean,phi1,phi2
0,sum,,14360.797265776762,28723.594531553525,432.023618612254,0.0046293765290527375,
