,model,w1,NLL,AIC,mean,phi1,phi2
0,null,,14532.560228440116,29067.12045688023,286.83027048433985,0.0034863823762792054,
