,model,w1,NLL,AIC,mean,phi1,phi2
0,sum,,13312.340066954861,26626.680133909722,423.01283786642387,0.004727988895295765,
