,model,w1,NLL,AIC,mean,phi1,phi2
0,null,,14594.503865277886,29191.00773055577,272.7000699838932,0.0036670324289211375,
