,model,w1,NLL,AIC,mean,phi1,phi2
0,null,,14236.164389319403,28474.328778638806,285.03193144301997,0.0035083788505285676,
