,model,w1,NLL,AIC,mean,phi1,phi2
0,null,,13750.55969074908,27503.11938149816,301.3467755788563,0.003318436037946988,
