,model,w1,NLL,AIC,mean,phi1,phi2
0,sum,,15309.83401190257,30621.66802380514,411.8782980398058,0.004855803302864748,
