,model,w1,NLL,AIC,mean,phi1,phi2
0,null,,15298.687766589053,30599.375533178107,282.7076848052675,0.0035372225579535,
