,model,w1,NLL,AIC,mean,phi1,phi2
0,sum,,13985.50795545762,27973.01591091524,426.05410427574395,0.004694239487259092,
