,model,w1,NLL,AIC,mean,phi1,phi2
0,null,,14279.744370953693,28561.488741907386,288.73243290499573,0.003463414171864229,
