,model,w1,NLL,AIC,mean,phi1,phi2
0,null,,14626.25233402668,29254.50466805336,296.32490784011463,0.0033746741281011753,
