,model,w1,NLL,AIC,mean,phi1,phi2
0,null,,14352.94936457164,28707.89872914328,297.3203042241339,0.0033633760822676722,
