,model,w1,NLL,AIC,mean,phi1,phi2
0,sum,,13763.245166270532,27528.490332541063,437.8102534827318,0.004568189036438098,
