,model,w1,NLL,AIC,mean,phi1,phi2
0,sum,,14614.84358412529,29231.68716825058,400.5563192536721,0.004993055667493792,
