,model,w1,NLL,AIC,mean,phi1,phi2
0,null,,14543.403226179358,29088.806452358716,297.99524571232377,0.00335575823570478,
