,model,w1,NLL,AIC,mean,phi1,phi2
0,sum,,14997.82809808578,29997.65619617156,427.8871598703709,0.004674129507896202,
