,model,w1,NLL,AIC,mean,phi1,phi2
0,null,,15232.40455788403,30466.80911576806,288.44103740924845,0.0034669130612686406,
