,model,w1,NLL,AIC,mean,phi1,phi2
0,sum,,14718.060307405642,29438.120614811283,418.54391227917756,0.004778471126503826,
