,model,w1,NLL,AIC,mean,phi1,phi2
0,sum,,14549.029593626836,29100.05918725367,432.1056630767548,0.0046284975433074586,
