,model,w1,NLL,AIC,mean,phi1,phi2
0,null,,14850.743587487648,29703.487174975297,284.8939399114563,0.003510078172637843,
