,model,w1,NLL,AIC,mean,phi1,phi2
0,sum,,14633.736851489153,29269.473702978306,430.3003996658438,0.0046479157387562964,
