,model,w1,NLL,AIC,mean,phi1,phi2
0,sum,,14487.545574749638,28977.091149499276,428.92016750030257,0.004662872374725978,
