,model,w1,NLL,AIC,mean,phi1,phi2
0,null,,14322.094941702393,28646.189883404786,289.13735508867563,0.003458563836185434,
