,model,w1,NLL,AIC,mean,phi1,phi2
0,sum,,15239.760232334364,30481.520464668727,418.8513530612406,0.004774963684330222,
