,model,w1,NLL,AIC,mean,phi1,phi2
0,sum,,14261.76565531867,28525.53131063734,417.0664973139951,0.004795398366640484,
