,model,w1,NLL,AIC,mean,phi1,phi2
0,sum,,14247.89095968187,28497.78191936374,415.76870603214485,0.004810366848161419,
