model,w1,NLL,AIC,BIC,mean,phi1,phi2,distribution,iteration
mixture,0.5,768.4622408992531,1542.9244817985061,1552.633807686996,22.425533197280565,0.044592027810570194,0.044592027810570194,geom,0
mixture,0.45,768.4622408992532,1542.9244817985063,1552.6338076869963,22.425533034008332,0.04459202936616601,0.044592027128098205,geom,0
mixture,0.2,768.4622408992534,1542.9244817985068,1552.6338076869968,22.425533398625838,0.04459203184640604,0.04459202630115538,geom,0
mixture,0.25,768.4622408992534,1542.9244817985068,1552.6338076869968,22.425533604273753,0.04459202987315351,0.04459202604399562,geom,0
mixture,0.15000000000000002,768.4622408992534,1542.9244817985068,1552.6338076869968,22.425533398675555,0.04459203113773451,0.0445920267522899,geom,0
mixture,0.05,768.4622408992534,1542.9244817985068,1552.6338076869968,22.425533712765546,0.044592028057557624,0.044592026718607125,geom,0
mixture,0.4,768.4622408992534,1542.9244817985068,1552.6338076869968,22.425533159589477,0.044592029934197634,0.04459202651973,geom,0
mixture,0.3,768.4622408992534,1542.9244817985068,1552.6338076869968,22.425533331055586,0.04459203071716488,0.044592026184880035,geom,0
mixture,0.005000000000000003,768.4622408992535,1542.924481798507,1552.633807686997,22.425533797822474,0.0445920269710884,0.04459202661464106,geom,0
mixture,0.1,768.4622408992535,1542.924481798507,1552.633807686997,22.42553344352235,0.04459203008771748,0.044592027013510276,geom,0
mixture,0.0047500000000000025,768.4622408992536,1542.9244817985073,1552.6338076869972,22.42553397254154,0.0445920252862649,0.044592026273693665,geom,0
mixture,0.0022500000000000003,768.4622408992536,1542.9244817985073,1552.6338076869972,22.425533895945986,0.04459202606265723,0.04459202642211851,geom,0
mixture,0.005500000000000003,768.4622408992536,1542.9244817985073,1552.6338076869972,22.425533850889586,0.044592027616632196,0.044592026504786914,geom,0
mixture,0.009000000000000006,768.4622408992536,1542.9244817985073,1552.6338076869972,22.425533827537798,0.044592026702838634,0.04459202655601448,geom,0
mixture,0.007750000000000005,768.4622408992536,1542.9244817985073,1552.6338076869972,22.425533775117856,0.04459202807681579,0.044592026650516446,geom,0
mixture,0.0035000000000000014,768.4622408992536,1542.9244817985073,1552.6338076869972,22.425534060509854,0.04459202659717533,0.044592026092315884,geom,0
mixture,0.008250000000000006,768.4622408992536,1542.9244817985073,1552.6338076869972,22.425533998393778,0.044592025799190416,0.0445920262210781,geom,0
mixture,0.009750000000000007,768.4622408992536,1542.9244817985073,1552.6338076869972,22.425533874617383,0.04459202701243078,0.044592026458317946,geom,0
mixture,0.35000000000000003,768.4622408992536,1542.9244817985073,1552.6338076869972,22.42553351859422,0.04459202938665836,0.044592025978960045,geom,0
mixture,0.006500000000000004,768.4622408992536,1542.9244817985073,1552.6338076869972,22.425533685950896,0.04459202646707378,0.04459202684130672,geom,0
mixture,0.003000000000000001,768.4622408992537,1542.9244817985075,1552.6338076869974,22.425533863053055,0.04459202606128428,0.04459202648799576,geom,0
mixture,0.0025000000000000005,768.4622408992537,1542.9244817985075,1552.6338076869974,22.425533712696648,0.04459202683864694,0.04459202678555893,geom,0
mixture,0.009250000000000006,768.4622408992537,1542.9244817985075,1552.6338076869974,22.425533810536667,0.04459202626054636,0.04459202659422833,geom,0
mixture,0.005250000000000003,768.4622408992537,1542.9244817985075,1552.6338076869974,22.425533933397087,0.04459202617974646,0.04459202634772199,geom,0
mixture,0.008500000000000006,768.4622408992539,1542.9244817985077,1552.6338076869977,22.425533889260006,0.04459202643003148,0.044592026434643654,geom,0
mixture,0.007500000000000005,768.4622408992539,1542.9244817985077,1552.6338076869977,22.425533747435065,0.04459202661887041,0.04459202671735472,geom,0
mixture,0.006250000000000004,768.4622408992539,1542.9244817985077,1552.6338076869977,22.425534323559127,0.04459202613257161,0.04459202556749113,geom,0
mixture,0.006000000000000004,768.4622408992539,1542.9244817985077,1552.6338076869977,22.42553402656156,0.044592026899339936,0.0445920261571341,geom,0
mixture,0.003250000000000001,768.4622408992539,1542.9244817985077,1552.6338076869977,22.425533919324998,0.04459202667834462,0.04459202637383208,geom,0
mixture,0.0027500000000000007,768.4622408992539,1542.9244817985077,1552.6338076869977,22.42553375803175,0.044592027515632036,0.04459202669328365,geom,0
mixture,0.004000000000000002,768.4622408992539,1542.9244817985077,1552.6338076869977,22.42553401280452,0.04459202642615386,0.044592026187989846,geom,0
mixture,0.004500000000000002,768.4622408992539,1542.9244817985077,1552.6338076869977,22.425533861707734,0.044592026232720836,0.04459202649055096,geom,0
mixture,0.010000000000000007,768.4622408992539,1542.9244817985077,1552.6338076869977,22.425533732968045,0.044592027243555384,0.04459202674035097,geom,0
mixture,0.007250000000000005,768.462240899254,1542.924481798508,1552.633807686998,22.425533869937443,0.04459202678677459,0.04459202647073508,geom,0
mixture,0.0037500000000000016,768.462240899254,1542.924481798508,1552.633807686998,22.425534111363987,0.0445920259178323,0.04459202599324485,geom,0
mixture,0.0070000000000000045,768.462240899254,1542.924481798508,1552.633807686998,22.42553411462108,0.04459202630529691,0.04459202598423807,geom,0
mixture,0.008750000000000006,768.4622408992541,1542.9244817985082,1552.6338076869981,22.425534026407504,0.04459202617786374,0.04459202616175269,geom,0
mixture,0.002,768.4622408992541,1542.9244817985082,1552.6338076869981,22.4255340539022,0.044592025885116675,0.04459202610766697,geom,0
mixture,0.006750000000000004,768.4622408992541,1542.9244817985082,1552.6338076869981,22.42553401404514,0.04459202656660287,0.0445920261838923,geom,0
mixture,0.009500000000000007,768.4622408992541,1542.9244817985082,1552.6338076869981,22.425534022675944,0.04459202661241894,0.04459202616506381,geom,0
mixture,0.008000000000000005,768.4622408992542,1542.9244817985084,1552.6338076869984,22.425534068209842,0.04459202518320421,0.04459202608599418,geom,0
mixture,0.005750000000000003,768.4622408992542,1542.9244817985084,1552.6338076869984,22.425534077631564,0.04459202571741751,0.044592026062018696,geom,0
mixture,0.004250000000000002,768.4622408992542,1542.9244817985084,1552.6338076869984,22.425533994540245,0.04459202709675934,0.044592026221540404,geom,0
null,,768.4622408992545,1538.924481798509,1542.160923761339,22.42553476827554,0.04459202468672711,,geom,0
sum,,768.3522467014604,1538.704493402921,1541.9409353657509,33.81211991976956,0.05915038763454234,,geom,0
mixture,0.4,838.9168870062347,1683.8337740124693,1693.8893484128976,16.58653032521965,0.042855142472805405,0.08272711213152048,geom,1
mixture,0.45,838.9639987644996,1683.9279975289992,1693.9835719294274,16.657087396900472,0.0438565038633022,0.08598651795987344,geom,1
mixture,0.5,839.0176353538233,1684.0352707076465,1694.0908451080747,16.822954866695987,0.08858693498229715,0.044727593107926726,geom,1
mixture,0.35000000000000003,839.2058262369837,1684.4116524739675,1694.4672268743957,17.67996433990565,0.09286911816811623,0.046724875200752025,geom,1
mixture,0.3,839.2733049522795,1684.546609904559,1694.6021843049873,18.023722575585378,0.09353415862264731,0.047245141888733744,geom,1
mixture,0.25,839.3414669584947,1684.6829339169894,1694.7385083174177,18.378485812024323,0.09397979247642614,0.047714963837761436,geom,1
mixture,0.2,839.409641425696,1684.819282851392,1694.8748572518202,18.738424710579526,0.09428157060748568,0.04814312171508782,geom,1
mixture,0.15000000000000002,839.4773371800433,1684.9546743600865,1695.0102487605147,19.100512223979756,0.09446569330823429,0.04853638756467984,geom,1
mixture,0.1,839.5442015965643,1685.0884031931287,1695.1439775935569,19.462264209676416,0.09457282799167886,0.0489000795259445,geom,1
mixture,0.05,839.650098999683,1685.300197999366,1695.3557723997942,19.46362448523347,0.19645662509204528,0.049455687117273495,geom,1
mixture,0.010000000000000007,839.6691497312108,1685.3382994624217,1695.39387386285,20.03950953202089,0.1885202094008637,0.04953352225412601,geom,1
mixture,0.009750000000000007,839.6692819639884,1685.3385639279768,1695.394138328405,20.043037592965117,0.18848389397426643,0.049534024923386814,geom,1
mixture,0.009500000000000007,839.66941430169,1685.33882860338,1695.3944030038083,20.046564880825716,0.18844755297839363,0.049534528024521886,geom,1
mixture,0.009250000000000006,839.6695467434349,1685.3390934868698,1695.394667887298,20.050091167094685,0.18841117084153733,0.0495350321311717,geom,1
mixture,0.009000000000000006,839.6696792885979,1685.3393585771958,1695.394932977624,20.053617130729663,0.18837473509963146,0.049535535566485656,geom,1
mixture,0.008750000000000006,839.6698119366165,1685.339623873233,1695.3951982736612,20.05714255151857,0.18833823186025148,0.04953603888105554,geom,1
mixture,0.008500000000000006,839.6699446868159,1685.3398893736319,1695.39546377406,20.06066714984412,0.18830164374450928,0.049536542773091975,geom,1
mixture,0.008250000000000006,839.6700775385411,1685.3401550770823,1695.3957294775105,20.064190906220126,0.18826495191931303,0.049537047296142125,geom,1
mixture,0.008000000000000005,839.6702104854173,1685.3404209708347,1695.3959953712629,20.06771594624331,0.18822803984731082,0.04953754725055508,geom,1
mixture,0.007750000000000005,839.6703435389995,1685.340687077999,1695.3962614784273,20.07123872825692,0.1881910855732993,0.049538051290195326,geom,1
mixture,0.007500000000000005,839.6704766924556,1685.3409533849112,1695.3965277853395,20.074760529009943,0.18815396175923652,0.04953855631909237,geom,1
mixture,0.007250000000000005,839.6706099455116,1685.3412198910232,1695.3967942914514,20.078282036139505,0.18811664614383233,0.04953906063844119,geom,1
mixture,0.0070000000000000045,839.6707432978171,1685.3414865956343,1695.3970609960625,20.081802761983106,0.18807911053211973,0.04953956545707621,geom,1
mixture,0.006750000000000004,839.6708767486197,1685.3417534972393,1695.3973278976675,20.085322619585224,0.18804131492399354,0.049540070996211875,geom,1
mixture,0.006500000000000004,839.6710102979944,1685.3420205959887,1695.397594996417,20.0888422126116,0.18800323119567486,0.04954057576261993,geom,1
mixture,0.006250000000000004,839.671143945468,1685.342287890936,1695.3978622913642,20.092360836335647,0.1879648134346853,0.049541081501666355,geom,1
mixture,0.006000000000000004,839.6712776909271,1685.3425553818543,1695.3981297822825,20.095879271142692,0.18792601777325807,0.04954158628603068,geom,1
mixture,0.005750000000000003,839.6714115342477,1685.3428230684954,1695.3983974689236,20.09939678039695,0.18788679089223007,0.049542091935848014,geom,1
mixture,0.005500000000000003,839.6715454753567,1685.3430909507133,1695.3986653511415,20.102913692887896,0.1878470722030164,0.049542597639128154,geom,1
mixture,0.005250000000000003,839.6716795143977,1685.3433590287955,1695.3989334292237,20.106429898949823,0.18780679471628103,0.04954310366462345,geom,1
mixture,0.005000000000000003,839.6718136515296,1685.3436273030593,1695.3992017034875,20.109945612143054,0.18776587877679415,0.049543609483215977,geom,1
mixture,0.0047500000000000025,839.6719478870743,1685.3438957741487,1695.399470174577,20.11346052047942,0.1877242321156263,0.04954411586107495,geom,1
mixture,0.004500000000000002,839.6720822215409,1685.3441644430818,1695.39973884351,20.11697510500005,0.18768174842829424,0.04954462160620121,geom,1
mixture,0.004250000000000002,839.6722166555724,1685.3444333111447,1695.400007711573,20.120488678111183,0.18763829944752186,0.04954512840770109,geom,1
mixture,0.004000000000000002,839.6723511900789,1685.3447023801577,1695.400276780586,20.124001739876523,0.1875937352288725,0.04954563502307663,geom,1
mixture,0.0037500000000000016,839.6724858262387,1685.3449716524774,1695.4005460529056,20.12751442652962,0.18754787504535983,0.04954614110505273,geom,1
mixture,0.0035000000000000014,839.6726205655141,1685.3452411310282,1695.4008155314564,20.131026222039765,0.1875004969280126,0.04954664791096669,geom,1
mixture,0.003250000000000001,839.6727554098777,1685.3455108197554,1695.4010852201836,20.134537381622962,0.1874513327865433,0.04954715479241445,geom,1
mixture,0.003000000000000001,839.6728903616217,1685.3457807232435,1695.4013551236717,20.138047767425654,0.18740003912235573,0.04954766206651829,geom,1
mixture,0.0027500000000000007,839.6730254239594,1685.3460508479188,1695.401625248347,20.141557316482103,0.18734619307560046,0.049548169856951756,geom,1
mixture,0.0025000000000000005,839.6731606006507,1685.3463212013014,1695.4018956017296,20.14506634555563,0.18728923259295496,0.04954867734739831,geom,1
mixture,0.0022500000000000003,839.6732958966986,1685.3465917933972,1695.4021661938255,20.148574791515365,0.18722842015880067,0.04954918464531763,geom,1
mixture,0.002,839.6734313185813,1685.3468626371625,1695.4024370375907,20.152082305531447,0.18716274918414977,0.049549692546880506,geom,1
null,,839.6745224646057,1681.3490449292115,1684.7009030626875,20.180097002204047,0.049553775677628364,,geom,1
sum,,841.8498478242927,1685.6996956485855,1689.0515537820615,30.72572048352227,0.06509204563885065,,geom,1
mixture,0.008000000000000005,682.6074689904476,1371.2149379808952,1380.5509013459648,22.969880811425135,0.04353527201245997,0.04353527160786379,geom,2
mixture,0.1,682.6074689904476,1371.2149379808952,1380.5509013459648,22.969880679084273,0.04353527471147212,0.04353527154531292,geom,2
mixture,0.5,682.6074689904476,1371.2149379808952,1380.5509013459648,22.969880545021866,0.04353527211601997,0.04353527211601997,geom,2
mixture,0.009750000000000007,682.6074689904477,1371.2149379808955,1380.550901345965,22.969881065212768,0.04353527144901469,0.0435352711269517,geom,2
mixture,0.007500000000000005,682.6074689904478,1371.2149379808957,1380.5509013459653,22.969881252702606,0.043535270908971274,0.04353527077372425,geom,2
mixture,0.006250000000000004,682.6074689904478,1371.2149379808957,1380.5509013459653,22.969881075655568,0.043535270863447245,0.043535271111851896,geom,2
mixture,0.005250000000000003,682.6074689904478,1371.2149379808957,1380.5509013459653,22.969880816271502,0.043535270720539546,0.04353527160656678,geom,2
mixture,0.005500000000000003,682.6074689904478,1371.2149379808957,1380.5509013459653,22.969881143711124,0.04353527037824341,0.043535270984647545,geom,2
mixture,0.15000000000000002,682.6074689904478,1371.2149379808957,1380.5509013459653,22.969880544133407,0.043535274922615,0.043535271622719605,geom,2
mixture,0.45,682.6074689904478,1371.2149379808957,1380.5509013459653,22.96988090888368,0.043535272588945545,0.04353527047519993,geom,2
mixture,0.35000000000000003,682.6074689904478,1371.2149379808957,1380.5509013459653,22.96988098910362,0.04353527352979668,0.04353527005986803,geom,2
mixture,0.2,682.6074689904478,1371.2149379808957,1380.5509013459653,22.969880224879297,0.04353527687609895,0.0435352716844661,geom,2
mixture,0.010000000000000007,682.6074689904478,1371.2149379808957,1380.5509013459653,22.96988096310047,0.043535272156324516,0.043535271315216194,geom,2
mixture,0.05,682.6074689904478,1371.2149379808957,1380.5509013459653,22.969880731332307,0.04353527458539846,0.04353527161434965,geom,2
mixture,0.004500000000000002,682.6074689904478,1371.2149379808957,1380.5509013459653,22.969880850926216,0.04353527159466169,0.043535271535969255,geom,2
mixture,0.004250000000000002,682.6074689904478,1371.2149379808957,1380.5509013459653,22.96988109346911,0.0435352715779419,0.04353527107439695,geom,2
mixture,0.0037500000000000016,682.607468990448,1371.214937980896,1380.5509013459655,22.969880998307293,0.0435352724917117,0.04353527125225111,geom,2
mixture,0.007750000000000005,682.607468990448,1371.214937980896,1380.5509013459655,22.969881005427716,0.0435352704481915,0.043535271249614635,geom,2
mixture,0.008250000000000006,682.607468990448,1371.214937980896,1380.5509013459655,22.969880884291356,0.04353527168766117,0.04353527147121004,geom,2
mixture,0.0070000000000000045,682.607468990448,1371.214937980896,1380.5509013459655,22.969881230531936,0.04353527145872707,0.04353527081223367,geom,2
mixture,0.003000000000000001,682.607468990448,1371.214937980896,1380.5509013459655,22.969881132716942,0.04353527059523825,0.04353527100337422,geom,2
mixture,0.4,682.607468990448,1371.214937980896,1380.5509013459655,22.969880861217163,0.043535272670931505,0.04353527074726025,geom,2
mixture,0.004000000000000002,682.6074689904481,1371.2149379808961,1380.5509013459657,22.96988132108454,0.04353527038254073,0.04353527064618756,geom,2
mixture,0.0027500000000000007,682.6074689904481,1371.2149379808961,1380.5509013459657,22.969881174146547,0.04353527130157329,0.043535270922585245,geom,2
mixture,0.008750000000000006,682.6074689904481,1371.2149379808961,1380.5509013459657,22.969881315201405,0.04353527047148505,0.043535270657914654,geom,2
mixture,0.007250000000000005,682.6074689904481,1371.2149379808961,1380.5509013459657,22.96988123775542,0.04353527116953849,0.043535270800392,geom,2
mixture,0.005750000000000003,682.6074689904481,1371.2149379808961,1380.5509013459657,22.969881076188777,0.04353527218675081,0.04353527110305753,geom,2
mixture,0.005000000000000003,682.6074689904481,1371.2149379808961,1380.5509013459657,22.969881127886325,0.04353527170930557,0.04353527100779784,geom,2
mixture,0.0035000000000000014,682.6074689904481,1371.2149379808961,1380.5509013459657,22.969881252968406,0.04353527021181411,0.043535270776210215,geom,2
mixture,0.0047500000000000025,682.6074689904481,1371.2149379808961,1380.5509013459657,22.96988100387918,0.04353527261512707,0.0435352712398058,geom,2
mixture,0.002,682.6074689904481,1371.2149379808961,1380.5509013459657,22.96988085110439,0.04353527113882763,0.0435352715366914,geom,2
mixture,0.0022500000000000003,682.6074689904481,1371.2149379808961,1380.5509013459657,22.96988083359102,0.043535271802313,0.043535271568563176,geom,2
mixture,0.006000000000000004,682.6074689904481,1371.2149379808961,1380.5509013459657,22.969881099606642,0.04353527195708554,0.04353527105951902,geom,2
mixture,0.25,682.6074689904481,1371.2149379808961,1380.5509013459657,22.969881165780468,0.04353527357818834,0.04353527005991577,geom,2
mixture,0.3,682.6074689904481,1371.2149379808961,1380.5509013459657,22.969881020847446,0.04353527588956389,0.043535269210441915,geom,2
mixture,0.009500000000000007,682.6074689904481,1371.2149379808961,1380.5509013459657,22.969881049061645,0.043535271775003416,0.04353527115481154,geom,2
mixture,0.008500000000000006,682.6074689904481,1371.2149379808961,1380.5509013459657,22.96988110740777,0.04353527197812322,0.04353527104216313,geom,2
mixture,0.006500000000000004,682.6074689904481,1371.2149379808961,1380.5509013459657,22.969880968894007,0.04353527088787442,0.043535271315425755,geom,2
mixture,0.009000000000000006,682.6074689904481,1371.2149379808961,1380.5509013459657,22.969881120416776,0.04353527083644853,0.04353527102717914,geom,2
mixture,0.009250000000000006,682.6074689904481,1371.2149379808961,1380.5509013459657,22.969881207484033,0.04353527121225913,0.043535270857157575,geom,2
mixture,0.003250000000000001,682.6074689904482,1371.2149379808964,1380.550901345966,22.96988131961619,0.04353527012495413,0.043535270649621136,geom,2
mixture,0.0025000000000000005,682.6074689904483,1371.2149379808966,1380.5509013459662,22.969881253831556,0.043535270505855476,0.043535270773267416,geom,2
mixture,0.006750000000000004,682.6074689904483,1371.2149379808966,1380.5509013459662,22.96988116713377,0.04353527099518551,0.04353527093652294,geom,2
null,,682.6074689904491,1367.2149379808982,1370.3269257692548,22.969882501450243,0.04353526840796261,,geom,2
sum,,682.2555534031018,1366.5111068062035,1369.6230945945601,34.55935998964574,0.05787144208108066,,geom,2
mixture,0.4,740.9714931922734,1487.9429863845469,1497.5877936573738,14.747344244361813,0.042292048615008945,0.11343652663497143,geom,3
mixture,0.45,741.0061553216149,1488.0123106432297,1497.6571179160567,15.368067799385559,0.04296188366582085,0.11239016258983345,geom,3
mixture,0.5,741.054962570458,1488.109925140916,1497.7547324137429,15.971214512700147,0.11137749949056763,0.043546506052612136,geom,3
mixture,0.35000000000000003,741.2386484592396,1488.4772969184792,1498.122104191306,17.680951920528234,0.10865672534495383,0.04495221750403148,geom,3
mixture,0.3,741.3041381468394,1488.6082762936787,1498.2530835665057,18.221055128630177,0.10786020060300565,0.04533773593697167,geom,3
mixture,0.25,741.369643904294,1488.739287808588,1498.384095081415,18.74803236792445,0.10711424738832201,0.04569249031271876,geom,3
mixture,0.2,741.4345191583816,1488.8690383167632,1498.5138455895901,19.262910378033563,0.10641307799618478,0.046020804940030656,geom,3
mixture,0.15000000000000002,741.498341209267,1488.996682418534,1498.641489691361,19.766483630092498,0.10575653966903469,0.046326242765878434,geom,3
mixture,0.1,741.5608387107675,1489.121677421535,1498.766484694362,20.25968529068331,0.10513605045969086,0.046611507191028766,geom,3
mixture,0.05,741.6590617207337,1489.3181234414674,1498.9629307142943,20.444627018047747,0.19791514568337323,0.04704835112550845,geom,3
mixture,0.010000000000000007,741.6763328068661,1489.3526656137321,1498.997472886559,21.065371953590777,0.19018811775043412,0.04711415691862112,geom,3
mixture,0.009750000000000007,741.6764538136199,1489.3529076272398,1498.9977149000667,21.069185512926968,0.1901512737529265,0.04711457867161135,geom,3
mixture,0.009500000000000007,741.676574924368,1489.353149848736,1498.9979571215629,21.07299841652315,0.19011433263758193,0.0471150006128402,geom,3
mixture,0.009250000000000006,741.6766961389977,1489.3533922779955,1498.9981995508224,21.076810771793376,0.19007728481267588,0.04711542250190312,geom,3
mixture,0.009000000000000006,741.676817456761,1489.353634913522,1498.998442186349,21.08062241260555,0.19004011015902936,0.047115844716664794,geom,3
mixture,0.008750000000000006,741.6769388769521,1489.3538777539043,1498.9986850267312,21.08443344384255,0.19000278716574187,0.04711626702720425,geom,3
mixture,0.008500000000000006,741.6770603990402,1489.3541207980804,1498.9989280709074,21.0882437382539,0.18996529427344563,0.04711668972226573,geom,3
mixture,0.008250000000000006,741.6771820226794,1489.3543640453588,1498.9991713181857,21.092053483513574,0.18992761051544108,0.04711711238373371,geom,3
mixture,0.008000000000000005,741.6773037471226,1489.354607494245,1498.999414767072,21.095862939610225,0.18988970586711346,0.04711753443524726,geom,3
mixture,0.007750000000000005,741.6774255721336,1489.3548511442673,1498.9996584170942,21.099671279998688,0.18985155391571734,0.04711795772844999,geom,3
mixture,0.007500000000000005,741.6775474972226,1489.3550949944452,1498.999902267272,21.103479495811715,0.18981312218636434,0.04711838004844252,geom,3
mixture,0.007250000000000005,741.6776695221456,1489.3553390442912,1499.0001463171182,21.107286878118693,0.18977437639086864,0.04711880298321803,geom,3
mixture,0.0070000000000000045,741.677791646573,1489.355583293146,1499.000390565973,21.111093668580367,0.1897352767628645,0.047119225994140375,geom,3
mixture,0.006750000000000004,741.6779138700604,1489.3558277401207,1499.0006350129477,21.114899844408185,0.18969577517034716,0.04711964913525714,geom,3
mixture,0.006500000000000004,741.6780361927581,1489.3560723855162,1499.0008796583431,21.118705349336352,0.1896558279151929,0.047120072530608084,geom,3
mixture,0.006250000000000004,741.6781586144482,1489.3563172288964,1499.0011245017233,21.122510157637866,0.18961537672933107,0.0471204962388279,geom,3
mixture,0.006000000000000004,741.6782811350382,1489.3565622700764,1499.0013695429034,21.12631441921873,0.18957435649799761,0.047120919925108154,geom,3
mixture,0.005750000000000003,741.6784037547366,1489.3568075094731,1499.0016147823,21.13011819243547,0.1895326974895423,0.047121343457014374,geom,3
mixture,0.005500000000000003,741.6785264696423,1489.3570529392846,1499.0018602121115,21.133922512665666,0.18949022129138923,0.04712176455363557,geom,3
mixture,0.005250000000000003,741.6786492886368,1489.3572985772737,1499.0021058501006,21.137725220861938,0.18944702815858697,0.047122187964821934,geom,3
mixture,0.005000000000000003,741.678772207808,1489.357544415616,1499.002351688443,21.14152686035127,0.18940290942410506,0.04712261250730928,geom,3
mixture,0.0047500000000000025,741.6788952278031,1489.3577904556062,1499.002597728433,21.145328215699205,0.18935773711783174,0.04712303642392181,geom,3
mixture,0.004500000000000002,741.6790183495402,1489.3580366990805,1499.0028439719074,21.14912876978097,0.18931136128942447,0.0471234608609409,geom,3
mixture,0.004250000000000002,741.6791415741523,1489.3582831483045,1499.0030904211314,21.15292873949959,0.18926360402543624,0.047123885324658346,geom,3
mixture,0.004000000000000002,741.6792649032184,1489.3585298064368,1499.0033370792637,21.156728075475787,0.18921425713982004,0.047124309911994205,geom,3
mixture,0.0037500000000000016,741.679388338519,1489.358776677038,1499.0035839498648,21.160526526847885,0.18916306366730834,0.04712473516732391,geom,3
mixture,0.0035000000000000014,741.6795118824014,1489.3590237648027,1499.0038310376297,21.164324465960235,0.18910971483841352,0.04712516024093346,geom,3
mixture,0.003250000000000001,741.6796355377503,1489.3592710755006,1499.0040783483275,21.16812203794359,0.18905382796096715,0.04712558478586732,geom,3
mixture,0.003000000000000001,741.6797593081965,1489.359518616393,1499.00432588922,21.17191851107625,0.1889949241495302,0.04712601040284206,geom,3
mixture,0.0027500000000000007,741.6798831983056,1489.3597663966111,1499.004573669438,21.17571445128065,0.18893239562448835,0.04712643579342405,geom,3
mixture,0.0025000000000000005,741.6800072138773,1489.3600144277545,1499.0048217005815,21.17950983325695,0.1888654546086117,0.04712686096688399,geom,3
mixture,0.0022500000000000003,741.6801313623336,1489.360262724667,1499.005069997494,21.183304250691258,0.1887930559766768,0.04712728676756062,geom,3
mixture,0.002,741.6802556531908,1489.3605113063816,1499.0053185792085,21.187097834124284,0.18871376776238535,0.04712771282726457,geom,3
null,,741.6812599347588,1485.3625198695177,1488.5774556271267,21.21739378722164,0.047131142025664756,,geom,3
sum,,743.2327047888635,1488.465409577727,1491.6803453353361,32.28200716566567,0.0619540163576678,,geom,3
mixture,0.4,724.4519982484219,1454.9039964968438,1464.466153914366,21.558660326924418,0.04638507302342658,0.046385070429601376,geom,4
mixture,0.5,724.4519982484219,1454.9039964968438,1464.466153914366,21.558660457915327,0.04638507118529468,0.04638507118529468,geom,4
mixture,0.45,724.451998248422,1454.903996496844,1464.4661539143663,21.558660359275358,0.04638507223504424,0.046385070712283746,geom,4
mixture,0.3,724.4519982484221,1454.9039964968442,1464.4661539143665,21.558660672128024,0.04638507399670826,0.046385069321982365,geom,4
mixture,0.35000000000000003,724.4519982484221,1454.9039964968442,1464.4661539143665,21.558660588908786,0.04638507300281899,0.04638506977302438,geom,4
mixture,0.25,724.4519982484221,1454.9039964968442,1464.4661539143665,21.558660392389363,0.04638507461169117,0.04638507023114131,geom,4
mixture,0.2,724.4519982484292,1454.9039964968583,1464.4661539143806,21.558665272967758,0.04638506505940612,0.046385059766837815,geom,4
mixture,0.0022500000000000003,724.4519982484296,1454.9039964968592,1464.4661539143815,21.558652910737553,0.04638508005425314,0.046385087440236554,geom,4
mixture,0.1,724.4519982484296,1454.9039964968592,1464.4661539143815,21.55866551325713,0.04638506405340305,0.04638505989223421,geom,4
mixture,0.15000000000000002,724.4519982484296,1454.9039964968592,1464.4661539143815,21.55866548527318,0.046385064294164016,0.046385059675807104,geom,4
mixture,0.008750000000000006,724.4519982484298,1454.9039964968597,1464.466153914382,21.558652780748382,0.046385090180682965,0.046385087681431264,geom,4
mixture,0.0027500000000000007,724.4519982484298,1454.9039964968597,1464.466153914382,21.55865278336278,0.0463850898253442,0.046385087691807415,geom,4
mixture,0.009500000000000007,724.4519982484298,1454.9039964968597,1464.466153914382,21.558652783970015,0.0463850934699018,0.046385087640993514,geom,4
mixture,0.005750000000000003,724.45199824843,1454.90399649686,1464.4661539143822,21.55865274543843,0.04638509003440242,0.04638508776622978,geom,4
mixture,0.0047500000000000025,724.4519982484301,1454.9039964968601,1464.4661539143824,21.558652689761576,0.04638509586267056,0.04638508786105712,geom,4
mixture,0.008250000000000006,724.4519982484301,1454.9039964968601,1464.4661539143824,21.558652769962002,0.04638508875539648,0.04638508771794849,geom,4
mixture,0.002,724.4519982484301,1454.9039964968601,1464.4661539143824,21.558652725466487,0.04638508884569808,0.04638508782019192,geom,4
mixture,0.008000000000000005,724.4519982484302,1454.9039964968604,1464.4661539143826,21.558652656190084,0.046385090108902766,0.046385087954057644,geom,4
mixture,0.0037500000000000016,724.4519982484302,1454.9039964968604,1464.4661539143826,21.558652706185317,0.04638508752143212,0.046385087865016286,geom,4
mixture,0.004000000000000002,724.4519982484302,1454.9039964968604,1464.4661539143826,21.55865271255592,0.046385092014078644,0.04638508783329789,geom,4
mixture,0.005250000000000003,724.4519982484303,1454.9039964968606,1464.4661539143829,21.558652742594205,0.04638508475404257,0.04638508780138992,geom,4
mixture,0.009000000000000006,724.4519982484303,1454.9039964968606,1464.4661539143829,21.558652700002735,0.04638508406935402,0.04638508791161045,geom,4
mixture,0.05,724.4519982484303,1454.9039964968606,1464.4661539143829,21.55866570941081,0.04638506170395721,0.0463850597906464,geom,4
mixture,0.006250000000000004,724.4519982484303,1454.9039964968606,1464.4661539143829,21.55866578860448,0.04638506063685263,0.04638505971012889,geom,4
mixture,0.007750000000000005,724.4519982484303,1454.9039964968606,1464.4661539143829,21.558652713885905,0.04638508245082209,0.04638508788930771,geom,4
mixture,0.0025000000000000005,724.4519982484303,1454.9039964968606,1464.4661539143829,21.558665837821938,0.04638506025569555,0.046385059608407705,geom,4
mixture,0.003250000000000001,724.4519982484304,1454.9039964968608,1464.466153914383,21.558665782603992,0.04638506030327166,0.04638505972695838,geom,4
mixture,0.006000000000000004,724.4519982484304,1454.9039964968608,1464.466153914383,21.558652670568097,0.04638508520719269,0.046385087956859014,geom,4
mixture,0.007250000000000005,724.4519982484305,1454.903996496861,1464.4661539143833,21.558665870752417,0.04638505941107011,0.046385059540109096,geom,4
mixture,0.009750000000000007,724.4519982484305,1454.903996496861,1464.4661539143833,21.558652627088325,0.046385089224329115,0.046385088022190206,geom,4
mixture,0.006500000000000004,724.4519982484305,1454.903996496861,1464.4661539143833,21.55865258101474,0.04638509089626653,0.04638508811496343,geom,4
mixture,0.005500000000000003,724.4519982484306,1454.9039964968613,1464.4661539143835,21.558665872467518,0.046385059648961204,0.046385059534855826,geom,4
mixture,0.0070000000000000045,724.4519982484306,1454.9039964968613,1464.4661539143835,21.5586659114178,0.04638505983991907,0.046385059448942154,geom,4
mixture,0.003000000000000001,724.4519982484308,1454.9039964968615,1464.4661539143838,21.55865257125592,0.04638508780479332,0.04638508815508964,geom,4
mixture,0.006750000000000004,724.4519982484308,1454.9039964968615,1464.4661539143838,21.558652559923704,0.04638508429190074,0.046385088204833176,geom,4
mixture,0.008500000000000006,724.4519982484308,1454.9039964968615,1464.4661539143838,21.558652471720436,0.04638508288562853,0.0463850884151983,geom,4
mixture,0.005000000000000003,724.4519982484308,1454.9039964968615,1464.4661539143838,21.558652630381147,0.04638508113866114,0.046385088061440205,geom,4
mixture,0.004500000000000002,724.4519982484308,1454.9039964968615,1464.4661539143838,21.55865246306863,0.04638508999185833,0.04638508837955661,geom,4
mixture,0.007500000000000005,724.4519982484308,1454.9039964968615,1464.4661539143838,21.558652513482652,0.046385089156276,0.04638508827170809,geom,4
mixture,0.009250000000000006,724.4519982484309,1454.9039964968617,1464.466153914384,21.558665969328096,0.04638505985246547,0.04638505932217554,geom,4
mixture,0.010000000000000007,724.451998248431,1454.903996496862,1464.4661539143842,21.55866594495772,0.04638505966422001,0.04638505937663958,geom,4
mixture,0.004250000000000002,724.451998248431,1454.903996496862,1464.4661539143842,21.55865246168753,0.046385094300543744,0.046385088364555564,geom,4
mixture,0.0035000000000000014,724.4519982484311,1454.9039964968622,1464.4661539143844,21.558652406291607,0.04638508556628713,0.04638508851930765,geom,4
null,,724.4519982484233,1450.9039964968465,1454.0913823026872,21.55866183675148,0.04638506821862571,,geom,4
sum,,724.8252193454994,1451.6504386909987,1454.8378244968394,32.5890866067443,0.06137023796138246,,geom,4
mixture,0.006000000000000004,729.7166064058354,1465.4332128116707,1475.0287039054683,21.14142039005132,0.18928817175251833,0.04708730733576249,geom,5
mixture,0.005750000000000003,729.7166064245754,1465.4332128491508,1475.0287039429481,21.145206105354696,0.18924390482424447,0.04708777551250364,geom,5
mixture,0.006250000000000004,729.716606449917,1465.433212899834,1475.0287039936316,21.137634477088124,0.18933167236272427,0.04708683830137676,geom,5
mixture,0.005500000000000003,729.7166065062715,1465.433213012543,1475.0287041063407,21.14899087851708,0.1891987797265228,0.047088244487196916,geom,5
mixture,0.006500000000000004,729.7166065566793,1465.4332131133585,1475.028704207156,21.133847754254706,0.18937448278429356,0.04708636978049345,geom,5
mixture,0.005250000000000003,729.7166066510943,1465.4332133021885,1475.028704395986,21.152775121738305,0.18915269135061025,0.047088713334221016,geom,5
mixture,0.006750000000000004,729.7166067260936,1465.4332134521871,1475.0287045459845,21.130060384161926,0.18941667599408735,0.04708590141259831,geom,5
mixture,0.005000000000000003,729.7166068593289,1465.4332137186577,1475.028704812455,21.15655871719063,0.18910552329271577,0.04708918230696366,geom,5
mixture,0.0070000000000000045,729.7166069580915,1465.433213916183,1475.0287050099805,21.12627219106266,0.1894583116523328,0.04708543359354401,geom,5
mixture,0.0047500000000000025,729.7166071313198,1465.4332142626397,1475.028705356437,21.16034153658659,0.18905714027191065,0.047089651680210586,geom,5
mixture,0.007250000000000005,729.7166072527352,1465.4332145054705,1475.028705599268,21.122483743693742,0.18949944994877502,0.047084965053030364,geom,5
mixture,0.004500000000000002,729.7166074674304,1465.4332149348609,1475.0287060286582,21.164123787645764,0.18900737912352383,0.047090120979418615,geom,5
mixture,0.007500000000000005,729.7166076099809,1465.4332152199618,1475.0287063137594,21.11869442640187,0.18954013573998302,0.04708449716856659,geom,5
mixture,0.004250000000000002,729.7166078682174,1465.4332157364347,1475.0287068302323,21.167905300179587,0.1889560582360081,0.047090590566788146,geom,5
mixture,0.007750000000000005,729.716608029905,1465.43321605981,1475.0287071536077,21.114904411170468,0.1895804155943301,0.047084029555571484,geom,5
mixture,0.004000000000000002,729.7166083342745,1465.433216668549,1475.0287077623466,21.171686198349235,0.18890295515145863,0.04709106014767227,geom,5
mixture,0.008000000000000005,729.7166085126321,1465.4332170252642,1475.0287081190618,21.11111411323805,0.18962033323245664,0.04708356128402101,geom,5
mixture,0.0037500000000000016,729.7166088663638,1465.4332177327276,1475.028708826525,21.17546621812895,0.18884780782641616,0.0470915302871534,geom,5
mixture,0.008250000000000006,729.7166090582065,1465.433218116413,1475.0287092102103,21.107322825772094,0.18965992182105237,0.04708309393384637,geom,5
mixture,0.0035000000000000014,729.7166094654219,1465.4332189308439,1475.0287100246414,21.179245756515623,0.18879030231488458,0.04709200007368552,geom,5
mixture,0.008500000000000006,729.7166096667413,1465.4332193334826,1475.0287104272802,21.10353127638447,0.1896992153606029,0.0470826258768483,geom,5
mixture,0.003250000000000001,729.7166101325884,1465.4332202651767,1475.0287113589743,21.18302477157965,0.18873005554978206,0.04709246956754453,geom,5
mixture,0.008750000000000006,729.7166103383623,1465.4332206767247,1475.028711770522,21.09973880990995,0.18973824350490648,0.047082158575870926,geom,5
mixture,0.003000000000000001,729.7166108692618,1465.4332217385236,1475.0287128323212,21.186802564218322,0.18866659513797926,0.04709294028355741,geom,5
mixture,0.009000000000000006,729.7166110732157,1465.4332221464315,1475.028713240229,21.095945812698798,0.18977703449210157,0.04708169116439302,geom,5
mixture,0.0027500000000000007,729.7166116771521,1465.4332233543041,1475.0287144481017,21.19057959329238,0.1885993285847002,0.047093411151029836,geom,5
mixture,0.009250000000000006,729.7166118714457,1465.4332237428914,1475.0287148366888,21.09215186983495,0.18981561267081554,0.047081224568277194,geom,5
mixture,0.0025000000000000005,729.7166125584374,1465.4332251168748,1475.0287162106724,21.194356260643417,0.18852751044108587,0.04709388121384003,geom,5
mixture,0.009500000000000007,729.7166127332324,1465.4332254664648,1475.0287165602622,21.088357859620356,0.18985400275555622,0.04708075681848757,geom,5
mixture,0.0022500000000000003,729.7166135158723,1465.4332270317445,1475.0287181255421,21.19813823401733,0.18845018029861463,0.04709433779482807,geom,5
mixture,0.009750000000000007,729.7166136587255,1465.433227317451,1475.0287184112485,21.084562951988055,0.18989222396363528,0.047080289769932115,geom,5
mixture,0.002,729.7166145527175,1465.433229105435,1475.0287201992323,21.201910483007897,0.18836600300811865,0.04709481421409381,geom,5
mixture,0.010000000000000007,729.7166146479593,1465.4332292959186,1475.028720389716,21.080766623915274,0.18993028864340608,0.047079824594879624,geom,5
mixture,0.35000000000000003,729.716627073003,1465.433254146006,1475.0287452398034,21.23204535525295,0.04709862028138123,0.04709861723923641,geom,5
mixture,0.4,729.7166270730031,1465.4332541460062,1475.0287452398038,21.232045297634002,0.047098619352369225,0.047098617818090556,geom,5
mixture,0.25,729.7166270730033,1465.4332541460067,1475.0287452398043,21.232045439872117,0.047098621308576366,0.04709861705217873,geom,5
mixture,0.45,729.7166270730033,1465.4332541460067,1475.0287452398043,21.232045569697824,0.04709861855461544,0.04709861723402071,geom,5
mixture,0.3,729.7166270730033,1465.4332541460067,1475.0287452398043,21.23204549004266,0.04709862020945994,0.04709861706021118,geom,5
mixture,0.5,729.7166270730036,1465.4332541460071,1475.0287452398047,21.232045620507936,0.04709861771557728,0.04709861771557728,geom,5
mixture,0.05,729.716627073004,1465.433254146008,1475.0287452398056,21.23204195456257,0.04709862319281465,0.04709862598740051,geom,5
mixture,0.1,729.7166270730044,1465.4332541460087,1475.028745239806,21.232041489967624,0.04709862790149654,0.04709862676458167,geom,5
mixture,0.2,729.7166270730045,1465.433254146009,1475.0287452398065,21.232041415052308,0.04709862400275082,0.0470986278048828,geom,5
mixture,0.15000000000000002,729.7166270730047,1465.4332541460094,1475.028745239807,21.23204135875271,0.04709862887166456,0.04709862686893528,geom,5
null,,729.7166270730042,1461.4332541460085,1464.6317511772743,21.23204659073102,0.04709861556335111,,geom,5
sum,,729.8648944315266,1461.7297888630533,1464.928285894319,32.09088082214539,0.062323001075739654,,geom,5
mixture,0.0022500000000000003,606.4335756220644,1218.8671512441288,1227.9189907545735,20.91390702623971,0.047815065365575914,0.047815073440142276,geom,6
mixture,0.003000000000000001,606.4335756220644,1218.8671512441288,1227.9189907545735,20.913906970860435,0.047815060964143154,0.04781507358645404,geom,6
mixture,0.0035000000000000014,606.4335756220644,1218.8671512441288,1227.9189907545735,20.9139071548031,0.04781506421612759,0.04781507315934369,geom,6
mixture,0.005500000000000003,606.4335756220644,1218.8671512441288,1227.9189907545735,20.9139070512791,0.04781507717690318,0.04781507334364449,geom,6
mixture,0.007750000000000005,606.4335756220644,1218.8671512441288,1227.9189907545735,20.91390712163801,0.047815086117245005,0.047815073103006825,geom,6
mixture,0.007500000000000005,606.4335756220644,1218.8671512441288,1227.9189907545735,20.913906917985642,0.04781507079164628,0.04781507369122055,geom,6
mixture,0.006250000000000004,606.4335756220644,1218.8671512441288,1227.9189907545735,20.913907263404553,0.047815087867148824,0.04781507278548862,geom,6
mixture,0.006000000000000004,606.4335756220644,1218.8671512441288,1227.9189907545735,20.913907086812316,0.04781507518970878,0.047815073271982124,geom,6
mixture,0.008500000000000006,606.4335756220644,1218.8671512441288,1227.9189907545735,20.91390699023026,0.0478150723255226,0.04781507351440775,geom,6
mixture,0.009000000000000006,606.4335756220644,1218.8671512441288,1227.9189907545735,20.913907392504203,0.047815068127078274,0.04781507262507283,geom,6
mixture,0.05,606.4335756220644,1218.8671512441288,1227.9189907545735,20.91390687725168,0.047815066169746734,0.04781507416222712,geom,6
mixture,0.009500000000000007,606.4335756220645,1218.867151244129,1227.9189907545738,20.91390713755167,0.047815074641376396,0.04781507315334778,geom,6
mixture,0.0037500000000000016,606.4335756220645,1218.867151244129,1227.9189907545738,20.913907212595333,0.04781507110840685,0.04781507300301792,geom,6
mixture,0.0027500000000000007,606.4335756220645,1218.867151244129,1227.9189907545738,20.91390720590572,0.0478150620340827,0.04781507304147781,geom,6
mixture,0.005250000000000003,606.4335756220645,1218.867151244129,1227.9189907545738,20.91390726850975,0.04781506842099876,0.04781507289154744,geom,6
mixture,0.006500000000000004,606.4335756220645,1218.867151244129,1227.9189907545738,20.91390689875257,0.047815078714190024,0.047815073680728466,geom,6
mixture,0.010000000000000007,606.4335756220645,1218.867151244129,1227.9189907545738,20.91390717833159,0.04781507887678905,0.04781507301563818,geom,6
mixture,0.0025000000000000005,606.4335756220645,1218.867151244129,1227.9189907545738,20.913907244287063,0.04781507381483424,0.0478150729212229,geom,6
mixture,0.005750000000000003,606.4335756220646,1218.8671512441292,1227.918990754574,20.913907300729967,0.047815086568804205,0.0478150727147518,geom,6
mixture,0.005000000000000003,606.4335756220646,1218.8671512441292,1227.918990754574,20.913907230199072,0.047815075668356743,0.04781507294203442,geom,6
mixture,0.004250000000000002,606.4335756220646,1218.8671512441292,1227.918990754574,20.913907069525752,0.047815074850230975,0.04781507331649204,geom,6
mixture,0.004000000000000002,606.4335756220646,1218.8671512441292,1227.918990754574,20.91390710411237,0.047815080727440916,0.04781507321388146,geom,6
mixture,0.004500000000000002,606.4335756220646,1218.8671512441292,1227.918990754574,20.91390704936418,0.047815083307551916,0.04781507332418029,geom,6
mixture,0.0047500000000000025,606.4335756220646,1218.8671512441292,1227.918990754574,20.913907376188774,0.04781507840402862,0.0478150725942963,geom,6
mixture,0.008750000000000006,606.4335756220646,1218.8671512441292,1227.918990754574,20.913907261584086,0.04781506978538688,0.047815072911262475,geom,6
mixture,0.0070000000000000045,606.4335756220646,1218.8671512441292,1227.918990754574,20.91390722290562,0.04781507134018831,0.047815072983846525,geom,6
mixture,0.007250000000000005,606.4335756220646,1218.8671512441292,1227.918990754574,20.913907385944988,0.047815066412472795,0.04781507264477125,geom,6
mixture,0.008000000000000005,606.4335756220646,1218.8671512441292,1227.918990754574,20.913907178026744,0.04781508369629188,0.047815072989290656,geom,6
mixture,0.009250000000000006,606.4335756220646,1218.8671512441292,1227.918990754574,20.913907121922676,0.04781506917245423,0.04781507324084898,geom,6
mixture,0.008250000000000006,606.4335756220646,1218.8671512441292,1227.918990754574,20.913907012142193,0.047815057384200284,0.04781507358788584,geom,6
mixture,0.002,606.4335756220646,1218.8671512441292,1227.918990754574,20.91390741760689,0.04781506097236502,0.04781507255035506,geom,6
mixture,0.003250000000000001,606.4335756220646,1218.8671512441292,1227.918990754574,20.913906993592075,0.04781506916373502,0.04781507351074395,geom,6
mixture,0.4,606.4335756220646,1218.8671512441292,1227.918990754574,20.91390823948491,0.047815068681277294,0.04781507195940673,geom,6
mixture,0.009750000000000007,606.4335756220646,1218.8671512441292,1227.918990754574,20.91390727717108,0.047815080549088555,0.04781507277245262,geom,6
mixture,0.006750000000000004,606.4335756220648,1218.8671512441297,1227.9189907545745,20.91390709930755,0.04781506411549712,0.04781507331703123,geom,6
mixture,0.1,606.4335756220648,1218.8671512441297,1227.9189907545745,20.91390679648889,0.047815070296830256,0.047815074352851664,geom,6
mixture,0.5,606.4335756220648,1218.8671512441297,1227.9189907545745,20.913906304275,0.04781507507258893,0.04781507507258893,geom,6
mixture,0.45,606.4335756220653,1218.8671512441306,1227.9189907545754,20.913909398865954,0.04781506811767992,0.047815067899142305,geom,6
mixture,0.15000000000000002,606.4335756220653,1218.8671512441306,1227.9189907545754,20.913906757365254,0.04781505561626881,0.047815077287362416,geom,6
mixture,0.35000000000000003,606.4335756220655,1218.867151244131,1227.9189907545758,20.913909812500577,0.04781506841453327,0.04781506631801962,geom,6
mixture,0.3,606.4335756220655,1218.867151244131,1227.9189907545758,20.913909682994706,0.04781507022020205,0.047815066116893706,geom,6
mixture,0.2,606.4335756220656,1218.8671512441313,1227.918990754576,20.91390996338715,0.04781506939979744,0.047815066033588594,geom,6
mixture,0.25,606.4335756220659,1218.8671512441317,1227.9189907545765,20.913910011647147,0.047815069493041484,0.04781506563097883,geom,6
null,,606.4335756220653,1214.8671512441306,1217.8844310809454,20.913909449980476,0.04781506788062208,,geom,6
sum,,605.1310489506529,1212.2620979013059,1215.2793777381207,31.325538134678208,0.06384567094749911,,geom,6
mixture,0.4,756.5202340457063,1519.0404680914125,1528.7337939419763,18.103441959631702,0.03986751910805949,0.07434749223423269,geom,7
mixture,0.45,756.659929413366,1519.319858826732,1529.0131846772956,18.37895688494752,0.0407217111960256,0.07505109560283502,geom,7
mixture,0.5,756.7918187832022,1519.5836375664044,1529.276963416968,18.663591624999256,0.07565440278753845,0.04147797321145792,geom,7
mixture,0.35000000000000003,757.147282573028,1520.294565146056,1529.9878909966196,19.55150972763226,0.07699605389916568,0.04331652009969714,geom,7
mixture,0.3,757.2542010063167,1520.5084020126335,1530.2017278631972,19.85350819424334,0.07732501487326265,0.04382181156541798,geom,7
mixture,0.25,757.3560962380955,1520.712192476191,1530.4055183267546,20.156651722416218,0.07760944988137046,0.04428594795670544,geom,7
mixture,0.2,757.4533507889182,1520.9067015778364,1530.6000274284002,20.46023767859078,0.07785484830577573,0.04471433362693549,geom,7
mixture,0.15000000000000002,757.5463072309979,1521.0926144619957,1530.7859403125594,20.763555979224368,0.07807041884247304,0.04511147233377668,geom,7
mixture,0.1,757.6352739161885,1521.270547832377,1530.9638736829406,21.064765983292222,0.07830231347846534,0.04548288149923104,geom,7
mixture,0.05,757.7205275597922,1521.4410551195845,1531.1343809701482,21.368082208979096,0.07840790466313691,0.04582643817855813,geom,7
mixture,0.010000000000000007,757.8014490210765,1521.602898042153,1531.2962238927166,21.512077659839115,0.1907528395788285,0.046133083468920116,geom,7
mixture,0.009750000000000007,757.8014685074493,1521.6029370148985,1531.2962628654623,21.51599983627936,0.19071594656998436,0.04613350519020471,geom,7
mixture,0.009500000000000007,757.8014881040682,1521.6029762081364,1531.2963020587001,21.519921412227962,0.19067891399904355,0.04613392699344704,geom,7
mixture,0.009250000000000006,757.801507810342,1521.603015620684,1531.2963414712476,21.523842111693316,0.19064171831232335,0.046134349477648634,geom,7
mixture,0.009000000000000006,757.8015276262456,1521.6030552524912,1531.296381103055,21.527762521111462,0.19060434534728696,0.046134771382595634,geom,7
mixture,0.008750000000000006,757.8015475512245,1521.603095102449,1531.2964209530128,21.53168242174441,0.19056676780431,0.04613519318411868,geom,7
mixture,0.008500000000000006,757.8015675849153,1521.6031351698307,1531.2964610203944,21.535601332788588,0.19052895894408478,0.046135615918304715,geom,7
mixture,0.008250000000000006,757.801587727129,1521.603175454258,1531.2965013048217,21.53952007273111,0.19049089384609233,0.046136037829219934,geom,7
mixture,0.008000000000000005,757.8016079772702,1521.6032159545405,1531.2965418051042,21.543438104142634,0.19045253412204274,0.046136460076917955,geom,7
mixture,0.007750000000000005,757.8016283354301,1521.6032566708602,1531.296582521424,21.547355519875428,0.1904138527830937,0.046136882460777885,geom,7
mixture,0.007500000000000005,757.8016488011385,1521.603297602277,1531.2966234528408,21.551272217281696,0.19037480582690794,0.04613730520561642,geom,7
mixture,0.007250000000000005,757.8016693743862,1521.6033387487723,1531.296664599336,21.555188254865495,0.19033535462311327,0.04613772818559339,geom,7
mixture,0.0070000000000000045,757.8016900549167,1521.6033801098333,1531.296705960397,21.55910417585415,0.19029544920010913,0.04613815023828323,geom,7
mixture,0.006750000000000004,757.8017108425768,1521.6034216851535,1531.2967475357173,21.563018938096917,0.1902550334369684,0.046138573599688926,geom,7
mixture,0.006500000000000004,757.8017317374034,1521.6034634748069,1531.2967893253706,21.56693364268295,0.19021404980146647,0.04613899590855871,geom,7
mixture,0.006250000000000004,757.8017527393899,1521.6035054787799,1531.2968313293436,21.570847257127422,0.19017242829211337,0.046139419377671964,geom,7
mixture,0.006000000000000004,757.8017738463523,1521.6035476927045,1531.2968735432682,21.574761470122333,0.19013002607593965,0.04613984041145201,geom,7
mixture,0.005750000000000003,757.8017950631338,1521.6035901262676,1531.2969159768313,21.5786742512036,0.19008688676211585,0.04614026330931957,geom,7
mixture,0.005500000000000003,757.801816387605,1521.60363277521,1531.2969586257736,21.58258639648428,0.19004284181973538,0.046140686387388746,geom,7
mixture,0.005250000000000003,757.8018378202116,1521.6036756404233,1531.297001490987,21.58649758339078,0.18999777581339242,0.04614111033113006,geom,7
mixture,0.005000000000000003,757.8018593612555,1521.603718722511,1531.2970445730748,21.590408708941546,0.18995154630277375,0.04614153321692994,geom,7
mixture,0.0047500000000000025,757.8018810115874,1521.6037620231748,1531.2970878737385,21.594318729401383,0.1899039992427309,0.04614195726953491,geom,7
mixture,0.004500000000000002,757.8019027719229,1521.6038055438457,1531.2971313944095,21.59822846627005,0.18985494302454103,0.04614238072324979,geom,7
mixture,0.004250000000000002,757.8019246434058,1521.6038492868115,1531.2971751373752,21.60213748813594,0.189804157307745,0.04614280448893574,geom,7
mixture,0.004000000000000002,757.8019466273292,1521.6038932546585,1531.2972191052222,21.6060458904875,0.1897513737390791,0.04614322834854784,geom,7
mixture,0.0037500000000000016,757.801968725366,1521.603937450732,1531.2972633012957,21.60995386275379,0.18969627028203886,0.04614365187949059,geom,7
mixture,0.0035000000000000014,757.8019909395936,1521.6039818791871,1531.2973077297509,21.61386089482647,0.18963845232342175,0.04614407615026135,geom,7
mixture,0.003250000000000001,757.802013272573,1521.604026545146,1531.2973523957098,21.617767384517666,0.18957743085446285,0.04614450028359321,geom,7
mixture,0.003000000000000001,757.8020357276023,1521.6040714552046,1531.2973973057683,21.62167321760431,0.18951259599432682,0.046144924489105475,geom,7
mixture,0.0027500000000000007,757.8020583087516,1521.6041166175032,1531.297442468067,21.62557832883337,0.1894431651673725,0.046145348863628366,geom,7
mixture,0.0025000000000000005,757.802081021311,1521.604162042622,1531.2974878931857,21.629482914527657,0.1893681276906239,0.04614577293286168,geom,7
mixture,0.0022500000000000003,757.8021038720233,1521.6042077440466,1531.2975335946103,21.63338650805982,0.18928613526414131,0.04614619762290808,geom,7
mixture,0.002,757.8021268698502,1521.6042537397004,1531.2975795902641,21.637289227963116,0.1891953582126425,0.04614662258742709,geom,7
null,,757.8023207734715,1517.604641546943,1520.8357501637975,21.668451776838314,0.046150043865566474,,geom,7
sum,,760.4109306841601,1522.8218613683202,1526.0529699851747,33.03099096710018,0.06054919763055422,,geom,7
mixture,0.002,688.9530845541906,1383.9061691083812,1393.3660438918746,20.236995568680587,0.049414453578860124,0.049414449711651376,geom,8
mixture,0.5,688.9530845541906,1383.9061691083812,1393.3660438918746,20.236994775400117,0.04941445165640848,0.04941445165640848,geom,8
mixture,0.45,688.9530845541906,1383.9061691083812,1393.3660438918746,20.23699491694005,0.04941444486407547,0.049414456585390364,geom,8
mixture,0.009750000000000007,688.9530845541908,1383.9061691083816,1393.366043891875,20.236995701997643,0.04941445516766044,0.049414449337004944,geom,8
mixture,0.008750000000000006,688.9530845541908,1383.9061691083816,1393.366043891875,20.236995648931536,0.049414454693463186,0.04941444947779289,geom,8
mixture,0.25,688.9530845541908,1383.9061691083816,1393.366043891875,20.236995628956535,0.04941445318238562,0.0494144483688112,geom,8
mixture,0.006250000000000004,688.9530845541909,1383.9061691083818,1393.3660438918753,20.23699549977419,0.04941443767729431,0.04941444996443526,geom,8
mixture,0.0035000000000000014,688.9530845541909,1383.9061691083818,1393.3660438918753,20.23699557725896,0.04941444265488713,0.04941444972317825,geom,8
mixture,0.0070000000000000045,688.953084554191,1383.906169108382,1393.3660438918755,20.236995611163067,0.04941445353621698,0.049414449588015184,geom,8
mixture,0.006750000000000004,688.953084554191,1383.906169108382,1393.3660438918755,20.236995839424846,0.04941446002554088,0.04941444898375371,geom,8
mixture,0.009500000000000007,688.953084554191,1383.906169108382,1393.3660438918755,20.236995754155952,0.04941444772898218,0.04941444928124077,geom,8
mixture,0.007500000000000005,688.953084554191,1383.906169108382,1393.3660438918755,20.23699556909566,0.04941444585454776,0.04941444974756994,geom,8
mixture,0.006500000000000004,688.953084554191,1383.906169108382,1393.3660438918755,20.236995520667747,0.049414445380436975,0.04941444986577768,geom,8
mixture,0.005000000000000003,688.953084554191,1383.906169108382,1393.3660438918755,20.236995794320485,0.0494144478114073,0.049414449175240203,geom,8
mixture,0.0037500000000000016,688.953084554191,1383.906169108382,1393.3660438918755,20.236995798954784,0.04941444858009661,0.049414449159276994,geom,8
mixture,0.0027500000000000007,688.953084554191,1383.906169108382,1393.3660438918755,20.236995766981003,0.04941444420460482,0.04941444924905048,geom,8
mixture,0.008250000000000006,688.953084554191,1383.906169108382,1393.3660438918755,20.236995917678453,0.04941444158111477,0.04941444892781737,geom,8
mixture,0.1,688.953084554191,1383.906169108382,1393.3660438918755,20.236995380420797,0.04941444499747877,0.04941445075480939,geom,8
mixture,0.2,688.953084554191,1383.906169108382,1393.3660438918755,20.236995774866067,0.04941445252116256,0.049414448389615194,geom,8
mixture,0.15000000000000002,688.953084554191,1383.906169108382,1393.3660438918755,20.236995891214193,0.049414453033217266,0.04941444820805252,geom,8
mixture,0.010000000000000007,688.953084554191,1383.906169108382,1393.3660438918755,20.23699560239461,0.04941445613447059,0.049414449571432935,geom,8
mixture,0.005750000000000003,688.953084554191,1383.906169108382,1393.3660438918755,20.236996090369544,0.04941444883203288,0.04941444844329684,geom,8
mixture,0.35000000000000003,688.953084554191,1383.906169108382,1393.3660438918755,20.236995598904638,0.049414452502087404,0.04941444810746857,geom,8
mixture,0.4,688.953084554191,1383.906169108382,1393.3660438918755,20.236995616607835,0.049414451683318504,0.049414448215050456,geom,8
mixture,0.05,688.953084554191,1383.906169108382,1393.3660438918755,20.23699562811712,0.04941445311206111,0.049414449388054046,geom,8
mixture,0.004250000000000002,688.953084554191,1383.906169108382,1393.3660438918755,20.236995668084663,0.04941445333254955,0.049414449460204665,geom,8
mixture,0.0047500000000000025,688.953084554191,1383.906169108382,1393.3660438918755,20.236995588105657,0.049414446436137946,0.04941444968739738,geom,8
mixture,0.008000000000000005,688.9530845541912,1383.9061691083823,1393.3660438918757,20.236995814559414,0.049414455884851355,0.04941444906443858,geom,8
mixture,0.003250000000000001,688.9530845541912,1383.9061691083823,1393.3660438918757,20.236995743099914,0.049414452313527195,0.04941444928364369,geom,8
mixture,0.005500000000000003,688.9530845541912,1383.9061691083823,1393.3660438918757,20.236995968356325,0.04941445713418265,0.04941444869705828,geom,8
mixture,0.007750000000000005,688.9530845541912,1383.9061691083823,1393.3660438918757,20.236995552565634,0.04941444015628916,0.04941444983373531,geom,8
mixture,0.005250000000000003,688.9530845541912,1383.9061691083823,1393.3660438918757,20.23699559319963,0.04941444797003228,0.049414449668432094,geom,8
mixture,0.3,688.9530845541912,1383.9061691083823,1393.3660438918757,20.236995459796546,0.04941445432580501,0.04941444812502311,geom,8
mixture,0.004000000000000002,688.9530845541912,1383.9061691083823,1393.3660438918757,20.236996072224166,0.049414437161321115,0.04941444853533531,geom,8
mixture,0.009000000000000006,688.9530845541913,1383.9061691083825,1393.366043891876,20.236995882627987,0.04941444679867258,0.049414448972356015,geom,8
mixture,0.007250000000000005,688.9530845541913,1383.9061691083825,1393.366043891876,20.236995872724954,0.04941443727939529,0.04941444906240078,geom,8
mixture,0.006000000000000004,688.9530845541913,1383.9061691083825,1393.366043891876,20.236995986485656,0.04941445100585064,0.049414448685271,geom,8
mixture,0.0025000000000000005,688.9530845541913,1383.9061691083825,1393.366043891876,20.236995664457613,0.04941445079748728,0.04941444948223048,geom,8
mixture,0.0022500000000000003,688.9530845541913,1383.9061691083825,1393.366043891876,20.236995943526026,0.04941443802688431,0.04941444882839618,geom,8
mixture,0.004500000000000002,688.9530845541913,1383.9061691083825,1393.366043891876,20.236995763450583,0.049414454739665194,0.04941444921895561,geom,8
mixture,0.003000000000000001,688.9530845541913,1383.9061691083825,1393.366043891876,20.23699594853631,0.049414451921521725,0.04941444878244148,geom,8
mixture,0.009250000000000006,688.9530845541913,1383.9061691083825,1393.366043891876,20.236995900883972,0.04941445189146867,0.04941444888036289,geom,8
mixture,0.008500000000000006,688.9530845541913,1383.9061691083825,1393.366043891876,20.236995830801767,0.04941445492054717,0.04941444902926561,geom,8
null,,688.9530845541914,1379.9061691083828,1383.0594607028806,20.23699618449519,0.04941444821569723,,geom,8
sum,,689.186634824214,1380.373269648428,1383.526561242926,30.603397777545325,0.06535222051283021,,geom,8
mixture,0.4,726.564498461903,1459.128996923806,1468.6743475746823,12.533104821584216,0.042629238092751924,0.19048383710446562,geom,9
mixture,0.45,726.5984751895145,1459.196950379029,1468.7423010299053,13.502119297243617,0.04286366882343833,0.18310640861140956,geom,9
mixture,0.5,726.6378171617774,1459.2756343235549,1468.8209849744312,14.431409576722857,0.17694215505344463,0.0430825482909234,geom,9
mixture,0.35000000000000003,726.7670890728123,1459.5341781456245,1469.0795287965009,17.03062187916273,0.16317530225871707,0.043666099770846845,geom,9
mixture,0.3,726.8104527336461,1459.6209054672922,1469.1662561181686,17.846195665325702,0.15965978026585373,0.04383987113437886,geom,9
mixture,0.15000000000000002,726.8373043046421,1459.6746086092842,1469.2199592601605,6.631662430506118,0.04132659861070011,0.2831409133131308,geom,9
mixture,0.25,726.8530986497897,1459.7061972995793,1469.2515479504557,18.64077148834865,0.15652249056454695,0.04400489891287263,geom,9
mixture,0.2,726.8947893892791,1459.7895787785583,1469.3349294294346,19.416437520906953,0.1536939492970423,0.04416193046999196,geom,9
mixture,0.1,726.9828326053096,1459.9656652106191,1469.5110158614955,20.731300162538865,0.1880198010371213,0.04455568781444584,geom,9
mixture,0.05,727.0192280373406,1460.038456074681,1469.5838067255575,21.527581089956026,0.1987627243489481,0.04465119804537289,geom,9
mixture,0.010000000000000007,727.043757230849,1460.087514461698,1469.6328651125743,22.19549522758268,0.1913809556550151,0.044708897473556594,geom,9
mixture,0.009750000000000007,727.0439135818057,1460.0878271636113,1469.6331778144877,22.199609869656747,0.19134301343940746,0.044709262621474496,geom,9
mixture,0.009500000000000007,727.0440699457481,1460.0881398914962,1469.6334905423726,22.20372426837881,0.1913048657144029,0.044709627152168446,geom,9
mixture,0.009250000000000006,727.0442263213141,1460.0884526426282,1469.6338032935046,22.2078384429462,0.19126645271636558,0.04470999104884629,geom,9
mixture,0.009000000000000006,727.0443827107522,1460.0887654215044,1469.6341160723807,22.211951268590163,0.19122782443356712,0.04471035654455839,geom,9
mixture,0.008750000000000006,727.044539112733,1460.089078225466,1469.6344288763423,22.21606358549052,0.1911889187581045,0.04471072196436191,geom,9
mixture,0.008500000000000006,727.0446955270454,1460.0893910540908,1469.6347417049672,22.22017536329064,0.1911497038898891,0.04471108737247859,geom,9
mixture,0.008250000000000006,727.0448519536519,1460.0897039073038,1469.6350545581802,22.224286518947427,0.19111015034456444,0.044711452936469255,geom,9
mixture,0.008000000000000005,727.0450083924829,1460.0900167849659,1469.6353674358422,22.228396914436374,0.19107022366755483,0.04471181893510888,geom,9
mixture,0.007750000000000005,727.0451648434547,1460.0903296869094,1469.6356803377857,22.232506813440178,0.19102988482692118,0.04471218483761241,geom,9
mixture,0.007500000000000005,727.0453213065573,1460.0906426131146,1469.635993263991,22.23661612746589,0.1909890921049887,0.04471255082205027,geom,9
mixture,0.007250000000000005,727.0454777818081,1460.0909555636163,1469.6363062144926,22.2407248063676,0.1909477991774073,0.044712916988643506,geom,9
mixture,0.0070000000000000045,727.0456342692657,1460.0912685385315,1469.6366191894078,22.244832596953714,0.19090595469556237,0.04471328384571148,geom,9
mixture,0.006750000000000004,727.0457907689789,1460.0915815379578,1469.6369321888342,22.2489401734358,0.19086350004714248,0.04471365003420152,geom,9
mixture,0.006500000000000004,727.0459472811425,1460.091894562285,1469.6372452131613,22.253047256618792,0.19082037327533125,0.04471401611296288,geom,9
mixture,0.006250000000000004,727.0461038059441,1460.0922076118882,1469.6375582627645,22.25715363037382,0.1907765023354634,0.04471438251349298,geom,9
mixture,0.006000000000000004,727.0462603435703,1460.0925206871407,1469.637871338017,22.26125907633243,0.19073180312727792,0.04471474967140489,geom,9
mixture,0.005750000000000003,727.0464168944161,1460.0928337888322,1469.6381844397085,22.26536425463502,0.19068618825655728,0.04471511625161449,geom,9
mixture,0.005500000000000003,727.0465734587524,1460.0931469175048,1469.6384975683811,22.269468718106253,0.1906395468992254,0.04471548314887703,geom,9
mixture,0.005250000000000003,727.0467300371797,1460.0934600743594,1469.6388107252358,22.273572611360915,0.19059176606814246,0.044715850062071266,geom,9
mixture,0.005000000000000003,727.0468866302385,1460.093773260477,1469.6391239113534,22.277675820140484,0.19054270639176302,0.044716217211628564,geom,9
mixture,0.0047500000000000025,727.0470432385694,1460.0940864771387,1469.639437128015,22.2817780727238,0.1904922053229325,0.04471658513250958,geom,9
mixture,0.004500000000000002,727.0471998630808,1460.0943997261616,1469.639750377038,22.28588024043529,0.19044008254566452,0.04471695205862268,geom,9
mixture,0.004250000000000002,727.0473565046942,1460.0947130093884,1469.6400636602648,22.28998150212762,0.1903861148921856,0.044717319624400204,geom,9
mixture,0.004000000000000002,727.0475131646726,1460.0950263293453,1469.6403769802216,22.294082172684327,0.1903300494058832,0.044717687176158136,geom,9
mixture,0.0037500000000000016,727.0476698443736,1460.0953396887471,1469.6406903396235,22.298182064407808,0.19027157273573042,0.04471805506813963,geom,9
mixture,0.0035000000000000014,727.0478265455478,1460.0956530910955,1469.6410037419719,22.30228123534091,0.19021031537756594,0.04471842315462184,geom,9
mixture,0.003250000000000001,727.0479832702241,1460.0959665404482,1469.6413171913246,22.30637958845221,0.1901458191482645,0.04471879159661065,geom,9
mixture,0.003000000000000001,727.0481400208837,1460.0962800417674,1469.6416306926437,22.31047753480986,0.19007751802711698,0.04471915952830541,geom,9
mixture,0.0027500000000000007,727.0482968005451,1460.0965936010903,1469.6419442519666,22.31457424970403,0.19000469685665203,0.04471952855419586,geom,9
mixture,0.0025000000000000005,727.0484536129599,1460.0969072259197,1469.642257876796,22.318670639401414,0.18992644235319045,0.04471989679461055,geom,9
mixture,0.0022500000000000003,727.0486104627703,1460.0972209255406,1469.642571576417,22.3227658612652,0.18984155079771575,0.044720265862661555,geom,9
mixture,0.002,727.0487673558844,1460.0975347117687,1469.642885362645,22.326859948494153,0.18974840449671998,0.04472063559384842,geom,9
null,,727.0500265664544,1456.100053132909,1459.281836683201,22.35955333633625,0.04472361254081546,,geom,9
sum,,727.4887786140617,1456.9775572281235,1460.1593407784155,33.86558189243501,0.059057009749676426,,geom,9
mixture,0.45,678.5427104811306,1363.0854209622612,1372.510411631769,11.738647413054547,0.04831751453004506,0.22678032849777857,geom,10
mixture,0.5,678.5543431569713,1363.1086863139426,1372.5336769834505,12.584449930860414,0.21930508022528414,0.04852239135072738,geom,10
mixture,0.4,678.5900220824874,1363.1800441649748,1372.6050348344827,14.200064030076136,0.2073663654536239,0.048895328626471016,geom,10
mixture,0.35000000000000003,678.6111489674879,1363.2222979349758,1372.6472886044837,14.976268658376819,0.20248250716141777,0.04906503082260533,geom,10
mixture,0.3,678.6333158376406,1363.2666316752811,1372.691622344789,15.734610761327636,0.19809086596537878,0.04922590762710898,geom,10
mixture,0.25,678.6560049847801,1363.3120099695602,1372.7370006390681,16.47548052222365,0.19424703957921202,0.04937959600448675,geom,10
mixture,0.2,678.6788634301187,1363.3577268602373,1372.7827175297452,17.203343475587033,0.1905859205490077,0.04952349724596038,geom,10
mixture,0.15000000000000002,678.7018435171663,1363.4036870343325,1372.8286777038404,17.948443368535408,0.18183635126504763,0.049639309667952325,geom,10
mixture,0.1,678.7242170837815,1363.448434167563,1372.8734248370708,18.608669472517484,0.18641285963220522,0.04980017460053617,geom,10
mixture,0.05,678.7464028982188,1363.4928057964376,1372.9177964659455,19.305066451954556,0.18161552239818216,0.049921807767971,geom,10
mixture,0.010000000000000007,678.7638910010214,1363.5277820020428,1372.9527726715507,19.844410938937745,0.18820095369983122,0.050022039393772776,geom,10
mixture,0.009750000000000007,678.7639983841575,1363.527996768315,1372.952987437823,19.84787568297765,0.18816421845326922,0.05002258216459866,geom,10
mixture,0.009500000000000007,678.7641057633994,1363.5282115267987,1372.9532021963066,19.85133970701468,0.18812746421797735,0.050023125204426686,geom,10
mixture,0.009250000000000006,678.7642131386485,1363.528426277297,1372.953416946805,19.854803100193923,0.18809067746603908,0.05002366829509286,geom,10
mixture,0.009000000000000006,678.7643205098311,1363.5286410196622,1372.9536316891702,19.85826581276635,0.18805384732980507,0.05002421156669891,geom,10
mixture,0.008750000000000006,678.7644278768578,1363.5288557537156,1372.9538464232235,19.86172780850519,0.18801695874324864,0.05002475511694388,geom,10
mixture,0.008500000000000006,678.7645352399986,1363.5290704799972,1372.9540611495052,19.865189188881466,0.1879800648183365,0.05002529865343125,geom,10
mixture,0.008250000000000006,678.764642598426,1363.529285196852,1372.95427586636,19.868649933317347,0.18794300499113442,0.05002584232168462,geom,10
mixture,0.008000000000000005,678.7647499524342,1363.5294999048683,1372.9544905743762,19.872110109472942,0.1879058300862567,0.05002638591233025,geom,10
mixture,0.007750000000000005,678.7648573019799,1363.5297146039597,1372.9547052734677,19.875569488853394,0.18786852526178713,0.050026930003101745,geom,10
mixture,0.007500000000000005,678.7649646469562,1363.5299292939123,1372.9549199634203,19.879027955547443,0.18783105987860452,0.050027474894713694,geom,10
mixture,0.007250000000000005,678.7650719873195,1363.530143974639,1372.955134644147,19.882485944086937,0.18779341382463557,0.05002801949226134,geom,10
mixture,0.0070000000000000045,678.76517932299,1363.53035864598,1372.9553493154879,19.885943604210784,0.1877555549219298,0.050028563424272005,geom,10
mixture,0.006750000000000004,678.7652866539077,1363.5305733078153,1372.9555639773232,19.889400269562948,0.1877174504862518,0.05002910837406337,geom,10
mixture,0.006500000000000004,678.7653939800242,1363.5307879600484,1372.9557786295563,19.892856393645644,0.1876790668907353,0.05002965320020759,geom,10
mixture,0.006250000000000004,678.7655013012811,1363.5310026025622,1372.9559932720701,19.896311628927766,0.18764036130944128,0.0500301987816513,geom,10
mixture,0.006000000000000004,678.765608617631,1363.531217235262,1372.9562079047698,19.89976634490983,0.18760128741475318,0.0500307441893626,geom,10
mixture,0.005750000000000003,678.7657159290482,1363.5314318580963,1372.9564225276042,19.903220751673977,0.18756179716986152,0.05003128889390948,geom,10
mixture,0.005500000000000003,678.7658232354784,1363.5316464709567,1372.9566371404646,19.90667418707787,0.1875218241241702,0.050031834565572385,geom,10
mixture,0.005250000000000003,678.7659305369227,1363.5318610738454,1372.9568517433534,19.910127054492087,0.18748130753393272,0.050032380184894476,geom,10
mixture,0.005000000000000003,678.7660378333501,1363.5320756667002,1372.957066336208,19.91357929654387,0.18744016368929783,0.05003292589639748,geom,10
mixture,0.0047500000000000025,678.7661451247608,1363.5322902495216,1372.9572809190295,19.917030825316946,0.1873983021918031,0.050033471917582104,geom,10
mixture,0.004500000000000002,678.7662524111764,1363.5325048223528,1372.9574954918608,19.920481686945575,0.1873556206282661,0.050034018126047596,geom,10
mixture,0.004250000000000002,678.7663596926118,1363.5327193852236,1372.9577100547315,19.923931640255436,0.18731198959197745,0.05003456512271928,geom,10
mixture,0.004000000000000002,678.7664669691108,1363.5329339382215,1372.9579246077294,19.92738119939479,0.18726726079757436,0.050035111605555675,geom,10
mixture,0.0037500000000000016,678.7665742407485,1363.533148481497,1372.9581391510048,19.93083021163555,0.18722125979023638,0.05003565794596266,geom,10
mixture,0.0035000000000000014,678.7666815076122,1363.5333630152245,1372.9583536847324,19.934278582442403,0.18717376917502612,0.05003620436705957,geom,10
mixture,0.003250000000000001,678.7667887698294,1363.5335775396588,1372.9585682091667,19.937726133658614,0.18712452609308855,0.05003675129680088,geom,10
mixture,0.003000000000000001,678.7668960275664,1363.5337920551328,1372.9587827246407,19.94117295262882,0.18707320362103702,0.05003729849091982,geom,10
mixture,0.0027500000000000007,678.7670032810429,1363.5340065620858,1372.9589972315937,19.944619021021484,0.18701939111851204,0.050037845963732834,geom,10
mixture,0.0025000000000000005,678.7671105305417,1363.5342210610834,1372.9592117305913,19.94806441782424,0.18696255886225494,0.05003839347712486,geom,10
mixture,0.0022500000000000003,678.767217776435,1363.53443555287,1372.959426222378,19.951509034970307,0.18690201469639212,0.05003894125078604,geom,10
mixture,0.002,678.767325019218,1363.534650038436,1372.959640707944,19.954952630943133,0.18683683218413893,0.05003948982290942,geom,10
null,,678.7681830660528,1359.5363661321055,1362.6780296886081,19.98245814805853,0.05004389312819148,,geom,10
sum,,678.9701690013267,1359.9403380026533,1363.082001559156,30.245334241067273,0.06612590173608958,,geom,10
mixture,0.0022500000000000003,682.9270257726075,1371.854051545215,1381.279042214723,20.461989348651326,0.0488711088382754,0.04887110352353024,geom,11
mixture,0.0025000000000000005,682.9270257726075,1371.854051545215,1381.279042214723,20.46198956643686,0.04887109747021606,0.048871103029230305,geom,11
mixture,0.0027500000000000007,682.9270257726075,1371.854051545215,1381.279042214723,20.461989410024607,0.04887109907784346,0.04887110340079351,geom,11
mixture,0.0035000000000000014,682.9270257726075,1371.854051545215,1381.279042214723,20.46198964370517,0.048871099441458635,0.04887110284269063,geom,11
mixture,0.004250000000000002,682.9270257726075,1371.854051545215,1381.279042214723,20.461989478910922,0.048871106701948386,0.048871103209535624,geom,11
mixture,0.008250000000000006,682.9270257726075,1371.854051545215,1381.279042214723,20.461989311744254,0.04887109477619954,0.04887110369723526,geom,11
mixture,0.008000000000000005,682.9270257726075,1371.854051545215,1381.279042214723,20.461989617684726,0.04887110265327137,0.0488711028948659,geom,11
mixture,0.006250000000000004,682.9270257726075,1371.854051545215,1381.279042214723,20.461989314028415,0.04887110097151265,0.04887110363482697,geom,11
mixture,0.5,682.9270257726075,1371.854051545215,1381.279042214723,20.46198868349761,0.04887110512413146,0.04887110512413146,geom,11
mixture,0.007750000000000005,682.9270257726076,1371.8540515452153,1381.2790422147232,20.461989353491127,0.048871103342582996,0.04887110352534551,geom,11
mixture,0.004500000000000002,682.9270257726076,1371.8540515452153,1381.2790422147232,20.461989440040018,0.048871110701399656,0.048871103283838035,geom,11
mixture,0.003000000000000001,682.9270257726076,1371.8540515452153,1381.2790422147232,20.461989275780137,0.04887110351095437,0.04887110371013037,geom,11
mixture,0.005750000000000003,682.9270257726076,1371.8540515452153,1381.2790422147232,20.461989447866944,0.04887109871241608,0.04887110332504596,geom,11
mixture,0.0037500000000000016,682.9270257726077,1371.8540515452155,1381.2790422147234,20.461989593671056,0.04887110540321513,0.048871102941053915,geom,11
mixture,0.002,682.9270257726077,1371.8540515452155,1381.2790422147234,20.46198943764018,0.04887110210034559,0.04887110332539889,geom,11
mixture,0.003250000000000001,682.9270257726077,1371.8540515452155,1381.2790422147234,20.461989379004994,0.04887110367255157,0.04887110346230889,geom,11
mixture,0.009000000000000006,682.9270257726077,1371.8540515452155,1381.2790422147234,20.46198949391375,0.04887110088885979,0.04887110320943099,geom,11
mixture,0.009500000000000007,682.9270257726077,1371.8540515452155,1381.2790422147234,20.461989383754272,0.04887110212817161,0.0488711034643427,geom,11
mixture,0.005000000000000003,682.9270257726077,1371.8540515452155,1381.2790422147234,20.46198961090194,0.04887110193630819,0.04887110291402161,geom,11
mixture,0.0047500000000000025,682.9270257726077,1371.8540515452155,1381.2790422147234,20.461989363678025,0.04887109819200802,0.04887110352493025,geom,11
mixture,0.007500000000000005,682.9270257726077,1371.8540515452155,1381.2790422147234,20.46198942665193,0.04887109724665338,0.04887110339530787,geom,11
mixture,0.008500000000000006,682.9270257726077,1371.8540515452155,1381.2790422147234,20.461989685684255,0.04887109845442954,0.04887110276718252,geom,11
mixture,0.006750000000000004,682.9270257726077,1371.8540515452155,1381.2790422147234,20.461989635502803,0.0488711100343617,0.04887110280155529,geom,11
mixture,0.006500000000000004,682.9270257726077,1371.8540515452155,1381.2790422147234,20.461989610386638,0.0488711006584032,0.048871102925097304,geom,11
mixture,0.008750000000000006,682.9270257726077,1371.8540515452155,1381.2790422147234,20.461989658440917,0.048871103817929765,0.04887110278656726,geom,11
mixture,0.1,682.9270257726077,1371.8540515452155,1381.2790422147234,20.461989265335607,0.04887108231479837,0.048871106114444014,geom,11
mixture,0.45,682.9270257726077,1371.8540515452155,1381.2790422147234,20.461989773406714,0.04887110333390604,0.04887110185591168,geom,11
mixture,0.4,682.9270257726077,1371.8540515452155,1381.2790422147234,20.461989800570443,0.04887110436827925,0.04887110118136675,geom,11
mixture,0.05,682.9270257726077,1371.8540515452155,1381.2790422147234,20.461989444866393,0.04887110184378962,0.048871103382631925,geom,11
mixture,0.004000000000000002,682.9270257726077,1371.8540515452155,1381.2790422147234,20.46198944457039,0.04887109985435326,0.04887110332026041,geom,11
mixture,0.010000000000000007,682.9270257726077,1371.8540515452155,1381.2790422147234,20.46198948240195,0.04887110693580526,0.04887110317846709,geom,11
mixture,0.005500000000000003,682.9270257726079,1371.8540515452157,1381.2790422147236,20.461989616126125,0.048871103866101495,0.048871102891294246,geom,11
mixture,0.007250000000000005,682.9270257726079,1371.8540515452157,1381.2790422147236,20.46198957595491,0.04887110170748519,0.048871103001985126,geom,11
mixture,0.009250000000000006,682.9270257726079,1371.8540515452157,1381.2790422147236,20.461989493993606,0.0488711103208698,0.048871103121763404,geom,11
mixture,0.3,682.9270257726079,1371.8540515452157,1381.2790422147236,20.461989845241046,0.04887110558326256,0.04887110096351777,geom,11
mixture,0.0070000000000000045,682.9270257726079,1371.8540515452157,1381.2790422147236,20.461989664266273,0.04887109587612789,0.048871102830358115,geom,11
mixture,0.009750000000000007,682.927025772608,1371.854051545216,1381.2790422147239,20.461989637258174,0.04887109568919371,0.04887110291665195,geom,11
mixture,0.006000000000000004,682.927025772608,1371.854051545216,1381.2790422147239,20.4619895609866,0.04887110423377941,0.04887110302107386,geom,11
mixture,0.005250000000000003,682.927025772608,1371.854051545216,1381.2790422147239,20.461989506871333,0.0488710999529098,0.048871103174511564,geom,11
mixture,0.25,682.927025772608,1371.854051545216,1381.2790422147239,20.461989955548326,0.04887110570007855,0.04887110088128714,geom,11
mixture,0.2,682.927025772608,1371.854051545216,1381.2790422147239,20.461989956346684,0.04887110584984194,0.04887110114263726,geom,11
mixture,0.35000000000000003,682.927025772608,1371.854051545216,1381.2790422147239,20.461989943350112,0.04887110452465687,0.04887110081767553,geom,11
mixture,0.15000000000000002,682.9270257726082,1371.8540515452164,1381.2790422147243,20.461990266277585,0.04887110515824298,0.04887110067071475,geom,11
null,,682.9270257726082,1367.8540515452164,1370.995715101719,20.46199052122543,0.048871100734930444,,geom,11
sum,,682.7847368806827,1367.5694737613653,1370.711137317868,30.864911310908994,0.06479850143917677,,geom,11
mixture,0.4,810.991762701954,1627.983525403908,1637.8934401280853,21.298508636806584,0.046951645163677336,0.04695164359620768,geom,12
mixture,0.25,810.9917627019543,1627.9835254039085,1637.8934401280858,21.29850884242294,0.046951646566967986,0.04695164283757494,geom,12
mixture,0.35000000000000003,810.9917627019543,1627.9835254039085,1637.8934401280858,21.298508966193936,0.046951645006452145,0.046951642684333994,geom,12
mixture,0.45,810.9917627019543,1627.9835254039085,1637.8934401280858,21.298508286881628,0.04695164808101673,0.046951642469332124,geom,12
mixture,0.5,810.9917627019544,1627.9835254039087,1637.893440128086,21.298508617076877,0.046951644266688825,0.046951644266688825,geom,12
mixture,0.3,810.9917627019545,1627.983525403909,1637.8934401280862,21.298508931371323,0.04695164598193127,0.04695164254180135,geom,12
mixture,0.004000000000000002,810.9917627019554,1627.9835254039108,1637.893440128088,21.29850481705379,0.04695164893217547,0.046951652658583067,geom,12
mixture,0.008250000000000006,810.9917627019554,1627.9835254039108,1637.893440128088,21.298504830087786,0.046951653188727537,0.046951652610171445,geom,12
mixture,0.0027500000000000007,810.9917627019555,1627.983525403911,1637.8934401280883,21.298504745720958,0.046951654357686515,0.04695165279663474,geom,12
mixture,0.007750000000000005,810.9917627019556,1627.9835254039112,1637.8934401280885,21.298504656541166,0.04695165442764975,0.04695165298635065,geom,12
mixture,0.006250000000000004,810.9917627019556,1627.9835254039112,1637.8934401280885,21.298504787014377,0.046951653064640005,0.04695165270766696,geom,12
mixture,0.005750000000000003,810.9917627019556,1627.9835254039112,1637.8934401280885,21.29850463182965,0.04695164741037401,0.046951653084623145,geom,12
mixture,0.006500000000000004,810.9917627019557,1627.9835254039115,1637.8934401280887,21.298504659218462,0.04695165431513956,0.046951652982959564,geom,12
mixture,0.0035000000000000014,810.9917627019557,1627.9835254039115,1637.8934401280887,21.298504573395448,0.04695165774482054,0.04695165316478181,geom,12
mixture,0.004250000000000002,810.9917627019558,1627.9835254039117,1637.893440128089,21.29850469587373,0.046951643819075635,0.046951652949618554,geom,12
mixture,0.003250000000000001,810.9917627019558,1627.9835254039117,1637.893440128089,21.29850478523682,0.046951653615857986,0.046951652710875404,geom,12
mixture,0.0025000000000000005,810.9917627019558,1627.9835254039117,1637.893440128089,21.2985045336981,0.04695165722195004,0.04695165325841423,geom,12
mixture,0.002,810.9917627019558,1627.9835254039117,1637.893440128089,21.298504553862088,0.046951643571716904,0.0469516532432154,geom,12
mixture,0.007500000000000005,810.9917627019558,1627.9835254039117,1637.893440128089,21.298504707608572,0.046951654557060636,0.04695165287230915,geom,12
mixture,0.009000000000000006,810.9917627019558,1627.9835254039117,1637.893440128089,21.298504500894566,0.046951647317466316,0.04695165339533792,geom,12
mixture,0.0022500000000000003,810.9917627019558,1627.9835254039117,1637.893440128089,21.29850450146329,0.04695165199036572,0.04695165334242547,geom,12
mixture,0.005250000000000003,810.991762701956,1627.983525403912,1637.8934401280892,21.298504480287978,0.04695165637780614,0.046951653370273884,geom,12
mixture,0.004500000000000002,810.991762701956,1627.983525403912,1637.8934401280892,21.298504631085667,0.04695164117452826,0.04695165310733393,geom,12
mixture,0.005000000000000003,810.991762701956,1627.983525403912,1637.8934401280892,21.298504684246232,0.04695165491334664,0.0469516529265119,geom,12
mixture,0.009250000000000006,810.991762701956,1627.983525403912,1637.8934401280892,21.298504503408683,0.04695165329820247,0.04695165333543925,geom,12
mixture,0.005500000000000003,810.991762701956,1627.983525403912,1637.8934401280892,21.298504583499582,0.04695166849154143,0.04695165307373993,geom,12
mixture,0.009500000000000007,810.991762701956,1627.983525403912,1637.8934401280892,21.298504449190435,0.04695166073737956,0.04695165338476683,geom,12
mixture,0.008500000000000006,810.9917627019561,1627.9835254039122,1637.8934401280894,21.29850453376989,0.046951652452920725,0.04695165327515379,geom,12
mixture,0.008000000000000005,810.9917627019561,1627.9835254039122,1637.8934401280894,21.298504390659815,0.04695165357726567,0.046951653583696365,geom,12
mixture,0.0070000000000000045,810.9917627019561,1627.9835254039122,1637.8934401280894,21.298504578142236,0.046951649177221125,0.04695165319849677,geom,12
mixture,0.006000000000000004,810.9917627019561,1627.9835254039122,1637.8934401280894,21.29850449257853,0.046951651360655725,0.046951653371031674,geom,12
mixture,0.007250000000000005,810.9917627019561,1627.9835254039122,1637.8934401280894,21.298504557624877,0.046951654710405945,0.04695165320466084,geom,12
mixture,0.006750000000000004,810.9917627019561,1627.9835254039122,1637.8934401280894,21.298504619677654,0.04695164815290582,0.04695165311226042,geom,12
mixture,0.009750000000000007,810.9917627019561,1627.9835254039122,1637.8934401280894,21.298504484498036,0.04695165502346487,0.04695165336056929,geom,12
mixture,0.05,810.9917627019561,1627.9835254039122,1637.8934401280894,21.298504459822198,0.046951643879747026,0.04695165393388644,geom,12
mixture,0.010000000000000007,810.9917627019561,1627.9835254039122,1637.8934401280894,21.298504443472837,0.04695165203360533,0.046951653481701806,geom,12
mixture,0.0047500000000000025,810.9917627019562,1627.9835254039124,1637.8934401280897,21.298504464207394,0.04695165409192702,0.04695165341831272,geom,12
mixture,0.008750000000000006,810.9917627019562,1627.9835254039124,1637.8934401280897,21.298504438557163,0.04695165360627854,0.046951653476925405,geom,12
mixture,0.003000000000000001,810.9917627019562,1627.9835254039124,1637.8934401280897,21.29850443205664,0.04695165392780679,0.04695165349107718,geom,12
mixture,0.0037500000000000016,810.9917627019563,1627.9835254039126,1637.8934401280899,21.298504445022054,0.04695166000474752,0.0469516534391848,geom,12
mixture,0.1,810.9917627019572,1627.9835254039144,1637.8934401280917,21.298504298185467,0.04695162496840727,0.0469516569896244,geom,12
mixture,0.15000000000000002,810.9917627019581,1627.9835254039162,1637.8934401280935,21.29850423803626,0.04695162140079106,0.04695165965880286,geom,12
mixture,0.2,810.991762701959,1627.983525403918,1637.8934401280953,21.298512077129885,0.04695163960817985,0.046951635896895515,geom,12
null,,810.9917627019552,1623.9835254039103,1627.2868303119694,21.298509654387768,0.04695164197998178,,geom,12
sum,,809.8265057333364,1621.6530114666728,1624.9563163747318,31.98478155334797,0.06252973767115357,,geom,12
mixture,0.5,828.2285916547149,1662.4571833094299,1672.3819864016334,22.702971535207915,0.044047097466919406,0.044047097466919406,geom,13
mixture,0.005500000000000003,828.228591654715,1662.45718330943,1672.3819864016336,22.702971831325634,0.04404709747334054,0.044047096889194774,geom,13
mixture,0.15000000000000002,828.228591654715,1662.45718330943,1672.3819864016336,22.702971388820355,0.04404710135214895,0.04404709711542409,geom,13
mixture,0.009250000000000006,828.228591654715,1662.45718330943,1672.3819864016336,22.702972106172552,0.04404709731856373,0.04404709635020693,geom,13
mixture,0.2,828.228591654715,1662.45718330943,1672.3819864016336,22.70297118364624,0.04404710260162914,0.044047097035843696,geom,13
mixture,0.007750000000000005,828.2285916547152,1662.4571833094303,1672.3819864016339,22.702971913351067,0.044047096946714645,0.044047096731599046,geom,13
mixture,0.007500000000000005,828.2285916547152,1662.4571833094303,1672.3819864016339,22.702972049460456,0.04404709660627649,0.04404709646815813,geom,13
mixture,0.002,828.2285916547152,1662.4571833094303,1672.3819864016339,22.70297206864096,0.044047096041942034,0.04404709643276266,geom,13
mixture,0.008250000000000006,828.2285916547152,1662.4571833094303,1672.3819864016339,22.70297199401178,0.04404709745468719,0.044047096569469535,geom,13
mixture,0.0037500000000000016,828.2285916547153,1662.4571833094305,1672.381986401634,22.702972013958874,0.04404709666139716,0.044047096537608084,geom,13
mixture,0.009500000000000007,828.2285916547153,1662.4571833094305,1672.381986401634,22.702972165741564,0.044047096416605744,0.044047096241932204,geom,13
mixture,0.007250000000000005,828.2285916547153,1662.4571833094305,1672.381986401634,22.702972171923456,0.044047096544225325,0.04404709622931473,geom,13
mixture,0.004250000000000002,828.2285916547153,1662.4571833094305,1672.381986401634,22.702972019000054,0.04404709690198055,0.04404709652669671,geom,13
mixture,0.003000000000000001,828.2285916547153,1662.4571833094305,1672.381986401634,22.702972002158557,0.044047096753893365,0.04404709656038611,geom,13
mixture,0.0035000000000000014,828.2285916547153,1662.4571833094305,1672.381986401634,22.702972281968176,0.04404709629044773,0.04404709601713835,geom,13
mixture,0.0027500000000000007,828.2285916547153,1662.4571833094305,1672.381986401634,22.70297194410545,0.044047096871915534,0.04404709667305131,geom,13
mixture,0.05,828.2285916547153,1662.4571833094305,1672.381986401634,22.702972042713395,0.04404709771822854,0.0440470964172346,geom,13
mixture,0.4,828.2285916547153,1662.4571833094305,1672.381986401634,22.702971870749813,0.04404709794036212,0.044047096066290085,geom,13
mixture,0.3,828.2285916547153,1662.4571833094305,1672.381986401634,22.70297197492143,0.04404710039505946,0.04404709499327565,geom,13
mixture,0.35000000000000003,828.2285916547153,1662.4571833094305,1672.381986401634,22.702971699171894,0.04404709918165235,0.04404709605419531,geom,13
mixture,0.1,828.2285916547153,1662.4571833094305,1672.381986401634,22.702971545418063,0.04404710024816129,0.044047097135882354,geom,13
mixture,0.45,828.2285916547153,1662.4571833094305,1672.381986401634,22.70297168710476,0.04404709831026473,0.04404709624108751,geom,13
mixture,0.25,828.2285916547154,1662.4571833094308,1672.3819864016343,22.70297211629405,0.044047098966502704,0.04404709546386855,geom,13
mixture,0.004000000000000002,828.2285916547154,1662.4571833094308,1672.3819864016343,22.702971958827103,0.04404709704817301,0.044047096643416994,geom,13
mixture,0.008750000000000006,828.2285916547155,1662.457183309431,1672.3819864016345,22.70297211290084,0.0440470962859676,0.044047096346641244,geom,13
mixture,0.0070000000000000045,828.2285916547155,1662.457183309431,1672.3819864016345,22.7029726042203,0.044047096284047405,0.044047095386596395,geom,13
mixture,0.006750000000000004,828.2285916547155,1662.457183309431,1672.3819864016345,22.70297226362005,0.044047096356069446,0.04404709605163807,geom,13
mixture,0.005000000000000003,828.2285916547155,1662.457183309431,1672.3819864016345,22.70297187887273,0.04404709782873649,0.0440470967949905,geom,13
mixture,0.004500000000000002,828.2285916547155,1662.457183309431,1672.3819864016345,22.702971997666225,0.04404709614835107,0.04404709657158699,geom,13
mixture,0.0025000000000000005,828.2285916547155,1662.457183309431,1672.3819864016345,22.70297218596906,0.04404709645949695,0.04404709620370782,geom,13
mixture,0.005750000000000003,828.2285916547155,1662.457183309431,1672.3819864016345,22.702971986868114,0.04404709609765054,0.044047096593483374,geom,13
mixture,0.003250000000000001,828.2285916547155,1662.457183309431,1672.3819864016345,22.702972121791518,0.04404709580114745,0.044047096330581806,geom,13
mixture,0.006000000000000004,828.2285916547155,1662.457183309431,1672.3819864016345,22.702971937131878,0.04404709718476987,0.04404709668412406,geom,13
mixture,0.006250000000000004,828.2285916547155,1662.457183309431,1672.3819864016345,22.70297210416664,0.044047096098970805,0.0440470963647169,geom,13
mixture,0.010000000000000007,828.2285916547155,1662.457183309431,1672.3819864016345,22.702972327297193,0.04404709606399948,0.04404709592879798,geom,13
mixture,0.009000000000000006,828.2285916547155,1662.457183309431,1672.3819864016345,22.70297225050656,0.04404709605881959,0.04404709607931958,geom,13
mixture,0.008000000000000005,828.2285916547155,1662.457183309431,1672.3819864016345,22.70297198019334,0.04404709833276832,0.04404709658963733,geom,13
mixture,0.009750000000000007,828.2285916547155,1662.457183309431,1672.3819864016345,22.702972209744157,0.044047096092018075,0.044047096158871944,geom,13
mixture,0.008500000000000006,828.2285916547155,1662.457183309431,1672.3819864016345,22.70297197892117,0.04404709730145607,0.04404709660008896,geom,13
mixture,0.005250000000000003,828.2285916547156,1662.4571833094312,1672.3819864016348,22.70297217423515,0.04404709641455621,0.04404709622612354,geom,13
mixture,0.006500000000000004,828.2285916547156,1662.4571833094312,1672.3819864016348,22.70297217913764,0.04404709611288419,0.04404709621828637,geom,13
mixture,0.0047500000000000025,828.2285916547157,1662.4571833094315,1672.381986401635,22.702972184772904,0.04404709604276489,0.044047096207450266,geom,13
mixture,0.0022500000000000003,828.2285916547157,1662.4571833094315,1672.381986401635,22.702972090841143,0.044047097326629286,0.04404709638679478,geom,13
null,,828.2285916547162,1658.4571833094324,1661.7654510068335,22.702972969551013,0.044047094684083424,,geom,13
sum,,828.2956104023373,1658.5912208046745,1661.8994885020757,34.23713016252417,0.05841611111988564,,geom,13
mixture,0.45,715.7818280082492,1437.5636560164985,1447.159147110296,19.696133762269838,0.05077138354126863,0.05077138709301959,geom,14
mixture,0.15000000000000002,715.7818280082494,1437.5636560164987,1447.159147110296,19.69613406560171,0.050771387279151384,0.05077138425994136,geom,14
mixture,0.5,715.7818280082494,1437.5636560164987,1447.159147110296,19.696133956166424,0.05077138499491785,0.05077138499491785,geom,14
mixture,0.0027500000000000007,715.7818280082495,1437.563656016499,1447.1591471102965,19.696134392378134,0.05077138345590374,0.050771383871623554,geom,14
mixture,0.35000000000000003,715.7818280082495,1437.563656016499,1447.1591471102965,19.696133950931262,0.05077138646398919,0.05077138422464078,geom,14
mixture,0.0037500000000000016,715.7818280082495,1437.563656016499,1447.1591471102965,19.69613437766431,0.0507713843741227,0.050771383906655636,geom,14
mixture,0.008500000000000006,715.7818280082495,1437.563656016499,1447.1591471102965,19.696134229290173,0.050771384298276684,0.05077138429081419,geom,14
mixture,0.3,715.7818280082495,1437.563656016499,1447.1591471102965,19.696134004316328,0.050771387967153955,0.050771383543791605,geom,14
mixture,0.4,715.7818280082495,1437.563656016499,1447.1591471102965,19.69613395982514,0.05077138609815566,0.05077138424370735,geom,14
mixture,0.2,715.7818280082496,1437.5636560164992,1447.1591471102965,19.696134048170947,0.05077138789916143,0.0507713839724031,geom,14
mixture,0.006500000000000004,715.7818280082496,1437.5636560164992,1447.1591471102965,19.696134418475395,0.050771383006710705,0.050771383808419654,geom,14
mixture,0.0047500000000000025,715.7818280082497,1437.5636560164994,1447.159147110297,19.69613434509783,0.050771383944102653,0.05077138399258665,geom,14
mixture,0.003250000000000001,715.7818280082497,1437.5636560164994,1447.159147110297,19.696134472877862,0.050771378293161605,0.050771383680482285,geom,14
mixture,0.004500000000000002,715.7818280082497,1437.5636560164994,1447.159147110297,19.69613460331547,0.05077138260744201,0.050771383329991586,geom,14
mixture,0.003000000000000001,715.7818280082497,1437.5636560164994,1447.159147110297,19.696134584702573,0.050771390723921325,0.050771383352605254,geom,14
mixture,0.002,715.7818280082497,1437.5636560164994,1447.159147110297,19.69613452933778,0.05077138300503977,0.050771383518461714,geom,14
mixture,0.009500000000000007,715.7818280082497,1437.5636560164994,1447.159147110297,19.69613441917046,0.050771389337427086,0.05077138374832035,geom,14
mixture,0.009750000000000007,715.7818280082497,1437.5636560164994,1447.159147110297,19.696134409821877,0.05077138734962915,0.05077138379081659,geom,14
mixture,0.0070000000000000045,715.7818280082497,1437.5636560164994,1447.159147110297,19.696134398033905,0.05077138381207996,0.05077138385621016,geom,14
mixture,0.009000000000000006,715.7818280082497,1437.5636560164994,1447.159147110297,19.69613447803434,0.050771384088043194,0.05077138364570038,geom,14
mixture,0.006750000000000004,715.7818280082497,1437.5636560164994,1447.159147110297,19.69613452853504,0.05077138319671018,0.050771383521697785,geom,14
mixture,0.05,715.7818280082497,1437.5636560164994,1447.159147110297,19.69613428223023,0.050771384141181146,0.05077138415510864,geom,14
mixture,0.010000000000000007,715.7818280082497,1437.5636560164994,1447.159147110297,19.696134327576363,0.05077137939413319,0.05077138408442494,geom,14
mixture,0.25,715.7818280082497,1437.5636560164994,1447.159147110297,19.696133986013095,0.05077138856319581,0.05077138370290964,geom,14
mixture,0.1,715.7818280082497,1437.5636560164994,1447.159147110297,19.696134296027576,0.05077137202179973,0.05077138546296304,geom,14
mixture,0.008750000000000006,715.7818280082497,1437.5636560164994,1447.159147110297,19.69613419947451,0.05077138776492887,0.0507713843377466,geom,14
mixture,0.009250000000000006,715.7818280082497,1437.5636560164994,1447.159147110297,19.696134296874828,0.05077138131870463,0.050771384142785134,geom,14
mixture,0.004000000000000002,715.7818280082497,1437.5636560164994,1447.159147110297,19.696134246576865,0.05077138638479695,0.05077138423772886,geom,14
mixture,0.004250000000000002,715.7818280082497,1437.5636560164994,1447.159147110297,19.696134551940727,0.05077139112677779,0.050771383426444085,geom,14
mixture,0.007500000000000005,715.7818280082497,1437.5636560164994,1447.159147110297,19.69613438915826,0.05077137954619443,0.05077138391152025,geom,14
mixture,0.005250000000000003,715.7818280082498,1437.5636560164996,1447.159147110297,19.69613448426286,0.05077138146196539,0.05077138364508738,geom,14
mixture,0.006250000000000004,715.7818280082498,1437.5636560164996,1447.159147110297,19.696134513966168,0.05077137957312413,0.050771383582114984,geom,14
mixture,0.005500000000000003,715.7818280082498,1437.5636560164996,1447.159147110297,19.696134512035954,0.05077138824029493,0.05077138353616164,geom,14
mixture,0.005000000000000003,715.7818280082498,1437.5636560164996,1447.159147110297,19.696134401467535,0.05077138382629745,0.05077138384715456,geom,14
mixture,0.0035000000000000014,715.7818280082498,1437.5636560164996,1447.159147110297,19.696134686162075,0.05077138100418041,0.05077138312059109,geom,14
mixture,0.008250000000000006,715.7818280082498,1437.5636560164996,1447.159147110297,19.696134488376526,0.050771387078137005,0.050771383594280246,geom,14
mixture,0.007750000000000005,715.7818280082498,1437.5636560164996,1447.159147110297,19.696134434958783,0.05077138435416105,0.05077138375608366,geom,14
mixture,0.0025000000000000005,715.7818280082499,1437.5636560164999,1447.1591471102975,19.69613446601677,0.05077139052322977,0.05077138366351026,geom,14
mixture,0.0022500000000000003,715.7818280082499,1437.5636560164999,1447.1591471102975,19.696134421873072,0.05077137846518386,0.050771383806468125,geom,14
mixture,0.005750000000000003,715.7818280082499,1437.5636560164999,1447.1591471102975,19.696134497213976,0.05077138389661317,0.050771383598527474,geom,14
mixture,0.006000000000000004,715.7818280082499,1437.5636560164999,1447.1591471102975,19.69613448790927,0.05077138175284593,0.05077138363552258,geom,14
mixture,0.008000000000000005,715.7818280082499,1437.5636560164999,1447.1591471102975,19.696134334104624,0.05077137575467595,0.05077138408735535,geom,14
mixture,0.007250000000000005,715.78182800825,1437.5636560165,1447.1591471102975,19.696134515868604,0.05077138224891959,0.050771383561672274,geom,14
null,,715.7818280082497,1433.5636560164994,1436.7621530477652,19.69613431952176,0.05077138405828463,,geom,14
sum,,714.9905831900912,1431.9811663801825,1435.1796634114482,29.6466591016302,0.06746122701866346,,geom,14
mixture,0.4,706.719324714348,1419.438649428696,1428.8811328591364,13.15076195936129,0.041254497440612464,0.1736689305675983,geom,15
mixture,0.45,706.7762442517717,1419.5524885035434,1428.9949719339838,14.140292808441341,0.041503019845994193,0.16678248948110314,geom,15
mixture,0.15000000000000002,706.8082238820971,1419.6164477641942,1429.0589311946346,7.264256948324347,0.039504367676912774,0.24515399419321898,geom,15
mixture,0.5,706.8357311312557,1419.6714622625113,1429.1139456929518,15.089814446646553,0.160833266372784,0.04173272657439036,geom,15
mixture,0.35000000000000003,707.0139433758022,1420.0278867516045,1429.470370182045,17.729295564745634,0.14705995072470884,0.042347169923509814,geom,15
mixture,0.3,707.0709580852524,1420.1419161705048,1429.5843996009453,18.549489110035328,0.14343047106141985,0.0425328084590572,geom,15
mixture,0.25,707.126312342064,1420.252624684128,1429.6951081145685,19.343616771172556,0.14016061421063344,0.04271083071104456,geom,15
mixture,0.2,707.179924600799,1420.359849201598,1429.8023326320385,20.113534697945255,0.13719859423471945,0.04288212058757164,geom,15
mixture,0.1,707.2602650572998,1420.5205301145995,1429.96301354504,5.702627959315911,0.03899331449478831,0.28679904408547585,geom,15
mixture,0.05,707.3302984863641,1420.6605969727282,1430.1030804031686,22.293467076431558,0.12994380289164092,0.04336179850827035,geom,15
mixture,0.010000000000000007,707.3698770953113,1420.7397541906225,1430.182237621063,22.811631517845438,0.19208791753745,0.04349818173251259,geom,15
mixture,0.009750000000000007,707.3700563782431,1420.7401127564863,1430.1825961869267,22.815917213919978,0.19205099109660764,0.043498506448030314,geom,15
mixture,0.009500000000000007,707.3702356767828,1420.7404713535657,1430.1829547840061,22.82020285548867,0.19201385558968484,0.04349883026241893,geom,15
mixture,0.009250000000000006,707.3704149873226,1420.7408299746453,1430.1833134050858,22.824488998526284,0.19197640837139923,0.04349915215514817,geom,15
mixture,0.009000000000000006,707.3705943167039,1420.7411886334078,1430.1836720638482,22.828773388241256,0.19193878870936132,0.043499476355406165,geom,15
mixture,0.008750000000000006,707.370773661241,1420.741547322482,1430.1840307529224,22.83305693850654,0.19190088968851227,0.043499801158349054,geom,15
mixture,0.008500000000000006,707.3709530206343,1420.7419060412685,1430.184389471709,22.837340060055194,0.19186267904492457,0.0435001257826111,geom,15
mixture,0.008250000000000006,707.3711323948719,1420.7422647897438,1430.1847482201842,22.84162251584022,0.1918241276934057,0.04350045068052548,geom,15
mixture,0.008000000000000005,707.3713117839884,1420.7426235679768,1430.1851069984173,22.8459044181335,0.19178520447916025,0.04350077563699547,geom,15
mixture,0.007750000000000005,707.3714911878269,1420.7429823756538,1430.1854658060943,22.850185671153422,0.19174586866344345,0.04350110083615032,geom,15
mixture,0.007500000000000005,707.3716706064334,1420.7433412128669,1430.1858246433073,22.854466502289487,0.19170608025952154,0.043501425843361675,geom,15
mixture,0.007250000000000005,707.3718500398803,1420.7437000797606,1430.186183510201,22.858746692358658,0.1916657941909961,0.04350175107552101,geom,15
mixture,0.0070000000000000045,707.3720294882794,1420.7440589765588,1430.1865424069993,22.86302629856594,0.19162496043659807,0.043502076421851235,geom,15
mixture,0.006750000000000004,707.3722089517452,1420.7444179034903,1430.1869013339308,22.867305035123294,0.19158352135869192,0.04350240242526507,geom,15
mixture,0.006500000000000004,707.3723884305231,1420.7447768610461,1430.1872602914866,22.871583488831263,0.19154141565776228,0.043502727964239596,geom,15
mixture,0.006250000000000004,707.372567924924,1420.745135849848,1430.1876192802886,22.875861789579737,0.19149857408225607,0.04350305278785966,geom,15
mixture,0.006000000000000004,707.372747435369,1420.745494870738,1430.1879783011784,22.88013907473849,0.19145491907746803,0.04350337853416379,geom,15
mixture,0.005750000000000003,707.3729269622385,1420.745853924477,1430.1883373549174,22.884415716459323,0.1914103591368933,0.04350370448934885,geom,15
mixture,0.005500000000000003,707.3731065061436,1420.7462130122872,1430.1886964427276,22.888691913280677,0.19136479520514707,0.04350403026808679,geom,15
mixture,0.005250000000000003,707.3732860677395,1420.746572135479,1430.1890555659195,22.892967375038403,0.19131811082508016,0.04350435641482422,geom,15
mixture,0.005000000000000003,707.37346564789,1420.74693129578,1430.1894147262205,22.897242100068823,0.19127017566893675,0.04350468292226457,geom,15
mixture,0.0047500000000000025,707.3736452475767,1420.7472904951535,1430.189773925594,22.901516643895125,0.19122083799304676,0.04350500872201174,geom,15
mixture,0.004500000000000002,707.373824867907,1420.747649735814,1430.1901331662546,22.905790335801804,0.19116991732195432,0.043505335076914516,geom,15
mixture,0.004250000000000002,707.3740045103158,1420.7480090206316,1430.190492451072,22.91006347372415,0.1911172087844961,0.0435056614033942,geom,15
mixture,0.004000000000000002,707.3741841763899,1420.7483683527798,1430.1908517832203,22.91433588595244,0.19106246415457315,0.043505988009274056,geom,15
mixture,0.0037500000000000016,707.374363868146,1420.748727736292,1430.1912111667325,22.9186076211158,0.191005394622286,0.04350631477844666,geom,15
mixture,0.0035000000000000014,707.3745435878113,1420.7490871756227,1430.1915706060631,22.922878685265204,0.1909456421433495,0.04350664167334981,geom,15
mixture,0.003250000000000001,707.3747233381663,1420.7494466763326,1430.191930106773,22.927148751171593,0.19088277585995733,0.04350696928301974,geom,15
mixture,0.003000000000000001,707.3749031225229,1420.7498062450459,1430.1922896754863,22.9314184041766,0.1908162613741674,0.04350729645705302,geom,15
mixture,0.0027500000000000007,707.3750829448611,1420.7501658897222,1430.1926493201627,22.935687281649784,0.19074542264595662,0.043507623837917814,geom,15
mixture,0.0025000000000000005,707.3752628100144,1420.7505256200288,1430.1930090504693,22.939955429319586,0.19066938947641404,0.04350795128255025,geom,15
mixture,0.0022500000000000003,707.3754427239443,1420.7508854478885,1430.193368878329,22.944222894641292,0.19058701562768754,0.04350827863168595,geom,15
mixture,0.002,707.3756226940841,1420.7512453881682,1430.1937288186086,22.948489213963303,0.19049674439681552,0.04350860667861097,geom,15
null,,707.3770676882682,1416.7541353765364,1419.90162985335,22.98256105410827,0.043511251755001604,,geom,15
sum,,708.3746999873631,1418.7493999747262,1421.8968944515398,34.88747576364461,0.057327162720214674,,geom,15
mixture,0.5,698.2569841717352,1402.5139683434704,1412.008326265241,20.388571950167574,0.04904708394703343,0.04904708394703343,geom,16
mixture,0.0037500000000000016,698.2569841717354,1402.5139683434709,1412.0083262652415,20.388572790388494,0.049047089960843775,0.04904708189553936,geom,16
mixture,0.005750000000000003,698.2569841717356,1402.513968343471,1412.0083262652417,20.388572732661725,0.04904708510872794,0.04904708204704804,geom,16
mixture,0.005500000000000003,698.2569841717356,1402.513968343471,1412.0083262652417,20.388572734127646,0.0490470754748172,0.049047082097551306,geom,16
mixture,0.008500000000000006,698.2569841717356,1402.513968343471,1412.0083262652417,20.388572708242716,0.04904708303839138,0.04904708211555133,geom,16
mixture,0.009500000000000007,698.2569841717356,1402.513968343471,1412.0083262652417,20.38857259845285,0.04904707191066195,0.04904708248799242,geom,16
mixture,0.0070000000000000045,698.2569841717356,1402.513968343471,1412.0083262652417,20.388572753337886,0.04904708371080739,0.049047082002958854,geom,16
mixture,0.007500000000000005,698.2569841717356,1402.513968343471,1412.0083262652417,20.388572530379314,0.04904707865249601,0.04904708258072831,geom,16
mixture,0.006500000000000004,698.2569841717357,1402.5139683434713,1412.008326265242,20.38857266556099,0.04904708043354532,0.04904708223779898,geom,16
mixture,0.006250000000000004,698.2569841717357,1402.5139683434713,1412.008326265242,20.388572814983352,0.049047088472853,0.049047081825069824,geom,16
mixture,0.008750000000000006,698.2569841717357,1402.5139683434713,1412.008326265242,20.388572750136408,0.049047086202065854,0.04904708198572232,geom,16
mixture,0.006750000000000004,698.2569841717357,1402.5139683434713,1412.008326265242,20.388572735754163,0.0490470734264102,0.04904708211586732,geom,16
mixture,0.0047500000000000025,698.2569841717357,1402.5139683434713,1412.008326265242,20.388572736288577,0.049047086430686115,0.04904708203504861,geom,16
mixture,0.004000000000000002,698.2569841717357,1402.5139683434713,1412.008326265242,20.38857267025701,0.049047078378761516,0.04904708223018018,geom,16
mixture,0.003250000000000001,698.2569841717357,1402.5139683434713,1412.008326265242,20.388572774618556,0.04904708790440549,0.04904708194435049,geom,16
mixture,0.0022500000000000003,698.2569841717357,1402.5139683434713,1412.008326265242,20.388572675688607,0.04904707760867899,0.04904708221206578,geom,16
mixture,0.009750000000000007,698.2569841717357,1402.5139683434713,1412.008326265242,20.388572846394666,0.04904707999462378,0.04904708180874255,geom,16
mixture,0.009250000000000006,698.2569841717357,1402.5139683434713,1412.008326265242,20.388572678269814,0.04904707983913764,0.0490470822174986,geom,16
mixture,0.008000000000000005,698.2569841717357,1402.5139683434713,1412.008326265242,20.388572644281812,0.04904708725573784,0.04904708223711186,geom,16
mixture,0.005000000000000003,698.2569841717357,1402.5139683434713,1412.008326265242,20.388572759833902,0.04904708413645341,0.04904708198854734,geom,16
mixture,0.05,698.2569841717357,1402.5139683434713,1412.008326265242,20.388572758578825,0.049047081651489036,0.04904708202077016,geom,16
mixture,0.35000000000000003,698.2569841717357,1402.5139683434713,1412.008326265242,20.38857272359347,0.04904708435248798,0.04904708086630263,geom,16
mixture,0.008250000000000006,698.2569841717358,1402.5139683434716,1412.0083262652422,20.388572932105152,0.04904708728806834,0.04904708153742556,geom,16
mixture,0.007750000000000005,698.2569841717358,1402.5139683434716,1412.0083262652422,20.388572933673117,0.04904708521059987,0.04904708155274808,geom,16
mixture,0.0025000000000000005,698.2569841717358,1402.5139683434716,1412.0083262652422,20.38857273834162,0.049047093504206905,0.04904708202228426,geom,16
mixture,0.002,698.2569841717358,1402.5139683434716,1412.0083262652422,20.38857253520441,0.04904708568217126,0.04904708253336161,geom,16
mixture,0.003000000000000001,698.2569841717359,1402.5139683434718,1412.0083262652424,20.388572806526984,0.049047068416217914,0.04904708192749508,geom,16
mixture,0.0035000000000000014,698.2569841717359,1402.5139683434718,1412.0083262652424,20.388572712863386,0.04904708302355994,0.04904708210907923,geom,16
mixture,0.007250000000000005,698.2569841717359,1402.5139683434718,1412.0083262652424,20.38857268662983,0.04904707749591471,0.04904708220956173,geom,16
mixture,0.004500000000000002,698.2569841717359,1402.5139683434718,1412.0083262652424,20.388572819942496,0.04904709018418197,0.049047081817036514,geom,16
mixture,0.004250000000000002,698.2569841717359,1402.5139683434718,1412.0083262652424,20.388572722138118,0.049047088390755535,0.04904708206307582,geom,16
mixture,0.0027500000000000007,698.2569841717359,1402.5139683434718,1412.0083262652424,20.388572733531767,0.049047089717836605,0.049047082041449655,geom,16
mixture,0.45,698.2569841717359,1402.5139683434718,1412.0083262652424,20.388572772558224,0.04904708301212504,0.049047081114946885,geom,16
mixture,0.009000000000000006,698.2569841717359,1402.5139683434718,1412.0083262652424,20.38857283440056,0.049047081393447094,0.04904708182378112,geom,16
mixture,0.006000000000000004,698.2569841717359,1402.5139683434718,1412.0083262652424,20.388572951156306,0.049047084032191914,0.04904708152398938,geom,16
mixture,0.1,698.2569841717359,1402.5139683434718,1412.0083262652424,20.38857249232242,0.04904705157078639,0.0490470860952671,geom,16
mixture,0.25,698.2569841717359,1402.5139683434718,1412.0083262652424,20.388573232418505,0.04904708521997903,0.04904707940991342,geom,16
mixture,0.2,698.2569841717359,1402.5139683434718,1412.0083262652424,20.388573020119445,0.04904708505859365,0.04904708045177636,geom,16
mixture,0.3,698.2569841717359,1402.5139683434718,1412.0083262652424,20.388572871492443,0.049047084453254695,0.049047080563861326,geom,16
mixture,0.010000000000000007,698.2569841717359,1402.5139683434718,1412.0083262652424,20.388572906620578,0.04904708026025253,0.04904708166017367,geom,16
mixture,0.4,698.2569841717359,1402.5139683434718,1412.0083262652424,20.388572874467382,0.04904708393370716,0.04904708025006652,geom,16
mixture,0.005250000000000003,698.256984171736,1402.513968343472,1412.0083262652427,20.388573017782498,0.049047079158906944,0.049047081390477296,geom,16
mixture,0.15000000000000002,698.2569841717361,1402.5139683434722,1412.0083262652429,20.38857337797458,0.049047083657274566,0.04904707995727824,geom,16
null,,698.2569841717361,1398.5139683434722,1401.6787543173957,20.388573652657193,0.04904707985149674,,geom,16
sum,,697.7968127195875,1397.593625439175,1400.7584114130984,30.682526982554798,0.06518367933440236,,geom,16
mixture,0.45,660.7906287153107,1327.5812574306215,1336.880856714094,21.18292797839905,0.04720782803330019,0.04720782620970086,geom,17
mixture,0.35000000000000003,660.7906287153107,1327.5812574306215,1336.880856714094,21.182928160401943,0.04720782838505358,0.04720782567683695,geom,17
mixture,0.005250000000000003,660.790628715311,1327.581257430622,1336.8808567140945,21.18292507577401,0.04720783096781193,0.047207833512409585,geom,17
mixture,0.009500000000000007,660.790628715311,1327.581257430622,1336.8808567140945,21.182925163881865,0.047207829208170835,0.04720783334196615,geom,17
mixture,0.25,660.790628715311,1327.581257430622,1336.8808567140945,21.182928199194173,0.04720782920819675,0.04720782564828274,geom,17
mixture,0.3,660.790628715311,1327.581257430622,1336.8808567140945,21.182928154320344,0.047207829338622415,0.04720782548097057,geom,17
mixture,0.008000000000000005,660.790628715311,1327.581257430622,1336.8808567140945,21.182925134759945,0.04720782336273368,0.04720783344827999,geom,17
mixture,0.0022500000000000003,660.7906287153111,1327.5812574306221,1336.8808567140948,21.18292505880379,0.04720783501927326,0.047207833533527,geom,17
mixture,0.006000000000000004,660.7906287153111,1327.5812574306221,1336.8808567140948,21.182924970905542,0.04720783101703659,0.04720783374915086,geom,17
mixture,0.003250000000000001,660.7906287153111,1327.5812574306221,1336.8808567140948,21.182925243362067,0.047207831879328144,0.047207833129630616,geom,17
mixture,0.010000000000000007,660.7906287153111,1327.5812574306221,1336.8808567140948,21.18292501083642,0.04720782736931503,0.04720783370714736,geom,17
mixture,0.5,660.7906287153111,1327.5812574306221,1336.8808567140948,21.182928238723463,0.04720782645016705,0.04720782645016705,geom,17
mixture,0.004500000000000002,660.7906287153111,1327.5812574306221,1336.8808567140948,21.182925284335106,0.04720783418769506,0.04720783302904152,geom,17
mixture,0.0025000000000000005,660.7906287153111,1327.5812574306221,1336.8808567140948,21.18292510398779,0.04720782578239445,0.0472078334553562,geom,17
mixture,0.0037500000000000016,660.7906287153111,1327.5812574306221,1336.8808567140948,21.182925045721326,0.04720783857806361,0.04720783354715935,geom,17
mixture,0.005500000000000003,660.7906287153112,1327.5812574306224,1336.880856714095,21.182924891751146,0.04720784130466656,0.04720783386825981,geom,17
mixture,0.008750000000000006,660.7906287153112,1327.5812574306224,1336.880856714095,21.18292511897408,0.047207844005881024,0.047207833309179534,geom,17
mixture,0.009250000000000006,660.7906287153112,1327.5812574306224,1336.880856714095,21.182925181138444,0.047207837229450836,0.047207833227216764,geom,17
mixture,0.009750000000000007,660.7906287153112,1327.5812574306224,1336.880856714095,21.18292499135607,0.04720783039350795,0.047207833719612055,geom,17
mixture,0.006250000000000004,660.7906287153112,1327.5812574306224,1336.880856714095,21.18292484516882,0.04720783802440077,0.04720783398774336,geom,17
mixture,0.007500000000000005,660.7906287153112,1327.5812574306224,1336.880856714095,21.182924902481343,0.04720783502777207,0.04720783387661325,geom,17
mixture,0.008500000000000006,660.7906287153112,1327.5812574306224,1336.880856714095,21.182924914395002,0.04720783740731541,0.04720783382827456,geom,17
mixture,0.006750000000000004,660.7906287153112,1327.5812574306224,1336.880856714095,21.18292496671004,0.04720783177084735,0.047207833755504615,geom,17
mixture,0.0070000000000000045,660.7906287153112,1327.5812574306224,1336.880856714095,21.182925104213762,0.04720782566312937,0.04720783349046153,geom,17
mixture,0.008250000000000006,660.7906287153112,1327.5812574306224,1336.880856714095,21.182924944429956,0.04720783055717221,0.04720783381866847,geom,17
mixture,0.05,660.7906287153112,1327.5812574306224,1336.880856714095,21.18292491736996,0.047207836009777834,0.04720783373850272,geom,17
mixture,0.0047500000000000025,660.7906287153112,1327.5812574306224,1336.880856714095,21.182924960741136,0.047207830313816125,0.04720783377183595,geom,17
mixture,0.004250000000000002,660.7906287153112,1327.5812574306224,1336.880856714095,21.182924993688008,0.04720783359228966,0.04720783368236847,geom,17
mixture,0.005750000000000003,660.7906287153112,1327.5812574306224,1336.880856714095,21.18292526937232,0.047207836643257985,0.04720783304692229,geom,17
mixture,0.005000000000000003,660.7906287153112,1327.5812574306224,1336.880856714095,21.18292514563941,0.0472078384775506,0.047207833317549845,geom,17
mixture,0.0027500000000000007,660.7906287153112,1327.5812574306224,1336.880856714095,21.18292483254511,0.0472078382362636,0.04720783402953691,geom,17
mixture,0.002,660.7906287153112,1327.5812574306224,1336.880856714095,21.182925091232324,0.04720783623043385,0.047207833459057616,geom,17
mixture,0.4,660.7906287153112,1327.5812574306224,1336.880856714095,21.182928257776908,0.04720782747004043,0.04720782569948132,geom,17
mixture,0.004000000000000002,660.7906287153113,1327.5812574306226,1336.8808567140952,21.18292513757023,0.04720782557886048,0.047207833392587564,geom,17
mixture,0.007750000000000005,660.7906287153113,1327.5812574306226,1336.8808567140952,21.182925030125407,0.04720783310086402,0.04720783360468661,geom,17
mixture,0.0035000000000000014,660.7906287153113,1327.5812574306226,1336.8808567140952,21.182925142109966,0.04720784235672839,0.0472078333195855,geom,17
mixture,0.009000000000000006,660.7906287153114,1327.5812574306228,1336.8808567140954,21.182924889272975,0.04720783120528993,0.04720783393928883,geom,17
mixture,0.007250000000000005,660.7906287153114,1327.5812574306228,1336.8808567140954,21.18292497327792,0.047207824863244964,0.04720783379220612,geom,17
mixture,0.006500000000000004,660.7906287153114,1327.5812574306228,1336.8808567140954,21.18292489004693,0.04720783458986677,0.047207833908529326,geom,17
mixture,0.003000000000000001,660.7906287153114,1327.5812574306228,1336.8808567140954,21.182925043745687,0.047207834069832526,0.04720783356892539,geom,17
mixture,0.1,660.7906287153116,1327.5812574306233,1336.880856714096,21.18292462677266,0.047207821335353596,0.04720783596238971,geom,17
mixture,0.15000000000000002,660.7906287153121,1327.5812574306242,1336.8808567140968,21.182924439351556,0.0472078073060914,0.047207839789950225,geom,17
mixture,0.2,660.790628715313,1327.581257430626,1336.8808567140986,21.18293050134934,0.04720782532693415,0.047207820427925755,geom,17
null,,660.7906287153115,1323.581257430623,1326.6811238584473,21.182928982940442,0.04720782479162087,,geom,17
sum,,660.966749678432,1323.933499356864,1327.0333657846884,32.013151943654655,0.06247432316318422,,geom,17
mixture,0.4,746.2631764643336,1498.5263529286672,1508.171160201494,19.770796401313152,0.03969942745078329,0.061887032538262776,geom,18
mixture,0.45,746.2845194976003,1498.5690389952006,1508.2138462680275,19.836772817132523,0.04047459260873158,0.06308289416666284,geom,18
mixture,0.35000000000000003,746.3715409648538,1498.7430819297076,1508.3878892025346,20.268417842776355,0.06800014126038285,0.042985523957209525,geom,18
mixture,0.3,746.3942735197477,1498.7885470394954,1508.4333543123223,20.424480615953122,0.06922672171911128,0.04350286586471796,geom,18
mixture,0.25,746.4175193957776,1498.8350387915552,1508.4798460643822,20.601235898958528,0.07042862512395485,0.0439842896294936,geom,18
mixture,0.2,746.4412874006337,1498.8825748012673,1508.5273820740942,20.79827983845604,0.07159166074922393,0.044432945257390125,geom,18
mixture,0.15000000000000002,746.5267746677505,1499.053549335501,1508.698356608328,19.455327870743655,0.18326795681747307,0.04560855558232891,geom,18
mixture,0.1,746.5309254172333,1499.0618508344667,1508.7066581072936,20.21103977477802,0.18765208411250703,0.045736032984468294,geom,18
mixture,0.05,746.5361618435251,1499.0723236870501,1508.717130959877,20.972757764500656,0.19848669240466696,0.04584753625954565,geom,18
mixture,0.010000000000000007,746.5397734296193,1499.0795468592387,1508.7243541320656,21.614489526231665,0.1909376732491263,0.04591386026055579,geom,18
mixture,0.009750000000000007,746.5397998497787,1499.0795996995573,1508.7244069723843,21.618433369103656,0.19090165361275105,0.04591428910430485,geom,18
mixture,0.009500000000000007,746.5398263088804,1499.0796526177608,1508.7244598905877,21.622376454856397,0.19086554844011497,0.04591471835441892,geom,18
mixture,0.009250000000000006,746.5398528068845,1499.079705613769,1508.724512886596,21.62631909919173,0.19082934733502427,0.04591514734017561,geom,18
mixture,0.009000000000000006,746.5398793436261,1499.0797586872523,1508.7245659600792,21.630261100266125,0.1907930282591934,0.0459155764980168,geom,18
mixture,0.008750000000000006,746.5399059190548,1499.0798118381097,1508.7246191109366,21.63420280534912,0.1907565765923328,0.0459160050910028,geom,18
mixture,0.008500000000000006,746.5399325330752,1499.0798650661504,1508.7246723389774,21.63814356602594,0.1907199712713429,0.04591643450244872,geom,18
mixture,0.008250000000000006,746.5399591856014,1499.079918371203,1508.7247256440298,21.64208382780778,0.19068319066998404,0.04591686378785153,geom,18
mixture,0.008000000000000005,746.5399858765793,1499.0799717531586,1508.7247790259855,21.646023241926272,0.19064621246929808,0.04591729369081759,geom,18
mixture,0.007750000000000005,746.5400126058701,1499.0800252117401,1508.724832484567,21.6499625486518,0.1906090046829689,0.045917722643236306,geom,18
mixture,0.007500000000000005,746.5400393734542,1499.0800787469084,1508.7248860197353,21.653900723727993,0.1905715409450563,0.045918152822710404,geom,18
mixture,0.007250000000000005,746.5400661792721,1499.0801323585442,1508.7249396313712,21.65783864744871,0.19053378896868692,0.04591858236068182,geom,18
mixture,0.0070000000000000045,746.5400930232602,1499.0801860465203,1508.7249933193473,21.66177612121731,0.19049571042292315,0.0459190116818628,geom,18
mixture,0.006750000000000004,746.5401199053673,1499.0802398107346,1508.7250470835615,21.665712507962567,0.19045726248284053,0.04591944214095634,geom,18
mixture,0.006500000000000004,746.540146825603,1499.080293651206,1508.7251009240329,21.66964879889897,0.1904184035817358,0.04591987163250025,geom,18
mixture,0.006250000000000004,746.5401737839268,1499.0803475678536,1508.7251548406805,21.67358439854129,0.190379078563187,0.04592030142240922,geom,18
mixture,0.006000000000000004,746.5402007803468,1499.0804015606936,1508.7252088335206,21.67751924415277,0.1903392292559474,0.04592073164305935,geom,18
mixture,0.005750000000000003,746.5402278148612,1499.0804556297223,1508.7252629025493,21.681453237186854,0.19029878617631607,0.04592116250305974,geom,18
mixture,0.005500000000000003,746.540254887509,1499.080509775018,1508.725317047845,21.685387234248733,0.19025767343900685,0.045921592183465414,geom,18
mixture,0.005250000000000003,746.5402819984703,1499.0805639969406,1508.7253712697675,21.689320481270723,0.1902158178338415,0.04592202227632148,geom,18
mixture,0.005000000000000003,746.5403091475862,1499.0806182951724,1508.7254255679993,21.693253165933896,0.19017308486812864,0.04592245238984488,geom,18
mixture,0.0047500000000000025,746.5403363350651,1499.0806726701303,1508.7254799429572,21.697184903854154,0.190129365848242,0.04592288332976174,geom,18
mixture,0.004500000000000002,746.5403635610876,1499.0807271221752,1508.7255343950021,21.701116473879832,0.19008452433635148,0.04592331343770099,geom,18
mixture,0.004250000000000002,746.5403908257879,1499.0807816515758,1508.7255889244027,21.70504718024282,0.1900383827249091,0.04592374418231514,geom,18
mixture,0.004000000000000002,746.540418129454,1499.080836258908,1508.725643531735,21.708977212080672,0.1899907472083894,0.045924175150490874,geom,18
mixture,0.0037500000000000016,746.5404454723283,1499.0808909446566,1508.7256982174836,21.71290666567334,0.1899413630886509,0.045924606128100176,geom,18
mixture,0.0035000000000000014,746.5404728548042,1499.0809457096084,1508.7257529824353,21.71683528024855,0.1898899333025518,0.04592503765067719,geom,18
mixture,0.003250000000000001,746.5405002773236,1499.0810005546473,1508.7258078274742,21.720763592584767,0.18983608007502376,0.04592546856357612,geom,18
mixture,0.003000000000000001,746.5405277404549,1499.0810554809098,1508.7258627537367,21.724691288714634,0.18977932840627051,0.04592589950794626,geom,18
mixture,0.0027500000000000007,746.5405552449142,1499.0811104898285,1508.7259177626554,21.728617951175686,0.18971906800491872,0.045926331337187,geom,18
mixture,0.0025000000000000005,746.5405827916095,1499.081165583219,1508.725972856046,21.7325441320448,0.18965449877827156,0.045926762845778284,geom,18
mixture,0.0022500000000000003,746.5406103816931,1499.0812207633862,1508.7260280362132,21.736469764916126,0.18958453967952402,0.04592719412695058,geom,18
mixture,0.002,746.5406380167005,1499.081276033401,1508.726083306228,21.7403942296163,0.1895077019311119,0.04592762642865133,geom,18
mixture,0.5,746.5408616139213,1499.0817232278425,1508.7265305006695,21.771740131411406,0.04593110123325602,0.04593110123325602,geom,18
null,,746.5408616139225,1495.081723227845,1498.296658985454,21.771741814286806,0.04593109768295118,,geom,18
sum,,747.7944387119443,1497.5888774238886,1500.8038131814976,33.02544999838017,0.06055935649924818,,geom,18
mixture,0.5,782.39236204123,1570.78472408246,1580.6495251745434,19.636364626425305,0.05092592335825069,0.05092592335825069,geom,19
mixture,0.45,782.3923620412302,1570.7847240824603,1580.649525174544,19.636364671002227,0.050925924602739384,0.05092592212983635,geom,19
mixture,0.4,782.3923620412303,1570.7847240824606,1580.6495251745441,19.636364854066056,0.050925924259551496,0.050925921773425496,geom,19
mixture,0.3,782.3923620412303,1570.7847240824606,1580.6495251745441,19.636364742814855,0.050925927591292094,0.050925921112875416,geom,19
mixture,0.25,782.3923620412304,1570.7847240824608,1580.6495251745444,19.636364779432196,0.05092592735753357,0.050925921496069004,geom,19
mixture,0.2,782.3923620412304,1570.7847240824608,1580.6495251745444,19.636364896991463,0.05092590428119052,0.05092592725039318,geom,19
mixture,0.15000000000000002,782.3923620412304,1570.7847240824608,1580.6495251745444,19.636364903807767,0.05092590674136834,0.050925925444316324,geom,19
mixture,0.35000000000000003,782.3923620412304,1570.7847240824608,1580.6495251745444,19.636364767459824,0.05092592538232684,0.05092592170564681,geom,19
mixture,0.003250000000000001,782.3923620412306,1570.7847240824613,1580.6495251745448,19.63636536285976,0.050925921915299606,0.05092592144682252,geom,19
mixture,0.0047500000000000025,782.3923620412306,1570.7847240824613,1580.6495251745448,19.636365317514123,0.050925913303278544,0.05092592160538168,geom,19
mixture,0.005500000000000003,782.3923620412306,1570.7847240824613,1580.6495251745448,19.636365339570293,0.05092591579813589,0.050925921540327185,geom,19
mixture,0.009000000000000006,782.3923620412306,1570.7847240824613,1580.6495251745448,19.636365358635537,0.05092592289406899,0.05092592144627019,geom,19
mixture,0.009250000000000006,782.3923620412306,1570.7847240824613,1580.6495251745448,19.636365460286402,0.05092592151525231,0.05092592119269029,geom,19
mixture,0.007750000000000005,782.3923620412306,1570.7847240824613,1580.6495251745448,19.636365292179978,0.05092591572035545,0.05092592167781987,geom,19
mixture,0.0070000000000000045,782.3923620412306,1570.7847240824613,1580.6495251745448,19.636365353309603,0.05092592202743625,0.05092592146920529,geom,19
mixture,0.006500000000000004,782.3923620412306,1570.7847240824613,1580.6495251745448,19.63636534246497,0.05092592229236867,0.050925921496061934,geom,19
mixture,0.05,782.3923620412306,1570.7847240824613,1580.6495251745448,19.636365238046366,0.05092592236524913,0.05092592174082089,geom,19
mixture,0.010000000000000007,782.3923620412306,1570.7847240824613,1580.6495251745448,19.63636531800664,0.05092591372885205,0.05092592164381905,geom,19
mixture,0.005250000000000003,782.3923620412307,1570.7847240824615,1580.649525174545,19.63636557076012,0.050925921729701264,0.05092592090483544,geom,19
mixture,0.0037500000000000016,782.3923620412307,1570.7847240824615,1580.649525174545,19.63636543891768,0.05092592188014313,0.05092592124872488,geom,19
mixture,0.006250000000000004,782.3923620412309,1570.7847240824617,1580.6495251745453,19.6363655995446,0.050925921146364066,0.05092592083255359,geom,19
mixture,0.1,782.3923620412309,1570.7847240824617,1580.6495251745453,19.636365209790103,0.05092591147851144,0.05092592299719176,geom,19
mixture,0.006750000000000004,782.3923620412309,1570.7847240824617,1580.6495251745453,19.63636553836557,0.050925918288516704,0.05092592101156016,geom,19
mixture,0.006000000000000004,782.3923620412309,1570.7847240824617,1580.6495251745453,19.636365708383412,0.05092592128529107,0.050925920547822134,geom,19
mixture,0.008000000000000005,782.3923620412309,1570.7847240824617,1580.6495251745453,19.636365320011443,0.05092591309303108,0.05092592162774776,geom,19
mixture,0.009750000000000007,782.3923620412309,1570.7847240824617,1580.6495251745453,19.636365336295423,0.05092592321978828,0.05092592150047502,geom,19
mixture,0.004500000000000002,782.3923620412309,1570.7847240824617,1580.6495251745453,19.636365475759238,0.05092590839111032,0.0509259212132456,geom,19
mixture,0.005750000000000003,782.3923620412309,1570.7847240824617,1580.6495251745453,19.636365412462524,0.050925921398866855,0.05092592131924498,geom,19
mixture,0.005000000000000003,782.3923620412309,1570.7847240824617,1580.6495251745453,19.636365654409072,0.05092591435215062,0.050925920724086346,geom,19
mixture,0.0035000000000000014,782.3923620412309,1570.7847240824617,1580.6495251745453,19.63636562089291,0.05092592980179135,0.05092592074745898,geom,19
mixture,0.0022500000000000003,782.3923620412309,1570.7847240824617,1580.6495251745453,19.63636558994922,0.050925919554360814,0.05092592086234299,geom,19
mixture,0.0025000000000000005,782.3923620412309,1570.7847240824617,1580.6495251745453,19.63636557475085,0.050925921351453025,0.0509259208976818,geom,19
mixture,0.007500000000000005,782.392362041231,1570.784724082462,1580.6495251745455,19.636365747766128,0.05092591194234567,0.05092592051440029,geom,19
mixture,0.008250000000000006,782.392362041231,1570.784724082462,1580.6495251745455,19.636365666357783,0.05092592890988911,0.050925920592620834,geom,19
mixture,0.004000000000000002,782.392362041231,1570.784724082462,1580.6495251745455,19.636365335606065,0.05092591426550463,0.050925921548156755,geom,19
mixture,0.008500000000000006,782.3923620412311,1570.7847240824622,1580.6495251745457,19.636365463990135,0.050925923516984495,0.05092592116608592,geom,19
mixture,0.002,782.3923620412311,1570.7847240824622,1580.6495251745457,19.63636571186223,0.05092592027078959,0.05092592054377077,geom,19
mixture,0.003000000000000001,782.3923620412311,1570.7847240824622,1580.6495251745457,19.63636569887106,0.050925914647502575,0.05092592059475851,geom,19
mixture,0.004250000000000002,782.3923620412311,1570.7847240824622,1580.6495251745457,19.63636566221456,0.05092592036028302,0.05092592067331391,geom,19
mixture,0.007250000000000005,782.3923620412311,1570.7847240824622,1580.6495251745457,19.636365510372645,0.05092591685071692,0.050925921096560224,geom,19
mixture,0.0027500000000000007,782.3923620412312,1570.7847240824624,1580.649525174546,19.636365578641836,0.050925913209007724,0.050925920909902625,geom,19
mixture,0.008750000000000006,782.3923620412312,1570.7847240824624,1580.649525174546,19.636365625312216,0.050925920856502986,0.050925920766903894,geom,19
mixture,0.009500000000000007,782.3923620412313,1570.7847240824626,1580.6495251745462,19.636365688703897,0.050925920652734,0.0509259206028105,geom,19
null,,782.3923620412309,1566.7847240824617,1570.0729911131561,19.636365412085112,0.0509259213206816,,geom,19
sum,,782.7009897732491,1567.4019795464983,1570.6902465771927,29.702226403808158,0.0673350196988458,,geom,19
mixture,0.5,634.5879942741444,1275.1759885482888,1284.4202016432423,19.447205910940788,0.05142126866859629,0.05142126866859629,geom,20
mixture,0.003000000000000001,634.5879942741446,1275.1759885482893,1284.4202016432428,19.447206783605303,0.051421259368642905,0.05142126638218386,geom,20
mixture,0.008750000000000006,634.5879942741446,1275.1759885482893,1284.4202016432428,19.447206639176816,0.05142126989173527,0.05142126671523899,geom,20
mixture,0.006250000000000004,634.5879942741446,1275.1759885482893,1284.4202016432428,19.447206607714186,0.051421263192384686,0.051421266849079494,geom,20
mixture,0.05,634.5879942741446,1275.1759885482893,1284.4202016432428,19.447206779554794,0.05142126245505722,0.05142126657800056,geom,20
mixture,0.45,634.5879942741446,1275.1759885482893,1284.4202016432428,19.44720618224866,0.051421263852412455,0.05142127130478746,geom,20
mixture,0.007500000000000005,634.5879942741448,1275.1759885482895,1284.420201643243,19.44720680209561,0.0514212729029045,0.051421266262448743,geom,20
mixture,0.004500000000000002,634.5879942741448,1275.1759885482895,1284.420201643243,19.4472067524898,0.05142126565467805,0.05142126644698256,geom,20
mixture,0.009500000000000007,634.5879942741448,1275.1759885482895,1284.420201643243,19.447206848592504,0.05142125895167918,0.05142126625872449,geom,20
mixture,0.008250000000000006,634.5879942741448,1275.1759885482895,1284.420201643243,19.447206709898257,0.05142126952810006,0.05142126653131198,geom,20
mixture,0.005500000000000003,634.5879942741449,1275.1759885482898,1284.4202016432432,19.44720682266574,0.0514212658941654,0.051421266259873116,geom,20
mixture,0.002,634.5879942741449,1275.1759885482898,1284.4202016432432,19.44720695228697,0.051421262619568454,0.0514212659217285,geom,20
mixture,0.005000000000000003,634.5879942741449,1275.1759885482898,1284.4202016432432,19.447206878373596,0.05142125961725807,0.051421266143191646,geom,20
mixture,0.005750000000000003,634.5879942741449,1275.1759885482898,1284.4202016432432,19.44720688912797,0.051421272403952986,0.051421266045565114,geom,20
mixture,0.007750000000000005,634.5879942741449,1275.1759885482898,1284.4202016432432,19.44720665023792,0.051421269298533204,0.05142126669359791,geom,20
mixture,0.0037500000000000016,634.5879942741449,1275.1759885482898,1284.4202016432432,19.447206872512794,0.05142125956019298,0.05142126615077348,geom,20
mixture,0.009000000000000006,634.5879942741449,1275.1759885482898,1284.4202016432432,19.4472068344366,0.05142127135746829,0.0514212661801419,geom,20
mixture,0.006500000000000004,634.5879942741449,1275.1759885482898,1284.4202016432432,19.44720677090143,0.05142127319235123,0.051421266350260564,geom,20
mixture,0.0070000000000000045,634.5879942741449,1275.1759885482898,1284.4202016432432,19.44720675034318,0.05142126841118794,0.05142126643526168,geom,20
mixture,0.1,634.5879942741449,1275.1759885482898,1284.4202016432432,19.447206619838532,0.05142125798172298,0.051421267773327194,geom,20
mixture,0.010000000000000007,634.5879942741449,1275.1759885482898,1284.4202016432432,19.4472069172931,0.051421264514331634,0.05142126602273715,geom,20
mixture,0.005250000000000003,634.5879942741449,1275.1759885482898,1284.4202016432432,19.44720684109356,0.05142127244468554,0.05142126617622645,geom,20
mixture,0.0047500000000000025,634.5879942741449,1275.1759885482898,1284.4202016432432,19.447206864031145,0.05142126618400733,0.05142126614831599,geom,20
mixture,0.0022500000000000003,634.5879942741449,1275.1759885482898,1284.4202016432432,19.447206805373128,0.05142126188352688,0.05142126631355348,geom,20
mixture,0.0035000000000000014,634.587994274145,1275.17598854829,1284.4202016432434,19.44720692247503,0.051421259776131566,0.05142126601579013,geom,20
mixture,0.004000000000000002,634.587994274145,1275.17598854829,1284.4202016432434,19.447206787394464,0.05142126034658228,0.051421266375238764,geom,20
mixture,0.009750000000000007,634.587994274145,1275.17598854829,1284.4202016432434,19.447206984124662,0.051421270895276004,0.051421265781077224,geom,20
mixture,0.009250000000000006,634.587994274145,1275.17598854829,1284.4202016432434,19.4472067050581,0.051421265608770195,0.05142126657779706,geom,20
mixture,0.008500000000000006,634.587994274145,1275.17598854829,1284.4202016432434,19.447206849563464,0.05142126050276893,0.05142126623546814,geom,20
mixture,0.004250000000000002,634.5879942741451,1275.1759885482902,1284.4202016432437,19.44720686856283,0.051421259327539874,0.0514212661655647,geom,20
mixture,0.0027500000000000007,634.5879942741451,1275.1759885482902,1284.4202016432437,19.447206930825526,0.05142125792486985,0.05142126599406167,geom,20
mixture,0.0025000000000000005,634.5879942741451,1275.1759885482902,1284.4202016432437,19.447206973581135,0.05142126258147595,0.05142126586703318,geom,20
mixture,0.008000000000000005,634.5879942741451,1275.1759885482902,1284.4202016432437,19.447206834152116,0.05142126466208592,0.05142126624011428,geom,20
mixture,0.006000000000000004,634.5879942741451,1275.1759885482902,1284.4202016432437,19.447206915986587,0.05142126213878718,0.05142126603448188,geom,20
mixture,0.006750000000000004,634.5879942741451,1275.1759885482902,1284.4202016432437,19.447206980290872,0.05142127311203425,0.051421265791665276,geom,20
mixture,0.007250000000000005,634.5879942741451,1275.1759885482902,1284.4202016432437,19.447206793699866,0.05142126243760719,0.05142126636291019,geom,20
mixture,0.003250000000000001,634.5879942741451,1275.1759885482902,1284.4202016432437,19.447206780732643,0.05142126057474363,0.051421266387630865,geom,20
mixture,0.4,634.5879942741451,1275.1759885482902,1284.4202016432437,19.447205976328085,0.051421255555083506,0.05142127712278573,geom,20
mixture,0.35000000000000003,634.5879942741451,1275.1759885482902,1284.4202016432437,19.447205941149846,0.05142125490308655,0.05142127595790887,geom,20
mixture,0.15000000000000002,634.5879942741451,1275.1759885482902,1284.4202016432437,19.447206366374587,0.05142124781095333,0.05142127093261269,geom,20
mixture,0.2,634.5879942741458,1275.1759885482916,1284.420201643245,19.447206386082996,0.05142124117084419,0.051421273972606305,geom,20
mixture,0.25,634.5879942741464,1275.1759885482927,1284.4202016432462,19.44720633590736,0.051421240148390196,0.051421276677106116,geom,20
mixture,0.3,634.5879942741465,1275.175988548293,1284.4202016432464,19.44720602651731,0.051421242550862396,0.051421279425345454,geom,20
null,,634.5879942741452,1271.1759885482904,1274.257392913275,19.44720706260763,0.051421265623420184,,geom,20
sum,,633.6676860927832,1269.3353721855665,1272.416776550551,29.232005368886227,0.06841815930044769,,geom,20
mixture,0.4,673.0846425377606,1352.1692850755212,1361.4688843589938,22.792684336332357,0.04387372829518893,0.04387372539292339,geom,21
mixture,0.2,673.0846425377607,1352.1692850755214,1361.468884358994,22.79268403860838,0.0438737309169091,0.04387372617942233,geom,21
mixture,0.005000000000000003,673.0846425377608,1352.1692850755217,1361.4688843589943,22.79268449839277,0.04387372689714676,0.043873726238586035,geom,21
mixture,0.0047500000000000025,673.0846425377608,1352.1692850755217,1361.4688843589943,22.79268429465119,0.04387372688460557,0.04387372663286604,geom,21
mixture,0.009000000000000006,673.0846425377608,1352.1692850755217,1361.4688843589943,22.792684732003448,0.043873726328072744,0.0438737257873341,geom,21
mixture,0.15000000000000002,673.0846425377608,1352.1692850755217,1361.4688843589943,22.79268407058569,0.043873730648940935,0.043873726432970904,geom,21
mixture,0.007750000000000005,673.0846425377608,1352.1692850755217,1361.4688843589943,22.792684459839016,0.04387372655182112,0.04387372631424993,geom,21
mixture,0.006500000000000004,673.0846425377608,1352.1692850755217,1361.4688843589943,22.792684675961905,0.04387372614712642,0.043873725898459,geom,21
mixture,0.05,673.0846425377608,1352.1692850755217,1361.4688843589943,22.792684554822316,0.0438737280208456,0.043873726033910654,geom,21
mixture,0.45,673.0846425377608,1352.1692850755217,1361.4688843589943,22.792684404744307,0.04387372798858055,0.04387372514051261,geom,21
mixture,0.1,673.0846425377608,1352.1692850755217,1361.4688843589943,22.792684506746006,0.043873728495990416,0.043873725973556266,geom,21
mixture,0.35000000000000003,673.0846425377608,1352.1692850755217,1361.4688843589943,22.792684625534655,0.04387372808113459,0.043873724874993664,geom,21
mixture,0.25,673.0846425377609,1352.1692850755219,1361.4688843589945,22.79268454973642,0.043873729853883506,0.043873724906101974,geom,21
mixture,0.008500000000000006,673.0846425377609,1352.1692850755219,1361.4688843589945,22.79268457724659,0.0438737263933183,0.04387372608749331,geom,21
mixture,0.002,673.084642537761,1352.169285075522,1361.4688843589947,22.792684758649965,0.04387372637337498,0.0438737257396413,geom,21
mixture,0.0027500000000000007,673.084642537761,1352.169285075522,1361.4688843589947,22.79268457615842,0.04387372558261785,0.04387372609359262,geom,21
mixture,0.009500000000000007,673.084642537761,1352.169285075522,1361.4688843589947,22.792684532852338,0.04387372736019672,0.04387372616418538,geom,21
mixture,0.009250000000000006,673.084642537761,1352.169285075522,1361.4688843589947,22.792684801778947,0.04387372609622282,0.04387372565379719,geom,21
mixture,0.009750000000000007,673.084642537761,1352.169285075522,1361.4688843589947,22.79268467968364,0.043873725768420045,0.04387372589413709,geom,21
mixture,0.006000000000000004,673.084642537761,1352.169285075522,1361.4688843589947,22.792684797454967,0.04387372589008987,0.0438737256648615,geom,21
mixture,0.006750000000000004,673.084642537761,1352.169285075522,1361.4688843589947,22.792684790341255,0.043873725514996895,0.04387372568102679,geom,21
mixture,0.004250000000000002,673.084642537761,1352.169285075522,1361.4688843589947,22.792684563449544,0.043873726865239486,0.04387372611345573,geom,21
mixture,0.3,673.084642537761,1352.169285075522,1361.4688843589947,22.792684688560115,0.04387372912359411,0.043873724483924084,geom,21
mixture,0.5,673.084642537761,1352.169285075522,1361.4688843589947,22.79268456232126,0.04387372611882265,0.04387372611882265,geom,21
mixture,0.004500000000000002,673.084642537761,1352.169285075522,1361.4688843589947,22.792684607102352,0.043873726951694496,0.04387372602846884,geom,21
mixture,0.005500000000000003,673.084642537761,1352.169285075522,1361.4688843589947,22.792684678030525,0.043873725363296846,0.04387372589904003,geom,21
mixture,0.008750000000000006,673.084642537761,1352.169285075522,1361.4688843589947,22.792684560957877,0.04387372638333138,0.04387372611913531,geom,21
mixture,0.008000000000000005,673.084642537761,1352.169285075522,1361.4688843589947,22.792684775969935,0.043873725181179456,0.043873725711814575,geom,21
mixture,0.004000000000000002,673.084642537761,1352.169285075522,1361.4688843589947,22.79268492881663,0.04387372586162105,0.04387372541155404,geom,21
mixture,0.003250000000000001,673.084642537761,1352.169285075522,1361.4688843589947,22.79268467808084,0.043873725004751445,0.04387372589890258,geom,21
mixture,0.0037500000000000016,673.084642537761,1352.169285075522,1361.4688843589947,22.792684435697563,0.04387372698309151,0.04387372636022534,geom,21
mixture,0.005750000000000003,673.0846425377612,1352.1692850755223,1361.468884358995,22.79268478018263,0.04387372600496634,0.04387372569769365,geom,21
mixture,0.006250000000000004,673.0846425377612,1352.1692850755223,1361.468884358995,22.79268458902056,0.04387372617198362,0.043873726066771486,geom,21
mixture,0.0070000000000000045,673.0846425377612,1352.1692850755223,1361.468884358995,22.79268475956649,0.04387372692882653,0.04387372573075807,geom,21
mixture,0.007250000000000005,673.0846425377613,1352.1692850755226,1361.4688843589952,22.792684861234285,0.04387372519677223,0.043873725545975545,geom,21
mixture,0.0025000000000000005,673.0846425377613,1352.1692850755226,1361.4688843589952,22.79268471029225,0.04387372569468026,0.04387372583434188,geom,21
mixture,0.0035000000000000014,673.0846425377613,1352.1692850755226,1361.4688843589952,22.79268464053515,0.04387372732389055,0.04387372596350709,geom,21
mixture,0.003000000000000001,673.0846425377613,1352.1692850755226,1361.4688843589952,22.79268479808068,0.04387372581340693,0.04387372566456191,geom,21
mixture,0.0022500000000000003,673.0846425377613,1352.1692850755226,1361.4688843589952,22.792684746596,0.04387372550303404,0.04387372576470024,geom,21
mixture,0.005250000000000003,673.0846425377613,1352.1692850755226,1361.4688843589952,22.792684883451535,0.043873725503451956,0.04387372550066311,geom,21
mixture,0.008250000000000006,673.0846425377613,1352.1692850755226,1361.4688843589952,22.79268488161633,0.04387372567946919,0.04387372550275243,geom,21
mixture,0.007500000000000005,673.0846425377613,1352.1692850755226,1361.4688843589952,22.792684841342925,0.04387372637068314,0.04387372557577093,geom,21
mixture,0.010000000000000007,673.0846425377613,1352.1692850755226,1361.4688843589952,22.79268484493242,0.043873725902580346,0.043873725571512666,geom,21
null,,673.084642537762,1348.169285075524,1351.2691515033482,22.792685835667427,0.043873723667753856,,geom,21
sum,,673.1587694258467,1348.3175388516934,1351.4174052795177,34.40204811857889,0.05813607355894303,,geom,21
mixture,0.4,766.6580267889435,1539.316053577887,1549.1503975555786,12.819820585416611,0.04771949078134557,0.13521122297134508,geom,22
mixture,0.45,766.7203869487938,1539.4407738975876,1549.2751178752792,13.44722604253094,0.048372670939884864,0.1327075146039778,geom,22
mixture,0.5,766.7943655787852,1539.5887311575705,1549.423075135262,14.043239910950353,0.13055809291339024,0.04895468477521971,geom,22
mixture,0.35000000000000003,767.0416081835799,1540.0832163671598,1549.9175603448514,15.687200806438922,0.12552695272017866,0.05039167903088722,geom,22
mixture,0.3,767.1251411493658,1540.2502822987317,1550.0846262764233,16.19685664808582,0.1241882545890744,0.05079394836872332,geom,22
mixture,0.25,767.2074404286973,1540.4148808573946,1550.2492248350861,16.69089597500005,0.12297426849760396,0.05116677172602936,geom,22
mixture,0.2,767.2880056907153,1540.5760113814306,1550.4103553591221,17.170924365178966,0.12186426687033858,0.051514015619600936,geom,22
mixture,0.15000000000000002,767.3665374067804,1540.7330748135607,1550.5674187912523,17.63824042979577,0.12084459979761401,0.05183882416512268,geom,22
mixture,0.1,767.4428686682522,1540.8857373365045,1550.720081314196,18.09395782648441,0.11990548968931203,0.05214378253943761,geom,22
mixture,0.05,767.5169207734109,1541.0338415468218,1550.8681855245134,18.53908499009511,0.11903620718967627,0.052431020200458554,geom,22
mixture,0.010000000000000007,767.5793985847547,1541.1587971695094,1550.993141147201,18.84674730912071,0.18640166850248413,0.05267890953143798,geom,22
mixture,0.009750000000000007,767.5796286476086,1541.1592572952172,1550.9936012729088,18.849954056144757,0.18636708740019522,0.05267949103721095,geom,22
mixture,0.009500000000000007,767.5798588103305,1541.159717620661,1550.9940615983526,18.853159811248368,0.18633258211332743,0.05268007359862263,geom,22
mixture,0.009250000000000006,767.580089071198,1541.160178142396,1550.9945221200876,18.85636515255897,0.18629813916186108,0.0526806556093418,geom,22
mixture,0.009000000000000006,767.5803194293492,1541.1606388586983,1550.99498283639,18.85956971779164,0.18626375292507788,0.05268123809138086,geom,22
mixture,0.008750000000000006,767.5805498835682,1541.1610997671364,1550.995443744828,18.86277385915687,0.18622941352343444,0.05268182006788078,geom,22
mixture,0.008500000000000006,767.5807804329203,1541.1615608658406,1550.9959048435321,18.865977123701803,0.18619511264099817,0.05268240281486197,geom,22
mixture,0.008250000000000006,767.5810110760704,1541.1620221521407,1550.9963661298323,18.869179592166404,0.18616083628166752,0.052682986116710885,geom,22
mixture,0.008000000000000005,767.5812418122989,1541.1624836245978,1550.9968276022894,18.872381645003298,0.18612657736739258,0.05268356891385003,geom,22
mixture,0.007750000000000005,767.5814726403422,1541.1629452806844,1550.997289258376,18.875582990195156,0.18609231953065727,0.05268415203402742,geom,22
mixture,0.007500000000000005,767.5817035591176,1541.1634071182352,1550.9977510959268,18.87878347471131,0.18605804703097326,0.0526847359138463,geom,22
mixture,0.007250000000000005,767.5819345681138,1541.1638691362275,1550.998213113919,18.88198336364246,0.18602375096919593,0.05268531981516984,geom,22
mixture,0.0070000000000000045,767.5821656658392,1541.1643313316783,1550.99867530937,18.88518294908384,0.18598940595929017,0.0526859029336643,geom,22
mixture,0.006750000000000004,767.582396851736,1541.164793703472,1550.9991376811636,18.888381478836777,0.1859549967522233,0.05268648737669104,geom,22
mixture,0.006500000000000004,767.5826281247165,1541.165256249433,1550.9996002271246,18.89157932618161,0.18592049818601425,0.05268707210897171,geom,22
mixture,0.006250000000000004,767.5828594839056,1541.1657189678112,1551.0000629455028,18.894776906093217,0.18588588474221643,0.052687655977865774,geom,22
mixture,0.006000000000000004,767.5830909286979,1541.1661818573957,1551.0005258350873,18.897973663509465,0.18585113047828766,0.0526882405390701,geom,22
mixture,0.005750000000000003,767.5833224581286,1541.1666449162572,1551.0009888939487,18.90116986707372,0.18581619907928823,0.0526888250496646,geom,22
mixture,0.005500000000000003,767.5835540715859,1541.1671081431718,1551.0014521208634,18.904365492644466,0.185781054286502,0.05268940958177773,geom,22
mixture,0.005250000000000003,767.5837857684684,1541.1675715369367,1551.0019155146283,18.907560408505418,0.18574565299693033,0.052689994507682865,geom,22
mixture,0.005000000000000003,767.584017548176,1541.168035096352,1551.0023790740436,18.910754429017278,0.18570994355178883,0.05269058034975333,geom,22
mixture,0.0047500000000000025,767.5842494102421,1541.1684988204843,1551.0028427981758,18.91394835560564,0.18567386745986542,0.05269116487481339,geom,22
mixture,0.004500000000000002,767.5844813543986,1541.1689627087972,1551.0033066864887,18.917141136216593,0.18563735602889642,0.052691751020021264,geom,22
mixture,0.004250000000000002,767.5847133802775,1541.169426760555,1551.0037707382467,18.92033375326648,0.18560032408500504,0.05269233604718238,geom,22
mixture,0.004000000000000002,767.584945487975,1541.16989097595,1551.0042349536416,18.923525465450382,0.1855626758992941,0.052692922022346704,geom,22
mixture,0.0037500000000000016,767.5851776776035,1541.170355355207,1551.0046993328986,18.926716618965024,0.18552429189085376,0.052693507978238706,geom,22
mixture,0.0035000000000000014,767.5854099495346,1541.170819899069,1551.0051638767607,18.929907063872133,0.18548502584615906,0.05269409432877617,geom,22
mixture,0.003250000000000001,767.5856423045489,1541.1712846090977,1551.0056285867893,18.933097004844733,0.18544470062746238,0.05269468049592732,geom,22
mixture,0.003000000000000001,767.5858747437867,1541.1717494875734,1551.006093465265,18.936286175421724,0.18540309258122328,0.05269526721131876,geom,22
mixture,0.0027500000000000007,767.586107268873,1541.172214537746,1551.0065585154375,18.939474603843408,0.18535991633515359,0.05269585438093519,geom,22
mixture,0.0025000000000000005,767.586340148215,1541.17268029643,1551.0070242741215,18.942661598752338,0.18532638352381173,0.0526964415611323,geom,22
mixture,0.0022500000000000003,767.5865747000835,1541.173149400167,1551.0074933778585,18.945784814076315,0.18536937068173964,0.05269719066708124,geom,22
mixture,0.002,767.5868090831784,1541.1736181663568,1551.0079621440484,18.94898280662856,0.18541767028806388,0.05269773222606768,geom,22
null,,767.5886738019747,1537.1773476039493,1540.45546226318,18.97449143827508,0.052702334776826426,,geom,22
sum,,769.4538417089059,1540.9076834178118,1544.1857980770424,28.916641847738312,0.06916432449283277,,geom,22
mixture,0.007250000000000005,705.6491830198381,1417.2983660396762,1426.7233567091841,23.298246429593668,0.04292168544850439,0.04292168524301815,geom,23
mixture,0.008000000000000005,705.6491830198381,1417.2983660396762,1426.7233567091841,23.298246689714503,0.04292168382418502,0.04292168477288444,geom,23
mixture,0.006500000000000004,705.6491830198381,1417.2983660396762,1426.7233567091841,23.298246569330164,0.04292168497263506,0.0429216849871699,geom,23
mixture,0.010000000000000007,705.6491830198381,1417.2983660396762,1426.7233567091841,23.29824641720357,0.04292168595260981,0.04292168526041187,geom,23
mixture,0.2,705.6491830198381,1417.2983660396762,1426.7233567091841,23.29824610192078,0.042921689227014156,0.04292168500345932,geom,23
mixture,0.15000000000000002,705.6491830198381,1417.2983660396762,1426.7233567091841,23.298246251943123,0.04292168920121075,0.04292168493130215,geom,23
mixture,0.1,705.6491830198381,1417.2983660396762,1426.7233567091841,23.298246242883337,0.042921688996544693,0.042921685209805036,geom,23
mixture,0.005750000000000003,705.6491830198382,1417.2983660396765,1426.7233567091844,23.29824665959857,0.04292168487101725,0.042921684820486,geom,23
mixture,0.007500000000000005,705.6491830198382,1417.2983660396765,1426.7233567091844,23.298246652312752,0.04292168521728708,0.04292168483130414,geom,23
mixture,0.009500000000000007,705.6491830198382,1417.2983660396765,1426.7233567091844,23.298246436870897,0.04292168569766122,0.04292168522662647,geom,23
mixture,0.006750000000000004,705.6491830198383,1417.2983660396767,1426.7233567091846,23.298246536083663,0.04292168549046058,0.04292168504531979,geom,23
mixture,0.0035000000000000014,705.6491830198383,1417.2983660396767,1426.7233567091846,23.298246645877466,0.042921684440884345,0.042921684847477624,geom,23
mixture,0.006000000000000004,705.6491830198383,1417.2983660396767,1426.7233567091846,23.298246493592963,0.042921684982188915,0.0429216851274756,geom,23
mixture,0.0070000000000000045,705.6491830198383,1417.2983660396767,1426.7233567091846,23.29824682132126,0.04292168494729694,0.04292168451984738,geom,23
mixture,0.003000000000000001,705.6491830198383,1417.2983660396767,1426.7233567091846,23.298246783936644,0.04292168508578733,0.04292168459022543,geom,23
mixture,0.003250000000000001,705.6491830198383,1417.2983660396767,1426.7233567091846,23.298246762361163,0.04292168550088886,0.04292168462862515,geom,23
mixture,0.009750000000000007,705.6491830198383,1417.2983660396767,1426.7233567091846,23.298246681323654,0.042921684944429196,0.0429216847791415,geom,23
mixture,0.007750000000000005,705.6491830198383,1417.2983660396767,1426.7233567091846,23.298246823133304,0.042921684440833864,0.04292168452011568,geom,23
mixture,0.008750000000000006,705.6491830198383,1417.2983660396767,1426.7233567091846,23.29824648173055,0.04292168510841612,0.04292168514881111,geom,23
mixture,0.008250000000000006,705.6491830198383,1417.2983660396767,1426.7233567091846,23.298246804346668,0.04292168584574963,0.04292168454336667,geom,23
mixture,0.009000000000000006,705.6491830198383,1417.2983660396767,1426.7233567091846,23.298246736465426,0.04292168459297392,0.04292168467994975,geom,23
mixture,0.005250000000000003,705.6491830198383,1417.2983660396767,1426.7233567091846,23.298246753773903,0.04292168475258243,0.042921684646724315,geom,23
mixture,0.004000000000000002,705.6491830198383,1417.2983660396767,1426.7233567091846,23.29824652494052,0.042921685880363776,0.0429216850655941,geom,23
mixture,0.005500000000000003,705.6491830198383,1417.2983660396767,1426.7233567091846,23.298246760079753,0.042921684917222765,0.04292168463410584,geom,23
mixture,0.004250000000000002,705.6491830198383,1417.2983660396767,1426.7233567091846,23.29824653804382,0.042921685258811904,0.04292168504379955,geom,23
mixture,0.008500000000000006,705.6491830198385,1417.298366039677,1426.7233567091848,23.298246658324178,0.042921686193116045,0.042921684811379576,geom,23
mixture,0.45,705.6491830198385,1417.298366039677,1426.7233567091848,23.29824697720801,0.04292168452880689,0.04292168399580145,geom,23
mixture,0.05,705.6491830198385,1417.298366039677,1426.7233567091848,23.298246582203568,0.042921686769429104,0.04292168486830281,geom,23
mixture,0.0027500000000000007,705.6491830198386,1417.2983660396771,1426.723356709185,23.298246729893023,0.04292168429597723,0.04292168469236518,geom,23
mixture,0.005000000000000003,705.6491830198386,1417.2983660396771,1426.723356709185,23.298246487431513,0.04292168521730478,0.04292168513755619,geom,23
mixture,0.0022500000000000003,705.6491830198386,1417.2983660396771,1426.723356709185,23.29824673134566,0.04292168509952957,0.042921684687672296,geom,23
mixture,0.0037500000000000016,705.6491830198386,1417.2983660396771,1426.723356709185,23.298246797551958,0.0429216843901363,0.04292168456729337,geom,23
mixture,0.5,705.6491830198386,1417.2983660396771,1426.723356709185,23.298247190704537,0.04292168384233544,0.04292168384233544,geom,23
mixture,0.009250000000000006,705.6491830198386,1417.2983660396771,1426.723356709185,23.298246727690156,0.042921684836665565,0.04292168469401387,geom,23
mixture,0.0025000000000000005,705.6491830198386,1417.2983660396771,1426.723356709185,23.298246599668584,0.04292168423500398,0.042921684932928646,geom,23
mixture,0.006250000000000004,705.6491830198386,1417.2983660396771,1426.723356709185,23.298246561337088,0.04292168502023962,0.04292168500168487,geom,23
mixture,0.002,705.6491830198386,1417.2983660396771,1426.723356709185,23.29824663719885,0.042921684856280166,0.04292168486205446,geom,23
mixture,0.004500000000000002,705.6491830198386,1417.2983660396771,1426.723356709185,23.298246919151673,0.04292168447073591,0.042921684342030225,geom,23
mixture,0.4,705.6491830198386,1417.2983660396771,1426.723356709185,23.29824703544373,0.04292168542895587,0.042921683261309324,geom,23
mixture,0.35000000000000003,705.6491830198386,1417.2983660396771,1426.723356709185,23.29824728943384,0.04292168606192241,0.04292168236734852,geom,23
mixture,0.0047500000000000025,705.6491830198387,1417.2983660396774,1426.7233567091853,23.298246998574363,0.042921684201301484,0.042921684196267365,geom,23
mixture,0.3,705.6491830198387,1417.2983660396774,1426.7233567091853,23.298247269629996,0.042921685863515364,0.04292168276839827,geom,23
mixture,0.25,705.6491830198388,1417.2983660396776,1426.7233567091855,23.29824717585037,0.042921688132378344,0.04292168244880853,geom,23
null,,705.6491830198397,1413.2983660396794,1416.440029596182,23.298248584477637,0.04292168127462791,,geom,23
sum,,705.2670156604036,1412.5340313208071,1415.6756948773098,35.08061619157071,0.05701154133320402,,geom,23
mixture,0.4,689.8644513175961,1385.7289026351923,1395.2742532860686,11.477833161831317,0.05051119276374774,0.1685963337025478,geom,24
mixture,0.15000000000000002,689.8726366197793,1385.7452732395586,1395.290623890435,7.107004324164619,0.04665966427232013,0.21838345615020258,geom,24
mixture,0.45,689.9669076017942,1385.9338152035884,1395.4791658544648,12.17864709169648,0.05100538713720182,0.16388315536484277,geom,24
mixture,0.5,690.0709977095255,1386.141995419051,1395.6873460699273,12.846405885248377,0.15983040730468695,0.05145043926517799,geom,24
mixture,0.35000000000000003,690.3722401951954,1386.744480390391,1396.2898310412672,14.689256818067557,0.15039753332940856,0.05258010157500277,geom,24
mixture,0.3,690.4662304578769,1386.9324609157538,1396.4778115666302,15.259651742192462,0.14790733044146515,0.052904635660238924,geom,24
mixture,0.1,690.5301636115316,1387.0603272230633,1396.6056778739396,5.790987614126239,0.045448078380280456,0.25064928167699335,geom,24
mixture,0.25,690.5565940149693,1387.1131880299386,1396.658538680815,15.811790246036168,0.14565222934403527,0.05320895024172591,geom,24
mixture,0.2,690.6433444750006,1387.2866889500012,1396.8320396008776,16.34725828252874,0.1436009258684408,0.05349556898096692,geom,24
mixture,0.05,690.8830061721294,1387.7660123442588,1397.3113629951351,17.867077970166694,0.13840828921356857,0.054267641826705494,geom,24
mixture,0.010000000000000007,690.9441274988665,1387.888254997733,1397.4336056486093,18.227304238497393,0.1852984122986289,0.05447541016706467,geom,24
mixture,0.009750000000000007,690.9444371085449,1387.8888742170898,1397.4342248679661,18.230343129864483,0.1852634642870589,0.05447604275440699,geom,24
mixture,0.009500000000000007,690.9447467481791,1387.8894934963582,1397.4348441472346,18.23338096148142,0.18522862546696456,0.05447667660754644,geom,24
mixture,0.009250000000000006,690.9450564168603,1387.8901128337207,1397.435463484597,18.23641849937678,0.18519389098674288,0.05447730944110911,geom,24
mixture,0.009000000000000006,690.9453661137045,1387.890732227409,1397.4360828782853,18.239455053164047,0.18515925414388093,0.0544779433345335,geom,24
mixture,0.008750000000000006,690.9456758377917,1387.8913516755833,1397.4367023264597,18.242490764267952,0.18512470785723034,0.054478577874537644,geom,24
mixture,0.008500000000000006,690.9459855883293,1387.8919711766587,1397.437321827535,18.245525976207347,0.18509024666720764,0.054479212041457725,geom,24
mixture,0.008250000000000006,690.9462953644667,1387.8925907289333,1397.4379413798097,18.24856062266493,0.18505586283771078,0.05447984604427632,geom,24
mixture,0.008000000000000005,690.9466051652884,1387.8932103305767,1397.438560981453,18.25159442585229,0.1850215462754956,0.054480480725506875,geom,24
mixture,0.007750000000000005,690.9469149898499,1387.8938299796998,1397.4391806305762,18.254627309847013,0.18498728521841443,0.05448111632330116,geom,24
mixture,0.007500000000000005,690.9472248377767,1387.8944496755535,1397.4398003264298,18.25765983176761,0.18495307847989859,0.05448175117441808,geom,24
mixture,0.007250000000000005,690.9475347077648,1387.8950694155296,1397.440420066406,18.260691521728667,0.1849189042108302,0.05448238670088786,geom,24
mixture,0.0070000000000000045,690.9478445993764,1387.8956891987527,1397.441039849629,18.263722717887912,0.1848847569779491,0.05448302189600288,geom,24
mixture,0.006750000000000004,690.9481545116847,1387.8963090233694,1397.4416596742458,18.266753147241623,0.18485061892127097,0.05448365758738692,geom,24
mixture,0.006500000000000004,690.9484644438915,1387.896928887783,1397.4422795386592,18.269782666422298,0.18481647259253364,0.05448429421278124,geom,24
mixture,0.006250000000000004,690.9487743952617,1387.8975487905234,1397.4428994413997,18.272811703812607,0.18478229988534833,0.05448493050039905,geom,24
mixture,0.006000000000000004,690.9490843650814,1387.8981687301628,1397.443519381039,18.275840101022634,0.18474807947577931,0.05448556693218543,geom,24
mixture,0.005750000000000003,690.9493943526709,1387.8987887053418,1397.444139356218,18.278867777714403,0.18471378734441632,0.054486203756093,geom,24
mixture,0.005500000000000003,690.9497043573414,1387.8994087146827,1397.444759365559,18.28189498714369,0.18467939520033827,0.05448684022395931,geom,24
mixture,0.005250000000000003,690.9500143784134,1387.9000287568267,1397.445379407703,18.284921262610794,0.1846448688023355,0.054487477737321176,geom,24
mixture,0.005000000000000003,690.9503244153398,1387.9006488306795,1397.4459994815559,18.287947232179658,0.18461017228695015,0.05448811442752672,geom,24
mixture,0.0047500000000000025,690.9506344674544,1387.9012689349088,1397.4466195857851,18.290972167665462,0.18457525689373955,0.05448875247581465,geom,24
mixture,0.004500000000000002,690.9509445342469,1387.9018890684938,1397.4472397193701,18.293996664908146,0.18454006976322673,0.054489390109872006,geom,24
mixture,0.004250000000000002,690.9512546152489,1387.9025092304978,1397.4478598813741,18.297020413013232,0.18450454597702104,0.05449002826260244,geom,24
mixture,0.004000000000000002,690.9515647100488,1387.9031294200977,1397.448480070974,18.300043856685654,0.18446860738766094,0.05449066561245885,geom,24
mixture,0.0037500000000000016,690.9518748184055,1387.903749636811,1397.4491002876873,18.303066159818787,0.18443216040405802,0.05449130465476566,geom,24
mixture,0.0035000000000000014,690.9521849401244,1387.9043698802489,1397.4497205311252,18.306088193379033,0.1843950886833323,0.05449194279462349,geom,24
mixture,0.003250000000000001,690.9524950751975,1387.904990150395,1397.4503408012713,18.309109307157588,0.1843572468516473,0.054492581969341765,geom,24
mixture,0.003000000000000001,690.9528052236778,1387.9056104473557,1397.450961098232,18.312130119397047,0.1843184457115746,0.05449322033524114,geom,24
mixture,0.0027500000000000007,690.9531156975422,1387.9062313950844,1397.4515820459608,18.31514814904374,0.18429553450965963,0.05449386115440493,geom,24
mixture,0.0025000000000000005,690.953426996153,1387.906853992306,1397.4522046431823,18.31816071749622,0.18432341387784168,0.054494505793703026,geom,24
mixture,0.0022500000000000003,690.9537381568916,1387.9074763137833,1397.4528269646596,18.321173709001936,0.18435448357742273,0.0544951494604011,geom,24
mixture,0.002,690.9540491722901,1387.9080983445801,1397.4534489954565,18.32418683861308,0.18438937351811371,0.05449579310235382,geom,24
null,,690.9565297835991,1383.9130595671982,1387.0948431174902,18.348316453141898,0.05450091307035222,,geom,24
sum,,692.6823835149837,1387.3647670299674,1390.5465505802595,27.98981830659411,0.07145455458454408,,geom,24
mixture,0.4,690.2083377564388,1386.4166755128776,1395.8063716576469,22.34911371341693,0.04474450459899472,0.04474450300807112,geom,25
mixture,0.2,690.2083377564388,1386.4166755128776,1395.8063716576469,22.349113753455946,0.04474450620136567,0.044744502905008136,geom,25
mixture,0.15000000000000002,690.2083377564389,1386.4166755128779,1395.806371657647,22.349113940694373,0.04474450647876488,0.04474450260894161,geom,25
mixture,0.35000000000000003,690.2083377564389,1386.4166755128779,1395.806371657647,22.349113923451505,0.04474450507989456,0.044744502224574524,geom,25
mixture,0.0022500000000000003,690.208337756439,1386.416675512878,1395.8063716576473,22.349114256254953,0.04474450313448835,0.04474450255633969,geom,25
mixture,0.005750000000000003,690.208337756439,1386.416675512878,1395.8063716576473,22.349114293209798,0.04474450213768965,0.04474450248565512,geom,25
mixture,0.006750000000000004,690.208337756439,1386.416675512878,1395.8063716576473,22.349114366267713,0.044744503061259,0.044744502332467885,geom,25
mixture,0.006250000000000004,690.208337756439,1386.416675512878,1395.8063716576473,22.349114220949787,0.04474450327786096,0.04474450262423881,geom,25
mixture,0.25,690.208337756439,1386.416675512878,1395.8063716576473,22.34911417945642,0.04474450529120926,0.04474450185145911,geom,25
mixture,0.45,690.208337756439,1386.416675512878,1395.8063716576473,22.349113775094363,0.04474450464208386,0.04474450260367319,geom,25
mixture,0.5,690.208337756439,1386.416675512878,1395.8063716576473,22.349114006415494,0.04474450305783674,0.04474450305783674,geom,25
mixture,0.3,690.208337756439,1386.416675512878,1395.8063716576473,22.349113748595617,0.044744506102428014,0.044744502490402835,geom,25
mixture,0.008000000000000005,690.208337756439,1386.416675512878,1395.8063716576473,22.34911430185777,0.04474450321264911,0.04474450246032185,geom,25
mixture,0.008250000000000006,690.2083377564392,1386.4166755128783,1395.8063716576476,22.34911440126587,0.04474450280278359,0.04474450226286411,geom,25
mixture,0.0047500000000000025,690.2083377564392,1386.4166755128783,1395.8063716576476,22.349114488483576,0.04474450256785093,0.04474450209043472,geom,25
mixture,0.0025000000000000005,690.2083377564393,1386.4166755128786,1395.8063716576478,22.34911425206574,0.044744502501255494,0.04474450256618996,geom,25
mixture,0.009000000000000006,690.2083377564393,1386.4166755128786,1395.8063716576478,22.349114478755382,0.044744501850519126,0.04474450211455531,geom,25
mixture,0.006000000000000004,690.2083377564393,1386.4166755128786,1395.8063716576478,22.34911435852613,0.04474450240227338,0.044744502352588304,geom,25
mixture,0.008750000000000006,690.2083377564393,1386.4166755128786,1395.8063716576478,22.349114197702377,0.04474450244929371,0.044744502676858096,geom,25
mixture,0.007500000000000005,690.2083377564393,1386.4166755128786,1395.8063716576478,22.349114334309174,0.04474450249526456,0.04474450240066094,geom,25
mixture,0.0027500000000000007,690.2083377564393,1386.4166755128786,1395.8063716576478,22.349114379745146,0.04474450193402728,0.04474450231144234,geom,25
mixture,0.0037500000000000016,690.2083377564393,1386.4166755128786,1395.8063716576478,22.349114331889595,0.044744502413120765,0.044744502406188644,geom,25
mixture,0.009250000000000006,690.2083377564393,1386.4166755128786,1395.8063716576478,22.349114223993194,0.044744502927973405,0.04474450261937631,geom,25
mixture,0.05,690.2083377564393,1386.4166755128786,1395.8063716576478,22.34911424280751,0.0447445034514722,0.04474450253893646,geom,25
mixture,0.007750000000000005,690.2083377564393,1386.4166755128786,1395.8063716576478,22.349114214777757,0.044744502412434696,0.04474450264246352,geom,25
mixture,0.009750000000000007,690.2083377564393,1386.4166755128786,1395.8063716576478,22.349114507646124,0.04474450280172258,0.044744502046978926,geom,25
mixture,0.0035000000000000014,690.2083377564394,1386.4166755128788,1395.806371657648,22.34911460595645,0.04474450180994718,0.044744501857680544,geom,25
mixture,0.002,690.2083377564394,1386.4166755128788,1395.806371657648,22.349114572140145,0.04474450250615524,0.044744501924051897,geom,25
mixture,0.0070000000000000045,690.2083377564394,1386.4166755128788,1395.806371657648,22.349114674229437,0.044744501473848015,0.044744501722567186,geom,25
mixture,0.005000000000000003,690.2083377564394,1386.4166755128788,1395.806371657648,22.349114395964428,0.044744502559616865,0.0447445022765168,geom,25
mixture,0.004500000000000002,690.2083377564394,1386.4166755128788,1395.806371657648,22.349114446399604,0.044744501366769836,0.04474450218061986,geom,25
mixture,0.006500000000000004,690.2083377564394,1386.4166755128788,1395.806371657648,22.34911448476874,0.04474450219228914,0.044744502099536926,geom,25
mixture,0.005500000000000003,690.2083377564394,1386.4166755128788,1395.806371657648,22.34911446523293,0.04474450244176832,0.04474450213757884,geom,25
mixture,0.1,690.2083377564394,1386.4166755128788,1395.806371657648,22.349114282797387,0.044744504552207326,0.04474450227697775,geom,25
mixture,0.008500000000000006,690.2083377564395,1386.416675512879,1395.8063716576482,22.34911456295976,0.044744501709917915,0.044744501945599174,geom,25
mixture,0.003250000000000001,690.2083377564395,1386.416675512879,1395.8063716576482,22.3491144765766,0.04474450216201923,0.04474450211639277,geom,25
mixture,0.003000000000000001,690.2083377564395,1386.416675512879,1395.8063716576482,22.3491143983666,0.04474450290229507,0.044744502271229794,geom,25
mixture,0.004250000000000002,690.2083377564395,1386.416675512879,1395.8063716576482,22.349114387797297,0.04474450258606442,0.04474450229303812,geom,25
mixture,0.004000000000000002,690.2083377564395,1386.416675512879,1395.8063716576482,22.349114725067484,0.04474450082024751,0.04474450162225282,geom,25
mixture,0.005250000000000003,690.2083377564395,1386.416675512879,1395.8063716576482,22.349114543730543,0.04474450262264634,0.04474450197871348,geom,25
mixture,0.010000000000000007,690.2083377564395,1386.416675512879,1395.8063716576482,22.34911461323596,0.04474450245466245,0.04474450183676036,geom,25
mixture,0.009500000000000007,690.2083377564395,1386.416675512879,1395.8063716576482,22.349114553048167,0.044744502143232986,0.044744501961715165,geom,25
mixture,0.007250000000000005,690.2083377564397,1386.4166755128795,1395.8063716576487,22.349114556853355,0.04474450191436826,0.04474450195612407,geom,25
null,,690.2083377564397,1382.4166755128795,1385.5465742278025,22.349114987661896,0.0447445010933123,,geom,25
sum,,689.991498349433,1381.982996698866,1385.112895413789,33.685091143051736,0.05937344778158757,,geom,25
mixture,0.4,703.0010237712231,1412.0020475424462,1421.5809180951169,18.77777868875412,0.05325443442802024,0.053254435858422676,geom,26
mixture,0.5,703.0010237712231,1412.0020475424462,1421.5809180951169,18.777778958558017,0.05325443452108843,0.05325443452108843,geom,26
mixture,0.3,703.0010237712231,1412.0020475424462,1421.5809180951169,18.777779147961304,0.053254426210986985,0.05325443731519786,geom,26
mixture,0.35000000000000003,703.0010237712233,1412.0020475424467,1421.5809180951173,18.77777917956875,0.053254426882141354,0.05325443767006974,geom,26
mixture,0.45,703.0010237712233,1412.0020475424467,1421.5809180951173,18.77777920102772,0.0532544310683078,0.0532544360958137,geom,26
mixture,0.25,703.0010237712233,1412.0020475424467,1421.5809180951173,18.77777925459413,0.05325442638584443,0.053254436113411935,geom,26
mixture,0.2,703.0010237712233,1412.0020475424467,1421.5809180951173,18.777779419024903,0.053254436255549,0.05325443245509825,geom,26
mixture,0.005750000000000003,703.0010237712235,1412.002047542447,1421.5809180951176,18.777779675021332,0.05325443322004195,0.053254432484946816,geom,26
mixture,0.006500000000000004,703.0010237712235,1412.002047542447,1421.5809180951176,18.777779580655903,0.053254433095048806,0.05325443275458422,geom,26
mixture,0.004250000000000002,703.0010237712235,1412.002047542447,1421.5809180951176,18.77777969909173,0.05325443270060997,0.053254432419715336,geom,26
mixture,0.1,703.0010237712236,1412.0020475424471,1421.5809180951178,18.777779685806703,0.05325442843259817,0.05325443290591794,geom,26
mixture,0.0022500000000000003,703.0010237712236,1412.0020475424471,1421.5809180951178,18.7777797717758,0.05325443259258192,0.05325443221392261,geom,26
mixture,0.006250000000000004,703.0010237712236,1412.0020475424471,1421.5809180951178,18.777779705864067,0.053254432602650295,0.053254432400438735,geom,26
mixture,0.008000000000000005,703.0010237712236,1412.0020475424471,1421.5809180951178,18.77777971432844,0.05325443207116025,0.05325443238016938,geom,26
mixture,0.010000000000000007,703.0010237712236,1412.0020475424471,1421.5809180951178,18.777779849810667,0.053254431923149124,0.05325443199417528,geom,26
mixture,0.15000000000000002,703.0010237712236,1412.0020475424471,1421.5809180951178,18.77777937955245,0.05325443035650284,0.053254433851362595,geom,26
mixture,0.0070000000000000045,703.0010237712237,1412.0020475424474,1421.580918095118,18.77777967719422,0.05325443086042413,0.0532544324944494,geom,26
mixture,0.05,703.0010237712237,1412.0020475424474,1421.580918095118,18.77777963038434,0.05325443386536912,0.05325443254999706,geom,26
mixture,0.009000000000000006,703.0010237712237,1412.0020475424474,1421.580918095118,18.777779723066235,0.05325443291008663,0.053254432347856547,geom,26
mixture,0.009500000000000007,703.0010237712238,1412.0020475424476,1421.5809180951182,18.777779708985765,0.05325443377913634,0.05325443237955327,geom,26
mixture,0.009750000000000007,703.0010237712238,1412.0020475424476,1421.5809180951182,18.777779868125275,0.053254432799247485,0.053254431933079015,geom,26
mixture,0.007750000000000005,703.0010237712238,1412.0020475424476,1421.5809180951182,18.777779832524512,0.05325443376769638,0.053254432029014365,geom,26
mixture,0.009250000000000006,703.0010237712238,1412.0020475424476,1421.5809180951182,18.77777985645738,0.05325443147256541,0.053254431979302026,geom,26
mixture,0.008250000000000006,703.0010237712238,1412.0020475424476,1421.5809180951182,18.77777998618273,0.053254431020908495,0.053254431611582206,geom,26
mixture,0.005000000000000003,703.0010237712238,1412.0020475424476,1421.5809180951182,18.777779665727007,0.053254434854441694,0.053254432503779335,geom,26
mixture,0.006750000000000004,703.0010237712238,1412.0020475424476,1421.5809180951182,18.777779885325455,0.05325443139602801,0.053254431896119475,geom,26
mixture,0.007500000000000005,703.0010237712238,1412.0020475424476,1421.5809180951182,18.77777999289959,0.05325443103431745,0.05325443159184133,geom,26
mixture,0.002,703.0010237712238,1412.0020475424476,1421.5809180951182,18.777779659179895,0.053254434082352434,0.05325443253099778,geom,26
mixture,0.004000000000000002,703.0010237712238,1412.0020475424476,1421.5809180951182,18.777779720851708,0.05325443292761174,0.053254432356914294,geom,26
mixture,0.004500000000000002,703.0010237712238,1412.0020475424476,1421.5809180951182,18.77777987579405,0.053254433178020734,0.053254431914087554,geom,26
mixture,0.0025000000000000005,703.0010237712238,1412.0020475424476,1421.5809180951182,18.777779701739213,0.0532544321200278,0.053254432414136056,geom,26
mixture,0.003000000000000001,703.0010237712238,1412.0020475424476,1421.5809180951182,18.77777985939828,0.05325443132969082,0.05325443196818973,geom,26
mixture,0.006000000000000004,703.0010237712238,1412.0020475424476,1421.5809180951182,18.777779690673842,0.053254432372322726,0.053254432445219935,geom,26
mixture,0.0047500000000000025,703.0010237712239,1412.0020475424478,1421.5809180951185,18.777779983086084,0.05325443114042133,0.05325443161775868,geom,26
mixture,0.005500000000000003,703.0010237712239,1412.0020475424478,1421.5809180951185,18.777779795828213,0.053254434298975126,0.05325443213465738,geom,26
mixture,0.008750000000000006,703.0010237712239,1412.0020475424478,1421.5809180951185,18.777780022972276,0.05325443103030197,0.053254431506539794,geom,26
mixture,0.0037500000000000016,703.001023771224,1412.002047542448,1421.5809180951187,18.777779885560147,0.05325443145996308,0.053254431893704796,geom,26
mixture,0.0035000000000000014,703.001023771224,1412.002047542448,1421.5809180951187,18.777779992683726,0.05325443207128268,0.053254431586575626,geom,26
mixture,0.005250000000000003,703.001023771224,1412.002047542448,1421.5809180951187,18.777779836142987,0.05325443112179855,0.053254432037032014,geom,26
mixture,0.0027500000000000007,703.001023771224,1412.002047542448,1421.5809180951187,18.77777995057036,0.053254431650550306,0.053254431707864675,geom,26
mixture,0.008500000000000006,703.001023771224,1412.002047542448,1421.5809180951187,18.777779862231355,0.05325443290995379,0.0532544319500806,geom,26
mixture,0.007250000000000005,703.001023771224,1412.002047542448,1421.5809180951187,18.777780031942868,0.05325443167864849,0.0532544314754587,geom,26
mixture,0.003250000000000001,703.001023771224,1412.002047542448,1421.5809180951187,18.77778007195591,0.05325443087419362,0.05325443136504873,geom,26
null,,703.0010237712235,1408.002047542447,1411.195004393337,18.777779459909556,0.05325443309923805,,geom,26
sum,,703.0191093020962,1408.0382186041925,1411.2311754550826,28.37553985784568,0.07048324049584596,,geom,26
mixture,0.4,721.2407785798293,1448.4815571596587,1458.1100156181828,12.022556696487975,0.04765276725219588,0.16535755703240024,geom,27
mixture,0.45,721.2434241836197,1448.4868483672394,1458.1153068257636,12.852965032812051,0.04802706919755513,0.15789855939515166,geom,27
mixture,0.5,721.2621674069297,1448.5243348138595,1458.1527932723836,13.67196791819372,0.15019216582609007,0.04834234358710384,geom,27
mixture,0.35000000000000003,721.367113663153,1448.734227326306,1458.36268578483,15.620858020104764,0.14137721506951073,0.04944766360924859,geom,27
mixture,0.3,721.4100635567407,1448.8201271134815,1458.4485855720056,16.228810329674864,0.13880403195818708,0.04976012128415444,geom,27
mixture,0.25,721.4545767929031,1448.9091535858063,1458.5376120443304,16.814083640290697,0.13655791441066495,0.05005553310546551,geom,27
mixture,0.2,721.4998513287394,1448.9997026574788,1458.628161116003,17.37933210297125,0.13459236130521307,0.05033547438597333,geom,27
mixture,0.15000000000000002,721.5453249877696,1449.0906499755392,1458.7191084340634,17.92786460310557,0.13280938830071704,0.05059997769728635,geom,27
mixture,0.1,721.5906029913103,1449.1812059826207,1458.8096644411448,18.460731537929473,0.13121614900420417,0.05085139294837613,geom,27
mixture,0.05,721.6354087724662,1449.2708175449325,1458.8992760034566,18.979793729634434,0.12976897808426313,0.0510903936848447,geom,27
mixture,0.010000000000000007,721.6727474587365,1449.345494917473,1458.973953375997,19.35326751222291,0.1874732990988628,0.051295531915542585,geom,27
mixture,0.009750000000000007,721.6729167286649,1449.3458334573297,1458.9742919158539,19.35660741733505,0.18743754038077642,0.05129609048483661,geom,27
mixture,0.009500000000000007,721.6730860415372,1449.3461720830744,1458.9746305415986,19.3599469199104,0.18740183175880182,0.051296648475799345,geom,27
mixture,0.009250000000000006,721.6732553966064,1449.3465107932127,1458.9749692517369,19.363285632222944,0.18736615832116954,0.05129720693109747,geom,27
mixture,0.009000000000000006,721.6734247933765,1449.346849586753,1458.9753080452772,19.366623717203048,0.1873305105054209,0.05129776542549435,geom,27
mixture,0.008750000000000006,721.6735942315015,1449.347188463003,1458.9756469215272,19.369960790047035,0.18729488088449772,0.051298324986115355,geom,27
mixture,0.008500000000000006,721.6737637103597,1449.3475274207194,1458.9759858792436,19.373297651946324,0.18725925514035555,0.05129888349522798,geom,27
mixture,0.008250000000000006,721.6739332297179,1449.3478664594359,1458.97632491796,19.376633560403317,0.18722362614264726,0.05129944292770917,geom,27
mixture,0.008000000000000005,721.6741027888584,1449.3482055777167,1458.976664036241,19.379968957859095,0.1871879735411847,0.05130000212055125,geom,27
mixture,0.007750000000000005,721.6742723875321,1449.3485447750643,1458.9770032335884,19.38330353606105,0.1871522871574851,0.05130056189539198,geom,27
mixture,0.007500000000000005,721.6744420252128,1449.3488840504256,1458.9773425089497,19.386637570814553,0.18711654778460599,0.05130112152873455,geom,27
mixture,0.007250000000000005,721.6746117015587,1449.3492234031173,1458.9776818616415,19.389971064193347,0.18708073898485017,0.05130168102047065,geom,27
mixture,0.0070000000000000045,721.67478141614,1449.34956283228,1458.9780212908042,19.39330367305612,0.1870448387511734,0.05130224128719227,geom,27
mixture,0.006750000000000004,721.6749511676328,1449.3499023352656,1458.9783607937898,19.39663626387681,0.18700879329887965,0.05130280005392939,geom,27
mixture,0.006500000000000004,721.6751209576476,1449.350241915295,1458.9787003738193,19.399967591673576,0.1869726400518229,0.05130336059261832,geom,27
mixture,0.006250000000000004,721.6752907847964,1449.3505815695928,1458.979040028117,19.40329856735706,0.18693631662646693,0.05130392051206686,geom,27
mixture,0.006000000000000004,721.6754606489126,1449.3509212978252,1458.9793797563493,19.406628563846517,0.1868997944690204,0.05130448147585951,geom,27
mixture,0.005750000000000003,721.6756305495364,1449.3512610990729,1458.979719557597,19.409958043486235,0.1868630297617251,0.05130504226637114,geom,27
mixture,0.005500000000000003,721.6758004865642,1449.3516009731284,1458.9800594316525,19.41328684416812,0.1868259845684147,0.05130560331414597,geom,27
mixture,0.005250000000000003,721.6759704596379,1449.3519409192759,1458.9803993778,19.41661482308066,0.18678860296251312,0.051306165002560175,geom,27
mixture,0.005000000000000003,721.6761404687264,1449.3522809374529,1458.980739395977,19.41994252473836,0.18675083315565555,0.05130672589044199,geom,27
mixture,0.0047500000000000025,721.6763105136031,1449.3526210272062,1458.9810794857303,19.42326937454995,0.18671260204590398,0.05130728750173225,geom,27
mixture,0.004500000000000002,721.6764805943019,1449.3529611886038,1458.981419647128,19.4265954370025,0.1866738341229271,0.05130784966428281,geom,27
mixture,0.004250000000000002,721.6766507107873,1449.3533014215745,1458.9817598800987,19.429921164316067,0.18663443267152996,0.05130841118213016,geom,27
mixture,0.004000000000000002,721.676820863149,1449.353641726298,1458.9821001848222,19.43324600021301,0.18659428290528793,0.051308973524201745,geom,27
mixture,0.0037500000000000016,721.67699105161,1449.35398210322,1458.9824405617442,19.436570477490758,0.18655324850718982,0.05130953527753142,geom,27
mixture,0.0035000000000000014,721.6771612764999,1449.3543225529997,1458.982781011524,19.439893920602614,0.18651115989923261,0.05131009822134888,geom,27
mixture,0.003250000000000001,721.6773315383068,1449.3546630766136,1458.9831215351378,19.443217070260737,0.186467807755228,0.05131066038932508,geom,27
mixture,0.003000000000000001,721.677501837749,1449.355003675498,1458.9834621340221,19.446539479298306,0.18642292892867154,0.05131122295019987,geom,27
mixture,0.0027500000000000007,721.6776721757728,1449.3553443515457,1458.9838028100698,19.449861143316866,0.18637618382663554,0.05131178589863779,geom,27
mixture,0.0025000000000000005,721.677842553687,1449.355685107374,1458.9841435658982,19.453182447045354,0.1863271301050345,0.05131234819589015,geom,27
mixture,0.0022500000000000003,721.6780129732583,1449.3560259465166,1458.9844844050408,19.45650280090694,0.1862751734230699,0.051312911367663055,geom,27
mixture,0.002,721.6781834368919,1449.3563668737838,1458.984825332308,19.459822187249987,0.18621949511664398,0.05131347541823195,geom,27
null,,721.679550221608,1445.359100443216,1448.5685865960575,19.486340831881225,0.051317998008323824,,geom,27
sum,,722.7745873455124,1447.5491746910247,1450.7586608438662,29.616372257875398,0.0675302154695254,,geom,27
mixture,0.5,728.3301170012263,1462.6602340024526,1472.2391045551233,21.538890083725928,0.046427647669531814,0.046427647669531814,geom,28
mixture,0.45,728.3301170012264,1462.6602340024529,1472.2391045551235,21.538890294855292,0.046427648066287186,0.04642764651746849,geom,28
mixture,0.4,728.3301170012265,1462.660234002453,1472.2391045551237,21.538890272229747,0.046427648989908143,0.04642764611207272,geom,28
mixture,0.3,728.3301170012267,1462.6602340024533,1472.239104555124,21.538890357998383,0.04642764921991234,0.04642764616050946,geom,28
mixture,0.25,728.3301170012269,1462.6602340024538,1472.2391045551244,21.53889040369858,0.046427650039635227,0.04642764595988475,geom,28
mixture,0.35000000000000003,728.3301170012269,1462.6602340024538,1472.2391045551244,21.538890474278933,0.04642764903719016,0.04642764563795075,geom,28
mixture,0.005500000000000003,728.3301170012336,1462.6602340024672,1472.2391045551378,21.538882837723577,0.04642767274386586,0.046427663236194745,geom,28
mixture,0.0047500000000000025,728.3301170012336,1462.6602340024672,1472.2391045551378,21.538882759897735,0.046427660686828624,0.046427663469460194,geom,28
mixture,0.008000000000000005,728.3301170012337,1462.6602340024674,1472.239104555138,21.538882757528235,0.04642766323389909,0.046427663463184506,geom,28
mixture,0.1,728.3301170012337,1462.6602340024674,1472.239104555138,21.538895034461163,0.04642763906708464,0.046427636768205535,geom,28
mixture,0.0022500000000000003,728.3301170012337,1462.6602340024674,1472.239104555138,21.538882790493574,0.046427658915148086,0.0464276634003843,geom,28
mixture,0.003000000000000001,728.3301170012337,1462.6602340024674,1472.239104555138,21.538882812822536,0.04642766000885841,0.04642766335219181,geom,28
mixture,0.0070000000000000045,728.3301170012337,1462.6602340024674,1472.239104555138,21.538882782301854,0.0464276725057901,0.046427663343816185,geom,28
mixture,0.009500000000000007,728.3301170012337,1462.6602340024674,1472.239104555138,21.538882794512542,0.046427671529130056,0.04642766330348592,geom,28
mixture,0.006500000000000004,728.3301170012337,1462.6602340024674,1472.239104555138,21.53888275007194,0.04642765899889025,0.04642766350672339,geom,28
mixture,0.007250000000000005,728.3301170012338,1462.6602340024676,1472.2391045551383,21.5388828044412,0.046427672119590334,0.04642766329625887,geom,28
mixture,0.2,728.3301170012339,1462.6602340024679,1472.2391045551385,21.538894992788748,0.04642764080753535,0.04642763615801549,geom,28
mixture,0.0037500000000000016,728.3301170012339,1462.6602340024679,1472.2391045551385,21.53888270466998,0.04642766697687187,0.04642766356248372,geom,28
mixture,0.008500000000000006,728.3301170012339,1462.6602340024679,1472.2391045551385,21.538882675141583,0.04642766379691917,0.0464276636375826,geom,28
mixture,0.006750000000000004,728.3301170012339,1462.6602340024679,1472.2391045551385,21.538882769125397,0.0464276706928102,0.046427663387038264,geom,28
mixture,0.0027500000000000007,728.3301170012339,1462.6602340024679,1472.2391045551385,21.53888267778392,0.04642765705095805,0.046427663651392524,geom,28
mixture,0.007750000000000005,728.330117001234,1462.660234002468,1472.2391045551387,21.53888263798347,0.046427663700397165,0.04642766371917786,geom,28
mixture,0.009000000000000006,728.330117001234,1462.660234002468,1472.2391045551387,21.53888261852176,0.04642766634289951,0.04642766373753428,geom,28
mixture,0.009750000000000007,728.330117001234,1462.660234002468,1472.2391045551387,21.538882647720214,0.046427658740905355,0.04642766374685247,geom,28
mixture,0.005250000000000003,728.3301170012342,1462.6602340024683,1472.239104555139,21.53888264841726,0.046427659465962605,0.04642766371886974,geom,28
mixture,0.0035000000000000014,728.3301170012342,1462.6602340024683,1472.239104555139,21.538882675574552,0.046427658891482274,0.04642766365467485,geom,28
mixture,0.006000000000000004,728.3301170012342,1462.6602340024683,1472.239104555139,21.538882715064133,0.04642766201270875,0.0464276635621796,geom,28
mixture,0.008250000000000006,728.3301170012342,1462.6602340024683,1472.239104555139,21.5388827025475,0.046427664334239956,0.04642766357358735,geom,28
mixture,0.008750000000000006,728.3301170012342,1462.6602340024683,1472.239104555139,21.538882561734077,0.046427665030250524,0.0464276638732664,geom,28
mixture,0.004500000000000002,728.3301170012342,1462.6602340024683,1472.239104555139,21.53888249050815,0.046427659417066544,0.0464276640578028,geom,28
mixture,0.15000000000000002,728.3301170012342,1462.6602340024683,1472.239104555139,21.538895136388053,0.04642763942740963,0.04642763631091295,geom,28
mixture,0.05,728.3301170012342,1462.6602340024683,1472.239104555139,21.53888269350017,0.04642766308735203,0.04642766362631253,geom,28
mixture,0.0025000000000000005,728.3301170012344,1462.6602340024688,1472.2391045551394,21.538882543317385,0.04642766563651519,0.046427663918793396,geom,28
mixture,0.005750000000000003,728.3301170012344,1462.6602340024688,1472.2391045551394,21.538882518299676,0.046427667559545964,0.04642766395629538,geom,28
mixture,0.010000000000000007,728.3301170012344,1462.6602340024688,1472.2391045551394,21.5388826145757,0.046427666076177904,0.046427663746188515,geom,28
mixture,0.004250000000000002,728.3301170012344,1462.6602340024688,1472.2391045551394,21.538882535376978,0.04642766686641348,0.046427663927714,geom,28
mixture,0.006250000000000004,728.3301170012344,1462.6602340024688,1472.2391045551394,21.538882632891852,0.046427659834086504,0.04642766375451008,geom,28
mixture,0.009250000000000006,728.3301170012344,1462.6602340024688,1472.2391045551394,21.538882538488135,0.04642766606462373,0.04642766391360032,geom,28
mixture,0.004000000000000002,728.3301170012345,1462.660234002469,1472.2391045551396,21.53888254169309,0.046427656634591974,0.04642766395587404,geom,28
mixture,0.005000000000000003,728.3301170012345,1462.660234002469,1472.2391045551396,21.538895411778423,0.04642763629650724,0.04642763618421502,geom,28
mixture,0.002,728.3301170012346,1462.6602340024692,1472.2391045551399,21.538882511333888,0.046427668074434006,0.04642766398384785,geom,28
mixture,0.007500000000000005,728.3301170012346,1462.6602340024692,1472.2391045551399,21.5388953204742,0.0464276363354767,0.04642763638193348,geom,28
mixture,0.003250000000000001,728.3301170012348,1462.6602340024697,1472.2391045551403,21.5388823365939,0.046427669855176205,0.046427664350796725,geom,28
null,,728.3301170012276,1458.6602340024551,1461.8531908533453,21.538891469840713,0.0464276446817249,,geom,28
sum,,727.161290280204,1456.322580560408,1459.515537411298,32.31803438622945,0.06188495179187599,,geom,28
mixture,0.15000000000000002,714.7984615028456,1435.5969230056912,1445.2089430669216,14.354415258157568,0.03675489904981253,0.08273853537367329,geom,29
mixture,0.1,714.9099163672713,1435.8198327345426,1445.431852795773,14.668382081716892,0.03343923087640048,0.07706876535960465,geom,29
mixture,0.4,715.1097749683927,1436.2195499367854,1445.8315699980158,15.252443001939469,0.04509175610952811,0.09401969114699678,geom,29
mixture,0.45,715.2141240634671,1436.4282481269342,1446.0402681881646,15.579872772393472,0.046028525425635895,0.09477322741372851,geom,29
mixture,0.5,715.3190677874019,1436.6381355748038,1446.2501556360342,15.91902451602991,0.09531699018704813,0.046845560491739165,geom,29
mixture,0.35000000000000003,715.6234962119722,1437.2469924239444,1446.8590124851748,16.960994705315898,0.09616174315904746,0.04879405995122025,geom,29
mixture,0.3,715.7193558523218,1437.4387117046435,1447.050731765874,17.308216730271834,0.09628203477870503,0.049322274405151544,geom,29
mixture,0.25,715.8119961825741,1437.6239923651483,1447.2360124263787,17.653312846039903,0.09634992643969224,0.04980541334818938,geom,29
mixture,0.2,715.9013793725593,1437.8027587451186,1447.414778806349,17.995504691298137,0.09638066458089656,0.05024999472667758,geom,29
mixture,0.05,716.1505199098539,1438.3010398197077,1447.9130598809381,19.001611097153315,0.09631833343291314,0.0513999753801038,geom,29
mixture,0.010000000000000007,716.2236844171862,1438.4473688343724,1448.0593888956028,19.198154356046814,0.18718308423500943,0.05171135672850308,geom,29
mixture,0.009750000000000007,716.2237781356367,1438.4475562712735,1448.0595763325039,19.20145553205752,0.18714720349210984,0.05171191773519018,geom,29
mixture,0.009500000000000007,716.2238720258658,1438.4477440517317,1448.059764112962,19.20475604742253,0.18711135140774793,0.05171247886089044,geom,29
mixture,0.009250000000000006,716.2239660862879,1438.4479321725757,1448.0599522338061,19.208056008859202,0.1870755136061429,0.051713039828578125,geom,29
mixture,0.009000000000000006,716.2240603160197,1438.4481206320395,1448.06014069327,19.21135536581429,0.18703968146596037,0.05171360078080466,geom,29
mixture,0.008750000000000006,716.2241547138929,1438.4483094277857,1448.060329489016,19.2146536095188,0.18700384177170493,0.051714163098684596,geom,29
mixture,0.008500000000000006,716.2242492793108,1438.4484985586216,1448.060518619852,19.21795168806066,0.1869679878857713,0.05171472422710047,geom,29
mixture,0.008250000000000006,716.224344010431,1438.448688020862,1448.0607080820923,19.221248818119903,0.18693209581895015,0.051715286292950094,geom,29
mixture,0.008000000000000005,716.2244389067457,1438.4488778134914,1448.0608978747218,19.224545087967247,0.18689615573719562,0.05171584906070771,geom,29
mixture,0.007750000000000005,716.224533967185,1438.44906793437,1448.0610879956005,19.22784113837974,0.186860150132148,0.05171641080963402,geom,29
mixture,0.007500000000000005,716.2246291907602,1438.4492583815204,1448.0612784427508,19.23113628831124,0.1868240587035153,0.051716973382974304,geom,29
mixture,0.007250000000000005,716.2247245764383,1438.4494491528767,1448.061469214107,19.234430735714575,0.186787858834598,0.05171753625378719,geom,29
mixture,0.0070000000000000045,716.2248201096379,1438.4496402192758,1448.0616602805062,19.237727823780062,0.1867513414831765,0.051718090522605495,geom,29
mixture,0.006750000000000004,716.2249158181091,1438.4498316362183,1448.0618516974487,19.241021072680073,0.18671486002326707,0.05171865344227601,geom,29
mixture,0.006500000000000004,716.225011686234,1438.450023372468,1448.0620434336984,19.244313443200195,0.18667819033611363,0.051719217149070386,geom,29
mixture,0.006250000000000004,716.225107713441,1438.450215426882,1448.0622354881125,19.247605272340593,0.18664130113196029,0.05171978073882432,geom,29
mixture,0.006000000000000004,716.2252038988433,1438.4504077976867,1448.062427858917,19.250896310232918,0.18660415023548016,0.05172034489018672,geom,29
mixture,0.005750000000000003,716.2253002418967,1438.4506004837933,1448.0626205450237,19.254187172466533,0.18656669478182478,0.05172090794970705,geom,29
mixture,0.005500000000000003,716.2253967423487,1438.4507934846974,1448.0628135459278,19.257477093145063,0.18652888773556672,0.05172147197998548,geom,29
mixture,0.005250000000000003,716.2254933995619,1438.4509867991237,1448.063006860354,19.26076620129219,0.18649066709257542,0.051722036637475564,geom,29
mixture,0.005000000000000003,716.225590213495,1438.45118042699,1448.0632004882204,19.264055110292038,0.1864519704063909,0.05172260027204586,geom,29
mixture,0.0047500000000000025,716.225687183774,1438.451374367548,1448.0633944287783,19.267342919638594,0.18641271370692172,0.051723165307578256,geom,29
mixture,0.004500000000000002,716.2257843106288,1438.4515686212576,1448.063588682488,19.27063054196019,0.18637280927724223,0.05172372928786245,geom,29
mixture,0.004250000000000002,716.2258815943333,1438.4517631886665,1448.063783249897,19.27391721721365,0.18633214790661737,0.05172429425339265,geom,29
mixture,0.004000000000000002,716.2259790352327,1438.4519580704655,1448.0639781316959,19.277203446548754,0.1862905962246426,0.0517248588539987,geom,29
mixture,0.0037500000000000016,716.2260766343352,1438.4521532686704,1448.0641733299008,19.280488669120288,0.18624800110110093,0.05172542458824592,geom,29
mixture,0.0035000000000000014,716.2261743928002,1438.4523487856004,1448.0643688468308,19.283773819110916,0.18620417143390894,0.051725988937644796,geom,29
mixture,0.003250000000000001,716.2262723122432,1438.4525446244863,1448.0645646857167,19.287057867676214,0.18615886859239256,0.05172655465264502,geom,29
mixture,0.003000000000000001,716.2263703950507,1438.4527407901014,1448.0647608513318,19.290341294372787,0.18611180082678444,0.05172712042686681,geom,29
mixture,0.0027500000000000007,716.2264686443389,1438.4529372886777,1448.0649573499081,19.293624422749883,0.1860625954087965,0.051727685368352185,geom,29
mixture,0.0025000000000000005,716.2265670641806,1438.4531341283612,1448.0651541895916,19.296906323451417,0.1860107658590399,0.05172825194003761,geom,29
mixture,0.0022500000000000003,716.2266656602002,1438.4533313204004,1448.0653513816308,19.30018790688797,0.18595567759545953,0.051728817656624536,geom,29
mixture,0.002,716.22676443975,1438.4535288795,1448.0655489407304,19.303468684168454,0.1858964596125424,0.05172938377444551,geom,29
null,,716.2275651839072,1434.4551303678145,1437.6591370548913,19.329672273633363,0.051733934535664626,,geom,29
sum,,718.4945035458782,1438.9890070917563,1442.1930137788331,29.491938570771328,0.06781514193109525,,geom,29
mixture,0.002,679.071675131566,1364.143350263132,1373.4611866848338,23.048486308342646,0.04338679709880218,0.043386797146858815,geom,30
mixture,0.003000000000000001,679.071675131566,1364.143350263132,1373.4611866848338,23.048486201959886,0.04338679694215652,0.04338679734823736,geom,30
mixture,0.0035000000000000014,679.071675131566,1364.143350263132,1373.4611866848338,23.04848626574015,0.043386798249109154,0.04338679722336816,geom,30
mixture,0.005750000000000003,679.071675131566,1364.143350263132,1373.4611866848338,23.048486538233735,0.04338679576662434,0.04338679671949145,geom,30
mixture,0.008000000000000005,679.071675131566,1364.143350263132,1373.4611866848338,23.048485981068637,0.04338679846747838,0.04338679775714528,geom,30
mixture,0.008250000000000006,679.071675131566,1364.143350263132,1373.4611866848338,23.04848635065732,0.043386797299427876,0.04338679706517639,geom,30
mixture,0.0070000000000000045,679.071675131566,1364.143350263132,1373.4611866848338,23.04848633336136,0.04338679795000151,0.043386797093672824,geom,30
mixture,0.006750000000000004,679.071675131566,1364.143350263132,1373.4611866848338,23.048486105073867,0.04338679791167006,0.04338679752680087,geom,30
mixture,0.008750000000000006,679.071675131566,1364.143350263132,1373.4611866848338,23.048486379609894,0.043386797487940436,0.04338679700841236,geom,30
mixture,0.009000000000000006,679.071675131566,1364.143350263132,1373.4611866848338,23.048486064058263,0.0433867975822584,0.043386797606828224,geom,30
mixture,0.5,679.071675131566,1364.143350263132,1373.4611866848338,23.048486015678744,0.043386797697677386,0.043386797697677386,geom,30
mixture,0.45,679.071675131566,1364.143350263132,1373.4611866848338,23.04848609267634,0.04338679770024345,0.04338679743204812,geom,30
mixture,0.4,679.071675131566,1364.143350263132,1373.4611866848338,23.048486260860635,0.043386799246809146,0.04338679589569987,geom,30
mixture,0.2,679.071675131566,1364.143350263132,1373.4611866848338,23.048485455351003,0.043386803350730495,0.04338679760287543,geom,30
mixture,0.1,679.071675131566,1364.143350263132,1373.4611866848338,23.04848581701843,0.04338680105797194,0.043386797739823575,geom,30
mixture,0.15000000000000002,679.071675131566,1364.143350263132,1373.4611866848338,23.04848574988622,0.04338680187806119,0.04338679754858811,geom,30
mixture,0.004000000000000002,679.0716751315662,1364.1433502631323,1373.461186684834,23.048486188064402,0.04338679765368085,0.04338679737204965,geom,30
mixture,0.009500000000000007,679.0716751315663,1364.1433502631326,1373.4611866848343,23.04848637834605,0.043386797765816894,0.04338679700778602,geom,30
mixture,0.009750000000000007,679.0716751315663,1364.1433502631326,1373.4611866848343,23.048486410980168,0.043386797168654005,0.04338679695143853,geom,30
mixture,0.007750000000000005,679.0716751315663,1364.1433502631326,1373.4611866848343,23.048486283426357,0.043386796831091486,0.04338679719649738,geom,30
mixture,0.004500000000000002,679.0716751315663,1364.1433502631326,1373.4611866848343,23.048486544186243,0.04338679641347396,0.04338679670411527,geom,30
mixture,0.0047500000000000025,679.0716751315663,1364.1433502631326,1373.4611866848343,23.04848650031978,0.04338679628679925,0.043386796787761805,geom,30
mixture,0.006250000000000004,679.0716751315663,1364.1433502631326,1373.4611866848343,23.048486540756763,0.04338679629748376,0.04338679671185289,geom,30
mixture,0.006000000000000004,679.0716751315663,1364.1433502631326,1373.4611866848343,23.048486428622954,0.04338679637424335,0.043386796923641745,geom,30
mixture,0.010000000000000007,679.0716751315663,1364.1433502631326,1373.4611866848343,23.048486184547933,0.043386795552405946,0.043386797398254115,geom,30
mixture,0.35000000000000003,679.0716751315663,1364.1433502631326,1373.4611866848343,23.048486666727605,0.043386799219520204,0.04338679499277202,geom,30
mixture,0.007500000000000005,679.0716751315663,1364.1433502631326,1373.4611866848343,23.048486177967,0.04338679717112388,0.04338679739385415,geom,30
mixture,0.005000000000000003,679.0716751315663,1364.1433502631326,1373.4611866848343,23.048486336239552,0.04338679683804857,0.04338679709553661,geom,30
mixture,0.005250000000000003,679.0716751315663,1364.1433502631326,1373.4611866848343,23.04848613306564,0.04338679788761598,0.04338679747453796,geom,30
mixture,0.0027500000000000007,679.0716751315663,1364.1433502631326,1373.4611866848343,23.048486452413346,0.04338679669265236,0.04338679687606637,geom,30
mixture,0.003250000000000001,679.0716751315663,1364.1433502631326,1373.4611866848343,23.048486609217168,0.04338679576462228,0.043386796583052153,geom,30
mixture,0.0025000000000000005,679.0716751315663,1364.1433502631326,1373.4611866848343,23.048486390568577,0.04338679745679245,0.043386796990814505,geom,30
mixture,0.3,679.0716751315663,1364.1433502631326,1373.4611866848343,23.048486282983998,0.04338680026594091,0.04338679587816572,geom,30
mixture,0.0022500000000000003,679.0716751315664,1364.1433502631328,1373.4611866848345,23.048486460726664,0.043386797301588884,0.043386796858916866,geom,30
mixture,0.006500000000000004,679.0716751315664,1364.1433502631328,1373.4611866848345,23.04848653077422,0.043386797295042114,0.04338679672434483,geom,30
mixture,0.007250000000000005,679.0716751315664,1364.1433502631328,1373.4611866848345,23.048486447770436,0.04338679689088081,0.043386796884253814,geom,30
mixture,0.005500000000000003,679.0716751315664,1364.1433502631328,1373.4611866848345,23.048486648725344,0.043386796677746337,0.043386796505071795,geom,30
mixture,0.009250000000000006,679.0716751315665,1364.143350263133,1373.4611866848347,23.04848653374701,0.04338679630169498,0.04338679672638674,geom,30
mixture,0.004250000000000002,679.0716751315665,1364.143350263133,1373.4611866848347,23.04848638434823,0.04338679727257521,0.04338679700254107,geom,30
mixture,0.008500000000000006,679.0716751315665,1364.143350263133,1373.4611866848347,23.04848642730113,0.043386797002063104,0.04338679692215436,geom,30
mixture,0.25,679.0716751315665,1364.143350263133,1373.4611866848347,23.04848674769042,0.04338680005606239,0.043386795074283675,geom,30
mixture,0.05,679.0716751315665,1364.143350263133,1373.4611866848347,23.048486086246896,0.04338679871134795,0.04338679750449631,geom,30
mixture,0.0037500000000000016,679.0716751315666,1364.1433502631332,1373.461186684835,23.048486657169597,0.04338679596168446,0.04338679649211503,geom,30
null,,679.0716751315672,1360.1433502631344,1363.249295737035,23.04848787803428,0.04338679419195314,,geom,30
sum,,678.8668866586313,1359.7337733172626,1362.8397187911632,34.70872137700433,0.057622404993722,,geom,30
mixture,0.5,642.3937620510013,1290.7875241020026,1299.9562615180475,22.515924783801086,0.044413010329446584,0.044413010329446584,geom,31
mixture,0.0070000000000000045,642.3937620510014,1290.7875241020029,1299.9562615180478,22.515925255374214,0.04441300982825375,0.04441300939623719,geom,31
mixture,0.2,642.3937620510014,1290.7875241020029,1299.9562615180478,22.515924560630765,0.044413015069358915,0.044413009694727286,geom,31
mixture,0.4,642.3937620510014,1290.7875241020029,1299.9562615180478,22.515924915643026,0.04441301139413728,0.04441300918621905,geom,31
mixture,0.45,642.3937620510014,1290.7875241020029,1299.9562615180478,22.515924955568728,0.044413010022657864,0.04441300996442948,geom,31
mixture,0.007500000000000005,642.3937620510015,1290.787524102003,1299.956261518048,22.51592522648645,0.044413009469378276,0.04441300945614361,geom,31
mixture,0.25,642.3937620510015,1290.787524102003,1299.956261518048,22.51592511702661,0.04441301180835493,0.04441300896008719,geom,31
mixture,0.0022500000000000003,642.3937620510017,1290.7875241020033,1299.9562615180482,22.515925602825686,0.0444130085915336,0.0444130087141839,geom,31
mixture,0.1,642.3937620510017,1290.7875241020033,1299.9562615180482,22.515925355501363,0.04441301053662601,0.04441300905344041,geom,31
mixture,0.010000000000000007,642.3937620510017,1290.7875241020033,1299.9562615180482,22.515925333197877,0.04441301078083392,0.04441300923024706,geom,31
mixture,0.35000000000000003,642.3937620510017,1290.7875241020033,1299.9562615180482,22.515925171977567,0.04441301163065777,0.044413008450818935,geom,31
mixture,0.005500000000000003,642.3937620510017,1290.7875241020033,1299.9562615180482,22.51592550495783,0.044413008508568066,0.044413008909157024,geom,31
mixture,0.008000000000000005,642.3937620510017,1290.7875241020033,1299.9562615180482,22.51592540273094,0.04441300910783581,0.04441300910860404,geom,31
mixture,0.008500000000000006,642.3937620510017,1290.7875241020033,1299.9562615180482,22.51592548287248,0.04441300743580753,0.04441300896350289,geom,31
mixture,0.009000000000000006,642.3937620510017,1290.7875241020033,1299.9562615180482,22.515925572255025,0.044413010288634286,0.044413008760455425,geom,31
mixture,0.15000000000000002,642.3937620510017,1290.7875241020033,1299.9562615180482,22.515924931391496,0.0444130130514295,0.04441300950659745,geom,31
mixture,0.0037500000000000016,642.3937620510018,1290.7875241020035,1299.9562615180484,22.515925613005365,0.04441300967756281,0.044413008690125474,geom,31
mixture,0.0027500000000000007,642.3937620510018,1290.7875241020035,1299.9562615180484,22.515925278293352,0.04441300985477343,0.04441300935267218,geom,31
mixture,0.006000000000000004,642.3937620510018,1290.7875241020035,1299.9562615180484,22.51592567072469,0.04441300832883535,0.044413008581492046,geom,31
mixture,0.0035000000000000014,642.3937620510018,1290.7875241020035,1299.9562615180484,22.515925675232708,0.044413008805869444,0.044413008570259344,geom,31
mixture,0.008750000000000006,642.3937620510019,1290.7875241020038,1299.9562615180487,22.5159256836479,0.044413009221519306,0.044413008548596804,geom,31
mixture,0.004500000000000002,642.3937620510019,1290.7875241020038,1299.9562615180487,22.51592542003092,0.04441300947901024,0.044413009072644775,geom,31
mixture,0.006750000000000004,642.3937620510019,1290.7875241020038,1299.9562615180487,22.515925723203623,0.0444130079413661,0.04441300848009704,geom,31
mixture,0.008250000000000006,642.3937620510019,1290.7875241020038,1299.9562615180487,22.515925549098192,0.044413008962241436,0.04441300881870205,geom,31
mixture,0.007750000000000005,642.3937620510019,1290.7875241020038,1299.9562615180487,22.5159252035545,0.04441301018227818,0.04441300949615907,geom,31
mixture,0.007250000000000005,642.3937620510019,1290.7875241020038,1299.9562615180487,22.51592561119403,0.04441300952936052,0.044413008691325494,geom,31
mixture,0.006500000000000004,642.3937620510019,1290.7875241020038,1299.9562615180487,22.515925579978916,0.04441300964763185,0.044413008753159476,geom,31
mixture,0.005000000000000003,642.3937620510019,1290.7875241020038,1299.9562615180487,22.51592534833626,0.04441300904627034,0.04441300921674461,geom,31
mixture,0.005250000000000003,642.3937620510019,1290.7875241020038,1299.9562615180487,22.515925755638147,0.044413007947484325,0.044413008414937144,geom,31
mixture,0.003250000000000001,642.3937620510019,1290.7875241020038,1299.9562615180487,22.515925599910247,0.04441300861137291,0.04441300872001176,geom,31
mixture,0.004250000000000002,642.3937620510019,1290.7875241020038,1299.9562615180487,22.51592561198015,0.04441300915594223,0.04441300869388688,geom,31
mixture,0.0047500000000000025,642.3937620510019,1290.7875241020038,1299.9562615180487,22.515925587752896,0.04441300880701527,0.04441300874333677,geom,31
mixture,0.006250000000000004,642.3937620510019,1290.7875241020038,1299.9562615180487,22.51592534096252,0.04441301020672425,0.044413009224296876,geom,31
mixture,0.05,642.3937620510019,1290.7875241020038,1299.9562615180487,22.515925344522916,0.04441300961767734,0.04441300920266342,geom,31
mixture,0.3,642.3937620510019,1290.7875241020038,1299.9562615180487,22.515925427475242,0.044413010948973354,0.04441300825013915,geom,31
mixture,0.009500000000000007,642.3937620510019,1290.7875241020038,1299.9562615180487,22.515925570624354,0.0444130091420264,0.044413008773928626,geom,31
mixture,0.003000000000000001,642.393762051002,1290.787524102004,1299.956261518049,22.5159255373752,0.044413009764473384,0.044413008840237314,geom,31
mixture,0.009250000000000006,642.393762051002,1290.787524102004,1299.956261518049,22.515925498005302,0.04441300824485632,0.044413008926977374,geom,31
mixture,0.0025000000000000005,642.393762051002,1290.787524102004,1299.956261518049,22.515925535337328,0.044413008460518356,0.04441300884799846,geom,31
mixture,0.005750000000000003,642.3937620510021,1290.7875241020042,1299.9562615180491,22.51592552506242,0.04441300977120564,0.044413008862069635,geom,31
mixture,0.009750000000000007,642.3937620510021,1290.7875241020042,1299.9562615180491,22.515925581890166,0.04441300915012103,0.044413008751315215,geom,31
mixture,0.002,642.3937620510021,1290.7875241020042,1299.9562615180491,22.515925586052848,0.04441300921564833,0.044413008746053424,geom,31
mixture,0.004000000000000002,642.3937620510021,1290.7875241020042,1299.9562615180491,22.51592582660582,0.04441300760281484,0.04441300827518768,geom,31
null,,642.3937620510026,1286.7875241020051,1289.8437699073534,22.515926107679505,0.044413007718076054,,geom,31
sum,,641.5563144587536,1285.1126289175072,1288.1688747228554,33.799698616136034,0.05917212525218188,,geom,31
mixture,0.15000000000000002,794.2939659925086,1594.5879319850171,1604.4678464591907,18.891269974138428,0.11914463095905539,0.04820699495028434,geom,32
mixture,0.2,794.2978684031268,1594.5957368062536,1604.4756512804272,18.353018646985056,0.12056436700522377,0.04792096763153689,geom,32
mixture,0.008500000000000006,794.303101513533,1594.606203027066,1604.4861175012395,20.41708655145885,0.0489785843367393,0.04897858455551855,geom,32
mixture,0.5,794.303101513533,1594.606203027066,1604.4861175012395,20.41708590798312,0.04897858609729403,0.04897858609729403,geom,32
mixture,0.05,794.3031015135331,1594.6062030270662,1604.4861175012397,20.41708654286455,0.048978575533353816,0.04897858505011391,geom,32
mixture,0.008750000000000006,794.3031015135331,1594.6062030270662,1604.4861175012397,20.417086756808853,0.04897858222863149,0.048978584077219604,geom,32
mixture,0.0027500000000000007,794.3031015135332,1594.6062030270664,1604.48611750124,20.41708674705379,0.04897858425867992,0.048978584083965424,geom,32
mixture,0.003000000000000001,794.3031015135332,1594.6062030270664,1604.48611750124,20.417086829319885,0.048978580718855934,0.04897858389663094,geom,32
mixture,0.008000000000000005,794.3031015135332,1594.6062030270664,1604.48611750124,20.417086769486456,0.048978585545545815,0.04897858401841509,geom,32
mixture,0.009250000000000006,794.3031015135332,1594.6062030270664,1604.48611750124,20.417086525870666,0.048978581654054845,0.04897858464268733,geom,32
mixture,0.009750000000000007,794.3031015135332,1594.6062030270664,1604.48611750124,20.417086690086993,0.04897858461455959,0.04897858421722967,geom,32
mixture,0.1,794.3031015135332,1594.6062030270664,1604.48611750124,20.41708643809254,0.0489785608593893,0.048978587488528826,geom,32
mixture,0.0047500000000000025,794.3031015135332,1594.6062030270664,1604.48611750124,20.417086799936932,0.04897858828201783,0.04897858393694535,geom,32
mixture,0.005750000000000003,794.3031015135332,1594.6062030270664,1604.48611750124,20.417086528150456,0.048978582262443775,0.048978584623147525,geom,32
mixture,0.0035000000000000014,794.3031015135332,1594.6062030270664,1604.48611750124,20.417086828147003,0.04897858848470649,0.04897858387377299,geom,32
mixture,0.004250000000000002,794.3031015135332,1594.6062030270664,1604.48611750124,20.417086827978718,0.048978581398548306,0.048978583900950154,geom,32
mixture,0.009000000000000006,794.3031015135333,1594.6062030270666,1604.4861175012402,20.417086764809383,0.04897857808058129,0.048978584095990665,geom,32
mixture,0.006250000000000004,794.3031015135333,1594.6062030270666,1604.4861175012402,20.417086827269845,0.048978582330535286,0.0489785839018361,geom,32
mixture,0.006750000000000004,794.3031015135333,1594.6062030270666,1604.4861175012402,20.417086823367995,0.04897859006531633,0.04897858385948627,geom,32
mixture,0.006000000000000004,794.3031015135333,1594.6062030270666,1604.4861175012402,20.417086724248364,0.0489785797884301,0.04897858416541579,geom,32
mixture,0.005000000000000003,794.3031015135333,1594.6062030270666,1604.4861175012402,20.417086875906154,0.04897858367727802,0.04897858377583453,geom,32
mixture,0.004500000000000002,794.3031015135333,1594.6062030270666,1604.4861175012402,20.417086766421814,0.048978590552615796,0.04897858400853556,geom,32
mixture,0.0025000000000000005,794.3031015135333,1594.6062030270666,1604.4861175012402,20.417086402192176,0.048978581270422705,0.04897858492086112,geom,32
mixture,0.0022500000000000003,794.3031015135333,1594.6062030270666,1604.4861175012402,20.41708656422077,0.048978586236022456,0.048978584519181446,geom,32
mixture,0.008250000000000006,794.3031015135334,1594.6062030270668,1604.4861175012404,20.41708670372078,0.048978592195485296,0.04897858412178955,geom,32
mixture,0.009500000000000007,794.3031015135334,1594.6062030270668,1604.4861175012404,20.41708687661898,0.0489785852166848,0.04897858375979126,geom,32
mixture,0.007500000000000005,794.3031015135334,1594.6062030270668,1604.4861175012404,20.417086891434543,0.048978581457880664,0.04897858375532147,geom,32
mixture,0.006500000000000004,794.3031015135334,1594.6062030270668,1604.4861175012404,20.41708678533919,0.04897858537844021,0.04897858398353611,geom,32
mixture,0.003250000000000001,794.3031015135334,1594.6062030270668,1604.4861175012404,20.417086644789308,0.04897858099598571,0.04897858434063847,geom,32
mixture,0.002,794.3031015135334,1594.6062030270668,1604.4861175012404,20.417086603989606,0.048978582700608855,0.048978584431103804,geom,32
mixture,0.005500000000000003,794.3031015135334,1594.6062030270668,1604.4861175012404,20.417086680870817,0.04897856971818218,0.048978584323541845,geom,32
mixture,0.0037500000000000016,794.3031015135334,1594.6062030270668,1604.4861175012404,20.417086703820786,0.048978582264424864,0.04897858419539877,geom,32
mixture,0.007750000000000005,794.3031015135334,1594.6062030270668,1604.4861175012404,20.417086591752373,0.04897857977254728,0.048978584493586795,geom,32
mixture,0.010000000000000007,794.3031015135334,1594.6062030270668,1604.4861175012404,20.41708690753648,0.048978581602790464,0.048978583720642226,geom,32
mixture,0.4,794.3031015135334,1594.6062030270668,1604.4861175012404,20.417086608445494,0.04897858610464423,0.04897858329182654,geom,32
mixture,0.0070000000000000045,794.3031015135335,1594.606203027067,1604.4861175012406,20.417086637910216,0.04897858152896641,0.04897858436613075,geom,32
mixture,0.004000000000000002,794.3031015135335,1594.606203027067,1604.4861175012406,20.417086906285128,0.04897857706628701,0.04897858372911689,geom,32
mixture,0.007250000000000005,794.3031015135335,1594.606203027067,1604.4861175012406,20.41708695287194,0.04897858296993699,0.04897858359524185,geom,32
mixture,0.45,794.3031015135335,1594.606203027067,1604.4861175012406,20.417086941756573,0.04897858521680077,0.04897858230875049,geom,32
mixture,0.005250000000000003,794.3031015135336,1594.6062030270673,1604.4861175012409,20.417086911197984,0.048978581760695174,0.04897858370086602,geom,32
mixture,0.35000000000000003,794.3031015135336,1594.6062030270673,1604.4861175012409,20.417086892678988,0.048978586483042735,0.048978582255446906,geom,32
mixture,0.3,794.3031015135336,1594.6062030270673,1604.4861175012409,20.417087012288004,0.0489785872866789,0.04897858180310222,geom,32
mixture,0.25,794.3031015135336,1594.6062030270673,1604.4861175012409,20.417087081184192,0.04897858714720309,0.048978581994799,geom,32
null,,794.3031015135342,1590.6062030270684,1593.899507851793,20.417087637510388,0.048978581948328145,,geom,32
sum,,794.8230099243007,1591.6460198486013,1594.939324673326,30.912282299890762,0.06469920210346512,,geom,32
mixture,0.5,625.5544985850436,1257.1089971700872,1266.296782269168,19.784811310545,0.05054382295104404,0.05054382295104404,geom,33
mixture,0.35000000000000003,625.5544985850438,1257.1089971700876,1266.2967822691685,19.784811131579985,0.05054382568889243,0.05054382218019959,geom,33
mixture,0.4,625.5544985850438,1257.1089971700876,1266.2967822691685,19.784811212822994,0.05054382539613426,0.05054382173706443,geom,33
mixture,0.0022500000000000003,625.554498585044,1257.108997170088,1266.296782269169,19.78481176358523,0.050543821913446293,0.05054382179340204,geom,33
mixture,0.008000000000000005,625.554498585044,1257.108997170088,1266.296782269169,19.784811737728504,0.050543826698488115,0.050543821820705485,geom,33
mixture,0.008750000000000006,625.554498585044,1257.108997170088,1266.296782269169,19.784811806488268,0.05054381790803782,0.05054382171740062,geom,33
mixture,0.009500000000000007,625.554498585044,1257.108997170088,1266.296782269169,19.784811804608612,0.050543811304756506,0.05054382178846587,geom,33
mixture,0.006250000000000004,625.554498585044,1257.108997170088,1266.296782269169,19.784811875176086,0.05054383346661067,0.05054382143338581,geom,33
mixture,0.15000000000000002,625.554498585044,1257.108997170088,1266.296782269169,19.784811777367715,0.050543825303444416,0.0505438211328773,geom,33
mixture,0.1,625.554498585044,1257.108997170088,1266.296782269169,19.784811626736527,0.050543825785684095,0.05054382173856457,geom,33
mixture,0.45,625.554498585044,1257.108997170088,1266.296782269169,19.784811000314775,0.05054382529589517,0.05054382247350837,geom,33
mixture,0.3,625.554498585044,1257.108997170088,1266.296782269169,19.78481148295232,0.05054382629472831,0.05054382088882924,geom,33
mixture,0.25,625.5544985850441,1257.1089971700883,1266.2967822691692,19.784811618287055,0.05054382671680228,0.050543820647549,geom,33
mixture,0.009750000000000007,625.5544985850441,1257.1089971700883,1266.2967822691692,19.784811828886998,0.050543822978350826,0.05054382161354024,geom,33
mixture,0.006750000000000004,625.5544985850441,1257.1089971700883,1266.2967822691692,19.784811950086063,0.05054381707928957,0.05054382134602303,geom,33
mixture,0.009000000000000006,625.5544985850441,1257.1089971700883,1266.2967822691692,19.78481178315615,0.05054382790305695,0.050543821687736856,geom,33
mixture,0.006500000000000004,625.5544985850443,1257.1089971700885,1266.2967822691694,19.78481212797467,0.05054382115181793,0.05054382086088342,geom,33
mixture,0.008250000000000006,625.5544985850443,1257.1089971700885,1266.2967822691694,19.78481192282337,0.05054381792696372,0.050543821415651655,geom,33
mixture,0.007750000000000005,625.5544985850443,1257.1089971700885,1266.2967822691694,19.78481190575414,0.050543821517788384,0.050543821429794404,geom,33
mixture,0.0070000000000000045,625.5544985850443,1257.1089971700885,1266.2967822691694,19.784811922907366,0.050543808496259855,0.050543821477524266,geom,33
mixture,0.008500000000000006,625.5544985850443,1257.1089971700885,1266.2967822691694,19.784811831121598,0.05054381373854097,0.05054382168871496,geom,33
mixture,0.005500000000000003,625.5544985850443,1257.1089971700885,1266.2967822691694,19.784811898830508,0.050543821574933416,0.05054382144746293,geom,33
mixture,0.004500000000000002,625.5544985850443,1257.1089971700885,1266.2967822691694,19.784811964162564,0.05054381594880193,0.0505438213053662,geom,33
mixture,0.2,625.5544985850443,1257.1089971700885,1266.2967822691694,19.78481147742494,0.05054382543573919,0.05054382179696466,geom,33
mixture,0.006000000000000004,625.5544985850443,1257.1089971700885,1266.2967822691694,19.784812069999,0.05054381277921448,0.05054382106057181,geom,33
mixture,0.002,625.5544985850443,1257.1089971700885,1266.2967822691694,19.784811862768716,0.05054382852630356,0.05054382152629024,geom,33
mixture,0.003250000000000001,625.5544985850443,1257.1089971700885,1266.2967822691694,19.784812046050586,0.05054382151487269,0.050543821070620325,geom,33
mixture,0.005750000000000003,625.5544985850443,1257.1089971700885,1266.2967822691694,19.784811811333388,0.050543810208800895,0.05054382173798379,geom,33
mixture,0.005000000000000003,625.5544985850443,1257.1089971700885,1266.2967822691694,19.784811900585026,0.05054382052676642,0.050543821448289394,geom,33
mixture,0.004250000000000002,625.5544985850443,1257.1089971700885,1266.2967822691694,19.784812077127356,0.05054382313737708,0.0505438209835191,geom,33
mixture,0.0027500000000000007,625.5544985850444,1257.1089971700887,1266.2967822691696,19.784811963002173,0.050543810117152525,0.05054382131502022,geom,33
mixture,0.0037500000000000016,625.5544985850444,1257.1089971700887,1266.2967822691696,19.784812186101494,0.050543810174723494,0.0505438207539513,geom,33
mixture,0.0025000000000000005,625.5544985850444,1257.1089971700887,1266.2967822691696,19.78481203426946,0.05054382687814678,0.050543821087684966,geom,33
mixture,0.009250000000000006,625.5544985850445,1257.108997170089,1266.2967822691699,19.784811933571206,0.050543821821590076,0.05054382135509767,geom,33
mixture,0.007250000000000005,625.5544985850445,1257.108997170089,1266.2967822691699,19.784812063601546,0.05054382209224556,0.05054382101944932,geom,33
mixture,0.007500000000000005,625.5544985850445,1257.108997170089,1266.2967822691699,19.784812042039203,0.05054381503661062,0.050543821127997345,geom,33
mixture,0.0035000000000000014,625.5544985850445,1257.108997170089,1266.2967822691699,19.784811900924808,0.05054382244111321,0.05054382143930743,geom,33
mixture,0.0047500000000000025,625.5544985850445,1257.108997170089,1266.2967822691699,19.784811978399066,0.05054382053799007,0.050543821248265786,geom,33
mixture,0.005250000000000003,625.5544985850445,1257.108997170089,1266.2967822691699,19.784811982158786,0.05054381828990496,0.05054382125083197,geom,33
mixture,0.003000000000000001,625.5544985850445,1257.108997170089,1266.2967822691699,19.784812230493365,0.05054382480181566,0.05054382058823151,geom,33
mixture,0.05,625.5544985850445,1257.108997170089,1266.2967822691699,19.784811938923454,0.050543830643572235,0.05054382085637993,geom,33
mixture,0.010000000000000007,625.5544985850445,1257.108997170089,1266.2967822691699,19.784812086594656,0.05054382266950118,0.05054382095130514,geom,33
mixture,0.004000000000000002,625.5544985850446,1257.1089971700892,1266.29678226917,19.78481217786991,0.050543822274029704,0.05054382072912863,geom,33
null,,625.5544985850446,1253.1089971700892,1256.1715922031162,19.784812216775357,0.05054382063591735,,geom,33
sum,,625.8925515367471,1253.7851030734942,1256.8476981065212,29.93501147240401,0.06681139914857646,,geom,33
mixture,0.35000000000000003,716.8735022547967,1439.7470045095934,1449.241362431364,17.17642487674257,0.16542832950709552,0.043158670109922394,geom,34
mixture,0.4,716.8756099939962,1439.7512199879925,1449.2455779097631,16.358467140123764,0.16741762851121672,0.04295153657621519,geom,34
mixture,0.3,716.8758334464994,1439.7516668929989,1449.2460248147695,18.054023267377673,0.15888568368275835,0.04330109406579646,geom,34
mixture,0.45,716.8821986602516,1439.7643973205031,1449.2587552422738,15.291918167097286,0.18220679051412508,0.042894365738805465,geom,34
mixture,0.25,716.8827743625875,1439.765548725175,1449.2599066469456,18.71605896342949,0.1670940475156821,0.04355427114486903,geom,34
mixture,0.2,716.8958297509844,1439.7916595019688,1449.2860174237394,19.35493004979649,0.18411562797000763,0.043790851015200416,geom,34
mixture,0.5,716.8958868738462,1439.7917737476923,1449.286131669463,14.273949784831283,0.19332682683536306,0.04278017820569385,geom,34
mixture,0.15000000000000002,716.9054003420853,1439.8108006841705,1449.3051586059412,20.174460568043582,0.18395749254970006,0.043907102317861775,geom,34
mixture,0.1,716.9164485376332,1439.8328970752664,1449.327254997037,20.976766328592447,0.18817062608923432,0.04401982431600975,geom,34
mixture,0.05,716.9277993026317,1439.8555986052634,1449.349956527034,21.78432877435833,0.19896841568562867,0.044118263194729904,geom,34
mixture,0.010000000000000007,716.9352522899669,1439.8705045799338,1449.3648625017045,22.46212253046567,0.19170756568760824,0.04417678617551987,geom,34
mixture,0.009750000000000007,716.9353024678393,1439.8706049356786,1449.3649628574492,22.466296964759046,0.19167040013824477,0.04417716149577012,geom,34
mixture,0.009500000000000007,716.9353526772501,1439.8707053545002,1449.3650632762708,22.47047022025243,0.1916330475093157,0.04417753806183954,geom,34
mixture,0.009250000000000006,716.9354029181621,1439.8708058363243,1449.365163758095,22.474643800776175,0.191595492169598,0.04417791291020899,geom,34
mixture,0.009000000000000006,716.9354531902834,1439.8709063805668,1449.3652643023374,22.478816233758895,0.1915576990690331,0.044178288950553354,geom,34
mixture,0.008750000000000006,716.9355034936534,1439.8710069873068,1449.3653649090775,22.48298779543178,0.19151965084615127,0.04417866563627196,geom,34
mixture,0.008500000000000006,716.9355538282113,1439.8711076564225,1449.3654655781932,22.48715921824427,0.19148132220818181,0.04417904152588926,geom,34
mixture,0.008250000000000006,716.9356041939091,1439.8712083878181,1449.3655663095888,22.49132955917703,0.19144268416510243,0.04417941847698648,geom,34
mixture,0.008000000000000005,716.935654590678,1439.871309181356,1449.3656671031267,22.495499766423503,0.19140370436286452,0.04417979462414996,geom,34
mixture,0.007750000000000005,716.9357050184921,1439.8714100369841,1449.3657679587548,22.499669239040006,0.19136434783079984,0.04418017115043245,geom,34
mixture,0.007500000000000005,716.9357554773189,1439.8715109546379,1449.3658688764085,22.50383786140752,0.1913245749697914,0.04418054828329054,geom,34
mixture,0.007250000000000005,716.935805967194,1439.871611934388,1449.3659698561587,22.50800610146105,0.19128434611070927,0.04418092510048059,geom,34
mixture,0.0070000000000000045,716.9358564881657,1439.8717129763313,1449.366070898102,22.51217389734086,0.19124361641580118,0.044181301721880284,geom,34
mixture,0.006750000000000004,716.9359070402114,1439.8718140804228,1449.3661720021935,22.516341000764168,0.19120232873752954,0.04418167863568607,geom,34
mixture,0.006500000000000004,716.935957623449,1439.871915246898,1449.3662731686686,22.520507468351795,0.19116042886171875,0.04418205572646042,geom,34
mixture,0.006250000000000004,716.9360082379615,1439.872016475923,1449.3663743976936,22.52467351224727,0.19111785095653197,0.044182432574357965,geom,34
mixture,0.006000000000000004,716.9360588838853,1439.8721177677705,1449.3664756895412,22.528838780806495,0.19107452254174048,0.044182809865756754,geom,34
mixture,0.005750000000000003,716.9361095613663,1439.8722191227325,1449.3665770445032,22.533003521203668,0.19103035990806977,0.04418318711021812,geom,34
mixture,0.005500000000000003,716.9361602706346,1439.8723205412691,1449.3666784630398,22.537167545659884,0.1909852717641537,0.04418356466930706,geom,34
mixture,0.005250000000000003,716.9362110119154,1439.8724220238307,1449.3667799456014,22.541330835796174,0.19093914923493627,0.04418394257184915,geom,34
mixture,0.005000000000000003,716.9362617855315,1439.872523571063,1449.3668814928337,22.545493939433374,0.19089187230867186,0.044184319732855575,geom,34
mixture,0.0047500000000000025,716.9363125918319,1439.8726251836638,1449.3669831054344,22.549656010976054,0.1908432973643535,0.044184697801255515,geom,34
mixture,0.004500000000000002,716.9363634312399,1439.8727268624798,1449.3670847842504,22.553817621039435,0.1907932591719246,0.044185075644534125,geom,34
mixture,0.004250000000000002,716.9364143042908,1439.8728286085816,1449.3671865303522,22.557978907028012,0.19074156664539157,0.044185452977636284,geom,34
mixture,0.004000000000000002,716.9364652115858,1439.8729304231715,1449.3672883449422,22.562139256094227,0.19068798937570236,0.04418583098460542,geom,34
mixture,0.0037500000000000016,716.9365161538452,1439.8730323076904,1449.367390229461,22.566298948682995,0.19063225287045515,0.0441862090942066,geom,34
mixture,0.0035000000000000014,716.9365671319458,1439.8731342638916,1449.3674921856623,22.570457912245143,0.19057402753182873,0.04418658742294556,geom,34
mixture,0.003250000000000001,716.9366181469065,1439.873236293813,1449.3675942155837,22.57461597756744,0.19051290545266164,0.04418696627249682,geom,34
mixture,0.003000000000000001,716.9366691999517,1439.8733383999033,1449.367696321674,22.578773775833692,0.19044837941061607,0.04418734437079818,geom,34
mixture,0.0027500000000000007,716.9367202925748,1439.8734405851496,1449.3677985069203,22.582930693991546,0.19037980848096034,0.044187722875548716,geom,34
mixture,0.0025000000000000005,716.9367714265645,1439.873542853129,1449.3679007748997,22.587086740950035,0.19030635815933855,0.044188101717368984,geom,34
mixture,0.0022500000000000003,716.9368226041545,1439.873645208309,1449.3680031300796,22.591241600859117,0.19022692734439253,0.04418848144977585,geom,34
mixture,0.002,716.9368738280957,1439.8737476561914,1449.368105577962,22.59539622827565,0.19014000172949394,0.04418886012521593,geom,34
null,,716.9372865637367,1435.8745731274735,1439.039359101397,22.62857424241749,0.044191913696687526,,geom,34
sum,,717.6397099006883,1437.2794198013767,1440.4442057753001,34.26657967492787,0.058365906926606904,,geom,34
mixture,0.4,699.4893090140282,1404.9786180280564,1414.557488580727,17.05112262090043,0.04712432427580072,0.07006941456939587,geom,35
mixture,0.45,699.4975644433007,1404.9951288866014,1414.573999439272,17.086093821249968,0.04797896068584265,0.07136385480862822,geom,35
mixture,0.5,699.5065832503719,1405.0131665007439,1414.5920370534145,17.137377244688743,0.07263201562731349,0.04876449941380057,geom,35
mixture,0.35000000000000003,699.5380167226895,1405.076033445379,1414.6549039980496,17.38860346004675,0.07619717943699236,0.05080007149346235,geom,35
mixture,0.3,699.5498524601767,1405.0997049203534,1414.678575473024,17.503186682371656,0.07728098527615199,0.051390296198091684,geom,35
mixture,0.25,699.5622930933445,1405.124586186689,1414.7034567393596,17.631804261920532,0.07829989223171993,0.051942828534038345,geom,35
mixture,0.2,699.5752817752212,1405.1505635504425,1414.7294341031131,17.773056377980584,0.07925563040616504,0.052460473743723916,geom,35
mixture,0.15000000000000002,699.5887565305281,1405.1775130610563,1414.756383613727,17.925788462342684,0.08014262588444976,0.052945892953926925,geom,35
mixture,0.1,699.6026528930599,1405.2053057861199,1414.7841763387905,18.08837293660391,0.08097015973491116,0.05340184574954361,geom,35
mixture,0.006000000000000004,699.6314540114663,1405.2629080229326,1414.8417785756033,18.4388905906596,0.05423319775468956,0.054233197766675054,geom,35
mixture,0.0070000000000000045,699.6314540114664,1405.2629080229328,1414.8417785756035,18.43889067923201,0.05423319808120082,0.054233197502036305,geom,35
mixture,0.0027500000000000007,699.6314540114664,1405.2629080229328,1414.8417785756035,18.43889070212171,0.05423319899633708,0.05423319743447123,geom,35
mixture,0.008250000000000006,699.6314540114664,1405.2629080229328,1414.8417785756035,18.43889071619994,0.054233197630489276,0.0542331973954196,geom,35
mixture,0.008750000000000006,699.6314540114664,1405.2629080229328,1414.8417785756035,18.438890619745887,0.0542331995907046,0.05423319766419645,geom,35
mixture,0.007500000000000005,699.6314540114664,1405.2629080229328,1414.8417785756035,18.438890613323526,0.05423319961685032,0.05423319768545767,geom,35
mixture,0.0022500000000000003,699.6314540114665,1405.262908022933,1414.8417785756037,18.43889061210062,0.054233197700247454,0.0542331977035474,geom,35
mixture,0.0037500000000000016,699.6314540114665,1405.262908022933,1414.8417785756037,18.438890812845415,0.05423319577789575,0.05423319711812727,geom,35
mixture,0.006250000000000004,699.6314540114665,1405.262908022933,1414.8417785756037,18.438890741194573,0.05423319811021499,0.054233197318897974,geom,35
mixture,0.008000000000000005,699.6314540114665,1405.262908022933,1414.8417785756037,18.438890740376362,0.054233197025931046,0.054233197328672184,geom,35
mixture,0.003250000000000001,699.6314540114665,1405.262908022933,1414.8417785756037,18.438890720597094,0.0542331974193961,0.0542331973843118,geom,35
mixture,0.005500000000000003,699.6314540114665,1405.262908022933,1414.8417785756037,18.43889063972361,0.054233197390104515,0.054233197623578235,geom,35
mixture,0.002,699.6314540114665,1405.262908022933,1414.8417785756037,18.438890785693847,0.05423319581883599,0.054233197195714435,geom,35
mixture,0.05,699.6314540114665,1405.262908022933,1414.8417785756037,18.438890669513132,0.054233196815598114,0.0542331975725222,geom,35
mixture,0.005250000000000003,699.6314540114666,1405.2629080229333,1414.841778575604,18.438890817018383,0.054233198124037145,0.05423319709542752,geom,35
mixture,0.0035000000000000014,699.6314540114666,1405.2629080229333,1414.841778575604,18.438890707213616,0.05423319761424527,0.05423319742312092,geom,35
mixture,0.009750000000000007,699.6314540114668,1405.2629080229335,1414.8417785756042,18.438891121377605,0.054233194706302244,0.054233196220396726,geom,35
mixture,0.009500000000000007,699.6314540114668,1405.2629080229335,1414.8417785756042,18.43889084726198,0.054233196248540644,0.05423319701919526,geom,35
mixture,0.005750000000000003,699.6314540114668,1405.2629080229335,1414.8417785756042,18.438890815644317,0.054233197480468856,0.05423319710269697,geom,35
mixture,0.004500000000000002,699.6314540114668,1405.2629080229335,1414.8417785756042,18.438890766267107,0.054233198349399096,0.05423319724513017,geom,35
mixture,0.004250000000000002,699.6314540114668,1405.2629080229335,1414.8417785756042,18.43889099302595,0.05423319426510865,0.05423319659304099,geom,35
mixture,0.007750000000000005,699.6314540114668,1405.2629080229335,1414.8417785756042,18.438890715074194,0.05423319725078206,0.0542331974018407,geom,35
mixture,0.005000000000000003,699.6314540114668,1405.2629080229335,1414.8417785756042,18.438890852412367,0.05423319862440249,0.05423319698854624,geom,35
mixture,0.007250000000000005,699.6314540114668,1405.2629080229335,1414.8417785756042,18.438890789835046,0.05423319726501344,0.05423319718016526,geom,35
mixture,0.003000000000000001,699.6314540114668,1405.2629080229335,1414.8417785756042,18.438891016444057,0.05423319613532556,0.05423319651540927,geom,35
mixture,0.010000000000000007,699.6314540114668,1405.2629080229335,1414.8417785756042,18.438890953069148,0.05423319731082892,0.05423319669450658,geom,35
mixture,0.0047500000000000025,699.6314540114669,1405.2629080229337,1414.8417785756044,18.43889086224609,0.054233197090546456,0.05423319696721637,geom,35
mixture,0.009000000000000006,699.6314540114669,1405.2629080229337,1414.8417785756044,18.438891008735403,0.054233196615300454,0.05423319653623038,geom,35
mixture,0.004000000000000002,699.631454011467,1405.262908022934,1414.8417785756046,18.438890936283908,0.05423319694361197,0.05423319674926182,geom,35
mixture,0.0025000000000000005,699.631454011467,1405.262908022934,1414.8417785756046,18.438891061128892,0.0542331967255407,0.054233196381981305,geom,35
mixture,0.006500000000000004,699.631454011467,1405.262908022934,1414.8417785756046,18.438890782773107,0.05423319848764601,0.05423319719313697,geom,35
mixture,0.009250000000000006,699.631454011467,1405.262908022934,1414.8417785756046,18.438890912930884,0.05423319468260844,0.05423319683866963,geom,35
mixture,0.008500000000000006,699.631454011467,1405.262908022934,1414.8417785756046,18.43889092977868,0.054233197409762166,0.05423319676368097,geom,35
mixture,0.006750000000000004,699.631454011467,1405.262908022934,1414.8417785756046,18.43889102263594,0.054233196868687036,0.05423319649352486,geom,35
null,,699.6314540114666,1401.2629080229333,1404.4558648738234,18.438890644786692,0.054233197607402396,,geom,35
sum,,700.5009257273969,1403.0018514547937,1406.1948083056839,27.94541886431524,0.0715680809692171,,geom,35
mixture,0.45,756.4139370640254,1518.8278741280508,1528.5689463445322,12.777684500879145,0.04678357016988593,0.17410996928818281,geom,36
mixture,0.5,756.4179338645935,1518.835867729187,1528.5769399456683,14.047788173460283,0.15014331898650773,0.046652075971948766,geom,36
mixture,0.4,756.4441220186884,1518.8882440373768,1528.6293162538582,15.425126662198396,0.14480232068569,0.04738310983431103,geom,36
mixture,0.35000000000000003,756.467833952504,1518.935667905008,1528.6767401214893,16.183979702610728,0.13811240097899508,0.04761970383655376,geom,36
mixture,0.3,756.4956349941881,1518.9912699883762,1528.7323422048576,16.88853134918683,0.13247972862359103,0.04786640964205961,geom,36
mixture,0.25,756.5264722714182,1519.0529445428365,1528.7940167593179,17.540991065077332,0.12783000545289397,0.048122365691203615,geom,36
mixture,0.2,756.5595263250357,1519.1190526500714,1528.8601248665527,18.147827389280383,0.12399195410757717,0.04838274768760946,geom,36
mixture,0.15000000000000002,756.594152010503,1519.188304021006,1528.9293762374873,18.71549279515695,0.12082148940038832,0.0486437220527358,geom,36
mixture,0.1,756.6298398132012,1519.2596796264024,1529.0007518428838,19.25025186538409,0.11819009622680579,0.048901994593702654,geom,36
mixture,0.05,756.6770623484219,1519.3541246968439,1529.0951969133253,19.522975717075585,0.19670460977862597,0.04930253143802007,geom,36
mixture,0.010000000000000007,756.6975134576886,1519.3950269153772,1529.1360991318586,20.100946053976593,0.18871018265362594,0.049381595913299804,geom,36
mixture,0.009750000000000007,756.697646915349,1519.395293830698,1529.1363660471793,20.104488217100272,0.1886739710576,0.04938210218252978,geom,36
mixture,0.009500000000000007,756.6977804123585,1519.395560824717,1529.1366330411984,20.10802971551379,0.18863775028786564,0.04938260860627139,geom,36
mixture,0.009250000000000006,756.6979139483506,1519.3958278967011,1529.1369001131825,20.11157040770231,0.18860150838441223,0.049383115539228514,geom,36
mixture,0.009000000000000006,756.6980475230039,1519.3960950460078,1529.1371672624891,20.115110861424363,0.18856523414894438,0.049383621589040756,geom,36
mixture,0.008750000000000006,756.6981811359174,1519.3963622718347,1529.137434488316,20.11865040385649,0.18852891131768423,0.049384128419168186,geom,36
mixture,0.008500000000000006,756.698314786868,1519.396629573736,1529.1377017902173,20.122189314336488,0.18849252848857043,0.04938463534547606,geom,36
mixture,0.008250000000000006,756.698448475503,1519.396896951006,1529.1379691674874,20.12572734427458,0.18845606802852555,0.04938514298550856,geom,36
mixture,0.008000000000000005,756.6985822014378,1519.3971644028757,1529.138236619357,20.129265136027797,0.1884195098900628,0.049385649765873015,geom,36
mixture,0.007750000000000005,756.6987159644857,1519.3974319289714,1529.1385041454528,20.13280189902913,0.1883828369642881,0.049386157633865904,geom,36
mixture,0.007500000000000005,756.6988497643649,1519.3976995287298,1529.1387717452112,20.136338334147506,0.18834602798432823,0.04938666487079827,geom,36
mixture,0.007250000000000005,756.6989836007452,1519.3979672014905,1529.1390394179718,20.139874095161517,0.18830905574319734,0.04938717233369118,geom,36
mixture,0.0070000000000000045,756.6991174734669,1519.3982349469338,1529.1393071634152,20.14340908546486,0.18827189617538567,0.049387680262235265,geom,36
mixture,0.006750000000000004,756.6992513822817,1519.3985027645633,1529.1395749810447,20.146943448480002,0.1882345183012835,0.049388188308015994,geom,36
mixture,0.006500000000000004,756.69938532698,1519.39877065396,1529.1398428704413,20.150477202502124,0.18819688783331048,0.04938869642950453,geom,36
mixture,0.006250000000000004,756.6995193070632,1519.3990386141263,1529.1401108306077,20.154010858864783,0.18815895276998315,0.049389203380286906,geom,36
mixture,0.006000000000000004,756.6996533230486,1519.399306646097,1529.1403788625785,20.157543363651982,0.18812069743255277,0.04938971173762671,geom,36
mixture,0.005750000000000003,756.6997873745707,1519.3995747491415,1529.1406469656229,20.161075214937455,0.18808206283045484,0.049390220284769644,geom,36
mixture,0.005500000000000003,756.6999214614902,1519.3998429229805,1529.1409151394619,20.164606203773324,0.18804298983002843,0.049390729536338225,geom,36
mixture,0.005250000000000003,756.7000555838225,1519.400111167645,1529.1411833841264,20.168136987837403,0.18800341697420983,0.04939123787794388,geom,36
mixture,0.005000000000000003,756.7001897415403,1519.4003794830805,1529.141451699562,20.17166697792516,0.18796326682943743,0.049391746755078965,geom,36
mixture,0.0047500000000000025,756.7003239348048,1519.4006478696097,1529.141720086091,20.175196084698605,0.18792245724058537,0.04939225638279732,geom,36
mixture,0.004500000000000002,756.70045816369,1519.40091632738,1529.1419885438613,20.178724783122593,0.18788088292096194,0.049392765594555015,geom,36
mixture,0.004250000000000002,756.7005924284973,1519.4011848569946,1529.142257073476,20.182252769683572,0.18783842770045342,0.049393275128144086,geom,36
mixture,0.004000000000000002,756.7007267295294,1519.4014534590588,1529.1425256755401,20.185780203777373,0.18779494693474882,0.04939378458659933,geom,36
mixture,0.0037500000000000016,756.700861067297,1519.401722134594,1529.1427943510753,20.18930716624438,0.18775027262479238,0.04939429376173669,geom,36
mixture,0.0035000000000000014,756.7009954423154,1519.4019908846308,1529.1430631011121,20.192833085588084,0.18770418832208258,0.04939480404285962,geom,36
mixture,0.003250000000000001,756.701129855416,1519.402259710832,1529.1433319273133,20.196358724044742,0.1876564391170955,0.049395313546852344,geom,36
mixture,0.003000000000000001,756.7012643075948,1519.4025286151896,1529.143600831671,20.1998835313077,0.1876066988089608,0.04939582360164096,geom,36
mixture,0.0027500000000000007,756.7013988001193,1519.4027976002385,1529.1438698167199,20.203407473506427,0.1875545502485752,0.049396334265048795,geom,36
mixture,0.0025000000000000005,756.7015333346551,1519.4030666693102,1529.1441388857916,20.206930715727175,0.18749945315280098,0.04939684510054583,geom,36
mixture,0.0022500000000000003,756.7016679133496,1519.4033358266993,1529.1444080431806,20.210453627504904,0.18744068608611866,0.049397355162748624,geom,36
mixture,0.002,756.7018025389714,1519.4036050779428,1529.1446772944241,20.213975474682023,0.18737725088235618,0.04939786619399391,geom,36
null,,756.702882766813,1515.405765533626,1518.6527896057864,20.24210743607076,0.049401970775929845,,geom,36
sum,,758.1250157866805,1518.250031573361,1521.4970556455214,30.76122611601459,0.06501691423017696,,geom,36
mixture,0.45,727.078005920445,1460.15601184089,1469.7844702994141,20.054645541531727,0.04986375799683797,0.049863758722554795,geom,37
mixture,0.2,727.0780059204452,1460.1560118408904,1469.7844702994146,20.054646304169015,0.04986375953802715,0.04986375574019978,geom,37
mixture,0.0022500000000000003,727.0780059204453,1460.1560118408906,1469.7844702994148,20.054646304838375,0.0498637611647509,0.04986375648757728,geom,37
mixture,0.005250000000000003,727.0780059204453,1460.1560118408906,1469.7844702994148,20.05464625240693,0.04986375851591443,0.049863756618504756,geom,37
mixture,0.05,727.0780059204453,1460.1560118408906,1469.7844702994148,20.05464648643722,0.04986375750615668,0.049863755969754495,geom,37
mixture,0.25,727.0780059204453,1460.1560118408906,1469.7844702994148,20.054645980302446,0.04986376108075015,0.04986375604645032,geom,37
mixture,0.006250000000000004,727.0780059204453,1460.1560118408906,1469.7844702994148,20.0546463077526,0.049863755677762786,0.04986375649596879,geom,37
mixture,0.006000000000000004,727.0780059204453,1460.1560118408906,1469.7844702994148,20.05464621518217,0.04986375924436051,0.04986375670579016,geom,37
mixture,0.5,727.0780059204453,1460.1560118408906,1469.7844702994148,20.0546457637764,0.049863757843394314,0.049863757843394314,geom,37
mixture,0.35000000000000003,727.0780059204453,1460.1560118408906,1469.7844702994148,20.05464610084071,0.049863759509172344,0.04986375565709119,geom,37
mixture,0.4,727.0780059204453,1460.1560118408906,1469.7844702994148,20.05464593974967,0.04986375871172155,0.04986375653527798,geom,37
mixture,0.15000000000000002,727.0780059204454,1460.1560118408909,1469.784470299415,20.054646344523558,0.04986376024103943,0.04986375572149652,geom,37
mixture,0.008000000000000005,727.0780059204454,1460.1560118408909,1469.784470299415,20.05464654036915,0.04986375255523708,0.0498637559395531,geom,37
mixture,0.3,727.0780059204454,1460.1560118408909,1469.784470299415,20.054646218243604,0.0498637595251451,0.049863755508380264,geom,37
mixture,0.0037500000000000016,727.0780059204455,1460.156011840891,1469.7844702994153,20.05464670774395,0.04986375902573472,0.04986375548303371,geom,37
mixture,0.0047500000000000025,727.0780059204455,1460.156011840891,1469.7844702994153,20.05464660370521,0.049863757248980026,0.04986375574786989,geom,37
mixture,0.0070000000000000045,727.0780059204455,1460.156011840891,1469.7844702994153,20.054646341956694,0.04986376108175853,0.04986375637284777,geom,37
mixture,0.008250000000000006,727.0780059204455,1460.156011840891,1469.7844702994153,20.05464639358819,0.04986376145623459,0.04986375623435337,geom,37
mixture,0.009000000000000006,727.0780059204455,1460.156011840891,1469.7844702994153,20.05464654765502,0.049863750531484535,0.049863755943067266,geom,37
mixture,0.007500000000000005,727.0780059204455,1460.156011840891,1469.7844702994153,20.054646474052507,0.04986375234622522,0.04986375610556292,geom,37
mixture,0.006750000000000004,727.0780059204455,1460.156011840891,1469.7844702994153,20.054646501698596,0.04986375195117433,0.049863756036202744,geom,37
mixture,0.005000000000000003,727.0780059204455,1460.156011840891,1469.7844702994153,20.054646512435287,0.049863754980462034,0.04986375598696568,geom,37
mixture,0.1,727.0780059204455,1460.156011840891,1469.7844702994153,20.054646279217742,0.04986374233857012,0.04986375814216372,geom,37
mixture,0.002,727.0780059204455,1460.156011840891,1469.7844702994153,20.054646442919772,0.04986376167247556,0.049863756143718616,geom,37
mixture,0.004000000000000002,727.0780059204455,1460.156011840891,1469.7844702994153,20.05464641136301,0.049863757310461096,0.04986375622891249,geom,37
mixture,0.003250000000000001,727.0780059204455,1460.156011840891,1469.7844702994153,20.054646489058086,0.0498637485367642,0.04986375606452331,geom,37
mixture,0.009750000000000007,727.0780059204457,1460.1560118408913,1469.7844702994155,20.054646627728975,0.04986375635167164,0.049863755688804655,geom,37
mixture,0.007750000000000005,727.0780059204457,1460.1560118408913,1469.7844702994155,20.054646410873282,0.04986376021951487,0.04986375620333091,geom,37
mixture,0.003000000000000001,727.0780059204457,1460.1560118408913,1469.7844702994155,20.054646655188932,0.049863754976071005,0.04986375562894997,geom,37
mixture,0.0025000000000000005,727.0780059204457,1460.1560118408913,1469.7844702994155,20.054646544999017,0.0498637572396863,0.04986375589761171,geom,37
mixture,0.007250000000000005,727.0780059204457,1460.1560118408913,1469.7844702994155,20.05464653835603,0.04986374207044905,0.04986375601860815,geom,37
mixture,0.008500000000000006,727.0780059204457,1460.1560118408913,1469.7844702994155,20.054646379305236,0.04986375511669527,0.04986375632320225,geom,37
mixture,0.004250000000000002,727.0780059204457,1460.1560118408913,1469.7844702994155,20.054646624634945,0.04986374963052339,0.049863755728878606,geom,37
mixture,0.0027500000000000007,727.0780059204458,1460.1560118408916,1469.7844702994157,20.05464655830298,0.049863759705001565,0.04986375585730683,geom,37
mixture,0.008750000000000006,727.0780059204458,1460.1560118408916,1469.7844702994157,20.05464626415512,0.04986375302945783,0.04986375663076698,geom,37
mixture,0.009250000000000006,727.0780059204458,1460.1560118408916,1469.7844702994157,20.054646452849695,0.04986375600813349,0.049863756131225026,geom,37
mixture,0.0035000000000000014,727.0780059204458,1460.1560118408916,1469.7844702994157,20.0546464872541,0.049863760319847725,0.0498637560295274,geom,37
mixture,0.004500000000000002,727.0780059204458,1460.1560118408916,1469.7844702994157,20.054646554825474,0.049863761796994435,0.04986375584977194,geom,37
mixture,0.005750000000000003,727.0780059204458,1460.1560118408916,1469.7844702994157,20.054646682241156,0.04986375693932621,0.04986375555175028,geom,37
mixture,0.006500000000000004,727.0780059204458,1460.1560118408916,1469.7844702994157,20.054646696829224,0.049863763199083984,0.04986375547323917,geom,37
mixture,0.010000000000000007,727.0780059204459,1460.1560118408918,1469.784470299416,20.0546466385959,0.04986374776968143,0.04986375574803166,geom,37
mixture,0.005500000000000003,727.0780059204459,1460.1560118408918,1469.784470299416,20.05464666226953,0.04986374938355784,0.049863755643817606,geom,37
mixture,0.009500000000000007,727.078005920446,1460.156011840892,1469.7844702994162,20.05464668595798,0.049863764554971296,0.04986375546412432,geom,37
null,,727.078005920446,1456.156011840892,1459.3654979937335,20.05464696393184,0.04986375485933479,,geom,37
sum,,727.0736778381558,1456.1473556763117,1459.3568418291532,30.290544728648428,0.0660272047900289,,geom,37
mixture,0.5,781.6526636778626,1569.3053273557252,1579.0778134718087,22.067709712155114,0.045315078594186424,0.045315078594186424,geom,38
mixture,0.25,781.6526636778628,1569.3053273557257,1579.0778134718091,22.06770975497695,0.04531508135809766,0.045315077555639065,geom,38
mixture,0.35000000000000003,781.6526636778628,1569.3053273557257,1579.0778134718091,22.067709764437517,0.04531508063014138,0.04531507733273439,geom,38
mixture,0.4,781.6526636778628,1569.3053273557257,1579.0778134718091,22.067709575938093,0.04531508018311175,0.04531507800109576,geom,38
mixture,0.45,781.6526636778628,1569.3053273557257,1579.0778134718091,22.06770972371991,0.04531507900808066,0.04531507821236786,geom,38
mixture,0.15000000000000002,781.652663677863,1569.305327355726,1579.0778134718093,22.06771007538141,0.045315081710546615,0.04531507716674724,geom,38
mixture,0.3,781.6526636778631,1569.3053273557261,1579.0778134718096,22.06770978884165,0.045315080890586654,0.04531507738505432,geom,38
mixture,0.2,781.6526636778632,1569.3053273557264,1579.0778134718098,22.067710058835907,0.04531508009485914,0.04531507732915095,geom,38
mixture,0.005750000000000003,781.6526636778633,1569.3053273557266,1579.07781347181,22.067710606891954,0.04531508323560165,0.04531507671941539,geom,38
mixture,0.004500000000000002,781.6526636778633,1569.3053273557266,1579.07781347181,22.06771061739326,0.04531507621979363,0.04531507673764983,geom,38
mixture,0.008500000000000006,781.6526636778633,1569.3053273557266,1579.07781347181,22.0677106462919,0.04531507810583386,0.04531507666371942,geom,38
mixture,0.0070000000000000045,781.6526636778633,1569.3053273557266,1579.07781347181,22.067710645247693,0.0453150813284921,0.045315076645339555,geom,38
mixture,0.1,781.6526636778633,1569.3053273557266,1579.07781347181,22.0677102012119,0.04531506973616058,0.045315078462570865,geom,38
mixture,0.05,781.6526636778633,1569.3053273557266,1579.07781347181,22.06771058600989,0.04531507386405858,0.04531507695427466,geom,38
mixture,0.006750000000000004,781.6526636778634,1569.3053273557268,1579.0778134718103,22.067710579465786,0.04531507734878028,0.04531507680956216,geom,38
mixture,0.006500000000000004,781.6526636778634,1569.3053273557268,1579.0778134718103,22.06771068849651,0.045315075936098015,0.045315076593585746,geom,38
mixture,0.005500000000000003,781.6526636778634,1569.3053273557268,1579.0778134718103,22.06771054058352,0.04531507799215972,0.04531507688696635,geom,38
mixture,0.005000000000000003,781.6526636778634,1569.3053273557268,1579.0778134718103,22.067710690222196,0.04531507790256341,0.045315076579151396,geom,38
mixture,0.009250000000000006,781.6526636778635,1569.305327355727,1579.0778134718105,22.067710538448473,0.045315072101785515,0.04531507694220301,geom,38
mixture,0.006250000000000004,781.6526636778635,1569.305327355727,1579.0778134718105,22.067710574363606,0.045315077174019086,0.0453150768214756,geom,38
mixture,0.002,781.6526636778635,1569.305327355727,1579.0778134718105,22.067710663793044,0.0453150765381679,0.04531507664024371,geom,38
mixture,0.010000000000000007,781.6526636778635,1569.305327355727,1579.0778134718105,22.06771086359636,0.04531507694823424,0.04531507622249481,geom,38
mixture,0.008750000000000006,781.6526636778635,1569.305327355727,1579.0778134718105,22.067710625980332,0.04531507646310934,0.04531507671993351,geom,38
mixture,0.006000000000000004,781.6526636778635,1569.305327355727,1579.0778134718105,22.06771065587305,0.045315074287165906,0.04531507667060355,geom,38
mixture,0.0047500000000000025,781.6526636778635,1569.305327355727,1579.0778134718105,22.067710741170714,0.04531507632273856,0.045315076481903936,geom,38
mixture,0.005250000000000003,781.6526636778635,1569.305327355727,1579.0778134718105,22.067710843970524,0.0453150771681095,0.04531507626531333,geom,38
mixture,0.009750000000000007,781.6526636778635,1569.305327355727,1579.0778134718105,22.067710719804364,0.04531507200683115,0.04531507656950887,geom,38
mixture,0.003000000000000001,781.6526636778635,1569.305327355727,1579.0778134718105,22.067710659133574,0.04531507603537078,0.04531507665145583,geom,38
mixture,0.003250000000000001,781.6526636778635,1569.305327355727,1579.0778134718105,22.0677107252014,0.045315074356717805,0.045315076520974024,geom,38
mixture,0.0035000000000000014,781.6526636778635,1569.305327355727,1579.0778134718105,22.067710668782063,0.04531507026262613,0.04531507665215819,geom,38
mixture,0.0022500000000000003,781.6526636778636,1569.3053273557273,1579.0778134718107,22.067710848282292,0.045315072497414184,0.04531507626968659,geom,38
mixture,0.009000000000000006,781.6526636778636,1569.3053273557273,1579.0778134718107,22.06771076656581,0.04531507252025084,0.04531507646449842,geom,38
mixture,0.0037500000000000016,781.6526636778636,1569.3053273557273,1579.0778134718107,22.06771076756315,0.04531507652952873,0.045315076426566084,geom,38
mixture,0.007500000000000005,781.6526636778636,1569.3053273557273,1579.0778134718107,22.067710603260323,0.04531507688093453,0.04531507676345979,geom,38
mixture,0.0025000000000000005,781.6526636778636,1569.3053273557273,1579.0778134718107,22.067710566795025,0.045315077359027296,0.04531507683791797,geom,38
mixture,0.009500000000000007,781.6526636778636,1569.3053273557273,1579.0778134718107,22.067710852290713,0.04531507833621807,0.04531507623298717,geom,38
mixture,0.004250000000000002,781.6526636778638,1569.3053273557275,1579.077813471811,22.067710865829028,0.04531507022373552,0.04531507625078248,geom,38
mixture,0.004000000000000002,781.6526636778638,1569.3053273557275,1579.077813471811,22.067710925315797,0.045315075963615,0.04531507610357389,geom,38
mixture,0.007750000000000005,781.6526636778638,1569.3053273557275,1579.077813471811,22.067710713292787,0.04531507933768217,0.04531507651653008,geom,38
mixture,0.008000000000000005,781.6526636778638,1569.3053273557275,1579.077813471811,22.067710905059585,0.045315076377869926,0.045315076142728165,geom,38
mixture,0.007250000000000005,781.6526636778638,1569.3053273557275,1579.077813471811,22.06771082682205,0.04531507705218763,0.045315076299811914,geom,38
mixture,0.0027500000000000007,781.6526636778639,1569.3053273557277,1579.0778134718112,22.06771088323709,0.045315076911078084,0.045315076187430796,geom,38
mixture,0.008250000000000006,781.6526636778639,1569.3053273557277,1579.0778134718112,22.067710849299672,0.04531507635697188,0.045315076258295756,geom,38
null,,781.6526636778638,1565.3053273557275,1568.5628227277552,22.067710932131757,0.045315076089017775,,geom,38
sum,,781.525985371874,1565.051970743748,1568.3094661157756,33.28798818314056,0.06008173245546104,,geom,38
mixture,0.15000000000000002,874.350678721321,1754.701357442642,1764.7711162666578,8.453937840451243,0.03718449471863207,0.1923077621334482,geom,39
mixture,0.1,874.6355428470549,1755.2710856941098,1765.3408445181258,6.73219251407477,0.03650145760105286,0.2254183826449326,geom,39
mixture,0.35000000000000003,874.904512943601,1755.809025887202,1765.878784711218,13.618642109133429,0.039040152868774554,0.13967941229987152,geom,39
mixture,0.4,875.0969727620251,1756.1939455240502,1766.263704348066,14.661006959944956,0.03939873950429842,0.13308497043043338,geom,39
mixture,0.45,875.2847860997945,1756.569572199589,1766.6393310236049,15.630779109160787,0.03973673847822812,0.1277214460345999,geom,39
mixture,0.5,875.4658171424418,1756.9316342848836,1767.0013931088995,16.53716222499917,0.1233031289503412,0.040057313721608596,geom,39
mixture,0.3,876.1131819363105,1758.226363872621,1768.296122696637,19.683448032855036,0.11157362251981742,0.041189456241722065,geom,39
mixture,0.25,876.2566189729482,1758.5132379458964,1768.5829967699124,20.38044138426216,0.10958033452177741,0.0414387303284233,geom,39
mixture,0.2,876.3934095820794,1758.7868191641587,1768.8565779881746,21.05053516888504,0.10782634028909044,0.041675998580322324,geom,39
mixture,0.05,876.7678586617467,1759.5357173234934,1769.6054761475093,22.92904609653669,0.10363818763247955,0.04232267094868182,geom,39
mixture,0.010000000000000007,876.8675117196442,1759.7350234392884,1769.8047822633043,23.341727339854994,0.19211049311363837,0.042508109027024024,geom,39
mixture,0.009750000000000007,876.8678713008978,1759.7357426017957,1769.8055014258116,23.346169645238234,0.192071398358225,0.04250837894504691,geom,39
mixture,0.009500000000000007,876.8682308286878,1759.7364616573757,1769.8062204813916,23.35028912279951,0.19203064307881626,0.042509237499877436,geom,39
mixture,0.009250000000000006,876.8685904664142,1759.7371809328283,1769.8069397568443,23.354750556787693,0.19199087376969676,0.04250947049246359,geom,39
mixture,0.009000000000000006,876.8689501306899,1759.7379002613798,1769.8076590853957,23.359212473706823,0.19195069642649093,0.04250970169502084,geom,39
mixture,0.008750000000000006,876.8693098219526,1759.7386196439052,1769.808378467921,23.363671994334005,0.19191007440960717,0.04250993635814609,geom,39
mixture,0.008500000000000006,876.8696695405728,1759.7393390811455,1769.8090979051615,23.36813228007506,0.19186897900861977,0.04251016871253402,geom,39
mixture,0.008250000000000006,876.8700292869347,1759.7400585738694,1769.8098173978854,23.37259035161316,0.1918273652153789,0.04251040418909854,geom,39
mixture,0.008000000000000005,876.8703890617012,1759.7407781234024,1769.8105369474183,23.377046301204413,0.19178519287242282,0.04251064261380127,geom,39
mixture,0.007750000000000005,876.8707488649885,1759.741497729977,1769.811256553993,23.381504045044846,0.19174241614805287,0.042510876848456544,geom,39
mixture,0.007500000000000005,876.8711086981461,1759.7422173962923,1769.8119762203082,23.385957482705706,0.1916989808310775,0.04251111800137908,geom,39
mixture,0.007250000000000005,876.8714685617283,1759.7429371234566,1769.8126959474725,23.390410538878267,0.19165483338326633,0.0425113589174026,geom,39
mixture,0.0070000000000000045,876.8718284569925,1759.743656913985,1769.813415738001,23.39486160947887,0.19160991213797315,0.04251160251064373,geom,39
mixture,0.006750000000000004,876.8721883850127,1759.7443767700254,1769.8141355940413,23.399313046370768,0.19156415016031514,0.04251184449312193,geom,39
mixture,0.006500000000000004,876.8725483476926,1759.7450966953852,1769.8148555194011,23.40376091493125,0.1915174729070652,0.04251209201586364,geom,39
mixture,0.006250000000000004,876.8729082197049,1759.7458164394097,1769.8155752634257,23.40784896109029,0.1914668988945587,0.04251299388199623,geom,39
mixture,0.006000000000000004,876.8732682588659,1759.7465365177318,1769.8162953417477,23.412352501811355,0.19141829307977606,0.0425131380032422,geom,39
mixture,0.005750000000000003,876.873628341131,1759.747256682262,1769.817015506278,23.416845354856793,0.1913684865542938,0.04251330062572424,geom,39
mixture,0.005500000000000003,876.8739884679038,1759.7479769358076,1769.8177357598236,23.421330306743062,0.19131736207280867,0.04251347665865112,geom,39
mixture,0.005250000000000003,876.8743486409749,1759.7486972819497,1769.8184561059657,23.425819773998168,0.19126480351429484,0.042513643512840565,geom,39
mixture,0.005000000000000003,876.8747085434059,1759.7494170868117,1769.8191759108277,23.42975998568457,0.19120204285061096,0.042514809271429505,geom,39
mixture,0.0047500000000000025,876.8750688151813,1759.7501376303626,1769.8198964543785,23.434401597307854,0.19114669919950106,0.042514697339221086,geom,39
mixture,0.004500000000000002,876.8754295887745,1759.750859177549,1769.820618001565,23.439324395745608,0.19109935144799253,0.042514071773683854,geom,39
mixture,0.004250000000000002,876.8757899781351,1759.7515799562702,1769.8213387802862,23.443751317567425,0.1910391576805503,0.042514348172748566,geom,39
mixture,0.004000000000000002,876.8761504375356,1759.7523008750711,1769.822059699087,23.448178062166917,0.1909765477773244,0.04251462375059688,geom,39
mixture,0.0037500000000000016,876.876510974166,1759.753021948332,1769.8227807723479,23.452604603853736,0.19091122675004676,0.04251489851883121,geom,39
mixture,0.0035000000000000014,876.8768715961569,1759.7537431923138,1769.8235020163297,23.457029821097784,0.19084284105573732,0.04251517447224173,geom,39
mixture,0.003250000000000001,876.8772323131988,1759.7544646263975,1769.8242234504135,23.461455174675518,0.1907709777552043,0.04251544891276496,geom,39
mixture,0.003000000000000001,876.8775931364753,1759.7551862729506,1769.8249450969665,23.46587960494904,0.1906951332379773,0.04251572370738124,geom,39
mixture,0.0027500000000000007,876.8779540792926,1759.7559081585853,1769.8256669826012,23.4703033025523,0.19061469798812508,0.0425159984443767,geom,39
mixture,0.0025000000000000005,876.8783151572429,1759.7566303144858,1769.8263891385018,23.474726158691052,0.19052890846801876,0.04251627324372299,geom,39
mixture,0.0022500000000000003,876.8786763890414,1759.7573527780828,1769.8271116020987,23.47914788809033,0.19043679841388572,0.0425165485295153,geom,39
mixture,0.002,876.8790377973294,1759.7580755946587,1769.8278344186747,23.483568875773756,0.19033711212021362,0.04251682349178016,geom,39
null,,876.8819423551281,1755.7638847102562,1759.1204709849283,23.518870839595277,0.04251904807931708,,geom,39
sum,,879.5976020259504,1761.1952040519009,1764.551790326573,35.901619135380265,0.0557077939147609,,geom,39
mixture,0.0035000000000000014,751.1165967296612,1508.2331934593224,1517.926519309886,20.92513341440412,0.047789427071529104,0.04778942048844975,geom,40
mixture,0.003000000000000001,751.1165967296612,1508.2331934593224,1517.926519309886,20.925133698397694,0.047789417035062426,0.04778941987140689,geom,40
mixture,0.0022500000000000003,751.1165967296613,1508.2331934593226,1517.9265193098863,20.92513374705038,0.047789424953361505,0.04778941974005351,geom,40
mixture,0.005250000000000003,751.1165967296613,1508.2331934593226,1517.9265193098863,20.925133765543215,0.047789418173192266,0.04778941971765743,geom,40
mixture,0.008250000000000006,751.1165967296613,1508.2331934593226,1517.9265193098863,20.92513349131332,0.047789420872314865,0.047789420331380374,geom,40
mixture,0.009250000000000006,751.1165967296613,1508.2331934593226,1517.9265193098863,20.925133725969513,0.047789411088778086,0.04778941988125901,geom,40
mixture,0.007500000000000005,751.1165967296613,1508.2331934593226,1517.9265193098863,20.925133424592435,0.04778942080974489,0.04778942048579252,geom,40
mixture,0.005000000000000003,751.1165967296614,1508.2331934593228,1517.9265193098865,20.92513365743303,0.047789425660534214,0.047789419927790414,geom,40
mixture,0.0070000000000000045,751.1165967296614,1508.2331934593228,1517.9265193098865,20.925133727041,0.04778941276474231,0.04778941984705766,geom,40
mixture,0.05,751.1165967296614,1508.2331934593228,1517.9265193098865,20.925133375438826,0.04778942085399402,0.04778942058713777,geom,40
mixture,0.007750000000000005,751.1165967296615,1508.233193459323,1517.9265193098868,20.925133644621496,0.04778942611509075,0.047789419937839785,geom,40
mixture,0.006250000000000004,751.1165967296615,1508.233193459323,1517.9265193098868,20.925133423294096,0.04778942063784153,0.04778942049026499,geom,40
mixture,0.005750000000000003,751.1165967296615,1508.233193459323,1517.9265193098868,20.925133556499233,0.047789430354697134,0.04778942012816709,geom,40
mixture,0.004500000000000002,751.1165967296615,1508.233193459323,1517.9265193098868,20.925133661489866,0.04778941958374688,0.047789419948831895,geom,40
mixture,0.003250000000000001,751.1165967296615,1508.233193459323,1517.9265193098868,20.92513363138221,0.047789423570630964,0.04778942000435936,geom,40
mixture,0.007250000000000005,751.1165967296615,1508.233193459323,1517.9265193098868,20.925133542446787,0.04778942007587952,0.047789420220108667,geom,40
mixture,0.009500000000000007,751.1165967296615,1508.233193459323,1517.9265193098868,20.925133559991423,0.04778942506805658,0.04778942013210251,geom,40
mixture,0.009000000000000006,751.1165967296615,1508.233193459323,1517.9265193098868,20.92513351381271,0.04778943064873718,0.047789420190332714,geom,40
mixture,0.008500000000000006,751.1165967296615,1508.233193459323,1517.9265193098868,20.925133710485643,0.04778941898658719,0.04778941984256688,geom,40
mixture,0.008000000000000005,751.1165967296615,1508.233193459323,1517.9265193098868,20.925133719090915,0.04778941950903588,0.047789419818110676,geom,40
mixture,0.006500000000000004,751.1165967296615,1508.233193459323,1517.9265193098868,20.925133709773043,0.04778942566335535,0.047789419798798895,geom,40
mixture,0.002,751.1165967296615,1508.233193459323,1517.9265193098868,20.925133338933723,0.04778942443845794,0.04778942067632772,geom,40
mixture,0.010000000000000007,751.1165967296615,1508.233193459323,1517.9265193098868,20.925133538588558,0.047789421008092275,0.04778942021999355,geom,40
mixture,0.009750000000000007,751.1165967296616,1508.2331934593233,1517.926519309887,20.925133433464406,0.047789415635774574,0.04778942051553779,geom,40
mixture,0.006750000000000004,751.1165967296616,1508.2331934593233,1517.926519309887,20.925133570814285,0.04778941644171778,0.047789420179506575,geom,40
mixture,0.0037500000000000016,751.1165967296616,1508.2331934593233,1517.926519309887,20.925133653766927,0.04778940830800458,0.047789420008704515,geom,40
mixture,0.0047500000000000025,751.1165967296616,1508.2331934593233,1517.926519309887,20.925133482655024,0.04778941983452504,0.04778942035810415,geom,40
mixture,0.005500000000000003,751.1165967296618,1508.2331934593235,1517.9265193098872,20.925133649072762,0.047789417341337216,0.04778941999011583,geom,40
mixture,0.0027500000000000007,751.1165967296618,1508.2331934593235,1517.9265193098872,20.92513342663799,0.04778942204353232,0.047789420479248675,geom,40
mixture,0.004000000000000002,751.1165967296618,1508.2331934593235,1517.9265193098872,20.925133631811292,0.04778942383128625,0.047789419999643215,geom,40
mixture,0.004250000000000002,751.1165967296618,1508.2331934593235,1517.9265193098872,20.925133647324166,0.04778942151033278,0.04778941997300741,geom,40
mixture,0.0025000000000000005,751.1165967296618,1508.2331934593235,1517.9265193098872,20.925133691981113,0.04778940997880205,0.04778941990236114,geom,40
mixture,0.008750000000000006,751.1165967296618,1508.2331934593235,1517.9265193098872,20.925133665660965,0.04778942465189372,0.0477894198960493,geom,40
mixture,0.006000000000000004,751.1165967296618,1508.2331934593235,1517.9265193098872,20.925133528837378,0.04778942095518394,0.04778942024588879,geom,40
mixture,0.1,751.1165967296618,1508.2331934593235,1517.9265193098872,20.925133298361185,0.047789399204458835,0.04778942317340879,geom,40
mixture,0.5,751.1165967296618,1508.2331934593235,1517.9265193098872,20.92513249717796,0.04778942260627806,0.04778942260627806,geom,40
mixture,0.15000000000000002,751.1165967296621,1508.2331934593242,1517.926519309888,20.925133146242413,0.04778938815134932,0.04778942694262065,geom,40
mixture,0.35000000000000003,751.1165967296624,1508.2331934593249,1517.9265193098886,20.925135887370825,0.047789417613231217,0.047789413383119976,geom,40
mixture,0.4,751.1165967296627,1508.2331934593253,1517.926519309889,20.925136045679317,0.047789416769691666,0.047789412990388073,geom,40
mixture,0.2,751.1165967296627,1508.2331934593253,1517.926519309889,20.925136083209622,0.04778941827963006,0.047789413450588424,geom,40
mixture,0.45,751.1165967296627,1508.2331934593253,1517.926519309889,20.925136011806728,0.04778941529114266,0.04778941399718985,geom,40
mixture,0.25,751.1165967296628,1508.2331934593255,1517.9265193098893,20.925136119883316,0.047789418195875996,0.047789413044895146,geom,40
mixture,0.3,751.1165967296628,1508.2331934593255,1517.9265193098893,20.925136045201082,0.04778941736295748,0.0477894132775921,geom,40
null,,751.116596729663,1504.233193459326,1507.4643020761805,20.925136088791874,0.04778941440364776,,geom,40
sum,,751.3568166599929,1504.7136333199858,1507.9447419368403,31.63513347763036,0.06322084910481657,,geom,40
mixture,0.25,653.473745130427,1312.947490260854,1322.1917033558075,18.606057327672612,0.13330208887320275,0.04482799181405409,geom,41
mixture,0.3,653.4790879027055,1312.958175805411,1322.2023889003644,17.871666468013128,0.13751330305626686,0.04461423530246195,geom,41
mixture,0.15000000000000002,653.4877602719625,1312.975520543925,1322.2197336388786,19.484888577804174,0.18329521843315152,0.04553603151403044,geom,41
mixture,0.2,653.4883532877523,1312.9767065755045,1322.220919670458,18.710900261412377,0.1832017141935422,0.04540499359306226,geom,41
mixture,0.35000000000000003,653.4895666547825,1312.979133309565,1322.2233464045185,17.097028847174137,0.14241518890612917,0.0444006485082224,geom,41
mixture,0.1,653.4896592280857,1312.9793184561713,1322.2235315511248,20.242646346565063,0.18767964620617184,0.045662509316172314,geom,41
mixture,0.05,653.492391860662,1312.984783721324,1322.2289968162775,21.00678381712731,0.19847463880380936,0.04577240642992576,geom,41
mixture,0.010000000000000007,653.4929590955414,1312.9859181910829,1322.2301312860363,21.64982128165522,0.1908969344049993,0.04583877245680554,geom,41
mixture,0.009750000000000007,653.4929686765655,1312.985937353131,1322.2301504480845,21.653775265985175,0.19085964769017913,0.04583919744123053,geom,41
mixture,0.009500000000000007,653.4929783139272,1312.9859566278544,1322.230169722808,21.657728591355824,0.19082221869495297,0.04583962261821806,geom,41
mixture,0.009250000000000006,653.4929880074699,1312.9859760149398,1322.2301891098932,21.661681270283164,0.19078462953293907,0.045840047963977025,geom,41
mixture,0.009000000000000006,653.4929977569734,1312.9859955139468,1322.2302086089003,21.66563311841027,0.19074685716684264,0.045840473873859214,geom,41
mixture,0.008750000000000006,653.4930075622719,1312.9860151245439,1322.2302282194973,21.66958491167227,0.19070887948381343,0.04584089870528171,geom,41
mixture,0.008500000000000006,653.4930174231948,1312.9860348463897,1322.2302479413431,21.673535817085767,0.19067066992748383,0.045841324228124626,geom,41
mixture,0.008250000000000006,653.4930273396504,1312.9860546793009,1322.2302677742543,21.67748606153639,0.1906322038370256,0.04584174996235506,geom,41
mixture,0.008000000000000005,653.4930373114383,1312.9860746228767,1322.2302877178302,21.681435526106554,0.19059344741555465,0.04584217616378377,geom,41
mixture,0.007750000000000005,653.4930473384942,1312.9860946769884,1322.2303077719419,21.68538482320322,0.190554370564243,0.04584260153543319,geom,41
mixture,0.007500000000000005,653.4930574206577,1312.9861148413154,1322.2303279362688,21.68933304441973,0.19051493237515346,0.045843028004780614,geom,41
mixture,0.007250000000000005,653.4930675579363,1312.9861351158727,1322.2303482108262,21.693281175322277,0.190475097791827,0.04584345348316639,geom,41
mixture,0.0070000000000000045,653.4930777501763,1312.9861555003527,1322.2303685953061,21.697228209739322,0.1904348152279708,0.04584388010405255,geom,41
mixture,0.006750000000000004,653.493087997228,1312.986175994456,1322.2303890894095,21.701175318182916,0.19039402773745354,0.04584430539219495,geom,41
mixture,0.006500000000000004,653.4930982993632,1312.9861965987263,1322.2304096936798,21.70512134076103,0.19035269468073027,0.04584473179509858,geom,41
mixture,0.006250000000000004,653.4931086564595,1312.986217312919,1322.2304304078725,21.709066986898147,0.19031074421029837,0.04584515781339688,geom,41
mixture,0.006000000000000004,653.4931190685091,1312.9862381370183,1322.2304512319718,21.713011649451477,0.1902680992903616,0.04584558473063806,geom,41
mixture,0.005750000000000003,653.4931295356691,1312.9862590713383,1322.2304721662917,21.716955904061795,0.1902246826303758,0.045846011324345994,geom,41
mixture,0.005500000000000003,653.4931400579975,1312.986280115995,1322.2304932109485,21.72089948811003,0.19018039451757807,0.04584643814755018,geom,41
mixture,0.005250000000000003,653.4931506357414,1312.9863012714827,1322.2305143664362,21.724842649907693,0.19013513193332582,0.04584686466834528,geom,41
mixture,0.005000000000000003,653.493161269075,1312.98632253815,1322.2305356331035,21.728785055044543,0.19008876453907533,0.04584729158830248,geom,41
mixture,0.0047500000000000025,653.4931719583149,1312.9863439166297,1322.2305570115832,21.732726838968965,0.1900411476091516,0.04584771861235442,geom,41
mixture,0.004500000000000002,653.4931827038248,1312.9863654076496,1322.230578502603,21.73666791003991,0.18999210846647832,0.04584814592410971,geom,41
mixture,0.004250000000000002,653.4931935061287,1312.9863870122574,1322.2306001072109,21.740608256527047,0.1899414497601581,0.0458485735343402,geom,41
mixture,0.004000000000000002,653.4932043657423,1312.9864087314845,1322.230621826438,21.744548087804006,0.18988892412174105,0.045849000987304676,geom,41
mixture,0.0037500000000000016,653.493215283426,1312.986430566852,1322.2306436618055,21.748487483409757,0.18983424551929134,0.04584942809565146,geom,41
mixture,0.0035000000000000014,653.4932262600361,1312.9864525200721,1322.2306656150256,21.752426052535558,0.18977705712237514,0.04584985566219655,geom,41
mixture,0.003250000000000001,653.493237296688,1312.986474593376,1322.2306876883295,21.756363662116208,0.18971692645831592,0.045850283938892275,geom,41
mixture,0.003000000000000001,653.4932483947189,1312.9864967894378,1322.2307098843912,21.760300956832555,0.18965330835442037,0.045850711531946454,geom,41
mixture,0.0027500000000000007,653.4932595558108,1312.9865191116216,1322.230732206575,21.76423742907366,0.18958551104193927,0.04585113946969124,geom,41
mixture,0.0025000000000000005,653.493270782074,1312.986541564148,1322.2307546591014,21.768172802348076,0.18951263840048263,0.04585156828175672,geom,41
mixture,0.0022500000000000003,653.4932820761594,1312.9865641523188,1322.2307772472723,21.772107853059925,0.18943349787409225,0.04585199626519986,geom,41
mixture,0.002,653.4932934415158,1312.9865868830316,1322.230799977985,21.77604170568867,0.18934646655525422,0.045852425179173206,geom,41
mixture,0.4,653.4933886208416,1312.9867772416833,1322.2309903366368,21.80745359086601,0.04585589741923749,0.04585587030026426,geom,41
mixture,0.45,653.4933886208416,1312.9867772416833,1322.2309903366368,21.80745445083055,0.04585587988621843,0.04585587889227431,geom,41
mixture,0.5,653.4933886208416,1312.9867772416833,1322.2309903366368,21.807454546667582,0.045855879138026724,0.045855879138026724,geom,41
null,,653.4933886208426,1308.986777241685,1312.0681816066697,21.807456020554543,0.04585587603879395,,geom,41
sum,,654.0052220210971,1310.0104440421942,1313.0918484071788,33.01200591903693,0.06058401918699118,,geom,41
mixture,0.2,812.3116937946536,1630.6233875893072,1640.5183396889513,18.84663372088581,0.03446420822345326,0.06133317532138143,geom,42
mixture,0.4,812.6419927990135,1631.283985598027,1641.178937697671,19.26894087725393,0.03920147324926536,0.06618686536396924,geom,42
mixture,0.45,812.7132567767335,1631.426513553467,1641.321465653111,19.427026319597694,0.040030120917864453,0.0671920559855678,geom,42
mixture,0.5,812.781607693939,1631.563215387878,1641.4581674875221,19.60236835358721,0.06812636018228979,0.040772839888214146,geom,42
mixture,0.35000000000000003,812.9728568737485,1631.945713747497,1641.840665847141,20.215658726259193,0.0705309626902326,0.0426137319368471,geom,42
mixture,0.3,813.0327725327587,1632.0655450655174,1641.9604971651615,20.44427256588949,0.07120765840547014,0.04312670434792889,geom,42
mixture,0.25,813.0910134444264,1632.1820268888528,1642.0769789884969,20.682567165170557,0.07182649439792427,0.04359968949439469,geom,42
mixture,0.15000000000000002,813.3598208736263,1632.7196417472526,1642.6145938468967,21.975001791686015,0.04550618679342929,0.04550626515423242,geom,42
mixture,0.1,813.3598208736362,1632.7196417472724,1642.6145938469165,21.975001795900944,0.04550623999587719,0.04550625487975457,geom,42
mixture,0.0035000000000000014,813.3598208736366,1632.7196417472733,1642.6145938469174,21.975002161004536,0.04550625305124311,0.04550625263384202,geom,42
mixture,0.005750000000000003,813.3598208736366,1632.7196417472733,1642.6145938469174,21.975002186407025,0.045506254289872046,0.04550625257282594,geom,42
mixture,0.003250000000000001,813.3598208736366,1632.7196417472733,1642.6145938469174,21.975002136322125,0.04550625468839857,0.045506252679888066,geom,42
mixture,0.005500000000000003,813.3598208736366,1632.7196417472733,1642.6145938469174,21.975002201076965,0.04550624686403527,0.045506252583778765,geom,42
mixture,0.009000000000000006,813.3598208736366,1632.7196417472733,1642.6145938469174,21.975002228974887,0.04550625282705348,0.0455062524915289,geom,42
mixture,0.0070000000000000045,813.3598208736366,1632.7196417472733,1642.6145938469174,21.97500242057099,0.04550624984159434,0.045506252113692455,geom,42
mixture,0.0047500000000000025,813.3598208736366,1632.7196417472733,1642.6145938469174,21.975002218598146,0.04550625269076426,0.04550625251520306,geom,42
mixture,0.007250000000000005,813.3598208736366,1632.7196417472733,1642.6145938469174,21.975002143368382,0.04550625270464544,0.04550625267158451,geom,42
mixture,0.002,813.3598208736367,1632.7196417472735,1642.6145938469176,21.975002240487754,0.04550625291076497,0.04550625246982568,geom,42
mixture,0.003000000000000001,813.3598208736367,1632.7196417472735,1642.6145938469176,21.975002244314332,0.045506251928518225,0.04550625246439102,geom,42
mixture,0.005250000000000003,813.3598208736367,1632.7196417472735,1642.6145938469176,21.9750022739311,0.045506252501386374,0.045506252400925026,geom,42
mixture,0.008000000000000005,813.3598208736369,1632.7196417472737,1642.6145938469178,21.9750024081602,0.04550625226975991,0.04550625212230866,geom,42
mixture,0.008500000000000006,813.3598208736369,1632.7196417472737,1642.6145938469178,21.97500233761427,0.04550625027684747,0.045506252286659526,geom,42
mixture,0.006500000000000004,813.3598208736369,1632.7196417472737,1642.6145938469178,21.975002296877438,0.04550624739185331,0.045506252386399285,geom,42
mixture,0.008250000000000006,813.3598208736369,1632.7196417472737,1642.6145938469178,21.97500220948788,0.04550624881015897,0.04550625256588745,geom,42
mixture,0.009500000000000007,813.3598208736369,1632.7196417472737,1642.6145938469178,21.975002519654723,0.04550625775954627,0.04550625183633278,geom,42
mixture,0.009250000000000006,813.3598208736369,1632.7196417472737,1642.6145938469178,21.97500242978075,0.045506253029341755,0.04550625206984064,geom,42
mixture,0.009750000000000007,813.3598208736369,1632.7196417472737,1642.6145938469178,21.975002267305026,0.04550625653480895,0.04550625237461193,geom,42
mixture,0.004500000000000002,813.3598208736369,1632.7196417472737,1642.6145938469178,21.975002336216427,0.045506252637898446,0.04550625227081895,geom,42
mixture,0.006000000000000004,813.3598208736369,1632.7196417472737,1642.6145938469178,21.975002228688655,0.045506253627503955,0.04550625248830617,geom,42
mixture,0.004250000000000002,813.3598208736369,1632.7196417472737,1642.6145938469178,21.97500224513809,0.04550625500374964,0.045506252450225076,geom,42
mixture,0.004000000000000002,813.3598208736369,1632.7196417472737,1642.6145938469178,21.975002280284077,0.04550625302556838,0.04550625238573725,geom,42
mixture,0.007500000000000005,813.3598208736369,1632.7196417472737,1642.6145938469178,21.975002463534448,0.04550625312257305,0.045506252000401946,geom,42
mixture,0.010000000000000007,813.3598208736369,1632.7196417472737,1642.6145938469178,21.975002467318095,0.04550625191920013,0.04550625200180907,geom,42
mixture,0.0022500000000000003,813.359820873637,1632.719641747274,1642.614593846918,21.975002453381023,0.04550625201875581,0.04550625202986914,geom,42
mixture,0.05,813.359820873637,1632.719641747274,1642.614593846918,21.975002316738962,0.04550624772145084,0.04550625255445536,geom,42
mixture,0.006750000000000004,813.359820873637,1632.719641747274,1642.614593846918,21.975002478787268,0.04550625235698469,0.04550625197465165,geom,42
mixture,0.0037500000000000016,813.3598208736371,1632.7196417472742,1642.6145938469183,21.975002496842315,0.0455062486391206,0.04550625195226796,geom,42
mixture,0.0027500000000000007,813.3598208736371,1632.7196417472742,1642.6145938469183,21.9750025684508,0.04550625340802437,0.045506251787097905,geom,42
mixture,0.0025000000000000005,813.3598208736371,1632.7196417472742,1642.6145938469183,21.97500229968631,0.04550625300983388,0.045506252346459636,geom,42
mixture,0.005000000000000003,813.3598208736371,1632.7196417472742,1642.6145938469183,21.975002457317327,0.04550625154550592,0.045506252024085654,geom,42
mixture,0.007750000000000005,813.3598208736371,1632.7196417472742,1642.6145938469183,21.975002383854143,0.04550625356846698,0.04550625216292879,geom,42
mixture,0.008750000000000006,813.3598208736371,1632.7196417472742,1642.6145938469183,21.97500226835401,0.04550625307568132,0.045506252407151955,geom,42
mixture,0.006250000000000004,813.3598208736372,1632.7196417472744,1642.6145938469185,21.975002418927087,0.045506252872144895,0.04550625209634324,geom,42
null,,813.3598208736372,1628.7196417472744,1632.0179591138224,21.975002722147885,0.045506251473276624,,geom,42
sum,,815.3201286358216,1632.6402572716431,1635.938574638191,33.39112946020712,0.059896147040591735,,geom,42
mixture,0.25,786.3914868987065,1578.782973797413,1588.6628882715866,16.093573608287045,0.2114840947169398,0.050296914040333714,geom,43
mixture,0.3,786.3923387546256,1578.7846775092512,1588.6645919834248,15.33403909684477,0.21730666972935772,0.0501666190114978,geom,43
mixture,0.2,786.3931075030353,1578.7862150060705,1588.666129480244,16.834551320672098,0.20631213424868314,0.05042499957364517,geom,43
mixture,0.35000000000000003,786.3963847586717,1578.7927695173435,1588.672683991517,14.554651622184643,0.22386303688374248,0.05003388580021185,geom,43
mixture,0.15000000000000002,786.3971210756915,1578.794242151383,1588.6741566255566,17.504244443792462,0.2136155830944796,0.05058906959779781,geom,43
mixture,0.1,786.401705953654,1578.803411907308,1588.6833263814815,18.268107869759117,0.19731494530063234,0.050671955487667966,geom,43
mixture,0.4,786.4045893004761,1578.8091786009522,1588.6890930751258,13.7529058502691,0.23138169090874047,0.049899533126798526,geom,43
mixture,0.05,786.4079457262671,1578.8158914525343,1588.6958059267079,18.958608397414032,0.19561444654672228,0.05079398061720689,geom,43
mixture,0.010000000000000007,786.4136069522721,1578.8272139045441,1588.7071283787177,19.509228900004935,0.18753833770814538,0.05088429066810871,geom,43
mixture,0.009750000000000007,786.4136439652623,1578.8272879305246,1588.7072024046981,19.512592019637243,0.18750245504471877,0.050884883890245515,geom,43
mixture,0.009500000000000007,786.4136809960214,1578.8273619920428,1588.7072764662164,19.51595414612382,0.18746658694872714,0.0508854780886029,geom,43
mixture,0.009250000000000006,786.413718044533,1578.827436089066,1588.7073505632395,19.519315835697885,0.18743072093692234,0.050886071817398196,geom,43
mixture,0.009000000000000006,786.413755110777,1578.827510221554,1588.7074246957275,19.52267679478596,0.1873948435221755,0.050886665852448984,geom,43
mixture,0.008750000000000006,786.4137921947281,1578.8275843894562,1588.7074988636298,19.526037292152257,0.18735894710091175,0.05088725949500613,geom,43
mixture,0.008500000000000006,786.4138292963692,1578.8276585927383,1588.707573066912,19.529396863480056,0.18732301334288076,0.05088785396782807,geom,43
mixture,0.008250000000000006,786.4138664156824,1578.8277328313648,1588.7076473055383,19.53275614413028,0.18728702700554023,0.050888447617856956,geom,43
mixture,0.008000000000000005,786.4139035526371,1578.8278071052741,1588.7077215794477,19.53611424989038,0.1872509767007564,0.050889042757093966,geom,43
mixture,0.007750000000000005,786.4139407072164,1578.8278814144328,1588.7077958886064,19.539471845976028,0.1872148427701962,0.05088963765537591,geom,43
mixture,0.007500000000000005,786.413977879401,1578.827955758802,1588.7078702329757,19.542829132815342,0.18717860345136908,0.05089023179665419,geom,43
mixture,0.007250000000000005,786.4140150691658,1578.8280301383315,1588.7079446125051,19.546185395429788,0.18714223851001163,0.05089082705102039,geom,43
mixture,0.0070000000000000045,786.4140522764883,1578.8281045529766,1588.7080190271502,19.549540908754608,0.18710572350986804,0.05089142270566171,geom,43
mixture,0.006750000000000004,786.4140895013468,1578.8281790026936,1588.7080934768671,19.552896268932944,0.1870690320247197,0.050892017210023996,geom,43
mixture,0.006500000000000004,786.4141267437171,1578.8282534874343,1588.7081679616078,19.55625050264616,0.18703213172515737,0.050892613107459066,geom,43
mixture,0.006250000000000004,786.4141640035732,1578.8283280071464,1588.70824248132,19.55960441857929,0.186994991854289,0.05089320829123438,geom,43
mixture,0.006000000000000004,786.4142012808891,1578.8284025617781,1588.7083170359517,19.56295741759888,0.18695757362087428,0.05089380432635863,geom,43
mixture,0.005750000000000003,786.4142385756418,1578.8284771512836,1588.7083916254571,19.566310066116557,0.18691983077163346,0.05089439974022546,geom,43
mixture,0.005500000000000003,786.4142758877958,1578.8285517755917,1588.7084662497653,19.569661785670338,0.1868817197112275,0.05089499603900726,geom,43
mixture,0.005250000000000003,786.4143132173285,1578.828626434657,1588.7085409088306,19.573012997289897,0.18684317757927862,0.05089559212908804,geom,43
mixture,0.005000000000000003,786.4143505642023,1578.8287011284046,1588.7086156025782,19.576363718523197,0.18680414515431193,0.050896187962250095,geom,43
mixture,0.0047500000000000025,786.4143879283828,1578.8287758567656,1588.7086903309391,19.579713716155467,0.1867645467961918,0.050896784144416035,geom,43
mixture,0.004500000000000002,786.4144253098309,1578.8288506196618,1588.7087650938354,19.583062928238114,0.1867242968550079,0.05089738083299739,geom,43
mixture,0.004250000000000002,786.4144627085072,1578.8289254170145,1588.708839891188,19.586411584804125,0.18668328918098442,0.050897977425734785,geom,43
mixture,0.004000000000000002,786.4145001243629,1578.8290002487258,1588.7089147228994,19.589759426393424,0.1866414070531435,0.050898574589354637,geom,43
mixture,0.0037500000000000016,786.4145375573453,1578.8290751146906,1588.7089895888641,19.593106992641477,0.18659850690759375,0.05089917091074129,geom,43
mixture,0.0035000000000000014,786.4145750073942,1578.8291500147884,1588.709064488962,19.596453525694706,0.18655441521648475,0.05089976834849165,geom,43
mixture,0.003250000000000001,786.4146124744395,1578.829224948879,1588.7091394230526,19.599799597677332,0.18650892498679053,0.050900365397568044,geom,43
mixture,0.003000000000000001,786.4146499584008,1578.8292999168016,1588.7092143909751,19.603144800578818,0.18646177576893516,0.05090096309788114,geom,43
mixture,0.0027500000000000007,786.4146874591812,1578.8293749183624,1588.709289392536,19.606489337952844,0.1864126455531282,0.05090156089264909,geom,43
mixture,0.0025000000000000005,786.4147249766653,1578.8294499533306,1588.7093644275042,19.609833392232694,0.18636112474168862,0.050902158272723166,geom,43
mixture,0.0022500000000000003,786.4147625107087,1578.8295250214173,1588.709439495591,19.613176424901095,0.18630668510384224,0.05090275659096693,geom,43
mixture,0.002,786.4148000420578,1578.8296000841156,1588.7095145582891,19.616520336626973,0.18629936019730647,0.050903343259705365,geom,43
mixture,0.45,786.4151009829927,1578.8302019659855,1588.710116440159,19.643217195557092,0.05090815902391825,0.05090815673464454,geom,43
mixture,0.5,786.4151009829927,1578.8302019659855,1588.710116440159,19.643216718870452,0.05090815900021813,0.05090815900021813,geom,43
null,,786.4151009829932,1574.8302019659864,1578.123506790711,19.643217841239828,0.05090815609144019,,geom,43
sum,,786.6145903090496,1575.2291806180992,1578.5224854428238,29.710014853833282,0.06731736789225985,,geom,43
mixture,0.4,658.9171312954134,1323.8342625908267,1333.2061545290364,17.151512252315882,0.04515966387758558,0.07234101204705641,geom,44
mixture,0.45,658.9326162454533,1323.8652324909067,1333.2371244291164,17.13495916874459,0.046050766325560634,0.07469644573939667,geom,44
mixture,0.35000000000000003,659.0033000909052,1324.0066001818104,1333.3784921200202,17.240339468576074,0.08752418185033733,0.049088299554498185,geom,44
mixture,0.3,659.024931497959,1324.049862995918,1333.4217549341276,17.374262464683742,0.09104379391913897,0.04971892842323308,geom,44
mixture,0.5,659.0468290271081,1324.0936580542161,1333.4655499924258,13.497772483270106,0.15009402882875741,0.04918100171092197,geom,44
mixture,0.25,659.0486314406288,1324.0972628812576,1333.4691548194673,17.577157155590744,0.09395348208530906,0.05028068054094365,geom,44
mixture,0.2,659.0742625826805,1324.148525165361,1333.5204171035707,17.836001786429353,0.09611269545431686,0.05077717244582746,geom,44
mixture,0.1,659.1299578545711,1324.2599157091422,1333.631807647352,18.449357481861494,0.09864411205316022,0.05161849139644081,geom,44
mixture,0.15000000000000002,659.1335277048007,1324.2670554096014,1333.6389473478112,17.216120180406964,0.18101335144014918,0.05186895428839444,geom,44
mixture,0.05,659.1592838979277,1324.3185677958554,1333.6904597340651,18.77860406307077,0.0993111506502549,0.05198319748988157,geom,44
mixture,0.010000000000000007,659.1856551843362,1324.3713103686723,1333.743202306882,18.984421898376933,0.18680379993103519,0.05229548165080665,geom,44
mixture,0.009750000000000007,659.1857421803086,1324.3714843606172,1333.743376298827,18.987652348787957,0.18676807669368636,0.05229609409665546,geom,44
mixture,0.009500000000000007,659.1858292278871,1324.3716584557742,1333.743550393984,18.990881815766684,0.18673240935091687,0.05229670751773673,geom,44
mixture,0.009250000000000006,659.1859163267682,1324.3718326535363,1333.743724591746,18.994110576938304,0.18669679197642708,0.052297321153802534,geom,44
mixture,0.009000000000000006,659.1860034765641,1324.3720069531282,1333.743898891338,18.997338505849577,0.18666121448098694,0.0522979353630316,geom,44
mixture,0.008750000000000006,659.1860906769639,1324.3721813539278,1333.7440732921375,19.000566090681243,0.18662566917540005,0.052298548804878435,geom,44
mixture,0.008500000000000006,659.1861779275134,1324.3723558550269,1333.7442477932366,19.003792892559545,0.18659014098172033,0.05229916270182172,geom,44
mixture,0.008250000000000006,659.1862652280116,1324.3725304560232,1333.744422394233,19.007018972917134,0.18655462344224233,0.05229977688855402,geom,44
mixture,0.008000000000000005,659.1863525779818,1324.3727051559636,1333.7445970941733,19.010244144978902,0.18651909802350172,0.05230039189147711,geom,44
mixture,0.007750000000000005,659.1864399772223,1324.3728799544447,1333.7447718926544,19.01346905650155,0.1864835560298629,0.0523010059284129,geom,44
mixture,0.007500000000000005,659.1865274254187,1324.3730548508374,1333.7449467890472,19.01669315756184,0.18644798150707734,0.05230162052340733,geom,44
mixture,0.007250000000000005,659.1866149220238,1324.3732298440475,1333.7451217822572,19.01991716668205,0.18641234741067117,0.05230223370903423,geom,44
mixture,0.0070000000000000045,659.1867024671121,1324.3734049342243,1333.745296872434,19.023139891343263,0.18637664919838856,0.05230284876972115,geom,44
mixture,0.006750000000000004,659.1867900602082,1324.3735801204164,1333.745472058626,19.026361650401245,0.1863408573235837,0.052303464837229065,geom,44
mixture,0.006500000000000004,659.1868777011327,1324.3737554022655,1333.7456473404752,19.029583284531757,0.18630495278159173,0.052304079599457716,geom,44
mixture,0.006250000000000004,659.1869653895365,1324.373930779073,1333.7458227172826,19.03280409014365,0.18626890312509586,0.05230469500292781,geom,44
mixture,0.006000000000000004,659.1870531252221,1324.3741062504441,1333.7459981886539,19.03602414320882,0.18623267950970854,0.052305310842470754,geom,44
mixture,0.005750000000000003,659.1871409079212,1324.3742818158423,1333.746173754052,19.039243613119822,0.18619624421512487,0.052305926657805736,geom,44
mixture,0.005500000000000003,659.1872287374919,1324.3744574749837,1333.7463494131935,19.042462202924387,0.18615955959005445,0.05230654326902155,geom,44
mixture,0.005250000000000003,659.1873166137216,1324.3746332274432,1333.7465251656529,19.045680585016143,0.18612257744089253,0.05230715883070586,geom,44
mixture,0.005000000000000003,659.1874045365079,1324.3748090730157,1333.7467010112255,19.048897951578034,0.18608524544800034,0.052307775567308624,geom,44
mixture,0.0047500000000000025,659.1874925057099,1324.3749850114198,1333.7468769496295,19.052114801917977,0.18604749916052365,0.05230839210809871,geom,44
mixture,0.004500000000000002,659.1875805212364,1324.3751610424729,1333.7470529806826,19.055331230663196,0.18600926281876487,0.05230900819482865,geom,44
mixture,0.004250000000000002,659.1876685831071,1324.3753371662142,1333.747229104424,19.058546643595008,0.18597045048438615,0.052309625459841844,geom,44
mixture,0.004000000000000002,659.187756691311,1324.375513382622,1333.7474053208318,19.061761889402028,0.1859309538581266,0.0523102415701058,geom,44
mixture,0.0037500000000000016,659.1878448460226,1324.3756896920452,1333.747581630255,19.06497612212635,0.1858906496552086,0.05231085884530316,geom,44
mixture,0.0035000000000000014,659.1879330473942,1324.3758660947883,1333.747758032998,19.068189665114055,0.18584937876213223,0.05231147639214717,geom,44
mixture,0.003250000000000001,659.188021295742,1324.376042591484,1333.7479345296938,19.07140258949191,0.18580694882246784,0.05231209400656588,geom,44
mixture,0.003000000000000001,659.1881095915471,1324.3762191830942,1333.748111121304,19.07461503764669,0.1857631208780541,0.052312711284891934,geom,44
mixture,0.0027500000000000007,659.1881979354198,1324.3763958708396,1333.7482878090493,19.077826912256654,0.18571758378000536,0.05231332847841673,geom,44
mixture,0.0025000000000000005,659.1882863282481,1324.3765726564961,1333.7484645947059,19.081037946578633,0.18566993726033107,0.05231394629599083,geom,44
mixture,0.0022500000000000003,659.1883747712377,1324.3767495424754,1333.7486414806851,19.084248296033746,0.18561964844761755,0.0523145642797044,geom,44
mixture,0.002,659.1884632660094,1324.3769265320188,1333.7488184702286,19.087457957743954,0.1855659839630269,0.05231518239565717,geom,44
null,,659.1891740451995,1320.378348090399,1323.5023120698022,19.113096967531206,0.05232014475198719,,geom,44
sum,,660.4696199196583,1322.9392398393165,1326.0632038187198,29.0522025680667,0.06884159627188953,,geom,44
mixture,0.25,713.0560145979701,1432.1120291959403,1441.6404783936619,18.51782063134449,0.11523105858992046,0.04587642318816182,geom,45
mixture,0.3,713.0575214861083,1432.1150429722165,1441.643492169938,17.815501419137405,0.1211491049672701,0.04563467191449012,geom,45
mixture,0.2,713.05936588733,1432.11873177466,1441.6471809723816,19.127385464281048,0.11157346329428117,0.046149822604977575,geom,45
mixture,0.35000000000000003,713.0649689701952,1432.1299379403904,1441.658387138112,16.996206141725562,0.1299336112403449,0.0454465276962211,geom,45
mixture,0.4,713.0826427229248,1432.1652854458496,1441.6937346435711,19.640486630206468,0.0679639478549206,0.043620459340842174,geom,45
mixture,0.15000000000000002,713.0844821461326,1432.1689642922652,1441.6974134899867,18.952097897998957,0.18282278627337933,0.04687940034909424,geom,45
mixture,0.45,713.088512616617,1432.177025233234,1441.7054744309555,20.08963770951407,0.0610517996923205,0.04324291133504463,geom,45
mixture,0.1,713.0910942455238,1432.1821884910476,1441.710637688769,19.67627820788701,0.18727758431931518,0.04701626557561158,geom,45
mixture,0.05,713.0983433693418,1432.1966867386836,1441.7251359364052,20.40785113991636,0.1977054786909815,0.047134823657868495,geom,45
mixture,0.010000000000000007,713.1024201329815,1432.204840265963,1441.7332894636845,21.02427633393478,0.18999110631709984,0.04720660338619029,geom,45
mixture,0.009750000000000007,713.1024515506463,1432.2049031012925,1441.733352299014,21.02806136343878,0.1899542284326127,0.047207064614893164,geom,45
mixture,0.009500000000000007,713.1024830226604,1432.2049660453208,1441.7334152430424,21.03184551638344,0.18991726032163966,0.04720752650438513,geom,45
mixture,0.009250000000000006,713.1025145486948,1432.2050290973896,1441.7334782951111,21.035628833410094,0.18988018069963025,0.04720798897025185,geom,45
mixture,0.009000000000000006,713.1025461285608,1432.2050922571216,1441.7335414548431,21.03941174764773,0.1898429726425614,0.047208451041736245,geom,45
mixture,0.008750000000000006,713.1025777621239,1432.2051555242479,1441.7336047219694,21.04319402295809,0.1898056191503856,0.047208913252726574,geom,45
mixture,0.008500000000000006,713.1026094491565,1432.205218898313,1441.7336680960345,21.046975836909496,0.18976809717288656,0.0472093752088256,geom,45
mixture,0.008250000000000006,713.1026411895365,1432.205282379073,1441.7337315767945,21.05075668754715,0.1897303854316128,0.04720983804075845,geom,45
mixture,0.008000000000000005,713.102672983097,1432.205345966194,1441.7337951639156,21.05453726441663,0.1896924588642063,0.047210300201718285,geom,45
mixture,0.007750000000000005,713.1027048296426,1432.2054096592851,1441.7338588570067,21.05831734502336,0.18965428676078075,0.04721076219619397,geom,45
mixture,0.007500000000000005,713.1027367290567,1432.2054734581134,1441.733922655835,21.06209670168266,0.189615838597868,0.047211224537863916,geom,45
mixture,0.007250000000000005,713.102768681292,1432.205537362584,1441.7339865603055,21.06587507360876,0.18957708361903058,0.04721168781245254,geom,45
mixture,0.0070000000000000045,713.1028006861725,1432.205601372345,1441.7340505700665,21.069652895358015,0.18953797976379927,0.04721215104733099,geom,45
mixture,0.006750000000000004,713.1028327437067,1432.2056654874134,1441.734114685135,21.07343020553446,0.1894984894942497,0.04721261415483295,geom,45
mixture,0.006500000000000004,713.1028648537658,1432.2057297075316,1441.7341789052532,21.077206911316296,0.18945856074627118,0.04721307734580453,geom,45
mixture,0.006250000000000004,713.102897016382,1432.205794032764,1441.7342432304856,21.080983176051667,0.18941814385664604,0.047213540252085795,geom,45
mixture,0.006000000000000004,713.1029292315327,1432.2058584630654,1441.734307660787,21.084758578856842,0.18937717666530154,0.04721400381765114,geom,45
mixture,0.005750000000000003,713.1029614992367,1432.2059229984734,1441.734372196195,21.08853321828898,0.1893355896403527,0.047214467819729725,geom,45
mixture,0.005500000000000003,713.1029938195686,1432.2059876391372,1441.7344368368588,21.09230763004727,0.18929330502618394,0.04721493105435174,geom,45
mixture,0.005250000000000003,713.1030261926605,1432.206052385321,1441.7345015830426,21.09608131542721,0.18925023376929465,0.047215394635670135,geom,45
mixture,0.005000000000000003,713.1030586186826,1432.206117237365,1441.7345664350867,21.099853922283728,0.18920627229782536,0.0472158593474032,geom,45
mixture,0.0047500000000000025,713.1030910978328,1432.2061821956656,1441.7346313933872,21.10362648158028,0.18916129886485517,0.04721632287327134,geom,45
mixture,0.004500000000000002,713.1031236304283,1432.2062472608566,1441.7346964585781,21.107398279440904,0.18911517364992939,0.04721678680418104,geom,45
mixture,0.004250000000000002,713.1031562168259,1432.2063124336519,1441.7347616313734,21.111169090384106,0.18906772833786098,0.047217251634882634,geom,45
mixture,0.004000000000000002,713.103188857519,1432.206377715038,1441.7348269127594,21.114939486725255,0.18901876706210244,0.04721771607018347,geom,45
mixture,0.0037500000000000016,713.1032215530689,1432.2064431061378,1441.7348923038594,21.118709278639045,0.18896804818024263,0.04721818052019675,geom,45
mixture,0.0035000000000000014,713.1032543042274,1432.206508608455,1441.7349578061765,21.12247853379432,0.18891528344322403,0.04721864481360242,geom,45
mixture,0.003250000000000001,713.1032871118787,1432.2065742237573,1441.735023421479,21.126247029443878,0.18886011195658525,0.04721910942559281,geom,45
mixture,0.003000000000000001,713.1033199771748,1432.2066399543496,1441.7350891520712,21.130014663287096,0.18880208896332545,0.047219574554685756,geom,45
mixture,0.0027500000000000007,713.1033529015439,1432.2067058030877,1441.7351550008093,21.133781456693743,0.1887406484485876,0.04722004011570026,geom,45
mixture,0.0025000000000000005,713.1033858867296,1432.2067717734592,1441.7352209711808,21.137547891573664,0.18867504948821825,0.04722050498595328,geom,45
mixture,0.0022500000000000003,713.1034189350398,1432.2068378700797,1441.7352870678012,21.14131317606737,0.18860432203612482,0.0472209708762953,geom,45
mixture,0.002,713.1034520494103,1432.2069040988206,1441.7353532965421,21.145078051297617,0.1885271390654225,0.04722143605467082,geom,45
mixture,0.5,713.1037207816134,1432.207441563227,1441.7358907609485,21.175142392985407,0.04722518420141843,0.04722518420141843,geom,45
null,,713.1037207816145,1428.207441563229,1431.3835912958027,21.17514370285905,0.0472251812801148,,geom,45
sum,,713.906097205768,1429.812194411536,1432.9883441441098,32.092651870679546,0.06231956175074575,,geom,45
mixture,0.45,749.6474737608467,1505.2949475216933,1514.9069675829237,15.95699567465244,0.03984607835587944,0.11793621103492083,geom,46
mixture,0.5,749.6534593667388,1505.3069187334777,1514.918938794708,16.744400173151742,0.11544934153427142,0.040278740797561705,geom,46
mixture,0.4,749.6614897214774,1505.3229794429549,1514.9349995041853,15.120737416042193,0.03936897601768444,0.12095669890348237,geom,46
mixture,0.35000000000000003,749.733698697278,1505.467397394556,1515.0794174557864,18.89636104193562,0.10993045058954401,0.04136825878038313,geom,46
mixture,0.3,749.7708518522271,1505.5417037044542,1515.1537237656846,19.56026334356709,0.10851800760171884,0.04167722189826769,geom,46
mixture,0.25,749.8103490196063,1505.6206980392126,1515.232718100443,20.203062782763798,0.10725284337145043,0.0419647979999343,geom,46
mixture,0.2,749.8512294486441,1505.7024588972881,1515.3144789585185,20.827131804153744,0.10610966402441264,0.04223354344333386,geom,46
mixture,0.15000000000000002,749.892814230561,1505.785628461122,1515.3976485223525,21.434399315309836,0.10506902410689926,0.04248562631962519,geom,46
mixture,0.1,749.9346204260314,1505.8692408520628,1515.4812609132932,22.026423155831463,0.10412178282630012,0.04272285205920672,geom,46
mixture,0.05,750.0036726831438,1506.0073453662876,1515.619365427518,22.2966981688997,0.1990678260203975,0.04309264090925408,geom,46
mixture,0.010000000000000007,750.0144952132409,1506.0289904264819,1515.6410104877123,22.997882140644645,0.1920378363149389,0.04314513369395622,geom,46
mixture,0.009750000000000007,750.0145715212341,1506.0291430424681,1515.6411631036985,23.00220646150736,0.19199945798656018,0.04314546905299096,geom,46
mixture,0.009500000000000007,750.0146479038617,1506.0292958077234,1515.6413158689538,23.006530298311795,0.19196078613902334,0.04314580432922407,geom,46
mixture,0.009250000000000006,750.014724360745,1506.02944872149,1515.6414687827205,23.010853566860717,0.19192178943145838,0.043146139684070814,geom,46
mixture,0.009000000000000006,750.0148008919527,1506.0296017839055,1515.641621845136,23.01517662198047,0.19188244240507227,0.043146474449783964,geom,46
mixture,0.008750000000000006,750.0148774973732,1506.0297549947463,1515.6417750559767,23.01949843750955,0.19184271180753043,0.04314681055503575,geom,46
mixture,0.008500000000000006,750.0149541769831,1506.0299083539662,1515.6419284151966,23.02381992404995,0.1918025640747542,0.04314714628857841,geom,46
mixture,0.008250000000000006,750.0150309306821,1506.0300618613642,1515.6420819225946,23.028141187348062,0.1917619591031913,0.043147481452694425,geom,46
mixture,0.008000000000000005,750.0151077586725,1506.030215517345,1515.6422355785753,23.032461609111888,0.19172085805458292,0.043147817206130736,geom,46
mixture,0.007750000000000005,750.0151846609964,1506.0303693219928,1515.6423893832232,23.036781183771367,0.19167921388813006,0.043148153558148813,geom,46
mixture,0.007500000000000005,750.0152616378256,1506.0305232756511,1515.6425433368815,23.04110054958201,0.19163697697622695,0.04314848930886524,geom,46
mixture,0.007250000000000005,750.0153386894349,1506.0306773788698,1515.6426974401002,23.045419421067024,0.1915940925842501,0.043148824991271775,geom,46
mixture,0.0070000000000000045,750.0154158160982,1506.0308316321964,1515.6428516934268,23.049737414503856,0.191550498108633,0.04314916132208328,geom,46
mixture,0.006750000000000004,750.015493018265,1506.03098603653,1515.6430060977605,23.05405497897232,0.1915061270737336,0.04314949745436017,geom,46
mixture,0.006500000000000004,750.0155702964028,1506.0311405928055,1515.643160654036,23.058372126877167,0.19146090290444645,0.0431498333602872,geom,46
mixture,0.006250000000000004,750.0156476512169,1506.0312953024338,1515.6433153636642,23.062688556246282,0.1914147434071835,0.04315016959898626,geom,46
mixture,0.006000000000000004,750.015725083266,1506.031450166532,1515.6434702277625,23.06700432483322,0.19136754857938373,0.04315050605646958,geom,46
mixture,0.005750000000000003,750.0158025936021,1506.0316051872041,1515.6436252484345,23.071319309355324,0.1913192164019118,0.0431508429533722,geom,46
mixture,0.005500000000000003,750.0158801831781,1506.0317603663561,1515.6437804275865,23.075634242751704,0.1912696237629071,0.04315117890770724,geom,46
mixture,0.005250000000000003,750.0159578532729,1506.0319157065458,1515.6439357677762,23.079947938373962,0.19121863367381645,0.043151516129452866,geom,46
mixture,0.005000000000000003,750.0160356052514,1506.0320712105029,1515.6440912717333,23.084261571362767,0.19116608690468967,0.04315185240523114,geom,46
mixture,0.0047500000000000025,750.0161134408414,1506.0322268816828,1515.6442469429132,23.088574098174252,0.1911118025604795,0.043152189672013216,geom,46
mixture,0.004500000000000002,750.0161913620484,1506.0323827240968,1515.6444027853272,23.092886507506766,0.19105557242481244,0.04315252606053789,geom,46
mixture,0.004250000000000002,750.0162693712184,1506.0325387424368,1515.6445588036672,23.097197927457994,0.19099715215570448,0.04315286318002897,geom,46
mixture,0.004000000000000002,750.016347466152,1506.032694932304,1515.6447149935343,23.10142969173964,0.19093592406525092,0.043153348153147766,geom,46
mixture,0.0037500000000000016,750.0164256602295,1506.032851320459,1515.6448713816894,23.105755190410868,0.19087223617340507,0.043153656591879454,geom,46
mixture,0.0035000000000000014,750.0165039520734,1506.0330079041469,1515.6450279653773,23.11007942195072,0.19080532217241472,0.043153966202597475,geom,46
mixture,0.003250000000000001,750.016582346336,1506.033164692672,1515.6451847539024,23.114399384981947,0.19073469212498745,0.04315428254925085,geom,46
mixture,0.003000000000000001,750.0166608523326,1506.0333217046652,1515.6453417658956,23.118750946730113,0.19066001350452863,0.0431545385375704,geom,46
mixture,0.0027500000000000007,750.0167394680473,1506.0334789360945,1515.645498997325,23.12305600839537,0.1905799697346748,0.04315488008770721,geom,46
mixture,0.0025000000000000005,750.0168182061198,1506.0336364122395,1515.64565647347,23.12736004761612,0.1904939202969825,0.04315522210566276,geom,46
mixture,0.0022500000000000003,750.0168970764255,1506.033794152851,1515.6458142140814,23.131663774868723,0.19040065314325563,0.04315556317296789,geom,46
mixture,0.002,750.0169760913066,1506.0339521826131,1515.6459722438435,23.13596727440745,0.19029857031070038,0.04315590301830421,geom,46
null,,750.0176178604291,1502.0352357208583,1505.239242407935,23.170332412689884,0.043158638477379885,,geom,46
sum,,751.1225876483319,1504.2451752966638,1507.4491819837406,35.16285136263183,0.05687820874860663,,geom,46
mixture,0.4,758.3282295812332,1522.6564591624665,1532.4132794466063,20.00000054145793,0.04999999903228511,0.04999999838906863,geom,47
mixture,0.5,758.3282295812332,1522.6564591624665,1532.4132794466063,20.000001219568354,0.049999996951079304,0.049999996951079304,geom,47
mixture,0.25,758.3282295812335,1522.656459162467,1532.4132794466068,20.000001368818253,0.0500000002120678,0.04999999536658366,geom,47
mixture,0.35000000000000003,758.3282295812335,1522.656459162467,1532.4132794466068,20.0000011328353,0.04999999958249984,0.04999999586774926,geom,47
mixture,0.002,758.3282295812337,1522.6564591624674,1532.4132794466072,20.000001568569697,0.04999999176792273,0.04999999608721466,geom,47
mixture,0.0035000000000000014,758.3282295812337,1522.6564591624674,1532.4132794466072,20.00000167692381,0.04999998613505121,0.04999999584166398,geom,47
mixture,0.005250000000000003,758.3282295812337,1522.6564591624674,1532.4132794466072,20.000001717769223,0.04999998306096455,0.0499999957723119,geom,47
mixture,0.3,758.3282295812337,1522.6564591624674,1532.4132794466072,20.000001331931774,0.05000000015040101,0.049999995178643696,geom,47
mixture,0.2,758.3282295812337,1522.6564591624674,1532.4132794466072,20.00000150007612,0.050000000369742746,0.049999995219826905,geom,47
mixture,0.010000000000000007,758.3282295812337,1522.6564591624674,1532.4132794466072,20.000001679052936,0.04999999502050511,0.04999999581026562,geom,47
mixture,0.45,758.3282295812337,1522.6564591624674,1532.4132794466072,20.00000129509152,0.049999996437282784,0.049999997028171206,geom,47
mixture,0.0037500000000000016,758.3282295812338,1522.6564591624676,1532.4132794466075,20.000001446882663,0.049999987470726454,0.049999996416339655,geom,47
mixture,0.004500000000000002,758.3282295812338,1522.6564591624676,1532.4132794466075,20.00000160425304,0.049999989103961445,0.04999999602049212,geom,47
mixture,0.007750000000000005,758.3282295812338,1522.6564591624676,1532.4132794466075,20.0000018275433,0.04999998736727138,0.049999995494125295,geom,47
mixture,0.0070000000000000045,758.3282295812338,1522.6564591624676,1532.4132794466075,20.000001820035667,0.049999995722990964,0.04999999544798621,geom,47
mixture,0.0027500000000000007,758.3282295812339,1522.6564591624679,1532.4132794466077,20.000001668073676,0.04999998797627353,0.04999999585147296,geom,47
mixture,0.009250000000000006,758.3282295812339,1522.6564591624679,1532.4132794466077,20.000001662329883,0.04999999613824567,0.04999999584143009,geom,47
mixture,0.009000000000000006,758.3282295812339,1522.6564591624679,1532.4132794466077,20.00000186559298,0.04999999285555016,0.049999995358544935,geom,47
mixture,0.008750000000000006,758.3282295812339,1522.6564591624679,1532.4132794466077,20.000001474128535,0.050000003138357375,0.0499999962544447,geom,47
mixture,0.008000000000000005,758.3282295812339,1522.6564591624679,1532.4132794466077,20.00000171906281,0.04999998956174727,0.04999999575186429,geom,47
mixture,0.007500000000000005,758.3282295812339,1522.6564591624679,1532.4132794466077,20.00000195202438,0.049999994009599494,0.04999999512833001,geom,47
mixture,0.006750000000000004,758.3282295812339,1522.6564591624679,1532.4132794466077,20.00000186483369,0.049999993639037885,0.049999995349461576,geom,47
mixture,0.008500000000000006,758.3282295812339,1522.6564591624679,1532.4132794466077,20.000001591295263,0.049999989109161556,0.049999996081023,geom,47
mixture,0.1,758.3282295812339,1522.6564591624679,1532.4132794466077,20.0000018951773,0.04999999780606995,0.04999999497938914,geom,47
mixture,0.005000000000000003,758.3282295812339,1522.6564591624679,1532.4132794466077,20.000001921604852,0.04999999084720128,0.049999995217841535,geom,47
mixture,0.003000000000000001,758.3282295812339,1522.6564591624679,1532.4132794466077,20.000001765784017,0.0499999898194635,0.04999999560289063,geom,47
mixture,0.004250000000000002,758.3282295812339,1522.6564591624679,1532.4132794466077,20.000001727693448,0.04999998894361459,0.04999999570952187,geom,47
mixture,0.004000000000000002,758.3282295812339,1522.6564591624679,1532.4132794466077,20.000001703744637,0.05000000962340191,0.04999999568488472,geom,47
mixture,0.006500000000000004,758.3282295812339,1522.6564591624679,1532.4132794466077,20.000001924397512,0.0499999910403745,0.04999999521614922,geom,47
mixture,0.006250000000000004,758.3282295812339,1522.6564591624679,1532.4132794466077,20.00000170017758,0.05000000060687149,0.04999999571900726,geom,47
mixture,0.003250000000000001,758.3282295812339,1522.6564591624679,1532.4132794466077,20.00000201892424,0.04999999517106905,0.04999999495197787,geom,47
mixture,0.0022500000000000003,758.3282295812339,1522.6564591624679,1532.4132794466077,20.00000157683805,0.05000000515554835,0.04999999603738934,geom,47
mixture,0.15000000000000002,758.3282295812339,1522.6564591624679,1532.4132794466077,20.00000177892343,0.0499999990673824,0.04999999493245236,geom,47
mixture,0.05,758.3282295812339,1522.6564591624679,1532.4132794466077,20.00000148544637,0.04999998928273714,0.049999996654997415,geom,47
mixture,0.005750000000000003,758.328229581234,1522.656459162468,1532.413279446608,20.000001821482915,0.05000000391192482,0.04999999539733424,geom,47
mixture,0.007250000000000005,758.328229581234,1522.656459162468,1532.413279446608,20.000001883133315,0.04999999553748984,0.049999995290375576,geom,47
mixture,0.006000000000000004,758.328229581234,1522.656459162468,1532.413279446608,20.00000198037713,0.04999999887542205,0.0499999950259609,geom,47
mixture,0.009750000000000007,758.328229581234,1522.656459162468,1532.413279446608,20.0000016786474,0.04999998277412627,0.049999995931667915,geom,47
mixture,0.009500000000000007,758.328229581234,1522.656459162468,1532.413279446608,20.000001883962273,0.04999999540648549,0.049999995288978444,geom,47
mixture,0.005500000000000003,758.3282295812342,1522.6564591624683,1532.4132794466082,20.00000192795824,0.05000000268156627,0.04999999513861866,geom,47
mixture,0.008250000000000006,758.3282295812342,1522.6564591624683,1532.4132794466082,20.000001832394116,0.04999998567775888,0.04999999550004904,geom,47
mixture,0.0025000000000000005,758.3282295812342,1522.6564591624683,1532.4132794466082,20.000001748377905,0.04999998399072259,0.04999999565822438,geom,47
mixture,0.0047500000000000025,758.3282295812342,1522.6564591624683,1532.4132794466082,20.00000181489759,0.04999998668494947,0.04999999550465002,geom,47
null,,758.3282295812345,1518.656459162469,1521.9087325905157,20.00000204255607,0.04999999489361035,,geom,47
sum,,757.8749190432193,1517.7498380864386,1521.0021115144853,30.152427195440588,0.06632965190617969,,geom,47
mixture,0.5,799.8168211264226,1605.6336422528452,1615.4679862305368,22.27551137495523,0.04489234761740727,0.04489234761740727,geom,48
mixture,0.1,799.8168211264226,1605.6336422528452,1615.4679862305368,22.275511835173603,0.04489234892283903,0.04489234644181643,geom,48
mixture,0.45,799.8168211264227,1605.6336422528454,1615.467986230537,22.27551150049444,0.044892347404276355,0.04489234733178341,geom,48
mixture,0.0025000000000000005,799.8168211264228,1605.6336422528457,1615.4679862305372,22.275512036966862,0.04489234528519438,0.04489234628574149,geom,48
mixture,0.05,799.8168211264228,1605.6336422528457,1615.4679862305372,22.27551188390224,0.04489234849324864,0.04489234649163401,geom,48
mixture,0.003000000000000001,799.8168211264228,1605.6336422528457,1615.4679862305372,22.27551210844392,0.0448923460952289,0.044892346139323074,geom,48
mixture,0.007750000000000005,799.8168211264228,1605.6336422528457,1615.4679862305372,22.27551207432559,0.044892347098791266,0.04489234620099229,geom,48
mixture,0.006500000000000004,799.8168211264228,1605.6336422528457,1615.4679862305372,22.275512069926982,0.044892345425311855,0.04489234622199328,geom,48
mixture,0.35000000000000003,799.8168211264228,1605.6336422528457,1615.4679862305372,22.27551172536257,0.04489234876656685,0.04489234591219231,geom,48
mixture,0.15000000000000002,799.8168211264228,1605.6336422528457,1615.4679862305372,22.275511662285876,0.04489234946846143,0.044892346609498895,geom,48
mixture,0.4,799.8168211264228,1605.6336422528457,1615.4679862305372,22.275511566365754,0.04489234805168719,0.044892346684964,geom,48
mixture,0.3,799.8168211264228,1605.6336422528457,1615.4679862305372,22.27551174320202,0.04489234905086049,0.044892345942875715,geom,48
mixture,0.007500000000000005,799.816821126423,1605.633642252846,1615.4679862305375,22.2755120695823,0.04489234600370956,0.04489234621912511,geom,48
mixture,0.25,799.816821126423,1605.633642252846,1615.4679862305375,22.2755116538654,0.04489234983112426,0.04489234613004296,geom,48
mixture,0.0037500000000000016,799.8168211264231,1605.6336422528461,1615.4679862305377,22.275512166939706,0.0448923468484901,0.04489234601818927,geom,48
mixture,0.005000000000000003,799.8168211264231,1605.6336422528461,1615.4679862305377,22.275512132496296,0.04489234644651079,0.04489234608892958,geom,48
mixture,0.007250000000000005,799.8168211264231,1605.6336422528461,1615.4679862305377,22.275512303087066,0.044892346564669686,0.044892345740950065,geom,48
mixture,0.005250000000000003,799.8168211264231,1605.6336422528461,1615.4679862305377,22.275512276787076,0.04489234711531003,0.04489234579298278,geom,48
mixture,0.004500000000000002,799.8168211264231,1605.6336422528461,1615.4679862305377,22.275512302971826,0.04489234506984048,0.044892345750215966,geom,48
mixture,0.008000000000000005,799.8168211264231,1605.6336422528461,1615.4679862305377,22.275512266630734,0.044892345727205414,0.04489234582114482,geom,48
mixture,0.004250000000000002,799.8168211264231,1605.6336422528461,1615.4679862305377,22.275512183360313,0.04489234548917483,0.044892345990340025,geom,48
mixture,0.002,799.8168211264231,1605.6336422528461,1615.4679862305377,22.27551227148058,0.04489234516498407,0.044892345811913155,geom,48
mixture,0.2,799.8168211264231,1605.6336422528461,1615.4679862305377,22.275511750185117,0.0448923502573822,0.04489234601215192,geom,48
mixture,0.005500000000000003,799.8168211264232,1605.6336422528464,1615.467986230538,22.27551233831104,0.04489234654956477,0.04489234567110282,geom,48
mixture,0.008750000000000006,799.8168211264232,1605.6336422528464,1615.467986230538,22.27551211792782,0.04489234588359481,0.04489234612216516,geom,48
mixture,0.006750000000000004,799.8168211264232,1605.6336422528464,1615.467986230538,22.275512314805333,0.04489234671997884,0.04489234571653268,geom,48
mixture,0.0022500000000000003,799.8168211264232,1605.6336422528464,1615.467986230538,22.275512181355953,0.04489234621382531,0.04489234599174984,geom,48
mixture,0.0047500000000000025,799.8168211264232,1605.6336422528464,1615.467986230538,22.27551242309062,0.04489234576376468,0.04489234550384151,geom,48
mixture,0.0027500000000000007,799.8168211264233,1605.6336422528466,1615.4679862305381,22.275512497525465,0.044892345121220055,0.04489234535571076,geom,48
mixture,0.004000000000000002,799.8168211264233,1605.6336422528466,1615.4679862305381,22.275512395391416,0.04489234587494699,0.04489234555963774,geom,48
mixture,0.0070000000000000045,799.8168211264233,1605.6336422528466,1615.4679862305381,22.275512364289465,0.04489234549413209,0.044892345624491965,geom,48
mixture,0.0035000000000000014,799.8168211264233,1605.6336422528466,1615.4679862305381,22.275512411541822,0.0448923460002297,0.04489234552669333,geom,48
mixture,0.006250000000000004,799.8168211264233,1605.6336422528466,1615.4679862305381,22.275512079283413,0.044892346300710505,0.04489234619731238,geom,48
mixture,0.003250000000000001,799.8168211264233,1605.6336422528466,1615.4679862305381,22.275512472910293,0.044892345345401534,0.04489234540486669,geom,48
mixture,0.009250000000000006,799.8168211264233,1605.6336422528466,1615.4679862305381,22.27551214919821,0.04489234690448128,0.04489234604914588,geom,48
mixture,0.009500000000000007,799.8168211264233,1605.6336422528466,1615.4679862305381,22.27551249034114,0.04489234660798091,0.04489234535766667,geom,48
mixture,0.008500000000000006,799.8168211264233,1605.6336422528466,1615.4679862305381,22.275512469461336,0.04489234497960077,0.04489234541532787,geom,48
mixture,0.008250000000000006,799.8168211264233,1605.6336422528466,1615.4679862305381,22.27551217278889,0.04489234640327379,0.04489234600623938,geom,48
mixture,0.006000000000000004,799.8168211264233,1605.6336422528466,1615.4679862305381,22.275512125839256,0.04489234627827201,0.044892346103082424,geom,48
mixture,0.009000000000000006,799.8168211264233,1605.6336422528466,1615.4679862305381,22.275512145513176,0.044892346045266235,0.044892346064658806,geom,48
mixture,0.010000000000000007,799.8168211264233,1605.6336422528466,1615.4679862305381,22.275512463585763,0.04489234506817616,0.04489234542705415,geom,48
mixture,0.005750000000000003,799.8168211264234,1605.6336422528468,1615.4679862305384,22.275512504760055,0.04489234482163144,0.044892345343486545,geom,48
mixture,0.009750000000000007,799.8168211264234,1605.6336422528468,1615.4679862305384,22.2755123884297,0.04489234680241323,0.04489234556284327,geom,48
null,,799.8168211264237,1601.6336422528475,1604.911756912078,22.275512690172757,0.04489234496681946,,geom,48
sum,,799.5502220858639,1601.1004441717278,1604.3785588309584,33.5714749433079,0.05957438579560168,,geom,48
mixture,0.4,648.3272687677095,1302.654537535419,1311.9357881378392,14.034133943059622,0.044421875555454994,0.11929469585188447,geom,49
mixture,0.45,648.3486497350759,1302.6972994701518,1311.978550072572,14.624626166022175,0.04512405605917452,0.11822571010886536,geom,49
mixture,0.5,648.383924600284,1302.767849200568,1312.0490998029882,15.19976561151873,0.11716546690387541,0.04573604418120447,geom,49
mixture,0.35000000000000003,648.5282920556019,1303.0565841112038,1312.337834713624,16.832442929334874,0.11427206799052095,0.0472055162043225,geom,49
mixture,0.3,648.5814834000926,1303.1629668001851,1312.4442174026053,17.348288989515936,0.11342033403868958,0.04760848750371471,geom,49
mixture,0.25,648.6351579075344,1303.270315815069,1312.551566417489,17.851593594064823,0.11262036351396536,0.047979284059852294,geom,49
mixture,0.2,648.688671026221,1303.377342052442,1312.658592654862,18.343226408211805,0.11186890539667077,0.04832254472240613,geom,49
mixture,0.15000000000000002,648.7415912200636,1303.4831824401272,1312.7644330425474,18.824112818646498,0.11115664787580448,0.04864184566564709,geom,49
mixture,0.1,648.7936320385691,1303.5872640771381,1312.8685146795583,19.29472916474001,0.1105010551705879,0.04894027866149216,geom,49
mixture,0.05,648.871916571371,1303.743833142742,1313.0250837451622,19.48957481992059,0.19674228001799715,0.04938801685781318,geom,49
mixture,0.010000000000000007,648.8894729623239,1303.7789459246478,1313.060196527068,20.06749269531375,0.18869640183940517,0.04946414464315032,geom,49
mixture,0.009750000000000007,648.889594328761,1303.779188657522,1313.060439259942,20.07103359601143,0.18865949936166462,0.0494646350821767,geom,49
mixture,0.009500000000000007,648.889715785474,1303.779431570948,1313.0606821733681,20.074573711703437,0.18862256430252522,0.04946512597318712,geom,49
mixture,0.009250000000000006,648.889837331466,1303.779674662932,1313.0609252653521,20.07811319877781,0.18858557766759593,0.0494656169394265,geom,49
mixture,0.009000000000000006,648.8899589663581,1303.7799179327162,1313.0611685351364,20.081651937715417,0.1885485284605899,0.04946610827943475,geom,49
mixture,0.008750000000000006,648.8900806895946,1303.7801613791892,1313.0614119816094,20.085190034121243,0.18851140161565322,0.04946659973746126,geom,49
mixture,0.008500000000000006,648.8902025003907,1303.7804050007815,1313.0616556032016,20.088727542325074,0.18847417615818327,0.04946709118699031,geom,49
mixture,0.008250000000000006,648.8903243982568,1303.7806487965136,1313.0618993989337,20.092264708896078,0.18843683418553195,0.04946758202408698,geom,49
mixture,0.008000000000000005,648.890446382743,1303.780892765486,1313.0621433679062,20.09580070377811,0.18839935517297304,0.04946807430144484,geom,49
mixture,0.007750000000000005,648.8905684533136,1303.7811369066271,1313.0623875090473,20.099336339953954,0.18836171607831767,0.04946856601764086,geom,49
mixture,0.007500000000000005,648.890690609515,1303.78138121903,1313.0626318214502,20.102871536297908,0.1883238914222181,0.049469057377372415,geom,49
mixture,0.007250000000000005,648.8908128509015,1303.781625701803,1313.0628763042232,20.106405607900445,0.18828585179167767,0.04946955007375879,geom,49
mixture,0.0070000000000000045,648.8909351770582,1303.7818703541163,1313.0631209565365,20.109939264698223,0.18824756572488932,0.04947004235965963,geom,49
mixture,0.006750000000000004,648.8910575876398,1303.7821151752796,1313.0633657776998,20.11347230754716,0.18820899768662858,0.04947053472922953,geom,49
mixture,0.006500000000000004,648.8911800823629,1303.7823601647258,1313.063610767146,20.1170046288638,0.1881701082180461,0.04947102744992414,geom,49
mixture,0.006250000000000004,648.89130266096,1303.78260532192,1313.0638559243403,20.120536418512554,0.18813085224464304,0.049471520056092386,geom,49
mixture,0.006000000000000004,648.8914253231592,1303.7828506463184,1313.0641012487386,20.124067753891197,0.1880911769315504,0.04947201235954566,geom,49
mixture,0.005750000000000003,648.8915480655046,1303.7830961310092,1313.0643467334294,20.127599343880938,0.1880509373270157,0.04947250265095779,geom,49
mixture,0.005500000000000003,648.8916708951108,1303.7833417902216,1313.0645923926418,20.131129344483846,0.18801024953504256,0.04947299539551448,geom,49
mixture,0.005250000000000003,648.8917938084596,1303.7835876169192,1313.0648382193394,20.13465820493674,0.18796894873033138,0.0494734895223341,geom,49
mixture,0.005000000000000003,648.8919168054633,1303.7838336109266,1313.0650842133468,20.13818666515988,0.1879269408348462,0.04947398321040046,geom,49
mixture,0.0047500000000000025,648.8920398865812,1303.7840797731624,1313.0653303755826,20.141714788707688,0.18788412854463088,0.04947447629835988,geom,49
mixture,0.004500000000000002,648.8921630522677,1303.7843261045355,1313.0655767069557,20.14524210671152,0.18784039227367033,0.04947496993435459,geom,49
mixture,0.004250000000000002,648.8922863031454,1303.7845726062908,1313.065823208711,20.14876862868388,0.18779559082098715,0.04947546408754372,geom,49
mixture,0.004000000000000002,648.892409640019,1303.784819280038,1313.0660698824581,20.152294579437292,0.18774955472807953,0.04947595819600655,geom,49
mixture,0.0037500000000000016,648.892533064188,1303.785066128376,1313.0663167307962,20.1558196943113,0.18770208875526304,0.049476452895964265,geom,49
mixture,0.0035000000000000014,648.8926565769422,1303.7853131538843,1313.0665637563045,20.159344488179013,0.18765294220716838,0.04947694690798584,geom,49
mixture,0.003250000000000001,648.8927801802697,1303.7855603605394,1313.0668109629596,20.162868330285995,0.1876018184789838,0.04947744176039519,geom,49
mixture,0.003000000000000001,648.8929038765516,1303.7858077531032,1313.0670583555234,20.16639157342031,0.18754834280223354,0.04947793656073366,geom,49
mixture,0.0027500000000000007,648.893027668799,1303.786055337598,1313.0673059400183,20.16991409432595,0.18749203811421652,0.04947843157944861,geom,49
mixture,0.0025000000000000005,648.8931515609544,1303.7863031219088,1313.067553724329,20.173435843168196,0.1874322926687983,0.04947892689671506,geom,49
mixture,0.0022500000000000003,648.8932755580219,1303.7865511160437,1313.067801718464,20.17695669334303,0.18736829368601635,0.04947942276983454,geom,49
mixture,0.002,648.8933996665883,1303.7867993331765,1313.0680499355967,20.180476949812192,0.1872989413140321,0.049479918380444694,geom,49
null,,648.8943997651297,1299.7887995302594,1302.882549731066,20.208591235172058,0.049483904561320895,,geom,49
sum,,650.2349065611077,1302.4698131222153,1305.563563323022,30.75000400315301,0.06504064193926369,,geom,49
mixture,0.5,789.1677582845464,1584.3355165690928,1594.1235871358074,22.455959711036744,0.044531608217506555,0.044531608217506555,geom,50
mixture,0.2,789.1677582845464,1584.3355165690928,1594.1235871358074,22.45595970899797,0.04453161232017467,0.044531607196893426,geom,50
mixture,0.35000000000000003,789.1677582845465,1584.335516569093,1594.1235871358076,22.455959899739938,0.04453160946658261,0.04453160696921867,geom,50
mixture,0.004250000000000002,789.1677582845466,1584.3355165690932,1594.1235871358078,22.455960372715793,0.04453160698574341,0.0445316069050115,geom,50
mixture,0.3,789.1677582845466,1584.3355165690932,1594.1235871358078,22.45596003867421,0.044531610010336696,0.04453160652097072,geom,50
mixture,0.004000000000000002,789.1677582845466,1584.3355165690932,1594.1235871358078,22.455960429255835,0.04453160651353681,0.04453160679435536,geom,50
mixture,0.008000000000000005,789.1677582845466,1584.3355165690932,1594.1235871358078,22.45596032926863,0.04453160708744517,0.044531606990739464,geom,50
mixture,0.007500000000000005,789.1677582845466,1584.3355165690932,1594.1235871358078,22.455960362862808,0.04453160616272067,0.04453160693065321,geom,50
mixture,0.45,789.1677582845466,1584.3355165690932,1594.1235871358078,22.45595999682017,0.044531608940802644,0.04453160659530644,geom,50
mixture,0.25,789.1677582845466,1584.3355165690932,1594.1235871358078,22.455960134596967,0.04453161004127888,0.04453160648965308,geom,50
mixture,0.4,789.1677582845466,1584.3355165690932,1594.1235871358078,22.455959658787947,0.04453161030768189,0.04453160699674429,geom,50
mixture,0.1,789.1677582845467,1584.3355165690934,1594.123587135808,22.455960270150452,0.04453160959286706,0.04453160683273506,geom,50
mixture,0.0025000000000000005,789.1677582845467,1584.3355165690934,1594.123587135808,22.45596048039717,0.04453160687385961,0.0445316066913593,geom,50
mixture,0.007750000000000005,789.1677582845467,1584.3355165690934,1594.123587135808,22.455960362877377,0.04453160691997358,0.04453160692490302,geom,50
mixture,0.0035000000000000014,789.1677582845467,1584.3355165690934,1594.123587135808,22.45596062969965,0.0445316063586479,0.04453160639586945,geom,50
mixture,0.15000000000000002,789.1677582845467,1584.3355165690934,1594.123587135808,22.455960063532455,0.04453161070277347,0.04453160695655175,geom,50
mixture,0.010000000000000007,789.1677582845467,1584.3355165690934,1594.123587135808,22.45596044019862,0.04453160708875089,0.044531606768327604,geom,50
mixture,0.008250000000000006,789.1677582845468,1584.3355165690937,1594.1235871358083,22.455960604282108,0.04453160688343393,0.04453160644250613,geom,50
mixture,0.006000000000000004,789.1677582845468,1584.3355165690937,1594.1235871358083,22.45596047967203,0.04453160643913763,0.044531606694787444,geom,50
mixture,0.007250000000000005,789.1677582845468,1584.3355165690937,1594.1235871358083,22.455960629262268,0.04453160609437317,0.044531606398813726,geom,50
mixture,0.0022500000000000003,789.1677582845468,1584.3355165690937,1594.1235871358083,22.455960376361315,0.04453160695262632,0.0445316068980024,geom,50
mixture,0.05,789.1677582845468,1584.3355165690937,1594.1235871358083,22.455960170635315,0.04453160881370456,0.044531607226745165,geom,50
mixture,0.006500000000000004,789.1677582845468,1584.3355165690937,1594.1235871358083,22.455960275693513,0.044531607895713234,0.04453160709253534,geom,50
mixture,0.003250000000000001,789.1677582845468,1584.3355165690937,1594.1235871358083,22.455960701199018,0.04453160665605889,0.04453160625264024,geom,50
mixture,0.005000000000000003,789.1677582845468,1584.3355165690937,1594.1235871358083,22.455960562489444,0.044531606910517524,0.044531606527104244,geom,50
mixture,0.008750000000000006,789.167758284547,1584.335516569094,1594.1235871358085,22.455960776006314,0.04453160655718333,0.044531606101617494,geom,50
mixture,0.006250000000000004,789.167758284547,1584.335516569094,1594.1235871358085,22.455960599294453,0.04453160694732564,0.044531606452944746,geom,50
mixture,0.0037500000000000016,789.167758284547,1584.335516569094,1594.1235871358085,22.45596044841261,0.04453160746956957,0.044531606752554166,geom,50
mixture,0.002,789.167758284547,1584.335516569094,1594.1235871358085,22.455960767143935,0.04453160551417179,0.04453160612439882,geom,50
mixture,0.006750000000000004,789.167758284547,1584.335516569094,1594.1235871358085,22.455960470137086,0.04453160612196787,0.04453160671617283,geom,50
mixture,0.004500000000000002,789.1677582845471,1584.3355165690941,1594.1235871358087,22.45596063986267,0.044531607009289854,0.044531606372720696,geom,50
mixture,0.005250000000000003,789.1677582845471,1584.3355165690941,1594.1235871358087,22.45596051399556,0.044531606584852335,0.04453160662540066,geom,50
mixture,0.005750000000000003,789.1677582845471,1584.3355165690941,1594.1235871358087,22.455960651980448,0.04453160684203801,0.04453160634871833,geom,50
mixture,0.003000000000000001,789.1677582845471,1584.3355165690941,1594.1235871358087,22.4559608213474,0.04453160663407104,0.044531606013828696,geom,50
mixture,0.0047500000000000025,789.1677582845471,1584.3355165690941,1594.1235871358087,22.455960622573375,0.044531606973104584,0.04453160640718291,geom,50
mixture,0.009500000000000007,789.1677582845471,1584.3355165690941,1594.1235871358087,22.455960684648836,0.044531605300046885,0.04453160629623522,geom,50
mixture,0.009000000000000006,789.1677582845471,1584.3355165690941,1594.1235871358087,22.455960455051635,0.044531608018728394,0.044531606730483154,geom,50
mixture,0.0070000000000000045,789.1677582845471,1584.3355165690941,1594.1235871358087,22.455960634926864,0.044531607082822694,0.04453160638045671,geom,50
mixture,0.009250000000000006,789.1677582845471,1584.3355165690941,1594.1235871358087,22.455960492537717,0.04453160711278364,0.04453160666358498,geom,50
mixture,0.005500000000000003,789.1677582845472,1584.3355165690944,1594.123587135809,22.455960664686618,0.044531607268213445,0.04453160632114893,geom,50
mixture,0.009750000000000007,789.1677582845473,1584.3355165690946,1594.1235871358092,22.45596074143892,0.04453160651990685,0.044531606170748764,geom,50
mixture,0.008500000000000006,789.1677582845473,1584.3355165690946,1594.1235871358092,22.455960656344036,0.044531606499853264,0.044531606341556125,geom,50
mixture,0.0027500000000000007,789.1677582845473,1584.3355165690946,1594.1235871358092,22.455960629479044,0.04453160669177072,0.04453160639536152,geom,50
null,,789.1677582845477,1580.3355165690955,1583.5982067580003,22.455961321228244,0.044531605024393774,,geom,50
sum,,789.0943679662001,1580.1887359324003,1583.451426121305,33.88190728407789,0.0590285541847244,,geom,50
mixture,0.15000000000000002,627.510895544887,1261.021791089774,1270.2473125354757,10.356590544317763,0.039780381478373913,0.12906384781260857,geom,51
mixture,0.4,627.8985703218235,1261.797140643647,1271.0226620893486,13.451387018180528,0.046589340981304704,0.1233113487706541,geom,51
mixture,0.1,627.9609255304515,1261.921851060903,1271.1473725066046,9.912118702442072,0.03634190315592476,0.12569000064586872,geom,51
mixture,0.45,628.0477329892553,1262.0954659785107,1271.3209874242123,14.01718472896204,0.04731160207827746,0.12206555291034578,geom,51
mixture,0.5,628.1936108866284,1262.387221773257,1271.6127432189585,14.56386653699374,0.12091508307300551,0.04794446209288995,geom,51
mixture,0.35000000000000003,628.5982056396167,1263.1964112792334,1272.421932724935,16.106475611892236,0.11796151954056301,0.049469510510947105,geom,51
mixture,0.3,628.7209893446234,1263.4419786892468,1272.6675001349483,16.593014548143692,0.11711638856661187,0.04988789423338011,geom,51
mixture,0.25,628.837912602424,1263.675825204848,1272.9013466505496,17.067719617723863,0.11632882658889925,0.050272681612960654,geom,51
mixture,0.2,628.9492517358254,1263.8985034716509,1273.1240249173525,17.53155044879103,0.11559292494574509,0.050628615173968286,geom,51
mixture,0.05,629.2528940730357,1264.5057881460714,1273.731309591773,18.865834480098066,0.11364828952393498,0.05155791562570336,geom,51
mixture,0.010000000000000007,629.334055799019,1264.668111598038,1273.8936330437396,19.1618797197111,0.1871007449051147,0.05180958699523477,geom,51
mixture,0.009750000000000007,629.3343279126129,1264.6686558252259,1273.8941772709275,19.16518986048615,0.187064933966143,0.05181009936522527,geom,51
mixture,0.009500000000000007,629.3346001314202,1264.6692002628404,1273.894721708542,19.168499163336524,0.18702915635807507,0.05181061235666415,geom,51
mixture,0.009250000000000006,629.3348724546162,1264.6697449092323,1273.895266354934,19.171808224374317,0.18699340685718602,0.051811124358848694,geom,51
mixture,0.009000000000000006,629.3351448807362,1264.6702897614723,1273.895811207174,19.175116183125414,0.1869576714223179,0.051811637713964805,geom,51
mixture,0.008750000000000006,629.3354174085789,1264.6708348171578,1273.8963562628594,19.178423612635193,0.18692193887331235,0.05181215087675786,geom,51
mixture,0.008500000000000006,629.335690037076,1264.671380074152,1273.8969015198536,19.181730485980466,0.1868861974282972,0.05181266392740614,geom,51
mixture,0.008250000000000006,629.3359627650855,1264.671925530171,1273.8974469758725,19.185036514185864,0.186850432794392,0.05181317765607655,geom,51
mixture,0.008000000000000005,629.3362355916634,1264.6724711833267,1273.8979926290283,19.18834186749911,0.18681463170520615,0.05181369160766999,geom,51
mixture,0.007750000000000005,629.3365085156569,1264.6730170313137,1273.8985384770153,19.19164663229504,0.18677877659802083,0.051814205556006646,geom,51
mixture,0.007500000000000005,629.3367815359918,1264.6735630719836,1273.8990845176852,19.194950702677342,0.18674284831109947,0.051814719794800755,geom,51
mixture,0.007250000000000005,629.3370546327935,1264.674109265587,1273.8996307112886,19.1982588412477,0.18670659048321916,0.05181522158294746,geom,51
mixture,0.0070000000000000045,629.3373278444305,1264.674655688861,1273.9001771345627,19.20156128545515,0.18667046328352874,0.051815737055376086,geom,51
mixture,0.006750000000000004,629.3376011495793,1264.6752022991586,1273.9007237448602,19.204863159434332,0.18663419475353402,0.05181625250033169,geom,51
mixture,0.006500000000000004,629.337874547491,1264.675749094982,1273.9012705406835,19.208164574436964,0.18659775760524425,0.05181676762199511,geom,51
mixture,0.006250000000000004,629.3381480373896,1264.6762960747792,1273.9018175204808,19.211465270655555,0.18656111940127776,0.051817283127781374,geom,51
mixture,0.006000000000000004,629.338421618492,1264.676843236984,1273.9023646826856,19.214765107292617,0.1865242423441654,0.05181779940295737,geom,51
mixture,0.005750000000000003,629.3386952904261,1264.6773905808523,1273.9029120265538,19.21806440231724,0.1864870891865099,0.051818315590286435,geom,51
mixture,0.005500000000000003,629.338969052151,1264.677938104302,1273.9034595500036,19.221363382514014,0.1864496045172535,0.05181883108439877,geom,51
mixture,0.005250000000000003,629.3392429037274,1264.6784858074548,1273.9040072531564,19.224661138056625,0.18641174056676707,0.051819348341263706,geom,51
mixture,0.005000000000000003,629.339516844495,1264.67903368899,1273.9045551346917,19.22795871012155,0.18637342884686023,0.05181986455356578,geom,51
mixture,0.0047500000000000025,629.3397908743926,1264.6795817487853,1273.9051031944869,19.231255634554596,0.18633459637951358,0.0518203809745664,geom,51
mixture,0.004500000000000002,629.3400649933816,1264.6801299867632,1273.9056514324648,19.234551851200663,0.18629515494792154,0.051820897766224554,geom,51
mixture,0.004250000000000002,629.3403392016673,1264.6806784033347,1273.9061998490363,19.23784744488667,0.18625500104156625,0.05182141469754425,geom,51
mixture,0.004000000000000002,629.3406134997679,1264.6812269995357,1273.9067484452373,19.241142356444787,0.18621401232384552,0.051821931923805575,geom,51
mixture,0.0037500000000000016,629.3408878881495,1264.681775776299,1273.9072972220006,19.24443633520163,0.18617203241726282,0.051822450116796426,geom,51
mixture,0.0035000000000000014,629.3411623681387,1264.6823247362775,1273.907846181979,19.24773014877903,0.18612888399798294,0.05182296719686719,geom,51
mixture,0.003250000000000001,629.341436941198,1264.682873882396,1273.9083953280976,19.251022911769656,0.18608433722955595,0.05182348553973784,geom,51
mixture,0.003000000000000001,629.3417116094886,1264.6834232189772,1273.9089446646788,19.254315249828622,0.18603810888229366,0.05182400344299852,geom,51
mixture,0.0027500000000000007,629.3419863758506,1264.6839727517013,1273.9094941974029,19.25760679305186,0.18598983437445074,0.051824521882397286,geom,51
mixture,0.0025000000000000005,629.3422612441725,1264.684522488345,1273.9100439340466,19.260897743212468,0.18593904263357064,0.05182504028583436,geom,51
mixture,0.0022500000000000003,629.3425362196605,1264.685072439321,1273.9105938850225,19.264187966475838,0.18588510683109152,0.05182555897576301,geom,51
mixture,0.002,629.3428113093308,1264.6856226186617,1273.9111440643633,19.267477687702904,0.18582717058624773,0.05182607729588029,geom,51
null,,629.3450200536045,1260.690040107209,1263.7652139224429,19.293751813507335,0.05183025104012748,,geom,51
sum,,631.4623003418807,1264.9246006837614,1267.9997744989953,29.507521930754454,0.0677793277488166,,geom,51
mixture,0.05,754.848360848342,1515.696721696684,1525.4219627418631,20.465609379217973,0.04886245136247556,0.04886245944301674,geom,52
mixture,0.009250000000000006,754.8483608483422,1515.6967216966843,1525.4219627418634,20.465609732742493,0.04886245349038975,0.04886245823885908,geom,52
mixture,0.5,754.8483608483422,1515.6967216966843,1525.4219627418634,20.465608854862047,0.04886246029091035,0.04886246029091035,geom,52
mixture,0.0022500000000000003,754.8483608483423,1515.6967216966846,1525.4219627418636,20.46560958158854,0.04886246769586819,0.048862458535210346,geom,52
mixture,0.005000000000000003,754.8483608483423,1515.6967216966846,1525.4219627418636,20.46560979563546,0.048862456731397504,0.04886245805137617,geom,52
mixture,0.007750000000000005,754.8483608483423,1515.6967216966846,1525.4219627418636,20.465609631629185,0.048862446055692406,0.04886245853304731,geom,52
mixture,0.0035000000000000014,754.8483608483423,1515.6967216966846,1525.4219627418636,20.465609612257047,0.0488624603329899,0.04886245847610043,geom,52
mixture,0.003250000000000001,754.8483608483423,1515.6967216966846,1525.4219627418636,20.465609657857225,0.04886245510740192,0.048862458384377465,geom,52
mixture,0.007250000000000005,754.8483608483423,1515.6967216966846,1525.4219627418636,20.4656097063787,0.048862461476310765,0.04886245823437632,geom,52
mixture,0.008000000000000005,754.8483608483423,1515.6967216966846,1525.4219627418636,20.465609523595166,0.04886245931985459,0.04886245868923838,geom,52
mixture,0.009750000000000007,754.8483608483423,1515.6967216966846,1525.4219627418636,20.465609560633318,0.04886245885878137,0.04886245860336292,geom,52
mixture,0.005500000000000003,754.8483608483423,1515.6967216966846,1525.4219627418636,20.465609511037602,0.04886245467301549,0.048862458746670105,geom,52
mixture,0.006000000000000004,754.8483608483423,1515.6967216966846,1525.4219627418636,20.465609840367726,0.04886245751875045,0.04886245794050675,geom,52
mixture,0.45,754.8483608483423,1515.6967216966846,1525.4219627418636,20.46560959564014,0.048862459592081846,0.04886245764697502,geom,52
mixture,0.0037500000000000016,754.8483608483424,1515.6967216966848,1525.4219627418638,20.46560956793287,0.04886246499148295,0.048862458564323426,geom,52
mixture,0.0047500000000000025,754.8483608483424,1515.6967216966848,1525.4219627418638,20.46560978867299,0.04886246393973118,0.04886245803334412,geom,52
mixture,0.010000000000000007,754.8483608483424,1515.6967216966848,1525.4219627418638,20.46560946513878,0.04886246474027079,0.04886245877418945,geom,52
mixture,0.008250000000000006,754.8483608483425,1515.696721696685,1525.421962741864,20.465609807707494,0.04886245579575886,0.04886245803442279,geom,52
mixture,0.006750000000000004,754.8483608483425,1515.696721696685,1525.421962741864,20.46560968661757,0.048862462389090706,0.04886245827730629,geom,52
mixture,0.006500000000000004,754.8483608483425,1515.696721696685,1525.421962741864,20.465609752659258,0.04886245961100391,0.048862458137807895,geom,52
mixture,0.008750000000000006,754.8483608483425,1515.696721696685,1525.421962741864,20.465609711771105,0.04886246238386125,0.0488624582084711,geom,52
mixture,0.005750000000000003,754.8483608483425,1515.696721696685,1525.421962741864,20.46560977072464,0.04886245996653788,0.048862458093481775,geom,52
mixture,0.007500000000000005,754.8483608483425,1515.696721696685,1525.421962741864,20.465609725088825,0.048862458294038257,0.04886245821259838,geom,52
mixture,0.002,754.8483608483425,1515.696721696685,1525.421962741864,20.465609839154318,0.0488624515548266,0.04886245795367095,geom,52
mixture,0.004250000000000002,754.8483608483425,1515.696721696685,1525.421962741864,20.465609549108922,0.04886245901555622,0.048862458631736966,geom,52
mixture,0.004500000000000002,754.8483608483425,1515.696721696685,1525.421962741864,20.465609952286876,0.04886246291990484,0.04886245764703689,geom,52
mixture,0.4,754.8483608483425,1515.696721696685,1525.421962741864,20.465609670686824,0.04886246042663385,0.048862456954071064,geom,52
mixture,0.1,754.8483608483425,1515.696721696685,1525.421962741864,20.465609446502242,0.04886244023508733,0.04886246094981979,geom,52
mixture,0.005250000000000003,754.8483608483425,1515.696721696685,1525.421962741864,20.465609805167674,0.04886245706315742,0.048862458027078316,geom,52
mixture,0.35000000000000003,754.8483608483426,1515.6967216966852,1525.4219627418643,20.465609853237765,0.048862460754789255,0.048862456373957426,geom,52
mixture,0.15000000000000002,754.8483608483426,1515.6967216966852,1525.4219627418643,20.465609375937568,0.048862422610178875,0.04886246547682315,geom,52
mixture,0.004000000000000002,754.8483608483426,1515.6967216966852,1525.4219627418643,20.465609938884857,0.04886245157410227,0.04886245772737574,geom,52
mixture,0.3,754.8483608483426,1515.6967216966852,1525.4219627418643,20.46561009857941,0.04886246170262178,0.04886245544385596,geom,52
mixture,0.009000000000000006,754.8483608483427,1515.6967216966855,1525.4219627418645,20.465609952064106,0.048862454313473705,0.04886245770179152,geom,52
mixture,0.008500000000000006,754.8483608483427,1515.6967216966855,1525.4219627418645,20.46560977318382,0.048862457062060424,0.048862458107264695,geom,52
mixture,0.0070000000000000045,754.8483608483427,1515.6967216966855,1525.4219627418645,20.465609865719035,0.04886245727896836,0.04886245788166785,geom,52
mixture,0.006250000000000004,754.8483608483427,1515.6967216966855,1525.4219627418645,20.465609938116724,0.048862461287833954,0.04886245768206051,geom,52
mixture,0.003000000000000001,754.8483608483427,1515.6967216966855,1525.4219627418645,20.465609883361196,0.04886244897196595,0.04886245786199769,geom,52
mixture,0.0025000000000000005,754.8483608483427,1515.6967216966855,1525.4219627418645,20.46560985424424,0.04886245863777831,0.04886245790300856,geom,52
mixture,0.0027500000000000007,754.8483608483427,1515.6967216966855,1525.4219627418645,20.465609827225084,0.04886245194594652,0.04886245798596484,geom,52
mixture,0.009500000000000007,754.8483608483427,1515.6967216966855,1525.4219627418645,20.465609740630367,0.048862465748754934,0.04886245810347296,geom,52
mixture,0.25,754.8483608483427,1515.6967216966855,1525.4219627418645,20.465609848553193,0.04886246243064982,0.04886245641436102,geom,52
mixture,0.2,754.848360848343,1515.696721696686,1525.421962741865,20.465610310957114,0.04886246150266163,0.048862455642366416,geom,52
null,,754.848360848343,1511.696721696686,1514.9384687117456,20.465610451730537,0.04886245647832321,,geom,52
sum,,755.3420740858074,1512.6841481716149,1515.9258951866746,30.966814927115628,0.06458526667037784,,geom,52
mixture,0.4,753.9313493556613,1513.8626987113225,1523.6507692780372,18.79274745294704,0.05321201839013135,0.053212016344367716,geom,53
mixture,0.5,753.9313493556613,1513.8626987113225,1523.6507692780372,18.79274751012658,0.053212017000768205,0.053212017000768205,geom,53
mixture,0.2,753.9313493556613,1513.8626987113225,1523.6507692780372,18.792747547745382,0.05321201988746882,0.05321201614594518,geom,53
mixture,0.25,753.9313493556614,1513.8626987113228,1523.6507692780374,18.79274754586031,0.0532119942110057,0.05321202446245237,geom,53
mixture,0.45,753.9313493556614,1513.8626987113228,1523.6507692780374,18.792747256894177,0.05321200892574196,0.05321202491130514,geom,53
mixture,0.3,753.9313493556614,1513.8626987113228,1523.6507692780374,18.792747546562346,0.05321202006378938,0.053212015540661316,geom,53
mixture,0.009500000000000007,753.9313493556616,1513.8626987113232,1523.6507692780378,18.79274792389167,0.05321201652522478,0.05321201582250882,geom,53
mixture,0.006250000000000004,753.9313493556616,1513.8626987113232,1523.6507692780378,18.792747946794908,0.05321201582920469,0.05321201576392569,geom,53
mixture,0.15000000000000002,753.9313493556616,1513.8626987113232,1523.6507692780378,18.79274780980892,0.053212001339745726,0.05321201876617756,geom,53
mixture,0.1,753.9313493556616,1513.8626987113232,1523.6507692780378,18.792747841627957,0.05321201852734361,0.05321201578820168,geom,53
mixture,0.35000000000000003,753.9313493556616,1513.8626987113232,1523.6507692780378,18.792747581126783,0.05321201866391674,0.0532120157959369,geom,53
mixture,0.0035000000000000014,753.9313493556617,1513.8626987113234,1523.650769278038,18.792747972969202,0.05321201595834219,0.05321201568927896,geom,53
mixture,0.009000000000000006,753.9313493556617,1513.8626987113234,1523.650769278038,18.79274801831137,0.05321201578018571,0.053212015559850466,geom,53
mixture,0.008250000000000006,753.9313493556617,1513.8626987113234,1523.650769278038,18.79274795423124,0.05321201636715459,0.053212015738087766,geom,53
mixture,0.005750000000000003,753.9313493556617,1513.8626987113234,1523.650769278038,18.792748049581412,0.05321201509431052,0.053212015475483515,geom,53
mixture,0.005000000000000003,753.9313493556617,1513.8626987113234,1523.650769278038,18.792748048967795,0.053212014177018555,0.05321201548155191,geom,53
mixture,0.010000000000000007,753.9313493556617,1513.8626987113234,1523.650769278038,18.792747982372223,0.05321201663775894,0.05321201565375582,geom,53
mixture,0.05,753.9313493556617,1513.8626987113234,1523.650769278038,18.792747961114262,0.05321201380803189,0.05321201582461744,geom,53
mixture,0.005500000000000003,753.9313493556617,1513.8626987113234,1523.650769278038,18.792748105301175,0.05321201500373351,0.053212015317244545,geom,53
mixture,0.003000000000000001,753.9313493556618,1513.8626987113237,1523.6507692780383,18.79274797532124,0.053212016014966376,0.053212015682563625,geom,53
mixture,0.007750000000000005,753.931349355662,1513.862698711324,1523.6507692780385,18.792748170177862,0.05321201476178324,0.05321201513471087,geom,53
mixture,0.008500000000000006,753.931349355662,1513.862698711324,1523.6507692780385,18.79274808058993,0.053212015140288046,0.053212015387592675,geom,53
mixture,0.007500000000000005,753.931349355662,1513.862698711324,1523.6507692780385,18.792748162967232,0.05321201399289593,0.053212015160998494,geom,53
mixture,0.008000000000000005,753.931349355662,1513.862698711324,1523.6507692780385,18.792748269971064,0.053212014126613506,0.05321201485508214,geom,53
mixture,0.008750000000000006,753.931349355662,1513.862698711324,1523.6507692780385,18.792748011013334,0.053212016298899094,0.053212015576174165,geom,53
mixture,0.0047500000000000025,753.931349355662,1513.862698711324,1523.6507692780385,18.792748288025273,0.05321201420553311,0.053212014800961854,geom,53
mixture,0.005250000000000003,753.931349355662,1513.862698711324,1523.6507692780385,18.792748135454463,0.053212013876344146,0.05321201523728558,geom,53
mixture,0.004000000000000002,753.931349355662,1513.862698711324,1523.6507692780385,18.792748020880666,0.05321201588470813,0.05321201555323258,geom,53
mixture,0.004500000000000002,753.931349355662,1513.862698711324,1523.6507692780385,18.79274817431923,0.05321201560315315,0.05321201511791075,geom,53
mixture,0.0037500000000000016,753.931349355662,1513.862698711324,1523.6507692780385,18.79274813329846,0.05321201463794128,0.05321201523849749,geom,53
mixture,0.0027500000000000007,753.931349355662,1513.862698711324,1523.6507692780385,18.792748345037527,0.05321201458212281,0.053212014636852815,geom,53
mixture,0.0025000000000000005,753.931349355662,1513.862698711324,1523.6507692780385,18.79274820064647,0.05321201542351178,0.053212015044600984,geom,53
mixture,0.006750000000000004,753.931349355662,1513.862698711324,1523.6507692780385,18.792748208986467,0.053212014471266514,0.053212015025675664,geom,53
mixture,0.006500000000000004,753.931349355662,1513.862698711324,1523.6507692780385,18.79274802705492,0.05321201601897137,0.05321201553392314,geom,53
mixture,0.006000000000000004,753.931349355662,1513.862698711324,1523.6507692780385,18.792748083802607,0.05321201538786578,0.05321201537632458,geom,53
mixture,0.009250000000000006,753.9313493556621,1513.8626987113241,1523.6507692780388,18.792748175474923,0.05321201596451681,0.053212015108907586,geom,53
mixture,0.003250000000000001,753.9313493556621,1513.8626987113241,1523.6507692780388,18.792748182000068,0.053212015390380125,0.05321201509739369,geom,53
mixture,0.004250000000000002,753.9313493556621,1513.8626987113241,1523.6507692780388,18.792748269347644,0.05321201547970768,0.053212014848336285,geom,53
mixture,0.0070000000000000045,753.9313493556621,1513.8626987113241,1523.6507692780388,18.79274805848309,0.05321201401258843,0.05321201545820583,geom,53
mixture,0.007250000000000005,753.9313493556622,1513.8626987113244,1523.650769278039,18.792748257614438,0.05321201575855906,0.05321201487785732,geom,53
mixture,0.002,753.9313493556622,1513.8626987113244,1523.650769278039,18.792748482159585,0.053212015298968234,0.05321201424633341,geom,53
mixture,0.0022500000000000003,753.9313493556623,1513.8626987113246,1523.6507692780392,18.79274836552718,0.0532120125975491,0.05321201458315309,geom,53
mixture,0.009750000000000007,753.9313493556623,1513.8626987113246,1523.6507692780392,18.792748310584358,0.05321201480467093,0.0532120147335638,geom,53
null,,753.9313493556614,1509.8626987113228,1513.1253889002276,18.79274769324591,0.0532120164822624,,geom,53
sum,,754.1389567228885,1510.277913445777,1513.5406036346817,28.40571555587154,0.0704083653892181,,geom,53
mixture,0.4,819.0859854556395,1644.171970911279,1654.1263308928117,15.926967771037209,0.14065029612822366,0.045860918695816766,geom,54
mixture,0.35000000000000003,819.0878937973491,1644.1757875946982,1654.130147576231,16.645445082014568,0.13681224202337264,0.04614119587457248,geom,54
mixture,0.45,819.0931768468158,1644.1863536936316,1654.1407136751643,15.170602522324035,0.14510527031139378,0.04556976645482327,geom,54
mixture,0.3,819.0964969848214,1644.1929939696429,1654.1473539511755,17.329939189117596,0.13348657488532448,0.046411335719134805,geom,54
mixture,0.25,819.110060036973,1644.220120073946,1654.1744800554786,17.984854904901468,0.13055662434089488,0.04667088208552543,geom,54
mixture,0.5,819.1128721218558,1644.2257442437117,1654.1801042252443,14.37422478316845,0.15023332816757703,0.04526497382138392,geom,54
mixture,0.2,819.1273091568626,1644.2546183137251,1654.2089782952578,18.612830287199525,0.12797194808361756,0.04692085473909903,geom,54
mixture,0.15000000000000002,819.1472952016419,1644.2945904032838,1654.2489503848165,19.21666384863904,0.1256795340903897,0.0471615617010877,geom,54
mixture,0.1,819.1693020928516,1644.3386041857032,1654.2929641672358,19.798878090096064,0.12363367734814673,0.04739327262127548,geom,54
mixture,0.05,819.205516834867,1644.411033669734,1654.3653936512667,20.153199982479915,0.19755408112163722,0.04773844222830649,geom,54
mixture,0.010000000000000007,819.2146229377752,1644.4292458755504,1654.383605857083,20.758673682177925,0.18971892578627148,0.047812311171829644,geom,54
mixture,0.009750000000000007,819.2146888628373,1644.4293777256746,1654.3837377072073,20.76239138212645,0.18968226017900494,0.04781278043973398,geom,54
mixture,0.009500000000000007,819.214754863764,1644.429509727528,1654.3838697090607,20.766108893265134,0.1896455342105945,0.047813248785375274,geom,54
mixture,0.009250000000000006,819.2148209401935,1644.429641880387,1654.3840018619196,20.769825464281137,0.18960873358180225,0.04781371794800508,geom,54
mixture,0.009000000000000006,819.2148870917194,1644.429774183439,1654.3841341649716,20.773541288321677,0.1895718422627391,0.047814187486515815,geom,54
mixture,0.008750000000000006,819.2149533181378,1644.4299066362755,1654.3842666178082,20.777256805421533,0.18953484799029383,0.0478146563876465,geom,54
mixture,0.008500000000000006,819.2150196189805,1644.430039237961,1654.3843992194936,20.780971506178634,0.18949772889065095,0.04781512583283392,geom,54
mixture,0.008250000000000006,819.2150859939002,1644.4301719878003,1654.384531969333,20.784685587386875,0.1894604645562687,0.047815595372216226,geom,54
mixture,0.008000000000000005,819.215152442637,1644.430304885274,1654.3846648668066,20.788398774722882,0.18942303410107003,0.04781606564113025,geom,54
mixture,0.007750000000000005,819.2152189647694,1644.4304379295388,1654.3847979110715,20.792111626144614,0.18938540996085465,0.047816535358503,geom,54
mixture,0.007500000000000005,819.2152855602253,1644.4305711204506,1654.3849311019833,20.795823800206385,0.1893475706710456,0.047817005311746,geom,54
mixture,0.007250000000000005,819.2153522285173,1644.4307044570346,1654.3850644385673,20.79953559548438,0.1893094793263717,0.047817474819252005,geom,54
mixture,0.0070000000000000045,819.2154189695871,1644.4308379391741,1654.3851979207068,20.803246521557284,0.18927110703823635,0.04781794501088333,geom,54
mixture,0.006750000000000004,819.2154857831947,1644.4309715663894,1654.385331547922,20.806956769993,0.18923241518002976,0.047818415447789496,geom,54
mixture,0.006500000000000004,819.2155526692218,1644.4311053384436,1654.3854653199762,20.810666474104938,0.18919336341018705,0.04781888582384551,geom,54
mixture,0.006250000000000004,819.2156196274996,1644.4312392549991,1654.3855992365318,20.814375551476193,0.18915390285640843,0.04781935633045972,geom,54
mixture,0.006000000000000004,819.2156866572923,1644.4313733145846,1654.3857332961172,20.818084564063547,0.18911395527874045,0.047819825684652595,geom,54
mixture,0.005750000000000003,819.2157537600281,1644.4315075200561,1654.3858675015888,20.821792355540538,0.18907351405063813,0.04782029652518903,geom,54
mixture,0.005500000000000003,819.2158209349964,1644.4316418699927,1654.3860018515254,20.825499354351845,0.189032483227523,0.047820767875402695,geom,54
mixture,0.005250000000000003,819.2158881822683,1644.4317763645365,1654.3861363460692,20.82920582003516,0.18899078271454176,0.04782123913632928,geom,54
mixture,0.005000000000000003,819.2159555020946,1644.4319110041893,1654.386270985722,20.83291176332321,0.18894832444363915,0.04782171027882705,geom,54
mixture,0.0047500000000000025,819.216022894774,1644.432045789548,1654.3864057710807,20.836617227550736,0.18890500415012104,0.0478221811981476,geom,54
mixture,0.004500000000000002,819.2160903605848,1644.4321807211695,1654.3865407027022,20.840321740780304,0.18886069285974083,0.04782265297384207,geom,54
mixture,0.004250000000000002,819.2161579001352,1644.4323158002703,1654.386675781803,20.8440259037339,0.1888152502598069,0.04782312421556154,geom,54
mixture,0.004000000000000002,819.2162255140647,1644.4324510281294,1654.386811009662,20.847729102595466,0.18876850155284636,0.04782359632300527,geom,54
mixture,0.0037500000000000016,819.2162932031947,1644.4325864063894,1654.386946387922,20.8514317364793,0.18872023750849318,0.047824068366194274,geom,54
mixture,0.0035000000000000014,819.2163609686049,1644.4327219372099,1654.3870819187425,20.855133831328235,0.18867020576402282,0.04782454026875645,geom,54
mixture,0.003250000000000001,819.216428811614,1644.432857623228,1654.3872176047607,20.858835455067524,0.1886180933411632,0.0478250118544728,geom,54
mixture,0.003000000000000001,819.2164967339468,1644.4329934678935,1654.3873534494262,20.862535946344053,0.18856351335437074,0.047825484614468054,geom,54
mixture,0.0027500000000000007,819.2165647376617,1644.4331294753233,1654.387489456856,20.866236099716946,0.1885059678223114,0.047825956693896284,geom,54
mixture,0.0025000000000000005,819.2166328253966,1644.4332656507931,1654.3876256323258,20.869935137635867,0.18844481145679606,0.0478264298362338,geom,54
mixture,0.0022500000000000003,819.2167010005603,1644.4334020011206,1654.3877619826533,20.87363364085174,0.18837919236249737,0.04782690265766494,geom,54
mixture,0.002,819.2167692675198,1644.4335385350396,1654.3878985165722,20.87733147044335,0.18830794261079442,0.04782737541092773,geom,54
null,,819.2173209051754,1640.4346418103507,1643.752761804195,20.906865114033806,0.047831178636568834,,geom,54
sum,,820.1662920606516,1642.3325841213032,1645.6507041151474,31.702661385945525,0.06308618622430996,,geom,54
mixture,0.006250000000000004,684.4803871276674,1374.9607742553349,1384.314755692585,22.670660322654037,0.044109874439153915,0.044109875314250424,geom,55
mixture,0.2,684.4803871276675,1374.960774255335,1384.3147556925853,22.67066005074031,0.04410987836096229,0.04410987520705757,geom,55
mixture,0.4,684.4803871276675,1374.960774255335,1384.3147556925853,22.670660167137758,0.044109877177387666,0.04410987456735188,geom,55
mixture,0.0022500000000000003,684.4803871276677,1374.9607742553353,1384.3147556925855,22.670660534488793,0.04410987428995295,0.04410987489798627,geom,55
mixture,0.005500000000000003,684.4803871276677,1374.9607742553353,1384.3147556925855,22.670660469232114,0.04410987610325084,0.04410987501761589,geom,55
mixture,0.004250000000000002,684.4803871276677,1374.9607742553353,1384.3147556925855,22.67066044203313,0.04410987623462902,0.0441098750715644,geom,55
mixture,0.0035000000000000014,684.4803871276677,1374.9607742553353,1384.3147556925855,22.670660335651338,0.044109875899261006,0.04410987528132971,geom,55
mixture,0.003250000000000001,684.4803871276677,1374.9607742553353,1384.3147556925855,22.67066037055035,0.044109874837913676,0.04410987521682157,geom,55
mixture,0.010000000000000007,684.4803871276677,1374.9607742553353,1384.3147556925855,22.67066045204356,0.04410987550311431,0.04410987505252442,geom,55
mixture,0.15000000000000002,684.4803871276677,1374.9607742553353,1384.3147556925855,22.670659958286972,0.044109878151876204,0.04410987564110798,geom,55
mixture,0.5,684.4803871276677,1374.9607742553353,1384.3147556925855,22.670660015329325,0.04410987590673696,0.04410987590673696,geom,55
mixture,0.45,684.4803871276677,1374.9607742553353,1384.3147556925855,22.670660168220515,0.04410987613857903,0.04410987517617983,geom,55
mixture,0.006500000000000004,684.4803871276677,1374.9607742553353,1384.3147556925855,22.670660429213413,0.044109875892019076,0.044109875096278194,geom,55
mixture,0.3,684.4803871276677,1374.9607742553353,1384.3147556925855,22.670660234707896,0.04410987783884411,0.04410987446891862,geom,55
mixture,0.008000000000000005,684.4803871276678,1374.9607742553355,1384.3147556925858,22.67066064490151,0.04410987509328471,0.04410987467847176,geom,55
mixture,0.0025000000000000005,684.4803871276678,1374.9607742553355,1384.3147556925858,22.670660458812367,0.044109875193996805,0.0441098750434841,geom,55
mixture,0.05,684.4803871276678,1374.9607742553355,1384.3147556925858,22.67066023530801,0.04410987690432425,0.044109875403697235,geom,55
mixture,0.009250000000000006,684.4803871276679,1374.9607742553358,1384.314755692586,22.670660534835356,0.04410987443879365,0.04410987490021201,geom,55
mixture,0.008500000000000006,684.4803871276679,1374.9607742553358,1384.314755692586,22.67066053447757,0.044109873470532725,0.044109874908865865,geom,55
mixture,0.009000000000000006,684.4803871276679,1374.9607742553358,1384.314755692586,22.670660501598743,0.04410987523589895,0.04410987495811166,geom,55
mixture,0.009750000000000007,684.4803871276679,1374.9607742553358,1384.314755692586,22.67066023760672,0.044109876001483875,0.04410987546906494,geom,55
mixture,0.006750000000000004,684.4803871276679,1374.9607742553358,1384.314755692586,22.67066054421754,0.04410987446995796,0.04410987488046004,geom,55
mixture,0.008250000000000006,684.4803871276679,1374.9607742553358,1384.314755692586,22.670660390706647,0.044109875490163514,0.04410987517376208,geom,55
mixture,0.35000000000000003,684.4803871276679,1374.9607742553358,1384.314755692586,22.670660207353126,0.044109876814094125,0.04410987484336454,geom,55
mixture,0.009500000000000007,684.4803871276679,1374.9607742553358,1384.314755692586,22.67066058794233,0.04410987509159822,0.04410987478974708,geom,55
mixture,0.0047500000000000025,684.4803871276679,1374.9607742553358,1384.314755692586,22.67066036639235,0.04410987485065606,0.04410987522546058,geom,55
mixture,0.007500000000000005,684.4803871276679,1374.9607742553358,1384.314755692586,22.670660276404842,0.044109875675430954,0.0441098753966766,geom,55
mixture,0.007250000000000005,684.4803871276679,1374.9607742553358,1384.314755692586,22.670660594073,0.044109875806199676,0.04410987477319706,geom,55
mixture,0.006000000000000004,684.4803871276679,1374.9607742553358,1384.314755692586,22.67066038489418,0.04410987497770658,0.04410987518894906,geom,55
mixture,0.004000000000000002,684.4803871276679,1374.9607742553358,1384.314755692586,22.670660549981505,0.0441098753831784,0.0441098748643992,geom,55
mixture,0.003000000000000001,684.4803871276679,1374.9607742553358,1384.314755692586,22.670660704801584,0.04410987521404152,0.04410987456329157,geom,55
mixture,0.004500000000000002,684.4803871276679,1374.9607742553358,1384.314755692586,22.67066033727969,0.044109875405993884,0.044109875279756156,geom,55
mixture,0.1,684.4803871276679,1374.9607742553358,1384.314755692586,22.67066039129191,0.044109876996927665,0.044109874972823225,geom,55
mixture,0.25,684.4803871276679,1374.9607742553358,1384.314755692586,22.670660361072535,0.044109877153162176,0.044109874594320544,geom,55
mixture,0.0027500000000000007,684.480387127668,1374.960774255336,1384.3147556925862,22.67066076003918,0.044109874446110496,0.04410987445780123,geom,55
mixture,0.0037500000000000016,684.480387127668,1374.960774255336,1384.3147556925862,22.670660667606583,0.044109874599457,0.04410987463775705,geom,55
mixture,0.007750000000000005,684.480387127668,1374.960774255336,1384.3147556925862,22.67066048695896,0.044109875557787094,0.04410987498465431,geom,55
mixture,0.005750000000000003,684.480387127668,1374.960774255336,1384.3147556925862,22.67066081414098,0.04410987401806717,0.04410987435443837,geom,55
mixture,0.002,684.4803871276681,1374.9607742553362,1384.3147556925865,22.67066052286979,0.04410987455041406,0.04410987491996416,geom,55
mixture,0.005000000000000003,684.4803871276681,1374.9607742553362,1384.3147556925865,22.670660739477057,0.04410987453221622,0.04410987449760335,geom,55
mixture,0.008750000000000006,684.4803871276681,1374.9607742553362,1384.3147556925865,22.670660813667375,0.044109874060780624,0.044109874356008966,geom,55
mixture,0.0070000000000000045,684.4803871276681,1374.9607742553362,1384.3147556925865,22.67066061186223,0.04410987486937737,0.04410987474520496,geom,55
mixture,0.005250000000000003,684.4803871276681,1374.9607742553362,1384.3147556925865,22.670660857087913,0.044109874261585406,0.04410987426898203,geom,55
null,,684.4803871276685,1370.960774255337,1374.0787680677536,22.670661304302367,0.04410987339880655,,geom,55
sum,,683.3830850502637,1368.7661701005275,1371.8841639129441,34.01658517010535,0.058794849335954254,,geom,55
mixture,0.5,781.9737723557691,1569.9475447115383,1579.8123458036218,19.595960603597604,0.05103092521100552,0.05103092521100552,geom,56
mixture,0.25,781.9737723557691,1569.9475447115383,1579.8123458036218,19.595960623774076,0.05103092912102345,0.05103092383760946,geom,56
mixture,0.1,781.9737723557694,1569.9475447115387,1579.8123458036223,19.595961108963504,0.051030926756282555,0.05103092357702892,geom,56
mixture,0.3,781.9737723557694,1569.9475447115387,1579.8123458036223,19.59596076729621,0.05103092832088415,0.05103092326920542,geom,56
mixture,0.45,781.9737723557694,1569.9475447115387,1579.8123458036223,19.595960708439684,0.05103091687336034,0.051030931536307916,geom,56
mixture,0.4,781.9737723557694,1569.9475447115387,1579.8123458036223,19.595960592996843,0.05103092682908383,0.051030924178296765,geom,56
mixture,0.15000000000000002,781.9737723557695,1569.947544711539,1579.8123458036225,19.595960941618152,0.051030928611883915,0.05103092357525295,geom,56
mixture,0.35000000000000003,781.9737723557695,1569.947544711539,1579.8123458036225,19.59596069856579,0.051030928499322954,0.051030923059893395,geom,56
mixture,0.0022500000000000003,781.9737723557696,1569.9475447115392,1579.8123458036227,19.595961308793036,0.051030924264810755,0.051030923372559586,geom,56
mixture,0.007500000000000005,781.9737723557696,1569.9475447115392,1579.8123458036227,19.595961241999635,0.051030924848749284,0.05103092353868203,geom,56
mixture,0.008750000000000006,781.9737723557696,1569.9475447115392,1579.8123458036227,19.595961446119052,0.05103092347784939,0.05103092301288042,geom,56
mixture,0.009500000000000007,781.9737723557696,1569.9475447115392,1579.8123458036227,19.595961369229492,0.05103092360319262,0.05103092321347896,geom,56
mixture,0.0070000000000000045,781.9737723557696,1569.9475447115392,1579.8123458036227,19.595961279258518,0.05103092406692067,0.05103092344714116,geom,56
mixture,0.006250000000000004,781.9737723557696,1569.9475447115392,1579.8123458036227,19.595961305033864,0.05103091807036807,0.051030923417777936,geom,56
mixture,0.006750000000000004,781.9737723557696,1569.9475447115392,1579.8123458036227,19.595961517104957,0.05103092418560484,0.05103092282289228,geom,56
mixture,0.05,781.9737723557696,1569.9475447115392,1579.8123458036227,19.595961212406756,0.05103092014981186,0.05103092380850673,geom,56
mixture,0.2,781.9737723557696,1569.9475447115392,1579.8123458036227,19.595961070189507,0.05103092774577004,0.05103092305846729,geom,56
mixture,0.007750000000000005,781.9737723557697,1569.9475447115394,1579.812345803623,19.595961402734247,0.05103092981721131,0.051030923077698444,geom,56
mixture,0.009250000000000006,781.9737723557697,1569.9475447115394,1579.812345803623,19.595961492166232,0.05103092323599479,0.05103092289387025,geom,56
mixture,0.009750000000000007,781.9737723557697,1569.9475447115394,1579.812345803623,19.59596139835234,0.051030923711728925,0.051030923135724784,geom,56
mixture,0.0035000000000000014,781.9737723557697,1569.9475447115394,1579.812345803623,19.59596145244123,0.051030909208757184,0.05103092304892558,geom,56
mixture,0.003250000000000001,781.9737723557697,1569.9475447115394,1579.812345803623,19.59596156187662,0.051030921753920114,0.05103092271863356,geom,56
mixture,0.009000000000000006,781.9737723557698,1569.9475447115396,1579.8123458036232,19.595961292693648,0.051030931852902923,0.05103092333987521,geom,56
mixture,0.010000000000000007,781.9737723557698,1569.9475447115396,1579.8123458036232,19.595961609556536,0.05103091438616477,0.051030922674212845,geom,56
mixture,0.005250000000000003,781.9737723557698,1569.9475447115396,1579.8123458036232,19.595961238397116,0.051030923217656565,0.0510309235596847,geom,56
mixture,0.008000000000000005,781.9737723557698,1569.9475447115396,1579.8123458036232,19.595961252628936,0.05103092424817399,0.05103092351496148,geom,56
mixture,0.006500000000000004,781.9737723557698,1569.9475447115396,1579.8123458036232,19.59596137367239,0.05103092292228893,0.05103092320746489,geom,56
mixture,0.008500000000000006,781.9737723557698,1569.9475447115396,1579.8123458036232,19.59596128112676,0.051030924319402454,0.05103092343913214,geom,56
mixture,0.0027500000000000007,781.9737723557698,1569.9475447115396,1579.8123458036232,19.595961399627733,0.05103093019166743,0.05103092311856848,geom,56
mixture,0.0025000000000000005,781.9737723557698,1569.9475447115396,1579.8123458036232,19.595961631281355,0.051030922217692905,0.0510309225355522,geom,56
mixture,0.005000000000000003,781.9737723557698,1569.9475447115396,1579.8123458036232,19.595961380099993,0.051030921884730136,0.05103092319542625,geom,56
mixture,0.002,781.9737723557698,1569.9475447115396,1579.8123458036232,19.595961597703877,0.05103092372716615,0.05103092261998415,geom,56
mixture,0.005750000000000003,781.9737723557699,1569.9475447115399,1579.8123458036234,19.59596160171034,0.051030927343825944,0.051030922584398355,geom,56
mixture,0.004500000000000002,781.9737723557699,1569.9475447115399,1579.8123458036234,19.595961642896924,0.05103092201488829,0.05103092250672206,geom,56
mixture,0.004250000000000002,781.9737723557699,1569.9475447115399,1579.8123458036234,19.59596170008527,0.05103092207903981,0.05103092235676181,geom,56
mixture,0.008250000000000006,781.9737723557699,1569.9475447115399,1579.8123458036234,19.595961484745345,0.05103092554326531,0.051030922894507794,geom,56
mixture,0.007250000000000005,781.9737723557699,1569.9475447115399,1579.8123458036234,19.595961550141137,0.05103092531909535,0.051030922727268516,geom,56
mixture,0.003000000000000001,781.97377235577,1569.94754471154,1579.8123458036237,19.595961432460516,0.051030929152380444,0.05103092303416319,geom,56
mixture,0.0037500000000000016,781.97377235577,1569.94754471154,1579.8123458036237,19.595961678067514,0.05103092219207002,0.05103092241375043,geom,56
mixture,0.004000000000000002,781.97377235577,1569.94754471154,1579.8123458036237,19.595961594331367,0.05103091795738983,0.05103092264975049,geom,56
mixture,0.005500000000000003,781.97377235577,1569.94754471154,1579.8123458036237,19.595961595530596,0.051030922576697474,0.05103092262814101,geom,56
mixture,0.0047500000000000025,781.9737723557702,1569.9475447115403,1579.8123458036239,19.595961621551524,0.051030929284001755,0.05103092252800455,geom,56
mixture,0.006000000000000004,781.9737723557702,1569.9475447115403,1579.8123458036239,19.595961666834828,0.051030923221256685,0.05103092243746806,geom,56
null,,781.97377235577,1565.94754471154,1569.2358117422345,19.59596170871817,0.051030922333100075,,geom,56
sum,,782.0981211257601,1566.1962422515203,1569.4845092822147,29.612263002247122,0.06753958655062027,,geom,56
mixture,0.5,813.5929580039806,1633.1859160079612,1643.1255339450865,19.930922625944312,0.058597042220670865,0.04386708062931695,geom,57
mixture,0.45,813.5929692304027,1633.1859384608053,1643.1255563979307,19.918714807340862,0.05986530857029381,0.04434825621884192,geom,57
mixture,0.4,813.5933323964324,1633.1866647928648,1643.1262827299902,19.915719093128537,0.061274241895432374,0.04481728926442854,geom,57
mixture,0.35000000000000003,813.5941329466423,1633.1882658932846,1643.12788383041,19.928292766888674,0.06280298437814667,0.04527941481599034,geom,57
mixture,0.3,813.5954855762825,1633.190971152565,1643.1305890896904,19.95887873160763,0.0644701226391513,0.04573501258434874,geom,57
mixture,0.25,813.5975296303634,1633.1950592607268,1643.1346771978522,20.013797779508202,0.06623708578738155,0.046183752933823506,geom,57
mixture,0.2,813.600415106868,1633.200830213736,1643.1404481508614,20.09800137367781,0.06805314724300945,0.04662243244960768,geom,57
mixture,0.005500000000000003,813.6224438159907,1633.2448876319813,1643.1845055691067,20.748769086146492,0.048195638927531974,0.0481956300557243,geom,57
mixture,0.007250000000000005,813.6224438159907,1633.2448876319813,1643.1845055691067,20.74876912904046,0.04819562838952767,0.04819563001668119,geom,57
mixture,0.007500000000000005,813.6224438159907,1633.2448876319813,1643.1845055691067,20.74876891822242,0.04819563116133405,0.048195630489537955,geom,57
mixture,0.006250000000000004,813.6224438159907,1633.2448876319813,1643.1845055691067,20.748769053219444,0.04819563466218308,0.04819563015281929,geom,57
mixture,0.006750000000000004,813.6224438159908,1633.2448876319816,1643.184505569107,20.74876881375531,0.04819563541441207,0.0481956307054491,geom,57
mixture,0.009500000000000007,813.6224438159908,1633.2448876319816,1643.184505569107,20.748768884859135,0.04819562738646977,0.04819563060262679,geom,57
mixture,0.004000000000000002,813.6224438159908,1633.2448876319816,1643.184505569107,20.748768925670007,0.04819563724166784,0.048195630450110806,geom,57
mixture,0.007750000000000005,813.6224438159908,1633.2448876319816,1643.184505569107,20.74876880494705,0.04819563643443699,0.04819563071335621,geom,57
mixture,0.006500000000000004,813.6224438159909,1633.2448876319818,1643.1845055691072,20.748769117106388,0.048195632760394694,0.04819563001475838,geom,57
mixture,0.008250000000000006,813.6224438159909,1633.2448876319818,1643.1845055691072,20.748768938734408,0.04819562757174055,0.04819563047084844,geom,57
mixture,0.0070000000000000045,813.6224438159909,1633.2448876319818,1643.1845055691072,20.748769149598477,0.048195628184479686,0.04819562996962782,geom,57
mixture,0.003000000000000001,813.6224438159909,1633.2448876319818,1643.1845055691072,20.748769107504888,0.048195628333460874,0.04819563006008744,geom,57
mixture,0.005000000000000003,813.6224438159909,1633.2448876319818,1643.1845055691072,20.748769105656507,0.04819563575262842,0.04819563003059082,geom,57
mixture,0.0047500000000000025,813.6224438159909,1633.2448876319818,1643.1845055691072,20.748768995448454,0.048195629138662516,0.04819563032080954,geom,57
mixture,0.008750000000000006,813.6224438159909,1633.2448876319818,1643.1845055691072,20.748768830721783,0.04819563052070156,0.04819563069938805,geom,57
mixture,0.008000000000000005,813.6224438159909,1633.2448876319818,1643.1845055691072,20.748769169662644,0.048195629909692776,0.04819562991053308,geom,57
mixture,0.15000000000000002,813.6224438159909,1633.2448876319818,1643.1845055691072,20.748768467723416,0.048195607192106284,0.04819563583787086,geom,57
mixture,0.1,813.6224438159909,1633.2448876319818,1643.1845055691072,20.748768696294402,0.048195625912665546,0.0481956315764539,geom,57
mixture,0.009750000000000007,813.6224438159909,1633.2448876319818,1643.1845055691072,20.74876895985921,0.04819563232063595,0.04819563037893007,geom,57
mixture,0.0022500000000000003,813.622443815991,1633.244887631982,1643.1845055691074,20.74876906751817,0.04819563231995021,0.04819563014289107,geom,57
mixture,0.005750000000000003,813.622443815991,1633.244887631982,1643.1845055691074,20.74876887645944,0.0481956324465911,0.04819563058085629,geom,57
mixture,0.006000000000000004,813.622443815991,1633.244887631982,1643.1845055691074,20.748769169292355,0.04819562579624084,0.048195629936226385,geom,57
mixture,0.009250000000000006,813.622443815991,1633.244887631982,1643.1845055691074,20.74876892404907,0.048195630191040305,0.04819563048374974,geom,57
mixture,0.009000000000000006,813.622443815991,1633.244887631982,1643.1845055691074,20.748769088423092,0.048195624326391906,0.048195630151658515,geom,57
mixture,0.0025000000000000005,813.622443815991,1633.244887631982,1643.1845055691074,20.74876907026234,0.0481956291067058,0.0481956301440085,geom,57
mixture,0.004500000000000002,813.622443815991,1633.244887631982,1643.1845055691074,20.74876915024165,0.04819563316967851,0.04819562994110924,geom,57
mixture,0.010000000000000007,813.622443815991,1633.244887631982,1643.1845055691074,20.74876909018334,0.048195626795252466,0.048195630128474595,geom,57
mixture,0.003250000000000001,813.6224438159911,1633.2448876319822,1643.1845055691076,20.748769096971877,0.048195633089044385,0.048195630069560506,geom,57
mixture,0.0027500000000000007,813.6224438159911,1633.2448876319822,1643.1845055691076,20.748769089233928,0.048195627691276055,0.048195630103982624,geom,57
mixture,0.002,813.6224438159911,1633.2448876319822,1643.1845055691076,20.748769286068278,0.04819562428573886,0.048195629650867426,geom,57
mixture,0.0035000000000000014,813.6224438159911,1633.2448876319822,1643.1845055691076,20.748769136760224,0.048195630040224396,0.048195629986765604,geom,57
mixture,0.004250000000000002,813.6224438159911,1633.2448876319822,1643.1845055691076,20.748768948347944,0.0481956289123068,0.04819563043105497,geom,57
mixture,0.005250000000000003,813.6224438159911,1633.2448876319822,1643.1845055691076,20.748768989501976,0.04819563070288021,0.048195630327033744,geom,57
mixture,0.008500000000000006,813.6224438159911,1633.2448876319822,1643.1845055691076,20.748768824991323,0.04819563395082801,0.04819563068336192,geom,57
mixture,0.0037500000000000016,813.6224438159911,1633.2448876319822,1643.1845055691076,20.748769150819438,0.048195633029480045,0.048195629942720364,geom,57
mixture,0.05,813.6224438159911,1633.2448876319822,1643.1845055691076,20.748768726584935,0.048195631546842505,0.04819563090776153,geom,57
null,,813.6224438159923,1629.2448876319845,1632.5580936110264,20.748770589403904,0.04819562661272497,,geom,57
sum,,814.3887756613447,1630.7775513226893,1634.0907573017312,31.407604356671868,0.06367884596633182,,geom,57
mixture,0.4,715.6042268913632,1437.2084537827263,1446.7538044336027,16.000883737441264,0.041592446911284074,0.09398859899854621,geom,58
mixture,0.45,715.6779896519478,1437.3559793038955,1446.9013299547719,16.340992421844362,0.04247168612672619,0.09572378446292301,geom,58
mixture,0.5,715.7595484066796,1437.5190968133593,1447.0644474642356,16.745331011413963,0.09665153691915682,0.04320734132200749,geom,58
mixture,0.35000000000000003,716.0211808222557,1438.0423616445114,1447.5877122953877,18.079560116571727,0.09723782516791776,0.04488907563837058,geom,58
mixture,0.3,716.1084212389926,1438.2168424779852,1447.7621931288616,18.52957020203575,0.09711263375833999,0.04533569003108676,geom,58
mixture,0.25,716.194198556828,1438.388397113656,1447.9337477645324,18.975546487369613,0.09691898348972679,0.04574266194011422,geom,58
mixture,0.15000000000000002,716.2755307589662,1438.5510615179323,1448.0964121688087,6.254358069106602,0.04384652684272053,0.29999987223884733,geom,58
mixture,0.2,716.2780853266224,1438.5561706532449,1448.1015213041212,19.41590881403371,0.09668473886549134,0.04611660692612673,geom,58
mixture,0.1,716.439276420783,1438.878552841566,1448.4239034924424,20.27740926987189,0.09615449375179419,0.04678382934432618,geom,58
mixture,0.05,716.5520500327543,1439.1041000655086,1448.649450716385,20.34418241410943,0.19769527840935178,0.04728422334844249,geom,58
mixture,0.010000000000000007,716.5830214149132,1439.1660428298264,1448.7113934807028,20.961305405393375,0.18996327332140772,0.047348793616379586,geom,58
mixture,0.009750000000000007,716.583222687686,1439.166445375372,1448.7117960262483,20.96509473910152,0.1899262427086671,0.047349211540200026,geom,58
mixture,0.009500000000000007,716.5834240100457,1439.1668480200915,1448.7121986709678,20.968883909068023,0.18988911254595497,0.04734962853743317,geom,58
mixture,0.009250000000000006,716.5836253816185,1439.167250763237,1448.7126014141134,20.97267196514079,0.18985186668122345,0.047350046762980165,geom,58
mixture,0.009000000000000006,716.5838268020943,1439.1676536041887,1448.713004255065,20.976459565687477,0.18981448997569625,0.047350464728979295,geom,58
mixture,0.008750000000000006,716.5840282709613,1439.1680565419226,1448.713407192799,20.980246675865615,0.18977696116999349,0.047350882519352766,geom,58
mixture,0.008500000000000006,716.5842297877089,1439.1684595754177,1448.713810226294,20.98403318037646,0.18973925645575324,0.04735130039991946,geom,58
mixture,0.008250000000000006,716.584431352285,1439.16886270457,1448.7142133554464,20.987818780477816,0.18970135777344208,0.04735171904651831,geom,58
mixture,0.008000000000000005,716.584632964025,1439.16926592805,1448.7146165789263,20.991603966560387,0.1896632335333066,0.04735213735634039,geom,58
mixture,0.007750000000000005,716.5848346228904,1439.1696692457808,1448.7150198966572,20.995388532591075,0.18962486005929263,0.04735255579554486,geom,58
mixture,0.007500000000000005,716.5850363285213,1439.1700726570425,1448.7154233079189,20.999172433997867,0.18958620398203482,0.04735297446815695,geom,58
mixture,0.007250000000000005,716.585238080709,1439.170476161418,1448.7158268122944,21.002955922511457,0.18954723088715103,0.04735339280722552,geom,58
mixture,0.0070000000000000045,716.5854398792869,1439.1708797585738,1448.7162304094502,21.006738646194506,0.18950790181892807,0.047353811609367816,geom,58
mixture,0.006750000000000004,716.5856417203436,1439.1712834406871,1448.7166340915635,21.01052202874649,0.1894680863073156,0.047354227698071245,geom,58
mixture,0.006500000000000004,716.5858436118024,1439.1716872236047,1448.717037874481,21.014303271193498,0.18942791668906342,0.047354647315342925,geom,58
mixture,0.006250000000000004,716.5860455495492,1439.1720910990985,1448.7174417499748,21.018084282878377,0.18938724764608889,0.04735506618990994,geom,58
mixture,0.006000000000000004,716.5862475337387,1439.1724950674775,1448.7178457183538,21.021864410758358,0.18934601915295446,0.04735548579416123,geom,58
mixture,0.005750000000000003,716.5864495644861,1439.1728991289722,1448.7182497798485,21.025643770026377,0.18930416048228288,0.0473559058664112,geom,58
mixture,0.005500000000000003,716.5866516422326,1439.1733032844652,1448.7186539353415,21.029422672423912,0.18926159754371463,0.047356325698712044,geom,58
mixture,0.005250000000000003,716.5868537672807,1439.1737075345613,1448.7190581854377,21.033201302048983,0.18921823779625732,0.04735674487298149,geom,58
mixture,0.005000000000000003,716.5870559403329,1439.1741118806658,1448.7194625315421,21.036978950232044,0.18917398193421156,0.04735716498010358,geom,58
mixture,0.0047500000000000025,716.58725816197,1439.17451632394,1448.7198669748163,21.040755770116313,0.18912870664275303,0.04735758566835409,geom,58
mixture,0.004500000000000002,716.5874604331661,1439.1749208663323,1448.7202715172086,21.044532462557974,0.18908227542202094,0.047358005348352335,geom,58
mixture,0.004250000000000002,716.5876627550396,1439.1753255100791,1448.7206761609555,21.048308227076124,0.18903452345380833,0.04735842581277879,geom,58
mixture,0.004000000000000002,716.5878651291141,1439.1757302582282,1448.7210809091046,21.052083182549808,0.18898526166875432,0.04735884677808318,geom,58
mixture,0.0037500000000000016,716.5880675569962,1439.1761351139924,1448.7214857648687,21.055857862063778,0.18893425436521277,0.0473592670275542,geom,58
mixture,0.0035000000000000014,716.5882700409081,1439.1765400818163,1448.7218907326926,21.05963174896636,0.18888122500292404,0.04735968770251916,geom,58
mixture,0.003250000000000001,716.5884725834603,1439.1769451669206,1448.722295817797,21.06340481075921,0.18882583130672267,0.04736010884976783,geom,58
mixture,0.003000000000000001,716.5886751877999,1439.1773503755999,1448.7227010264762,21.067176918967412,0.18876764481927838,0.04736053072666607,geom,58
mixture,0.0027500000000000007,716.5888778579392,1439.1777557158784,1448.7231063667548,21.07094886190082,0.18870613136170183,0.04736095151954453,geom,58
mixture,0.0025000000000000005,716.5890805988286,1439.1781611976571,1448.7235118485335,21.07471980571477,0.188640600254745,0.04736137305513203,geom,58
mixture,0.0022500000000000003,716.589283416567,1439.178566833134,1448.7239174840104,21.07848995117873,0.18857013483505364,0.04736179482087835,geom,58
mixture,0.002,716.5894863190565,1439.178972638113,1448.7243232889894,21.08225903333539,0.1884935006428629,0.04736221733368333,geom,58
null,,716.5911161548966,1435.182232309793,1438.3640158600851,21.11236208976702,0.04736561431393275,,geom,58
sum,,718.8064765338688,1439.6129530677376,1442.7947366180297,32.203579990381165,0.06210489643068804,,geom,58
mixture,0.5,725.194983087051,1456.389966174102,1465.9353168249784,18.72853947686199,0.07792915355493171,0.04060928410348711,geom,59
mixture,0.45,725.1973141986566,1456.3946283973132,1465.9399790481896,18.943784021906893,0.07992289275565462,0.04131189392920673,geom,59
mixture,0.4,725.2064863065509,1456.4129726131018,1465.9583232639782,19.22199867441275,0.08142949683653573,0.0419293839617679,geom,59
mixture,0.35000000000000003,725.2210579000715,1456.442115800143,1465.9874664510194,19.541178852166226,0.08256867658672867,0.04247732115199513,geom,59
mixture,0.3,725.239786268065,1456.47957253613,1466.0249231870064,19.887062880867514,0.0834334476748641,0.04296750103191564,geom,59
mixture,0.25,725.2616561114351,1456.5233122228701,1466.0686628737465,20.25005288695492,0.08409123334630042,0.04341008469549524,geom,59
mixture,0.2,725.2858589480552,1456.5717178961104,1466.1170685469867,20.623908336941945,0.08459029050132313,0.043812639915376234,geom,59
mixture,0.15000000000000002,725.3117588929013,1456.6235177858025,1466.1688684366788,21.00381261242335,0.08497679697398261,0.04418195196023984,geom,59
mixture,0.008500000000000006,725.3951919460619,1456.7903838921238,1466.3357345430002,22.157305352398566,0.045131848297719,0.04513184174981527,geom,59
mixture,0.1,725.3951919460619,1456.7903838921238,1466.3357345430002,22.15730518994745,0.04513181575275546,0.045131845067880615,geom,59
mixture,0.004500000000000002,725.3951919460621,1456.7903838921243,1466.3357345430006,22.15730532407745,0.045131841650276325,0.045131841864121565,geom,59
mixture,0.0027500000000000007,725.3951919460621,1456.7903838921243,1466.3357345430006,22.15730543522845,0.0451318379850207,0.04513184164682762,geom,59
mixture,0.005000000000000003,725.3951919460621,1456.7903838921243,1466.3357345430006,22.157305371124117,0.04513184213618064,0.04513184176547717,geom,59
mixture,0.0047500000000000025,725.3951919460621,1456.7903838921243,1466.3357345430006,22.15730544066158,0.04513183850845663,0.04513184164056853,geom,59
mixture,0.006000000000000004,725.3951919460621,1456.7903838921243,1466.3357345430006,22.157305336608285,0.04513184303232787,0.045131841830423985,geom,59
mixture,0.003000000000000001,725.3951919460621,1456.7903838921243,1466.3357345430006,22.157305254777494,0.04513184478307652,0.0451318419959538,geom,59
mixture,0.007750000000000005,725.3951919460621,1456.7903838921243,1466.3357345430006,22.157305624022392,0.04513184181785972,0.04513184124778841,geom,59
mixture,0.007500000000000005,725.3951919460621,1456.7903838921243,1466.3357345430006,22.15730547418821,0.04513185543985828,0.04513184145249599,geom,59
mixture,0.009500000000000007,725.3951919460621,1456.7903838921243,1466.3357345430006,22.15730545838639,0.0451318377633736,0.0451318416262853,geom,59
mixture,0.009750000000000007,725.3951919460621,1456.7903838921243,1466.3357345430006,22.157305453706204,0.04513184321816136,0.04513184158317956,geom,59
mixture,0.004250000000000002,725.3951919460621,1456.7903838921243,1466.3357345430006,22.157305365935898,0.045131843881672344,0.04513184176891929,geom,59
mixture,0.006500000000000004,725.3951919460623,1456.7903838921245,1466.3357345430009,22.15730554644306,0.04513183772084926,0.04513184143436434,geom,59
mixture,0.008250000000000006,725.3951919460623,1456.7903838921245,1466.3357345430009,22.157305671741188,0.045131838669569,0.045131841175684306,geom,59
mixture,0.005250000000000003,725.3951919460624,1456.7903838921247,1466.335734543001,22.157305690201536,0.04513184190788773,0.04513184111323536,geom,59
mixture,0.008750000000000006,725.3951919460624,1456.7903838921247,1466.335734543001,22.157305738323704,0.045131841086987354,0.04513184101879134,geom,59
mixture,0.0070000000000000045,725.3951919460624,1456.7903838921247,1466.335734543001,22.157305728509463,0.045131841255029,0.04513184103785832,geom,59
mixture,0.006250000000000004,725.3951919460624,1456.7903838921247,1466.335734543001,22.157305618119597,0.045131841845030884,0.04513184126057693,geom,59
mixture,0.007250000000000005,725.3951919460624,1456.7903838921247,1466.335734543001,22.1573053697299,0.045131849518936125,0.045131841713581734,geom,59
mixture,0.009000000000000006,725.3951919460624,1456.7903838921247,1466.335734543001,22.157305601716107,0.045131839499111974,0.04513184131397553,geom,59
mixture,0.0037500000000000016,725.3951919460624,1456.7903838921247,1466.335734543001,22.157305602104596,0.045131838869473605,0.04513184130598737,geom,59
mixture,0.0025000000000000005,725.3951919460624,1456.7903838921247,1466.335734543001,22.157305522982966,0.04513183650821888,0.04513184147041746,geom,59
mixture,0.0022500000000000003,725.3951919460624,1456.7903838921247,1466.335734543001,22.157305574822143,0.045131838074166444,0.04513184135981433,geom,59
mixture,0.005500000000000003,725.3951919460624,1456.7903838921247,1466.335734543001,22.15730538839534,0.04513184684016068,0.04513184170390181,geom,59
mixture,0.05,725.3951919460624,1456.7903838921247,1466.335734543001,22.157305367583504,0.04513182917069307,0.04513184243790319,geom,59
mixture,0.008000000000000005,725.3951919460624,1456.7903838921247,1466.335734543001,22.157305335681563,0.04513183663852727,0.045131841881466545,geom,59
mixture,0.010000000000000007,725.3951919460625,1456.790383892125,1466.3357345430013,22.157305539490874,0.0451318409087461,0.04513184142959578,geom,59
mixture,0.0035000000000000014,725.3951919460626,1456.7903838921252,1466.3357345430015,22.157305703967218,0.04513184341995001,0.04513184108118252,geom,59
mixture,0.003250000000000001,725.3951919460626,1456.7903838921252,1466.3357345430015,22.157305450076265,0.0451318426783083,0.0451318416030197,geom,59
mixture,0.002,725.3951919460626,1456.7903838921252,1466.3357345430015,22.15730564303639,0.04513183941471118,0.04513184121708191,geom,59
mixture,0.006750000000000004,725.3951919460626,1456.7903838921252,1466.3357345430015,22.15730580485273,0.04513184057767612,0.0451318408859571,geom,59
mixture,0.004000000000000002,725.3951919460626,1456.7903838921252,1466.3357345430015,22.157305605305925,0.04513184153299005,0.04513184128935517,geom,59
mixture,0.009250000000000006,725.3951919460626,1456.7903838921252,1466.3357345430015,22.157305655166645,0.04513184143651043,0.04513184118645626,geom,59
mixture,0.005750000000000003,725.3951919460627,1456.7903838921254,1466.3357345430018,22.15730564722338,0.045131831631721624,0.04513184126031317,geom,59
null,,725.3951919460632,1452.7903838921263,1455.9721674424184,22.157306133668122,0.04513184021411771,,geom,59
sum,,726.5102337084193,1455.0204674168385,1458.2022509671306,33.61577552177543,0.05949587564042518,,geom,59
mixture,0.45,646.2967374674072,1298.5934749348144,1307.818996380516,21.39375131932248,0.046742621302155195,0.04674261992948816,geom,60
mixture,0.25,646.2967374674073,1298.5934749348146,1307.8189963805162,21.393751397115505,0.046742622392128036,0.046742619705584645,geom,60
mixture,0.4,646.2967374674073,1298.5934749348146,1307.8189963805162,21.393751493603226,0.04674262137602692,0.046742619359993916,geom,60
mixture,0.3,646.2967374674074,1298.5934749348148,1307.8189963805164,21.393751467932088,0.046742622722882786,0.04674261915090068,geom,60
mixture,0.5,646.2967374674074,1298.5934749348148,1307.8189963805164,21.393751398423593,0.046742620374362456,0.046742620374362456,geom,60
mixture,0.35000000000000003,646.2967374674074,1298.5934749348148,1307.8189963805164,21.393751385981048,0.04674262191349207,0.04674261958742405,geom,60
mixture,0.004500000000000002,646.2967374674093,1298.5934749348187,1307.8189963805203,21.393746171369212,0.04674263370865488,0.04674263178616172,geom,60
mixture,0.008000000000000005,646.2967374674093,1298.5934749348187,1307.8189963805203,21.39374629218611,0.04674262735076383,0.046742631564553605,geom,60
mixture,0.008750000000000006,646.2967374674095,1298.593474934819,1307.8189963805205,21.39374619938615,0.046742632000809685,0.046742631731240734,geom,60
mixture,0.008500000000000006,646.2967374674095,1298.593474934819,1307.8189963805205,21.393746316787634,0.04674262690473322,0.0467426315162903,geom,60
mixture,0.005500000000000003,646.2967374674095,1298.593474934819,1307.8189963805205,21.39374621284932,0.04674263878735306,0.04674263166501127,geom,60
mixture,0.0035000000000000014,646.2967374674095,1298.593474934819,1307.8189963805205,21.39374610462555,0.0467426350585942,0.046742631929688236,geom,60
mixture,0.0070000000000000045,646.2967374674095,1298.593474934819,1307.8189963805205,21.39374611117029,0.04674263404091249,0.046742631911433616,geom,60
mixture,0.003250000000000001,646.2967374674095,1298.593474934819,1307.8189963805205,21.39374616560767,0.04674262857479126,0.046742631817941416,geom,60
mixture,0.006750000000000004,646.2967374674095,1298.593474934819,1307.8189963805205,21.393746102588793,0.0467426239170226,0.04674263199964718,geom,60
mixture,0.008250000000000006,646.2967374674096,1298.5934749348191,1307.8189963805207,21.393746062672196,0.04674263681933278,0.04674263199248065,geom,60
mixture,0.002,646.2967374674097,1298.5934749348194,1307.818996380521,21.39374621566679,0.04674263218237772,0.04674263169705768,geom,60
mixture,0.004000000000000002,646.2967374674097,1298.5934749348194,1307.818996380521,21.393745933815342,0.046742639687074254,0.04674263228422674,geom,60
mixture,0.009000000000000006,646.2967374674097,1298.5934749348194,1307.818996380521,21.39374614782205,0.04674263066375002,0.046742631856999756,geom,60
mixture,0.009250000000000006,646.2967374674097,1298.5934749348194,1307.818996380521,21.393746014827926,0.04674263785326544,0.04674263208346522,geom,60
mixture,0.0025000000000000005,646.2967374674097,1298.5934749348194,1307.818996380521,21.393746023552996,0.04674263180490746,0.04674263211855681,geom,60
mixture,0.007250000000000005,646.2967374674098,1298.5934749348196,1307.8189963805212,21.393746101584753,0.04674263232300276,0.046742631944539294,geom,60
mixture,0.007750000000000005,646.2967374674098,1298.5934749348196,1307.8189963805212,21.39374605892689,0.04674263272153776,0.046742632035165814,geom,60
mixture,0.0027500000000000007,646.2967374674098,1298.5934749348196,1307.8189963805212,21.39374607321624,0.04674262985705934,0.04674263201519966,geom,60
mixture,0.009500000000000007,646.2967374674098,1298.5934749348196,1307.8189963805212,21.3937461579653,0.046742636188359776,0.04674263178224067,geom,60
mixture,0.010000000000000007,646.2967374674098,1298.5934749348196,1307.8189963805212,21.393746171773238,0.04674261700915452,0.046742631943271405,geom,60
mixture,0.006250000000000004,646.2967374674099,1298.5934749348198,1307.8189963805214,21.39374587515491,0.04674263020334269,0.04674263245608339,geom,60
mixture,0.005250000000000003,646.2967374674099,1298.5934749348198,1307.8189963805214,21.393745970290833,0.04674263378043107,0.046742632225982926,geom,60
mixture,0.004250000000000002,646.2967374674099,1298.5934749348198,1307.8189963805214,21.39374586282955,0.04674263033495192,0.046742632478041245,geom,60
mixture,0.0022500000000000003,646.2967374674099,1298.5934749348198,1307.8189963805214,21.393746096124126,0.046742636433424335,0.046742631949124265,geom,60
mixture,0.003000000000000001,646.2967374674099,1298.5934749348198,1307.8189963805214,21.393745944117533,0.046742632098357766,0.046742632291909794,geom,60
mixture,0.0047500000000000025,646.2967374674099,1298.5934749348198,1307.8189963805214,21.393745903413308,0.04674263009089308,0.046742632391189136,geom,60
mixture,0.006000000000000004,646.2967374674099,1298.5934749348198,1307.8189963805214,21.393745844134983,0.0467426336731808,0.04674263250275583,geom,60
mixture,0.005000000000000003,646.2967374674099,1298.5934749348198,1307.8189963805214,21.39374600110879,0.046742634444742456,0.04674263215536354,geom,60
mixture,0.007500000000000005,646.2967374674099,1298.5934749348198,1307.8189963805214,21.3937459336572,0.046742633987993686,0.046742632301535206,geom,60
mixture,0.009750000000000007,646.2967374674099,1298.5934749348198,1307.8189963805214,21.39374604509601,0.046742631195416474,0.04674263207932201,geom,60
mixture,0.005750000000000003,646.2967374674099,1298.5934749348198,1307.8189963805214,21.39374600316729,0.04674263365578171,0.04674263215367577,geom,60
mixture,0.0037500000000000016,646.2967374674101,1298.5934749348203,1307.8189963805219,21.3937459680377,0.04674263617974694,0.04674263222423342,geom,60
mixture,0.1,646.2967374674101,1298.5934749348203,1307.8189963805219,21.393745906174768,0.04674262117368198,0.046742633618734875,geom,60
mixture,0.05,646.2967374674101,1298.5934749348203,1307.8189963805219,21.39374579752696,0.046742628965939774,0.04674263280348847,geom,60
mixture,0.006500000000000004,646.2967374674103,1298.5934749348205,1307.818996380522,21.393745821195708,0.04674262922830866,0.04674263258169481,geom,60
mixture,0.2,646.296737467411,1298.593474934822,1307.8189963805237,21.39375474038583,0.04674261613084074,0.04674261230804241,geom,60
mixture,0.15000000000000002,646.2967374674115,1298.593474934823,1307.8189963805246,21.393754963556106,0.04674261607901341,0.046742611968413644,geom,60
null,,646.2967374674081,1294.5934749348162,1297.6686487500501,21.393752326128077,0.04674261834744648,,geom,60
sum,,645.960558489701,1293.921116979402,1296.996290794636,32.258691750921834,0.06199879447816874,,geom,60
mixture,0.004000000000000002,767.2221937296586,1540.444387459317,1550.0564075205475,25.41758440094461,0.03934284090866797,0.03934284172360973,geom,61
mixture,0.006500000000000004,767.2221937296586,1540.444387459317,1550.0564075205475,25.417584172917945,0.039342842101712815,0.039342842073117265,geom,61
mixture,0.5,767.2221937296586,1540.444387459317,1550.0564075205475,25.4175842656707,0.039342841929734924,0.039342841929734924,geom,61
mixture,0.008250000000000006,767.2221937296587,1540.4443874593173,1550.0564075205477,25.41758449622829,0.03934284192339364,0.03934284156994832,geom,61
mixture,0.005000000000000003,767.2221937296588,1540.4443874593176,1550.056407520548,25.41758439095054,0.039342841643843496,0.03934284173628157,geom,61
mixture,0.003000000000000001,767.2221937296588,1540.4443874593176,1550.056407520548,25.417584606953568,0.03934284207522256,0.03934284139944979,geom,61
mixture,0.0037500000000000016,767.2221937296588,1540.4443874593176,1550.056407520548,25.417584362125584,0.03934284173466312,0.039342841780608644,geom,61
mixture,0.002,767.2221937296588,1540.4443874593176,1550.056407520548,25.417584291283248,0.03934284249362104,0.03934284188888083,geom,61
mixture,0.007250000000000005,767.2221937296588,1540.4443874593176,1550.056407520548,25.417584225411098,0.03934284251731806,0.03934284198821513,geom,61
mixture,0.008000000000000005,767.2221937296588,1540.4443874593176,1550.056407520548,25.41758444375091,0.03934284196860065,0.03934284165155547,geom,61
mixture,0.008500000000000006,767.2221937296588,1540.4443874593176,1550.056407520548,25.417584187052444,0.0393428425667637,0.03934284204700699,geom,61
mixture,0.007500000000000005,767.2221937296588,1540.4443874593176,1550.056407520548,25.417584491161854,0.03934284198612869,0.03934284157764273,geom,61
mixture,0.006000000000000004,767.2221937296588,1540.4443874593176,1550.056407520548,25.41758429440555,0.03934284163032511,0.03934284188679625,geom,61
mixture,0.006250000000000004,767.2221937296588,1540.4443874593176,1550.056407520548,25.417584264062857,0.03934284276638384,0.03934284192697735,geom,61
mixture,0.008750000000000006,767.2221937296588,1540.4443874593176,1550.056407520548,25.417584517298206,0.03934284195775592,0.039342841536565566,geom,61
mixture,0.0022500000000000003,767.2221937296588,1540.4443874593176,1550.056407520548,25.417584574707192,0.03934284165792868,0.03934284145092419,geom,61
mixture,0.45,767.2221937296588,1540.4443874593176,1550.056407520548,25.41758403273309,0.039342842561452804,0.039342842068428724,geom,61
mixture,0.4,767.2221937296588,1540.4443874593176,1550.056407520548,25.41758414076577,0.03934284312677806,0.03934284145393162,geom,61
mixture,0.35000000000000003,767.2221937296588,1540.4443874593176,1550.056407520548,25.417584264386086,0.03934284386259536,0.039342840892023084,geom,61
mixture,0.0047500000000000025,767.2221937296589,1540.4443874593178,1550.0564075205482,25.417584577666894,0.03934284172896861,0.039342841445462094,geom,61
mixture,0.004500000000000002,767.2221937296589,1540.4443874593178,1550.0564075205482,25.41758470989563,0.039342841267212735,0.039342841242023946,geom,61
mixture,0.005750000000000003,767.2221937296589,1540.4443874593178,1550.0564075205482,25.417584404428297,0.03934284183109403,0.03934284171428606,geom,61
mixture,0.005500000000000003,767.2221937296589,1540.4443874593178,1550.0564075205482,25.417584640247572,0.03934284183313643,0.03934284134727042,geom,61
mixture,0.004250000000000002,767.2221937296589,1540.4443874593178,1550.0564075205482,25.417584407939234,0.03934284213762214,0.039342841707696086,geom,61
mixture,0.05,767.2221937296589,1540.4443874593178,1550.0564075205482,25.41758396315125,0.03934284434249137,0.0393428422956504,geom,61
mixture,0.15000000000000002,767.2221937296589,1540.4443874593178,1550.0564075205482,25.4175846868074,0.03934284391891223,0.03934284081180919,geom,61
mixture,0.009750000000000007,767.222193729659,1540.444387459318,1550.0564075205484,25.417584503386756,0.03934284202521578,0.039342841557220995,geom,61
mixture,0.009000000000000006,767.222193729659,1540.444387459318,1550.0564075205484,25.417584631134822,0.03934284218311409,0.039342841356609384,geom,61
mixture,0.0027500000000000007,767.222193729659,1540.444387459318,1550.0564075205484,25.417584630985797,0.039342841436192585,0.03934284136408029,geom,61
mixture,0.0025000000000000005,767.222193729659,1540.444387459318,1550.0564075205484,25.417584361796635,0.03934284172878466,0.03934284178107625,geom,61
mixture,0.003250000000000001,767.222193729659,1540.444387459318,1550.0564075205484,25.417584404679985,0.039342842144722265,0.03934284171316557,geom,61
mixture,0.0035000000000000014,767.222193729659,1540.444387459318,1550.0564075205484,25.417584311517807,0.03934284210001105,0.03934284185792276,geom,61
mixture,0.2,767.222193729659,1540.444387459318,1550.0564075205484,25.417584659703156,0.039342844298353656,0.03934284057519687,geom,61
mixture,0.3,767.222193729659,1540.444387459318,1550.0564075205484,25.41758465866055,0.03934284380482317,0.03934284025713584,geom,61
mixture,0.25,767.222193729659,1540.444387459318,1550.0564075205484,25.41758448762529,0.03934284470376764,0.039342840546984864,geom,61
mixture,0.009500000000000007,767.222193729659,1540.444387459318,1550.0564075205484,25.41758464820179,0.03934284108289934,0.03934284134007383,geom,61
mixture,0.007750000000000005,767.222193729659,1540.444387459318,1550.0564075205484,25.417584540929973,0.03934284226989158,0.03934284149768775,geom,61
mixture,0.006750000000000004,767.222193729659,1540.444387459318,1550.0564075205484,25.417584320037285,0.03934284183939385,0.03934284184562517,geom,61
mixture,0.010000000000000007,767.222193729659,1540.444387459318,1550.0564075205484,25.41758452565008,0.03934284207321993,0.03934284152180935,geom,61
mixture,0.005250000000000003,767.2221937296591,1540.4443874593182,1550.0564075205486,25.417584580171177,0.03934284244306736,0.039342841437654055,geom,61
mixture,0.1,767.2221937296591,1540.4443874593182,1550.0564075205486,25.417585083278222,0.03934284291321103,0.03934284041430283,geom,61
mixture,0.009250000000000006,767.2221937296591,1540.4443874593182,1550.0564075205486,25.417584729462945,0.039342841104878325,0.03934284121284857,geom,61
mixture,0.0070000000000000045,767.2221937296592,1540.4443874593185,1550.0564075205489,25.417584470591805,0.03934284168100576,0.03934284161206331,geom,61
null,,767.22219372966,1536.44438745932,1539.6483941463969,25.41758574849834,0.039342839634526644,,geom,61
sum,,767.0474995100399,1536.0949990200797,1539.2990057071565,38.28864855336461,0.052234802625966546,,geom,61
mixture,0.4,641.4215343161898,1288.8430686323795,1298.1243192347997,18.14379529085582,0.045183234036713295,0.06457894421750975,geom,62
mixture,0.45,641.4280635421762,1288.8561270843525,1298.1373776867727,18.167231302859012,0.045943185336520496,0.06569105377491839,geom,62
mixture,0.5,641.4347087090789,1288.8694174181578,1298.150668020578,18.199589815320067,0.0668496189597892,0.046641287999115884,geom,62
mixture,0.35000000000000003,641.4561756353919,1288.9123512707838,1298.193601873204,18.36307754710368,0.07065838633605262,0.04847249395998216,geom,62
mixture,0.3,641.4641033056205,1288.928206611241,1298.2094572136612,18.445470139343342,0.07203863726516375,0.049016044135462185,geom,62
mixture,0.25,641.4725360607188,1288.9450721214375,1298.2263227238577,18.545320778551208,0.07345452410011032,0.049531581672801896,geom,62
mixture,0.1,641.5013594067781,1289.0027188135562,1298.2839694159763,18.962199245610048,0.07770721027173899,0.05091846334810431,geom,62
mixture,0.2,641.5236716837383,1289.0473433674765,1298.3285939698967,19.33742495134495,0.051713187332835524,0.0517131951516412,geom,62
mixture,0.008750000000000006,641.5236716837385,1289.047343367477,1298.3285939698972,19.337425352088957,0.051713192973811835,0.051713192512148926,geom,62
mixture,0.008500000000000006,641.5236716837385,1289.047343367477,1298.3285939698972,19.337425313271478,0.05171319379646071,0.05171319260991061,geom,62
mixture,0.006250000000000004,641.5236716837385,1289.047343367477,1298.3285939698972,19.337425354926747,0.05171319264999058,0.05171319250771026,geom,62
mixture,0.15000000000000002,641.5236716837385,1289.047343367477,1298.3285939698972,19.337425206782605,0.05171318917902871,0.051713193562259244,geom,62
mixture,0.006000000000000004,641.5236716837387,1289.0473433674774,1298.3285939698976,19.33742536492506,0.051713193567661506,0.051713192475307354,geom,62
mixture,0.004500000000000002,641.5236716837387,1289.0473433674774,1298.3285939698976,19.337425364853182,0.05171319375954082,0.05171319247627902,geom,62
mixture,0.008000000000000005,641.5236716837387,1289.0473433674774,1298.3285939698976,19.337425287916652,0.05171319324934332,0.051713192683272985,geom,62
mixture,0.005250000000000003,641.5236716837387,1289.0473433674774,1298.3285939698976,19.33742549260282,0.05171319201795923,0.05171319214106499,geom,62
mixture,0.010000000000000007,641.5236716837387,1289.0473433674774,1298.3285939698976,19.33742539981773,0.05171319239481167,0.05171319238848635,geom,62
mixture,0.009500000000000007,641.5236716837387,1289.0473433674774,1298.3285939698976,19.337425570027253,0.051713192474316855,0.05171319192817774,geom,62
mixture,0.0025000000000000005,641.5236716837388,1289.0473433674777,1298.3285939698978,19.337425566407518,0.05171319222770847,0.05171319194233272,geom,62
mixture,0.0070000000000000045,641.5236716837388,1289.0473433674777,1298.3285939698978,19.337425421377972,0.05171319161019738,0.05171319233597246,geom,62
mixture,0.004250000000000002,641.5236716837388,1289.0473433674777,1298.3285939698978,19.337425516084487,0.05171319116986463,0.051713192081497175,geom,62
mixture,0.0035000000000000014,641.5236716837389,1289.0473433674779,1298.328593969898,19.337425687036315,0.05171319176417729,0.05171319161994929,geom,62
mixture,0.004000000000000002,641.5236716837389,1289.0473433674779,1298.328593969898,19.33742563021766,0.051713191221965896,0.051713191774612206,geom,62
mixture,0.005750000000000003,641.5236716837389,1289.0473433674779,1298.328593969898,19.337425572691398,0.051713194070399655,0.051713191913841244,geom,62
mixture,0.009250000000000006,641.5236716837389,1289.0473433674779,1298.328593969898,19.337425510028815,0.0517131930236964,0.05171319208513545,geom,62
mixture,0.007750000000000005,641.5236716837389,1289.0473433674779,1298.328593969898,19.337425777311,0.05171319038949295,0.05171319138676549,geom,62
mixture,0.007500000000000005,641.5236716837389,1289.0473433674779,1298.328593969898,19.33742559480659,0.05171319342836115,0.051713191855301884,geom,62
mixture,0.0047500000000000025,641.5236716837389,1289.0473433674779,1298.328593969898,19.337425553358553,0.0517131911586452,0.05171319198185264,geom,62
mixture,0.0037500000000000016,641.5236716837389,1289.0473433674779,1298.328593969898,19.337425772252832,0.05171319079050031,0.051713191394829695,geom,62
mixture,0.002,641.5236716837389,1289.0473433674779,1298.328593969898,19.337425779123283,0.05171319153254588,0.05171319137387278,geom,62
mixture,0.0022500000000000003,641.5236716837389,1289.0473433674779,1298.328593969898,19.33742559549819,0.051713192376850264,0.05171319186409661,geom,62
mixture,0.003000000000000001,641.5236716837389,1289.0473433674779,1298.328593969898,19.337425519385246,0.05171319287190032,0.0517131920663791,geom,62
mixture,0.006500000000000004,641.5236716837389,1289.0473433674779,1298.328593969898,19.337425753503634,0.05171319246204877,0.05171319143603449,geom,62
mixture,0.005500000000000003,641.5236716837389,1289.0473433674779,1298.328593969898,19.33742545658795,0.05171319193671338,0.051713192238390826,geom,62
mixture,0.05,641.5236716837389,1289.0473433674779,1298.328593969898,19.337425500749795,0.05171319261227798,0.05171319209265021,geom,62
mixture,0.007250000000000005,641.5236716837392,1289.0473433674783,1298.3285939698985,19.337425684982026,0.05171319170345598,0.051713191625381745,geom,62
mixture,0.006750000000000004,641.5236716837392,1289.0473433674783,1298.3285939698985,19.337425627755405,0.0517131923633508,0.05171319177501505,geom,62
mixture,0.0027500000000000007,641.5236716837392,1289.0473433674783,1298.3285939698985,19.33742591768496,0.051713191628023195,0.0517131910019192,geom,62
mixture,0.003250000000000001,641.5236716837392,1289.0473433674783,1298.3285939698985,19.337425694549808,0.0517131926451411,0.05171319159695449,geom,62
mixture,0.005000000000000003,641.5236716837392,1289.0473433674783,1298.3285939698985,19.337425919218884,0.051713190405739594,0.05171319100252281,geom,62
mixture,0.009750000000000007,641.5236716837392,1289.0473433674783,1298.3285939698985,19.337425755238332,0.05171319189666318,0.051713191433549195,geom,62
mixture,0.009000000000000006,641.5236716837392,1289.0473433674783,1298.3285939698985,19.3374256277152,0.051713191969915306,0.05171319177736084,geom,62
mixture,0.008250000000000006,641.5236716837392,1289.0473433674783,1298.3285939698985,19.337425735855795,0.05171319159861884,0.05171319148899398,geom,62
null,,641.5236716837389,1285.0473433674779,1288.1410935682845,19.337425392762835,0.05171319240741618,,geom,62
sum,,642.3263021960106,1286.6526043920212,1289.7463545928279,29.311708960638864,0.06823211852593425,,geom,62
mixture,0.5,809.3849845406843,1624.7699690813686,1634.6498835555421,21.984925761813063,0.045485711929806015,0.045485711929806015,geom,63
mixture,0.45,809.3849845406845,1624.769969081369,1634.6498835555426,21.98492569670864,0.045485712805843764,0.04548571145795296,geom,63
mixture,0.4,809.3849845406846,1624.7699690813693,1634.6498835555428,21.984925867481813,0.045485712559957446,0.04548571114533282,geom,63
mixture,0.3,809.3849845406846,1624.7699690813693,1634.6498835555428,21.98492622187597,0.04548571418285858,0.04548570960443058,geom,63
mixture,0.25,809.3849845406849,1624.7699690813697,1634.6498835555433,21.984926009487783,0.045485714573827475,0.04548571036523016,geom,63
mixture,0.006250000000000004,809.384984540685,1624.76996908137,1634.6498835555435,21.984926844153474,0.04548571042496428,0.04548570968587866,geom,63
mixture,0.15000000000000002,809.384984540685,1624.76996908137,1634.6498835555435,21.984926422126794,0.045485714812254746,0.04548570981389627,geom,63
mixture,0.35000000000000003,809.384984540685,1624.76996908137,1634.6498835555435,21.98492607449763,0.04548571340268866,0.04548571014144048,geom,63
mixture,0.05,809.3849845406851,1624.7699690813702,1634.6498835555437,21.98492676655912,0.04548571133319409,0.04548570977302849,geom,63
mixture,0.005000000000000003,809.3849845406851,1624.7699690813702,1634.6498835555437,21.98492680685667,0.04548570618332466,0.04548570978567491,geom,63
mixture,0.009250000000000006,809.3849845406851,1624.7699690813702,1634.6498835555437,21.98492688596186,0.04548570899108198,0.045485709609720905,geom,63
mixture,0.0070000000000000045,809.3849845406851,1624.7699690813702,1634.6498835555437,21.98492680775821,0.04548571154302419,0.04548570975326963,geom,63
mixture,0.009500000000000007,809.3849845406851,1624.7699690813702,1634.6498835555437,21.98492689854978,0.045485712385518275,0.045485709551027056,geom,63
mixture,0.009750000000000007,809.3849845406851,1624.7699690813702,1634.6498835555437,21.98492668039625,0.04548570063702045,0.045485710121779835,geom,63
mixture,0.006750000000000004,809.3849845406851,1624.7699690813702,1634.6498835555437,21.98492692566697,0.045485709650777105,0.04548570952097445,geom,63
mixture,0.1,809.3849845406851,1624.7699690813702,1634.6498835555437,21.984926512475194,0.045485711233528445,0.04548571028152313,geom,63
mixture,0.0025000000000000005,809.3849845406852,1624.7699690813704,1634.649883555544,21.984927130728774,0.045485709454012084,0.04548570909669475,geom,63
mixture,0.008000000000000005,809.3849845406852,1624.7699690813704,1634.649883555544,21.98492669145528,0.0454857105031138,0.045485710002417266,geom,63
mixture,0.2,809.3849845406852,1624.7699690813704,1634.649883555544,21.984926627936602,0.04548571292837075,0.04548570944020711,geom,63
mixture,0.0027500000000000007,809.3849845406852,1624.7699690813704,1634.649883555544,21.984927048152908,0.045485708707921166,0.04548570926997902,geom,63
mixture,0.009000000000000006,809.3849845406853,1624.7699690813706,1634.6498835555442,21.98492685858815,0.04548571026423269,0.04548570965515159,geom,63
mixture,0.006000000000000004,809.3849845406853,1624.7699690813706,1634.6498835555442,21.9849270608414,0.04548571462295422,0.045485709209702,geom,63
mixture,0.007250000000000005,809.3849845406853,1624.7699690813706,1634.6498835555442,21.984926932187665,0.045485703241142816,0.04548570955412877,geom,63
mixture,0.006500000000000004,809.3849845406853,1624.7699690813706,1634.6498835555442,21.984926766044893,0.045485710751928095,0.045485709846213536,geom,63
mixture,0.008500000000000006,809.3849845406853,1624.7699690813706,1634.6498835555442,21.984926814142796,0.045485717400501606,0.045485709687023985,geom,63
mixture,0.008750000000000006,809.3849845406853,1624.7699690813706,1634.6498835555442,21.984926857387645,0.045485710472134365,0.04548570965597572,geom,63
mixture,0.005250000000000003,809.3849845406853,1624.7699690813706,1634.6498835555442,21.98492714053204,0.04548570873179404,0.045485709079129084,geom,63
mixture,0.0022500000000000003,809.3849845406853,1624.7699690813706,1634.6498835555442,21.984927034181688,0.045485708848045654,0.0454857092983523,geom,63
mixture,0.003250000000000001,809.3849845406853,1624.7699690813706,1634.6498835555442,21.9849269421583,0.04548571064422129,0.04548570948396003,geom,63
mixture,0.0035000000000000014,809.3849845406853,1624.7699690813706,1634.6498835555442,21.984926970314724,0.045485711167853896,0.04548570942337097,geom,63
mixture,0.005750000000000003,809.3849845406853,1624.7699690813706,1634.6498835555442,21.984927009513946,0.045485720754561074,0.04548570928241058,geom,63
mixture,0.002,809.3849845406853,1624.7699690813706,1634.6498835555442,21.984927107133338,0.04548570924394857,0.04548570914621034,geom,63
mixture,0.010000000000000007,809.3849845406853,1624.7699690813706,1634.6498835555442,21.98492714975126,0.045485709846573484,0.04548570905026842,geom,63
mixture,0.005500000000000003,809.3849845406853,1624.7699690813706,1634.6498835555442,21.984927150968268,0.04548570628362513,0.04548570907104436,geom,63
mixture,0.004250000000000002,809.3849845406854,1624.7699690813708,1634.6498835555444,21.984927000892927,0.04548570821581572,0.04548570937112194,geom,63
mixture,0.0037500000000000016,809.3849845406854,1624.7699690813708,1634.6498835555444,21.984927119334564,0.04548571011297833,0.04548570911742878,geom,63
mixture,0.004000000000000002,809.3849845406854,1624.7699690813708,1634.6498835555444,21.98492708142225,0.04548570441519856,0.045485709218815236,geom,63
mixture,0.008250000000000006,809.3849845406854,1624.7699690813708,1634.6498835555444,21.984926927224276,0.0454857169190916,0.04548570945706694,geom,63
mixture,0.007750000000000005,809.3849845406854,1624.7699690813708,1634.6498835555444,21.984927072834438,0.04548571068121396,0.0454857092059351,geom,63
mixture,0.004500000000000002,809.3849845406855,1624.769969081371,1634.6498835555446,21.98492688901683,0.04548571594144079,0.04548570956900194,geom,63
mixture,0.007500000000000005,809.3849845406855,1624.769969081371,1634.6498835555446,21.984927082883782,0.04548571514933139,0.0454857091515939,geom,63
mixture,0.003000000000000001,809.3849845406855,1624.769969081371,1634.6498835555446,21.984926956676194,0.045485712156729766,0.04548570944957261,geom,63
mixture,0.0047500000000000025,809.3849845406855,1624.769969081371,1634.6498835555446,21.98492711583773,0.04548570955750685,0.04548570912634886,geom,63
null,,809.3849845406855,1620.769969081371,1624.0632739060957,21.98492725525844,0.04548570883994242,,geom,63
sum,,808.614050108935,1619.22810021787,1622.5214050425946,33.018525321402585,0.06057205706590419,,geom,63
mixture,0.45,755.1575733304846,1516.3151466609693,1526.008472511533,14.403805452661924,0.04342088706135076,0.13613424776123273,geom,64
mixture,0.5,755.1648949507583,1516.3297899015165,1526.0231157520802,15.52933797873361,0.12348368161063317,0.04355317247067518,geom,64
mixture,0.4,755.1674581380319,1516.3349162760637,1526.0282421266274,13.470727284848085,0.043073110366827566,0.14339689375246337,geom,64
mixture,0.35000000000000003,755.2530045590458,1516.5060091180917,1526.1993349686554,17.665974146684754,0.11280190408490678,0.04463307942433032,geom,64
mixture,0.3,755.2938582708573,1516.5877165417146,1526.2810423922783,18.271168320131107,0.11080518010192095,0.044976412107755916,geom,64
mixture,0.25,755.3374478182748,1516.6748956365495,1526.3682214871133,18.845559310337705,0.1091595836036596,0.0453026186537184,geom,64
mixture,0.2,755.3827195490468,1516.7654390980936,1526.4587649486573,19.395308470588557,0.1077653569326958,0.04561153079042244,geom,64
mixture,0.15000000000000002,755.4719627264037,1516.9439254528074,1526.6372513033712,19.149042927972033,0.18301134933571783,0.04637353088590204,geom,64
mixture,0.1,755.475496092715,1516.95099218543,1526.6443180359938,20.436655914075963,0.10549540414925403,0.046180495088892805,geom,64
mixture,0.05,755.5408608689426,1517.0817217378851,1526.7750475884488,20.63564286501737,0.1978082082232433,0.046607757935640676,geom,64
mixture,0.010000000000000007,755.5626186461085,1517.125237292217,1526.8185631427807,21.263221721302013,0.19019483724573977,0.04667467886711845,geom,64
mixture,0.009750000000000007,755.5627604651238,1517.1255209302476,1526.8188467808113,21.267082108855057,0.1901572505028028,0.04667510022535952,geom,64
mixture,0.009500000000000007,755.5629023232568,1517.1258046465136,1526.8191304970774,21.270943547976845,0.19011946700552607,0.046675518044982746,geom,64
mixture,0.009250000000000006,755.5630442250424,1517.1260884500848,1526.8194143006485,21.274802919358837,0.19008157911007828,0.0466759391262789,geom,64
mixture,0.009000000000000006,755.5631861678249,1517.1263723356499,1526.8196981862136,21.27866131107298,0.19004351142183873,0.04667636111079745,geom,64
mixture,0.008750000000000006,755.5633281514343,1517.1266563028687,1526.8199821534324,21.282519483101808,0.19000524432159838,0.046676782329178726,geom,64
mixture,0.008500000000000006,755.5634701755054,1517.1269403510107,1526.8202662015744,21.286376955608453,0.18996674941211675,0.04667720384140707,geom,64
mixture,0.008250000000000006,755.563612240022,1517.127224480044,1526.8205503306078,21.290234020417532,0.1899280052863771,0.04667762500595965,geom,64
mixture,0.008000000000000005,755.5637543447406,1517.1275086894811,1526.8208345400449,21.29409004312808,0.18988898048340375,0.046678047219883015,geom,64
mixture,0.007750000000000005,755.5638964895395,1517.127792979079,1526.8211188296427,21.297945818721537,0.18984964446566205,0.04667846873779379,geom,64
mixture,0.007500000000000005,755.5640386744153,1517.1280773488306,1526.8214031993944,21.301800885717476,0.1898099649776306,0.046678890573285725,geom,64
mixture,0.007250000000000005,755.5641808991847,1517.1283617983695,1526.8216876489332,21.30565530598598,0.1897699002268961,0.046679312592568314,geom,64
mixture,0.0070000000000000045,755.5643231640256,1517.1286463280512,1526.821972178615,21.309508811490062,0.18972941383045644,0.04667973538106098,geom,64
mixture,0.006750000000000004,755.5644654688274,1517.1289309376548,1526.8222567882185,21.31336201963598,0.1896884551864632,0.04668015758474247,geom,64
mixture,0.006500000000000004,755.5646078136899,1517.1292156273798,1526.8225414779436,21.31721477510754,0.18964697245228626,0.046680579543105644,geom,64
mixture,0.006250000000000004,755.5647501988656,1517.1295003977311,1526.8228262482949,21.32106670739913,0.18960491093025583,0.04668100206512568,geom,64
mixture,0.006000000000000004,755.5648926244507,1517.1297852489015,1526.8231110994652,21.324917902329226,0.18956220132563395,0.04668142496062366,geom,64
mixture,0.005750000000000003,755.5650350908331,1517.1300701816663,1526.82339603223,21.328768454089065,0.18951877378858206,0.04668184801721573,geom,64
mixture,0.005500000000000003,755.5651775983646,1517.1303551967292,1526.823681047293,21.33261850676308,0.18947454437018516,0.04668227091385196,geom,64
mixture,0.005250000000000003,755.5653201474681,1517.1306402949363,1526.8239661455,21.336468173718508,0.18942941606720853,0.046682693396133526,geom,64
mixture,0.005000000000000003,755.5654627388008,1517.1309254776015,1526.8242513281652,21.340316966922483,0.18938328267476243,0.04668311652400783,geom,64
mixture,0.0047500000000000025,755.5656053730413,1517.1312107460826,1526.8245365966463,21.344165099942686,0.1893360172669869,0.04668353981961922,geom,64
mixture,0.004500000000000002,755.5657480510537,1517.1314961021073,1526.824821952671,21.34801235087128,0.18928747373824006,0.04668396375643194,geom,64
mixture,0.004250000000000002,755.5658907739478,1517.1317815478956,1526.8251073984593,21.351859211753737,0.18923748524517817,0.04668438724126313,geom,64
mixture,0.004000000000000002,755.5660335429376,1517.1320670858752,1526.825392936439,21.35570554713905,0.18918584861815535,0.04668481055372092,geom,64
mixture,0.0037500000000000016,755.5661763595305,1517.132352719061,1526.8256785696246,21.35955080902938,0.18913232381985812,0.04668523487170443,geom,64
mixture,0.0035000000000000014,755.5663192255686,1517.1326384511372,1526.8259643017009,21.36339596048209,0.18907662533880187,0.04668565806206125,geom,64
mixture,0.003250000000000001,755.5664621432845,1517.132924286569,1526.8262501371328,21.367239894428124,0.1890184051232722,0.04668608251530475,geom,64
mixture,0.003000000000000001,755.5666051152704,1517.1332102305407,1526.8265360811045,21.37108327934932,0.18895722777980817,0.04668650673273785,geom,64
mixture,0.0027500000000000007,755.566748144785,1517.13349628957,1526.8268221401338,21.37492558358907,0.18889255355686482,0.04668693183105036,geom,64
mixture,0.0025000000000000005,755.5668912357819,1517.1337824715638,1526.8271083221275,21.37876727886551,0.18882369031886898,0.04668735672356785,geom,64
mixture,0.0022500000000000003,755.5670343931637,1517.1340687863274,1526.827394636891,21.382608533825664,0.1887497334390077,0.04668778097355069,geom,64
mixture,0.002,755.5671776222873,1517.1343552445746,1526.8276810951384,21.386416871497946,0.18866932954219467,0.04668827544740732,geom,64
null,,755.5683285927684,1513.1366571855367,1516.3677658023912,21.417114571043495,0.04669163050339314,,geom,64
sum,,757.0816774323669,1516.1633548647337,1519.3944634815882,32.554542273247165,0.061435359256873046,,geom,64
mixture,0.2,741.288973911922,1488.577947823844,1498.2390152990788,19.878655023012197,0.07322626434906053,0.0466543180524272,geom,65
mixture,0.25,741.2892056378896,1488.5784112757792,1498.2394787510143,19.846986009986864,0.06923695641214203,0.04619308157243491,geom,65
mixture,0.15000000000000002,741.2902083614665,1488.580416722933,1498.241484198168,20.00576800000016,0.07654760470486872,0.04710132074234362,geom,65
mixture,0.3,741.2902545763379,1488.5805091526759,1498.241576627911,19.896824329018017,0.06523659453739591,0.045757081776185496,geom,65
mixture,0.35000000000000003,741.2915310674534,1488.5830621349069,1498.244129610142,19.976391357090897,0.0619537804229535,0.04536882506021177,geom,65
mixture,0.4,741.2927667291722,1488.5855334583443,1498.2466009335794,20.045375924262803,0.05959505335468898,0.04499974309930247,geom,65
mixture,0.1,741.2932367747701,1488.5864735495402,1498.2475410247753,20.20703632197856,0.07902926910589901,0.0475142589571039,geom,65
mixture,0.45,741.2938790053136,1488.587758010627,1498.2488254858622,20.124703103448233,0.057547193796361876,0.044697153185813326,geom,65
mixture,0.5,741.2948866843149,1488.5897733686297,1498.2508408438648,20.184758809272008,0.05605679771199802,0.044384342273448396,geom,65
mixture,0.0022500000000000003,741.3045197843514,1488.6090395687029,1498.270107043938,20.729730230460603,0.048239890176921124,0.04823989454209992,geom,65
mixture,0.005250000000000003,741.3045197843514,1488.6090395687029,1498.270107043938,20.72973043221638,0.04823989210849184,0.04823989407308908,geom,65
mixture,0.004000000000000002,741.3045197843514,1488.6090395687029,1498.270107043938,20.729730250159278,0.048239901313085254,0.04823989445902148,geom,65
mixture,0.008500000000000006,741.3045197843514,1488.6090395687029,1498.270107043938,20.729730451753834,0.04823989198622868,0.04823989403472177,geom,65
mixture,0.009000000000000006,741.3045197843514,1488.6090395687029,1498.270107043938,20.72973024643078,0.04823989589477786,0.048239894482402894,geom,65
mixture,0.007750000000000005,741.3045197843516,1488.609039568703,1498.270107043938,20.729730347614584,0.04823989875967095,0.048239894224503164,geom,65
mixture,0.006250000000000004,741.3045197843516,1488.609039568703,1498.270107043938,20.72973032993675,0.048239889278728486,0.04823989433237387,geom,65
mixture,0.05,741.3045197843516,1488.609039568703,1498.270107043938,20.72973009550314,0.04823989886416453,0.048239894634871446,geom,65
mixture,0.008750000000000006,741.3045197843516,1488.609039568703,1498.270107043938,20.72973045395068,0.04823990211269726,0.0482398939406923,geom,65
mixture,0.008000000000000005,741.3045197843517,1488.6090395687033,1498.2701070439384,20.72973026898644,0.048239891404431606,0.04823989446712684,geom,65
mixture,0.007500000000000005,741.3045197843517,1488.6090395687033,1498.2701070439384,20.729730371338917,0.048239896219511934,0.0482398941892149,geom,65
mixture,0.009500000000000007,741.3045197843517,1488.6090395687033,1498.2701070439384,20.72973026842036,0.048239884546336737,0.0482398945388717,geom,65
mixture,0.010000000000000007,741.3045197843517,1488.6090395687033,1498.2701070439384,20.72973015784506,0.048239888920698554,0.048239894759650515,geom,65
mixture,0.0070000000000000045,741.3045197843517,1488.6090395687033,1498.2701070439384,20.729730325234428,0.04823989582915015,0.04823989430103448,geom,65
mixture,0.008250000000000006,741.3045197843517,1488.6090395687033,1498.2701070439384,20.729730183101356,0.04823989849135907,0.04823989461047005,geom,65
mixture,0.006000000000000004,741.3045197843517,1488.6090395687033,1498.2701070439384,20.729730449175733,0.04823989541866589,0.048239894014886375,geom,65
mixture,0.006500000000000004,741.3045197843517,1488.6090395687033,1498.2701070439384,20.72973035240747,0.04823990321585734,0.04823989418982808,geom,65
mixture,0.006750000000000004,741.3045197843517,1488.6090395687033,1498.2701070439384,20.729730369595792,0.0482398982565331,0.0482398941809886,geom,65
mixture,0.002,741.3045197843517,1488.6090395687033,1498.2701070439384,20.729730212804817,0.04823989145610539,0.04823989457961184,geom,65
mixture,0.004250000000000002,741.3045197843517,1488.6090395687033,1498.2701070439384,20.729730475750344,0.04823989465700265,0.04823989395849896,geom,65
mixture,0.005500000000000003,741.3045197843517,1488.6090395687033,1498.2701070439384,20.7297304033774,0.04823989828029231,0.0482398941069323,geom,65
mixture,0.0035000000000000014,741.3045197843517,1488.6090395687033,1498.2701070439384,20.72973050092924,0.0482398964788544,0.04823989389382652,geom,65
mixture,0.003250000000000001,741.3045197843517,1488.6090395687033,1498.2701070439384,20.72973048284775,0.04823989461374714,0.04823989394277065,geom,65
mixture,0.005000000000000003,741.3045197843518,1488.6090395687036,1498.2701070439384,20.72973039617279,0.04823989533101535,0.04823989414069995,geom,65
mixture,0.003000000000000001,741.3045197843518,1488.6090395687036,1498.2701070439384,20.729730153293087,0.04823990106014594,0.048239894692751646,geom,65
mixture,0.0025000000000000005,741.3045197843518,1488.6090395687036,1498.2701070439384,20.72973045764535,0.048239896573019664,0.04823989399715986,geom,65
mixture,0.0027500000000000007,741.3045197843518,1488.6090395687036,1498.2701070439384,20.729730181365998,0.048239904213386114,0.048239894620144295,geom,65
mixture,0.009250000000000006,741.3045197843518,1488.6090395687036,1498.2701070439384,20.729730558375834,0.048239898953725636,0.04823989372078619,geom,65
mixture,0.004500000000000002,741.3045197843519,1488.6090395687038,1498.2701070439389,20.729730245569307,0.048239893883566726,0.048239894499892466,geom,65
mixture,0.0037500000000000016,741.3045197843519,1488.6090395687038,1498.2701070439389,20.729730528747854,0.04823990350502363,0.0482398938017505,geom,65
mixture,0.005750000000000003,741.3045197843519,1488.6090395687038,1498.2701070439389,20.729730575931555,0.04823989041589011,0.0482398937474939,geom,65
mixture,0.009750000000000007,741.3045197843519,1488.6090395687038,1498.2701070439389,20.729730476929923,0.04823989323825312,0.04823989396581636,geom,65
mixture,0.007250000000000005,741.3045197843519,1488.6090395687038,1498.2701070439389,20.72973038676589,0.04823988979375095,0.04823989420049108,geom,65
mixture,0.0047500000000000025,741.3045197843519,1488.6090395687038,1498.2701070439389,20.729730516833296,0.048239896233408054,0.04823989385456448,geom,65
null,,741.3045197843528,1484.6090395687056,1487.829395393784,20.72973207948115,0.04823989022944619,,geom,65
sum,,741.9967760682512,1485.9935521365023,1489.2139079615806,31.386691645186232,0.06372127469212702,,geom,65
mixture,0.3,711.5710738441089,1429.1421476882178,1438.6535996733323,18.13859273532759,0.11695370041855524,0.04494822097910313,geom,66
mixture,0.25,711.572449646681,1429.144899293362,1438.6563512784764,18.74274839657626,0.11520336321092779,0.04525522263326388,geom,66
mixture,0.35000000000000003,711.5756319332249,1429.1512638664499,1438.6627158515644,17.507981037710977,0.11898713978341231,0.044622976985593185,geom,66
mixture,0.2,711.5783162027137,1429.1566324054274,1438.668084390542,19.324307386851768,0.11367434508093874,0.04554538923489859,geom,66
mixture,0.4,711.588087613268,1429.176175226536,1438.6876272116506,16.845448685132194,0.12139593213696574,0.044278987445929334,geom,66
mixture,0.45,711.6111588553804,1429.2223177107608,1438.7337696958753,16.143535264529962,0.1243187868284462,0.043916352271261526,geom,66
mixture,0.15000000000000002,711.6199843085822,1429.2399686171643,1438.7514206022788,19.2058745479801,0.18304872367774513,0.0462297702565991,geom,66
mixture,0.1,711.6234700545268,1429.2469401090536,1438.7583920941681,19.94642953731037,0.18747074143410672,0.04636065517224862,geom,66
mixture,0.05,711.6275001254096,1429.2550002508192,1438.7664522359337,20.694233276788168,0.19805776561171134,0.0464734441969269,geom,66
mixture,0.010000000000000007,711.6281423096447,1429.2562846192893,1438.7677366044038,21.323141555977614,0.1904025698124516,0.04654306933796954,geom,66
mixture,0.009750000000000007,711.6281547076926,1429.2563094153852,1438.7677614004997,21.32700834120875,0.19036518053435753,0.046543510433515796,geom,66
mixture,0.009500000000000007,711.6281671835513,1429.2563343671027,1438.7677863522172,21.330874251450172,0.19032767144066554,0.04654395217755148,geom,66
mixture,0.009250000000000006,711.6281797368346,1429.2563594736691,1438.7678114587836,21.334739486914973,0.19029002150581584,0.04654439413758074,geom,66
mixture,0.009000000000000006,711.6281923672659,1429.2563847345318,1438.7678367196463,21.338604094872476,0.19025221065310385,0.04654483621408554,geom,66
mixture,0.008750000000000006,711.6282050747037,1429.2564101494074,1438.767862134522,21.342468013174315,0.1902142208489674,0.04654527854449711,geom,66
mixture,0.008500000000000006,711.6282178589302,1429.2564357178603,1438.7678877029748,21.346331624190356,0.19017602975574166,0.04654572029593636,geom,66
mixture,0.008250000000000006,711.6282307196539,1429.2564614393077,1438.7679134244222,21.350194467421275,0.19013760902762414,0.046546162479256796,geom,66
mixture,0.008000000000000005,711.6282436568561,1429.2564873137121,1438.7679392988266,21.354056299259387,0.19009893668472608,0.0465466056258831,geom,66
mixture,0.007750000000000005,711.6282566694268,1429.2565133388537,1438.7679653239682,21.35791865588634,0.1900599495055915,0.046547046398478405,geom,66
mixture,0.007500000000000005,711.6282697590244,1429.2565395180488,1438.7679915031633,21.361779755750636,0.19002067777977746,0.04654748865937107,geom,66
mixture,0.007250000000000005,711.6282829247064,1429.2565658494127,1438.7680178345272,21.36563980525271,0.18998105579740876,0.04654793197239413,geom,66
mixture,0.0070000000000000045,711.6282961663285,1429.256592332657,1438.7680443177715,21.36949971558416,0.18994104159011344,0.04654837434991688,geom,66
mixture,0.006750000000000004,711.628309483941,1429.256618967882,1438.7680709529966,21.37335875021055,0.18990059353455307,0.04654881739802717,geom,66
mixture,0.006500000000000004,711.6283228774696,1429.2566457549392,1438.7680977400537,21.377217025729234,0.18985965905912813,0.04654926086241752,geom,66
mixture,0.006250000000000004,711.6283363470995,1429.256672694199,1438.7681246793136,21.38107502530186,0.18981818927378064,0.04654970368515283,geom,66
mixture,0.006000000000000004,711.6283498928215,1429.256699785643,1438.7681517707574,21.38493197701332,0.1897761167943684,0.04655014754909873,geom,66
mixture,0.005750000000000003,711.6283635148172,1429.2567270296345,1438.768179014749,21.388788927323052,0.18973337359326498,0.04655059016857676,geom,66
mixture,0.005500000000000003,711.6283772133636,1429.2567544267272,1438.7682064118417,21.392644829396428,0.18968988228670428,0.04655103382028017,geom,66
mixture,0.005250000000000003,711.6283909886683,1429.2567819773367,1438.7682339624512,21.39649993705165,0.18964554825106866,0.046551477946136885,geom,66
mixture,0.005000000000000003,711.6284048411972,1429.2568096823943,1438.7682616675088,21.400354858279695,0.1896002729095738,0.04655192121267981,geom,66
mixture,0.0047500000000000025,711.6284187713892,1429.2568375427784,1438.7682895278929,21.404208912172383,0.1895539340799747,0.04655236509502752,geom,66
mixture,0.004500000000000002,711.6284327798483,1429.2568655596965,1438.768317544811,21.408062325845425,0.18950639369114847,0.046552809087120846,geom,66
mixture,0.004250000000000002,711.6284468672588,1429.2568937345177,1438.7683457196322,21.411915051171906,0.1894574863996187,0.046553253281071454,geom,66
mixture,0.004000000000000002,711.6284610345455,1429.256922069091,1438.7683740542054,21.415767255519242,0.1894070225512709,0.046553697295861465,geom,66
mixture,0.0037500000000000016,711.6284752827388,1429.2569505654776,1438.768402550592,21.4196184084422,0.18935476947267274,0.04655414226714695,geom,66
mixture,0.0035000000000000014,711.6284896131642,1429.2569792263284,1438.768431211443,21.42346908925799,0.18930045282439842,0.04655458691057728,geom,66
mixture,0.003250000000000001,711.6285040273526,1429.2570080547052,1438.7684600398197,21.427319530700906,0.18924373127865599,0.04655503069315574,geom,66
mixture,0.003000000000000001,711.6285185272268,1429.2570370544536,1438.768489039568,21.431168492662536,0.1891841854757694,0.04655547627770593,geom,66
mixture,0.0027500000000000007,711.6285331151018,1429.2570662302037,1438.7685182153182,21.43501734487989,0.189121286410528,0.046555920645075126,geom,66
mixture,0.0025000000000000005,711.6285477937936,1429.2570955875872,1438.7685475727017,21.43886489127086,0.18905434743598049,0.04655636634600562,geom,66
mixture,0.0022500000000000003,711.6285625668418,1429.2571251336835,1438.768577118798,21.442711814372732,0.18898246963230272,0.04655681183495883,geom,66
mixture,0.002,711.6285774386973,1429.2571548773947,1438.7686068625092,21.44655799818347,0.1889044325108707,0.04655725728656384,geom,66
mixture,0.5,711.6287019362841,1429.2574038725681,1438.7688558576826,21.47727401317255,0.04656084377312851,0.04656084377312851,geom,66
null,,711.6287019362849,1425.2574038725697,1428.427887867608,21.477274995750147,0.046560841642986676,,geom,66
sum,,712.3148805655795,1426.629761131159,1429.8002451261973,32.53875832456289,0.06146516041118379,,geom,66
mixture,0.3,756.9324822747865,1519.864964549573,1529.6217848337128,16.08432908975192,0.16278139045332285,0.049152586312611046,geom,67
mixture,0.35000000000000003,756.9340554165858,1519.8681108331716,1529.6249311173115,15.321120093323056,0.17072103408028036,0.048979006499074385,geom,67
mixture,0.25,756.9362261998307,1519.8724523996614,1529.6292726838012,16.67407948663496,0.16619727908614834,0.04944019504182977,geom,67
mixture,0.4,756.941295579454,1519.882591158908,1529.639411443048,14.619125546825384,0.1735856428734919,0.04872191255005074,geom,67
mixture,0.2,756.9421163891932,1519.8842327783864,1529.6410530625262,17.435509990038327,0.15436508015943506,0.049566662902316656,geom,67
mixture,0.15000000000000002,756.9513734993251,1519.9027469986502,1529.65956728279,18.07398982246133,0.1508246676726551,0.049767388553295086,geom,67
mixture,0.45,756.9564802670288,1519.9129605340577,1529.6697808181975,13.838370180955794,0.18013032773243784,0.048500116359087735,geom,67
mixture,0.1,756.9680191998343,1519.9360383996686,1529.6928586838085,18.5033138968011,0.18630388501405193,0.05009307171002493,geom,67
mixture,0.05,756.9799286111875,1519.959857222375,1529.7166775065148,19.166389926098617,0.1961290792436307,0.05023410208182877,geom,67
mixture,0.5,756.9821443790802,1519.9642887581604,1529.7211090423002,13.018815480199281,0.1878497182513064,0.04827599972406094,geom,67
mixture,0.010000000000000007,756.9876977916056,1519.9753955832111,1529.732215867351,19.72719233061681,0.18803244735864552,0.05032019395069187,geom,67
mixture,0.009750000000000007,756.9877524635017,1519.9755049270034,1529.7323252111432,19.730622927659102,0.1879960296680171,0.05032075158422677,geom,67
mixture,0.009500000000000007,756.9878071875149,1519.9756143750299,1529.7324346591697,19.734052817299126,0.1879596046641813,0.050321309454940184,geom,67
mixture,0.009250000000000006,756.9878619634451,1519.9757239268902,1529.73254421103,19.737482002287802,0.18792316408588702,0.05032186756002588,geom,67
mixture,0.009000000000000006,756.9879167910045,1519.975833582009,1529.732653866149,19.740910206335766,0.18788669453733298,0.05032242661247873,geom,67
mixture,0.008750000000000006,756.9879716698929,1519.9759433397858,1529.7327636239256,19.744338204865468,0.1878501815572852,0.050322984637486384,geom,67
mixture,0.008500000000000006,756.9880265999204,1519.9760531998409,1529.7328734839807,19.747765148482287,0.18781361256941662,0.050323543809915175,geom,67
mixture,0.008250000000000006,756.9880815807996,1519.9761631615993,1529.7329834457391,19.75119156906559,0.18777697013350972,0.05032410277743779,geom,67
mixture,0.008000000000000005,756.9881366125178,1519.9762732250356,1529.7330935091754,19.754617977383877,0.18774024849192597,0.05032466023484432,geom,67
mixture,0.007750000000000005,756.9881916943037,1519.9763833886075,1529.7332036727473,19.75804305338278,0.18770339939715588,0.050325219574570104,geom,67
mixture,0.007500000000000005,756.9882468262334,1519.9764936524668,1529.7333139366067,19.76146782098932,0.18766641671143347,0.05032577817816506,geom,67
mixture,0.007250000000000005,756.9883020081008,1519.9766040162017,1529.7334243003415,19.764891557584793,0.18762927570255955,0.05032633789475454,geom,67
mixture,0.0070000000000000045,756.9883572397312,1519.9767144794623,1529.7335347636022,19.76831471648623,0.18759195112051577,0.050326897570843396,geom,67
mixture,0.006750000000000004,756.9884125209021,1519.9768250418042,1529.733645325944,19.771737248746845,0.18755441065503736,0.05032745733643219,geom,67
mixture,0.006500000000000004,756.9884678514887,1519.9769357029775,1529.7337559871173,19.775158991619,0.18751662292579416,0.05032801760876394,geom,67
mixture,0.006250000000000004,756.9885232313261,1519.9770464626522,1529.733866746792,19.778580440322546,0.1874785496165777,0.05032857712848138,geom,67
mixture,0.006000000000000004,756.9885786603145,1519.977157320629,1529.7339776047688,19.782001024951132,0.18744014930914302,0.05032913735023389,geom,67
mixture,0.005750000000000003,756.9886341383328,1519.9772682766657,1529.7340885608055,19.785420974090282,0.18740137281341696,0.05032969769323962,geom,67
mixture,0.005500000000000003,756.9886896652724,1519.9773793305449,1529.7341996146847,19.78884026826172,0.18736216247728082,0.050330258208917074,geom,67
mixture,0.005250000000000003,756.9887452411515,1519.977490482303,1529.7343107664428,19.79225875648443,0.18732245952482385,0.050330819279767874,geom,67
mixture,0.005000000000000003,756.9888008659368,1519.9776017318736,1529.7344220160135,19.795676756572004,0.1872821896611158,0.05033138009576941,geom,67
mixture,0.0047500000000000025,756.9888565396775,1519.977713079355,1529.7345333634948,19.799094330836265,0.18724126961665694,0.050331940495698405,geom,67
mixture,0.004500000000000002,756.9889122624666,1519.977824524933,1529.734644809073,19.802511129042735,0.1871996013975124,0.050332501367097715,geom,67
mixture,0.004250000000000002,756.9889680344504,1519.9779360689008,1529.7347563530407,19.80592717664192,0.1871570692141818,0.050333062639244315,geom,67
mixture,0.004000000000000002,756.9890238558692,1519.9780477117383,1529.7348679958782,19.809342427815057,0.18711353807276496,0.050333624419931035,geom,67
mixture,0.0037500000000000016,756.9890797270134,1519.9781594540268,1529.7349797381667,19.81275746882929,0.18706884289436992,0.05033418520779912,geom,67
mixture,0.0035000000000000014,756.9891356483184,1519.9782712966369,1529.7350915807767,19.816171309757237,0.18702278681342124,0.05033474750639622,geom,67
mixture,0.003250000000000001,756.9891916203512,1519.9783832407024,1529.7352035248423,19.81958473364713,0.18697513071961627,0.050335309305905594,geom,67
mixture,0.003000000000000001,756.9892476438033,1519.9784952876066,1529.7353155717465,19.8229976354248,0.18692557183145933,0.05033587085184082,geom,67
mixture,0.0027500000000000007,756.9893037196268,1519.9786074392537,1529.7354277233935,19.826409634467765,0.18687373562936935,0.050336433081896344,geom,67
mixture,0.0025000000000000005,756.9893598490243,1519.9787196980485,1529.7355399821884,19.829821009828624,0.18681913962514984,0.05033699524958876,geom,67
mixture,0.0022500000000000003,756.9894160335433,1519.9788320670866,1529.7356523512265,19.833231469158005,0.18676114890334372,0.05033755805004667,geom,67
mixture,0.002,756.9894722752153,1519.9789445504307,1529.7357648345705,19.836641156046998,0.18669891055104015,0.050338121056375695,geom,67
null,,756.9899251955912,1515.9798503911825,1519.2321238192292,19.863876436470274,0.05034264098441481,,geom,67
sum,,757.5427156673525,1517.085431334705,1520.3377047627516,30.092333275361415,0.0664621111862247,,geom,67
mixture,0.009750000000000007,716.4881711434934,1438.976342286987,1448.5384997045091,20.642458786667003,0.048443848434682496,0.04844384135190297,geom,68
mixture,0.05,716.4881711434934,1438.976342286987,1448.5384997045091,20.64245893243487,0.048443844456538335,0.04844384090109926,geom,68
mixture,0.5,716.4881711434934,1438.976342286987,1448.5384997045091,20.64245782865172,0.04844384366923596,0.04844384366923596,geom,68
mixture,0.0022500000000000003,716.4881711434936,1438.9763422869871,1448.5384997045094,20.64245891536057,0.04844384226961343,0.048443841116346406,geom,68
mixture,0.006250000000000004,716.4881711434936,1438.9763422869871,1448.5384997045094,20.642459031101303,0.04844383482615578,0.0484438408851892,geom,68
mixture,0.007500000000000005,716.4881711434936,1438.9763422869871,1448.5384997045094,20.642459040680976,0.04844383944675274,0.04844384083525237,geom,68
mixture,0.006000000000000004,716.4881711434936,1438.9763422869871,1448.5384997045094,20.64245914162571,0.048443841390021454,0.0484438405830994,geom,68
mixture,0.004250000000000002,716.4881711434936,1438.9763422869871,1448.5384997045094,20.642459069071695,0.04844383975670278,0.048443840762485695,geom,68
mixture,0.006500000000000004,716.4881711434937,1438.9763422869873,1448.5384997045096,20.642459063626557,0.048443843341466,0.048443840754172386,geom,68
mixture,0.008000000000000005,716.4881711434937,1438.9763422869873,1448.5384997045096,20.642459121759426,0.04844383997162397,0.04844384063990953,geom,68
mixture,0.008500000000000006,716.4881711434937,1438.9763422869873,1448.5384997045096,20.64245915731456,0.04844383960876925,0.04844384055920094,geom,68
mixture,0.006750000000000004,716.4881711434937,1438.9763422869873,1448.5384997045096,20.642458991668125,0.04844383696321373,0.048443840966887045,geom,68
mixture,0.005000000000000003,716.4881711434937,1438.9763422869873,1448.5384997045096,20.642459060434433,0.048443851024604065,0.048443840726993044,geom,68
mixture,0.005250000000000003,716.4881711434937,1438.9763422869873,1448.5384997045096,20.642458961454903,0.048443836826601284,0.04844384103284963,geom,68
mixture,0.0027500000000000007,716.4881711434937,1438.9763422869873,1448.5384997045096,20.64245904202479,0.04844383974648331,0.048443840824649906,geom,68
mixture,0.002,716.4881711434937,1438.9763422869873,1448.5384997045096,20.64245896989991,0.04844383888373728,0.0484438409951709,geom,68
mixture,0.009250000000000006,716.4881711434937,1438.9763422869873,1448.5384997045096,20.64245885581185,0.048443838806045386,0.04844384128158932,geom,68
mixture,0.009000000000000006,716.4881711434937,1438.9763422869873,1448.5384997045096,20.642458804328047,0.0484438435319397,0.04844384135996525,geom,68
mixture,0.008250000000000006,716.4881711434937,1438.9763422869873,1448.5384997045096,20.642458746645115,0.04844384951818528,0.04844384144830718,geom,68
mixture,0.45,716.4881711434937,1438.9763422869873,1448.5384997045096,20.64245802210963,0.048443837367622505,0.04844384799963317,geom,68
mixture,0.010000000000000007,716.4881711434937,1438.9763422869873,1448.5384997045096,20.642459036162332,0.04844383923909399,0.048443840851567735,geom,68
mixture,0.1,716.4881711434937,1438.9763422869873,1448.5384997045096,20.642458444507117,0.0484438284533997,0.04844384375400371,geom,68
mixture,0.0047500000000000025,716.4881711434937,1438.9763422869873,1448.5384997045096,20.642458730623243,0.048443848572108164,0.04844384151898153,geom,68
mixture,0.0035000000000000014,716.4881711434937,1438.9763422869873,1448.5384997045096,20.64245890805211,0.04844384601684895,0.04844384111895016,geom,68
mixture,0.15000000000000002,716.4881711434937,1438.9763422869873,1448.5384997045096,20.64245839102097,0.04844382667658991,0.04844384511526693,geom,68
mixture,0.007750000000000005,716.4881711434938,1438.9763422869876,1448.5384997045098,20.642459036531296,0.04844383228596352,0.04844384090134633,geom,68
mixture,0.008750000000000006,716.4881711434938,1438.9763422869876,1448.5384997045098,20.642458946244272,0.04844383748643665,0.04844384107788842,geom,68
mixture,0.007250000000000005,716.4881711434938,1438.9763422869876,1448.5384997045098,20.64245896275728,0.04844384323922601,0.048443840991413745,geom,68
mixture,0.0025000000000000005,716.4881711434938,1438.9763422869876,1448.5384997045098,20.64245893964916,0.048443836334077665,0.04844384107378994,geom,68
mixture,0.005750000000000003,716.4881711434938,1438.9763422869876,1448.5384997045098,20.64245897649566,0.04844384274021691,0.048443840965263094,geom,68
mixture,0.0037500000000000016,716.4881711434939,1438.9763422869878,1448.53849970451,20.642459167493502,0.048443838176373995,0.04844384053608316,geom,68
mixture,0.005500000000000003,716.4881711434939,1438.9763422869878,1448.53849970451,20.642459014149367,0.04844383422642982,0.048443840923939455,geom,68
mixture,0.004500000000000002,716.4881711434939,1438.9763422869878,1448.53849970451,20.64245884836277,0.0484438452628106,0.04844384125815112,geom,68
mixture,0.004000000000000002,716.4881711434939,1438.9763422869878,1448.53849970451,20.64245907040541,0.04844384780321391,0.04844384072677539,geom,68
mixture,0.003250000000000001,716.4881711434939,1438.9763422869878,1448.53849970451,20.642458992314843,0.04844384215189104,0.04844384093438765,geom,68
mixture,0.009500000000000007,716.4881711434939,1438.9763422869878,1448.53849970451,20.642459004561296,0.04844384652583791,0.04844384085573855,geom,68
mixture,0.0070000000000000045,716.488171143494,1438.976342286988,1448.5384997045103,20.642459106705815,0.048443849266121865,0.04844384060929336,geom,68
mixture,0.003000000000000001,716.488171143494,1438.976342286988,1448.5384997045103,20.642459153191115,0.04844384283598925,0.048443840553953066,geom,68
mixture,0.2,716.4881711434941,1438.9763422869883,1448.5384997045105,20.642458234957697,0.04844382590288638,0.04844384691892359,geom,68
mixture,0.4,716.4881711434942,1438.9763422869885,1448.5384997045107,20.64245988981908,0.04844384005136067,0.04844383801922048,geom,68
mixture,0.25,716.4881711434944,1438.9763422869887,1448.538499704511,20.64245995460326,0.04844384157650515,0.04844383771455258,geom,68
mixture,0.3,716.4881711434946,1438.9763422869892,1448.5384997045114,20.642460047193996,0.04844384103691253,0.04844383735953503,geom,68
mixture,0.35000000000000003,716.4881711434946,1438.9763422869892,1448.5384997045114,20.64246008926253,0.04844383975366141,0.048443837615753965,geom,68
null,,716.4881711434947,1434.9763422869894,1438.16372809283,20.642460334319804,0.04844383778891981,,geom,68
sum,,715.8324386429995,1433.664877285999,1436.8522630918396,31.086925978465278,0.06433572754621837,,geom,68
mixture,0.35000000000000003,830.314977670248,1666.629955340496,1676.5695732776214,21.451975547904517,0.038565005014254826,0.052519353143798866,geom,69
mixture,0.4,830.3194281673561,1666.6388563347123,1676.5784742718376,21.450626665667798,0.03919965780522562,0.05335014002104192,geom,69
mixture,0.3,830.3450189897327,1666.6900379794654,1676.6296559165908,21.47438242170714,0.061732436737900374,0.04213136405079385,geom,69
mixture,0.25,830.3500780399581,1666.7001560799163,1676.6397740170416,21.480707088387604,0.0647705064449428,0.042563030788636866,geom,69
mixture,0.2,830.3557702895075,1666.711540579015,1676.6511585161404,21.480460861659232,0.06953143527696092,0.043001357049121884,geom,69
mixture,0.15000000000000002,830.3835339035713,1666.7670678071427,1676.706685744268,20.061913450154535,0.18383159622680217,0.04416513774548471,geom,69
mixture,0.1,830.3873971623834,1666.7747943247668,1676.7144122618922,20.856277872921225,0.18809576010480836,0.04428124067560619,geom,69
mixture,0.05,830.3923144195537,1666.7846288391074,1676.7242467762328,21.656257044489692,0.1987963474037666,0.044382685819712005,geom,69
mixture,0.010000000000000007,830.3950098384823,1666.7900196769647,1676.72963761409,22.32776118926303,0.1915071636608228,0.04444335940502739,geom,69
mixture,0.009750000000000007,830.3950318913719,1666.7900637827438,1676.7296817198692,22.331896017887214,0.19146974646769455,0.044443748015624646,geom,69
mixture,0.009500000000000007,830.3950539947022,1666.7901079894043,1676.7297259265297,22.336029377643566,0.19143212480231886,0.04444413846187226,geom,69
mixture,0.009250000000000006,830.395076148455,1666.79015229691,1676.7297702340354,22.340162737393214,0.1913942828518888,0.04444452781307487,geom,69
mixture,0.009000000000000006,830.395098352627,1666.790196705254,1676.7298146423793,22.344294884531344,0.19135620137943551,0.044444918487045806,geom,69
mixture,0.008750000000000006,830.3951206071048,1666.7902412142096,1676.729859151335,22.348426772018122,0.1913178549206839,0.04444530858566255,geom,69
mixture,0.008500000000000006,830.3951429117283,1666.7902858234565,1676.729903760582,22.35255832942322,0.19127921136585424,0.04444569825323494,geom,69
mixture,0.008250000000000006,830.39516526654,1666.79033053308,1676.7299484702053,22.35668876784265,0.19124024597110306,0.04444608906000536,geom,69
mixture,0.008000000000000005,830.3951876714159,1666.7903753428318,1676.7299932799572,22.360818901965796,0.1912009222924163,0.044446479385064734,geom,69
mixture,0.007750000000000005,830.3952101263437,1666.7904202526875,1676.7300381898128,22.364948703448874,0.1911612053279941,0.044446869284875526,geom,69
mixture,0.007500000000000005,830.3952326313309,1666.7904652626619,1676.7300831997873,22.369077763304258,0.19112105635669654,0.0444472595731289,geom,69
mixture,0.007250000000000005,830.3952551863343,1666.7905103726687,1676.730128309794,22.373206030853467,0.19108042832849653,0.04444765035089319,geom,69
mixture,0.0070000000000000045,830.3952777913735,1666.790555582747,1676.7301735198723,22.37733380510812,0.19103927200604892,0.044448041021688374,geom,69
mixture,0.006750000000000004,830.3953004465305,1666.790600893061,1676.7302188301865,22.381461059029068,0.19099753509800718,0.044448431636578384,geom,69
mixture,0.006500000000000004,830.3953231518776,1666.7906463037552,1676.7302642408806,22.385587631484068,0.1909551563392575,0.04444882251356905,geom,69
mixture,0.006250000000000004,830.3953459074788,1666.7906918149577,1676.730309752083,22.389713625302353,0.1909120642970415,0.04444921344569675,geom,69
mixture,0.006000000000000004,830.3953687135366,1666.7907374270733,1676.7303553641987,22.393838765481398,0.19086818633482058,0.04444960497370396,geom,69
mixture,0.005750000000000003,830.3953915701786,1666.7907831403572,1676.7304010774826,22.397963807416218,0.19082343183380523,0.0444499955918671,geom,69
mixture,0.005500000000000003,830.3954144776482,1666.7908289552963,1676.7304468924217,22.402087779352946,0.19077770228301344,0.04445038722473174,geom,69
mixture,0.005250000000000003,830.3954374362315,1666.790874872463,1676.7304928095884,22.406211623655228,0.19073088585905795,0.04445077799146751,geom,69
mixture,0.005000000000000003,830.3954604462587,1666.7909208925173,1676.7305388296427,22.410334587707116,0.1906828511008033,0.04445116937820394,geom,69
mixture,0.0047500000000000025,830.3954835081464,1666.7909670162928,1676.7305849534182,22.41445672372061,0.19063344838404953,0.04445156126932676,geom,69
mixture,0.004500000000000002,830.3955066223609,1666.7910132447219,1676.7306311818472,22.4185784623426,0.1905825002603965,0.0444519527968303,geom,69
mixture,0.004250000000000002,830.3955297895063,1666.7910595790127,1676.730677516138,22.422699476710058,0.19052980233938027,0.044452344593308525,geom,69
mixture,0.004000000000000002,830.3955530102858,1666.7911060205715,1676.730723957697,22.426819962291113,0.19047511115091664,0.04445273625182983,geom,69
mixture,0.0037500000000000016,830.3955762855146,1666.7911525710292,1676.7307705081546,22.430939963613923,0.19041813267144522,0.04445312766227387,geom,69
mixture,0.0035000000000000014,830.3955996162065,1666.791199232413,1676.7308171695383,22.435058759588014,0.19035851486626892,0.044453520227894595,geom,69
mixture,0.003250000000000001,830.3956230035699,1666.7912460071398,1676.7308639442651,22.43917709607473,0.19029582721589572,0.044453912436939844,geom,69
mixture,0.003000000000000001,830.3956464490511,1666.7912928981023,1676.7309108352276,22.443295038170202,0.19022953250763577,0.04445430412236005,geom,69
mixture,0.0027500000000000007,830.3956699544344,1666.7913399088688,1676.7309578459942,22.44741194224479,0.19015895591724055,0.0444546965129916,geom,69
mixture,0.0025000000000000005,830.3956935218862,1666.7913870437724,1676.7310049808978,22.451527728954108,0.1900832256297382,0.04445508970852321,geom,69
mixture,0.0022500000000000003,830.3957171541192,1666.7914343082384,1676.7310522453638,22.45564315455897,0.19000119780541105,0.044455482139130864,geom,69
mixture,0.002,830.3957408545563,1666.7914817091125,1676.731099646238,22.459757532906167,0.18991132356224105,0.04445587507445893,geom,69
mixture,0.5,830.3959344079652,1666.7918688159305,1676.7314867530558,22.49261173995173,0.044459043332161566,0.044459043332161566,geom,69
mixture,0.45,830.3959344079653,1666.7918688159307,1676.731486753056,22.492612096332383,0.04445904363314569,0.04445904180513039,geom,69
null,,830.3959344079667,1662.7918688159334,1666.1050747949753,22.49261345539098,0.0444590399414134,,geom,69
sum,,831.3876962852859,1664.7753925705717,1668.0885985496136,34.069557579674154,0.05870343327244135,,geom,69
mixture,0.0025000000000000005,814.7262635869436,1635.4525271738871,1645.3173282659707,23.030304475990697,0.043421049009990074,0.04342104990814259,geom,70
mixture,0.0035000000000000014,814.7262635869437,1635.4525271738873,1645.317328265971,23.030304547241776,0.04342104995993018,0.04342104977089971,geom,70
mixture,0.008000000000000005,814.7262635869437,1635.4525271738873,1645.317328265971,23.030304530829692,0.04342104938624068,0.04342104980586142,geom,70
mixture,0.5,814.7262635869437,1635.4525271738873,1645.317328265971,23.030304319322887,0.043421050201276755,0.043421050201276755,geom,70
mixture,0.005750000000000003,814.7262635869438,1635.4525271738876,1645.3173282659711,23.030304690761454,0.043421049758636976,0.043421049499480946,geom,70
mixture,0.008500000000000006,814.7262635869438,1635.4525271738876,1645.3173282659711,23.030304667315484,0.043421048656091824,0.043421049552797845,geom,70
mixture,0.007500000000000005,814.7262635869438,1635.4525271738876,1645.3173282659711,23.03030455584832,0.04342105000275265,0.04342104975346498,geom,70
mixture,0.004500000000000002,814.7262635869438,1635.4525271738876,1645.3173282659711,23.03030428550141,0.043421050003980735,0.04342105026622345,geom,70
mixture,0.007750000000000005,814.7262635869438,1635.4525271738876,1645.3173282659711,23.03030433241638,0.04342104994578508,0.04342105017839316,geom,70
mixture,0.2,814.7262635869438,1635.4525271738876,1645.3173282659711,23.030303987167557,0.04342105327172101,0.04342105021646767,geom,70
mixture,0.05,814.7262635869438,1635.4525271738876,1645.3173282659711,23.030304463998778,0.04342105036641071,0.04342104990545904,geom,70
mixture,0.004250000000000002,814.7262635869438,1635.4525271738876,1645.3173282659711,23.03030470399805,0.04342104938062048,0.04342104947642215,geom,70
mixture,0.15000000000000002,814.7262635869438,1635.4525271738876,1645.3173282659711,23.03030391624225,0.04342105281327224,0.0434210506344108,geom,70
mixture,0.007250000000000005,814.7262635869439,1635.4525271738878,1645.3173282659714,23.03030452324247,0.04342104972422984,0.04342104981748541,geom,70
mixture,0.009250000000000006,814.7262635869439,1635.4525271738878,1645.3173282659714,23.030304506236924,0.043421049728238494,0.043421049849997624,geom,70
mixture,0.006500000000000004,814.7262635869439,1635.4525271738878,1645.3173282659714,23.030304535090345,0.04342104976974488,0.04342104979463325,geom,70
mixture,0.0027500000000000007,814.7262635869439,1635.4525271738878,1645.3173282659714,23.030304573841942,0.04342104979757156,0.043421049721199666,geom,70
mixture,0.0047500000000000025,814.7262635869439,1635.4525271738878,1645.3173282659714,23.030304720064766,0.04342104979976466,0.04342104944403327,geom,70
mixture,0.005000000000000003,814.7262635869439,1635.4525271738878,1645.3173282659714,23.03030468953877,0.04342104935606855,0.043421049504016075,geom,70
mixture,0.010000000000000007,814.7262635869439,1635.4525271738878,1645.3173282659714,23.030304716312507,0.04342105004140597,0.04342104944685192,geom,70
mixture,0.006750000000000004,814.726263586944,1635.452527173888,1645.3173282659716,23.03030461386262,0.04342104981071275,0.043421049644835535,geom,70
mixture,0.003000000000000001,814.726263586944,1635.452527173888,1645.3173282659716,23.03030468292831,0.043421050029948755,0.04342104951419234,geom,70
mixture,0.005250000000000003,814.726263586944,1635.452527173888,1645.3173282659716,23.03030471924495,0.0434210498708518,0.043421049445033125,geom,70
mixture,0.002,814.726263586944,1635.452527173888,1645.3173282659716,23.03030459162878,0.04342105004757425,0.04342104968715377,geom,70
mixture,0.25,814.726263586944,1635.452527173888,1645.3173282659716,23.030304782445373,0.04342105185806625,0.043421048484793154,geom,70
mixture,0.4,814.726263586944,1635.452527173888,1645.3173282659716,23.030304764901665,0.04342105031158483,0.04342104872759026,geom,70
mixture,0.1,814.726263586944,1635.452527173888,1645.3173282659716,23.030304126007685,0.0434210524128798,0.0434210503605143,geom,70
mixture,0.005500000000000003,814.726263586944,1635.452527173888,1645.3173282659716,23.030304720252445,0.04342104963404407,0.043421049444325704,geom,70
mixture,0.003250000000000001,814.726263586944,1635.452527173888,1645.3173282659716,23.03030454148909,0.04342105025336082,0.043421049780871766,geom,70
mixture,0.006000000000000004,814.726263586944,1635.452527173888,1645.3173282659716,23.030304495443414,0.04342105047381797,0.043421049865571826,geom,70
mixture,0.0037500000000000016,814.726263586944,1635.452527173888,1645.3173282659716,23.03030441311762,0.04342104937197075,0.04342105002689329,geom,70
mixture,0.004000000000000002,814.7262635869441,1635.4525271738883,1645.3173282659718,23.030304648037493,0.0434210492795051,0.043421049582735245,geom,70
mixture,0.45,814.7262635869441,1635.4525271738883,1645.3173282659718,23.030304806703967,0.0434210503188515,0.043421048434347964,geom,70
mixture,0.3,814.7262635869441,1635.4525271738883,1645.3173282659718,23.03030494008128,0.04342105153392997,0.0434210479581824,geom,70
mixture,0.006250000000000004,814.7262635869441,1635.4525271738883,1645.3173282659718,23.030304634949058,0.04342104943928126,0.04342104960724889,geom,70
mixture,0.008750000000000006,814.7262635869441,1635.4525271738883,1645.3173282659718,23.030304420016236,0.04342104984572504,0.04342105001289349,geom,70
mixture,0.008250000000000006,814.7262635869441,1635.4525271738883,1645.3173282659718,23.03030450204377,0.04342105065973081,0.04342104985009761,geom,70
mixture,0.0022500000000000003,814.7262635869442,1635.4525271738885,1645.317328265972,23.030304556343115,0.04342105051117491,0.04342104975269519,geom,70
mixture,0.009000000000000006,814.7262635869442,1635.4525271738885,1645.317328265972,23.030304674598362,0.04342104969171833,0.04342104952998923,geom,70
mixture,0.0070000000000000045,814.7262635869442,1635.4525271738885,1645.317328265972,23.030304646212734,0.043421050106313176,0.04342104958128752,geom,70
mixture,0.009750000000000007,814.7262635869442,1635.4525271738885,1645.317328265972,23.03030460162042,0.04342104961610179,0.04342104966955769,geom,70
mixture,0.009500000000000007,814.7262635869442,1635.4525271738885,1645.317328265972,23.030304753250775,0.04342104912443371,0.043421049385635936,geom,70
mixture,0.35000000000000003,814.7262635869442,1635.4525271738885,1645.317328265972,23.030304858230508,0.0434210512139402,0.04342104809284309,geom,70
null,,814.7262635869447,1631.4525271738894,1634.7407942045838,23.03030583875715,0.04342104733655443,,geom,70
sum,,813.0147774391219,1628.0295548782437,1631.3178219089382,34.4837634388387,0.05799830994512105,,geom,70
mixture,0.45,721.8244550992961,1449.6489101985921,1459.2609302598225,19.91758364433828,0.050206894300295464,0.05020689277139648,geom,71
mixture,0.5,721.8244550992961,1449.6489101985921,1459.2609302598225,19.917583477453235,0.05020689388007351,0.05020689388007351,geom,71
mixture,0.009250000000000006,721.8244550992962,1449.6489101985924,1459.2609302598228,19.917583992133427,0.050206885102728624,0.05020689265253836,geom,71
mixture,0.004250000000000002,721.8244550992963,1449.6489101985926,1459.260930259823,19.91758403600369,0.0502069078673263,0.050206892406408556,geom,71
mixture,0.35000000000000003,721.8244550992963,1449.6489101985926,1459.260930259823,19.917583700774866,0.050206895333215686,0.05020689223156006,geom,71
mixture,0.1,721.8244550992963,1449.6489101985926,1459.260930259823,19.917583946744298,0.05020689476149814,0.05020689246774071,geom,71
mixture,0.009750000000000007,721.8244550992963,1449.6489101985926,1459.260930259823,19.917583929910595,0.050206888474794244,0.050206892781540474,geom,71
mixture,0.3,721.8244550992963,1449.6489101985926,1459.260930259823,19.917583530286223,0.05020689689633137,0.05020689239713767,geom,71
mixture,0.4,721.8244550992963,1449.6489101985926,1459.260930259823,19.91758383562168,0.05020689535310424,0.05020689139330861,geom,71
mixture,0.2,721.8244550992963,1449.6489101985926,1459.260930259823,19.917583907921873,0.0502068965813164,0.050206891848392714,geom,71
mixture,0.25,721.8244550992964,1449.6489101985928,1459.2609302598232,19.917583884249343,0.05020689681927641,0.05020689153310731,geom,71
mixture,0.006750000000000004,721.8244550992964,1449.6489101985928,1459.2609302598232,19.917583892544908,0.050206881467956016,0.050206892910979004,geom,71
mixture,0.009000000000000006,721.8244550992964,1449.6489101985928,1459.2609302598232,19.917584181491193,0.05020689073347528,0.05020689211784172,geom,71
mixture,0.002,721.8244550992965,1449.648910198593,1459.2609302598235,19.91758441029288,0.05020689092138149,0.05020689152985163,geom,71
mixture,0.0037500000000000016,721.8244550992965,1449.648910198593,1459.2609302598235,19.917584342489384,0.050206891806416104,0.05020689169914687,geom,71
mixture,0.0027500000000000007,721.8244550992965,1449.648910198593,1459.2609302598235,19.917584042755816,0.05020690545457402,0.05020689241925,geom,71
mixture,0.008250000000000006,721.8244550992965,1449.648910198593,1459.2609302598235,19.917584227673373,0.050206888676005625,0.050206892016528844,geom,71
mixture,0.008500000000000006,721.8244550992965,1449.648910198593,1459.2609302598235,19.91758410246168,0.050206893213629485,0.05020689229680161,geom,71
mixture,0.007250000000000005,721.8244550992965,1449.648910198593,1459.2609302598235,19.91758392392414,0.05020688659525308,0.05020689279962162,geom,71
mixture,0.008000000000000005,721.8244550992965,1449.648910198593,1459.2609302598235,19.917584173263048,0.05020689469850346,0.05020689210537837,geom,71
mixture,0.006500000000000004,721.8244550992965,1449.648910198593,1459.2609302598235,19.917584111128768,0.05020690017456451,0.05020689223111483,geom,71
mixture,0.006250000000000004,721.8244550992965,1449.648910198593,1459.2609302598235,19.917584167493462,0.050206896003057964,0.05020689211637519,geom,71
mixture,0.0070000000000000045,721.8244550992965,1449.648910198593,1459.2609302598235,19.91758426151557,0.05020688042690056,0.050206891984566085,geom,71
mixture,0.05,721.8244550992965,1449.648910198593,1459.2609302598235,19.91758419935004,0.05020688661028016,0.050206892347211665,geom,71
mixture,0.005000000000000003,721.8244550992965,1449.648910198593,1459.2609302598235,19.917584250421964,0.05020689407203285,0.05020689192087061,geom,71
mixture,0.005250000000000003,721.8244550992965,1449.648910198593,1459.2609302598235,19.917584259475134,0.05020690113638594,0.050206891860105345,geom,71
mixture,0.005500000000000003,721.8244550992965,1449.648910198593,1459.2609302598235,19.91758426207342,0.050206883151861066,0.050206891950649576,geom,71
mixture,0.007750000000000005,721.8244550992965,1449.648910198593,1459.2609302598235,19.91758411172758,0.05020688671310386,0.05020689232472788,geom,71
mixture,0.0047500000000000025,721.8244550992965,1449.648910198593,1459.2609302598235,19.917584467915265,0.050206890830719546,0.050206891386021794,geom,71
mixture,0.004500000000000002,721.8244550992965,1449.648910198593,1459.2609302598235,19.917584212097083,0.05020689346621638,0.050206892021733,geom,71
mixture,0.004000000000000002,721.8244550992965,1449.648910198593,1459.2609302598235,19.91758407483485,0.050206892458111545,0.05020689237389763,geom,71
mixture,0.003000000000000001,721.8244550992965,1449.648910198593,1459.2609302598235,19.917583952649117,0.05020689537968665,0.05020689267411527,geom,71
mixture,0.15000000000000002,721.8244550992965,1449.648910198593,1459.2609302598235,19.91758417000693,0.050206895648749056,0.05020689151413983,geom,71
mixture,0.006000000000000004,721.8244550992966,1449.6489101985933,1459.2609302598237,19.917584291779633,0.050206896754794395,0.05020689179763185,geom,71
mixture,0.008750000000000006,721.8244550992968,1449.6489101985935,1459.260930259824,19.917584390230573,0.05020689229087285,0.050206891572924336,geom,71
mixture,0.0025000000000000005,721.8244550992968,1449.6489101985935,1459.260930259824,19.917584270603236,0.05020688575250171,0.05020689189611389,geom,71
mixture,0.0035000000000000014,721.8244550992968,1449.6489101985935,1459.260930259824,19.91758403654745,0.05020689325806774,0.05020689246798146,geom,71
mixture,0.003250000000000001,721.8244550992968,1449.6489101985935,1459.260930259824,19.917584471380216,0.05020688241608442,0.05020689140386017,geom,71
mixture,0.0022500000000000003,721.8244550992968,1449.6489101985935,1459.260930259824,19.917584357057223,0.050206894272161615,0.05020689165694328,geom,71
mixture,0.005750000000000003,721.8244550992968,1449.6489101985935,1459.260930259824,19.917584355348453,0.050206882947511106,0.050206891717562666,geom,71
mixture,0.010000000000000007,721.8244550992968,1449.6489101985935,1459.260930259824,19.917584222410024,0.05020688294304381,0.050206892093744036,geom,71
mixture,0.009500000000000007,721.8244550992968,1449.6489101985935,1459.260930259824,19.91758434937823,0.05020689179079806,0.050206891681142465,geom,71
mixture,0.007500000000000005,721.824455099297,1449.648910198594,1459.2609302598244,19.91758448955045,0.05020689229184015,0.050206891321570586,geom,71
null,,721.8244550992968,1445.6489101985935,1448.8529168856703,19.917584281580908,0.05020689185308308,,geom,71
sum,,721.2718691104296,1444.5437382208593,1447.747744907936,29.969915789172724,0.0667335875772645,,geom,71
mixture,0.4,739.5911225533695,1485.182245106739,1494.7611156594096,12.396468258041331,0.041927111815603775,0.21007652585808567,geom,72
mixture,0.45,739.6082151308303,1485.2164302616607,1494.7953008143313,13.500825995637406,0.042040542982258344,0.19664819201383066,geom,72
mixture,0.5,739.6302616787834,1485.2605233575669,1494.8393939102375,14.550481566632955,0.1856920774999371,0.042166153276159045,geom,72
mixture,0.35000000000000003,739.7128941696814,1485.4257883393627,1495.0046588920334,17.416135164786496,0.16254645694515457,0.04258691364587834,geom,72
mixture,0.3,739.7432371694431,1485.4864743388862,1495.0653448915568,18.290452267968462,0.15706646999028695,0.04273391334308209,geom,72
mixture,0.25,739.7741358320491,1485.5482716640981,1495.1271422167688,19.132154242316567,0.15226874139725996,0.042880861557751594,geom,72
mixture,0.2,739.8052729752382,1485.6105459504763,1495.189416503147,19.943402704988028,0.14807950955235488,0.0430274618110772,geom,72
mixture,0.15000000000000002,739.8180412548234,1485.6360825096467,1495.2149530623174,6.519871195919171,0.04068858251052546,0.3,geom,72
mixture,0.1,739.8747331809013,1485.7494663618027,1495.3283369144733,21.251699504802893,0.18834334600377078,0.04343471225978669,geom,72
mixture,0.05,739.9034831579227,1485.8069663158453,1495.385836868516,22.077337034043936,0.1990214568528966,0.04352585476621977,geom,72
mixture,0.010000000000000007,739.923264750535,1485.84652950107,1495.4254000537408,22.768891453384057,0.191879222332306,0.04358012901655829,geom,72
mixture,0.009750000000000007,739.9233904216152,1485.8467808432304,1495.425651395901,22.773154352954496,0.1918412316485642,0.04358047581813343,geom,72
mixture,0.009500000000000007,739.9235161021752,1485.8470322043504,1495.425902757021,22.777417079969624,0.19180298714829633,0.043580821924669055,geom,72
mixture,0.009250000000000006,739.9236417922178,1485.8472835844357,1495.4261541371063,22.781679116810604,0.1917644674812705,0.04358116832890233,geom,72
mixture,0.009000000000000006,739.923767491631,1485.847534983262,1495.4264055359326,22.7859404473398,0.19172564429526706,0.04358151506366805,geom,72
mixture,0.008750000000000006,739.9238932004057,1485.8477864008114,1495.426656953482,22.790200968423182,0.19168649059599543,0.04358186232637474,geom,72
mixture,0.008500000000000006,739.9240189184861,1485.8480378369723,1495.426908389643,22.794461344100903,0.19164697470655687,0.04358220884524481,geom,72
mixture,0.008250000000000006,739.9241446458113,1485.8482892916227,1495.4271598442933,22.7987209495902,0.19160705968340344,0.04358255581872478,geom,72
mixture,0.008000000000000005,739.9242703824688,1485.8485407649375,1495.4274113176082,22.802979816887124,0.19156671203216255,0.04358290318317481,geom,72
mixture,0.007750000000000005,739.924396128393,1485.848792256786,1495.4276628094567,22.807238579885276,0.19152588650210695,0.043583249725787525,geom,72
mixture,0.007500000000000005,739.9245218837218,1485.8490437674436,1495.4279143201143,22.81149618857674,0.19148454120223846,0.04358359745402046,geom,72
mixture,0.007250000000000005,739.9246476484939,1485.8492952969877,1495.4281658496584,22.815753522640275,0.19144262467288084,0.043583944682545464,geom,72
mixture,0.0070000000000000045,739.9247734228122,1485.8495468456244,1495.428417398295,22.820010136713442,0.19140008064448033,0.04358429226147668,geom,72
mixture,0.006750000000000004,739.9248992068701,1485.8497984137402,1495.428668966411,22.824266349827262,0.19135685044776968,0.04358463957610911,geom,72
mixture,0.006500000000000004,739.9250250008088,1485.8500500016175,1495.4289205542882,22.82852185532587,0.19131286274277887,0.04358498720991634,geom,72
mixture,0.006250000000000004,739.9251508048762,1485.8503016097525,1495.4291721624231,22.83277686397852,0.19126804194854666,0.04358533475435561,geom,72
mixture,0.006000000000000004,739.9252766193758,1485.8505532387517,1495.4294237914223,22.837031435800103,0.19122230344204605,0.04358568208827087,geom,72
mixture,0.005750000000000003,739.925402444584,1485.850804889168,1495.4296754418388,22.84128528421277,0.19117554580600374,0.04358602975348617,geom,72
mixture,0.005500000000000003,739.9255282809477,1485.8510565618953,1495.429927114566,22.84553814685888,0.19112766151970903,0.0435863782414994,geom,72
mixture,0.005250000000000003,739.9256541289426,1485.8513082578852,1495.4301788105558,22.84979076701997,0.19107852565329442,0.04358672612189718,geom,72
mixture,0.005000000000000003,739.9257799891229,1485.8515599782459,1495.4304305309165,22.854042855458545,0.19102799360060138,0.04358707393568846,geom,72
mixture,0.0047500000000000025,739.9259058621612,1485.8518117243225,1495.4306822769931,22.85829420367974,0.19097590043961352,0.04358742206671637,geom,72
mixture,0.004500000000000002,739.9260317487949,1485.8520634975898,1495.4309340502605,22.862544796966365,0.19092205043811125,0.04358777052725645,geom,72
mixture,0.004250000000000002,739.9261576499707,1485.8523152999414,1495.431185852612,22.866794638853666,0.19086622154355204,0.043588119290344146,geom,72
mixture,0.004000000000000002,739.9262835667521,1485.8525671335042,1495.4314376861748,22.87104416727251,0.1908081480955162,0.04358846749788283,geom,72
mixture,0.0037500000000000016,739.9264095003928,1485.8528190007855,1495.4316895534562,22.875292753227527,0.19074751309870977,0.04358881632350481,geom,72
mixture,0.0035000000000000014,739.9265354523989,1485.8530709047977,1495.4319414574684,22.879540424250415,0.1906839382163571,0.04358916568256154,geom,72
mixture,0.003250000000000001,739.9266614245521,1485.8533228491042,1495.4321934017748,22.883787832111768,0.19061696317303206,0.04358951429462893,geom,72
mixture,0.003000000000000001,739.9267874189636,1485.8535748379272,1495.4324453905979,22.888034075136645,0.19054601686723135,0.04358986383428943,geom,72
mixture,0.0027500000000000007,739.9269134381725,1485.853826876345,1495.4326974290157,22.892279901701432,0.1904703838329397,0.04359021282144943,geom,72
mixture,0.0025000000000000005,739.9270394854273,1485.8540789708545,1495.4329495235252,22.89653218777521,0.1903891779057184,0.04359054808973612,geom,72
mixture,0.0022500000000000003,739.9271655642332,1485.8543311284664,1495.433201681137,22.900773338154142,0.1903011540765873,0.043590903085077674,geom,72
mixture,0.002,739.9272916795046,1485.8545833590092,1495.4334539116799,22.90501441158932,0.19020474047230426,0.043591256633571274,geom,72
null,,739.9283038024512,1481.8566076049024,1485.0495644557925,22.938891508147684,0.04359408560107663,,geom,72
sum,,740.6043986146456,1483.2087972292911,1486.4017540801813,34.753307223929056,0.05754847983569515,,geom,72
mixture,0.008000000000000005,642.4494020870811,1290.8988041741623,1300.0483721959108,23.10897561231169,0.04327322965310065,0.0432732292727383,geom,73
mixture,0.2,642.4494020870812,1290.8988041741625,1300.048372195911,23.108974790818966,0.043273235352606215,0.04327322967945589,geom,73
mixture,0.0037500000000000016,642.4494020870814,1290.8988041741627,1300.0483721959113,23.108975493286447,0.04327323025805052,0.04327322949580616,geom,73
mixture,0.002,642.4494020870814,1290.8988041741627,1300.0483721959113,23.1089757287913,0.04327322816553294,0.043273229059452537,geom,73
mixture,0.007500000000000005,642.4494020870814,1290.8988041741627,1300.0483721959113,23.108975676338382,0.04327322906664238,0.043273229156560976,geom,73
mixture,0.008250000000000006,642.4494020870814,1290.8988041741627,1300.0483721959113,23.108975678962256,0.04327322846024813,0.04327322915671908,geom,73
mixture,0.006000000000000004,642.4494020870814,1290.8988041741627,1300.0483721959113,23.10897585151675,0.043273229717278615,0.04327322882248365,geom,73
mixture,0.0027500000000000007,642.4494020870814,1290.8988041741627,1300.0483721959113,23.108975721884484,0.04327322976010673,0.043273229068696836,geom,73
mixture,0.008750000000000006,642.4494020870814,1290.8988041741627,1300.0483721959113,23.10897569697252,0.04327322956445535,0.04327322911330006,geom,73
mixture,0.009750000000000007,642.4494020870814,1290.8988041741627,1300.0483721959113,23.10897563459403,0.04327322940327349,0.043273229232389784,geom,73
mixture,0.009250000000000006,642.4494020870814,1290.8988041741627,1300.0483721959113,23.108975524275454,0.04327322903443045,0.0432732294444279,geom,73
mixture,0.45,642.4494020870814,1290.8988041741627,1300.0483721959113,23.10897578875301,0.04327322974232397,0.043273228293338704,geom,73
mixture,0.15000000000000002,642.4494020870814,1290.8988041741627,1300.0483721959113,23.108974788909634,0.04327323475423137,0.04327323012297241,geom,73
mixture,0.25,642.4494020870814,1290.8988041741627,1300.0483721959113,23.108975912534405,0.04327323237580144,0.04327322749285625,geom,73
mixture,0.010000000000000007,642.4494020870814,1290.8988041741627,1300.0483721959113,23.108975543945235,0.04327322974209267,0.043273229400385256,geom,73
mixture,0.003000000000000001,642.4494020870814,1290.8988041741627,1300.0483721959113,23.108975598144138,0.043273228641908704,0.04327322930429814,geom,73
mixture,0.35000000000000003,642.4494020870815,1290.898804174163,1300.0483721959115,23.10897576355314,0.04327323076320512,0.04327322803915214,geom,73
mixture,0.4,642.4494020870815,1290.898804174163,1300.0483721959115,23.108975859848393,0.04327323138491325,0.0432732270971427,geom,73
mixture,0.004500000000000002,642.4494020870815,1290.898804174163,1300.0483721959115,23.108975596326832,0.04327322921838337,0.04327322930610877,geom,73
mixture,0.006250000000000004,642.4494020870816,1290.8988041741632,1300.0483721959117,23.10897563178412,0.04327322960685525,0.04327322923700611,geom,73
mixture,0.0047500000000000025,642.4494020870816,1290.8988041741632,1300.0483721959117,23.1089756885201,0.04327322989522643,0.04327322912943794,geom,73
mixture,0.004250000000000002,642.4494020870816,1290.8988041741632,1300.0483721959117,23.108975788532025,0.04327322972022151,0.04327322894249052,geom,73
mixture,0.004000000000000002,642.4494020870816,1290.8988041741632,1300.0483721959117,23.108975965565634,0.0432732286262073,0.04327322861423977,geom,73
mixture,0.0070000000000000045,642.4494020870816,1290.8988041741632,1300.0483721959117,23.10897578736153,0.04327322822842221,0.04327322895306017,geom,73
mixture,0.009000000000000006,642.4494020870816,1290.8988041741632,1300.0483721959117,23.108975650555372,0.04327322914822456,0.0432732292046752,geom,73
mixture,0.008500000000000006,642.4494020870816,1290.8988041741632,1300.0483721959117,23.108975451401996,0.04327323037621169,0.04327322957024554,geom,73
mixture,0.005500000000000003,642.4494020870816,1290.8988041741632,1300.0483721959117,23.108975716223874,0.04327322989182448,0.04327322907671501,geom,73
mixture,0.005750000000000003,642.4494020870816,1290.8988041741632,1300.0483721959117,23.108975559527668,0.043273230520778645,0.04327322936799459,geom,73
mixture,0.0035000000000000014,642.4494020870816,1290.8988041741632,1300.0483721959117,23.108975797018974,0.043273229147402434,0.043273228929139526,geom,73
mixture,0.0025000000000000005,642.4494020870816,1290.8988041741632,1300.0483721959117,23.10897595856206,0.04327322768234835,0.04327322862977089,geom,73
mixture,0.003250000000000001,642.4494020870816,1290.8988041741632,1300.0483721959117,23.1089755303462,0.04327322964141589,0.04327322942857579,geom,73
mixture,0.0022500000000000003,642.4494020870816,1290.8988041741632,1300.0483721959117,23.10897575830927,0.04327322889379761,0.043273229002635055,geom,73
mixture,0.5,642.4494020870816,1290.8988041741632,1300.0483721959117,23.108975574942857,0.043273229345757044,0.043273229345757044,geom,73
mixture,0.1,642.4494020870816,1290.8988041741632,1300.0483721959117,23.108975056703237,0.04327323342946587,0.04327322997027967,geom,73
mixture,0.009500000000000007,642.4494020870816,1290.8988041741632,1300.0483721959117,23.108975815028494,0.043273230120959856,0.04327322888443231,geom,73
mixture,0.05,642.4494020870816,1290.8988041741632,1300.0483721959117,23.10897575381324,0.04327323006638597,0.04327322895525264,geom,73
mixture,0.007250000000000005,642.4494020870816,1290.8988041741632,1300.0483721959117,23.10897604353987,0.04327322698279366,0.04327322847912364,geom,73
mixture,0.007750000000000005,642.4494020870816,1290.8988041741632,1300.0483721959117,23.10897566380609,0.04327323046295304,0.043273229169328624,geom,73
mixture,0.005250000000000003,642.4494020870817,1290.8988041741634,1300.048372195912,23.108975730834683,0.04327322909442039,0.04327322905362414,geom,73
mixture,0.005000000000000003,642.4494020870817,1290.8988041741634,1300.048372195912,23.10897588530818,0.0432732283685635,0.04327322876656553,geom,73
mixture,0.006750000000000004,642.4494020870817,1290.8988041741634,1300.048372195912,23.108975812455803,0.0432732291396211,0.0432732288993752,geom,73
mixture,0.006500000000000004,642.4494020870818,1290.8988041741636,1300.0483721959122,23.108975977969155,0.04327322856114218,0.04327322859125689,geom,73
mixture,0.3,642.4494020870818,1290.8988041741636,1300.0483721959122,23.108976073036025,0.04327323154340669,0.04327322707145663,geom,73
null,,642.4494020870826,1286.8988041741652,1289.9486601814147,23.10897729930148,0.04327322611677096,,geom,73
sum,,642.274775932018,1286.549551864036,1289.5994078712854,34.81582127635721,0.0574451478287592,,geom,73
mixture,0.35000000000000003,818.7228659556768,1643.4457319113535,1653.280075889045,23.295620054241134,0.03531537936134377,0.04856209960747296,geom,74
mixture,0.4,818.7437962839599,1643.4875925679198,1653.3219365456114,23.384501446181396,0.036009387899580414,0.04887471237128897,geom,74
mixture,0.3,818.8295134909952,1643.6590269819903,1653.493370959682,23.924211246167992,0.050488559893040214,0.03892722979062576,geom,74
mixture,0.45,818.8843706609498,1643.7687413218996,1653.6030852995912,24.500001187104296,0.04081632542723873,0.04081632383758509,geom,74
mixture,0.5,818.88437066095,1643.7687413219,1653.6030852995916,24.500001082656844,0.04081632472693578,0.04081632472693578,geom,74
mixture,0.2,818.8843706609505,1643.768741321901,1653.6030852995925,24.50000203481097,0.04081632681691618,0.04081632222161279,geom,74
mixture,0.25,818.8843706609505,1643.768741321901,1653.6030852995925,24.500001856644104,0.040816327473203906,0.04081632209225813,geom,74
mixture,0.1,818.8843706609506,1643.7687413219012,1653.6030852995927,24.500002392077526,0.040816325092983656,0.04081632226242098,geom,74
mixture,0.15000000000000002,818.8843706609506,1643.7687413219012,1653.6030852995927,24.500002004500097,0.040816326938623394,0.04081632252985531,geom,74
mixture,0.008000000000000005,818.8843706609507,1643.7687413219014,1653.603085299593,24.500002467148626,0.040816323105038244,0.04081632241488968,geom,74
mixture,0.009750000000000007,818.8843706609507,1643.7687413219014,1653.603085299593,24.500002518782512,0.04081632254809874,0.040816322332286076,geom,74
mixture,0.0070000000000000045,818.8843706609508,1643.7687413219016,1653.6030852995932,24.500002553249967,0.04081632294448523,0.04081632227226287,geom,74
mixture,0.005000000000000003,818.8843706609509,1643.7687413219019,1653.6030852995934,24.50000268859938,0.040816322294449696,0.04081632205025912,geom,74
mixture,0.005250000000000003,818.8843706609509,1643.7687413219019,1653.6030852995934,24.500002669943058,0.04081632237899141,0.04081632208099652,geom,74
mixture,0.004500000000000002,818.8843706609509,1643.7687413219019,1653.6030852995934,24.50000253722468,0.04081632286911189,0.0408163223011101,geom,74
mixture,0.0022500000000000003,818.8843706609509,1643.7687413219019,1653.6030852995934,24.50000278151634,0.04081632171798606,0.040816321897085985,geom,74
mixture,0.008250000000000006,818.8843706609509,1643.7687413219019,1653.6030852995934,24.50000262191397,0.04081632265475298,0.040816322158481876,geom,74
mixture,0.0047500000000000025,818.8843706609509,1643.7687413219019,1653.6030852995934,24.50000280897546,0.040816321931114584,0.04081632185055421,geom,74
mixture,0.007750000000000005,818.884370660951,1643.768741321902,1653.6030852995937,24.50000276495564,0.040816322590675636,0.04081632191906771,geom,74
mixture,0.004250000000000002,818.884370660951,1643.768741321902,1653.6030852995937,24.500002887070174,0.040816322137194654,0.04081632171905618,geom,74
mixture,0.009500000000000007,818.884370660951,1643.768741321902,1653.6030852995937,24.500002875026084,0.040816323269019815,0.04081632172624199,geom,74
mixture,0.005750000000000003,818.8843706609512,1643.7687413219023,1653.6030852995939,24.500002713366456,0.04081632302174476,0.0408163220043689,geom,74
mixture,0.05,818.8843706609512,1643.7687413219023,1653.6030852995939,24.500002627079223,0.04081632421802222,0.04081632204533667,geom,74
mixture,0.006500000000000004,818.8843706609512,1643.7687413219023,1653.6030852995939,24.500002864763566,0.04081632249400445,0.0408163217531801,geom,74
mixture,0.009250000000000006,818.8843706609512,1643.7687413219023,1653.6030852995939,24.50000285243531,0.040816322141229676,0.040816321775147726,geom,74
mixture,0.008750000000000006,818.8843706609512,1643.7687413219023,1653.6030852995939,24.50000262047323,0.040816322037211104,0.04081632216610416,geom,74
mixture,0.007500000000000005,818.8843706609512,1643.7687413219023,1653.6030852995939,24.500002633215857,0.04081632258530944,0.04081632214041075,geom,74
mixture,0.0035000000000000014,818.8843706609512,1643.7687413219023,1653.6030852995939,24.500002788666233,0.04081632143942432,0.040816321886335674,geom,74
mixture,0.004000000000000002,818.8843706609512,1643.7687413219023,1653.6030852995939,24.500002866922586,0.04081632230441764,0.04081632175218967,geom,74
mixture,0.006750000000000004,818.8843706609513,1643.7687413219026,1653.603085299594,24.500002801332318,0.040816322061990186,0.04081632186232238,geom,74
mixture,0.008500000000000006,818.8843706609513,1643.7687413219026,1653.603085299594,24.50000297077755,0.04081632167208948,0.04081632158060146,geom,74
mixture,0.007250000000000005,818.8843706609513,1643.7687413219026,1653.603085299594,24.500002828324796,0.040816321720282704,0.04081632181942017,geom,74
mixture,0.002,818.8843706609513,1643.7687413219026,1653.603085299594,24.500002838741395,0.040816322008174505,0.04081632180093318,geom,74
mixture,0.0025000000000000005,818.8843706609514,1643.7687413219028,1653.6030852995943,24.499996761580057,0.04081633204621686,0.0408163319254296,geom,74
mixture,0.009000000000000006,818.8843706609514,1643.7687413219028,1653.6030852995943,24.50000294512219,0.04081632214276375,0.04081632161941004,geom,74
mixture,0.006250000000000004,818.8843706609514,1643.7687413219028,1653.6030852995943,24.500002851618245,0.04081632261586233,0.04081632177463754,geom,74
mixture,0.003000000000000001,818.8843706609514,1643.7687413219028,1653.6030852995943,24.500002774132653,0.040816322231779285,0.04081632190801272,geom,74
mixture,0.005500000000000003,818.8843706609514,1643.7687413219028,1653.6030852995943,24.500002816654018,0.040816321975076064,0.040816321837387336,geom,74
mixture,0.006000000000000004,818.8843706609514,1643.7687413219028,1653.6030852995943,24.500003003064275,0.04081632197845832,0.04081632152486879,geom,74
mixture,0.003250000000000001,818.8843706609514,1643.7687413219028,1653.6030852995943,24.500002991621322,0.04081632133753974,0.040816321547335804,geom,74
mixture,0.010000000000000007,818.8843706609514,1643.7687413219028,1653.6030852995943,24.500002770545663,0.04081632272391434,0.04081632190678859,geom,74
mixture,0.0027500000000000007,818.8843706609515,1643.768741321903,1653.6030852995946,24.500002956390492,0.04081632123278621,0.04081632160637491,geom,74
mixture,0.0037500000000000016,818.8843706609515,1643.768741321903,1653.6030852995946,24.500002897553085,0.040816321696717436,0.04081632170339406,geom,74
null,,818.8843706609518,1639.7687413219037,1643.0468559811343,24.500003261073406,0.040816321097754314,,geom,74
sum,,819.4660551765617,1640.9321103531233,1644.210225012354,36.970969141280875,0.054096499130363594,,geom,74
mixture,0.15000000000000002,753.2428351222804,1512.4856702445609,1522.1949961330508,10.193639632088605,0.03781374985148767,0.13650608589537463,geom,75
mixture,0.4,753.3844941498676,1512.7689882997352,1522.478314188225,14.170504590926143,0.043310481723225824,0.12158387328282341,geom,75
mixture,0.45,753.5265164774926,1513.0530329549852,1522.762358843475,14.842261324673839,0.04391943908132394,0.11966331973681593,geom,75
mixture,0.5,753.6686475873126,1513.3372951746253,1523.0466210631153,15.48544425805328,0.11795895177875508,0.04445755804151572,geom,75
mixture,0.1,753.9665202464876,1513.9330404929751,1523.642366381465,9.269681957462717,0.035187609565075884,0.14001740079857072,geom,75
mixture,0.35000000000000003,754.0732461152967,1514.1464922305934,1523.8558181190833,17.27594049256303,0.11381186041190883,0.04577242430666987,geom,75
mixture,0.3,754.198138965064,1514.396277930128,1524.105603818618,17.834456424739383,0.11267554556363435,0.046137791149885844,geom,75
mixture,0.25,754.3177634655976,1514.6355269311953,1524.3448528196852,18.377043219541267,0.11162924189603295,0.046475638704877247,geom,75
mixture,0.2,754.4322346936215,1514.864469387243,1524.573795275733,18.904998225627114,0.11066607399003084,0.04678975592431195,geom,75
mixture,0.05,754.7468236184302,1515.4936472368604,1525.2029731253504,20.413045207119545,0.1081731881192163,0.047617082167206885,geom,75
mixture,0.010000000000000007,754.8325974841327,1515.6651949682655,1525.3745208567555,20.744505661147265,0.18962960191326844,0.047845106476290915,geom,75
mixture,0.009750000000000007,754.8328524848364,1515.6657049696728,1525.3750308581627,20.748246754360746,0.18959296344915133,0.047845512593450774,geom,75
mixture,0.009500000000000007,754.833107596128,1515.666215192256,1525.375541080746,20.75198695121374,0.18955624765654755,0.04784591946240877,geom,75
mixture,0.009250000000000006,754.8333628166728,1515.6667256333455,1525.3760515218355,20.755726769906097,0.18951943570584628,0.04784632589211461,geom,75
mixture,0.009000000000000006,754.8336181456788,1515.6672362913575,1525.3765621798475,20.759465737736537,0.1894825109825031,0.04784673297923747,geom,75
mixture,0.008750000000000006,754.833873582365,1515.66774716473,1525.3770730532199,20.76320396100462,0.1894454557242177,0.0478471404817637,geom,75
mixture,0.008500000000000006,754.8341291258079,1515.6682582516157,1525.3775841401057,20.76694181013822,0.18940824884828986,0.04784754754871153,geom,75
mixture,0.008250000000000006,754.834384775342,1515.668769550684,1525.3780954391739,20.77067909218669,0.18937086888678123,0.047847954629298306,geom,75
mixture,0.008000000000000005,754.8346405300036,1515.6692810600073,1525.3786069484972,20.774415397453332,0.18933328819617767,0.04784836267435881,geom,75
mixture,0.007750000000000005,754.8348963895758,1515.6697927791515,1525.3791186676415,20.778151428143293,0.1892954852661988,0.047848770063415196,geom,75
mixture,0.007500000000000005,754.8351523529655,1515.670304705931,1525.3796305944209,20.781886601445148,0.18925742400900047,0.047849178147504313,geom,75
mixture,0.007250000000000005,754.8354084198811,1515.6708168397622,1525.3801427282522,20.78562135248582,0.18921907425219214,0.04784958592364357,geom,75
mixture,0.0070000000000000045,754.8356645742708,1515.6713291485416,1525.3806550370316,20.78935903617129,0.18918020484709508,0.047849985746173704,geom,75
mixture,0.006750000000000004,754.83592084778,1515.67184169556,1525.38116758405,20.793092538922497,0.18914116566396075,0.047850393841319935,geom,75
mixture,0.006500000000000004,754.8361772239653,1515.6723544479305,1525.3816803364205,20.796825218117412,0.18910171632459571,0.0478508025574003,geom,75
mixture,0.006250000000000004,754.8364337022765,1515.672867404553,1525.382193293043,20.800557029361396,0.18906179941956092,0.04785121199901515,geom,75
mixture,0.006000000000000004,754.836690282812,1515.673380565624,1525.382706454114,20.804288571989904,0.18902135814496096,0.047851620783843134,geom,75
mixture,0.005750000000000003,754.8369469654883,1515.6738939309766,1525.3832198194666,20.808019350387507,0.18898032191360947,0.04785203005404543,geom,75
mixture,0.005500000000000003,754.8372037508755,1515.674407501751,1525.3837333902409,20.811749696850764,0.18893861868261408,0.04785243904039802,geom,75
mixture,0.005250000000000003,754.8374606392476,1515.6749212784953,1525.3842471669852,20.815479204684806,0.18889615696035797,0.04785284867748021,geom,75
mixture,0.005000000000000003,754.837717631139,1515.675435262278,1525.3847611507679,20.819208362472278,0.1888528324490172,0.047853257836799015,geom,75
mixture,0.0047500000000000025,754.8379747277331,1515.6759494554663,1525.3852753439562,20.822936546484723,0.18880852991302907,0.04785366794686164,geom,75
mixture,0.004500000000000002,754.8382319302493,1515.6764638604986,1525.3857897489886,20.826664589955033,0.1887631106423742,0.0478540770826739,geom,75
mixture,0.004250000000000002,754.8384892401336,1515.6769784802673,1525.3863043687572,20.83039144985446,0.1887164061396869,0.04785448763533503,geom,75
mixture,0.004000000000000002,754.8387466595648,1515.6774933191296,1525.3868192076195,20.83411815738892,0.1886682241068825,0.0478548972197091,geom,75
mixture,0.0037500000000000016,754.8390041909279,1515.6780083818558,1525.3873342703457,20.83784365143537,0.18861832370710102,0.04785530826196333,geom,75
mixture,0.0035000000000000014,754.8392618375332,1515.6785236750663,1525.3878495635563,20.841569178604775,0.18856642099504448,0.047855717876513534,geom,75
mixture,0.003250000000000001,754.8395196033507,1515.6790392067014,1525.3883650951914,20.845293310720507,0.18851215986515074,0.047856129323063504,geom,75
mixture,0.003000000000000001,754.8397774934467,1515.6795549868934,1525.3888808753834,20.849017392499373,0.18845510067465307,0.04785653948171416,geom,75
mixture,0.0027500000000000007,754.8400355139356,1515.6800710278712,1525.3893969163612,20.852740400640783,0.18839467508218985,0.047856950668315044,geom,75
mixture,0.0025000000000000005,754.8402936729126,1515.6805873458252,1525.3899132343151,20.856462807686942,0.18833015902803285,0.047857361750391396,geom,75
mixture,0.0022500000000000003,754.8405519805168,1515.6811039610336,1525.3904298495236,20.860184390656194,0.1882605859736956,0.047857773181536306,geom,75
mixture,0.002,754.8408104498424,1515.6816208996847,1525.3909467881747,20.86390516179947,0.1881846367991955,0.04785818485809323,geom,75
null,,754.8428905551627,1511.6857811103255,1514.9222230731555,20.893619401270332,0.04786150167640174,,geom,75
sum,,757.1888554197916,1516.3777108395832,1519.6141528024132,31.905392907210665,0.06268532739328833,,geom,75
mixture,0.007500000000000005,658.4601389093232,1322.9202778186464,1332.145799264348,23.043751396311805,0.04339571196471808,0.043395712044255005,geom,76
mixture,0.15000000000000002,658.4601389093232,1322.9202778186464,1332.145799264348,23.04375097721436,0.04339571646822125,0.043395712191370076,geom,76
mixture,0.5,658.4601389093232,1322.9202778186464,1332.145799264348,23.043751336999442,0.043395712155354794,0.043395712155354794,geom,76
mixture,0.003000000000000001,658.4601389093233,1322.9202778186466,1332.1457992643482,23.043751349747385,0.04339571216393773,0.043395712131249965,geom,76
mixture,0.009250000000000006,658.4601389093233,1322.9202778186466,1332.1457992643482,23.043751445938916,0.043395712730841175,0.043395711942912966,geom,76
mixture,0.005000000000000003,658.4601389093233,1322.9202778186466,1332.1457992643482,23.043751309186895,0.04339571194827495,0.04339571220903485,geom,76
mixture,0.006250000000000004,658.4601389093233,1322.9202778186466,1332.1457992643482,23.04375140739203,0.04339571329718974,0.04339571201477725,geom,76
mixture,0.004250000000000002,658.4601389093234,1322.9202778186468,1332.1457992643484,23.043751501221358,0.04339571193539854,0.04339571184571292,geom,76
mixture,0.006000000000000004,658.4601389093234,1322.9202778186468,1332.1457992643484,23.04375144849692,0.04339571313850751,0.04339571193818215,geom,76
mixture,0.009750000000000007,658.4601389093234,1322.9202778186468,1332.1457992643484,23.04375155176244,0.04339571182754589,0.043395711750161235,geom,76
mixture,0.0070000000000000045,658.4601389093234,1322.9202778186468,1332.1457992643484,23.043751253665423,0.04339571290062956,0.04339571230814099,geom,76
mixture,0.007250000000000005,658.4601389093234,1322.9202778186468,1332.1457992643484,23.043751232955106,0.043395712573310916,0.043395712349668415,geom,76
mixture,0.006500000000000004,658.4601389093234,1322.9202778186468,1332.1457992643484,23.043751627030467,0.04339571191987544,0.04339571160713912,geom,76
mixture,0.004500000000000002,658.4601389093234,1322.9202778186468,1332.1457992643484,23.04375152962824,0.04339571242677471,0.04339571178973191,geom,76
mixture,0.0035000000000000014,658.4601389093234,1322.9202778186468,1332.1457992643484,23.04375135687259,0.043395712454094085,0.04339571211674922,geom,76
mixture,0.0025000000000000005,658.4601389093234,1322.9202778186468,1332.1457992643484,23.043751641544045,0.04339571181157523,0.04339571158126434,geom,76
mixture,0.009000000000000006,658.4601389093234,1322.9202778186468,1332.1457992643484,23.043751371384822,0.04339571217090336,0.043395712089871384,geom,76
mixture,0.009500000000000007,658.4601389093234,1322.9202778186468,1332.1457992643484,23.0437514995164,0.043395712468493816,0.043395711843366123,geom,76
mixture,0.25,658.4601389093234,1322.9202778186468,1332.1457992643484,23.043751640788045,0.043395715317422714,0.04339571033854431,geom,76
mixture,0.35000000000000003,658.4601389093234,1322.9202778186468,1332.1457992643484,23.04375139523227,0.0433957147421731,0.04339571059373991,geom,76
mixture,0.05,658.4601389093234,1322.9202778186468,1332.1457992643484,23.043751351007252,0.04339571335513786,0.043395712064440595,geom,76
mixture,0.1,658.4601389093234,1322.9202778186468,1332.1457992643484,23.04375082663937,0.043395716211408225,0.04339571277257544,geom,76
mixture,0.004000000000000002,658.4601389093234,1322.9202778186468,1332.1457992643484,23.043751297569656,0.0433957128348941,0.04339571222717763,geom,76
mixture,0.45,658.4601389093234,1322.9202778186468,1332.1457992643484,23.043751333185476,0.04339571291834327,0.04339571154415046,geom,76
mixture,0.2,658.4601389093234,1322.9202778186468,1332.1457992643484,23.04375079412819,0.04339571745776356,0.04339571210766344,geom,76
mixture,0.4,658.4601389093234,1322.9202778186468,1332.1457992643484,23.043751517193904,0.043395714110404965,0.04339571028642146,geom,76
mixture,0.005750000000000003,658.4601389093234,1322.9202778186468,1332.1457992643484,23.04375147371552,0.043395711860401844,0.04339571189810956,geom,76
mixture,0.0047500000000000025,658.4601389093235,1322.920277818647,1332.1457992643486,23.043751423643627,0.04339571188262821,0.04339571199271041,geom,76
mixture,0.005250000000000003,658.4601389093235,1322.920277818647,1332.1457992643486,23.043751597578233,0.04339571172211441,0.04339571166433264,geom,76
mixture,0.0027500000000000007,658.4601389093235,1322.920277818647,1332.1457992643486,23.04375159934478,0.04339571178465737,0.04339571166096911,geom,76
mixture,0.3,658.4601389093235,1322.920277818647,1332.1457992643486,23.04375154459427,0.04339571535442191,0.04339571022584043,geom,76
mixture,0.002,658.4601389093236,1322.9202778186473,1332.1457992643489,23.043751655201987,0.0433957119518914,0.04339571155532651,geom,76
mixture,0.0037500000000000016,658.4601389093236,1322.9202778186473,1332.1457992643489,23.043751655462334,0.043395712033649336,0.043395711553830034,geom,76
mixture,0.003250000000000001,658.4601389093236,1322.9202778186473,1332.1457992643489,23.04375155087904,0.04339571215249156,0.04339571175127539,geom,76
mixture,0.008250000000000006,658.4601389093236,1322.9202778186473,1332.1457992643489,23.04375142937647,0.04339571351712356,0.043395711968616316,geom,76
mixture,0.008750000000000006,658.4601389093236,1322.9202778186473,1332.1457992643489,23.043751446585865,0.04339571259531989,0.043395711943277605,geom,76
mixture,0.006750000000000004,658.4601389093236,1322.9202778186473,1332.1457992643489,23.043751565641184,0.043395712788179754,0.04339571171755272,geom,76
mixture,0.007750000000000005,658.4601389093236,1322.9202778186473,1332.1457992643489,23.04375133464498,0.043395712587469056,0.04339571215644828,geom,76
mixture,0.0022500000000000003,658.4601389093236,1322.9202778186473,1332.1457992643489,23.043751690817853,0.04339571069971134,0.04339571149082829,geom,76
mixture,0.005500000000000003,658.4601389093236,1322.9202778186473,1332.1457992643489,23.04375162381685,0.04339571196570004,0.043395711613285474,geom,76
mixture,0.008000000000000005,658.4601389093237,1322.9202778186475,1332.145799264349,23.043751686090864,0.04339571218489137,0.04339571149241024,geom,76
mixture,0.008500000000000006,658.4601389093237,1322.9202778186475,1332.145799264349,23.04375167099002,0.043395711120028435,0.043395711529871484,geom,76
mixture,0.010000000000000007,658.4601389093237,1322.9202778186475,1332.145799264349,23.043751613319163,0.04339571128801355,0.0433957116384977,geom,76
null,,658.4601389093247,1318.9202778186493,1321.9954516338832,23.043753040434186,0.04339570894746745,,geom,76
sum,,658.594169989839,1319.188339979678,1322.263513794912,34.81300766214584,0.05744979059004756,,geom,76
mixture,0.4,745.7238015985465,1497.447603197093,1507.156929085583,16.81136266114254,0.043170489031754695,0.07951470739272712,geom,77
mixture,0.45,745.7508923670542,1497.5017847341085,1507.2111106225984,16.936891038615897,0.04413282035718109,0.0815975567368791,geom,77
mixture,0.5,745.783345464578,1497.566690929156,1507.276016817646,17.11304658253852,0.08335687497799413,0.04498530333726446,geom,77
mixture,0.35000000000000003,745.9016777580757,1497.8033555161514,1507.5126814046414,17.844252035871463,0.08699951106134032,0.04702906227607918,geom,77
mixture,0.3,745.9451329098129,1497.8902658196257,1507.5995917081157,18.129125265788375,0.08779788890118488,0.04757960310688397,geom,77
mixture,0.25,745.989493013564,1497.978986027128,1507.688311915618,18.42547154891152,0.0884434818145048,0.048080598106181156,geom,77
mixture,0.2,746.0342989198059,1498.0685978396118,1507.7779237281018,18.72934772706279,0.08897404555809853,0.04853926779305369,geom,77
mixture,0.15000000000000002,746.0791954104423,1498.1583908208845,1507.8677167093745,19.038340482615894,0.08940534607201531,0.04896147396421469,geom,77
mixture,0.1,746.1239108890394,1498.2478217780788,1507.9571476665687,19.350524408083857,0.08975356808656124,0.049351947041454645,geom,77
mixture,0.05,746.2108096564225,1498.421619312845,1508.130945201335,19.27456887309153,0.1962904595054879,0.04994783259658586,geom,77
mixture,0.010000000000000007,746.2112709023597,1498.4225418047195,1508.1318676932094,19.840650972901933,0.18827935875691423,0.05003148848922271,geom,77
mixture,0.009750000000000007,746.2112874496695,1498.422574899339,1508.131900787829,19.844115847039763,0.188243203337984,0.05003202972397575,geom,77
mixture,0.009500000000000007,746.2113041206396,1498.4226082412792,1508.1319341297692,19.84758000454274,0.18820703976423897,0.05003257123422413,geom,77
mixture,0.009250000000000006,746.211320914781,1498.422641829562,1508.131967718052,19.851043925770043,0.18817085849856838,0.05003311181119732,geom,77
mixture,0.009000000000000006,746.2113378313502,1498.4226756627004,1508.1320015511903,19.854506897407884,0.18813464279701858,0.050033653266535916,geom,77
mixture,0.008750000000000006,746.2113548697973,1498.4227097395947,1508.1320356280846,19.857969075680785,0.1880983788486557,0.050034195211161536,geom,77
mixture,0.008500000000000006,746.2113720297243,1498.4227440594486,1508.1320699479386,19.861430730517775,0.18806205438234747,0.05003473696734754,geom,77
mixture,0.008250000000000006,746.2113893104745,1498.422778620949,1508.132104509439,19.864891802383173,0.1880256498771273,0.0500352786930794,geom,77
mixture,0.008000000000000005,746.2114067116383,1498.4228134232767,1508.1321393117667,19.868352498530324,0.18798914902138658,0.050035819869666695,geom,77
mixture,0.007750000000000005,746.2114242326593,1498.4228484653186,1508.1321743538085,19.871811992580273,0.18795252903171963,0.05003636258937472,geom,77
mixture,0.007500000000000005,746.2114418732701,1498.4228837465403,1508.1322096350302,19.875271297203895,0.18791577276310636,0.05003690429869672,geom,77
mixture,0.007250000000000005,746.2114596326481,1498.4229192652963,1508.1322451537862,19.878729691427747,0.18787884560767418,0.05003744682660632,geom,77
mixture,0.0070000000000000045,746.2114775108273,1498.4229550216546,1508.1322809101446,19.88218753557541,0.18784173029539447,0.05003798926282761,geom,77
mixture,0.006750000000000004,746.2114955043784,1498.4229910087568,1508.1323168972467,19.885646048977968,0.1878043196583182,0.050038528574611045,geom,77
mixture,0.006500000000000004,746.2115136187447,1498.4230272374894,1508.1323531259793,19.889102271879405,0.18776672023287688,0.05003907215761902,geom,77
mixture,0.006250000000000004,746.2115318506799,1498.4230637013598,1508.1323895898497,19.89255845413315,0.1877288223762176,0.05003961437811532,geom,77
mixture,0.006000000000000004,746.2115501999696,1498.4231003999391,1508.132426288429,19.896013779319535,0.18769058158217602,0.05004015729616564,geom,77
mixture,0.005750000000000003,746.2115686664072,1498.4231373328143,1508.1324632213043,19.89946824126779,0.18765194682265138,0.05004070092879251,geom,77
mixture,0.005500000000000003,746.2115872499292,1498.4231744998583,1508.1325003883483,19.90292249517354,0.18761286290203052,0.05004124362569415,geom,77
mixture,0.005250000000000003,746.2116059502578,1498.4232119005155,1508.1325377890055,19.906375669561463,0.18757325553794268,0.05004178758454478,geom,77
mixture,0.005000000000000003,746.2116247677011,1498.4232495354022,1508.1325754238921,19.909828679091145,0.1875330575536914,0.05004233049777336,geom,77
mixture,0.0047500000000000025,746.2116437021489,1498.4232874042978,1508.1326132927877,19.91328088377551,0.18749217090356435,0.05004287397747741,geom,77
mixture,0.004500000000000002,746.2116627538956,1498.423325507791,1508.132651396281,19.91673234064623,0.187450491923423,0.05004341787560835,geom,77
mixture,0.004250000000000002,746.2116819233493,1498.4233638466985,1508.1326897351885,19.920183245020468,0.1874078973314905,0.05004396169500072,geom,77
mixture,0.004000000000000002,746.2117012110814,1498.4234024221628,1508.1327283106527,19.923633452732098,0.1873642395621131,0.050044505790705816,geom,77
mixture,0.0037500000000000016,746.2117206177059,1498.4234412354117,1508.1327671239017,19.92708282728433,0.18731933372357606,0.050045050497623284,geom,77
mixture,0.0035000000000000014,746.2117401443222,1498.4234802886444,1508.1328061771344,19.930531868226733,0.1872729664453124,0.05004559454562648,geom,77
mixture,0.003250000000000001,746.2117597921596,1498.4235195843191,1508.132845472809,19.933980160912697,0.18722486444184686,0.05004613896158389,geom,77
mixture,0.003000000000000001,746.2117795628703,1498.4235591257407,1508.1328850142306,19.93742805632271,0.18717468825995812,0.050046682842641195,geom,77
mixture,0.0027500000000000007,746.2117994586238,1498.4235989172475,1508.1329248057375,19.940874784764336,0.18712200592847966,0.05004722809537934,geom,77
mixture,0.0025000000000000005,746.2118194822815,1498.423638964563,1508.132964853053,19.944321106142986,0.18706626136435797,0.050047772774979744,geom,77
mixture,0.0022500000000000003,746.211839637437,1498.423679274874,1508.133005163364,19.94776656248563,0.18700670532972782,0.05004831798712429,geom,77
mixture,0.002,746.2118599289154,1498.4237198578307,1508.1330457463207,19.95121151269365,0.18694231953990975,0.05004886277101608,geom,77
null,,746.2120297392718,1494.4240594785435,1497.6605014413735,19.978725359283636,0.05005324323832921,,geom,77
sum,,747.8005968360341,1497.6011936720681,1500.837635634898,30.368231577460428,0.06585829651945943,,geom,77
mixture,0.4,736.7135614042907,1479.4271228085813,1489.022613902379,20.56254952792883,0.03946912627440871,0.05753714557543394,geom,78
mixture,0.45,736.7167280622573,1479.4334561245146,1489.0289472183122,20.569249479825555,0.04014348442312283,0.05876407253024405,geom,78
mixture,0.35000000000000003,736.7378177543392,1479.4756355086784,1489.071126602476,20.77619858137901,0.06411785390892949,0.042435121575679594,geom,78
mixture,0.3,736.7454168893513,1479.4908337787026,1489.0863248725,20.88340766617903,0.06553423187935006,0.042929911398932014,geom,78
mixture,0.25,736.7540408910318,1479.5080817820635,1489.1035728758611,21.016950371022897,0.06694066072048781,0.04339700292957787,geom,78
mixture,0.2,736.7637101484697,1479.5274202969395,1489.122911390737,21.17657301870325,0.06833106033429483,0.04383646580680534,geom,78
mixture,0.5,736.8122615254869,1479.6245230509737,1489.220014144771,22.060774673319628,0.045329323870453346,0.045329323870453346,geom,78
mixture,0.15000000000000002,736.812261525487,1479.624523050974,1489.2200141447715,22.060775425536136,0.04532928961971631,0.045329328096335345,geom,78
mixture,0.0047500000000000025,736.8122615254874,1479.6245230509749,1489.2200141447724,22.06077568491829,0.04532931926317279,0.04532932180394217,geom,78
mixture,0.05,736.8122615254874,1479.6245230509749,1489.2200141447724,22.060775426982893,0.04532931586529549,0.045329322661685136,geom,78
mixture,0.1,736.8122615254874,1479.6245230509749,1489.2200141447724,22.060775521268923,0.045329305826014694,0.04532932393947868,geom,78
mixture,0.008500000000000006,736.8122615254875,1479.624523050975,1489.2200141447724,22.060775651241602,0.04532932279933284,0.045329321853027,geom,78
mixture,0.006500000000000004,736.8122615254877,1479.6245230509753,1489.220014144773,22.06077569798551,0.04532931956943778,0.04532932177938836,geom,78
mixture,0.006750000000000004,736.8122615254877,1479.6245230509753,1489.220014144773,22.060775729451738,0.0453293232060859,0.045329321690135864,geom,78
mixture,0.005000000000000003,736.8122615254877,1479.6245230509753,1489.220014144773,22.060775621715496,0.045329325751871055,0.0453293219024924,geom,78
mixture,0.0035000000000000014,736.8122615254877,1479.6245230509753,1489.220014144773,22.060775543210426,0.04532932311926611,0.04532932207940789,geom,78
mixture,0.007250000000000005,736.8122615254877,1479.6245230509753,1489.220014144773,22.060775571438203,0.045329316306842206,0.04532932206680618,geom,78
mixture,0.008750000000000006,736.8122615254877,1479.6245230509753,1489.220014144773,22.06077583239439,0.04532932185629813,0.045329321485603806,geom,78
mixture,0.009500000000000007,736.8122615254877,1479.6245230509753,1489.220014144773,22.06077569741521,0.04532932213732714,0.04532932176263594,geom,78
mixture,0.009750000000000007,736.8122615254877,1479.6245230509753,1489.220014144773,22.06077565622835,0.045329323970726795,0.04532932182995154,geom,78
mixture,0.006250000000000004,736.8122615254877,1479.6245230509753,1489.220014144773,22.060775678535816,0.045329322179650335,0.04532932180263152,geom,78
mixture,0.010000000000000007,736.8122615254877,1479.6245230509753,1489.220014144773,22.06077591169261,0.04532932269253719,0.04532932131210526,geom,78
mixture,0.009250000000000006,736.8122615254877,1479.6245230509753,1489.220014144773,22.060775753816184,0.04532931757334772,0.04532932168836971,geom,78
mixture,0.0037500000000000016,736.8122615254878,1479.6245230509755,1489.220014144773,22.06077584966314,0.04532931680997254,0.04532932147084272,geom,78
mixture,0.0070000000000000045,736.8122615254878,1479.6245230509755,1489.220014144773,22.060775897821998,0.04532932157773542,0.045329321352835884,geom,78
mixture,0.004500000000000002,736.8122615254878,1479.6245230509755,1489.220014144773,22.060775654518373,0.045329325902982026,0.04532932183603641,geom,78
mixture,0.0022500000000000003,736.8122615254878,1479.6245230509755,1489.220014144773,22.060775737854048,0.045329322291132,0.04532932168173276,geom,78
mixture,0.002,736.8122615254879,1479.6245230509758,1489.2200141447734,22.060775966859516,0.045329322024273526,0.04532932121092883,geom,78
mixture,0.004250000000000002,736.8122615254879,1479.6245230509758,1489.2200141447734,22.06077595081069,0.045329317417909104,0.04532932126186863,geom,78
mixture,0.005750000000000003,736.8122615254879,1479.6245230509758,1489.2200141447734,22.060775713426043,0.04532932122565183,0.04532932173623312,geom,78
mixture,0.005500000000000003,736.8122615254879,1479.6245230509758,1489.2200141447734,22.060775914619054,0.04532931809893361,0.04532932133770974,geom,78
mixture,0.004000000000000002,736.8122615254879,1479.6245230509758,1489.2200141447734,22.060775868472117,0.04532932273558805,0.045329321409412066,geom,78
mixture,0.003000000000000001,736.8122615254879,1479.6245230509758,1489.2200141447734,22.060775894285147,0.04532932138844959,0.04532932136159695,geom,78
mixture,0.003250000000000001,736.8122615254879,1479.6245230509758,1489.2200141447734,22.06077596836573,0.04532932118299,0.04532932120954694,geom,78
mixture,0.0025000000000000005,736.8122615254879,1479.6245230509758,1489.2200141447734,22.060775705878775,0.04532932220655274,0.04532932174765778,geom,78
mixture,0.008250000000000006,736.8122615254879,1479.6245230509758,1489.2200141447734,22.060775900161968,0.04532932163381178,0.0453293213472379,geom,78
mixture,0.007750000000000005,736.8122615254879,1479.6245230509758,1489.2200141447734,22.060775915536002,0.04532933091217328,0.045329321243076884,geom,78
mixture,0.007500000000000005,736.8122615254879,1479.6245230509758,1489.2200141447734,22.06077596724015,0.04532932194183642,0.04532932120625656,geom,78
mixture,0.0027500000000000007,736.8122615254879,1479.6245230509758,1489.2200141447734,22.060775796670878,0.04532932220136616,0.04532932156048776,geom,78
mixture,0.009000000000000006,736.8122615254879,1479.6245230509758,1489.2200141447734,22.06077599767121,0.04532932213898632,0.0453293211402567,geom,78
mixture,0.006000000000000004,736.812261525488,1479.624523050976,1489.2200141447734,22.0607759916587,0.04532931598774541,0.045329321192829966,geom,78
mixture,0.005250000000000003,736.8122615254881,1479.6245230509762,1489.2200141447738,22.060775847162372,0.04532933271164646,0.04532932139911212,geom,78
mixture,0.008000000000000005,736.8122615254881,1479.6245230509762,1489.2200141447738,22.06077592689976,0.045329317244110684,0.04532932132732847,geom,78
null,,736.8122615254881,1475.6245230509762,1478.823020082242,22.060776045300127,0.04532932105137988,,geom,78
sum,,737.7042660467065,1477.408532093413,1480.6070291246788,33.409533284106345,0.05986315292082947,,geom,78
mixture,0.15000000000000002,730.3469645443753,1466.6939290887506,1476.2727996414212,8.39631779958407,0.039038162884578134,0.1866522198954897,geom,79
mixture,0.4,730.6249365279825,1467.249873055965,1476.8287436086357,13.636827295015346,0.04224706856323376,0.14392925313455424,geom,79
mixture,0.45,730.7569285873567,1467.5138571747134,1477.092727727384,14.622247920408128,0.04253010087248193,0.13608786730147437,geom,79
mixture,0.1,730.8655220364562,1467.7310440729125,1477.3099146255831,6.928655858873716,0.03781997235410897,0.210057051912295,geom,79
mixture,0.5,730.8837036916293,1467.7674073832586,1477.3462779359293,15.295834727190089,0.13614827021022954,0.043016791899663405,geom,79
mixture,0.35000000000000003,731.2412329014041,1468.4824658028083,1478.061336355479,17.52824291726894,0.12784738947489066,0.043946819468383636,geom,79
mixture,0.3,731.35020416313,1468.70040832626,1478.2792788789307,18.219071157042592,0.1256680605858911,0.04421472513519226,geom,79
mixture,0.25,731.4541698212086,1468.908339642417,1478.4872101950878,18.887696889227513,0.1237040045634614,0.04446620002211779,geom,79
mixture,0.2,731.5533493311098,1469.1066986622195,1478.6855692148902,19.536220101764776,0.12192357330483397,0.04470310597529168,geom,79
mixture,0.05,731.8247472179717,1469.6494944359433,1479.228364988614,21.37755937119217,0.11744593482582148,0.04534209799193122,geom,79
mixture,0.010000000000000007,731.896250216957,1469.792500433914,1479.3713709865847,21.80049188227063,0.19103787724630047,0.04552112115597318,geom,79
mixture,0.009750000000000007,731.8965269156024,1469.7930538312048,1479.3719243838755,21.804520650337132,0.19100066368445803,0.04552146536798372,geom,79
mixture,0.009500000000000007,731.8968036615381,1469.7936073230762,1479.3724778757469,21.808548711759634,0.19096328794163778,0.045521809919262225,geom,79
mixture,0.009250000000000006,731.8970804547214,1469.7941609094428,1479.3730314621134,21.81257583915582,0.1909257358494768,0.04552215528519252,geom,79
mixture,0.009000000000000006,731.8973572943182,1469.7947145886365,1479.373585141307,21.816602825196764,0.19088798246597827,0.04552249981240789,geom,79
mixture,0.008750000000000006,731.897634179878,1469.795268359756,1479.3741389124266,21.820628779526366,0.19085000339505054,0.0455228453659866,geom,79
mixture,0.008500000000000006,731.8979111111076,1469.7958222222153,1479.374692774886,21.824654597345177,0.1908117753106158,0.04552319007528241,geom,79
mixture,0.008250000000000006,731.8981880873137,1469.7963761746273,1479.375246727298,21.82867935861914,0.19077326462595687,0.045523535868118005,geom,79
mixture,0.008000000000000005,731.8984651084761,1469.7969302169522,1479.3758007696229,21.832703803885718,0.19073444497053255,0.04552388119609387,geom,79
mixture,0.007750000000000005,731.898742174008,1469.797484348016,1479.3763549006867,21.8367278287509,0.1906952772188771,0.045524226281200536,geom,79
mixture,0.007500000000000005,731.8990192838751,1469.7980385677502,1479.3769091204208,21.84075098094322,0.19065572527071653,0.04552457206809499,geom,79
mixture,0.007250000000000005,731.8992964284485,1469.798592856897,1479.3774634095676,21.8447761779283,0.19061559777394632,0.045524912528297184,geom,79
mixture,0.0070000000000000045,731.8995736271442,1469.7991472542883,1479.378017806959,21.84879784616964,0.1905751488851324,0.04552525917100442,geom,79
mixture,0.006750000000000004,731.8998508700299,1469.7997017400598,1479.3785722927305,21.852819212750447,0.19053417521273427,0.04552560532248779,geom,79
mixture,0.006500000000000004,731.900128157021,1469.800256314042,1479.3791268667126,21.856840103497976,0.19049261411959614,0.045525951346760504,geom,79
mixture,0.006250000000000004,731.9004054883499,1469.8008109766997,1479.3796815293704,21.860860144342297,0.19045039870833452,0.04552629802234756,geom,79
mixture,0.006000000000000004,731.9006828644685,1469.801365728937,1479.3802362816077,21.8648793966926,0.19040745558785693,0.045526645217378835,geom,79
mixture,0.005750000000000003,731.9009602856777,1469.8019205713554,1479.380791124026,21.86889858742719,0.19036369616566434,0.04552699141361631,geom,79
mixture,0.005500000000000003,731.9012377528646,1469.8024755057293,1479.3813460584,21.87291681728585,0.19031902653390004,0.045527338480044484,geom,79
mixture,0.005250000000000003,731.9015152666018,1469.8030305332036,1479.3819010858742,21.876934335384956,0.1902733291474787,0.04552768589273513,geom,79
mixture,0.005000000000000003,731.9017928280623,1469.8035856561246,1479.3824562087952,21.88095135717522,0.19022647677628074,0.0455280331944116,geom,79
mixture,0.0047500000000000025,731.902070438563,1469.804140877126,1479.3830114297966,21.8849677909578,0.19017831861050882,0.04552838056705801,geom,79
mixture,0.004500000000000002,731.9023480996725,1469.804696199345,1479.3835667520157,21.88898363260676,0.1901286769475075,0.04552872800842146,geom,79
mixture,0.004250000000000002,731.9026258132258,1469.8052516264515,1479.3841221791222,21.892998839531515,0.1900773394998964,0.04552907559455248,geom,79
mixture,0.004000000000000002,731.9029035818396,1469.8058071636792,1479.3846777163499,21.89701335951082,0.19002406355779317,0.04552942341624973,geom,79
mixture,0.0037500000000000016,731.9031814082496,1469.8063628164991,1479.3852333691698,21.901027275162384,0.18996854554781759,0.045529771282814976,geom,79
mixture,0.0035000000000000014,731.9034592959339,1469.8069185918678,1479.3857891445384,21.905040526023342,0.18991041961554295,0.045530119296434794,geom,79
mixture,0.003250000000000001,731.903737249277,1469.807474498554,1479.3863450512247,21.909052990470077,0.1898492396291028,0.04553046768033601,geom,79
mixture,0.003000000000000001,731.9040152734913,1469.8080305469825,1479.3869010996532,21.913065067747524,0.18978444323054408,0.04553081556885784,geom,79
mixture,0.0027500000000000007,731.9042933751678,1469.8085867503355,1479.3874573030062,21.91707604401497,0.1897153206974361,0.04553116440195329,geom,79
mixture,0.0025000000000000005,731.9045715623192,1469.8091431246385,1479.3880136773091,21.921086375587286,0.18964094552738825,0.04553151317655357,geom,79
mixture,0.0022500000000000003,731.9048498453274,1469.8096996906547,1479.3885702433254,21.925095647211045,0.18956010065973608,0.04553186268570843,geom,79
mixture,0.002,731.9051282373568,1469.8102564747137,1479.3891270273843,21.929104236666383,0.1894711225287215,0.045532212055540894,geom,79
null,,731.9073656262178,1465.8147312524356,1469.0076881033258,21.961113525529072,0.045535031674852594,,geom,79
sum,,733.7055425760241,1469.4110851520481,1472.6040420029383,33.47142619374233,0.0597524583632445,,geom,79
mixture,0.2,636.4827453528692,1278.9654907057384,1288.115058727487,19.935491314309523,0.11445042507690914,0.0439850213398638,geom,80
mixture,0.25,636.486306672856,1278.972613345712,1288.1221813674606,19.29915345058489,0.11647486490277097,0.04372472225754246,geom,80
mixture,0.3,636.4945373123089,1278.9890746246178,1288.1386426463664,18.633310593023545,0.11885207447912718,0.043453526109513266,geom,80
mixture,0.5,636.4979468618685,1278.995893723737,1288.1454617454856,22.262821775190204,0.04491793583481878,0.04491793583481878,geom,80
mixture,0.35000000000000003,636.4979468618686,1278.9958937237373,1288.1454617454858,22.262821789466145,0.04491793815517521,0.044917934541083206,geom,80
mixture,0.45,636.4979468618686,1278.9958937237373,1288.1454617454858,22.262821758756857,0.04491793665539192,0.0449179352237249,geom,80
mixture,0.4,636.4979468618687,1278.9958937237375,1288.145461745486,22.262821772030932,0.044917938336000066,0.04491793417798844,geom,80
mixture,0.005000000000000003,636.4979468618689,1278.9958937237377,1288.1454617454863,22.26282229141025,0.04491793537181829,0.04491793479037521,geom,80
mixture,0.008000000000000005,636.497946861869,1278.995893723738,1288.1454617454865,22.262822435539753,0.04491793514722335,0.04491793449728422,geom,80
mixture,0.0035000000000000014,636.497946861869,1278.995893723738,1288.1454617454865,22.262822405805277,0.04491793458656297,0.044917934562392035,geom,80
mixture,0.004250000000000002,636.497946861869,1278.995893723738,1288.1454617454865,22.262822427314823,0.0449179356004899,0.04491793451446291,geom,80
mixture,0.003250000000000001,636.497946861869,1278.995893723738,1288.1454617454865,22.262822434937714,0.044917933906493325,0.04491793450564567,geom,80
mixture,0.005250000000000003,636.497946861869,1278.995893723738,1288.1454617454865,22.262822343405844,0.04491793424716934,0.044917934690703584,geom,80
mixture,0.008250000000000006,636.497946861869,1278.995893723738,1288.1454617454865,22.262822503439757,0.044917934548162314,0.04491793436396767,geom,80
mixture,0.009750000000000007,636.497946861869,1278.995893723738,1288.1454617454865,22.262822498161924,0.04491793463125409,0.04491793437362404,geom,80
mixture,0.006000000000000004,636.497946861869,1278.995893723738,1288.1454617454865,22.262822605977377,0.04491793416251534,0.044917934158581634,geom,80
mixture,0.1,636.497946861869,1278.995893723738,1288.1454617454865,22.26282237034746,0.04491793848707591,0.04491793420589946,geom,80
mixture,0.15000000000000002,636.497946861869,1278.995893723738,1288.1454617454865,22.26282211443404,0.04491793878892927,0.04491793450825174,geom,80
mixture,0.05,636.497946861869,1278.995893723738,1288.1454617454865,22.262822526167273,0.044917936002690007,0.044917934231049755,geom,80
mixture,0.009250000000000006,636.4979468618691,1278.9958937237382,1288.1454617454867,22.262822683909175,0.044917933849119566,0.04491793400278987,geom,80
mixture,0.009500000000000007,636.4979468618691,1278.9958937237382,1288.1454617454867,22.262822336722586,0.04491793505626628,0.04491793469846015,geom,80
mixture,0.010000000000000007,636.4979468618691,1278.9958937237382,1288.1454617454867,22.26282231524981,0.044917935560282014,0.04491793473694991,geom,80
mixture,0.007750000000000005,636.4979468618691,1278.9958937237382,1288.1454617454867,22.262822623118566,0.04491793457070697,0.04491793412053196,geom,80
mixture,0.008750000000000006,636.4979468618691,1278.9958937237382,1288.1454617454867,22.262822520454584,0.044917935670526044,0.04491793431933488,geom,80
mixture,0.0027500000000000007,636.4979468618691,1278.9958937237382,1288.1454617454867,22.26282268735204,0.04491793402159001,0.044917933994347105,geom,80
mixture,0.0037500000000000016,636.4979468618691,1278.9958937237382,1288.1454617454867,22.262822831606858,0.044917933557508304,0.04491793370391955,geom,80
mixture,0.003000000000000001,636.4979468618691,1278.9958937237382,1288.1454617454867,22.262822619256497,0.044917935604347585,0.044917934127382105,geom,80
mixture,0.005750000000000003,636.4979468618692,1278.9958937237384,1288.145461745487,22.262822613624426,0.044917934373128264,0.04491793414184651,geom,80
mixture,0.004000000000000002,636.4979468618692,1278.9958937237384,1288.145461745487,22.262822457889758,0.04491793470448736,0.04491793445639754,geom,80
mixture,0.005500000000000003,636.4979468618692,1278.9958937237384,1288.145461745487,22.26282241618434,0.04491793441389421,0.044917934542241536,geom,80
mixture,0.004500000000000002,636.4979468618692,1278.9958937237384,1288.145461745487,22.262822660892848,0.04491793454756472,0.04491793404554756,geom,80
mixture,0.0047500000000000025,636.4979468618692,1278.9958937237384,1288.145461745487,22.262822718345305,0.04491793341162985,0.044917933934372385,geom,80
mixture,0.0022500000000000003,636.4979468618692,1278.9958937237384,1288.145461745487,22.262822453204734,0.04491793425055513,0.044917934467330244,geom,80
mixture,0.002,636.4979468618692,1278.9958937237384,1288.145461745487,22.26282283670176,0.04491793306382462,0.04491793369435198,geom,80
mixture,0.0025000000000000005,636.4979468618692,1278.9958937237384,1288.145461745487,22.262822483823914,0.04491793375242809,0.044917934406700284,geom,80
mixture,0.009000000000000006,636.4979468618692,1278.9958937237384,1288.145461745487,22.26282249170227,0.04491793531155965,0.04491793438079216,geom,80
mixture,0.007500000000000005,636.4979468618692,1278.9958937237384,1288.145461745487,22.262822709542647,0.044917934771529035,0.04491793394343912,geom,80
mixture,0.0070000000000000045,636.4979468618692,1278.9958937237384,1288.145461745487,22.262822555453464,0.04491793439627177,0.04491793425958653,geom,80
mixture,0.006500000000000004,636.4979468618692,1278.9958937237384,1288.145461745487,22.262822796285466,0.04491793441269275,0.044917933770461174,geom,80
mixture,0.006250000000000004,636.4979468618692,1278.9958937237384,1288.145461745487,22.262822502537013,0.04491793461484621,0.04491793436575183,geom,80
mixture,0.007250000000000005,636.4979468618693,1278.9958937237386,1288.1454617454872,22.262822735121915,0.0449179337850709,0.04491793389886554,geom,80
mixture,0.008500000000000006,636.4979468618693,1278.9958937237386,1288.1454617454872,22.262822645917172,0.04491793487377373,0.0449179340712,geom,80
mixture,0.006750000000000004,636.4979468618694,1278.9958937237388,1288.1454617454874,22.262822996425665,0.04491793422952696,0.04491793336499305,geom,80
null,,636.4979468618695,1274.995893723739,1278.0457497309885,22.26282327735,0.0449179328040299,,geom,80
sum,,636.9678460823329,1275.9356921646659,1278.9855481719153,33.688712241302,0.059367065908444594,,geom,80
mixture,0.5,664.1146122032669,1334.2292244065338,1343.583205843784,20.12574903658903,0.049687591660910566,0.049687591660910566,geom,81
mixture,0.4,664.1146122032671,1334.2292244065343,1343.5832058437845,20.12574980978806,0.04968759123407899,0.0496875887639357,geom,81
mixture,0.45,664.1146122032671,1334.2292244065343,1343.5832058437845,20.125749819865412,0.049687590006464645,0.04968758949855338,geom,81
mixture,0.3,664.1146122032673,1334.2292244065345,1343.5832058437848,20.125749921870245,0.049687592335271764,0.0496875882495667,geom,81
mixture,0.002,664.1146122032674,1334.2292244065347,1343.583205843785,20.125749898472574,0.04968759421809926,0.04968758952365475,geom,81
mixture,0.004000000000000002,664.1146122032674,1334.2292244065347,1343.583205843785,20.125749836351016,0.04968758467564027,0.049687589706536445,geom,81
mixture,0.005000000000000003,664.1146122032674,1334.2292244065347,1343.583205843785,20.12575001837366,0.049687591157704485,0.049687589227373395,geom,81
mixture,0.007250000000000005,664.1146122032674,1334.2292244065347,1343.583205843785,20.12575006901069,0.04968758290529828,0.04968758915733679,geom,81
mixture,0.1,664.1146122032674,1334.2292244065347,1343.583205843785,20.125749873162942,0.04968758833574987,0.04968758973550501,geom,81
mixture,0.2,664.1146122032674,1334.2292244065347,1343.583205843785,20.125750023636964,0.04968759204192519,0.04968758851955716,geom,81
mixture,0.05,664.1146122032674,1334.2292244065347,1343.583205843785,20.125749952222897,0.04968758611290856,0.049687589573364624,geom,81
mixture,0.25,664.1146122032674,1334.2292244065347,1343.583205843785,20.1257500250221,0.049687591221486485,0.049687588553652566,geom,81
mixture,0.35000000000000003,664.1146122032674,1334.2292244065347,1343.583205843785,20.12574990589868,0.04968759145484729,0.049687588470020215,geom,81
mixture,0.008000000000000005,664.1146122032675,1334.229224406535,1343.5832058437852,20.125749827539302,0.04968760562084009,0.04968758957983975,geom,81
mixture,0.0070000000000000045,664.1146122032675,1334.229224406535,1343.5832058437852,20.125749947971073,0.04968758720799906,0.04968758942636753,geom,81
mixture,0.009750000000000007,664.1146122032675,1334.229224406535,1343.5832058437852,20.125750066397693,0.04968759836185257,0.049687589027450206,geom,81
mixture,0.15000000000000002,664.1146122032675,1334.229224406535,1343.5832058437852,20.12575014141486,0.0496875914618837,0.04968758848702525,geom,81
mixture,0.0027500000000000007,664.1146122032675,1334.229224406535,1343.5832058437852,20.125750169367326,0.049687592045014654,0.04968758885547212,geom,81
mixture,0.009250000000000006,664.1146122032676,1334.2292244065352,1343.5832058437854,20.125750170773482,0.049687587773236175,0.04968758887092539,geom,81
mixture,0.009000000000000006,664.1146122032676,1334.2292244065352,1343.5832058437854,20.125750139886954,0.04968759176044992,0.04968758891138459,geom,81
mixture,0.007500000000000005,664.1146122032676,1334.2292244065352,1343.5832058437854,20.125750195366997,0.04968758888105688,0.0496875887994418,geom,81
mixture,0.007750000000000005,664.1146122032676,1334.2292244065352,1343.5832058437854,20.125750010114864,0.04968757911055278,0.049687589336667254,geom,81
mixture,0.008500000000000006,664.1146122032676,1334.2292244065352,1343.5832058437854,20.12574993349659,0.049687595403126505,0.049687589395509636,geom,81
mixture,0.005500000000000003,664.1146122032676,1334.2292244065352,1343.5832058437854,20.125750274993894,0.049687588431239736,0.04968758860441902,geom,81
mixture,0.0047500000000000025,664.1146122032676,1334.2292244065352,1343.5832058437854,20.125750154116847,0.049687601293563324,0.049687588842753275,geom,81
mixture,0.005250000000000003,664.1146122032676,1334.2292244065352,1343.5832058437854,20.12575004289578,0.04968759267564233,0.049687589158015924,geom,81
mixture,0.004500000000000002,664.1146122032676,1334.2292244065352,1343.5832058437854,20.125750226810528,0.04968758460944687,0.04968758874101641,geom,81
mixture,0.004250000000000002,664.1146122032676,1334.2292244065352,1343.5832058437854,20.1257501597072,0.04968759530973719,0.04968758886068437,geom,81
mixture,0.0037500000000000016,664.1146122032676,1334.2292244065352,1343.5832058437854,20.125750213416534,0.04968758217260657,0.049687588780270936,geom,81
mixture,0.003250000000000001,664.1146122032676,1334.2292244065352,1343.5832058437854,20.12575009378402,0.04968759802341795,0.049687589021591774,geom,81
mixture,0.0025000000000000005,664.1146122032676,1334.2292244065352,1343.5832058437854,20.12575002798321,0.04968758105705983,0.049687589233742176,geom,81
mixture,0.003000000000000001,664.1146122032676,1334.2292244065352,1343.5832058437854,20.125750065480243,0.0496875969338396,0.0496875890972158,geom,81
mixture,0.006250000000000004,664.1146122032676,1334.2292244065352,1343.5832058437854,20.125750025831493,0.04968760009182943,0.049687589150227744,geom,81
mixture,0.006000000000000004,664.1146122032676,1334.2292244065352,1343.5832058437854,20.125750170603258,0.049687579217771505,0.04968758891940182,geom,81
mixture,0.010000000000000007,664.1146122032676,1334.2292244065352,1343.5832058437854,20.125750343852882,0.049687584944536255,0.04968758846870526,geom,81
mixture,0.009500000000000007,664.1146122032676,1334.2292244065352,1343.5832058437854,20.125750075049663,0.049687594252432785,0.04968758904765476,geom,81
mixture,0.008250000000000006,664.1146122032676,1334.2292244065352,1343.5832058437854,20.125750146356307,0.04968758497646213,0.04968758895386788,geom,81
mixture,0.0035000000000000014,664.1146122032677,1334.2292244065354,1343.5832058437857,20.12575028157495,0.049687580777295355,0.0496875886146496,geom,81
mixture,0.006750000000000004,664.1146122032677,1334.2292244065354,1343.5832058437857,20.125750202186772,0.04968759304267793,0.049687588754270116,geom,81
mixture,0.008750000000000006,664.1146122032677,1334.2292244065354,1343.5832058437857,20.125750497767747,0.0496875893208507,0.0496875880422824,geom,81
mixture,0.005750000000000003,664.1146122032678,1334.2292244065356,1343.583205843786,20.12575027488678,0.049687589172159055,0.04968758860044361,geom,81
mixture,0.006500000000000004,664.1146122032678,1334.2292244065356,1343.583205843786,20.125750330902815,0.049687594725887664,0.04968758842447627,geom,81
mixture,0.0022500000000000003,664.1146122032679,1334.2292244065359,1343.5832058437861,20.125750356764833,0.04968758953823215,0.0496875883990226,geom,81
null,,664.114612203268,1330.229224406536,1333.3472182189528,20.125750568995667,0.049687587877618365,,geom,81
sum,,663.5848923189965,1329.169784637993,1332.2877784504096,30.334235345699778,0.06593210533271354,,geom,81
mixture,0.1,748.1718569354497,1502.3437138708994,1512.0530397593893,14.94302599127725,0.0316485149446297,0.07637915243616357,geom,82
mixture,0.15000000000000002,748.2442944616341,1502.4885889232683,1512.1979148117582,14.726681082256608,0.03486398475409376,0.08154066272338417,geom,82
mixture,0.4,749.1015137449467,1504.2030274898934,1513.9123533783834,15.720319481328993,0.04284327566317201,0.09398547467649121,geom,82
mixture,0.45,749.2849748708782,1504.5699497417563,1514.2792756302463,16.10872586668733,0.04370476305551837,0.09462584920099829,geom,82
mixture,0.5,749.462900294444,1504.925800588888,1514.635126477378,16.511520752752507,0.0950020569775156,0.044450462778219686,geom,82
mixture,0.35000000000000003,749.9557921877679,1505.9115843755358,1515.6209102640257,17.739573264422873,0.09526345680153918,0.0462121939109028,geom,82
mixture,0.3,750.1060373177772,1506.2120746355545,1515.9214005240444,18.144656372305857,0.09519646109442256,0.046687586687169984,geom,82
mixture,0.25,750.2495568935805,1506.499113787161,1516.2084396756509,18.5452269579416,0.09508900484367099,0.047122063301737085,geom,82
mixture,0.2,750.3866629738463,1506.7733259476927,1516.4826518361826,18.94067230466375,0.0949543212252746,0.04752175139349195,geom,82
mixture,0.05,750.7629189950287,1507.5258379900574,1517.2351638785474,20.094388073305286,0.09446058510228818,0.04855592935914602,geom,82
mixture,0.010000000000000007,750.866725318484,1507.733450636968,1517.442776525458,20.323626839739074,0.18893924303019544,0.04883896516182004,geom,82
mixture,0.009750000000000007,750.8669997389256,1507.7339994778513,1517.4433253663412,20.327251264563035,0.1889032938418208,0.04883940134459682,geom,82
mixture,0.009500000000000007,750.8672742521218,1507.7345485042435,1517.4438743927335,20.33087488133926,0.18886730511958405,0.04883983808224432,geom,82
mixture,0.009250000000000006,750.8675488568867,1507.7350977137735,1517.4444236022634,20.33449829153113,0.18883126155127855,0.04884027393317184,geom,82
mixture,0.009000000000000006,750.8678235526119,1507.7356471052237,1517.4449729937137,20.338120591979997,0.18879515061071292,0.04884071107616784,geom,82
mixture,0.008750000000000006,750.8680983380068,1507.7361966760136,1517.4455225645036,20.34174262188404,0.18875895283057012,0.048841147498234275,geom,82
mixture,0.008500000000000006,750.868373212719,1507.736746425438,1517.446072313928,20.345363843425744,0.188722655442929,0.04884158449614197,geom,82
mixture,0.008250000000000006,750.8686481756088,1507.7372963512175,1517.4466222397075,20.34898474765898,0.18868623617590555,0.04884202089505154,geom,82
mixture,0.008000000000000005,750.8689232083289,1507.7378464166577,1517.4471723051477,20.352608810919822,0.18864946889221754,0.048842448450858784,geom,82
mixture,0.007750000000000005,750.8691983468475,1507.738396693695,1517.447722582185,20.356228123281248,0.18861275124462165,0.04884288596090015,geom,82
mixture,0.007500000000000005,750.8694735717072,1507.7389471434144,1517.4482730319044,20.35984665976197,0.1885758458115264,0.048843323985573395,geom,82
mixture,0.007250000000000005,750.8697488823534,1507.7394977647068,1517.4488236531968,20.363464696257836,0.18853872553934495,0.048843761864638055,geom,82
mixture,0.0070000000000000045,750.8700242782556,1507.7400485565113,1517.4493744450012,20.367082033934416,0.18850135931524284,0.04884420007914402,geom,82
mixture,0.006750000000000004,750.8702997587837,1507.7405995175675,1517.4499254060574,20.370698697709592,0.18846371029684372,0.04884463857275356,geom,82
mixture,0.006500000000000004,750.8705753238819,1507.7411506477638,1517.4504765362537,20.374314846431073,0.18842574445838423,0.04884507696383311,geom,82
mixture,0.006250000000000004,750.8708509731366,1507.7417019462732,1517.4510278347632,20.377930549233906,0.18838741680454094,0.04884551508883426,geom,82
mixture,0.006000000000000004,750.8711267064753,1507.7422534129505,1517.4515793014405,20.381545518782563,0.18834867989414242,0.04884595363796282,geom,82
mixture,0.005750000000000003,750.8714025238211,1507.7428050476422,1517.452130936132,20.38515987297206,0.18830947839284598,0.048846392328184586,geom,82
mixture,0.005500000000000003,750.8716784253047,1507.7433568506094,1517.4526827390994,20.38877337609209,0.18826975011952737,0.04884683172390977,geom,82
mixture,0.005250000000000003,750.8719544111188,1507.7439088222377,1517.4532347107277,20.392386479932185,0.18822942287976036,0.048847270739302805,geom,82
mixture,0.005000000000000003,750.8722304818052,1507.7444609636104,1517.4537868521004,20.395999082000284,0.18818841604327372,0.04884770961672768,geom,82
mixture,0.0047500000000000025,750.8725066378281,1507.7450132756562,1517.4543391641462,20.399611049270455,0.1881466304380091,0.048848148672031806,geom,82
mixture,0.004500000000000002,750.8727828802173,1507.7455657604346,1517.4548916489246,20.403221981815385,0.18810395654460196,0.04884858885696054,geom,82
mixture,0.004250000000000002,750.8730592100862,1507.7461184201725,1517.4554443086624,20.406832787584147,0.1880602622166579,0.048849027987252776,geom,82
mixture,0.004000000000000002,750.8733356289246,1507.7466712578491,1517.455997146339,20.41044255374277,0.1880153892884636,0.048849468241107884,geom,82
mixture,0.0037500000000000016,750.873612138733,1507.747224277466,1517.456550165956,20.414052123648254,0.18796915212999543,0.04884990758435384,geom,82
mixture,0.0035000000000000014,750.873888741982,1507.747777483964,1517.457103372454,20.417660593208748,0.18792132289317162,0.04885034816681921,geom,82
mixture,0.003250000000000001,750.8741654416494,1507.7483308832989,1517.4576567717888,20.421268574451123,0.18787162003741784,0.048850788502839755,geom,82
mixture,0.003000000000000001,750.8744422416148,1507.7488844832296,1517.4582103717196,20.424876150742566,0.18781969580949978,0.048851228367908624,geom,82
mixture,0.0027500000000000007,750.8747191466259,1507.7494382932518,1517.4587641817418,20.42848283273903,0.18776510531410615,0.048851668902774,geom,82
mixture,0.0025000000000000005,750.8749961628832,1507.7499923257665,1517.4593182142564,20.432088692388763,0.18770728106736403,0.04885210989480443,geom,82
mixture,0.0022500000000000003,750.8752732980372,1507.7505465960744,1517.4598724845644,20.43569389150458,0.18764546418631778,0.0488525509072876,geom,82
mixture,0.002,750.8755505621439,1507.7511011242877,1517.4604270127777,20.43929830247075,0.18757862923119206,0.04885299218067547,geom,82
null,,750.8777781317406,1503.7555562634811,1506.9919982263111,20.46808735431948,0.04885654349080962,,geom,82
sum,,754.0638287868121,1510.1276575736242,1513.3640995364542,31.338817476254587,0.06381861732707048,,geom,82
mixture,0.0047500000000000025,822.6486694049928,1651.2973388099856,1661.2663687474007,20.84878080918011,0.047964441259719395,0.04796443535802469,geom,83
mixture,0.008000000000000005,822.6486694049928,1651.2973388099856,1661.2663687474007,20.84878055776647,0.04796443759071163,0.04796443595134175,geom,83
mixture,0.0035000000000000014,822.6486694049929,1651.2973388099858,1661.266368747401,20.84878070289395,0.04796443920313061,0.04796443561803045,geom,83
mixture,0.0022500000000000003,822.6486694049929,1651.2973388099858,1661.266368747401,20.848780649912104,0.047964435272531775,0.04796443575354995,geom,83
mixture,0.005250000000000003,822.6486694049929,1651.2973388099858,1661.266368747401,20.84878059116659,0.04796444106965235,0.047964435860267565,geom,83
mixture,0.004250000000000002,822.6486694049929,1651.2973388099858,1661.266368747401,20.84878077600534,0.047964440339448494,0.047964435441563175,geom,83
mixture,0.004000000000000002,822.6486694049929,1651.2973388099858,1661.266368747401,20.84878074041154,0.04796443477182159,0.047964435547368005,geom,83
mixture,0.0027500000000000007,822.6486694049929,1651.2973388099858,1661.266368747401,20.848780489851976,0.047964447609215546,0.04796443608901939,geom,83
mixture,0.005750000000000003,822.6486694049929,1651.2973388099858,1661.266368747401,20.848780792669757,0.04796443137086326,0.0479644354474818,geom,83
mixture,0.008500000000000006,822.6486694049929,1651.2973388099858,1661.266368747401,20.848780467973263,0.047964427487871296,0.047964436245473446,geom,83
mixture,0.008750000000000006,822.6486694049929,1651.2973388099858,1661.266368747401,20.848780457933884,0.0479644333629919,0.047964436219121415,geom,83
mixture,0.009000000000000006,822.6486694049929,1651.2973388099858,1661.266368747401,20.848780759753197,0.04796443592621089,0.047964435495895824,geom,83
mixture,0.006750000000000004,822.6486694049929,1651.2973388099858,1661.266368747401,20.848780532430137,0.047964445297922514,0.047964435959712254,geom,83
mixture,0.007750000000000005,822.6486694049929,1651.2973388099858,1661.266368747401,20.848780693949777,0.04796443430885392,0.047964435661639236,geom,83
mixture,0.006250000000000004,822.6486694049929,1651.2973388099858,1661.266368747401,20.848780491083065,0.04796444119473162,0.047964436085937735,geom,83
mixture,0.0037500000000000016,822.6486694049929,1651.2973388099858,1661.266368747401,20.84878069920233,0.04796443696899335,0.04796443563406522,geom,83
mixture,0.0070000000000000045,822.6486694049929,1651.2973388099858,1661.266368747401,20.84878059497124,0.04796443577161986,0.04796443587961989,geom,83
mixture,0.006000000000000004,822.648669404993,1651.297338809986,1661.2663687474012,20.848780679258667,0.047964436160421835,0.0479644356820833,geom,83
mixture,0.007500000000000005,822.648669404993,1651.297338809986,1661.2663687474012,20.848780816338305,0.047964437083858655,0.04796443535663552,geom,83
mixture,0.005000000000000003,822.6486694049931,1651.2973388099863,1661.2663687474014,20.848780679089153,0.047964437214617704,0.047964435677658526,geom,83
mixture,0.0025000000000000005,822.6486694049931,1651.2973388099863,1661.2663687474014,20.848780686959124,0.047964435607181,0.047964435667388276,geom,83
mixture,0.002,822.6486694049931,1651.2973388099863,1661.2663687474014,20.84878079459121,0.047964436049959806,0.04796443541835757,geom,83
mixture,0.003250000000000001,822.6486694049931,1651.2973388099863,1661.2663687474014,20.848780813555887,0.047964432816871266,0.04796443538433514,geom,83
mixture,0.003000000000000001,822.6486694049931,1651.2973388099863,1661.2663687474014,20.84878077635002,0.047964430872516055,0.047964435475394855,geom,83
mixture,0.008250000000000006,822.6486694049931,1651.2973388099863,1661.2663687474014,20.848780812589148,0.04796443506969302,0.047964435380781434,geom,83
mixture,0.005500000000000003,822.6486694049931,1651.2973388099863,1661.2663687474014,20.848780782380466,0.04796442616086134,0.04796443549907283,geom,83
mixture,0.007250000000000005,822.6486694049931,1651.2973388099863,1661.2663687474014,20.848780702209634,0.047964434943129575,0.04796443563718454,geom,83
mixture,0.006500000000000004,822.6486694049931,1651.2973388099863,1661.2663687474014,20.848780842768612,0.04796442868465437,0.04796443535212302,geom,83
mixture,0.009750000000000007,822.6486694049931,1651.2973388099863,1661.2663687474014,20.848780525151078,0.047964436505172695,0.04796443603490617,geom,83
mixture,0.009250000000000006,822.6486694049931,1651.2973388099863,1661.2663687474014,20.848780692755312,0.04796444006655647,0.047964435612705004,geom,83
mixture,0.05,822.6486694049931,1651.2973388099863,1661.2663687474014,20.848780560001018,0.047964431694459846,0.04796443618378208,geom,83
mixture,0.010000000000000007,822.6486694049931,1651.2973388099863,1661.2663687474014,20.848780821151514,0.04796443706281671,0.04796443534130133,geom,83
mixture,0.009500000000000007,822.6486694049933,1651.2973388099865,1661.2663687474017,20.848780560533395,0.04796443754728499,0.04796443594284903,geom,83
mixture,0.004500000000000002,822.6486694049934,1651.2973388099867,1661.2663687474019,20.848780826037622,0.047964436999699905,0.04796443533980605,geom,83
mixture,0.1,822.6486694049934,1651.2973388099867,1661.2663687474019,20.848780293666852,0.047964425990768514,0.04796443774773812,geom,83
mixture,0.5,822.6486694049935,1651.297338809987,1661.266368747402,20.848779719850977,0.04796443789215438,0.04796443789215438,geom,83
mixture,0.35000000000000003,822.6486694049938,1651.2973388099877,1661.2663687474028,20.848782454808557,0.04796443390706763,0.04796443035795833,geom,83
mixture,0.15000000000000002,822.6486694049938,1651.2973388099877,1661.2663687474028,20.848780137756638,0.047964404903696016,0.04796444258255919,geom,83
mixture,0.4,822.6486694049942,1651.2973388099883,1661.2663687474035,20.84878262634046,0.04796443295013554,0.04796443004244724,geom,83
mixture,0.25,822.6486694049943,1651.2973388099886,1661.2663687474037,20.84878263168151,0.04796443547915571,0.04796442976459489,geom,83
mixture,0.45,822.6486694049943,1651.2973388099886,1661.2663687474037,20.848782630275565,0.04796443227492476,0.047964430314097,geom,83
mixture,0.2,822.6486694049945,1651.297338809989,1661.2663687474042,20.848779892547327,0.04796439840263804,0.047964447267914635,geom,83
mixture,0.3,822.6486694049945,1651.297338809989,1661.2663687474042,20.848782791432704,0.047964434540938,0.047964429233474604,geom,83
null,,822.6486694049939,1647.2973388099879,1650.6203487891262,20.848782592154386,0.04796443128417054,,geom,83
sum,,822.6676634544715,1647.335326908943,1650.6583368880813,31.47426728372071,0.06354397330273835,,geom,83
mixture,0.4,702.2798418878019,1410.5596837756038,1420.0368496732474,14.539854753543569,0.04215771162947142,0.11877251650384656,geom,84
mixture,0.45,702.3607075370701,1410.7214150741402,1420.1985809717837,15.242011288298217,0.042746376223959354,0.11665386303711345,geom,84
mixture,0.5,702.449232644258,1410.898465288516,1420.3756311861596,15.909732704647887,0.11482703225257115,0.04326997297650154,geom,84
mixture,0.15000000000000002,702.679429811184,1411.358859622368,1420.8360255200116,10.066351554614855,0.03723313625838111,0.14078250405903026,geom,84
mixture,0.35000000000000003,702.7253569773098,1411.4507139546197,1420.9278798522632,17.753171290556498,0.11054928810012168,0.04455972796484586,geom,84
mixture,0.3,702.8153498602194,1411.6306997204388,1421.1078656180823,18.325333615425066,0.10940770369518905,0.04491989268562801,geom,84
mixture,0.25,702.9030594940272,1411.8061189880543,1421.2832848856979,18.88021642877844,0.10837117767179849,0.04525342827302174,geom,84
mixture,0.2,702.9881879963841,1411.9763759927682,1421.4535418904118,19.419602181775222,0.10742251574575509,0.04556380771088446,geom,84
mixture,0.1,703.1502230798053,1412.3004461596106,1421.7776120572541,20.457617584539204,0.1057361730947458,0.04612577460034607,geom,84
mixture,0.05,703.2271005716501,1412.4542011433002,1421.9313670409438,20.958264102021193,0.10500135843337728,0.04638200856089984,geom,84
mixture,0.010000000000000007,703.2931289414621,1412.5862578829242,1422.0634237805677,21.293393052215418,0.19054667242311374,0.04660816720199349,geom,84
mixture,0.009750000000000007,703.2933312501893,1412.5866625003787,1422.0638283980222,21.297277799306126,0.19051018461331815,0.0466085552842086,geom,84
mixture,0.009500000000000007,703.2935336276412,1412.5870672552824,1422.064233152926,21.30116234129686,0.19047361312943312,0.04660894258063291,geom,84
mixture,0.009250000000000006,703.2937360730909,1412.5874721461819,1422.0646380438254,21.30504587024284,0.19043693981559923,0.04660933086920349,geom,84
mixture,0.009000000000000006,703.2939385860992,1412.5878771721984,1422.065043069842,21.308928974251174,0.1904001501006314,0.046609718862723526,geom,84
mixture,0.008750000000000006,703.2941411659483,1412.5882823318966,1422.0654482295402,21.312811481356185,0.19036322281170068,0.04661010694366214,geom,84
mixture,0.008500000000000006,703.2943438120857,1412.5886876241714,1422.065853521815,21.316693382011387,0.19032613701422726,0.04661049513684709,geom,84
mixture,0.008250000000000006,703.2945465243486,1412.5890930486971,1422.0662589463407,21.32057488873936,0.19028887550576762,0.04661088297748555,geom,84
mixture,0.008000000000000005,703.2947493019146,1412.5894986038293,1422.0666645014728,21.324455626035004,0.19025140773320612,0.04661127129450432,geom,84
mixture,0.007750000000000005,703.2949521445512,1412.5899042891024,1422.067070186746,21.328335301210608,0.19021370916220104,0.04661166073005082,geom,84
mixture,0.007500000000000005,703.2951550518651,1412.5903101037302,1422.0674760013737,21.332214846786595,0.1901757504157402,0.046612049244280744,geom,84
mixture,0.007250000000000005,703.2953580236699,1412.5907160473398,1422.0678819449834,21.336093791265764,0.190137500276161,0.0466124378711173,geom,84
mixture,0.0070000000000000045,703.2955610594515,1412.591122118903,1422.0682880165466,21.339971850541176,0.1900989173063051,0.04661282723593314,geom,84
mixture,0.006750000000000004,703.2957641592036,1412.5915283184072,1422.0686942160507,21.34384969813541,0.1900599645619512,0.046613215864305196,geom,84
mixture,0.006500000000000004,703.295967322661,1412.591934645322,1422.0691005429655,21.34772652432377,0.19002059278922892,0.046613605529733225,geom,84
mixture,0.006250000000000004,703.2961705499383,1412.5923410998766,1422.0695069975202,21.35160287550842,0.18998075407874962,0.04661399503535156,geom,84
mixture,0.006000000000000004,703.2963738410081,1412.5927476820161,1422.0699135796597,21.355478751103927,0.18994038889324671,0.046614384382468135,geom,84
mixture,0.005750000000000003,703.2965771959616,1412.5931543919232,1422.0703202895668,21.359353974962556,0.18989942983433092,0.04661477395521667,geom,84
mixture,0.005500000000000003,703.2967806150252,1412.5935612300505,1422.070727127694,21.3632285545737,0.18985780061881394,0.04661516373500447,geom,84
mixture,0.005250000000000003,703.296984098661,1412.593968197322,1422.0711340949656,21.367102807148502,0.18981541650986525,0.046615553024743586,geom,84
mixture,0.005000000000000003,703.2971876473877,1412.5943752947753,1422.0715411924189,21.37097595032815,0.18977217618302575,0.04661594352931393,geom,84
mixture,0.0047500000000000025,703.2973912584911,1412.5947825169821,1422.0719484146257,21.374849923101007,0.18972787222932086,0.04661633103448009,geom,84
mixture,0.004500000000000002,703.2975949400435,1412.595189880087,1422.0723557777305,21.37872219722277,0.1896825545691762,0.04661672099887625,geom,84
mixture,0.004250000000000002,703.2977986894191,1412.5955973788382,1422.0727632764817,21.382593453799956,0.18963596501860724,0.04661711195422282,geom,84
mixture,0.004000000000000002,703.2980025080228,1412.5960050160456,1422.0731709136892,21.38646443622409,0.1895879101469456,0.04661750226637307,geom,84
mixture,0.0037500000000000016,703.2982063978004,1412.5964127956008,1422.0735786932444,21.39033467712462,0.18953816222991493,0.046617892939936546,geom,84
mixture,0.0035000000000000014,703.2984103608919,1412.5968207217838,1422.0739866194274,21.394204040087473,0.18948643599606046,0.04661828425519306,geom,84
mixture,0.003250000000000001,703.2986143999958,1412.5972287999916,1422.0743946976352,21.398073002841716,0.1894323810572138,0.04661867514860869,geom,84
mixture,0.003000000000000001,703.2988185185559,1412.5976370371118,1422.0748029347553,21.401941239509757,0.18937556124496757,0.046619066303742906,geom,84
mixture,0.0027500000000000007,703.2990227207209,1412.5980454414419,1422.0752113390854,21.405808817198327,0.1893154150976973,0.046619457541473716,geom,84
mixture,0.0025000000000000005,703.2992270118257,1412.5984540236514,1422.075619921295,21.40967555013535,0.1892512171556319,0.046619849224604513,geom,84
mixture,0.0022500000000000003,703.2994313983863,1412.5988627967727,1422.0760286944162,21.4135415637666,0.18918198721467433,0.04662024102836953,geom,84
mixture,0.002,703.2996358889193,1412.5992717778386,1422.076437675482,21.41740680413086,0.1891063828397209,0.04662063300343347,geom,84
null,,703.3012800510651,1408.6025601021302,1411.7616154013447,21.448278416027403,0.04662378866048017,,geom,84
sum,,705.1883682566307,1412.3767365132614,1415.535791812476,32.70196096950855,0.06115841193330298,,geom,84
mixture,0.4,660.3911609911406,1326.7823219822812,1336.100158403983,18.97006108155916,0.041855013240143464,0.06373986753558139,geom,85
mixture,0.45,660.4710330469661,1326.9420660939322,1336.259902515634,19.091807507378615,0.042673633264538935,0.06435266709680641,geom,85
mixture,0.5,660.5431596522042,1327.0863193044083,1336.40415572611,19.218387869176787,0.06493436423146488,0.043409165636789024,geom,85
mixture,0.35000000000000003,660.7264390244754,1327.4528780489509,1336.7707144706526,19.62494586813754,0.06653090569884962,0.04525128530140818,geom,85
mixture,0.3,660.7794059581412,1327.5588119162824,1336.876648337984,19.769031393172252,0.06702130852971383,0.04577304545150241,geom,85
mixture,0.25,660.8292929263421,1327.6585858526842,1336.9764222743859,19.9172481536565,0.06749165156986149,0.046258928455068654,geom,85
mixture,0.2,661.0445190315033,1328.0890380630067,1337.4068744847084,20.715151303314116,0.048273718150282696,0.048273876521384894,geom,85
mixture,0.15000000000000002,661.0445190315588,1328.0890380631176,1337.4068744848194,20.71515149606441,0.04827377325159001,0.04827385695315642,geom,85
mixture,0.1,661.044519031572,1328.089038063144,1337.4068744848457,20.715151685825127,0.048273807859255786,0.048273847966409815,geom,85
mixture,0.0022500000000000003,661.0445190315745,1328.089038063149,1337.4068744848507,20.715151990371925,0.04827384306082389,0.048273843246404075,geom,85
mixture,0.003250000000000001,661.0445190315745,1328.089038063149,1337.4068744848507,20.715152114710623,0.048273851992446735,0.04827384292676866,geom,85
mixture,0.0035000000000000014,661.0445190315745,1328.089038063149,1337.4068744848507,20.715152190536603,0.04827384855343631,0.04827384275925033,geom,85
mixture,0.009500000000000007,661.0445190315745,1328.089038063149,1337.4068744848507,20.715152332281654,0.04827384078384991,0.04827384246518512,geom,85
mixture,0.003000000000000001,661.0445190315745,1328.089038063149,1337.4068744848507,20.715152039744503,0.048273836910719854,0.048273843149647236,geom,85
mixture,0.007500000000000005,661.0445190315746,1328.0890380631492,1337.406874484851,20.71515205711895,0.04827384357575312,0.04827384308677433,geom,85
mixture,0.005000000000000003,661.0445190315746,1328.0890380631492,1337.406874484851,20.71515194834479,0.048273836339749236,0.04827384337912191,geom,85
mixture,0.0070000000000000045,661.0445190315746,1328.0890380631492,1337.406874484851,20.715152145234608,0.04827382966485749,0.04827384297829419,geom,85
mixture,0.004000000000000002,661.0445190315746,1328.0890380631492,1337.406874484851,20.715152286768728,0.04827383946504643,0.04827384256768467,geom,85
mixture,0.008750000000000006,661.0445190315747,1328.0890380631495,1337.4068744848512,20.71515213771645,0.04827383868847735,0.0482738429398194,geom,85
mixture,0.008000000000000005,661.0445190315747,1328.0890380631495,1337.4068744848512,20.715152231427947,0.04827384329399089,0.0482738426793209,geom,85
mixture,0.009250000000000006,661.0445190315747,1328.0890380631495,1337.4068744848512,20.71515238510704,0.04827384141616103,0.048273842334605674,geom,85
mixture,0.006750000000000004,661.0445190315747,1328.0890380631495,1337.4068744848512,20.715152291953203,0.048273849449148434,0.04827384249626041,geom,85
mixture,0.007750000000000005,661.0445190315747,1328.0890380631495,1337.4068744848512,20.715152354372556,0.04827384827452208,0.04827384235183174,geom,85
mixture,0.008500000000000006,661.0445190315747,1328.0890380631495,1337.4068744848512,20.715151997730256,0.04827383646335044,0.0482738432868386,geom,85
mixture,0.009750000000000007,661.0445190315747,1328.0890380631495,1337.4068744848512,20.715152065877028,0.04827383823895795,0.04827384311759891,geom,85
mixture,0.005500000000000003,661.0445190315747,1328.0890380631495,1337.4068744848512,20.71515228562302,0.04827385593511167,0.04827384248396273,geom,85
mixture,0.005750000000000003,661.0445190315747,1328.0890380631495,1337.4068744848512,20.715152009248,0.04827384527525289,0.04827384319000824,geom,85
mixture,0.007250000000000005,661.0445190315747,1328.0890380631495,1337.4068744848512,20.715152192615182,0.048273840395069725,0.04827384279206435,geom,85
mixture,0.006000000000000004,661.0445190315747,1328.0890380631495,1337.4068744848512,20.71515229490909,0.04827384350317752,0.04827384253046785,geom,85
mixture,0.0037500000000000016,661.0445190315747,1328.0890380631495,1337.4068744848512,20.715152173415557,0.048273848797139134,0.048273842796927445,geom,85
mixture,0.002,661.0445190315747,1328.0890380631495,1337.4068744848512,20.715152277657356,0.04827383882033282,0.048273842584034325,geom,85
mixture,0.0025000000000000005,661.0445190315747,1328.0890380631495,1337.4068744848512,20.715151916562416,0.048273846262354904,0.04827384341086081,geom,85
mixture,0.006500000000000004,661.0445190315747,1328.0890380631495,1337.4068744848512,20.715152082731645,0.04827384501939037,0.04827384301774406,geom,85
mixture,0.010000000000000007,661.0445190315747,1328.0890380631495,1337.4068744848512,20.7151523659693,0.048273845466818406,0.04827384233943412,geom,85
mixture,0.05,661.0445190315747,1328.0890380631495,1337.4068744848512,20.715151966057597,0.04827384620099455,0.0482738431501032,geom,85
mixture,0.004500000000000002,661.0445190315749,1328.0890380631497,1337.4068744848514,20.71515205930989,0.048273840092264035,0.04827384309886568,geom,85
mixture,0.008250000000000006,661.0445190315749,1328.0890380631497,1337.4068744848514,20.71515198214951,0.04827383904742639,0.0482738433002334,geom,85
mixture,0.0047500000000000025,661.0445190315749,1328.0890380631497,1337.4068744848514,20.71515226151334,0.04827384532237278,0.0482738426012028,geom,85
mixture,0.0027500000000000007,661.044519031575,1328.08903806315,1337.4068744848516,20.71515232096105,0.04827384366774463,0.0482738424723061,geom,85
mixture,0.005250000000000003,661.044519031575,1328.08903806315,1337.4068744848516,20.715151971614333,0.04827384313025551,0.04827384329054003,geom,85
mixture,0.009000000000000006,661.044519031575,1328.08903806315,1337.4068744848516,20.715152313101175,0.0482738471063706,0.04827384245202078,geom,85
mixture,0.006250000000000004,661.044519031575,1328.08903806315,1337.4068744848516,20.71515226308904,0.04827385158487246,0.04827384255401355,geom,85
mixture,0.004250000000000002,661.044519031575,1328.08903806315,1337.4068744848516,20.715152181375874,0.04827384585658904,0.04827384278783561,geom,85
null,,661.0445190315755,1324.089038063151,1327.1949835370517,20.715153549044395,0.04827383961371268,,geom,85
sum,,662.7369416342667,1327.4738832685334,1330.579828742434,31.470205307555574,0.06355217515914416,,geom,85
mixture,0.5,684.0738819211465,1374.147763842293,1383.5017452795432,22.616767662015203,0.04421498310209452,0.04421498310209452,geom,86
mixture,0.2,684.0738819211465,1374.147763842293,1383.5017452795432,22.61676763175499,0.04421498618640768,0.04421498240496336,geom,86
mixture,0.0070000000000000045,684.0738819211467,1374.1477638422934,1383.5017452795437,22.616768104885654,0.044214982753775174,0.04421498223265055,geom,86
mixture,0.006500000000000004,684.0738819211467,1374.1477638422934,1383.5017452795437,22.616768232318705,0.04421498201054434,0.0442149819870184,geom,86
mixture,0.45,684.0738819211467,1374.1477638422934,1383.5017452795437,22.616768110195444,0.044214982655886324,0.04421498187412569,geom,86
mixture,0.4,684.0738819211467,1374.1477638422934,1383.5017452795437,22.616767359172755,0.04421498395778608,0.044214983518377333,geom,86
mixture,0.0027500000000000007,684.0738819211468,1374.1477638422937,1383.501745279544,22.61676813139148,0.04421498247434414,0.04421498218368115,geom,86
mixture,0.005500000000000003,684.0738819211468,1374.1477638422937,1383.501745279544,22.616768135037002,0.04421498272153944,0.04421498217434403,geom,86
mixture,0.05,684.0738819211468,1374.1477638422937,1383.501745279544,22.616768204250924,0.04421498373023849,0.04421498195319044,geom,86
mixture,0.008000000000000005,684.073881921147,1374.147763842294,1383.5017452795441,22.61676851181607,0.04421498186292106,0.04421498143735937,geom,86
mixture,0.009250000000000006,684.073881921147,1374.147763842294,1383.5017452795441,22.616768429260826,0.04421498147751075,0.04421498160332018,geom,86
mixture,0.009500000000000007,684.073881921147,1374.147763842294,1383.5017452795441,22.616768341767838,0.04421498167630241,0.04421498177413151,geom,86
mixture,0.0037500000000000016,684.073881921147,1374.147763842294,1383.5017452795441,22.616768239924223,0.04421498169859075,0.04421498197333308,geom,86
mixture,0.005750000000000003,684.073881921147,1374.147763842294,1383.5017452795441,22.61676840730212,0.04421498239860058,0.04421498164072716,geom,86
mixture,0.0025000000000000005,684.073881921147,1374.147763842294,1383.5017452795441,22.616768516184386,0.04421498128609316,0.0442149814325902,geom,86
mixture,0.002,684.073881921147,1374.147763842294,1383.5017452795441,22.616768532553415,0.04421498186884253,0.04421498139928397,geom,86
mixture,0.009000000000000006,684.073881921147,1374.147763842294,1383.5017452795441,22.6167685763857,0.044214981486703955,0.04421498131296891,geom,86
mixture,0.15000000000000002,684.073881921147,1374.147763842294,1383.5017452795441,22.616767944835516,0.04421498543935017,0.0442149820391627,geom,86
mixture,0.3,684.073881921147,1374.147763842294,1383.5017452795441,22.61676813033676,0.04421498448764305,0.044214981200356496,geom,86
mixture,0.006750000000000004,684.073881921147,1374.147763842294,1383.5017452795441,22.616768414027344,0.04421498101704919,0.044214981636116056,geom,86
mixture,0.006000000000000004,684.073881921147,1374.147763842294,1383.5017452795441,22.616768244058235,0.04421498216042712,0.04421498196303661,geom,86
mixture,0.006250000000000004,684.073881921147,1374.147763842294,1383.5017452795441,22.616768230437593,0.044214982552450946,0.044214981987316736,geom,86
mixture,0.35000000000000003,684.073881921147,1374.147763842294,1383.5017452795441,22.616768297884008,0.044214983305420806,0.04421498108014802,geom,86
mixture,0.25,684.073881921147,1374.147763842294,1383.5017452795441,22.616768263943133,0.044214983596526036,0.04421498136828692,geom,86
mixture,0.1,684.073881921147,1374.147763842294,1383.5017452795441,22.616768174804015,0.044214983962464954,0.04421498189262669,geom,86
mixture,0.003250000000000001,684.073881921147,1374.147763842294,1383.5017452795441,22.616768330471455,0.04421498076432966,0.0442149817986477,geom,86
mixture,0.005000000000000003,684.073881921147,1374.147763842294,1383.5017452795441,22.616768375417816,0.04421498193434217,0.044214981706277294,geom,86
mixture,0.008250000000000006,684.0738819211471,1374.1477638422941,1383.5017452795444,22.616768402805473,0.04421498266255949,0.044214981645484853,geom,86
mixture,0.004000000000000002,684.0738819211471,1374.1477638422941,1383.5017452795444,22.61676842788929,0.044214981755055956,0.044214981604234455,geom,86
mixture,0.003000000000000001,684.0738819211471,1374.1477638422941,1383.5017452795444,22.61676861096143,0.04421498124053287,0.04421498124695747,geom,86
mixture,0.007500000000000005,684.0738819211471,1374.1477638422941,1383.5017452795444,22.616768451052206,0.04421498196600882,0.04421498155648363,geom,86
mixture,0.004250000000000002,684.0738819211471,1374.1477638422941,1383.5017452795444,22.616768180867407,0.04421498276519814,0.04421498208486538,geom,86
mixture,0.010000000000000007,684.0738819211471,1374.1477638422941,1383.5017452795444,22.616768463686437,0.04421498131574602,0.04421498153706881,geom,86
mixture,0.009750000000000007,684.0738819211472,1374.1477638422944,1383.5017452795446,22.616768310908036,0.044214982584403366,0.04421498182613888,geom,86
mixture,0.0035000000000000014,684.0738819211472,1374.1477638422944,1383.5017452795446,22.616768570894244,0.044214981551628445,0.04421498132447308,geom,86
mixture,0.008750000000000006,684.0738819211472,1374.1477638422944,1383.5017452795446,22.61676846629407,0.044214981970514815,0.04421498152586709,geom,86
mixture,0.007250000000000005,684.0738819211472,1374.1477638422944,1383.5017452795446,22.616768623873757,0.044214980288029504,0.04421498122851356,geom,86
mixture,0.004500000000000002,684.0738819211472,1374.1477638422944,1383.5017452795446,22.616768427617163,0.044214982185179386,0.04421498160274881,geom,86
mixture,0.0047500000000000025,684.0738819211472,1374.1477638422944,1383.5017452795446,22.616768461083467,0.04421498210239962,0.04421498153725989,geom,86
mixture,0.005250000000000003,684.0738819211472,1374.1477638422944,1383.5017452795446,22.616768326703497,0.04421498096033462,0.044214981807097896,geom,86
mixture,0.008500000000000006,684.0738819211472,1374.1477638422944,1383.5017452795446,22.616768555266457,0.04421498191237332,0.044214981351048635,geom,86
mixture,0.0022500000000000003,684.0738819211472,1374.1477638422944,1383.5017452795446,22.616768237703255,0.04421498097236096,0.04421498197890945,geom,86
mixture,0.007750000000000005,684.0738819211474,1374.1477638422948,1383.501745279545,22.616768627700978,0.04421498172366416,0.04421498121023388,geom,86
null,,684.0738819211479,1370.1477638422957,1373.2657576547124,22.61676936663562,0.04421497976962198,,geom,86
sum,,683.436991228135,1368.87398245627,1371.9919762686866,34.029868325236926,0.05877189946447068,,geom,86
mixture,0.0022500000000000003,671.2155008076611,1348.4310016153222,1357.802893553532,20.49404886431447,0.04879464526132126,0.04879465287566347,geom,87
mixture,0.003250000000000001,671.2155008076611,1348.4310016153222,1357.802893553532,20.494048678804763,0.048794644752511385,0.04879465332808525,geom,87
mixture,0.004250000000000002,671.2155008076611,1348.4310016153222,1357.802893553532,20.49404868038486,0.04879465302176591,0.048794653297624946,geom,87
mixture,0.007500000000000005,671.2155008076611,1348.4310016153222,1357.802893553532,20.494048457927097,0.048794656891592694,0.0487946538029414,geom,87
mixture,0.009250000000000006,671.2155008076611,1348.4310016153222,1357.802893553532,20.494048708118452,0.04879465247673184,0.048794653237457845,geom,87
mixture,0.05,671.2155008076611,1348.4310016153222,1357.802893553532,20.494048454166713,0.04879464193554981,0.04879465446134959,geom,87
mixture,0.009500000000000007,671.2155008076612,1348.4310016153224,1357.8028935535322,20.49404876801697,0.04879465807439993,0.04879465303998068,geom,87
mixture,0.008750000000000006,671.2155008076612,1348.4310016153224,1357.8028935535322,20.494048685636763,0.048794648145393,0.04879465332930745,geom,87
mixture,0.004500000000000002,671.2155008076612,1348.4310016153224,1357.8028935535322,20.49404872057393,0.048794650766083386,0.048794653211771254,geom,87
mixture,0.005750000000000003,671.2155008076613,1348.4310016153227,1357.8028935535324,20.49404874518554,0.0487946436193496,0.0487946531972403,geom,87
mixture,0.005000000000000003,671.2155008076613,1348.4310016153227,1357.8028935535324,20.494048690783462,0.04879465039058812,0.048794653286172246,geom,87
mixture,0.005500000000000003,671.2155008076613,1348.4310016153227,1357.8028935535324,20.494048957658546,0.048794649383493115,0.0487946526542759,geom,87
mixture,0.0037500000000000016,671.2155008076613,1348.4310016153227,1357.8028935535324,20.49404878834202,0.048794658301593276,0.048794653019607934,geom,87
mixture,0.0047500000000000025,671.2155008076613,1348.4310016153227,1357.8028935535324,20.4940488755247,0.048794643179687666,0.048794652877907095,geom,87
mixture,0.003000000000000001,671.2155008076613,1348.4310016153227,1357.8028935535324,20.494049004092428,0.048794646195138576,0.04879465254478024,geom,87
mixture,0.008000000000000005,671.2155008076613,1348.4310016153227,1357.8028935535324,20.494048621674033,0.04879465450921162,0.04879465342758522,geom,87
mixture,0.0070000000000000045,671.2155008076613,1348.4310016153227,1357.8028935535324,20.49404883253174,0.04879465035635761,0.048794652952375395,geom,87
mixture,0.006000000000000004,671.2155008076613,1348.4310016153227,1357.8028935535324,20.49404876686057,0.04879465510191132,0.04879465307842,geom,87
mixture,0.010000000000000007,671.2155008076613,1348.4310016153227,1357.8028935535324,20.494048790709645,0.04879465498979178,0.04879465301402055,geom,87
mixture,0.002,671.2155008076613,1348.4310016153227,1357.8028935535324,20.494048595385745,0.04879465287417834,0.04879465350008028,geom,87
mixture,0.4,671.2155008076613,1348.4310016153227,1357.8028935535324,20.494049036017934,0.048794653995730373,0.048794651419045314,geom,87
mixture,0.5,671.2155008076613,1348.4310016153227,1357.8028935535324,20.494048150580454,0.048794654557873525,0.048794654557873525,geom,87
mixture,0.009000000000000006,671.2155008076614,1348.4310016153229,1357.8028935535326,20.494048992802075,0.04879465312069955,0.048794652547453514,geom,87
mixture,0.004000000000000002,671.2155008076614,1348.4310016153229,1357.8028935535326,20.494049093121077,0.0487946452007713,0.04879465234232762,geom,87
mixture,0.006500000000000004,671.2155008076614,1348.4310016153229,1357.8028935535326,20.49404868372062,0.048794652741487594,0.04879465329208928,geom,87
mixture,0.009750000000000007,671.2155008076614,1348.4310016153229,1357.8028935535326,20.49404897031985,0.04879464612262645,0.04879465266997774,geom,87
mixture,0.005250000000000003,671.2155008076614,1348.4310016153229,1357.8028935535326,20.49404884113835,0.048794648993977466,0.04879465293439885,geom,87
mixture,0.1,671.2155008076614,1348.4310016153229,1357.8028935535326,20.494048494784476,0.04879463326179464,0.04879465601352597,geom,87
mixture,0.0035000000000000014,671.2155008076614,1348.4310016153229,1357.8028935535326,20.49404865059409,0.048794652445012014,0.04879465337062156,geom,87
mixture,0.006250000000000004,671.2155008076614,1348.4310016153229,1357.8028935535326,20.494048971046897,0.04879465264028993,0.04879465260418436,geom,87
mixture,0.0027500000000000007,671.2155008076616,1348.431001615323,1357.8028935535328,20.494048937916315,0.048794644540780446,0.04879465270574488,geom,87
mixture,0.0025000000000000005,671.2155008076616,1348.431001615323,1357.8028935535328,20.494048933243132,0.04879465692109555,0.04879465268382452,geom,87
mixture,0.008250000000000006,671.2155008076616,1348.431001615323,1357.8028935535328,20.494048896699358,0.04879465711673401,0.048794652745361614,geom,87
mixture,0.008500000000000006,671.2155008076616,1348.431001615323,1357.8028935535328,20.49404891730302,0.048794649454502875,0.04879465276047052,geom,87
mixture,0.007250000000000005,671.2155008076616,1348.431001615323,1357.8028935535328,20.494048971356367,0.0487946580468766,0.04879465256392178,geom,87
mixture,0.007750000000000005,671.2155008076616,1348.431001615323,1357.8028935535328,20.494048973836613,0.04879464819480855,0.0487946526321574,geom,87
mixture,0.006750000000000004,671.2155008076616,1348.431001615323,1357.8028935535328,20.49404880611781,0.04879465228330775,0.048794653001943473,geom,87
mixture,0.45,671.2155008076616,1348.431001615323,1357.8028935535328,20.494049104027816,0.048794653213676056,0.04879465153025298,geom,87
mixture,0.3,671.2155008076616,1348.431001615323,1357.8028935535328,20.494049281494,0.04879465511958761,0.04879465047054958,geom,87
mixture,0.15000000000000002,671.2155008076618,1348.4310016153236,1357.8028935535333,20.49404957929164,0.04879465381558198,0.0487946506869316,geom,87
mixture,0.35000000000000003,671.2155008076618,1348.4310016153236,1357.8028935535333,20.494049256849003,0.048794654619820806,0.04879465047230987,geom,87
mixture,0.25,671.2155008076618,1348.4310016153236,1357.8028935535333,20.49404922432945,0.04879465523527278,0.048794650923395834,geom,87
mixture,0.2,671.2155008076618,1348.4310016153236,1357.8028935535333,20.494049364715824,0.04879465574371199,0.04879465064796781,geom,87
null,,671.2155008076622,1344.4310016153245,1347.5549655947277,20.494049916007913,0.04879465035453532,,geom,87
sum,,670.2333612863448,1342.4667225726896,1345.5906865520928,30.746603569725863,0.0650478351361471,,geom,87
mixture,0.45,680.5949130441539,1367.1898260883079,1376.5617180265176,13.789239634026327,0.2652313122876735,0.04548233336724183,geom,88
mixture,0.5,680.5949779639084,1367.1899559278168,1376.5618478660265,12.818090410522725,0.2769032819130237,0.04540333964629652,geom,88
mixture,0.4,680.5971454474324,1367.1942908948647,1376.5661828330744,14.740169166403732,0.25464153706532505,0.045560392138800615,geom,88
mixture,0.35000000000000003,680.6010364434612,1367.2020728869225,1376.5739648251322,15.672305866844614,0.24485361036797068,0.045636836391030715,geom,88
mixture,0.3,680.6061483386004,1367.2122966772008,1376.5841886154105,16.585561997903206,0.23573452446494178,0.045712960243242604,geom,88
mixture,0.25,680.6121763583012,1367.2243527166024,1376.5962446548122,17.480975648692585,0.22704956188053102,0.045787840790520874,geom,88
mixture,0.2,680.6220719486391,1367.2441438972783,1376.616035835488,18.588033587266494,0.18304549430593098,0.045726281568194124,geom,88
mixture,0.15000000000000002,680.6275524355785,1367.255104871157,1376.6269968093668,19.35263290342004,0.1831666992767242,0.04586238529329725,geom,88
mixture,0.1,680.6341834176328,1367.2683668352656,1376.6402587734754,20.101295107652984,0.1875782963041864,0.04599302531209699,geom,88
mixture,0.05,680.6419964100511,1367.2839928201022,1376.655884758312,20.8558227352323,0.19856214558829627,0.046107524177992625,geom,88
mixture,0.010000000000000007,680.6486913226125,1367.297382645225,1376.6692745834348,21.49286081666453,0.1908721365670274,0.04617436151324889,geom,88
mixture,0.009750000000000007,680.6487337667497,1367.2974675334995,1376.6693594717092,21.496772648149793,0.19083565043656725,0.04617479733522186,geom,88
mixture,0.009500000000000007,680.6487762179249,1367.2975524358499,1376.6694443740596,21.500683337169246,0.1907990849133444,0.04617523437902,geom,88
mixture,0.009250000000000006,680.6488186761335,1367.297637352267,1376.6695292904767,21.504593952526253,0.19076242737165813,0.04617567034644514,geom,88
mixture,0.009000000000000006,680.648861141372,1367.297722282744,1376.6696142209537,21.50850363677124,0.19072565645621933,0.046176107089870216,geom,88
mixture,0.008750000000000006,680.6489036136359,1367.2978072272717,1376.6696991654815,21.512412516068245,0.1906887617232014,0.04617654433719253,geom,88
mixture,0.008500000000000006,680.648946092921,1367.297892185842,1376.6697841240518,21.51632110198754,0.19065171711678197,0.04617698099494512,geom,88
mixture,0.008250000000000006,680.6489885792228,1367.2979771584455,1376.6698690966552,21.520228929304675,0.19061450383208933,0.04617741806580953,geom,88
mixture,0.008000000000000005,680.6490310725376,1367.2980621450752,1376.669954083285,21.524136342985404,0.1905770985139122,0.04617785481100038,geom,88
mixture,0.007750000000000005,680.6490735728615,1367.298147145723,1376.6700390839328,21.52804296394374,0.1905394725898402,0.046178292049490095,geom,88
mixture,0.007500000000000005,680.6491160801908,1367.2982321603815,1376.6701240985913,21.53194908748655,0.19050160153604445,0.046178729147012786,geom,88
mixture,0.007250000000000005,680.6491585945209,1367.2983171890419,1376.6702091272516,21.535854507024784,0.19046345039110713,0.04617916655104156,geom,88
mixture,0.0070000000000000045,680.6492011158482,1367.2984022316964,1376.6702941699061,21.539759127497547,0.19042498301506883,0.046179604467541525,geom,88
mixture,0.006750000000000004,680.6492436441692,1367.2984872883385,1376.6703792265482,21.543663390529282,0.19038616289708118,0.046180041947987416,geom,88
mixture,0.006500000000000004,680.6492861794807,1367.2985723589613,1376.670464297171,21.547567048547158,0.19034694541985062,0.046180479525121346,geom,88
mixture,0.006250000000000004,680.6493287217785,1367.298657443557,1376.6705493817667,21.551470237941153,0.19030728106112846,0.04618091690634769,geom,88
mixture,0.006000000000000004,680.6493712710592,1367.2987425421184,1376.670634480328,21.555372575559623,0.19026711152654663,0.04618135491425446,geom,88
mixture,0.005750000000000003,680.6494138273198,1367.2988276546396,1376.6707195928493,21.55927424726854,0.19022637774003692,0.046181793146884316,geom,88
mixture,0.005500000000000003,680.6494563905575,1367.298912781115,1376.6708047193247,21.563175376383775,0.1901850050238525,0.04618223133838258,geom,88
mixture,0.005250000000000003,680.6494989607686,1367.2989979215372,1376.670889859747,21.567076235009115,0.1901429105294517,0.046182668902244234,geom,88
mixture,0.005000000000000003,680.6495415379509,1367.2990830759018,1376.6709750141115,21.570976139901944,0.19010000155099654,0.04618310729839697,geom,88
mixture,0.0047500000000000025,680.6495841221016,1367.2991682442032,1376.671060182413,21.574875567899984,0.19005616475561707,0.046183545499555445,geom,88
mixture,0.004500000000000002,680.6496267132186,1367.2992534264372,1376.671145364647,21.578774230865555,0.1900112745716139,0.046183984114968865,geom,88
mixture,0.004250000000000002,680.6496693113002,1367.2993386226003,1376.67123056081,21.582672442176413,0.18996521094006735,0.046184422455962194,geom,88
mixture,0.004000000000000002,680.6497119163434,1367.299423832687,1376.6713157708966,21.586569881321267,0.18991772545839183,0.04618486121537433,geom,88
mixture,0.0037500000000000016,680.6497545283478,1367.2995090566956,1376.6714009949053,21.59046695953985,0.18986863677008728,0.04618529948898448,geom,88
mixture,0.0035000000000000014,680.6497971473123,1367.2995942946245,1376.6714862328342,21.59436307787891,0.1898176855981367,0.04618573854124501,geom,88
mixture,0.003250000000000001,680.6498397732363,1367.2996795464726,1376.6715714846823,21.598258634369916,0.18976454717698304,0.046186177498998095,geom,88
mixture,0.003000000000000001,680.6498824061196,1367.2997648122391,1376.6716567504488,21.602153459101746,0.1897088234646224,0.04618661669882657,geom,88
mixture,0.0027500000000000007,680.6499250459623,1367.2998500919246,1376.6717420301343,21.60604747940465,0.18965000412394534,0.046187056263663116,geom,88
mixture,0.0025000000000000005,680.6499676927659,1367.2999353855319,1376.6718273237416,21.609940915410945,0.1895874297940077,0.04618749568191091,geom,88
mixture,0.0022500000000000003,680.6500103465315,1367.300020693063,1376.6719126312728,21.613833578256827,0.18952022750481842,0.046187935306267795,geom,88
mixture,0.002,680.6500530072617,1367.3001060145234,1376.6719979527331,21.617725354296162,0.18944719448547523,0.0461883753155724,geom,88
null,,680.6503945398712,1363.3007890797423,1366.4247530591456,21.648812105326353,0.046191910906463345,,geom,88
sum,,680.9618182882264,1363.9236365764527,1367.047600555856,32.75099603068333,0.06106684505491881,,geom,88
mixture,0.4,694.0727454874841,1394.1454909749682,1403.5879744054087,19.356979599927136,0.040515371646671974,0.06326322081747847,geom,89
mixture,0.45,694.079657250061,1394.159314500122,1403.6017979305625,19.335094528390535,0.04128326897393491,0.06520609027509808,geom,89
mixture,0.5,694.0878495460831,1394.1756990921663,1403.6181825226067,19.34013672782316,0.06724122184843438,0.042001905297537556,geom,89
mixture,0.35000000000000003,694.1221669876925,1394.244333975385,1403.6868174058254,19.590295607439355,0.07319858930326625,0.04389287177965613,geom,89
mixture,0.3,694.1371775979999,1394.2743551959998,1403.7168386264402,19.76070190185456,0.07487449316727465,0.04443316833904353,geom,89
mixture,0.25,694.153863915021,1394.307727830042,1403.7502112604825,19.96809374389862,0.07632831010327674,0.04492963380649502,geom,89
mixture,0.2,694.1720276318175,1394.344055263635,1403.7865386940755,20.205860500558032,0.07755477319375184,0.04538482321480147,geom,89
mixture,0.15000000000000002,694.1914346092096,1394.3828692184193,1403.8253526488597,20.46618327752524,0.0785876034646455,0.04580361974590959,geom,89
mixture,0.1,694.2118464416776,1394.4236928833552,1403.8661763137957,20.743590266630438,0.07944602331985262,0.046189675073687486,geom,89
mixture,0.0037500000000000016,694.2548154369922,1394.5096308739844,1403.9521143044249,21.331392354181858,0.04687925608168053,0.04687926526928747,geom,89
mixture,0.005750000000000003,694.2548154369922,1394.5096308739844,1403.9521143044249,21.331392313036798,0.04687926299830393,0.04687926533871438,geom,89
mixture,0.0047500000000000025,694.2548154369923,1394.5096308739846,1403.952114304425,21.331392243118625,0.046879266687769365,0.046879265473144305,geom,89
mixture,0.05,694.2548154369923,1394.5096308739846,1403.952114304425,21.33139212234799,0.04687925201999167,0.04687926646666091,geom,89
mixture,0.005000000000000003,694.2548154369924,1394.5096308739849,1403.9521143044253,21.33139230085485,0.04687927045290705,0.0468792653263963,geom,89
mixture,0.005500000000000003,694.2548154369924,1394.5096308739849,1403.9521143044253,21.331392170648684,0.04687926486802004,0.046879265642437766,geom,89
mixture,0.0027500000000000007,694.2548154369924,1394.5096308739849,1403.9521143044253,21.33139226028383,0.046879254028161704,0.04687926547266278,geom,89
mixture,0.0025000000000000005,694.2548154369924,1394.5096308739849,1403.9521143044253,21.331392424456265,0.04687925672614275,0.04687926510133228,geom,89
mixture,0.0070000000000000045,694.2548154369924,1394.5096308739849,1403.9521143044253,21.33139232143196,0.04687926722371578,0.04687926529329431,geom,89
mixture,0.008250000000000006,694.2548154369925,1394.509630873985,1403.9521143044255,21.33139218763134,0.046879257541653875,0.04687926566789779,geom,89
mixture,0.007750000000000005,694.2548154369925,1394.509630873985,1403.9521143044255,21.331392027897888,0.046879260159610685,0.04687926599713781,geom,89
mixture,0.007250000000000005,694.2548154369925,1394.509630873985,1403.9521143044255,21.331392208113304,0.046879262695924726,0.046879265576729605,geom,89
mixture,0.009500000000000007,694.2548154369925,1394.509630873985,1403.9521143044255,21.331392269765303,0.046879264573135355,0.046879265428479054,geom,89
mixture,0.006250000000000004,694.2548154369927,1394.5096308739853,1403.9521143044258,21.331392042643103,0.04687926716557179,0.04687926591165495,geom,89
mixture,0.007500000000000005,694.2548154369927,1394.5096308739853,1403.9521143044258,21.33139206186181,0.046879254875536944,0.04687926596039207,geom,89
mixture,0.009000000000000006,694.2548154369927,1394.5096308739853,1403.9521143044258,21.331392237716816,0.046879267265655805,0.04687926547466624,geom,89
mixture,0.008000000000000005,694.2548154369927,1394.5096308739853,1403.9521143044258,21.331392189031124,0.04687927007830294,0.04687926556164677,geom,89
mixture,0.008500000000000006,694.2548154369927,1394.5096308739853,1403.9521143044258,21.331392228580917,0.04687925624388871,0.04687926559030737,geom,89
mixture,0.006000000000000004,694.2548154369927,1394.5096308739853,1403.9521143044258,21.331392008593873,0.0468792704249614,0.04687926596757643,geom,89
mixture,0.004500000000000002,694.2548154369927,1394.5096308739853,1403.9521143044258,21.331392174290677,0.046879258186391985,0.04687926566382303,geom,89
mixture,0.005250000000000003,694.2548154369927,1394.5096308739853,1403.9521143044258,21.331392040365323,0.04687926373225187,0.04687926593606776,geom,89
mixture,0.0035000000000000014,694.2548154369927,1394.5096308739853,1403.9521143044258,21.33139206386765,0.04687926856385127,0.04687926586339587,geom,89
mixture,0.003000000000000001,694.2548154369927,1394.5096308739853,1403.9521143044258,21.331391933425447,0.04687926781147293,0.04687926615454502,geom,89
mixture,0.003250000000000001,694.2548154369928,1394.5096308739855,1403.952114304426,21.33139215854623,0.04687925893516788,0.04687926568671816,geom,89
mixture,0.0022500000000000003,694.2548154369929,1394.5096308739858,1403.9521143044262,21.331392047573672,0.04687926774438551,0.04687926590451648,geom,89
mixture,0.008750000000000006,694.2548154369929,1394.5096308739858,1403.9521143044262,21.33139207504094,0.046879262872791976,0.04687926587455776,geom,89
mixture,0.009250000000000006,694.2548154369929,1394.5096308739858,1403.9521143044262,21.331392003074768,0.046879274782384045,0.046879265924514614,geom,89
mixture,0.006500000000000004,694.2548154369929,1394.5096308739858,1403.9521143044262,21.331392045157695,0.04687926239409942,0.046879265936994506,geom,89
mixture,0.002,694.2548154369929,1394.5096308739858,1403.9521143044262,21.33139214279372,0.04687925578693066,0.04687926571925902,geom,89
mixture,0.004000000000000002,694.2548154369929,1394.5096308739858,1403.9521143044262,21.331392047131928,0.04687926665177629,0.04687926590664646,geom,89
mixture,0.004250000000000002,694.2548154369929,1394.5096308739858,1403.9521143044262,21.331391927028044,0.04687926246120555,0.04687926618942007,geom,89
mixture,0.009750000000000007,694.254815436993,1394.509630873986,1403.9521143044265,21.331391996288,0.0468792690324006,0.04687926599171828,geom,89
mixture,0.006750000000000004,694.2548154369931,1394.5096308739862,1403.9521143044267,21.331391816662503,0.04687926489749226,0.04687926642644212,geom,89
mixture,0.010000000000000007,694.2548154369932,1394.5096308739865,1403.952114304427,21.331391845326404,0.04687926642692156,0.046879266352382654,geom,89
null,,694.2548154369915,1390.509630873983,1393.6571253507966,21.331397536059704,0.046879253846802485,,geom,89
sum,,695.3159909822759,1392.6319819645519,1395.7794764413654,32.349812053857754,0.06182416134814909,,geom,89
mixture,0.007500000000000005,665.0649425670132,1336.1298851340264,1345.465848499096,20.716867725847667,0.04826984174163834,0.04826984531583816,geom,90
mixture,0.0027500000000000007,665.0649425670133,1336.1298851340266,1345.4658484990962,20.716867871048954,0.04826984340083437,0.04826984495498979,geom,90
mixture,0.006000000000000004,665.0649425670133,1336.1298851340266,1345.4658484990962,20.716867903627513,0.04826984271099013,0.04826984488786981,geom,90
mixture,0.006500000000000004,665.0649425670133,1336.1298851340266,1345.4658484990962,20.716867766026393,0.04826984641725182,0.04826984518742222,geom,90
mixture,0.009250000000000006,665.0649425670134,1336.1298851340268,1345.4658484990964,20.71686790054648,0.04826984363001081,0.04826984489367619,geom,90
mixture,0.005250000000000003,665.0649425670134,1336.1298851340268,1345.4658484990964,20.716868107068485,0.04826985049833818,0.04826984436861452,geom,90
mixture,0.0037500000000000016,665.0649425670135,1336.129885134027,1345.4658484990966,20.71686800484701,0.04826984295991433,0.0482698446452895,geom,90
mixture,0.0022500000000000003,665.0649425670135,1336.129885134027,1345.4658484990966,20.716868290794906,0.04826983854097751,0.048269843984966046,geom,90
mixture,0.006250000000000004,665.0649425670135,1336.129885134027,1345.4658484990966,20.716868124400598,0.048269850259161015,0.048269844323313084,geom,90
mixture,0.007750000000000005,665.0649425670135,1336.129885134027,1345.4658484990966,20.71686826317536,0.04826985255634947,0.048269843970529906,geom,90
mixture,0.0070000000000000045,665.0649425670135,1336.129885134027,1345.4658484990966,20.716868338200232,0.04826983568282487,0.04826984391992342,geom,90
mixture,0.007250000000000005,665.0649425670135,1336.129885134027,1345.4658484990966,20.716868044319753,0.04826983642606703,0.04826984460630547,geom,90
mixture,0.004500000000000002,665.0649425670135,1336.129885134027,1345.4658484990966,20.716867977189555,0.04826985305208678,0.04826984466567175,geom,90
mixture,0.005000000000000003,665.0649425670135,1336.129885134027,1345.4658484990966,20.7168680016215,0.04826983775471792,0.04826984468111671,geom,90
mixture,0.004250000000000002,665.0649425670135,1336.129885134027,1345.4658484990966,20.716867984954572,0.04826984877678398,0.04826984466785535,geom,90
mixture,0.009750000000000007,665.0649425670135,1336.129885134027,1345.4658484990966,20.716868076272117,0.04826984602340871,0.04826984445728067,geom,90
mixture,0.009500000000000007,665.0649425670135,1336.129885134027,1345.4658484990966,20.716867870015708,0.04826984614331963,0.04826984494170799,geom,90
mixture,0.008000000000000005,665.0649425670135,1336.129885134027,1345.4658484990966,20.716867864860937,0.048269844753338814,0.04826984496684182,geom,90
mixture,0.008750000000000006,665.0649425670135,1336.129885134027,1345.4658484990966,20.716867956162563,0.048269844850872434,0.04826984475153382,geom,90
mixture,0.008500000000000006,665.0649425670135,1336.129885134027,1345.4658484990966,20.71686821858052,0.04826984012160012,0.04826984417543258,geom,90
mixture,0.1,665.0649425670135,1336.129885134027,1345.4658484990966,20.71686791073717,0.04826983667967528,0.048269845766973137,geom,90
mixture,0.010000000000000007,665.0649425670135,1336.129885134027,1345.4658484990966,20.7168682455871,0.048269843848267956,0.04826984408037129,geom,90
mixture,0.002,665.0649425670136,1336.1298851340273,1345.4658484990969,20.716867843056164,0.04826984507080569,0.04826984501582849,geom,90
mixture,0.0025000000000000005,665.0649425670136,1336.1298851340273,1345.4658484990969,20.716868079653203,0.04826983922849926,0.04826984447779581,geom,90
mixture,0.0035000000000000014,665.0649425670136,1336.1298851340273,1345.4658484990969,20.716867890023863,0.04826985065317142,0.04826984488632077,geom,90
mixture,0.003000000000000001,665.0649425670136,1336.1298851340273,1345.4658484990969,20.716868057657177,0.04826984134349166,0.04826984452546876,geom,90
mixture,0.005750000000000003,665.0649425670138,1336.1298851340275,1345.465848499097,20.71686824856985,0.04826983893304262,0.04826984410081522,geom,90
mixture,0.005500000000000003,665.0649425670138,1336.1298851340275,1345.465848499097,20.71686822786299,0.04826984503610001,0.048269844114277025,geom,90
mixture,0.003250000000000001,665.0649425670138,1336.1298851340275,1345.465848499097,20.716868181276283,0.04826984423331825,0.04826984422787536,geom,90
mixture,0.006750000000000004,665.0649425670138,1336.1298851340275,1345.465848499097,20.716868123502454,0.04826984201016738,0.04826984437849097,geom,90
mixture,0.004000000000000002,665.0649425670138,1336.1298851340275,1345.465848499097,20.716867892999,0.04826984766572213,0.0482698448884637,geom,90
mixture,0.0047500000000000025,665.0649425670138,1336.1298851340275,1345.465848499097,20.716868399923154,0.04826984661945094,0.04826984370460516,geom,90
mixture,0.009000000000000006,665.0649425670138,1336.1298851340275,1345.465848499097,20.716868008195956,0.048269848536152134,0.04826984459570233,geom,90
mixture,0.008250000000000006,665.0649425670138,1336.1298851340275,1345.465848499097,20.716868099361136,0.04826984767137322,0.04826984439169619,geom,90
mixture,0.05,665.0649425670138,1336.1298851340275,1345.465848499097,20.716867907404573,0.04826984365972474,0.048269844929496666,geom,90
mixture,0.5,665.0649425670138,1336.1298851340275,1345.465848499097,20.716866919678733,0.04826984716738758,0.04826984716738758,geom,90
mixture,0.35000000000000003,665.0649425670142,1336.1298851340284,1345.465848499098,20.716869387764955,0.048269843783221626,0.04826984014257508,geom,90
mixture,0.3,665.0649425670142,1336.1298851340284,1345.465848499098,20.716869418035255,0.048269844613116245,0.0482698399461963,geom,90
mixture,0.4,665.0649425670142,1336.1298851340284,1345.465848499098,20.716869401937373,0.04826984286122188,0.04826984039881861,geom,90
mixture,0.2,665.0649425670142,1336.1298851340284,1345.465848499098,20.716869598924944,0.04826984451368878,0.04826984002758199,geom,90
mixture,0.15000000000000002,665.0649425670143,1336.1298851340287,1345.4658484990982,20.716869618480324,0.048269844345587586,0.04826984026753127,geom,90
mixture,0.25,665.0649425670144,1336.1298851340289,1345.4658484990985,20.71686949852137,0.04826984457595763,0.048269840019669365,geom,90
mixture,0.45,665.0649425670144,1336.1298851340289,1345.4658484990985,20.716869486229427,0.04826984220597685,0.04826984035398497,geom,90
null,,665.0649425670144,1332.1298851340289,1335.2418729223855,20.716869699620524,0.048269840690184834,,geom,90
sum,,664.8651425798521,1331.7302851597042,1334.8422729480608,31.2597089938836,0.06398012215632999,,geom,90
mixture,0.3,656.7124146919994,1319.4248293839987,1328.7244286674713,15.690672522634586,0.2739874977645347,0.04795922517279911,geom,91
mixture,0.35000000000000003,656.7129726744033,1319.4259453488066,1328.7255446322793,14.799790544364372,0.28452692019054854,0.04790091389679301,geom,91
mixture,0.25,656.7130028947847,1319.4260057895694,1328.725605073042,16.56636525591049,0.26361174017490857,0.048021511125321915,geom,91
mixture,0.4,656.714950194426,1319.429900388852,1328.7294996723247,13.880282215161753,0.2986339490020055,0.04784364783254086,geom,91
mixture,0.45,656.7191205633917,1319.4382411267834,1328.737840410256,13.022550446971701,0.3,0.04773248791846672,geom,91
mixture,0.1,656.7224068173286,1319.4448136346573,1328.74441291813,19.233338606724203,0.18693248627967884,0.048132496282833094,geom,91
mixture,0.15000000000000002,656.723376935866,1319.446753871732,1328.7463531552046,18.53762051046981,0.1824161821012465,0.04798105583761613,geom,91
mixture,0.05,656.7236245845365,1319.447249169073,1328.7468484525457,19.936553554347537,0.19742031827093925,0.04826429695701412,geom,91
mixture,0.2,656.726123444611,1319.452246889222,1328.7518461726945,17.82802596439307,0.1818594318973794,0.0478232201160302,geom,91
mixture,0.010000000000000007,656.7262681658553,1319.4525363317107,1328.7521356151833,20.531569870309244,0.18942517381884394,0.04834272690142461,geom,91
mixture,0.009750000000000007,656.7262846723092,1319.4525693446185,1328.752168628091,20.535214813535536,0.1893883128840371,0.048343238327922984,geom,91
mixture,0.009500000000000007,656.7263011839761,1319.4526023679523,1328.752201651425,20.538858774310633,0.189351413067827,0.04834375064627785,geom,91
mixture,0.009250000000000006,656.7263177009088,1319.4526354018176,1328.7522346852902,20.542502356674714,0.18931446274140723,0.04834426243544121,geom,91
mixture,0.009000000000000006,656.7263342231598,1319.4526684463196,1328.7522677297923,20.546145329380355,0.18927744805833774,0.04834477424621307,geom,91
mixture,0.008750000000000006,656.7263507508067,1319.4527015016133,1328.752300785086,20.549787500546298,0.18924035048643673,0.04834528653785929,geom,91
mixture,0.008500000000000006,656.7263672839002,1319.4527345678005,1328.752333851273,20.553429015930874,0.18920315322711206,0.04834579897110617,geom,91
mixture,0.008250000000000006,656.7263838224693,1319.4527676449386,1328.7523669284112,20.557069715846705,0.18916584029202116,0.04834631192533204,geom,91
mixture,0.008000000000000005,656.7264003665971,1319.4528007331942,1328.7524000166668,20.56071018165341,0.18912838669508678,0.04834682403715571,geom,91
mixture,0.007750000000000005,656.7264169163016,1319.4528338326031,1328.7524331160757,20.564349754712314,0.18909077245534428,0.04834733686135529,geom,91
mixture,0.007500000000000005,656.726433471606,1319.452866943212,1328.7524662266846,20.567988495785787,0.18905297498259568,0.048347850256934374,geom,91
mixture,0.007250000000000005,656.7264500325766,1319.4529000651532,1328.7524993486259,20.57162701733101,0.18901496260915107,0.04834836278684042,geom,91
mixture,0.0070000000000000045,656.726466599222,1319.452933198444,1328.7525324819167,20.57526444516768,0.18897670660932983,0.04834887651159328,geom,91
mixture,0.006750000000000004,656.7264831715894,1319.4529663431788,1328.7525656266514,20.578901765088737,0.18893816985744488,0.04834938911412233,geom,91
mixture,0.006500000000000004,656.7264997496736,1319.4529994993472,1328.7525987828199,20.582537851950264,0.18889931612387345,0.048349903243718836,geom,91
mixture,0.006250000000000004,656.7265163334919,1319.4530326669837,1328.7526319504564,20.5861736623662,0.1888601020069043,0.048350416650539824,geom,91
mixture,0.006000000000000004,656.7265329230497,1319.4530658460994,1328.752665129572,20.589809047178562,0.18882047752464814,0.048350929687252596,geom,91
mixture,0.005750000000000003,656.7265495179681,1319.4530990359362,1328.7526983194089,20.593443599489746,0.18878046020829076,0.04835144328333809,geom,91
mixture,0.005500000000000003,656.7265661189911,1319.4531322379821,1328.7527315214547,20.597077725097666,0.1887398387831579,0.048351956541063584,geom,91
mixture,0.005250000000000003,656.7265827257088,1319.4531654514176,1328.7527647348902,20.60071096417742,0.18869861145978448,0.04835247051155907,geom,91
mixture,0.005000000000000003,656.7265993380465,1319.453198676093,1328.7527979595657,20.60434323756476,0.18865670031727927,0.04835298537549244,geom,91
mixture,0.0047500000000000025,656.7266159559616,1319.4532319119232,1328.7528311953959,20.607975284035078,0.18861400408351484,0.04835349939402184,geom,91
mixture,0.004500000000000002,656.7266325793705,1319.453265158741,1328.7528644422136,20.611606743038628,0.18857040835847,0.04835401340908214,geom,91
mixture,0.004250000000000002,656.7266492081583,1319.4532984163166,1328.7528976997892,20.615237331452672,0.18852577986916919,0.048354528077764816,geom,91
mixture,0.004000000000000002,656.7266658422154,1319.4533316844309,1328.7529309679035,20.618867467655466,0.1884799518715456,0.048355042409750255,geom,91
mixture,0.0037500000000000016,656.7266824813577,1319.4533649627153,1328.752964246188,20.622496571854683,0.1884327343619072,0.04835555775313884,geom,91
mixture,0.0035000000000000014,656.7266991253916,1319.4533982507833,1328.7529975342559,20.62612516007002,0.18838388773178075,0.04835607288235343,geom,91
mixture,0.003250000000000001,656.726715774053,1319.453431548106,1328.7530308315786,20.62975325955241,0.1883331224457664,0.04835658771446348,geom,91
mixture,0.003000000000000001,656.7267324270208,1319.4534648540416,1328.7530641375142,20.633380827496982,0.18828007417778297,0.0483571023266031,geom,91
mixture,0.0027500000000000007,656.7267490839047,1319.4534981678094,1328.753097451282,20.63700749201015,0.18822427407998576,0.04835761756241448,geom,91
mixture,0.0025000000000000005,656.7267657441921,1319.4535314883842,1328.7531307718568,20.640633038618965,0.18816512135625058,0.048358133886495264,geom,91
mixture,0.0022500000000000003,656.7267824072467,1319.4535648144933,1328.753164097966,20.64425846281259,0.18810181275606547,0.04835864891742043,geom,91
mixture,0.002,656.7267990722338,1319.4535981444676,1328.7531974279402,20.64788288211757,0.18803325084333275,0.04835916466229898,geom,91
mixture,0.5,656.7269320331911,1319.4538640663823,1328.7534633498549,20.676829277752713,0.04836331463431642,0.04836331463431642,geom,91
null,,656.726932033192,1315.453864066384,1318.5537304942084,20.676831578438527,0.04836330925298943,,geom,91
sum,,656.6540977238249,1315.3081954476497,1318.408061875474,31.23399656547901,0.06403279182691834,,geom,91
mixture,0.5,763.9844943368532,1533.9689886737065,1543.6783145621964,21.909575749330006,0.04564214348288236,0.04564214348288236,geom,92
mixture,0.45,763.9844943368535,1533.968988673707,1543.6783145621969,21.90957586228354,0.04564214373807877,0.04564214284625733,geom,92
mixture,0.35000000000000003,763.9844943368537,1533.9689886737074,1543.6783145621973,21.909576005484507,0.04564214425967377,0.04564214224365256,geom,92
mixture,0.25,763.9844943368537,1533.9689886737074,1543.6783145621973,21.909575849720238,0.045642146406192755,0.04564214222960105,geom,92
mixture,0.4,763.9844943368537,1533.9689886737074,1543.6783145621973,21.909575669456594,0.045642144854918756,0.045642142845512663,geom,92
mixture,0.15000000000000002,763.9844943368537,1533.9689886737074,1543.6783145621973,21.909576124523745,0.04564214700834151,0.045642141941206645,geom,92
mixture,0.3,763.9844943368537,1533.9689886737074,1543.6783145621973,21.909575950137885,0.04564214609392932,0.04564214176625661,geom,92
mixture,0.0047500000000000025,763.9844943368539,1533.9689886737078,1543.6783145621978,21.909576602868196,0.04564214152540559,0.04564214170564331,geom,92
mixture,0.1,763.9844943368539,1533.9689886737078,1543.6783145621978,21.90957647075992,0.045642145176957555,0.04564214162477788,geom,92
mixture,0.009500000000000007,763.9844943368539,1533.9689886737078,1543.6783145621978,21.90957667756528,0.045642148434759715,0.04564214148313744,geom,92
mixture,0.2,763.9844943368539,1533.9689886737078,1543.6783145621978,21.909576099413474,0.04564214563712562,0.04564214203270198,geom,92
mixture,0.0035000000000000014,763.984494336854,1533.968988673708,1543.678314562198,21.90957662019834,0.04564214155458641,0.04564214166908569,geom,92
mixture,0.004250000000000002,763.9844943368541,1533.9689886737083,1543.6783145621982,21.909576634583846,0.04564214186083907,0.04564214163776893,geom,92
mixture,0.0070000000000000045,763.9844943368541,1533.9689886737083,1543.6783145621982,21.909576621959562,0.04564214207328856,0.0456421416621379,geom,92
mixture,0.006000000000000004,763.9844943368541,1533.9689886737083,1543.6783145621982,21.909576670540805,0.0456421459429381,0.0456421415373779,geom,92
mixture,0.0037500000000000016,763.9844943368541,1533.9689886737083,1543.6783145621982,21.909576869222924,0.04564214166977132,0.045642141147958865,geom,92
mixture,0.006500000000000004,763.9844943368541,1533.9689886737083,1543.6783145621982,21.90957666337452,0.045642141965447074,0.04564214157621006,geom,92
mixture,0.008000000000000005,763.9844943368541,1533.9689886737083,1543.6783145621982,21.90957691001637,0.04564213739072655,0.04564214109456526,geom,92
mixture,0.05,763.9844943368541,1533.9689886737083,1543.6783145621982,21.909576726108305,0.04564214597721222,0.04564214120967597,geom,92
mixture,0.002,763.9844943368541,1533.9689886737083,1543.6783145621982,21.90957659023681,0.045642142408607055,0.04564214172974322,geom,92
mixture,0.005750000000000003,763.9844943368543,1533.9689886737085,1543.6783145621985,21.90957685267312,0.045642141225729176,0.04564214118415324,geom,92
mixture,0.004000000000000002,763.9844943368543,1533.9689886737085,1543.6783145621985,21.909576959114176,0.045642149175738236,0.045642140929669485,geom,92
mixture,0.006250000000000004,763.9844943368543,1533.9689886737085,1543.6783145621985,21.909576714535003,0.045642140530233605,0.04564214147808641,geom,92
mixture,0.007750000000000005,763.9844943368543,1533.9689886737085,1543.6783145621985,21.909576828353202,0.04564214151292537,0.04564214123288537,geom,92
mixture,0.008750000000000006,763.9844943368543,1533.9689886737085,1543.6783145621985,21.90957675561483,0.045642147978681206,0.04564214132839462,geom,92
mixture,0.008250000000000006,763.9844943368543,1533.9689886737085,1543.6783145621985,21.909576747305266,0.04564214354661032,0.0456421413860707,geom,92
mixture,0.007250000000000005,763.9844943368543,1533.9689886737085,1543.6783145621985,21.909576794918326,0.04564213597605703,0.04564214134362223,geom,92
mixture,0.0022500000000000003,763.9844943368543,1533.9689886737085,1543.6783145621985,21.90957665673882,0.04564213831300616,0.045642141599959274,geom,92
mixture,0.003250000000000001,763.9844943368543,1533.9689886737085,1543.6783145621985,21.909576849177434,0.04564214244595602,0.04564214118758482,geom,92
mixture,0.0025000000000000005,763.9844943368544,1533.9689886737087,1543.6783145621987,21.909576740206358,0.045642140920173456,0.04564214141993303,geom,92
mixture,0.003000000000000001,763.9844943368544,1533.9689886737087,1543.6783145621987,21.909576832759726,0.045642137225726756,0.045642141237912534,geom,92
mixture,0.005000000000000003,763.9844943368544,1533.9689886737087,1543.6783145621987,21.909576933658478,0.045642140758218895,0.04564214101697698,geom,92
mixture,0.005250000000000003,763.9844943368544,1533.9689886737087,1543.6783145621987,21.909577020882875,0.045642134143929515,0.04564214086928502,geom,92
mixture,0.009750000000000007,763.9844943368544,1533.9689886737087,1543.6783145621987,21.909576709255163,0.045642141465310086,0.045642141483337076,geom,92
mixture,0.009000000000000006,763.9844943368544,1533.9689886737087,1543.6783145621987,21.9095768056336,0.04564214094734845,0.045642141285427984,geom,92
mixture,0.009250000000000006,763.9844943368544,1533.9689886737087,1543.6783145621987,21.909576805782354,0.04564214701853595,0.045642141228517716,geom,92
mixture,0.006750000000000004,763.9844943368544,1533.9689886737087,1543.6783145621987,21.909577020222077,0.045642140292499,0.04564214083904264,geom,92
mixture,0.007500000000000005,763.9844943368544,1533.9689886737087,1543.6783145621987,21.90957672658717,0.04564214203521077,0.045642141442610695,geom,92
mixture,0.005500000000000003,763.9844943368544,1533.9689886737087,1543.6783145621987,21.909576748040298,0.045642148372989265,0.04564214136381346,geom,92
mixture,0.008500000000000006,763.9844943368544,1533.9689886737087,1543.6783145621987,21.90957686732725,0.045642141618676586,0.045642141149879974,geom,92
mixture,0.010000000000000007,763.9844943368544,1533.9689886737087,1543.6783145621987,21.909577003177,0.04564214537427027,0.04564214082537289,geom,92
mixture,0.004500000000000002,763.9844943368544,1533.9689886737087,1543.6783145621987,21.909576746198855,0.04564214714102788,0.045642141380276655,geom,92
mixture,0.0027500000000000007,763.9844943368546,1533.9689886737092,1543.6783145621991,21.909577101040995,0.045642136396677815,0.04564214067876683,geom,92
null,,763.9844943368544,1529.9689886737087,1533.2054306365387,21.909577161851374,0.045642140540310606,,geom,92
sum,,763.324267364523,1528.648534729046,1531.884976691876,32.961980453035885,0.060675965840389756,,geom,92
mixture,0.45,639.8094531513937,1285.6189063027873,1294.7876437188322,20.45552734003822,0.06366165330415677,0.041084916996824025,geom,93
mixture,0.4,639.810061791788,1285.620123583576,1294.788860999621,20.45206398625602,0.0661154737946745,0.04166075587302947,geom,93
mixture,0.35000000000000003,639.8121770033842,1285.6243540067685,1294.7930914228134,20.501450691425987,0.06857394801012268,0.04221472322331733,geom,93
mixture,0.3,639.8160439945045,1285.632087989009,1294.800825405054,20.6094736846142,0.07091000392705382,0.042738280908442824,geom,93
mixture,0.25,639.8217857658628,1285.6435715317257,1294.8123089477706,20.774967379251493,0.07302080498824727,0.043224462876088506,geom,93
mixture,0.2,639.8750410524456,1285.7500821048911,1294.918819520936,22.165606598262166,0.04511485945495753,0.04511495947400628,geom,93
mixture,0.15000000000000002,639.8750410524481,1285.7500821048961,1294.918819520941,22.165606464727375,0.045114896283326836,0.04511494741112999,geom,93
mixture,0.5,639.8750410524488,1285.7500821048975,1294.9188195209424,22.165605999607234,0.04511494068863805,0.04511494068863805,geom,93
mixture,0.006000000000000004,639.8750410524489,1285.7500821048977,1294.9188195209426,22.165606854443816,0.045114935934299126,0.04511493896693557,geom,93
mixture,0.0027500000000000007,639.875041052449,1285.750082104898,1294.9188195209429,22.165607003560954,0.04511494612774049,0.04511493862459939,geom,93
mixture,0.007250000000000005,639.875041052449,1285.750082104898,1294.9188195209429,22.165607057977635,0.04511493971845719,0.04511493852582907,geom,93
mixture,0.004500000000000002,639.875041052449,1285.750082104898,1294.9188195209429,22.165607072678245,0.04511493383125367,0.04511493852567954,geom,93
mixture,0.007500000000000005,639.875041052449,1285.750082104898,1294.9188195209429,22.165607135435277,0.04511494039508482,0.04511493836157026,geom,93
mixture,0.1,639.875041052449,1285.750082104898,1294.9188195209429,22.165606792044624,0.04511491039158833,0.045114942262875136,geom,93
mixture,0.0022500000000000003,639.8750410524492,1285.7500821048984,1294.9188195209433,22.165607200946333,0.045114932452609766,0.04511493825654204,geom,93
mixture,0.005250000000000003,639.8750410524492,1285.7500821048984,1294.9188195209433,22.165607002762272,0.0451149382061349,0.04511493864918465,geom,93
mixture,0.009750000000000007,639.8750410524492,1285.7500821048984,1294.9188195209433,22.165607158667378,0.0451149478829528,0.04511493823547307,geom,93
mixture,0.008500000000000006,639.8750410524492,1285.7500821048984,1294.9188195209433,22.165607178793596,0.04511493353486841,0.04511493832932481,geom,93
mixture,0.006500000000000004,639.8750410524492,1285.7500821048984,1294.9188195209433,22.16560706795862,0.04511493658309639,0.04511493852679479,geom,93
mixture,0.006750000000000004,639.8750410524492,1285.7500821048984,1294.9188195209433,22.16560741131249,0.045114933911790514,0.04511493784184066,geom,93
mixture,0.006250000000000004,639.8750410524492,1285.7500821048984,1294.9188195209433,22.165607064239637,0.04511493735112392,0.045114938529092506,geom,93
mixture,0.0047500000000000025,639.8750410524492,1285.7500821048984,1294.9188195209433,22.165606955292745,0.04511493251173335,0.045114938773218156,geom,93
mixture,0.05,639.8750410524492,1285.7500821048984,1294.9188195209433,22.16560715717072,0.04511493474161464,0.04511493852158053,geom,93
mixture,0.002,639.8750410524492,1285.7500821048984,1294.9188195209433,22.165607302678342,0.04511493531956467,0.04511493804186677,geom,93
mixture,0.005500000000000003,639.8750410524492,1285.7500821048984,1294.9188195209433,22.165606907488147,0.04511494345679532,0.045114938815247044,geom,93
mixture,0.009000000000000006,639.8750410524492,1285.7500821048984,1294.9188195209433,22.165607101349934,0.04511494134375918,0.04511493841988259,geom,93
mixture,0.004000000000000002,639.8750410524492,1285.7500821048984,1294.9188195209433,22.165607149991793,0.0451149418473206,0.045114938333137164,geom,93
mixture,0.005750000000000003,639.8750410524492,1285.7500821048984,1294.9188195209433,22.16560717629054,0.045114939554925286,0.045114938286372364,geom,93
mixture,0.0035000000000000014,639.8750410524493,1285.7500821048986,1294.9188195209435,22.165607215845853,0.04511493919460228,0.045114938209710215,geom,93
mixture,0.003250000000000001,639.8750410524493,1285.7500821048986,1294.9188195209435,22.165607471541808,0.04511493549618569,0.045114937699886656,geom,93
mixture,0.009250000000000006,639.8750410524493,1285.7500821048986,1294.9188195209435,22.165607447431118,0.045114938504170685,0.04511493773468072,geom,93
mixture,0.009500000000000007,639.8750410524493,1285.7500821048986,1294.9188195209435,22.165607142033085,0.04511494661745286,0.04511493828422709,geom,93
mixture,0.0037500000000000016,639.8750410524493,1285.7500821048986,1294.9188195209435,22.16560748578491,0.045114936937749366,0.04511493766646751,geom,93
mixture,0.003000000000000001,639.8750410524493,1285.7500821048986,1294.9188195209435,22.165606946190476,0.0451149416066644,0.04511493875344281,geom,93
mixture,0.008750000000000006,639.8750410524493,1285.7500821048986,1294.9188195209435,22.165607310383383,0.045114940578625896,0.045114937998160576,geom,93
mixture,0.010000000000000007,639.8750410524494,1285.7500821048989,1294.9188195209438,22.165607396310875,0.045114938424539786,0.04511493784000108,geom,93
mixture,0.0070000000000000045,639.8750410524494,1285.7500821048989,1294.9188195209438,22.165607186559786,0.04511493432837947,0.04511493830057029,geom,93
mixture,0.005000000000000003,639.8750410524494,1285.7500821048989,1294.9188195209438,22.165607285815778,0.04511493234494942,0.04511493809951635,geom,93
mixture,0.007750000000000005,639.8750410524494,1285.7500821048989,1294.9188195209438,22.16560742304649,0.04511494209271543,0.04511493775783461,geom,93
mixture,0.008000000000000005,639.8750410524494,1285.7500821048989,1294.9188195209438,22.16560749701168,0.04511493639179366,0.045114937650957636,geom,93
mixture,0.008250000000000006,639.8750410524495,1285.750082104899,1294.918819520944,22.165607394923672,0.045114938250982894,0.045114937845323236,geom,93
mixture,0.004250000000000002,639.8750410524497,1285.7500821048993,1294.9188195209442,22.165607700008835,0.0451149327837088,0.045114937246680156,geom,93
mixture,0.0025000000000000005,639.8750410524497,1285.7500821048993,1294.9188195209442,22.165607526137602,0.045114931998693,0.045114937595594914,geom,93
null,,639.8750410524497,1281.7500821048993,1284.8063279102475,22.165607813714363,0.04511493699628112,,geom,93
sum,,640.6635645815202,1283.3271291630404,1286.3833749683886,33.577476408215034,0.0595637377772286,,geom,93
mixture,0.5,765.2446898804646,1536.4893797609293,1546.2618658770127,19.156760615655383,0.06324756663515052,0.04443923760288206,geom,94
mixture,0.45,765.2447784829351,1536.4895569658702,1546.2620430819536,19.194142255557026,0.04385381209577881,0.06157100113395279,geom,94
mixture,0.4,765.2452600887593,1536.4905201775186,1546.263006293602,19.237485727652235,0.04323879568402796,0.06008090332775513,geom,94
mixture,0.35000000000000003,765.2479831164558,1536.4959662329115,1546.268452348995,19.12671078757368,0.06959776027314138,0.04610644111891396,geom,94
mixture,0.3,765.2509553683201,1536.5019107366402,1546.2743968527236,19.171260227283252,0.072075182908107,0.04663887025789412,geom,94
mixture,0.25,765.2553007877798,1536.5106015755596,1546.283087691643,19.258925988855133,0.07456761920073939,0.047151234619050963,geom,94
mixture,0.2,765.2612337298325,1536.522467459665,1546.2949535757484,19.393810878994493,0.07692876487220913,0.047636051655144396,geom,94
mixture,0.15000000000000002,765.268857406159,1536.537714812318,1546.3102009284014,19.574281916052072,0.07904027206993595,0.048086401186315936,geom,94
mixture,0.003250000000000001,765.3012311340486,1536.6024622680973,1546.3749483841807,20.307293114641563,0.04924339399616239,0.049243392225532034,geom,94
mixture,0.1,765.3012311340486,1536.6024622680973,1546.3749483841807,20.307292906565213,0.04924338735816083,0.04924339333337484,geom,94
mixture,0.004000000000000002,765.3012311340487,1536.6024622680975,1546.374948384181,20.307293208338404,0.049243393815509955,0.049243391996805205,geom,94
mixture,0.0025000000000000005,765.3012311340487,1536.6024622680975,1546.374948384181,20.307292943458794,0.04924338867203291,0.04924339265635049,geom,94
mixture,0.008000000000000005,765.3012311340487,1536.6024622680975,1546.374948384181,20.307293006092788,0.04924339356853095,0.04924339248584631,geom,94
mixture,0.008250000000000006,765.3012311340487,1536.6024622680975,1546.374948384181,20.307292994040928,0.049243394625175685,0.04924339250625135,geom,94
mixture,0.009500000000000007,765.3012311340487,1536.6024622680975,1546.374948384181,20.307293055680304,0.0492433945909143,0.04924339235300228,geom,94
mixture,0.006250000000000004,765.3012311340487,1536.6024622680975,1546.374948384181,20.307293220020583,0.04924338934646881,0.049243391992288145,geom,94
mixture,0.0070000000000000045,765.3012311340489,1536.6024622680977,1546.3749483841812,20.30729290683971,0.049243391095609476,0.04924339274674568,geom,94
mixture,0.007250000000000005,765.3012311340489,1536.6024622680977,1546.3749483841812,20.307293252972165,0.049243396824561185,0.049243391859852964,geom,94
mixture,0.006500000000000004,765.3012311340489,1536.6024622680977,1546.3749483841812,20.30729316174511,0.04924339407427072,0.04924339210425958,geom,94
mixture,0.008500000000000006,765.3012311340489,1536.6024622680977,1546.3749483841812,20.307293239927503,0.04924339385836751,0.049243391910926006,geom,94
mixture,0.005750000000000003,765.3012311340489,1536.6024622680977,1546.3749483841812,20.307293315262807,0.04924339720838101,0.04924339171320052,geom,94
mixture,0.0027500000000000007,765.3012311340489,1536.6024622680977,1546.3749483841812,20.30729297487212,0.04924339279293965,0.04924339256960096,geom,94
mixture,0.010000000000000007,765.3012311340489,1536.6024622680977,1546.3749483841812,20.307293008508765,0.04924339050518448,0.04924339250868425,geom,94
mixture,0.0037500000000000016,765.3012311340489,1536.6024622680977,1546.3749483841812,20.307293258748217,0.049243396721176745,0.049243391863624864,geom,94
mixture,0.009250000000000006,765.3012311340489,1536.6024622680977,1546.3749483841812,20.307293189154922,0.04924339475649588,0.04924339202533504,geom,94
mixture,0.008750000000000006,765.301231134049,1536.602462268098,1546.3749483841814,20.30729306653668,0.04924338653376301,0.04924339239925978,geom,94
mixture,0.004500000000000002,765.301231134049,1536.602462268098,1546.3749483841814,20.307293066019376,0.049243388235970825,0.04924339236778426,geom,94
mixture,0.007750000000000005,765.301231134049,1536.602462268098,1546.3749483841814,20.30729336833383,0.04924339365611567,0.04924339160017169,geom,94
mixture,0.005500000000000003,765.301231134049,1536.602462268098,1546.3749483841814,20.30729306473749,0.0492433903411593,0.049243392363422005,geom,94
mixture,0.005250000000000003,765.301231134049,1536.602462268098,1546.3749483841814,20.307293033283468,0.04924338949328565,0.04924339244406438,geom,94
mixture,0.006750000000000004,765.301231134049,1536.602462268098,1546.3749483841814,20.3072930570676,0.04924339809016409,0.04924339233203097,geom,94
mixture,0.004250000000000002,765.301231134049,1536.602462268098,1546.3749483841814,20.307293302776035,0.049243396650565374,0.049243391754267854,geom,94
mixture,0.0047500000000000025,765.301231134049,1536.602462268098,1546.3749483841814,20.307293067499405,0.04924339029468198,0.049243392355390526,geom,94
mixture,0.005000000000000003,765.301231134049,1536.602462268098,1546.3749483841814,20.30729319307721,0.04924338875736394,0.049243392057588195,geom,94
mixture,0.009000000000000006,765.301231134049,1536.602462268098,1546.3749483841814,20.307293240472696,0.04924339362610108,0.049243391910718776,geom,94
mixture,0.006000000000000004,765.3012311340491,1536.6024622680982,1546.3749483841816,20.30729306826452,0.04924338846575738,0.049243392367155206,geom,94
mixture,0.0022500000000000003,765.3012311340491,1536.6024622680982,1546.3749483841816,20.307293065313875,0.04924338447483716,0.049243392368662986,geom,94
mixture,0.007500000000000005,765.3012311340491,1536.6024622680982,1546.3749483841816,20.307293144543635,0.049243394850258936,0.04924339213843805,geom,94
mixture,0.009750000000000007,765.3012311340491,1536.6024622680982,1546.3749483841816,20.30729320372233,0.0492433896624259,0.049243392038439734,geom,94
mixture,0.003000000000000001,765.3012311340492,1536.6024622680984,1546.3749483841818,20.307293250921706,0.049243388163006004,0.04924339191206647,geom,94
mixture,0.002,765.3012311340492,1536.6024622680984,1546.3749483841818,20.30729327269517,0.04924339672831747,0.049243391838240405,geom,94
mixture,0.0035000000000000014,765.3012311340492,1536.6024622680984,1546.3749483841818,20.3072933656972,0.049243388271827435,0.0492433916342674,geom,94
mixture,0.05,765.3012311340492,1536.6024622680984,1546.3749483841818,20.30729312577218,0.049243386700540084,0.04924339249396721,geom,94
null,,765.3012311340492,1532.6024622680984,1535.8599576401261,20.307293650344228,0.04924339093225497,,geom,94
sum,,766.184645783881,1534.369291567762,1537.6267869397898,30.772280865000603,0.0649935573113378,,geom,94
mixture,0.4,710.4065212568264,1426.8130425136528,1436.3919130663235,18.08319722232853,0.04438979310787763,0.0661367153603489,geom,95
mixture,0.45,710.4226700459371,1426.8453400918743,1436.424210644545,18.129905738866693,0.04520343360364977,0.06727903016805907,geom,95
mixture,0.35000000000000003,710.4864392768152,1426.9728785536304,1436.551749106301,18.440995168194807,0.07200671589205976,0.047863317300976434,geom,95
mixture,0.3,710.5028030332344,1427.0056060664688,1436.5844766191394,18.554308921564328,0.07321596987632592,0.048419979292810375,geom,95
mixture,0.25,710.5194996449918,1427.0389992899836,1436.6178698426543,18.683201663713188,0.07443078357779162,0.04894163278622488,geom,95
mixture,0.010000000000000007,710.6087206224354,1427.2174412448708,1436.7963117975414,19.43350081237873,0.187508602271921,0.05108314342909725,geom,95
mixture,0.009750000000000007,710.6087230879164,1427.2174461758327,1436.7963167285034,19.436843144107407,0.18747352159845934,0.05108374454293555,geom,95
mixture,0.009500000000000007,710.6087255992793,1427.2174511985586,1436.7963217512292,19.44018431216566,0.18743848287928663,0.05108434709817071,geom,95
mixture,0.009250000000000006,710.6087281564733,1427.2174563129465,1436.7963268656172,19.44352534702663,0.18740348163153536,0.05108494838422306,geom,95
mixture,0.009000000000000006,710.6087307594021,1427.2174615188042,1436.7963320714748,19.446865356380748,0.18736850440074848,0.0510855507622431,geom,95
mixture,0.008750000000000006,710.6087334084243,1427.2174668168486,1436.7963373695193,19.450205014719938,0.18733360559979625,0.0510861524205516,geom,95
mixture,0.008500000000000006,710.6087361026033,1427.2174722052066,1436.7963427578773,19.45354380614103,0.18729864621526168,0.051086754809915265,geom,95
mixture,0.008250000000000006,710.6087388422993,1427.2174776845986,1436.7963482372693,19.456881636946548,0.18726367623104762,0.05108735814138098,geom,95
mixture,0.008000000000000005,710.6087416274594,1427.2174832549188,1436.7963538075894,19.460219329002324,0.18722868508533874,0.05108796025698419,geom,95
mixture,0.007750000000000005,710.6087444580355,1427.217488916071,1436.7963594687417,19.463556161595253,0.1871936603920515,0.05108856305864954,geom,95
mixture,0.007500000000000005,710.6087473339207,1427.2174946678415,1436.7963652205121,19.466892107336136,0.18715857873069466,0.05108916662853493,geom,95
mixture,0.007250000000000005,710.6087502550965,1427.217500510193,1436.7963710628637,19.47022766882512,0.18712342986261638,0.05108976964634316,geom,95
mixture,0.0070000000000000045,710.6087532214619,1427.2175064429239,1436.7963769955945,19.473562675515677,0.18708818616796258,0.0510903725708047,geom,95
mixture,0.006750000000000004,710.6087562329913,1427.2175124659825,1436.7963830186532,19.476896853142584,0.18705283051354088,0.05109097612543148,geom,95
mixture,0.006500000000000004,710.6087592896093,1427.2175185792187,1436.7963891318893,19.480230577157855,0.18701733385496597,0.051091579330524356,geom,95
mixture,0.006250000000000004,710.6087623912695,1427.217524782539,1436.7963953352096,19.483563486121422,0.18698166778747238,0.051092183140496,geom,95
mixture,0.006000000000000004,710.6087655379313,1427.2175310758626,1436.7964016285332,19.486895703195607,0.1869458011663814,0.0510927872353208,geom,95
mixture,0.005750000000000003,710.6087687295408,1427.2175374590815,1436.7964080117522,19.49022759835972,0.18690969462603194,0.05109339064843316,geom,95
mixture,0.005500000000000003,710.6087719660736,1427.2175439321472,1436.796414484818,19.49355857124547,0.18687330783357115,0.051093994958793465,geom,95
mixture,0.005250000000000003,710.6087752474859,1427.2175504949719,1436.7964210476425,19.49688910376644,0.18683658865130578,0.05109459890517682,geom,95
mixture,0.005000000000000003,710.6087785737657,1427.2175571475314,1436.796427700202,19.50021906563673,0.18679948273096283,0.05109520283073874,geom,95
mixture,0.0047500000000000025,710.6087819448918,1427.2175638897836,1436.7964344424543,19.503548088108904,0.18676192135173683,0.05109580770491579,geom,95
mixture,0.004500000000000002,710.6087853608658,1427.2175707217316,1436.7964412744022,19.50687682155964,0.18672382797738013,0.05109641182094416,geom,95
mixture,0.004250000000000002,710.6087888216839,1427.2175776433678,1436.7964481960385,19.510205057577135,0.18668510550666328,0.05109701572621859,geom,95
mixture,0.004000000000000002,710.6087923273894,1427.2175846547789,1436.7964552074495,19.513532165604023,0.1866456473782635,0.051097621069816836,geom,95
mixture,0.0037500000000000016,710.6087958780122,1427.2175917560244,1436.796462308695,19.516858960439407,0.18660531511445755,0.05109822571223233,geom,95
mixture,0.0035000000000000014,710.6087994736242,1427.2175989472485,1436.796469499919,19.52018534088567,0.18656394498917137,0.051098829912284656,geom,95
mixture,0.003250000000000001,710.6088031143274,1427.2176062286549,1436.7964767813255,19.523510731653587,0.186521333844832,0.05109943516783982,geom,95
mixture,0.003000000000000001,710.6088068002534,1427.2176136005069,1436.7964841531775,19.52683572541013,0.18647722387281698,0.051100039913486765,geom,95
mixture,0.0027500000000000007,710.6088105315894,1427.2176210631787,1436.7964916158494,19.53015988789764,0.18643128791700608,0.05110064526915447,geom,95
mixture,0.0025000000000000005,710.6088143085783,1427.2176286171566,1436.7964991698273,19.53348345656698,0.18638309538004974,0.05110125059012672,geom,95
mixture,0.0022500000000000003,710.6088181315594,1427.2176362631187,1436.7965068157894,19.536806372085216,0.18633207619662764,0.051101856000226625,geom,95
mixture,0.002,710.6088220009834,1427.2176440019668,1436.7965145546375,19.54012863292748,0.1862774440146748,0.051102461461514,geom,95
mixture,0.2,710.6088548983813,1427.2177097967626,1436.7965803494333,19.566667864259692,0.05110726826721203,0.051107335752266815,geom,95
mixture,0.15000000000000002,710.6088548983835,1427.217709796767,1436.7965803494376,19.566668042246047,0.05110727758981608,0.05110732959045058,geom,95
mixture,0.5,710.6088548983848,1427.2177097967697,1436.7965803494403,19.566667565961836,0.0511073230343832,0.0511073230343832,geom,95
mixture,0.1,710.6088548983851,1427.2177097967701,1436.7965803494408,19.56666847646095,0.051107309694193824,0.05110732187419813,geom,95
mixture,0.05,710.6088548983852,1427.2177097967704,1436.796580349441,19.566668150409033,0.05110731177874252,0.05110732201988885,geom,95
null,,710.6088548983853,1423.2177097967706,1426.4106666476607,19.56666864282821,0.05110732022165311,,geom,95
sum,,711.6796113433228,1425.3592226866456,1428.5521795375357,29.67784322788089,0.06739034183323327,,geom,95
mixture,0.5,578.9473098362296,1163.8946196724592,1172.7831535632388,21.58741374449928,0.046323288738319174,0.046323288738319174,geom,96
mixture,0.35000000000000003,578.9473098362297,1163.8946196724594,1172.783153563239,21.58741389728479,0.046323290262467925,0.04632328741323246,geom,96
mixture,0.3,578.9473098362297,1163.8946196724594,1172.783153563239,21.587413922427864,0.046323290215229504,0.04632328755991832,geom,96
mixture,0.45,578.9473098362297,1163.8946196724594,1172.783153563239,21.587413977149957,0.04632328934751393,0.04632328733219119,geom,96
mixture,0.4,578.9473098362298,1163.8946196724596,1172.7831535632392,21.587413917566494,0.04632328939739813,0.046323287679973596,geom,96
mixture,0.25,578.9473098362298,1163.8946196724596,1172.7831535632392,21.58741406907187,0.0463232904979121,0.04632328722314408,geom,96
mixture,0.1,578.9473098362364,1163.8946196724728,1172.7831535632524,21.5874192354184,0.04632328007278294,0.04632327660930127,geom,96
mixture,0.05,578.9473098362366,1163.8946196724733,1172.7831535632529,21.587419305679756,0.04632327841566529,0.046323276720101156,geom,96
mixture,0.2,578.9473098362366,1163.8946196724733,1172.7831535632529,21.587419223512587,0.04632328048529583,0.04632327610517294,geom,96
mixture,0.008250000000000006,578.9473098362369,1163.8946196724737,1172.7831535632533,21.587419361053534,0.046323276933170156,0.04632327668400011,geom,96
mixture,0.15000000000000002,578.9473098362369,1163.8946196724737,1172.7831535632533,21.587419266257644,0.046323279019725515,0.04632327651354627,geom,96
mixture,0.006000000000000004,578.9473098362369,1163.8946196724737,1172.7831535632533,21.587419504439513,0.046323276529741934,0.04632327637745783,geom,96
mixture,0.007750000000000005,578.947309836237,1163.894619672474,1172.7831535632536,21.58741941296309,0.04632327682609328,0.04632327657270207,geom,96
mixture,0.003000000000000001,578.9473098362371,1163.8946196724742,1172.7831535632538,21.587405604285827,0.046323307484392305,0.04632330620213224,geom,96
mixture,0.007250000000000005,578.9473098362371,1163.8946196724742,1172.7831535632538,21.58740560726918,0.04632330012860802,0.04632330624391317,geom,96
mixture,0.0025000000000000005,578.9473098362371,1163.8946196724742,1172.7831535632538,21.58741960459868,0.04632327653724441,0.046323276162508566,geom,96
mixture,0.008500000000000006,578.9473098362371,1163.8946196724742,1172.7831535632538,21.587419535974153,0.04632327569355611,0.04632327631599378,geom,96
mixture,0.004500000000000002,578.9473098362371,1163.8946196724742,1172.7831535632538,21.587419503591377,0.04632327729321328,0.04632327637606434,geom,96
mixture,0.003250000000000001,578.9473098362371,1163.8946196724742,1172.7831535632538,21.587405672187543,0.04632331811275461,0.04632330602097394,geom,96
mixture,0.0070000000000000045,578.9473098362372,1163.8946196724744,1172.783153563254,21.587405547166863,0.04632330813396737,0.04632330631582065,geom,96
mixture,0.010000000000000007,578.9473098362372,1163.8946196724744,1172.783153563254,21.587419525082577,0.04632327657274491,0.046323276331663894,geom,96
mixture,0.002,578.9473098362373,1163.8946196724746,1172.7831535632542,21.587405537665582,0.046323315025143856,0.04632330633154881,geom,96
mixture,0.009250000000000006,578.9473098362373,1163.8946196724746,1172.7831535632542,21.587419610815694,0.04632327525501501,0.046323276158461525,geom,96
mixture,0.006250000000000004,578.9473098362373,1163.8946196724746,1172.7831535632542,21.587419596129873,0.046323277144713695,0.04632327617556095,geom,96
mixture,0.005500000000000003,578.9473098362374,1163.8946196724748,1172.7831535632545,21.58741964505313,0.04632327706163876,0.046323276071188906,geom,96
mixture,0.005250000000000003,578.9473098362374,1163.8946196724748,1172.7831535632545,21.58740544394984,0.04632330846908479,0.04632330653990761,geom,96
mixture,0.006500000000000004,578.9473098362375,1163.894619672475,1172.7831535632547,21.587405498327623,0.04632330646282116,0.046323306433156484,geom,96
mixture,0.0035000000000000014,578.9473098362375,1163.894619672475,1172.7831535632547,21.587419641180418,0.0463232762305315,0.046323276084435296,geom,96
mixture,0.008750000000000006,578.9473098362375,1163.894619672475,1172.7831535632547,21.587419685028937,0.046323274984730656,0.04632327599973576,geom,96
mixture,0.006750000000000004,578.9473098362375,1163.894619672475,1172.7831535632547,21.587405424242124,0.04632330816801924,0.04632330658161735,geom,96
mixture,0.005000000000000003,578.9473098362377,1163.8946196724753,1172.783153563255,21.587419748746765,0.046323276976951676,0.04632327584848349,geom,96
mixture,0.005750000000000003,578.9473098362377,1163.8946196724753,1172.783153563255,21.58740551159315,0.046323299865618374,0.04632330644270172,geom,96
mixture,0.0022500000000000003,578.9473098362377,1163.8946196724753,1172.783153563255,21.58740546014814,0.04632331336589402,0.04632330649982805,geom,96
mixture,0.0027500000000000007,578.9473098362377,1163.8946196724753,1172.783153563255,21.587419770212126,0.04632327602991423,0.0463232758074527,geom,96
mixture,0.0037500000000000016,578.9473098362378,1163.8946196724755,1172.7831535632552,21.58740543405315,0.04632330506155383,0.046323306576955346,geom,96
mixture,0.009750000000000007,578.9473098362378,1163.8946196724755,1172.7831535632552,21.587405362678272,0.04632329284681651,0.04632330686107131,geom,96
mixture,0.007500000000000005,578.9473098362378,1163.8946196724755,1172.7831535632552,21.5874198591092,0.04632327529856688,0.04632327561971365,geom,96
mixture,0.0047500000000000025,578.9473098362378,1163.8946196724755,1172.7831535632552,21.58740532747941,0.04632331562600162,0.046323306757839966,geom,96
mixture,0.009000000000000006,578.9473098362378,1163.8946196724755,1172.7831535632552,21.587419803614033,0.046323276749992155,0.046323275727183845,geom,96
mixture,0.009500000000000007,578.9473098362379,1163.8946196724758,1172.7831535632554,21.587419794683044,0.04632327490579081,0.046323275763703826,geom,96
mixture,0.004000000000000002,578.947309836238,1163.894619672476,1172.7831535632556,21.587405220068135,0.04632331026933182,0.04632330701744452,geom,96
mixture,0.004250000000000002,578.947309836238,1163.894619672476,1172.7831535632556,21.587419930992887,0.04632327545780671,0.04632327546307613,geom,96
mixture,0.008000000000000005,578.9473098362381,1163.8946196724762,1172.7831535632558,21.587419885116834,0.046323275389561575,0.04632327556288325,geom,96
null,,578.9473098362303,1159.8946196724605,1162.8574643027205,21.58741487309673,0.04632328631652176,,geom,96
sum,,578.7423624874591,1159.4847249749182,1162.4475696051782,32.5593942282335,0.06142620424632234,,geom,96
mixture,0.45,736.3727951794885,1478.745590358977,1488.3410814527747,15.08435249023606,0.17541879986204942,0.04393300034350612,geom,97
mixture,0.4,736.3746349469177,1478.7492698938354,1488.344760987633,16.003323297013413,0.1671589785354689,0.04408396266908554,geom,97
mixture,0.5,736.3782725818,1478.7565451636,1488.3520362573977,14.192987484471528,0.18125042917032821,0.04372780087822648,geom,97
mixture,0.35000000000000003,736.3810290051144,1478.7620580102289,1488.3575491040265,16.777543262333165,0.16593655157623033,0.04431323685896859,geom,97
mixture,0.3,736.3912672715458,1478.7825345430915,1488.378025636889,17.585625928024655,0.16200604617748007,0.04449008367573312,geom,97
mixture,0.25,736.4040974275447,1478.8081948550894,1488.403685948887,18.371494649363218,0.1584714672819901,0.04465900989929241,geom,97
mixture,0.2,736.4187866117002,1478.8375732234003,1488.433064317198,19.13673180657188,0.15528865670571482,0.04482092093557844,geom,97
mixture,0.15000000000000002,736.4411578243537,1478.8823156487074,1488.477806742505,19.66285788073794,0.18346780580806105,0.045104142352479046,geom,97
mixture,0.1,736.4576850498072,1478.9153700996144,1488.510861193412,20.432835138887388,0.18782426980188177,0.045225170287534,geom,97
mixture,0.05,736.474021802889,1478.948043605778,1488.5435346995755,21.20939038835169,0.1985012869494042,0.045329828018089595,geom,97
mixture,0.010000000000000007,736.4844222764541,1478.9688445529082,1488.5643356467058,21.86201697209401,0.19101799576231412,0.04539271739804215,geom,97
mixture,0.009750000000000007,736.4844920945498,1478.9689841890995,1488.564475282897,21.866032323738228,0.19098058441484417,0.04539311974507843,geom,97
mixture,0.009500000000000007,736.4845619511638,1478.9691239023275,1488.5646149961249,21.87004694262933,0.1909430167428401,0.04539352244648839,geom,97
mixture,0.009250000000000006,736.4846318462942,1478.9692636925884,1488.564754786386,21.874060996782728,0.19090528095557954,0.045393925151592435,geom,97
mixture,0.009000000000000006,736.4847017796562,1478.9694035593125,1488.56489465311,21.87807445613004,0.1908673520476232,0.04539432792804213,geom,97
mixture,0.008750000000000006,736.484771750843,1478.969543501686,1488.5650345954837,21.882087570713615,0.19082919719271968,0.04539473026359965,geom,97
mixture,0.008500000000000006,736.4848417602568,1478.9696835205136,1488.5651746143112,21.886099993451573,0.1907908145456926,0.04539513287066452,geom,97
mixture,0.008250000000000006,736.484911807536,1478.969823615072,1488.5653147088697,21.8901115773062,0.19075216787096377,0.04539553606138045,geom,97
mixture,0.008000000000000005,736.484981892616,1478.969963785232,1488.5654548790294,21.89412239966639,0.19071323036926136,0.04539593967500368,geom,97
mixture,0.007750000000000005,736.4850520153465,1478.970104030693,1488.5655951244903,21.898132645920644,0.19067396773584996,0.04539634332842847,geom,97
mixture,0.007500000000000005,736.4851221757552,1478.9702443515105,1488.5657354453078,21.90214258387663,0.1906343500130913,0.045396746463952316,geom,97
mixture,0.007250000000000005,736.4851923737506,1478.9703847475012,1488.5658758412987,21.906151777654046,0.1905943363087677,0.04539714998803522,geom,97
mixture,0.0070000000000000045,736.4852626092977,1478.9705252185954,1488.566016312393,21.910160276045314,0.19055388339114646,0.04539755379897037,geom,97
mixture,0.006750000000000004,736.4853328825229,1478.9706657650459,1488.5661568588434,21.914168276096962,0.19051295061177978,0.04539795748405604,geom,97
mixture,0.006500000000000004,736.4854031934101,1478.9708063868202,1488.5662974806178,21.91817551191522,0.1904714825272852,0.045398361594515955,geom,97
mixture,0.006250000000000004,736.4854735420738,1478.9709470841476,1488.5664381779452,21.922182295578665,0.19042942306920296,0.04539876547939335,geom,97
mixture,0.006000000000000004,736.4855439286735,1478.971087857347,1488.5665789511445,21.926188411270864,0.19038670919267264,0.04539916958212974,geom,97
mixture,0.005750000000000003,736.4856143533361,1478.9712287066723,1488.5667198004699,21.930193878654567,0.19034326495653056,0.04539957385822765,geom,97
mixture,0.005500000000000003,736.4856848164014,1478.9713696328029,1488.5668607266002,21.934198681593717,0.19029901503165175,0.04539997833288731,geom,97
mixture,0.005250000000000003,736.4857553180818,1478.9715106361637,1488.5670017299612,21.938202973227575,0.19025386084530743,0.04540038268320026,geom,97
mixture,0.005000000000000003,736.4858258587786,1478.9716517175573,1488.5671428113546,21.942206497544667,0.190207697802616,0.045400787430230446,geom,97
mixture,0.0047500000000000025,736.4858964389662,1478.9717928779323,1488.56728397173,21.94620942185133,0.19016040548384947,0.04540119221612624,geom,97
mixture,0.004500000000000002,736.4859670591958,1478.9719341183916,1488.567425212189,21.95021160221509,0.19011184279537052,0.0454015973262497,geom,97
mixture,0.004250000000000002,736.4860377201073,1478.9720754402147,1488.5675665340123,21.954213166207694,0.19006184346049487,0.04540200248168192,geom,97
mixture,0.004000000000000002,736.4861084225226,1478.9722168450453,1488.567707938843,21.958214110126104,0.19001021654015995,0.04540240767156866,geom,97
mixture,0.0037500000000000016,736.4861791674016,1478.9723583348032,1488.5678494286008,21.962214698022525,0.18995673415732459,0.04540281232800913,geom,97
mixture,0.0035000000000000014,736.4862499558294,1478.9724999116588,1488.5679910054564,21.966214064200084,0.1899011158063071,0.04540321821820847,geom,97
mixture,0.003250000000000001,736.4863207892319,1478.9726415784637,1488.568132672261,21.970213196376452,0.1898430355477481,0.045403623266826745,geom,97
mixture,0.003000000000000001,736.4863916691966,1478.9727833383931,1488.5682744321907,21.97421132424083,0.18978207749909068,0.045404029032326834,geom,97
mixture,0.0027500000000000007,736.486462597723,1478.972925195446,1488.5684162892435,21.978208716957976,0.18971773155357127,0.04540443491382592,geom,97
mixture,0.0025000000000000005,736.4865335771956,1478.9730671543912,1488.5685582481888,21.982204931022533,0.18964934085878452,0.04540484177564078,geom,97
mixture,0.0022500000000000003,736.4866046105547,1478.9732092211093,1488.568700314907,21.986200735773117,0.18957605018412402,0.04540524796303747,geom,97
mixture,0.002,736.4866757014167,1478.9733514028335,1488.568842496631,21.990195572463012,0.18949670264640722,0.045405654551814584,geom,97
null,,736.4872479455622,1474.9744958911244,1478.1729929223902,22.022102115796972,0.04540892575748599,,geom,97
sum,,736.889016450898,1475.778032901796,1478.9765299330618,33.32773484111838,0.06001007897879945,,geom,97
mixture,0.5,786.7283525095859,1579.4567050191717,1589.3366194933453,19.67336779277407,0.05083013800856684,0.05083013800856684,geom,98
mixture,0.4,786.7283525095859,1579.4567050191717,1589.3366194933453,19.673367912464656,0.05083013886947042,0.05083013691922295,geom,98
mixture,0.45,786.7283525095859,1579.4567050191717,1589.3366194933453,19.673367854432136,0.050830138544914735,0.050830137280089255,geom,98
mixture,0.0037500000000000016,786.7283525095861,1579.4567050191722,1589.3366194933458,19.67336856494499,0.0508301282639475,0.05083013604267689,geom,98
mixture,0.15000000000000002,786.7283525095861,1579.4567050191722,1589.3366194933458,19.673368241321086,0.050830140645657385,0.050830136179771855,geom,98
mixture,0.25,786.7283525095861,1579.4567050191722,1589.3366194933458,19.673368253724142,0.05083014069871807,0.05083013552390586,geom,98
mixture,0.35000000000000003,786.7283525095861,1579.4567050191722,1589.3366194933458,19.673367999366015,0.05083014022050891,0.050830135996333216,geom,98
mixture,0.3,786.7283525095861,1579.4567050191722,1589.3366194933458,19.673368052632817,0.05083014082753982,0.050830135841296004,geom,98
mixture,0.003250000000000001,786.7283525095862,1579.4567050191724,1589.336619493346,19.67336853208849,0.0508301329737689,0.05083013610858625,geom,98
mixture,0.002,786.7283525095862,1579.4567050191724,1589.336619493346,19.673368525168993,0.05083014280473116,0.05083013610287229,geom,98
mixture,0.008000000000000005,786.7283525095863,1579.4567050191727,1589.3366194933462,19.673368633068478,0.05083012714203218,0.05083013590762053,geom,98
mixture,0.004250000000000002,786.7283525095863,1579.4567050191727,1589.3366194933462,19.673368575976397,0.050830129489373654,0.05083013601272904,geom,98
mixture,0.005500000000000003,786.7283525095863,1579.4567050191727,1589.3366194933462,19.673368602556778,0.050830136292259534,0.05083013591424992,geom,98
mixture,0.008500000000000006,786.7283525095863,1579.4567050191727,1589.3366194933462,19.673368601173063,0.05083013625923266,0.05083013591699506,geom,98
mixture,0.006750000000000004,786.7283525095863,1579.4567050191727,1589.3366194933462,19.673368430147104,0.050830136750968535,0.05083013635913947,geom,98
mixture,0.006000000000000004,786.7283525095863,1579.4567050191727,1589.3366194933462,19.673368539467262,0.050830132781485016,0.05083013609924006,geom,98
mixture,0.05,786.7283525095863,1579.4567050191727,1589.3366194933462,19.673368407864068,0.05083013991959948,0.050830136235133785,geom,98
mixture,0.009500000000000007,786.7283525095863,1579.4567050191727,1589.3366194933462,19.67336848431212,0.05083013821380888,0.0508301362027328,geom,98
mixture,0.2,786.7283525095863,1579.4567050191727,1589.3366194933462,19.673368397430213,0.05083014012090132,0.05083013552766856,geom,98
mixture,0.1,786.7283525095863,1579.4567050191727,1589.3366194933462,19.673368206426133,0.05083012243444228,0.050830138551521166,geom,98
mixture,0.009250000000000006,786.7283525095864,1579.456705019173,1589.3366194933465,19.67336865327362,0.050830141475605356,0.05083013573216492,geom,98
mixture,0.005250000000000003,786.7283525095864,1579.456705019173,1589.3366194933465,19.673368771753825,0.05083012558650054,0.050830135531384754,geom,98
mixture,0.009000000000000006,786.7283525095864,1579.456705019173,1589.3366194933465,19.673368594607986,0.05083013685729945,0.050830135928507165,geom,98
mixture,0.007750000000000005,786.7283525095864,1579.456705019173,1589.3366194933465,19.673368768124178,0.05083013691655052,0.050830135477398605,geom,98
mixture,0.004500000000000002,786.7283525095864,1579.456705019173,1589.3366194933465,19.67336850101744,0.050830135835560585,0.05083013618022744,geom,98
mixture,0.0022500000000000003,786.7283525095864,1579.456705019173,1589.3366194933465,19.673368638230503,0.050830128681252876,0.05083013584026646,geom,98
mixture,0.006250000000000004,786.7283525095866,1579.4567050191731,1589.3366194933467,19.673368524796654,0.05083013314092652,0.05083013613595696,geom,98
mixture,0.007500000000000005,786.7283525095866,1579.4567050191731,1589.3366194933467,19.673368629759004,0.05083013631298227,0.050830135842518026,geom,98
mixture,0.003000000000000001,786.7283525095866,1579.4567050191731,1589.3366194933467,19.673368587866577,0.05083013330726804,0.05083013596224903,geom,98
mixture,0.0025000000000000005,786.7283525095866,1579.4567050191731,1589.3366194933467,19.673368676657745,0.05083014050198337,0.0508301357129014,geom,98
mixture,0.0070000000000000045,786.7283525095866,1579.4567050191731,1589.3366194933467,19.673368540355973,0.05083014304625421,0.05083013602790895,geom,98
mixture,0.007250000000000005,786.7283525095866,1579.4567050191731,1589.3366194933467,19.67336878605656,0.05083013350069932,0.05083013545639892,geom,98
mixture,0.005000000000000003,786.7283525095866,1579.4567050191731,1589.3366194933467,19.673368826121678,0.05083013583358893,0.050830135336216886,geom,98
mixture,0.0035000000000000014,786.7283525095866,1579.4567050191731,1589.3366194933467,19.673368539797377,0.050830134343053245,0.05083013608457594,geom,98
mixture,0.008250000000000006,786.7283525095866,1579.4567050191731,1589.3366194933467,19.673368739570808,0.05083013481120272,0.05083013556857376,geom,98
mixture,0.008750000000000006,786.7283525095866,1579.4567050191731,1589.3366194933467,19.673368441942504,0.05083013042303013,0.0508301363834623,geom,98
mixture,0.005750000000000003,786.7283525095867,1579.4567050191733,1589.336619493347,19.67336871285346,0.05083013464677906,0.05083013563704919,geom,98
mixture,0.0047500000000000025,786.7283525095867,1579.4567050191733,1589.336619493347,19.67336874987873,0.05083013591598645,0.05083013553387783,geom,98
mixture,0.0027500000000000007,786.7283525095868,1579.4567050191736,1589.3366194933471,19.67336870408155,0.05083013920710691,0.0508301356442212,geom,98
mixture,0.004000000000000002,786.7283525095868,1579.4567050191736,1589.3366194933471,19.673368891150908,0.05083013970933511,0.05083013515246004,geom,98
mixture,0.009750000000000007,786.7283525095868,1579.4567050191736,1589.3366194933471,19.673368649561677,0.05083012911412163,0.050830135860661055,geom,98
mixture,0.006500000000000004,786.7283525095868,1579.4567050191736,1589.3366194933471,19.673368717002518,0.05083013693844502,0.0508301356120134,geom,98
mixture,0.010000000000000007,786.7283525095868,1579.4567050191736,1589.3366194933471,19.673368748155493,0.050830129163747635,0.050830135604553246,geom,98
null,,786.7283525095866,1575.4567050191731,1578.7500098438977,19.673368911806328,0.05083013511732008,,geom,98
sum,,786.5131485308353,1575.0262970616707,1578.3196018863953,29.6901273009827,0.06736245957200065,,geom,98
mixture,0.5,771.9407375236822,1549.8814750473643,1559.574800897928,16.208414159896936,0.13054150969054779,0.040393546723581,geom,99
mixture,0.45,771.9470401944677,1549.8940803889354,1559.5874062394992,15.272128159530267,0.04009554635989914,0.13583813797761876,geom,99
mixture,0.4,771.9641099702778,1549.9282199405557,1559.6215457911194,17.8740639251207,0.12367184105143313,0.04098445225987665,geom,99
mixture,0.35000000000000003,771.9866786991895,1549.973357398379,1559.6666832489427,18.648571960432193,0.12097468548895676,0.04125568416566222,geom,99
mixture,0.3,772.0135842796126,1550.0271685592252,1559.720494409789,19.391750747021074,0.11861512854728219,0.04151207764747883,geom,99
mixture,0.25,772.0434427111636,1550.0868854223272,1559.780211272891,20.10699192583118,0.11654547077257506,0.04175503325862373,geom,99
mixture,0.2,772.0752659062307,1550.1505318124614,1559.8438576630251,20.797767682218527,0.1147063049579089,0.04198552846889076,geom,99
mixture,0.15000000000000002,772.1083399435552,1550.2166798871103,1559.910005737674,21.466753444122865,0.11305854574979793,0.042204552918395796,geom,99
mixture,0.1,772.174534400702,1550.349068801404,1560.0423946519677,21.632281424858235,0.18855091543845798,0.042650146057948084,geom,99
mixture,0.05,772.1762966499844,1550.3525932999687,1560.0459191505324,22.747919193077728,0.11023331942434009,0.0426117201849616,geom,99
mixture,0.010000000000000007,772.2072060938235,1550.414412187647,1560.1077380382108,23.189170485833145,0.19230845804409233,0.04278829132311904,geom,99
mixture,0.009750000000000007,772.2072874993548,1550.4145749987097,1560.1079008492734,23.193545296635428,0.19227095406587727,0.042788620060456035,geom,99
mixture,0.009500000000000007,772.2073689616832,1550.4147379233664,1560.10806377393,23.197918888194305,0.19223318257460867,0.04278895008724182,geom,99
mixture,0.009250000000000006,772.2074504807281,1550.4149009614562,1560.10822681202,23.202292272654425,0.19219512077725961,0.0427892795322191,geom,99
mixture,0.009000000000000006,772.207532056399,1550.415064112798,1560.1083899633618,23.206665330483766,0.19215674205532388,0.0427896086173496,geom,99
mixture,0.008750000000000006,772.2076136885896,1550.4152273771792,1560.108553227743,23.211037630055,0.19211801609740475,0.042789938141156815,geom,99
mixture,0.008500000000000006,772.2076953772121,1550.4153907544242,1560.1087166049879,23.21540934397821,0.19207891008007266,0.0427902677851156,geom,99
mixture,0.008250000000000006,772.2077771223388,1550.4155542446777,1560.1088800952414,23.21978046624388,0.19203939133529313,0.042790597559077714,geom,99
mixture,0.008000000000000005,772.2078589238206,1550.4157178476412,1560.109043698205,23.224150712824187,0.19199941672060652,0.04279092798862095,geom,99
mixture,0.007750000000000005,772.2079407818995,1550.415881563799,1560.1092074143628,23.228520832649597,0.19195894964213975,0.042791257687914454,geom,99
mixture,0.007500000000000005,772.2080226966159,1550.4160453932318,1560.1093712437955,23.23289044930783,0.19191794164091705,0.04279158735126974,geom,99
mixture,0.007250000000000005,772.2081046680369,1550.4162093360737,1560.1095351866375,23.237259152723826,0.19187633842517443,0.04279191773412714,geom,99
mixture,0.0070000000000000045,772.2081866965589,1550.4163733931177,1560.1096992436815,23.24162745438703,0.19183408915687422,0.0427922478878403,geom,99
mixture,0.006750000000000004,772.2082687822974,1550.4165375645948,1560.1098634151585,23.2459952597408,0.19179112570119927,0.04279257798529636,geom,99
mixture,0.006500000000000004,772.2083509257706,1550.4167018515411,1560.1100277021048,23.250362708244566,0.19174738335575472,0.04279290776334641,geom,99
mixture,0.006250000000000004,772.2084331273503,1550.4168662547006,1560.1101921052643,23.254729308577332,0.19170278137804125,0.042793238123257145,geom,99
mixture,0.006000000000000004,772.2085153875043,1550.4170307750087,1560.1103566255724,23.259095331964936,0.19165722978671818,0.04279356855930153,geom,99
mixture,0.005750000000000003,772.2085977069432,1550.4171954138865,1560.1105212644502,23.26346054677351,0.19161063181364563,0.04279389948989412,geom,99
mixture,0.005500000000000003,772.2086800863781,1550.4173601727562,1560.1106860233199,23.267825711769834,0.19156287395500482,0.04279422950901554,geom,99
mixture,0.005250000000000003,772.2087625268084,1550.4175250536168,1560.1108509041806,23.272189945815114,0.19151383189043875,0.04279456022825384,geom,99
mixture,0.005000000000000003,772.2088450292329,1550.4176900584657,1560.1110159090294,23.2765536040342,0.19146335737267717,0.04279489098195988,geom,99
mixture,0.0047500000000000025,772.2089275948912,1550.4178551897824,1560.111181040346,23.28091660750534,0.1914112818757319,0.04279522190121846,geom,99
mixture,0.004500000000000002,772.2090102252623,1550.4180204505246,1560.1113463010884,23.285279052981878,0.19135741123070263,0.0427955527911159,geom,99
mixture,0.004250000000000002,772.2090929220622,1550.4181858441243,1560.111511694688,23.289640829709317,0.1913015177518127,0.04279588383598066,geom,99
mixture,0.004000000000000002,772.2091756873149,1550.4183513746298,1560.1116772251935,23.29400171935378,0.19124333373311977,0.04279621541437865,geom,99
mixture,0.0037500000000000016,772.2092585234152,1550.4185170468304,1560.1118428973941,23.29836215373014,0.19118254236087967,0.042796546705040135,geom,99
mixture,0.0035000000000000014,772.2093414331605,1550.418682866321,1560.1120087168847,23.302722143860368,0.1911187613195222,0.042796877656459585,geom,99
mixture,0.003250000000000001,772.209424419891,1550.418848839782,1560.1121746903457,23.307081004652517,0.19105152682916907,0.04279720949039457,geom,99
mixture,0.003000000000000001,772.2095074876408,1550.4190149752817,1560.1123408258454,23.31143942300175,0.19098027262374231,0.042797540899010784,geom,99
mixture,0.0027500000000000007,772.2095906396746,1550.4191812793492,1560.112507129913,23.31575344017872,0.19090410691510154,0.04279795259339827,geom,99
mixture,0.0025000000000000005,772.2096738866721,1550.4193477733443,1560.112673623908,23.320161118213903,0.1908226888903241,0.042798190853206006,geom,99
mixture,0.0022500000000000003,772.2097572304901,1550.4195144609803,1560.112840311544,23.324514667096413,0.19073423023757996,0.042798527124473885,geom,99
mixture,0.002,772.2098406819271,1550.4196813638541,1560.1130072144178,23.328867345930366,0.19063736425695366,0.04279886345646749,geom,99
null,,772.2105156247806,1546.421031249561,1549.6521398664156,23.36363950118667,0.04280155067232606,,geom,99
sum,,773.1456142098689,1548.2912284197378,1551.5223370365923,35.423136884869336,0.05646027359181398,,geom,99
