model,w1,NLL,AIC,BIC,mean,phi1,phi2,distribution,iteration
mixture,0.0027500000000000007,481.7489900489581,969.4979800979162,978.1463858656753,14.65151476498337,0.06825232855235039,0.06825232858456824,geom2,0
mixture,0.0025000000000000005,481.7489900489581,969.4979800979162,978.1463858656753,14.651514640336016,0.06825232951032284,0.06825232916426931,geom2,0
mixture,0.008250000000000006,481.7489900489581,969.4979800979162,978.1463858656753,14.651514771583894,0.06825232858693757,0.06825232855345567,geom2,0
mixture,0.002,481.74899004895815,969.4979800979163,978.1463858656754,14.651514573794092,0.06825232908124454,0.06825232947590135,geom2,0
mixture,0.0037500000000000016,481.74899004895815,969.4979800979163,978.1463858656754,14.651514644387026,0.0682523284910688,0.06825232914872952,geom2,0
mixture,0.003250000000000001,481.74899004895815,969.4979800979163,978.1463858656754,14.651514734839882,0.06825232959795895,0.06825232872205278,geom2,0
mixture,0.004500000000000002,481.74899004895815,969.4979800979163,978.1463858656754,14.651514661179078,0.06825232620029864,0.06825232908100269,geom2,0
mixture,0.003000000000000001,481.74899004895815,969.4979800979163,978.1463858656754,14.65151453806154,0.06825233034356373,0.06825232963945553,geom2,0
mixture,0.005500000000000003,481.74899004895815,969.4979800979163,978.1463858656754,14.651514498224655,0.0682523290826142,0.06825232983126078,geom2,0
mixture,0.007250000000000005,481.74899004895815,969.4979800979163,978.1463858656754,14.651514676487071,0.06825232705883193,0.06825232901088142,geom2,0
mixture,0.009000000000000006,481.74899004895815,969.4979800979163,978.1463858656754,14.651514700114475,0.06825232870685637,0.06825232888829659,geom2,0
mixture,0.008000000000000005,481.74899004895815,969.4979800979163,978.1463858656754,14.651514622731957,0.06825232777508301,0.06825232925901227,geom2,0
mixture,0.006750000000000004,481.74899004895815,969.4979800979163,978.1463858656754,14.65151472339998,0.06825232961933174,0.0682523287724746,geom2,0
mixture,0.004250000000000002,481.74899004895815,969.4979800979163,978.1463858656754,14.651514722286402,0.06825232722340456,0.06825232879003655,geom2,0
mixture,0.006250000000000004,481.74899004895815,969.4979800979163,978.1463858656754,14.651514736559035,0.06825232933652618,0.06825232871299393,geom2,0
mixture,0.010000000000000007,481.74899004895815,969.4979800979163,978.1463858656754,14.651514701120197,0.06825232710294438,0.06825232889994863,geom2,0
mixture,0.5,481.74899004895815,969.4979800979163,978.1463858656754,14.651515674038135,0.06825232434975705,0.06825232434975705,geom2,0
mixture,0.008750000000000006,481.7489900489582,969.4979800979164,978.1463858656755,14.651514589452754,0.06825232993737562,0.06825232939744362,geom2,0
mixture,0.008500000000000006,481.7489900489582,969.4979800979164,978.1463858656755,14.651514607591668,0.06825232782568365,0.06825232933046067,geom2,0
mixture,0.005000000000000003,481.7489900489582,969.4979800979164,978.1463858656755,14.65151451776139,0.0682523310546978,0.06825232972950773,geom2,0
mixture,0.05,481.7489900489582,969.4979800979164,978.1463858656755,14.65151470595487,0.06825232367584382,0.0682523291322786,geom2,0
mixture,0.45,481.7489900489582,969.4979800979164,978.1463858656755,14.651515768525655,0.06825232225504356,0.06825232526332496,geom2,0
mixture,0.007750000000000005,481.74899004895826,969.4979800979165,978.1463858656756,14.65151472257953,0.06825232754924479,0.06825232879164143,geom2,0
mixture,0.007500000000000005,481.74899004895826,969.4979800979165,978.1463858656756,14.65151475755961,0.06825232858080693,0.06825232861935143,geom2,0
mixture,0.006000000000000004,481.74899004895826,969.4979800979165,978.1463858656756,14.651514533586704,0.0682523303661926,0.06825232965816518,geom2,0
mixture,0.009500000000000007,481.74899004895826,969.4979800979165,978.1463858656756,14.651514742264034,0.06825232787470807,0.06825232869813753,geom2,0
mixture,0.0070000000000000045,481.74899004895826,969.4979800979165,978.1463858656756,14.651514541544273,0.06825232717408264,0.06825232964262375,geom2,0
mixture,0.006500000000000004,481.74899004895826,969.4979800979165,978.1463858656756,14.651514628018305,0.06825232785939453,0.06825232923143328,geom2,0
mixture,0.0035000000000000014,481.74899004895826,969.4979800979165,978.1463858656756,14.651514626260212,0.06825232976272987,0.06825232922883626,geom2,0
mixture,0.0047500000000000025,481.74899004895826,969.4979800979165,978.1463858656756,14.651514706991216,0.06825232907457737,0.06825232885357942,geom2,0
mixture,0.004000000000000002,481.74899004895826,969.4979800979165,978.1463858656756,14.651514703012145,0.0682523292852323,0.0682523288715103,geom2,0
mixture,0.005750000000000003,481.74899004895826,969.4979800979165,978.1463858656756,14.6515146110929,0.06825232858139738,0.06825232930552372,geom2,0
mixture,0.4,481.74899004895826,969.4979800979165,978.1463858656756,14.65151577528985,0.06825232017918537,0.06825232634402349,geom2,0
mixture,0.3,481.74899004895826,969.4979800979165,978.1463858656756,14.6515157763791,0.06825232612635206,0.06825232290729767,geom2,0
mixture,0.15000000000000002,481.74899004895826,969.4979800979165,978.1463858656756,14.651515856755276,0.06825231294273239,0.06825232536139017,geom2,0
mixture,0.009750000000000007,481.74899004895826,969.4979800979165,978.1463858656756,14.65151469349818,0.0682523291878013,0.06825232891482332,geom2,0
mixture,0.35000000000000003,481.74899004895826,969.4979800979165,978.1463858656756,14.65151567678333,0.06825231889176031,0.06825232726900461,geom2,0
mixture,0.25,481.74899004895826,969.4979800979165,978.1463858656756,14.651515874465366,0.06825232662590944,0.06825232234615146,geom2,0
mixture,0.0022500000000000003,481.7489900489583,969.4979800979166,978.1463858656757,14.651514692326613,0.06825232957614197,0.06825232892146944,geom2,0
mixture,0.005250000000000003,481.7489900489583,969.4979800979166,978.1463858656757,14.651514577342912,0.0682523280251677,0.06825232946614541,geom2,0
mixture,0.009250000000000006,481.7489900489584,969.4979800979168,978.1463858656758,14.651514539818153,0.06825232878968336,0.06825232964126199,geom2,0
mixture,0.1,481.7489900489584,969.4979800979168,978.1463858656758,14.65151608373011,0.06825231281529799,0.06825232351080737,geom2,0
mixture,0.2,481.7489900489584,969.4979800979168,978.1463858656758,14.651515882577275,0.06825231327183326,0.06825232590492034,geom2,0
null,,481.7489900489585,965.497980097917,968.3807820205034,14.651516323650478,0.06825232132361618,,geom2,0
sum,,481.34916181646025,964.6983236329205,967.5811255555069,22.123673668984214,0.09040089950358719,,geom2,0
mixture,0.5,457.05707756438784,920.1141551287757,928.6230008496301,14.341270346850068,0.06972882986057376,0.06972882986057376,geom2,1
mixture,0.006750000000000004,457.0570775643879,920.1141551287758,928.6230008496302,14.341269024482486,0.06972883617954123,0.06972883629082176,geom2,1
mixture,0.0035000000000000014,457.05707756438795,920.1141551287759,928.6230008496303,14.341269225311319,0.06972883336762317,0.06972883532045354,geom2,1
mixture,0.002,457.05707756438795,920.1141551287759,928.6230008496303,14.341269106083839,0.06972883857617725,0.06972883588793934,geom2,1
mixture,0.009500000000000007,457.05707756438795,920.1141551287759,928.6230008496303,14.341270719695652,0.06972882788024601,0.0697288280493643,geom2,1
mixture,0.008500000000000006,457.05707756438795,920.1141551287759,928.6230008496303,14.341269093897868,0.06972883141488412,0.06972883599146631,geom2,1
mixture,0.008750000000000006,457.05707756438795,920.1141551287759,928.6230008496303,14.341269091437898,0.06972883688268001,0.06972883595642124,geom2,1
mixture,0.0027500000000000007,457.05707756438795,920.1141551287759,928.6230008496303,14.341269139893074,0.06972883344720905,0.06972883573522362,geom2,1
mixture,0.008000000000000005,457.05707756438795,920.1141551287759,928.6230008496303,14.341268925770596,0.06972883745453837,0.06972883676449843,geom2,1
mixture,0.009000000000000006,457.05707756438795,920.1141551287759,928.6230008496303,14.341269165432816,0.06972883355468633,0.0697288356233727,geom2,1
mixture,0.3,457.05707756438795,920.1141551287759,928.6230008496303,14.341270542433293,0.06972883134094512,0.06972882786763311,geom2,1
mixture,0.003000000000000001,457.05707756438795,920.1141551287759,928.6230008496303,14.341269057757371,0.06972883694436487,0.06972883612582884,geom2,1
mixture,0.0022500000000000003,457.057077564388,920.114155128776,928.6230008496304,14.341270798755621,0.06972882838903992,0.06972882766172299,geom2,1
mixture,0.005750000000000003,457.057077564388,920.114155128776,928.6230008496304,14.341270826763939,0.06972882587105883,0.06972882753675771,geom2,1
mixture,0.006250000000000004,457.057077564388,920.114155128776,928.6230008496304,14.341268885064844,0.06972883352831176,0.06972883698956747,geom2,1
mixture,0.007750000000000005,457.057077564388,920.114155128776,928.6230008496304,14.341269070332096,0.06972883641850058,0.06972883606440046,geom2,1
mixture,0.007250000000000005,457.057077564388,920.114155128776,928.6230008496304,14.341269043288207,0.06972883584012854,0.06972883620125328,geom2,1
mixture,0.009250000000000006,457.057077564388,920.114155128776,928.6230008496304,14.341268762813165,0.06972883868025069,0.06972883755189857,geom2,1
mixture,0.009750000000000007,457.057077564388,920.114155128776,928.6230008496304,14.341268919900754,0.06972883480481491,0.06972883681818896,geom2,1
mixture,0.4,457.057077564388,920.114155128776,928.6230008496304,14.341270339689096,0.06972882620709835,0.06972883235425331,geom2,1
mixture,0.1,457.057077564388,920.114155128776,928.6230008496304,14.341270609126553,0.06972883105808907,0.06972882831060871,geom2,1
mixture,0.25,457.057077564388,920.114155128776,928.6230008496304,14.341270529720791,0.06972883362909849,0.0697288274188823,geom2,1
mixture,0.004250000000000002,457.057077564388,920.114155128776,928.6230008496304,14.341269032982785,0.06972884052763033,0.06972883623047833,geom2,1
mixture,0.004000000000000002,457.057077564388,920.114155128776,928.6230008496304,14.341269215818999,0.06972883318242287,0.06972883536851571,geom2,1
mixture,0.45,457.057077564388,920.114155128776,928.6230008496304,14.341270294540065,0.06972882950402594,0.06972883061472558,geom2,1
mixture,0.35000000000000003,457.057077564388,920.114155128776,928.6230008496304,14.341270580519284,0.06972882931456413,0.0697288284066938,geom2,1
mixture,0.010000000000000007,457.05707756438807,920.1141551287761,928.6230008496306,14.341268989196644,0.06972883381771221,0.06972883648834056,geom2,1
mixture,0.006500000000000004,457.05707756438807,920.1141551287761,928.6230008496306,14.341268983554558,0.06972883337700146,0.0697288365094275,geom2,1
mixture,0.008250000000000006,457.05707756438807,920.1141551287761,928.6230008496306,14.341269060720728,0.069728834642939,0.06972883612611246,geom2,1
mixture,0.005500000000000003,457.05707756438807,920.1141551287761,928.6230008496306,14.341269008867508,0.06972883396263047,0.06972883637928397,geom2,1
mixture,0.05,457.05707756438807,920.1141551287761,928.6230008496306,14.341269081665468,0.06972882602666772,0.06972883653758666,geom2,1
mixture,0.0047500000000000025,457.0570775643881,920.1141551287762,928.6230008496307,14.341269026781292,0.0697288376980169,0.06972883627212055,geom2,1
mixture,0.006000000000000004,457.0570775643881,920.1141551287762,928.6230008496307,14.341268871869799,0.06972883506334876,0.06972883704397415,geom2,1
mixture,0.0070000000000000045,457.0570775643881,920.1141551287762,928.6230008496307,14.34126879706114,0.06972883585836992,0.06972883740665638,geom2,1
mixture,0.0025000000000000005,457.0570775643882,920.1141551287764,928.6230008496308,14.341268887813923,0.06972883692558283,0.06972883695464094,geom2,1
mixture,0.004500000000000002,457.0570775643882,920.1141551287764,928.6230008496308,14.341268866717618,0.06972883611121565,0.06972883706141678,geom2,1
mixture,0.0037500000000000016,457.0570775643882,920.1141551287764,928.6230008496308,14.341268729334914,0.06972883753357514,0.06972883772583174,geom2,1
mixture,0.005000000000000003,457.0570775643882,920.1141551287764,928.6230008496308,14.341269017912568,0.06972883549335795,0.06972883632617839,geom2,1
mixture,0.005250000000000003,457.0570775643882,920.1141551287764,928.6230008496308,14.341268858752612,0.06972883773792478,0.06972883709247901,geom2,1
mixture,0.003250000000000001,457.0570775643882,920.1141551287764,928.6230008496308,14.341268900601012,0.06972883625965079,0.06972883689445918,geom2,1
mixture,0.007500000000000005,457.0570775643882,920.1141551287764,928.6230008496308,14.341271058644432,0.06972882541885243,0.06972882640716398,geom2,1
mixture,0.2,457.05707756438824,920.1141551287765,928.6230008496309,14.341270631300139,0.06972881335313126,0.06972883225865113,geom2,1
mixture,0.15000000000000002,457.0570775643883,920.1141551287766,928.623000849631,14.341270735312598,0.06972883073419063,0.06972882748435034,geom2,1
null,,457.0570775643883,916.1141551287766,918.9504370357281,14.341270961107845,0.06972882687398518,,geom2,1
sum,,456.0075196743741,914.0150393487482,916.8513212556998,21.5597111553815,0.09276562128249023,,geom2,1
mixture,0.35000000000000003,506.98028489878266,1019.9605697975653,1028.8068494686997,13.907801643526646,0.07190208277757261,0.07190209328336296,geom2,2
mixture,0.45,506.9802848987827,1019.9605697975654,1028.8068494687,13.907802053676129,0.0719020854027351,0.07190208919030765,geom2,2
mixture,0.2,506.9802848987827,1019.9605697975654,1028.8068494687,13.9078020684362,0.07190209019794795,0.07190208671250269,geom2,2
mixture,0.3,506.9802848987827,1019.9605697975654,1028.8068494687,13.907801897865994,0.07190207736931381,0.0719020929723299,geom2,2
mixture,0.15000000000000002,506.98028489878277,1019.9605697975655,1028.8068494687,13.907802214579057,0.07190208992472895,0.07190208607686702,geom2,2
mixture,0.4,506.98028489878277,1019.9605697975655,1028.8068494687,13.907801908728178,0.07190208327142679,0.07190209154449559,geom2,2
mixture,0.5,506.98028489878277,1019.9605697975655,1028.8068494687,13.907801918621592,0.07190208818411978,0.07190208818411978,geom2,2
mixture,0.25,506.98028489878277,1019.9605697975655,1028.8068494687,13.907802062215765,0.07190209150629735,0.07190208608690205,geom2,2
mixture,0.002,506.9802848987829,1019.9605697975658,1028.8068494687002,13.90780240016651,0.07190208366782619,0.07190208569863746,geom2,2
mixture,0.0022500000000000003,506.9802848987829,1019.9605697975658,1028.8068494687002,13.907802197363395,0.07190208573838745,0.07190208674531529,geom2,2
mixture,0.0037500000000000016,506.9802848987829,1019.9605697975658,1028.8068494687002,13.907802214031202,0.07190208652419036,0.07190208665737809,geom2,2
mixture,0.005000000000000003,506.9802848987829,1019.9605697975658,1028.8068494687002,13.907802342947127,0.0719020880617957,0.07190208597998585,geom2,2
mixture,0.006750000000000004,506.9802848987829,1019.9605697975658,1028.8068494687002,13.907802258302242,0.07190208796310847,0.07190208641756894,geom2,2
mixture,0.008750000000000006,506.9802848987829,1019.9605697975658,1028.8068494687002,13.907802321044317,0.07190208715510674,0.07190208609434882,geom2,2
mixture,0.006000000000000004,506.9802848987829,1019.9605697975658,1028.8068494687002,13.907800403725826,0.07190209506063448,0.0719020960217626,geom2,2
mixture,0.1,506.9802848987829,1019.9605697975658,1028.8068494687002,13.90780225559498,0.07190207508595282,0.07190208770378062,geom2,2
mixture,0.007250000000000005,506.98028489878294,1019.9605697975659,1028.8068494687004,13.907802447470395,0.07190208488508756,0.07190208545414468,geom2,2
mixture,0.008250000000000006,506.98028489878294,1019.9605697975659,1028.8068494687004,13.907802293757825,0.07190208676425411,0.07190208624037718,geom2,2
mixture,0.008500000000000006,506.98028489878294,1019.9605697975659,1028.8068494687004,13.907802377850237,0.07190208582211079,0.07190208580984471,geom2,2
mixture,0.007750000000000005,506.98028489878294,1019.9605697975659,1028.8068494687004,13.907802392722072,0.07190208738863176,0.07190208572013204,geom2,2
mixture,0.007500000000000005,506.98028489878294,1019.9605697975659,1028.8068494687004,13.907802182061415,0.07190208806384346,0.07190208681277656,geom2,2
mixture,0.005250000000000003,506.98028489878294,1019.9605697975659,1028.8068494687004,13.907802429419426,0.07190208451465493,0.07190208554877,geom2,2
mixture,0.0035000000000000014,506.98028489878294,1019.9605697975659,1028.8068494687004,13.907802360064089,0.07190208377125383,0.07190208590938521,geom2,2
mixture,0.004000000000000002,506.98028489878294,1019.9605697975659,1028.8068494687004,13.907802317714294,0.0719020842226667,0.07190208612846959,geom2,2
mixture,0.009750000000000007,506.980284898783,1019.960569797566,1028.8068494687004,13.907802351312128,0.07190209064807171,0.07190208590086332,geom2,2
mixture,0.009500000000000007,506.980284898783,1019.960569797566,1028.8068494687004,13.9078023565883,0.0719020859040761,0.07190208592002276,geom2,2
mixture,0.006500000000000004,506.980284898783,1019.960569797566,1028.8068494687004,13.907802464715928,0.0719020864744963,0.07190208535357519,geom2,2
mixture,0.008000000000000005,506.980284898783,1019.960569797566,1028.8068494687004,13.907802292115855,0.07190208581009554,0.07190208625676132,geom2,2
mixture,0.004250000000000002,506.980284898783,1019.960569797566,1028.8068494687004,13.907802490472733,0.07190208430045311,0.07190208523165843,geom2,2
mixture,0.0025000000000000005,506.980284898783,1019.960569797566,1028.8068494687004,13.907802379015118,0.07190208713749567,0.07190208580058437,geom2,2
mixture,0.003000000000000001,506.980284898783,1019.960569797566,1028.8068494687004,13.907802300036577,0.07190208582544513,0.07190208621340245,geom2,2
mixture,0.0027500000000000007,506.980284898783,1019.960569797566,1028.8068494687004,13.907802342671012,0.07190208508821398,0.07190208599431416,geom2,2
mixture,0.005500000000000003,506.980284898783,1019.960569797566,1028.8068494687004,13.907802326846523,0.07190208611915024,0.07190208607338185,geom2,2
mixture,0.009000000000000006,506.98028489878305,1019.9605697975661,1028.8068494687006,13.907802489070535,0.07190208777110102,0.07190208521191739,geom2,2
mixture,0.0047500000000000025,506.98028489878305,1019.9605697975661,1028.8068494687006,13.907802436116402,0.07190208540712972,0.07190208550920299,geom2,2
mixture,0.003250000000000001,506.9802848987831,1019.9605697975662,1028.8068494687006,13.907800300420641,0.07190209623953252,0.07190209655108705,geom2,2
mixture,0.004500000000000002,506.9802848987831,1019.9605697975662,1028.8068494687006,13.907800233689208,0.07190209720106308,0.07190209689368691,geom2,2
mixture,0.0070000000000000045,506.9802848987831,1019.9605697975662,1028.8068494687006,13.907802423262568,0.07190208358720426,0.07190208558918516,geom2,2
mixture,0.006250000000000004,506.9802848987831,1019.9605697975662,1028.8068494687006,13.907802404314227,0.07190208655488273,0.07190208566758692,geom2,2
mixture,0.005750000000000003,506.98028489878317,1019.9605697975663,1028.8068494687009,13.907800236042934,0.07190209465725575,0.07190209689577301,geom2,2
mixture,0.010000000000000007,506.98028489878317,1019.9605697975663,1028.8068494687009,13.907802577541949,0.07190208393983033,0.07190208478602274,geom2,2
mixture,0.009250000000000006,506.9802848987832,1019.9605697975664,1028.8068494687009,13.90780258191573,0.07190208249017556,0.0719020847760935,geom2,2
mixture,0.05,506.9802848987832,1019.9605697975664,1028.8068494687009,13.907802479778779,0.07190208741800796,0.0719020851706181,geom2,2
null,,506.98028489878584,1015.9605697975717,1018.9093296879498,13.907798528420503,0.07190210571115953,,geom2,2
sum,,506.60501645750776,1015.2100329150155,1018.1587928053937,21.01721378992519,0.09516009210310836,,geom2,2
mixture,0.009500000000000007,468.5837739225271,943.1675478450542,951.6763935659086,15.666666993193086,0.06382978729424525,0.06382978589035809,geom2,3
mixture,0.009000000000000006,468.5837739225271,943.1675478450542,951.6763935659086,15.66666718136224,0.063829786511162,0.0638297851245691,geom2,3
mixture,0.0027500000000000007,468.58377392252714,943.1675478450543,951.6763935659087,15.666667238327706,0.06382978394658319,0.06382978490760016,geom2,3
mixture,0.007500000000000005,468.58377392252714,943.1675478450543,951.6763935659087,15.666667187945603,0.0638297847478068,0.06382978511296492,geom2,3
mixture,0.008500000000000006,468.58377392252714,943.1675478450543,951.6763935659087,15.666666981709403,0.06382978779896407,0.06382978593463552,geom2,3
mixture,0.009250000000000006,468.58377392252714,943.1675478450543,951.6763935659087,15.666667018159638,0.06382978642213945,0.06382978579618517,geom2,3
mixture,0.005000000000000003,468.5837739225272,943.1675478450544,951.6763935659088,15.666667334314498,0.06382978166002545,0.063829784528225,geom2,3
mixture,0.0022500000000000003,468.5837739225272,943.1675478450544,951.6763935659088,15.666666948369244,0.0638297861621907,0.06382978608614708,geom2,3
mixture,0.006750000000000004,468.5837739225272,943.1675478450544,951.6763935659088,15.666667125541823,0.06382978443697819,0.06382978537077744,geom2,3
mixture,0.0070000000000000045,468.5837739225272,943.1675478450544,951.6763935659088,15.666667085293218,0.06382978509786462,0.06382978553149223,geom2,3
mixture,0.006000000000000004,468.5837739225272,943.1675478450544,951.6763935659088,15.666667088466719,0.06382978590988093,0.06382978551314682,geom2,3
mixture,0.004500000000000002,468.5837739225272,943.1675478450544,951.6763935659088,15.666666936267843,0.06382978737923384,0.06382978613000066,geom2,3
mixture,0.005500000000000003,468.5837739225272,943.1675478450544,951.6763935659088,15.666667159763854,0.06382978672796562,0.0638297852167337,geom2,3
mixture,0.007250000000000005,468.5837739225272,943.1675478450544,951.6763935659088,15.666667226444032,0.06382978287625143,0.06382978496854345,geom2,3
mixture,0.009750000000000007,468.5837739225272,943.1675478450544,951.6763935659088,15.666666895850977,0.06382978794925746,0.06382978628405456,geom2,3
mixture,0.008250000000000006,468.5837739225272,943.1675478450544,951.6763935659088,15.666667266332697,0.06382978592673007,0.06382978478140938,geom2,3
mixture,0.010000000000000007,468.5837739225272,943.1675478450544,951.6763935659088,15.666666857911618,0.06382978687121875,0.0638297864506588,geom2,3
mixture,0.0025000000000000005,468.58377392252726,943.1675478450545,951.6763935659089,15.666667354484245,0.06382978430961615,0.06382978443201359,geom2,3
mixture,0.003250000000000001,468.58377392252726,943.1675478450545,951.6763935659089,15.666667120796035,0.06382978372016905,0.06382978538923424,geom2,3
mixture,0.002,468.58377392252726,943.1675478450545,951.6763935659089,15.666666900338617,0.06382978631520979,0.06382978628194001,geom2,3
mixture,0.004000000000000002,468.58377392252726,943.1675478450545,951.6763935659089,15.666666910670015,0.06382978688610413,0.0638297862373188,geom2,3
mixture,0.0035000000000000014,468.58377392252726,943.1675478450545,951.6763935659089,15.66666724261432,0.06382978383921338,0.06382978489117454,geom2,3
mixture,0.0037500000000000016,468.58377392252726,943.1675478450545,951.6763935659089,15.66666698489865,0.06382978644155433,0.06382978593559119,geom2,3
mixture,0.0047500000000000025,468.58377392252726,943.1675478450545,951.6763935659089,15.666667000063828,0.06382978564172177,0.06382978587681866,geom2,3
mixture,0.008000000000000005,468.58377392252726,943.1675478450545,951.6763935659089,15.6666670553901,0.0638297850163936,0.06382978565540141,geom2,3
mixture,0.007750000000000005,468.58377392252726,943.1675478450545,951.6763935659089,15.666666913002434,0.06382978521894365,0.0638297862383112,geom2,3
mixture,0.35000000000000003,468.58377392252726,943.1675478450545,951.6763935659089,15.666667244093459,0.06382978758557206,0.06382978342540944,geom2,3
mixture,0.005750000000000003,468.58377392252726,943.1675478450545,951.6763935659089,15.666666794702081,0.06382978767223405,0.06382978670684433,geom2,3
mixture,0.45,468.58377392252726,943.1675478450545,951.6763935659089,15.666667265255771,0.06382978490521718,0.06382978470526947,geom2,3
mixture,0.5,468.58377392252726,943.1675478450545,951.6763935659089,15.666667222292412,0.06382978497028903,0.06382978497028903,geom2,3
mixture,0.003000000000000001,468.5837739225273,943.1675478450546,951.676393565909,15.666667004930904,0.06382978971942133,0.06382978584424678,geom2,3
mixture,0.004250000000000002,468.5837739225273,943.1675478450546,951.676393565909,15.666667400766686,0.06382978304737565,0.06382978424824545,geom2,3
mixture,0.3,468.5837739225273,943.1675478450546,951.676393565909,15.66666754597205,0.0638297877920187,0.06382978187704937,geom2,3
mixture,0.008750000000000006,468.5837739225273,943.1675478450546,951.676393565909,15.666667102749098,0.0638297857845089,0.06382978545444934,geom2,3
mixture,0.006500000000000004,468.5837739225273,943.1675478450546,951.676393565909,15.666667086062253,0.06382978707955496,0.063829785515155,geom2,3
mixture,0.006250000000000004,468.5837739225273,943.1675478450546,951.676393565909,15.666667494161057,0.06382978526136722,0.06382978385383346,geom2,3
mixture,0.15000000000000002,468.5837739225273,943.1675478450546,951.676393565909,15.66666739770672,0.06382978763824343,0.06382978365867331,geom2,3
mixture,0.1,468.5837739225273,943.1675478450546,951.676393565909,15.666667507851407,0.06382977229302948,0.06382978508616671,geom2,3
mixture,0.005250000000000003,468.58377392252737,943.1675478450547,951.6763935659092,15.666666912507223,0.06382978795985178,0.06382978622331188,geom2,3
mixture,0.25,468.58377392252737,943.1675478450547,951.6763935659092,15.666667284699795,0.06382977216064652,0.06382978890115398,geom2,3
mixture,0.4,468.58377392252737,943.1675478450547,951.6763935659092,15.666667483918093,0.06382978497235454,0.06382978319236841,geom2,3
mixture,0.2,468.58377392252737,943.1675478450547,951.6763935659092,15.666667328779077,0.06382976924756964,0.06382978835865455,geom2,3
mixture,0.05,468.5837739225274,943.1675478450549,951.6763935659093,15.666667774870941,0.06382978539392459,0.06382978257816267,geom2,3
null,,468.5837739225274,939.1675478450549,942.0038297520064,15.66666785779349,0.0638297823811043,,geom2,3
sum,,468.12189525060717,938.2437905012143,941.0800724081658,23.61065740365985,0.08470751007932474,,geom2,3
mixture,0.05,463.4399099547504,932.8798199095008,941.4592571225859,12.130630703079856,0.04146798328986522,0.08695746727984889,geom2,4
mixture,0.1,463.5058305387105,933.011661077421,941.591098290506,12.111266080669882,0.0479403451066128,0.08977251342222715,geom2,4
mixture,0.15000000000000002,463.5748054878476,933.1496109756952,941.7290481887802,12.167141302561191,0.05196475452242089,0.09158920781542247,geom2,4
mixture,0.2,463.63624256039964,933.2724851207993,941.8519223338843,12.249233409878402,0.054903592669304266,0.09295316758319562,geom2,4
mixture,0.35000000000000003,463.7818191701707,933.5636383403414,942.1430755534265,12.546268329556678,0.0607558881835766,0.09579236011215082,geom2,4
mixture,0.4,463.82098693257103,933.6419738651421,942.2214110782271,12.651837992899921,0.06216690643320618,0.09650108838617062,geom2,4
mixture,0.45,463.8567642512944,933.7135285025888,942.2929657156739,12.758511837153915,0.06341291694186268,0.09713597527896453,geom2,4
mixture,0.5,463.8896753682503,933.7793507365006,942.3587879495857,12.866139010524792,0.09770646676652514,0.06452636614283327,geom2,4
mixture,0.3,463.9998148738604,933.9996297477207,942.5790669608058,13.297659934994005,0.09955684195127386,0.06806487467497019,geom2,4
mixture,0.25,464.02322389511295,934.0464477902259,942.6258850033109,13.405207417751246,0.0999382143545266,0.06878423159734089,geom2,4
mixture,0.0070000000000000045,464.12323387249666,934.2464677449933,942.8259049580784,13.937985405248838,0.07174638189775341,0.0717463801802985,geom2,4
mixture,0.0037500000000000016,464.1232338724967,934.2464677449934,942.8259049580785,13.937985433060236,0.07174638080497868,0.07174638004631533,geom2,4
mixture,0.007750000000000005,464.1232338724967,934.2464677449934,942.8259049580785,13.937985436965873,0.07174638092525869,0.07174638002205606,geom2,4
mixture,0.007250000000000005,464.1232338724967,934.2464677449934,942.8259049580785,13.937985353957805,0.0717463816335527,0.0717463804477464,geom2,4
mixture,0.009500000000000007,464.1232338724967,934.2464677449934,942.8259049580785,13.937985438065983,0.07174638033976705,0.07174638002035864,geom2,4
mixture,0.003000000000000001,464.1232338724967,934.2464677449934,942.8259049580785,13.93798539090956,0.0717463789193486,0.07174638027018525,geom2,4
mixture,0.008250000000000006,464.1232338724967,934.2464677449934,942.8259049580785,13.937985308807317,0.07174638239611898,0.07174638067455466,geom2,4
mixture,0.009750000000000007,464.1232338724967,934.2464677449934,942.8259049580785,13.937985393964958,0.07174638051387555,0.07174638024781081,geom2,4
mixture,0.006250000000000004,464.1232338724967,934.2464677449934,942.8259049580785,13.937985314273869,0.07174638189693866,0.07174638065284267,geom2,4
mixture,0.006000000000000004,464.12323387249677,934.2464677449935,942.8259049580786,13.937985411426602,0.07174638115631872,0.07174638015450951,geom2,4
mixture,0.008000000000000005,464.12323387249677,934.2464677449935,942.8259049580786,13.93798538933402,0.07174638123898215,0.07174638026646274,geom2,4
mixture,0.009250000000000006,464.12323387249677,934.2464677449935,942.8259049580786,13.937985486655254,0.07174638082243755,0.07174637976348232,geom2,4
mixture,0.008750000000000006,464.1232338724968,934.2464677449937,942.8259049580787,13.937985526694401,0.07174638127209437,0.07174637955212469,geom2,4
mixture,0.008500000000000006,464.1232338724968,934.2464677449937,942.8259049580787,13.937985541770699,0.07174638060009149,0.07174637948004817,geom2,4
mixture,0.004000000000000002,464.1232338724968,934.2464677449937,942.8259049580787,13.937985571789776,0.07174637965901252,0.07174637933374296,geom2,4
mixture,0.004500000000000002,464.1232338724968,934.2464677449937,942.8259049580787,13.937985372845452,0.07174637985303603,0.07174638036140618,geom2,4
mixture,0.006500000000000004,464.1232338724968,934.2464677449937,942.8259049580787,13.937985498181495,0.0717463804713432,0.07174637970899055,geom2,4
mixture,0.006750000000000004,464.1232338724968,934.2464677449937,942.8259049580787,13.937985439286788,0.0717463809259747,0.07174638001093234,geom2,4
mixture,0.003250000000000001,464.1232338724968,934.2464677449937,942.8259049580787,13.93798551545477,0.07174637994838234,0.07174637962397659,geom2,4
mixture,0.0035000000000000014,464.1232338724968,934.2464677449937,942.8259049580787,13.937985450260314,0.07174637756996198,0.07174637996901888,geom2,4
mixture,0.002,464.1232338724968,934.2464677449937,942.8259049580787,13.937985402938313,0.07174638047686101,0.07174638020366782,geom2,4
mixture,0.0027500000000000007,464.1232338724968,934.2464677449937,942.8259049580787,13.937983411571373,0.07174638846739165,0.07174639046034338,geom2,4
mixture,0.005750000000000003,464.1232338724968,934.2464677449937,942.8259049580787,13.937985490585664,0.07174638062625445,0.0717463797479957,geom2,4
mixture,0.005000000000000003,464.1232338724968,934.2464677449937,942.8259049580787,13.937985505935771,0.07174638041204985,0.07174637967032173,geom2,4
mixture,0.010000000000000007,464.1232338724968,934.2464677449937,942.8259049580787,13.937985529604287,0.07174637957660265,0.07174637955194912,geom2,4
mixture,0.009000000000000006,464.1232338724968,934.2464677449937,942.8259049580787,13.93798331625651,0.07174638888075073,0.07174639096425178,geom2,4
mixture,0.007500000000000005,464.1232338724969,934.2464677449938,942.8259049580788,13.937985519998778,0.0717463809665418,0.07174637959132632,geom2,4
mixture,0.0025000000000000005,464.1232338724969,934.2464677449938,942.8259049580788,13.937983312153582,0.07174639110817686,0.0717463909662655,geom2,4
mixture,0.005500000000000003,464.1232338724969,934.2464677449938,942.8259049580788,13.937985558013914,0.07174638019962591,0.07174637940156657,geom2,4
mixture,0.004250000000000002,464.12323387249694,934.2464677449939,942.8259049580789,13.937985472461358,0.0717463803773289,0.07174637984407502,geom2,4
mixture,0.005250000000000003,464.12323387249694,934.2464677449939,942.8259049580789,13.937985549382898,0.0717463809068395,0.07174637944269767,geom2,4
mixture,0.0047500000000000025,464.12323387249694,934.2464677449939,942.8259049580789,13.937985637910804,0.0717463799300336,0.07174637899021909,geom2,4
mixture,0.0022500000000000003,464.123233872497,934.246467744994,942.825904958079,13.937983218343529,0.07174639060287812,0.07174639145142093,geom2,4
null,,464.1232338724999,930.2464677449998,933.1062801493615,13.937981425314277,0.0717464006792111,,geom2,4
sum,,464.841539957103,931.683079914206,934.5428923185677,21.150182455515218,0.09456183199395857,,geom2,4
mixture,0.45,481.2914383031565,968.582876606313,977.3208412635212,13.169117997204857,0.07593523006175605,0.0759352293951603,geom2,5
mixture,0.35000000000000003,481.2914383031565,968.582876606313,977.3208412635212,13.169118044391418,0.07593523086367782,0.07593522864731685,geom2,5
mixture,0.5,481.2914383031566,968.5828766063132,977.3208412635214,13.169118028122574,0.07593522951685192,0.07593522951685192,geom2,5
mixture,0.4,481.2914383031566,968.5828766063132,977.3208412635214,13.169118019576265,0.07593522595729374,0.07593523197202319,geom2,5
mixture,0.15000000000000002,481.29143830315667,968.5828766063133,977.3208412635215,13.169118237182394,0.07593521561277489,0.07593523055231047,geom2,5
mixture,0.3,481.29143830315667,968.5828766063133,977.3208412635215,13.169117940052425,0.07593523261528018,0.07593522891442056,geom2,5
mixture,0.25,481.29143830315667,968.5828766063133,977.3208412635215,13.16911822042534,0.07593521717478606,0.07593523215241019,geom2,5
mixture,0.2,481.2914383031567,968.5828766063134,977.3208412635216,13.169118157532674,0.07593521728322128,0.0759352316425111,geom2,5
mixture,0.0025000000000000005,481.29143830315724,968.5828766063145,977.3208412635227,13.169116255189063,0.07593524026674514,0.07593523973854947,geom2,5
mixture,0.009750000000000007,481.2914383031573,968.5828766063146,977.3208412635228,13.169116180061666,0.07593523742997375,0.07593524020007508,geom2,5
mixture,0.0047500000000000025,481.29143830315735,968.5828766063147,977.3208412635229,13.169116199236655,0.07593523959967582,0.07593524006470945,geom2,5
mixture,0.0022500000000000003,481.29143830315735,968.5828766063147,977.3208412635229,13.169116266270327,0.0759352375056961,0.07593523968086775,geom2,5
mixture,0.009250000000000006,481.29143830315735,968.5828766063147,977.3208412635229,13.169116194718832,0.07593523943110993,0.07593524009468915,geom2,5
mixture,0.006750000000000004,481.2914383031574,968.5828766063148,977.320841263523,13.169116138791958,0.07593523763523873,0.07593524042989833,geom2,5
mixture,0.007250000000000005,481.2914383031574,968.5828766063148,977.320841263523,13.169116173962875,0.07593524251161628,0.07593524019141173,geom2,5
mixture,0.005000000000000003,481.2914383031574,968.5828766063148,977.320841263523,13.169116210069951,0.07593523970811047,0.07593524000150095,geom2,5
mixture,0.008250000000000006,481.2914383031574,968.5828766063148,977.320841263523,13.169116198762147,0.07593523937691525,0.07593524007096251,geom2,5
mixture,0.007500000000000005,481.2914383031574,968.5828766063148,977.320841263523,13.169116192776603,0.07593524000579002,0.07593524010046027,geom2,5
mixture,0.009000000000000006,481.2914383031574,968.5828766063148,977.320841263523,13.169116200678044,0.0759352388337244,0.07593524006527319,geom2,5
mixture,0.008000000000000005,481.29143830315746,968.5828766063149,977.3208412635231,13.169116085940145,0.07593523954139712,0.0759352407252573,geom2,5
mixture,0.003250000000000001,481.29143830315746,968.5828766063149,977.3208412635231,13.16911616260955,0.07593524106994722,0.07593524027110206,geom2,5
mixture,0.003000000000000001,481.29143830315746,968.5828766063149,977.3208412635231,13.169116159374566,0.075935240398202,0.07593524029203325,geom2,5
mixture,0.009500000000000007,481.29143830315746,968.5828766063149,977.3208412635231,13.16911617601968,0.07593523802450886,0.07593524021720395,geom2,5
mixture,0.004000000000000002,481.2914383031575,968.582876606315,977.3208412635232,13.169116061097426,0.07593524089934749,0.07593524085887163,geom2,5
mixture,0.004250000000000002,481.2914383031575,968.582876606315,977.3208412635232,13.169116051455878,0.07593524091618818,0.07593524091462159,geom2,5
mixture,0.006000000000000004,481.2914383031575,968.582876606315,977.3208412635232,13.169116137389207,0.07593523937765065,0.07593524042540942,geom2,5
mixture,0.008500000000000006,481.2914383031575,968.582876606315,977.3208412635232,13.169116076826462,0.07593524077499539,0.0759352407682803,geom2,5
mixture,0.006500000000000004,481.2914383031575,968.582876606315,977.3208412635232,13.16911615009426,0.0759352404915296,0.07593524034491046,geom2,5
mixture,0.005500000000000003,481.2914383031575,968.582876606315,977.3208412635232,13.169116107536597,0.07593523813095132,0.07593524060486433,geom2,5
mixture,0.0027500000000000007,481.2914383031576,968.5828766063152,977.3208412635233,13.169116136950825,0.07593524172436783,0.07593524041805828,geom2,5
mixture,0.0035000000000000014,481.2914383031576,968.5828766063152,977.3208412635233,13.169116125392705,0.0759352419108507,0.07593524048330019,geom2,5
mixture,0.002,481.2914383031576,968.5828766063152,977.3208412635233,13.169116127078013,0.07593523911578598,0.07593524048130991,geom2,5
mixture,0.010000000000000007,481.2914383031576,968.5828766063152,977.3208412635233,13.169116037123674,0.07593523913440722,0.07593524101608684,geom2,5
mixture,0.0070000000000000045,481.2914383031576,968.5828766063152,977.3208412635233,13.169116146481048,0.07593523891494813,0.07593524037693172,geom2,5
mixture,0.005750000000000003,481.29143830315763,968.5828766063153,977.3208412635234,13.169116080183194,0.07593524062777499,0.07593524074968289,geom2,5
mixture,0.005250000000000003,481.29143830315763,968.5828766063153,977.3208412635234,13.169116058634444,0.0759352390556288,0.07593524088282828,geom2,5
mixture,0.0037500000000000016,481.29143830315763,968.5828766063153,977.3208412635234,13.169116082046791,0.0759352409013028,0.07593524073762233,geom2,5
mixture,0.008750000000000006,481.29143830315763,968.5828766063153,977.3208412635234,13.169116070467277,0.07593524166808496,0.07593524079738685,geom2,5
mixture,0.004500000000000002,481.2914383031577,968.5828766063154,977.3208412635236,13.16911602028715,0.07593523837553393,0.07593524110664214,geom2,5
mixture,0.007750000000000005,481.2914383031577,968.5828766063154,977.3208412635236,13.169116030470116,0.0759352396248991,0.07593524104665413,geom2,5
mixture,0.006250000000000004,481.2914383031577,968.5828766063154,977.3208412635236,13.169116037640107,0.0759352421955639,0.07593524098673704,geom2,5
mixture,0.1,481.29143830315775,968.5828766063155,977.3208412635237,13.169115946744999,0.07593523528502691,0.07593524221100599,geom2,5
mixture,0.05,481.2914383031578,968.5828766063156,977.3208412635238,13.169115941579717,0.075935236668161,0.07593524180503561,geom2,5
null,,481.2914383031566,964.5828766063132,967.4955314920493,13.16911800690769,0.07593522963918031,,geom2,5
sum,,480.5463926994035,963.092785398807,966.005440284543,19.851447978856775,0.10074831831562837,,geom2,5
mixture,0.006250000000000004,480.0413496269843,966.0826992539686,974.7311050217277,14.469696328175772,0.06910995063190527,0.06910995070848164,geom2,6
mixture,0.007500000000000005,480.0413496269843,966.0826992539686,974.7311050217277,14.469696371400776,0.0691099509092477,0.06910995049847159,geom2,6
mixture,0.006000000000000004,480.0413496269843,966.0826992539686,974.7311050217277,14.46969642464709,0.06910994860953903,0.06910995025712365,geom2,6
mixture,0.35000000000000003,480.0413496269843,966.0826992539686,974.7311050217277,14.469697614647334,0.06910994591633683,0.06910994383516793,geom2,6
mixture,0.0047500000000000025,480.04134962698436,966.0826992539687,974.7311050217278,14.469696360658732,0.06910994769171137,0.0691099505665137,geom2,6
mixture,0.0027500000000000007,480.04134962698436,966.0826992539687,974.7311050217278,14.469696427905944,0.06910994812179287,0.06910995023749142,geom2,6
mixture,0.003250000000000001,480.04134962698436,966.0826992539687,974.7311050217278,14.469696241865485,0.06910995015735838,0.0691099511233765,geom2,6
mixture,0.002,480.04134962698436,966.0826992539687,974.7311050217278,14.46969630101302,0.06910994974466883,0.06910995083992788,geom2,6
mixture,0.0070000000000000045,480.04134962698436,966.0826992539687,974.7311050217278,14.4696962346844,0.06910995007698173,0.06910995116213119,geom2,6
mixture,0.005750000000000003,480.04134962698436,966.0826992539687,974.7311050217278,14.469696204228768,0.06910995136639586,0.06910995129961288,geom2,6
mixture,0.008500000000000006,480.04134962698436,966.0826992539687,974.7311050217278,14.469696340162498,0.06910994776503043,0.06910995067549112,geom2,6
mixture,0.5,480.04134962698436,966.0826992539687,974.7311050217278,14.469697529601994,0.06910994496976926,0.06910994496976926,geom2,6
mixture,0.4,480.04134962698436,966.0826992539687,974.7311050217278,14.46969758258535,0.06910994412896475,0.06910994510854179,geom2,6
mixture,0.45,480.04134962698436,966.0826992539687,974.7311050217278,14.469697578949127,0.06910994444652176,0.06910994496935176,geom2,6
mixture,0.010000000000000007,480.04134962698436,966.0826992539687,974.7311050217278,14.469696444918641,0.0691099465722198,0.06910995018656087,geom2,6
mixture,0.004000000000000002,480.04134962698436,966.0826992539687,974.7311050217278,14.469696341299766,0.06910994781074138,0.06910995065670425,geom2,6
mixture,0.005500000000000003,480.0413496269844,966.0826992539688,974.7311050217279,14.469696191497261,0.06910995049471799,0.06910995136559475,geom2,6
mixture,0.007250000000000005,480.0413496269844,966.0826992539688,974.7311050217279,14.469696130824811,0.06910995238176199,0.06910995164524807,geom2,6
mixture,0.3,480.0413496269844,966.0826992539688,974.7311050217279,14.469697635104094,0.06910994285131844,0.06910994515782322,geom2,6
mixture,0.008000000000000005,480.04134962698447,966.0826992539689,974.731105021728,14.46969616093808,0.06910995155985775,0.06910995150633305,geom2,6
mixture,0.007750000000000005,480.04134962698447,966.0826992539689,974.731105021728,14.469696159655946,0.06910995106484993,0.06910995151638434,geom2,6
mixture,0.0037500000000000016,480.04134962698447,966.0826992539689,974.731105021728,14.46969630108962,0.06910995038410395,0.06910995083907766,geom2,6
mixture,0.006750000000000004,480.04134962698447,966.0826992539689,974.731105021728,14.469696158320716,0.06910995292546339,0.06910995150970589,geom2,6
mixture,0.006500000000000004,480.04134962698447,966.0826992539689,974.731105021728,14.469696126752666,0.06910995135045213,0.06910995167212801,geom2,6
mixture,0.009750000000000007,480.04134962698447,966.0826992539689,974.731105021728,14.469696186909745,0.06910995048641125,0.06910995139154076,geom2,6
mixture,0.009250000000000006,480.04134962698447,966.0826992539689,974.731105021728,14.469696324744962,0.06910995029990537,0.06910995072835234,geom2,6
mixture,0.008750000000000006,480.04134962698447,966.0826992539689,974.731105021728,14.469696189505251,0.06910994986514334,0.06910995138360568,geom2,6
mixture,0.009000000000000006,480.04134962698447,966.0826992539689,974.731105021728,14.46969635141472,0.06910995001123632,0.06910995060232934,geom2,6
mixture,0.009500000000000007,480.04134962698447,966.0826992539689,974.731105021728,14.46969636513842,0.06910995029705419,0.06910995053371081,geom2,6
mixture,0.004250000000000002,480.04134962698447,966.0826992539689,974.731105021728,14.469696353029807,0.06910995075998684,0.06910995058856702,geom2,6
mixture,0.004500000000000002,480.04134962698447,966.0826992539689,974.731105021728,14.469696389408249,0.06910994958730732,0.0691099504192893,geom2,6
mixture,0.0022500000000000003,480.04134962698447,966.0826992539689,974.731105021728,14.469696341572455,0.06910995034902129,0.06910995064468323,geom2,6
mixture,0.1,480.04134962698447,966.0826992539689,974.731105021728,14.469697769273058,0.06910993766854404,0.06910994450911302,geom2,6
mixture,0.2,480.04134962698447,966.0826992539689,974.731105021728,14.4696978174819,0.06910993910069203,0.06910994471832926,geom2,6
mixture,0.25,480.04134962698447,966.0826992539689,974.731105021728,14.469697713417677,0.06910994095373231,0.06910994513786484,geom2,6
mixture,0.05,480.04134962698447,966.0826992539689,974.731105021728,14.469696219237075,0.06910994783642002,0.0691099514068352,geom2,6
mixture,0.008250000000000006,480.0413496269845,966.082699253969,974.7311050217281,14.469696335428408,0.06910994815019661,0.06910995069435238,geom2,6
mixture,0.005000000000000003,480.0413496269846,966.0826992539692,974.7311050217282,14.469696207454378,0.0691099508425382,0.06910995128681215,geom2,6
mixture,0.005250000000000003,480.0413496269846,966.0826992539692,974.7311050217282,14.469696165413472,0.06910995135464039,0.06910995148607597,geom2,6
mixture,0.0025000000000000005,480.0413496269846,966.0826992539692,974.7311050217282,14.46969621057735,0.06910995201868303,0.06910995126779768,geom2,6
mixture,0.0035000000000000014,480.0413496269846,966.0826992539692,974.7311050217282,14.469696135467053,0.06910995038024316,0.06910995163279954,geom2,6
mixture,0.003000000000000001,480.0413496269846,966.0826992539692,974.7311050217282,14.469696134690745,0.06910995113958573,0.06910995163360543,geom2,6
mixture,0.15000000000000002,480.0413496269846,966.0826992539692,974.7311050217282,14.469697797176776,0.0691099384213719,0.06910994462185534,geom2,6
null,,480.04134962698475,962.0826992539695,964.9655011765559,14.46969808470615,0.06910994231848949,,geom2,6
sum,,478.3475762019308,958.6951524038616,961.577954326448,21.64153421462403,0.09241488982091306,,geom2,6
mixture,0.005000000000000003,449.5486587198089,905.0973174396178,913.484689076408,15.611570581749856,0.06405505466570177,0.06405505421303863,geom2,7
mixture,0.0025000000000000005,449.54865871980894,905.0973174396179,913.4846890764081,15.611570691025578,0.06405505522641651,0.06405505376328037,geom2,7
mixture,0.0035000000000000014,449.54865871980894,905.0973174396179,913.4846890764081,15.611570641020599,0.06405505425508154,0.06405505397111726,geom2,7
mixture,0.0070000000000000045,449.54865871980894,905.0973174396179,913.4846890764081,15.611570635288512,0.06405505299104136,0.06405505400271186,geom2,7
mixture,0.008500000000000006,449.54865871980894,905.0973174396179,913.4846890764081,15.611570808587807,0.06405505067531819,0.06405505330694333,geom2,7
mixture,0.009250000000000006,449.54865871980894,905.0973174396179,913.4846890764081,15.611570666159217,0.06405505457369035,0.06405505386238657,geom2,7
mixture,0.009750000000000007,449.54865871980894,905.0973174396179,913.4846890764081,15.61157053394244,0.06405505481742836,0.06405505440746098,geom2,7
mixture,0.0022500000000000003,449.548658719809,905.097317439618,913.4846890764082,15.611570696935717,0.06405505586143825,0.06405505373791068,geom2,7
mixture,0.0037500000000000016,449.548658719809,905.097317439618,913.4846890764082,15.611570725183647,0.06405505319714432,0.06405505362840316,geom2,7
mixture,0.004000000000000002,449.548658719809,905.097317439618,913.4846890764082,15.61157064311719,0.06405505534769342,0.06405505395794973,geom2,7
mixture,0.005750000000000003,449.548658719809,905.097317439618,913.4846890764082,15.611571010339794,0.06405505118421405,0.0640550524641356,geom2,7
mixture,0.004250000000000002,449.548658719809,905.097317439618,913.4846890764082,15.61157083961399,0.06405505168564132,0.06405505316355367,geom2,7
mixture,0.0027500000000000007,449.548658719809,905.097317439618,913.4846890764082,15.61157074521264,0.06405505541214865,0.06405505353945608,geom2,7
mixture,0.003000000000000001,449.548658719809,905.097317439618,913.4846890764082,15.61157079767596,0.06405505493536583,0.0640550533245138,geom2,7
mixture,0.003250000000000001,449.548658719809,905.097317439618,913.4846890764082,15.611570742926853,0.06405505470963542,0.06405505355021657,geom2,7
mixture,0.002,449.548658719809,905.097317439618,913.4846890764082,15.611570893983785,0.06405505208111047,0.06405505293590014,geom2,7
mixture,0.008000000000000005,449.548658719809,905.097317439618,913.4846890764082,15.611570642178757,0.06405505440765345,0.0640550539638084,geom2,7
mixture,0.006000000000000004,449.548658719809,905.097317439618,913.4846890764082,15.611570615735653,0.06405505410529719,0.06405505407567881,geom2,7
mixture,0.006750000000000004,449.548658719809,905.097317439618,913.4846890764082,15.611570735717605,0.06405505350411625,0.0640550535841045,geom2,7
mixture,0.010000000000000007,449.548658719809,905.097317439618,913.4846890764082,15.611570661825898,0.06405505393538309,0.06405505388625467,geom2,7
mixture,0.005500000000000003,449.54865871980905,905.0973174396181,913.4846890764084,15.611570888432443,0.06405505235602628,0.06405505296029146,geom2,7
mixture,0.005250000000000003,449.54865871980905,905.0973174396181,913.4846890764084,15.611570889660975,0.06405505168435766,0.06405505295861713,geom2,7
mixture,0.004500000000000002,449.54865871980905,905.0973174396181,913.4846890764084,15.611570782929292,0.0640550526952147,0.06405505339299268,geom2,7
mixture,0.0047500000000000025,449.54865871980905,905.0973174396181,913.4846890764084,15.611570787573218,0.06405505327523815,0.0640550533712545,geom2,7
mixture,0.008750000000000006,449.54865871980905,905.0973174396181,913.4846890764084,15.61157093718367,0.06405505366526838,0.06405505274892125,geom2,7
mixture,0.007750000000000005,449.54865871980905,905.0973174396181,913.4846890764084,15.611570867004014,0.06405505322765734,0.06405505304346239,geom2,7
mixture,0.007250000000000005,449.54865871980905,905.0973174396181,913.4846890764084,15.611571005362597,0.06405505104786062,0.06405505248763613,geom2,7
mixture,0.007500000000000005,449.54865871980905,905.0973174396181,913.4846890764084,15.611570877385752,0.0640550522188333,0.06405505300821347,geom2,7
mixture,0.009000000000000006,449.54865871980905,905.0973174396181,913.4846890764084,15.61157088480559,0.06405505123176784,0.06405505298765211,geom2,7
mixture,0.008250000000000006,449.54865871980905,905.0973174396181,913.4846890764084,15.611570736359573,0.06405505336352335,0.0640550535827391,geom2,7
mixture,0.009500000000000007,449.54865871980905,905.0973174396181,913.4846890764084,15.61157074741317,0.06405505394402775,0.0640550535316596,geom2,7
mixture,0.006250000000000004,449.54865871980905,905.0973174396181,913.4846890764084,15.611570856219677,0.06405505405338378,0.06405505308307415,geom2,7
mixture,0.5,449.54865871980905,905.0973174396181,913.4846890764084,15.61157101022967,0.06405505245722791,0.06405505245722791,geom2,7
mixture,0.35000000000000003,449.54865871980905,905.0973174396181,913.4846890764084,15.611571106038383,0.06405505459561738,0.06405505070100609,geom2,7
mixture,0.006500000000000004,449.5486587198091,905.0973174396182,913.4846890764085,15.611570753570431,0.06405505181511016,0.06405505352140446,geom2,7
mixture,0.15000000000000002,449.5486587198091,905.0973174396182,913.4846890764085,15.611571130461005,0.06405504133330596,0.06405505383990256,geom2,7
mixture,0.4,449.5486587198091,905.0973174396182,913.4846890764085,15.61157076443747,0.06405505065144004,0.06405505534191602,geom2,7
mixture,0.45,449.5486587198091,905.0973174396182,913.4846890764085,15.611570951720193,0.06405505071393654,0.0640550543200433,geom2,7
mixture,0.1,449.5486587198091,905.0973174396182,913.4846890764085,15.611571142915034,0.06405504371743716,0.06405505282341074,geom2,7
mixture,0.25,449.54865871980917,905.0973174396183,913.4846890764086,15.611570972148119,0.06405505710965242,0.06405505111475387,geom2,7
mixture,0.2,449.54865871980917,905.0973174396183,913.4846890764086,15.611571087780113,0.06405504329616778,0.06405505434975167,geom2,7
mixture,0.3,449.54865871980917,905.0973174396183,913.4846890764086,15.611570988821812,0.06405505598111566,0.06405505107247256,geom2,7
mixture,0.05,449.54865871980934,905.0973174396187,913.4846890764089,15.611571356606504,0.06405504745550326,0.06405505122447516,geom2,7
null,,449.54865871980934,901.0973174396187,903.8931079852155,15.611571484822683,0.06405505050994922,,geom2,7
sum,,449.00291328510775,900.0058265702155,902.8016171158123,23.50358379133564,0.08509340608461931,,geom2,7
mixture,0.4,511.97351456786606,1029.947029135732,1038.640548535585,17.291045496714066,0.05783340369291492,0.05783340229681436,geom2,8
mixture,0.35000000000000003,511.97351456786606,1029.947029135732,1038.640548535585,17.29104531551325,0.057833405542447765,0.05783340234070879,geom2,8
mixture,0.2,511.9735145678661,1029.9470291357322,1038.640548535585,17.291045536775208,0.057833405508760066,0.05783340202438749,geom2,8
mixture,0.5,511.9735145678661,1029.9470291357322,1038.640548535585,17.291045310906334,0.057833403476726164,0.057833403476726164,geom2,8
mixture,0.005000000000000003,511.9735145678662,1029.9470291357325,1038.6405485355851,17.29104585065471,0.05783340198817276,0.05783340166983676,geom2,8
mixture,0.15000000000000002,511.9735145678662,1029.9470291357325,1038.6405485355851,17.291045641082253,0.05783340478080305,0.05783340194737118,geom2,8
mixture,0.3,511.9735145678662,1029.9470291357325,1038.6405485355851,17.29104559510121,0.05783340518483766,0.05783340138675371,geom2,8
mixture,0.002,511.97351456786623,1029.9470291357325,1038.6405485355851,17.291045909960584,0.05783340179581752,0.057833401472421164,geom2,8
mixture,0.45,511.97351456786623,1029.9470291357325,1038.6405485355851,17.29104587510201,0.05783340048027311,0.05783340249733931,geom2,8
mixture,0.25,511.97351456786623,1029.9470291357325,1038.6405485355851,17.29104555439656,0.05783340475359484,0.05783340196523347,geom2,8
mixture,0.005750000000000003,511.97351456786623,1029.9470291357325,1038.6405485355851,17.291046071971703,0.0578334025573457,0.05783340092178452,geom2,8
mixture,0.006750000000000004,511.97351456786623,1029.9470291357325,1038.6405485355851,17.291045775267246,0.05783340205550559,0.05783340192268051,geom2,8
mixture,0.005250000000000003,511.9735145678663,1029.9470291357325,1038.6405485355854,17.291045993242484,0.05783340147850491,0.05783340119301597,geom2,8
mixture,0.004250000000000002,511.9735145678663,1029.9470291357325,1038.6405485355854,17.291045990205173,0.05783340205027506,0.057833401201064547,geom2,8
mixture,0.006500000000000004,511.9735145678663,1029.9470291357325,1038.6405485355854,17.291045934392493,0.057833401501782594,0.05783340139062799,geom2,8
mixture,0.0037500000000000016,511.9735145678663,1029.9470291357325,1038.6405485355854,17.291045750259734,0.05783340290115706,0.057833402003854874,geom2,8
mixture,0.008000000000000005,511.9735145678663,1029.9470291357325,1038.6405485355854,17.291045916192907,0.05783340161023205,0.05783340145094841,geom2,8
mixture,0.008750000000000006,511.9735145678663,1029.9470291357325,1038.6405485355854,17.291045907599763,0.057833403019314875,0.057833401467384804,geom2,8
mixture,0.0070000000000000045,511.97351456786635,1029.9470291357327,1038.6405485355854,17.291046099176487,0.05783340106969503,0.05783340083857928,geom2,8
mixture,0.007500000000000005,511.97351456786635,1029.9470291357327,1038.6405485355854,17.291046033662923,0.057833400809616284,0.05783340106120739,geom2,8
mixture,0.0027500000000000007,511.97351456786635,1029.9470291357327,1038.6405485355854,17.291046143374388,0.05783340090837733,0.057833400691772605,geom2,8
mixture,0.006000000000000004,511.97351456786635,1029.9470291357327,1038.6405485355854,17.29104591859396,0.057833402063649425,0.057833401440452695,geom2,8
mixture,0.05,511.97351456786635,1029.9470291357327,1038.6405485355854,17.291046194902684,0.05783340160393017,0.05783340046297363,geom2,8
mixture,0.010000000000000007,511.97351456786635,1029.9470291357327,1038.6405485355854,17.291045917171814,0.05783340195581988,0.05783340144382862,geom2,8
mixture,0.0022500000000000003,511.97351456786635,1029.9470291357327,1038.6405485355854,17.29104618242229,0.05783340079185609,0.0578334005612458,geom2,8
mixture,0.007250000000000005,511.9735145678664,1029.947029135733,1038.6405485355856,17.291046095995913,0.057833401533916806,0.05783340084584666,geom2,8
mixture,0.009500000000000007,511.9735145678664,1029.947029135733,1038.6405485355856,17.29104599526547,0.05783340174302902,0.05783340118242274,geom2,8
mixture,0.0047500000000000025,511.9735145678664,1029.947029135733,1038.6405485355856,17.291046097956404,0.05783340060484015,0.05783340084542066,geom2,8
mixture,0.006250000000000004,511.9735145678664,1029.947029135733,1038.6405485355856,17.29104598246632,0.05783340142951553,0.05783340122930655,geom2,8
mixture,0.1,511.9735145678664,1029.947029135733,1038.6405485355856,17.29104600871781,0.05783340245560891,0.057833400996881716,geom2,8
mixture,0.0025000000000000005,511.97351456786646,1029.947029135733,1038.6405485355856,17.291046299104206,0.05783340098178552,0.05783340016946761,geom2,8
mixture,0.004000000000000002,511.97351456786646,1029.947029135733,1038.6405485355856,17.291046207516626,0.05783339951448952,0.057833400481700416,geom2,8
mixture,0.005500000000000003,511.97351456786646,1029.947029135733,1038.6405485355856,17.291045991573007,0.057833400368436816,0.05783340120469813,geom2,8
mixture,0.0035000000000000014,511.97351456786646,1029.947029135733,1038.6405485355856,17.29104613346131,0.057833400916699584,0.05783340072485311,geom2,8
mixture,0.003250000000000001,511.97351456786646,1029.947029135733,1038.6405485355856,17.291045868284176,0.057833402642054,0.05783340160910606,geom2,8
mixture,0.009750000000000007,511.97351456786646,1029.947029135733,1038.6405485355856,17.291046002689022,0.0578334019848,0.05783340115482669,geom2,8
mixture,0.009000000000000006,511.97351456786646,1029.947029135733,1038.6405485355856,17.291046161125664,0.05783339960132521,0.0578334006423649,geom2,8
mixture,0.007750000000000005,511.97351456786646,1029.947029135733,1038.6405485355856,17.2910461019424,0.057833400460051636,0.05783340083384281,geom2,8
mixture,0.003000000000000001,511.9735145678665,1029.947029135733,1038.6405485355858,17.29104612684884,0.057833400923193404,0.057833400747113066,geom2,8
mixture,0.008250000000000006,511.9735145678665,1029.947029135733,1038.6405485355858,17.291046153272315,0.057833401152297736,0.05783340065516128,geom2,8
mixture,0.009250000000000006,511.9735145678666,1029.9470291357331,1038.6405485355858,17.291046412111296,0.0578334010596355,0.05783339978170247,geom2,8
mixture,0.008500000000000006,511.9735145678666,1029.9470291357331,1038.6405485355858,17.291046391598936,0.057833401290984424,0.05783339984988171,geom2,8
mixture,0.004500000000000002,511.9735145678666,1029.9470291357331,1038.6405485355858,17.291046162786426,0.05783339977816094,0.05783340063127982,geom2,8
null,,511.97351456788317,1025.9470291357663,1028.8448689357172,17.291053304886322,0.057833376739253206,,geom2,8
sum,,511.3381016442899,1024.67620328858,1027.5740430885307,26.035302362373514,0.07681877368516452,,geom2,8
mixture,0.4,513.2402071244129,1032.4804142488258,1041.3898541475537,13.493056040217262,0.07411219615710844,0.07411219417937036,geom2,9
mixture,0.35000000000000003,513.240207124413,1032.480414248826,1041.389854147554,13.493056110584373,0.07411219627043815,0.07411219367586558,geom2,9
mixture,0.3,513.240207124413,1032.480414248826,1041.389854147554,13.493056120252392,0.07411219663010737,0.07411219363118719,geom2,9
mixture,0.2,513.240207124413,1032.480414248826,1041.389854147554,13.493056237839866,0.07411219606828127,0.07411219333918,geom2,9
mixture,0.45,513.240207124413,1032.480414248826,1041.389854147554,13.493056057449031,0.07411219457396391,0.07411219512278966,geom2,9
mixture,0.5,513.2402071244131,1032.4804142488263,1041.3898541475542,13.49305608016535,0.07411219475104602,0.07411219475104602,geom2,9
mixture,0.25,513.2402071244131,1032.4804142488263,1041.3898541475542,13.493055962566155,0.07411219828916009,0.07411219443291124,geom2,9
mixture,0.1,513.2402071244132,1032.4804142488265,1041.3898541475544,13.493056355259151,0.0741121833245743,0.07411219434178196,geom2,9
mixture,0.15000000000000002,513.2402071244132,1032.4804142488265,1041.3898541475544,13.493056237911157,0.07411218325839006,0.07411219575982403,geom2,9
mixture,0.008750000000000006,513.2402071244136,1032.4804142488272,1041.389854147555,13.493054240539543,0.07411220212206346,0.07411220487953601,geom2,9
mixture,0.005500000000000003,513.2402071244137,1032.4804142488274,1041.3898541475553,13.493054124783246,0.07411220441390119,0.07411220549717136,geom2,9
mixture,0.003000000000000001,513.2402071244137,1032.4804142488274,1041.3898541475553,13.493054126851657,0.07411220440776682,0.0741122054830783,geom2,9
mixture,0.007500000000000005,513.2402071244137,1032.4804142488274,1041.3898541475553,13.49305412433112,0.07411220611619371,0.07411220548899271,geom2,9
mixture,0.0070000000000000045,513.2402071244137,1032.4804142488274,1041.3898541475553,13.493054203788619,0.07411220479354724,0.07411220505912601,geom2,9
mixture,0.004250000000000002,513.2402071244137,1032.4804142488274,1041.3898541475553,13.493054196989563,0.07411220367683624,0.07411220510066284,geom2,9
mixture,0.004000000000000002,513.2402071244138,1032.4804142488276,1041.3898541475555,13.493054028075067,0.07411220513593443,0.07411220602595463,geom2,9
mixture,0.005000000000000003,513.2402071244138,1032.4804142488276,1041.3898541475555,13.49305418523238,0.07411220371279167,0.07411220516645764,geom2,9
mixture,0.004500000000000002,513.2402071244138,1032.4804142488276,1041.3898541475555,13.493054169012007,0.07411220581282982,0.07411220524572969,geom2,9
mixture,0.0037500000000000016,513.2402071244138,1032.4804142488276,1041.3898541475555,13.493054117890276,0.07411220631339609,0.07411220552612154,geom2,9
mixture,0.009000000000000006,513.2402071244138,1032.4804142488276,1041.3898541475555,13.493054136020008,0.07411220406803808,0.0741122054418585,geom2,9
mixture,0.006000000000000004,513.2402071244138,1032.4804142488276,1041.3898541475555,13.493054177281635,0.07411220482102188,0.07411220520516457,geom2,9
mixture,0.0022500000000000003,513.2402071244138,1032.4804142488276,1041.3898541475555,13.49305418433092,0.07411220557412901,0.07411220516321612,geom2,9
mixture,0.002,513.2402071244138,1032.4804142488276,1041.3898541475555,13.493054113068311,0.07411220488474397,0.07411220555690336,geom2,9
mixture,0.006750000000000004,513.2402071244139,1032.4804142488279,1041.3898541475558,13.493054049115186,0.07411220764148806,0.07411220589504067,geom2,9
mixture,0.009750000000000007,513.2402071244139,1032.4804142488279,1041.3898541475558,13.493054042689696,0.07411220414513914,0.07411220595981505,geom2,9
mixture,0.008250000000000006,513.2402071244139,1032.4804142488279,1041.3898541475558,13.493054041991705,0.07411220594709604,0.07411220594594627,geom2,9
mixture,0.007250000000000005,513.2402071244139,1032.4804142488279,1041.3898541475558,13.493054041418521,0.07411220079822871,0.07411220598672061,geom2,9
mixture,0.005750000000000003,513.2402071244139,1032.4804142488279,1041.3898541475558,13.49305407124091,0.07411220810655333,0.07411220577187662,geom2,9
mixture,0.0035000000000000014,513.2402071244139,1032.4804142488279,1041.3898541475558,13.49305403678113,0.07411220442051669,0.07411220598003378,geom2,9
mixture,0.009500000000000007,513.2402071244139,1032.4804142488279,1041.3898541475558,13.493054082640295,0.0741122017102673,0.07411220576117214,geom2,9
mixture,0.0027500000000000007,513.2402071244139,1032.4804142488279,1041.3898541475558,13.493054012822913,0.07411220692380999,0.0741122061039141,geom2,9
mixture,0.005250000000000003,513.2402071244139,1032.4804142488279,1041.3898541475558,13.493054084202903,0.07411220414265274,0.0741122057223994,geom2,9
mixture,0.05,513.2402071244139,1032.4804142488279,1041.3898541475558,13.493054017212346,0.0741122007216037,0.0741122063641886,geom2,9
mixture,0.0025000000000000005,513.240207124414,1032.480414248828,1041.389854147556,13.493054009691928,0.07411220719300995,0.07411220612068532,geom2,9
mixture,0.003250000000000001,513.240207124414,1032.480414248828,1041.389854147556,13.493054029813575,0.07411220475723193,0.07411220601693964,geom2,9
mixture,0.006250000000000004,513.240207124414,1032.480414248828,1041.389854147556,13.493054040656554,0.07411220737841878,0.07411220594432616,geom2,9
mixture,0.008000000000000005,513.240207124414,1032.480414248828,1041.389854147556,13.493054018024464,0.07411220589674372,0.07411220607905719,geom2,9
mixture,0.0047500000000000025,513.2402071244142,1032.4804142488283,1041.3898541475562,13.493053955512115,0.07411220663842402,0.0741122064199173,geom2,9
mixture,0.006500000000000004,513.2402071244142,1032.4804142488283,1041.3898541475562,13.493053946550218,0.07411220577677395,0.07411220647471613,geom2,9
mixture,0.007750000000000005,513.2402071244142,1032.4804142488283,1041.3898541475562,13.493053947766601,0.07411220744738611,0.07411220645581368,geom2,9
mixture,0.009250000000000006,513.2402071244142,1032.4804142488283,1041.3898541475562,13.49305388959769,0.07411220886847036,0.07411220676352732,geom2,9
mixture,0.008500000000000006,513.2402071244142,1032.4804142488283,1041.3898541475562,13.49305381999673,0.07411220632668773,0.07411220717247884,geom2,9
mixture,0.010000000000000007,513.2402071244142,1032.4804142488283,1041.3898541475562,13.49305399082488,0.07411220486752772,0.07411220624072763,geom2,9
null,,513.240207124413,1028.480414248826,1031.450227548402,13.493055162927496,0.07411219978908297,,geom2,9
sum,,512.4874091927479,1026.9748183854958,1029.9446316850717,20.372553304532314,0.09817129792734702,,geom2,9
mixture,0.1,411.41176188812733,828.8235237762547,836.8975674229421,16.26529620345731,0.08652292947636347,0.05956504330802515,geom2,10
mixture,0.15000000000000002,411.4120430185013,828.8240860370026,836.8981296836901,16.19014355898145,0.08319533523154424,0.0590804666580962,geom2,10
mixture,0.2,411.4127527612888,828.8255055225776,836.899549169265,16.181566175859164,0.07884672251100217,0.05862953847550672,geom2,10
mixture,0.0025000000000000005,411.41302646487173,828.8260529297435,836.9000965764309,16.532111194446728,0.06048834378339388,0.06048834224344327,geom2,10
mixture,0.25,411.41302646487173,828.8260529297435,836.9000965764309,16.53211088395059,0.06048834946558961,0.060488341355935366,geom2,10
mixture,0.45,411.41302646487173,828.8260529297435,836.9000965764309,16.532110960880026,0.0604883459309602,0.0604883407871714,geom2,10
mixture,0.35000000000000003,411.41302646487173,828.8260529297435,836.9000965764309,16.53211072153666,0.06048834795618579,0.06048834183527748,geom2,10
mixture,0.3,411.41302646487173,828.8260529297435,836.9000965764309,16.53211077544069,0.0604883108663201,0.060488357886400994,geom2,10
mixture,0.4,411.41302646487173,828.8260529297435,836.9000965764309,16.53211072902983,0.060488346129616274,0.060488342497220814,geom2,10
mixture,0.009500000000000007,411.4130264648718,828.8260529297436,836.900096576431,16.532111291822815,0.060488337764474084,0.060488341930587754,geom2,10
mixture,0.008000000000000005,411.4130264648718,828.8260529297436,836.900096576431,16.532111225477376,0.06048834352359451,0.060488342122548625,geom2,10
mixture,0.5,411.4130264648718,828.8260529297436,836.900096576431,16.532110767348723,0.06048834380997627,0.06048834380997627,geom2,10
mixture,0.0037500000000000016,411.41302646487185,828.8260529297437,836.9000965764311,16.532111302658016,0.06048834275989293,0.06048834184794561,geom2,10
mixture,0.0027500000000000007,411.41302646487185,828.8260529297437,836.9000965764311,16.532111190060427,0.060488341336914525,0.060488342265896625,geom2,10
mixture,0.005000000000000003,411.4130264648719,828.8260529297438,836.9000965764312,16.532111387908852,0.06048834211096774,0.060488341536574314,geom2,10
mixture,0.005250000000000003,411.4130264648719,828.8260529297438,836.9000965764312,16.532111397575814,0.06048834153299526,0.0604883415039238,geom2,10
mixture,0.006500000000000004,411.4130264648719,828.8260529297438,836.9000965764312,16.532111391810478,0.06048834202705822,0.06048834152188725,geom2,10
mixture,0.007500000000000005,411.4130264648719,828.8260529297438,836.9000965764312,16.532111378040064,0.0604883378295212,0.06048834160386217,geom2,10
mixture,0.008250000000000006,411.4130264648719,828.8260529297438,836.9000965764312,16.532111352676907,0.060488336717067326,0.06048834170954224,geom2,10
mixture,0.006750000000000004,411.4130264648719,828.8260529297438,836.9000965764312,16.53211139756875,0.0604883405829615,0.060488341510362226,geom2,10
mixture,0.005750000000000003,411.4130264648719,828.8260529297438,836.9000965764312,16.532111319336824,0.06048834078178955,0.06048834179617303,geom2,10
mixture,0.006250000000000004,411.4130264648719,828.8260529297438,836.9000965764312,16.53211123690934,0.060488344351405,0.06048834207771872,geom2,10
mixture,0.05,411.4130264648719,828.8260529297438,836.9000965764312,16.532111433974535,0.06048832671132581,0.06048834214245605,geom2,10
mixture,0.003250000000000001,411.4130264648719,828.8260529297438,836.9000965764312,16.53211141340529,0.06048833931502217,0.0604883414531077,geom2,10
mixture,0.004000000000000002,411.4130264648719,828.8260529297438,836.9000965764312,16.532111599995737,0.0604883401879356,0.06048834076576575,geom2,10
mixture,0.007250000000000005,411.41302646487196,828.8260529297439,836.9000965764313,16.532111249630827,0.06048834054398938,0.06048834205634798,geom2,10
mixture,0.007750000000000005,411.41302646487196,828.8260529297439,836.9000965764313,16.53211146668689,0.06048833718341059,0.06048834128298177,geom2,10
mixture,0.008500000000000006,411.41302646487196,828.8260529297439,836.9000965764313,16.532111482321856,0.06048834348503436,0.060488341174363566,geom2,10
mixture,0.003000000000000001,411.41302646487196,828.8260529297439,836.9000965764313,16.53211170357368,0.060488337582560614,0.06048834039291043,geom2,10
mixture,0.0035000000000000014,411.41302646487196,828.8260529297439,836.9000965764313,16.532111572196847,0.060488337622230846,0.060488340876556246,geom2,10
mixture,0.0070000000000000045,411.41302646487196,828.8260529297439,836.9000965764313,16.532111429018094,0.060488341674985235,0.060488341387018404,geom2,10
mixture,0.004500000000000002,411.41302646487196,828.8260529297439,836.9000965764313,16.532111476246737,0.060488338141557095,0.06048834123013074,geom2,10
mixture,0.006000000000000004,411.41302646487196,828.8260529297439,836.9000965764313,16.532111295548876,0.06048834352769459,0.06048834186741494,geom2,10
mixture,0.0047500000000000025,411.41302646487196,828.8260529297439,836.9000965764313,16.532111255626074,0.06048834044585506,0.06048834203097707,geom2,10
mixture,0.010000000000000007,411.41302646487196,828.8260529297439,836.9000965764313,16.532111498043946,0.06048834027644498,0.060488341145166886,geom2,10
mixture,0.008750000000000006,411.413026464872,828.826052929744,836.9000965764315,16.532111366457354,0.06048834182901366,0.06048834161607061,geom2,10
mixture,0.0022500000000000003,411.413026464872,828.826052929744,836.9000965764315,16.532111437348675,0.06048833897508385,0.060488341363928805,geom2,10
mixture,0.002,411.413026464872,828.826052929744,836.9000965764315,16.532111502578296,0.060488343082446466,0.060488341115956225,geom2,10
mixture,0.005500000000000003,411.413026464872,828.826052929744,836.9000965764315,16.532111331990325,0.06048834236661085,0.06048834174060015,geom2,10
mixture,0.004250000000000002,411.4130264648721,828.8260529297442,836.9000965764316,16.532111701198858,0.06048833912881368,0.06048834039856492,geom2,10
mixture,0.009000000000000006,411.4130264648721,828.8260529297442,836.9000965764316,16.532111508511285,0.060488340654205795,0.060488341102213426,geom2,10
mixture,0.009750000000000007,411.4130264648721,828.8260529297442,836.9000965764316,16.532111354696145,0.06048833717269401,0.06048834170515777,geom2,10
mixture,0.009250000000000006,411.41302646487213,828.8260529297443,836.9000965764317,16.532111583462278,0.0604883361973512,0.06048834086714328,geom2,10
null,,411.4130264648743,824.8260529297486,827.5174008119777,16.532113622109676,0.06048833336486525,,geom2,10
sum,,411.72940207097093,825.4588041419419,828.150152024171,25.052688561829306,0.07983175119365166,,geom2,10
mixture,0.05,502.7622110660594,1011.5244221321188,1020.2179415319715,14.86009209316334,0.03743815818838457,0.07024260008105272,geom2,11
mixture,0.4,502.85602741064326,1011.7120548212865,1020.4055742211392,14.345819978899309,0.05319695472292163,0.08789157897007958,geom2,11
mixture,0.45,502.86943425557024,1011.7388685111405,1020.4323879109932,14.315709407710333,0.054292403065702155,0.09125212378226424,geom2,11
mixture,0.5,502.8836495795053,1011.7672991590106,1020.4608185588634,14.296188865215926,0.0951025553573248,0.05531764921606079,geom2,11
mixture,0.35000000000000003,502.9348145685071,1011.8696291370142,1020.563148536867,14.435548160713259,0.10840102073310674,0.05800051897023351,geom2,11
mixture,0.3,502.9557190793932,1011.9114381587864,1020.6049575586392,14.602607040570092,0.11186873739532834,0.058720434703612615,geom2,11
mixture,0.25,502.97850519258884,1011.9570103851777,1020.6505297850304,14.825319522787101,0.114254049945873,0.05934852751221668,geom2,11
mixture,0.2,503.0028110155415,1012.005622031083,1020.6991414309357,15.080769627195561,0.11586365416605879,0.05990443998180568,geom2,11
mixture,0.15000000000000002,503.02823747975947,1012.0564749595189,1020.7499943593716,15.356238132695012,0.11680849549022468,0.06040327374187866,geom2,11
mixture,0.1,503.05442678218276,1012.1088535643655,1020.8023729642182,15.638946194427337,0.11756704180338345,0.0608586437392946,geom2,11
mixture,0.010000000000000007,503.103914763851,1012.207829527702,1020.9013489275546,16.119780287211466,0.1813365450321685,0.06162605306537109,geom2,11
mixture,0.009750000000000007,503.10401649454496,1012.2080329890899,1020.9015523889427,16.122196283965224,0.1813366996770289,0.06162705801399764,geom2,11
mixture,0.009500000000000007,503.10411822533547,1012.2082364506709,1020.9017558505236,16.124612248674133,0.18133710012206847,0.06162806234768067,geom2,11
mixture,0.009250000000000006,503.1042199560013,1012.2084399120026,1020.9019593118553,16.127028019292773,0.1813377583014495,0.06162906669669248,geom2,11
mixture,0.009000000000000006,503.10432168633156,1012.2086433726631,1020.9021627725158,16.12944378054994,0.18133868830396704,0.06163007036078199,geom2,11
mixture,0.008750000000000006,503.1044234161306,1012.2088468322612,1020.902366232114,16.131859693801342,0.18133990639389455,0.061631072729303134,geom2,11
mixture,0.008500000000000006,503.1045251451761,1012.2090502903523,1020.9025696902049,16.134275183589903,0.1813414286927508,0.06163207601697133,geom2,11
mixture,0.008250000000000006,503.10462687321603,1012.2092537464321,1020.9027731462847,16.136690678284126,0.18134327338357942,0.06163307859156767,geom2,11
mixture,0.008000000000000005,503.1047285999705,1012.209457199941,1020.9029765997936,16.139106245856475,0.18134545918196499,0.06163408020402913,geom2,11
mixture,0.007750000000000005,503.10483032521796,1012.2096606504359,1020.9031800502887,16.14152159355123,0.1813480093855071,0.061635081984626375,geom2,11
mixture,0.007500000000000005,503.1049320486246,1012.2098640972492,1020.9033834971019,16.143936725483663,0.1813509455920983,0.06163608393049904,geom2,11
mixture,0.007250000000000005,503.1050337698937,1012.2100675397874,1020.90358693964,16.14635213361614,0.1813542947848759,0.061637084169832414,geom2,11
mixture,0.0070000000000000045,503.1051354886804,1012.2102709773608,1020.9037903772135,16.14876708548737,0.18135808374463117,0.06163808552044947,geom2,11
mixture,0.006750000000000004,503.10523720464016,1012.2104744092803,1020.903993809133,16.151182123240964,0.18136234502963763,0.06163908592066955,geom2,11
mixture,0.006500000000000004,503.1053389173703,1012.2106778347406,1020.9041972345933,16.153597438332742,0.18136711252628782,0.06164008465456084,geom2,11
mixture,0.006250000000000004,503.1054406264558,1012.2108812529116,1020.9044006527643,16.156012161437033,0.1813724234327066,0.06164108506427511,geom2,11
mixture,0.006000000000000004,503.10554233145086,1012.2110846629017,1020.9046040627545,16.15842732322248,0.18137832200145904,0.061642083225367524,geom2,11
mixture,0.005750000000000003,503.1056440318405,1012.211288063681,1020.9048074635336,16.1608420590504,0.1813848533470309,0.061643082464972125,geom2,11
mixture,0.005500000000000003,503.10574572709527,1012.2114914541905,1020.9050108540432,16.163257134361526,0.18139207209310376,0.061644079877930476,geom2,11
mixture,0.005250000000000003,503.1058474166271,1012.2116948332542,1020.905214233107,16.165672075266887,0.18140003771642696,0.061645077299468436,geom2,11
mixture,0.005000000000000003,503.10594909978056,1012.2118981995611,1020.9054175994138,16.168086831356653,0.1814088174508285,0.06164607494820131,geom2,11
mixture,0.0047500000000000025,503.10605077584285,1012.2121015516857,1020.9056209515384,16.170501551662326,0.18141848877674135,0.06164707228314378,geom2,11
mixture,0.004500000000000002,503.10615244399776,1012.2123048879955,1020.9058242878482,16.17291654726499,0.18142913859581383,0.06164806814920618,geom2,11
mixture,0.004250000000000002,503.10625410339054,1012.2125082067811,1020.9060276066339,16.17533130688037,0.1814408699085112,0.061649064533282984,geom2,11
mixture,0.004000000000000002,503.1063557530092,1012.2127115060184,1020.9062309058711,16.177746074725988,0.18145379892412522,0.06165006054335753,geom2,11
mixture,0.0037500000000000016,503.10645739173304,1012.2129147834661,1020.9064341833189,16.180161305187944,0.18146806288946765,0.061651054490691776,geom2,11
mixture,0.0035000000000000014,503.1065590183177,1012.2131180366354,1020.9066374364882,16.182576289430404,0.18148382436318963,0.06165204913056688,geom2,11
mixture,0.003250000000000001,503.1066606313161,1012.2133212626322,1020.9068406624849,16.184991325274435,0.18150127571708666,0.061653043384577944,geom2,11
mixture,0.003000000000000001,503.1067622290889,1012.2135244581777,1020.9070438580304,16.18740646333919,0.18152065067820444,0.061654037125659214,geom2,11
mixture,0.0027500000000000007,503.10686380976335,1012.2137276195267,1020.9072470193794,16.189821859351138,0.18154223858780272,0.06165502983554198,geom2,11
mixture,0.0025000000000000005,503.10696537112256,1012.2139307422451,1020.9074501420978,16.192237327030846,0.1815663959092081,0.06165602231383107,geom2,11
mixture,0.0022500000000000003,503.1070669105935,1012.214133821187,1020.9076532210397,16.19465314560684,0.1815935832565505,0.06165701359986364,geom2,11
mixture,0.002,503.1071684251389,1012.2143368502778,1020.9078562501306,16.197069150914377,0.18162440990692266,0.061658004441674574,geom2,11
null,,503.1079787024869,1008.2159574049738,1011.1137972049247,16.216420314393886,0.06166589053642056,,geom2,11
sum,,504.19322530433396,1010.3864506086679,1013.2842904086189,24.69244728739357,0.08099642683133623,,geom2,11
mixture,0.45,412.5782828450744,831.1565656901488,839.4173362634679,13.396552201533932,0.07464607171922875,0.07464607220427978,geom2,12
mixture,0.5,412.5782828450744,831.1565656901488,839.4173362634679,13.396552228298162,0.07464607183687556,0.07464607183687556,geom2,12
mixture,0.2,412.5782828450744,831.1565656901488,839.4173362634679,13.396552352731083,0.07464607370383669,0.07464607050345443,geom2,12
mixture,0.3,412.5782828450744,831.1565656901488,839.4173362634679,13.396552253052818,0.07464606972100857,0.07464607254662739,geom2,12
mixture,0.4,412.57828284507445,831.1565656901489,839.417336263468,13.39655238684501,0.07464607055903234,0.07464607121638982,geom2,12
mixture,0.15000000000000002,412.57828284507445,831.1565656901489,839.417336263468,13.396552121804312,0.07464607477507042,0.07464607201647364,geom2,12
mixture,0.25,412.5782828450745,831.156565690149,839.4173362634681,13.39655223960323,0.07464607378172688,0.07464607110460215,geom2,12
mixture,0.35000000000000003,412.5782828450745,831.156565690149,839.4173362634681,13.396552429225851,0.0746460718479813,0.07464607010847046,geom2,12
mixture,0.1,412.5782828450747,831.1565656901494,839.4173362634684,13.396552672528355,0.0746460582426968,0.0746460705970439,geom2,12
mixture,0.007750000000000005,412.57828284507474,831.1565656901495,839.4173362634685,13.396550512959989,0.07464607710454041,0.07464608142831214,geom2,12
mixture,0.007250000000000005,412.5782828450749,831.1565656901498,839.4173362634689,13.3965503525924,0.07464607946211936,0.07464608230901715,geom2,12
mixture,0.006250000000000004,412.57828284507497,831.1565656901499,839.417336263469,13.396550331242482,0.07464608162443964,0.07464608241226359,geom2,12
mixture,0.004250000000000002,412.578282845075,831.15656569015,839.4173362634691,13.396550314429591,0.07464608059820793,0.07464608250914322,geom2,12
mixture,0.0047500000000000025,412.578282845075,831.15656569015,839.4173362634691,13.396550277305543,0.07464607839328877,0.07464608272847044,geom2,12
mixture,0.004000000000000002,412.578282845075,831.15656569015,839.4173362634691,13.396550282078003,0.07464608117448568,0.07464608268733741,geom2,12
mixture,0.003000000000000001,412.578282845075,831.15656569015,839.4173362634691,13.396550327462638,0.07464607954672633,0.07464608243707216,geom2,12
mixture,0.006000000000000004,412.5782828450751,831.1565656901502,839.4173362634692,13.396550203190824,0.07464608237190354,0.07464608312536913,geom2,12
mixture,0.008250000000000006,412.5782828450751,831.1565656901502,839.4173362634692,13.396550357671337,0.07464607791728185,0.0746460822962032,geom2,12
mixture,0.009000000000000006,412.5782828450751,831.1565656901502,839.4173362634692,13.396550185259825,0.07464608293121935,0.07464608322339009,geom2,12
mixture,0.008500000000000006,412.5782828450751,831.1565656901502,839.4173362634692,13.396550247524505,0.07464608076034927,0.0746460828919379,geom2,12
mixture,0.010000000000000007,412.5782828450751,831.1565656901502,839.4173362634692,13.396550303513473,0.07464607966406848,0.07464608259111725,geom2,12
mixture,0.003250000000000001,412.5782828450751,831.1565656901502,839.4173362634692,13.396550279509839,0.0746460789061524,0.07464608270795177,geom2,12
mixture,0.006500000000000004,412.57828284507514,831.1565656901503,839.4173362634693,13.396550308065049,0.07464608323761292,0.07464608253189807,geom2,12
mixture,0.005750000000000003,412.57828284507514,831.1565656901503,839.4173362634693,13.396550299778719,0.0746460794421989,0.07464608260081902,geom2,12
mixture,0.005500000000000003,412.57828284507514,831.1565656901503,839.4173362634693,13.396550195639305,0.07464608215071858,0.07464608316852363,geom2,12
mixture,0.009500000000000007,412.57828284507514,831.1565656901503,839.4173362634693,13.39655020383166,0.0746460826754576,0.07464608312151513,geom2,12
mixture,0.0022500000000000003,412.5782828450752,831.1565656901504,839.4173362634695,13.396550213346794,0.07464608122022236,0.07464608306841733,geom2,12
mixture,0.008000000000000005,412.5782828450752,831.1565656901504,839.4173362634695,13.396550215545423,0.07464608238477696,0.07464608305738894,geom2,12
mixture,0.004500000000000002,412.5782828450752,831.1565656901504,839.4173362634695,13.396550140481335,0.07464608072801289,0.07464608348266392,geom2,12
mixture,0.0027500000000000007,412.5782828450752,831.1565656901504,839.4173362634695,13.396550135936609,0.07464608137722582,0.07464608350143294,geom2,12
mixture,0.0070000000000000045,412.5782828450752,831.1565656901504,839.4173362634695,13.396550254818044,0.07464607953748574,0.07464608285641201,geom2,12
mixture,0.0025000000000000005,412.57828284507525,831.1565656901505,839.4173362634696,13.396550191294699,0.07464607848472991,0.07464608319891948,geom2,12
mixture,0.008750000000000006,412.57828284507525,831.1565656901505,839.4173362634696,13.396550144379756,0.07464608120632943,0.07464608346833841,geom2,12
mixture,0.0035000000000000014,412.57828284507525,831.1565656901505,839.4173362634696,13.396550168389538,0.074646083959419,0.0746460833124982,geom2,12
mixture,0.009750000000000007,412.57828284507525,831.1565656901505,839.4173362634696,13.396550069288006,0.07464608027803471,0.07464608390229645,geom2,12
mixture,0.05,412.5782828450753,831.1565656901506,839.4173362634697,13.396550121366063,0.07464608237800796,0.07464608363987221,geom2,12
mixture,0.005000000000000003,412.5782828450753,831.1565656901506,839.4173362634697,13.396550184224672,0.07464608324043977,0.07464608322645855,geom2,12
mixture,0.002,412.5782828450753,831.1565656901506,839.4173362634697,13.39655008195196,0.07464608362762376,0.0746460837967341,geom2,12
mixture,0.007500000000000005,412.5782828450753,831.1565656901506,839.4173362634697,13.396550174980968,0.0746460803562582,0.07464608330011364,geom2,12
mixture,0.009250000000000006,412.57828284507536,831.1565656901507,839.4173362634698,13.39655004921188,0.07464607902084791,0.0746460840251143,geom2,12
mixture,0.005250000000000003,412.57828284507536,831.1565656901507,839.4173362634698,13.396550104195565,0.07464608319078705,0.07464608367499576,geom2,12
mixture,0.0037500000000000016,412.5782828450754,831.1565656901508,839.4173362634699,13.396550024420174,0.07464608093367917,0.07464608412894742,geom2,12
mixture,0.006750000000000004,412.5782828450755,831.156565690151,839.41733626347,13.396549935163634,0.07464608282525483,0.07464608462646415,geom2,12
null,,412.57828284507434,827.1565656901487,829.910155881255,13.396551510405939,0.07464607583699712,,geom2,12
sum,,411.4881358277868,824.9762716555736,827.7298618466799,20.14618159888702,0.09927439550681359,,geom2,12
mixture,0.0037500000000000016,476.08677494272575,958.1735498854515,966.7761532368182,14.830769087517817,0.0674273838516387,0.06742738655353403,geom2,13
mixture,0.002,476.0867749427258,958.1735498854516,966.7761532368183,14.830768990550801,0.06742738503015987,0.06742738698817388,geom2,13
mixture,0.003250000000000001,476.0867749427258,958.1735498854516,966.7761532368183,14.830768943140107,0.06742738543990574,0.06742738720554665,geom2,13
mixture,0.0022500000000000003,476.0867749427258,958.1735498854516,966.7761532368183,14.830769025911458,0.06742738725536615,0.06742738682251839,geom2,13
mixture,0.005000000000000003,476.0867749427258,958.1735498854516,966.7761532368183,14.830768884841287,0.06742738641999924,0.0674273874701117,geom2,13
mixture,0.005750000000000003,476.0867749427258,958.1735498854516,966.7761532368183,14.830768879293117,0.06742738516831756,0.067427387503513,geom2,13
mixture,0.004250000000000002,476.0867749427258,958.1735498854516,966.7761532368183,14.830768852618228,0.06742738499480345,0.06742738762252959,geom2,13
mixture,0.004000000000000002,476.0867749427258,958.1735498854516,966.7761532368183,14.830768867131857,0.06742738525791522,0.06742738755456282,geom2,13
mixture,0.0070000000000000045,476.0867749427258,958.1735498854516,966.7761532368183,14.830769017868421,0.06742738430282942,0.06742738687808639,geom2,13
mixture,0.007500000000000005,476.0867749427258,958.1735498854516,966.7761532368183,14.830769049766536,0.067427383113062,0.06742738674225528,geom2,13
mixture,0.009750000000000007,476.0867749427258,958.1735498854516,966.7761532368183,14.830769044701935,0.06742738403001217,0.06742738676472575,geom2,13
mixture,0.009250000000000006,476.0867749427258,958.1735498854516,966.7761532368183,14.830769042357396,0.06742738408841523,0.06742738677355921,geom2,13
mixture,0.007750000000000005,476.0867749427258,958.1735498854516,966.7761532368183,14.830768869640076,0.0674273843046893,0.06742738755919514,geom2,13
mixture,0.006250000000000004,476.0867749427258,958.1735498854516,966.7761532368183,14.830768970980019,0.06742738289344455,0.06742738709952348,geom2,13
mixture,0.0027500000000000007,476.08677494272587,958.1735498854517,966.7761532368185,14.830768997246317,0.06742738504147147,0.06742738695909045,geom2,13
mixture,0.008500000000000006,476.08677494272587,958.1735498854517,966.7761532368185,14.830768850470465,0.06742738562756145,0.06742738763821703,geom2,13
mixture,0.009500000000000007,476.0867749427259,958.1735498854518,966.7761532368186,14.830768888472873,0.06742738535880256,0.0674273874683914,geom2,13
mixture,0.008750000000000006,476.0867749427259,958.1735498854518,966.7761532368186,14.830768889861947,0.06742738309054251,0.0674273874804466,geom2,13
mixture,0.004500000000000002,476.0867749427259,958.1735498854518,966.7761532368186,14.83076898010371,0.06742738715531035,0.06742738703119655,geom2,13
mixture,0.005250000000000003,476.0867749427259,958.1735498854518,966.7761532368186,14.830769043234133,0.06742738504058562,0.0674273867537296,geom2,13
mixture,0.0035000000000000014,476.0867749427259,958.1735498854518,966.7761532368186,14.830768917414945,0.06742738663096944,0.06742738731917527,geom2,13
mixture,0.0025000000000000005,476.0867749427259,958.1735498854518,966.7761532368186,14.83076902747032,0.06742738562497107,0.06742738681939106,geom2,13
mixture,0.0047500000000000025,476.0867749427259,958.1735498854518,966.7761532368186,14.830768829578565,0.06742738572625957,0.06742738772560739,geom2,13
mixture,0.006000000000000004,476.0867749427259,958.1735498854518,966.7761532368186,14.830768739992756,0.06742738803689587,0.06742738812393033,geom2,13
mixture,0.006500000000000004,476.0867749427259,958.1735498854518,966.7761532368186,14.830768865824846,0.06742738463754833,0.06742738757038191,geom2,13
mixture,0.008250000000000006,476.0867749427259,958.1735498854518,966.7761532368186,14.83076900865662,0.06742738460514995,0.06742738692104676,geom2,13
mixture,0.5,476.0867749427259,958.1735498854518,966.7761532368186,14.830769806207966,0.06742738327591148,0.06742738327591148,geom2,13
mixture,0.010000000000000007,476.0867749427259,958.1735498854518,966.7761532368186,14.83076892452184,0.06742738315914552,0.06742738732612519,geom2,13
mixture,0.05,476.086774942726,958.173549885452,966.7761532368187,14.830770084403996,0.06742737090287923,0.06742738259575025,geom2,13
mixture,0.3,476.086774942726,958.173549885452,966.7761532368187,14.830769824261424,0.06742738650952393,0.06742738177282169,geom2,13
mixture,0.008000000000000005,476.086774942726,958.173549885452,966.7761532368187,14.830768888268823,0.06742738617303748,0.06742738745957028,geom2,13
mixture,0.007250000000000005,476.086774942726,958.173549885452,966.7761532368187,14.830769004866772,0.06742738527937624,0.0674273869311463,geom2,13
mixture,0.45,476.086774942726,958.173549885452,966.7761532368187,14.830769790993783,0.06742737769917363,0.06742738796446236,geom2,13
mixture,0.006750000000000004,476.08677494272604,958.1735498854521,966.7761532368188,14.83076899697581,0.06742738396518054,0.0674273869753656,geom2,13
mixture,0.003000000000000001,476.08677494272604,958.1735498854521,966.7761532368188,14.830768797858072,0.06742738510166511,0.06742738786862709,geom2,13
mixture,0.005500000000000003,476.08677494272604,958.1735498854521,966.7761532368188,14.830768765455002,0.06742738694580712,0.06742738801351764,geom2,13
mixture,0.009000000000000006,476.08677494272604,958.1735498854521,966.7761532368188,14.83076906486117,0.06742738388657658,0.06742738667147335,geom2,13
mixture,0.4,476.08677494272604,958.1735498854521,966.7761532368188,14.830769797513565,0.06742737085783097,0.0674273916205155,geom2,13
mixture,0.35000000000000003,476.08677494272604,958.1735498854521,966.7761532368188,14.830769950296297,0.06742738605977829,0.0674273807690746,geom2,13
mixture,0.25,476.08677494272604,958.1735498854521,966.7761532368188,14.830769831377257,0.06742738669266997,0.06742738198441743,geom2,13
mixture,0.1,476.0867749427261,958.1735498854522,966.7761532368189,14.830770083423939,0.06742736165366538,0.06742738427799615,geom2,13
mixture,0.2,476.0867749427261,958.1735498854522,966.7761532368189,14.830769845516716,0.06742735632804586,0.06742738978948704,geom2,13
mixture,0.15000000000000002,476.08677494272615,958.1735498854523,966.776153236819,14.830770073964693,0.06742735777365698,0.0674273863441428,geom2,13
null,,476.08677494272615,954.1735498854523,957.0410843359078,14.830770251001038,0.06742738125368118,,geom2,13
sum,,476.19255259035015,954.3851051807003,957.2526396311558,22.462094864595404,0.08903889027520696,,geom2,13
mixture,0.5,493.76377975122494,993.5275595024499,1002.3093205579215,13.673913464587388,0.07313195323268598,0.07313195323268598,geom2,14
mixture,0.3,493.763779751225,993.52755950245,1002.3093205579216,13.673913499298887,0.07313195561376955,0.07313195194701178,geom2,14
mixture,0.35000000000000003,493.763779751225,993.52755950245,1002.3093205579216,13.673913481120607,0.07313195536867001,0.07313195194650336,geom2,14
mixture,0.25,493.763779751225,993.52755950245,1002.3093205579216,13.673913547120703,0.07313195541601257,0.07313195191636183,geom2,14
mixture,0.2,493.763779751225,993.52755950245,1002.3093205579216,13.673913561617553,0.07313195515066236,0.073131952104511,geom2,14
mixture,0.1,493.76377975122506,993.5275595024501,1002.3093205579218,13.673913720315792,0.07313195623552311,0.07313195137936217,geom2,14
mixture,0.15000000000000002,493.7637797512251,993.5275595024502,1002.3093205579219,13.673913746562055,0.07313193732839154,0.07313195426511479,geom2,14
mixture,0.45,493.7637797512251,993.5275595024502,1002.3093205579219,13.67391359696218,0.07313194903952386,0.0731319553762229,geom2,14
mixture,0.0025000000000000005,493.7637797512252,993.5275595024503,1002.309320557922,13.673913881647843,0.07313195324819614,0.07313195099649965,geom2,14
mixture,0.009000000000000006,493.7637797512252,993.5275595024503,1002.309320557922,13.673913844232258,0.0731319518934332,0.07313195119596073,geom2,14
mixture,0.4,493.7637797512252,993.5275595024503,1002.309320557922,13.673913544862572,0.07313194562118638,0.07313195759146256,geom2,14
mixture,0.0035000000000000014,493.76377975122523,993.5275595024505,1002.3093205579221,13.673913914862394,0.07313195109443223,0.07313195082353997,geom2,14
mixture,0.005250000000000003,493.76377975122523,993.5275595024505,1002.3093205579221,13.673913893026743,0.07313195129231441,0.07313195093941861,geom2,14
mixture,0.005500000000000003,493.76377975122523,993.5275595024505,1002.3093205579221,13.673913792812519,0.07313195231345207,0.07313195147262071,geom2,14
mixture,0.004250000000000002,493.76377975122523,993.5275595024505,1002.3093205579221,13.673913814004209,0.07313194988484673,0.07313195137021897,geom2,14
mixture,0.0022500000000000003,493.76377975122523,993.5275595024505,1002.3093205579221,13.673913937351196,0.07313194981091271,0.07313195070622608,geom2,14
mixture,0.009250000000000006,493.76377975122523,993.5275595024505,1002.3093205579221,13.673913861246549,0.07313195179165793,0.07313195110488814,geom2,14
mixture,0.008250000000000006,493.76377975122523,993.5275595024505,1002.3093205579221,13.673913861515354,0.07313194981369962,0.07313195112058492,geom2,14
mixture,0.0070000000000000045,493.76377975122523,993.5275595024505,1002.3093205579221,13.673913874113392,0.0731319497537577,0.07313195105150952,geom2,14
mixture,0.009750000000000007,493.76377975122523,993.5275595024505,1002.3093205579221,13.673913850720568,0.07313195293893919,0.07313195115009545,geom2,14
mixture,0.003000000000000001,493.76377975122523,993.5275595024505,1002.3093205579221,13.673913915662961,0.0731319506087141,0.07313195082084281,geom2,14
mixture,0.005000000000000003,493.7637797512253,993.5275595024506,1002.3093205579222,13.673914017528826,0.07313195160785546,0.07313195026870327,geom2,14
mixture,0.006000000000000004,493.7637797512253,993.5275595024506,1002.3093205579222,13.673913983308225,0.07313195154402623,0.07313195045186752,geom2,14
mixture,0.006750000000000004,493.7637797512253,993.5275595024506,1002.3093205579222,13.673914018850073,0.07313195189416082,0.07313195025728371,geom2,14
mixture,0.0027500000000000007,493.7637797512253,993.5275595024506,1002.3093205579222,13.673913820143037,0.07313195130748726,0.07313195133113899,geom2,14
mixture,0.009500000000000007,493.76377975122534,993.5275595024507,1002.3093205579223,13.673913881624344,0.07313195372218684,0.07313195097616738,geom2,14
mixture,0.004500000000000002,493.76377975122534,993.5275595024507,1002.3093205579223,13.673914052731282,0.07313195140233687,0.07313195008118117,geom2,14
mixture,0.007750000000000005,493.76377975122534,993.5275595024507,1002.3093205579223,13.673913888224764,0.07313195151506471,0.07313195096267261,geom2,14
mixture,0.0047500000000000025,493.76377975122534,993.5275595024507,1002.3093205579223,13.673914034534398,0.07313194998254449,0.07313195018541206,geom2,14
mixture,0.003250000000000001,493.76377975122534,993.5275595024507,1002.3093205579223,13.673913920685157,0.07313195162643281,0.07313195079062995,geom2,14
mixture,0.010000000000000007,493.76377975122534,993.5275595024507,1002.3093205579223,13.67391385990637,0.07313195180426334,0.07313195111148059,geom2,14
mixture,0.007250000000000005,493.76377975122534,993.5275595024507,1002.3093205579223,13.673913886324113,0.07313195031750368,0.073131950981936,geom2,14
mixture,0.05,493.76377975122534,993.5275595024507,1002.3093205579223,13.673914013555498,0.07313195250435747,0.07313195018045436,geom2,14
mixture,0.006250000000000004,493.7637797512254,993.5275595024508,1002.3093205579224,13.673914115336853,0.07313194980260564,0.07313194975197769,geom2,14
mixture,0.0037500000000000016,493.76377975122546,993.5275595024509,1002.3093205579225,13.673914007159341,0.07313195119283133,0.0731319503276134,geom2,14
mixture,0.008500000000000006,493.76377975122546,993.5275595024509,1002.3093205579225,13.67391404566518,0.07313194985694592,0.07313195012721517,geom2,14
mixture,0.006500000000000004,493.76377975122546,993.5275595024509,1002.3093205579225,13.673914053480935,0.07313195070024292,0.07313195007907945,geom2,14
mixture,0.002,493.76377975122546,993.5275595024509,1002.3093205579225,13.673914137320658,0.07313194817013526,0.07313194963765357,geom2,14
mixture,0.005750000000000003,493.76377975122546,993.5275595024509,1002.3093205579225,13.673914123995566,0.07313194912443917,0.07313194970934811,geom2,14
mixture,0.008000000000000005,493.76377975122546,993.5275595024509,1002.3093205579225,13.673914058157912,0.07313195131539607,0.07313195004796376,geom2,14
mixture,0.008750000000000006,493.76377975122546,993.5275595024509,1002.3093205579225,13.673914056028222,0.07313194842031007,0.07313195008405114,geom2,14
mixture,0.004000000000000002,493.7637797512255,993.527559502451,1002.3093205579227,13.673914035040092,0.07313195068650478,0.0731319501797167,geom2,14
mixture,0.007500000000000005,493.76377975122557,993.5275595024511,1002.3093205579228,13.673914141778095,0.07313194871976139,0.07313194961761278,geom2,14
null,,493.7637797512258,989.5275595024516,992.4548131876088,13.673911647347158,0.07313196295180155,,geom2,14
sum,,493.6743655822552,989.3487311645104,992.2759848496676,20.706147546347605,0.09658967200553845,,geom2,14
mixture,0.2,503.37780019421336,1012.7556003884267,1021.5805276562546,13.907143520173735,0.07190549434714982,0.07190549167093045,geom2,15
mixture,0.4,503.37780019421336,1012.7556003884267,1021.5805276562546,13.907143511206044,0.07190549152619566,0.07190549273677098,geom2,15
mixture,0.35000000000000003,503.37780019421336,1012.7556003884267,1021.5805276562546,13.907143424346211,0.07190549366919427,0.07190549218065066,geom2,15
mixture,0.1,503.3778001942134,1012.7556003884268,1021.5805276562547,13.907143618502664,0.07190549322093516,0.07190549152853436,geom2,15
mixture,0.45,503.3778001942134,1012.7556003884268,1021.5805276562547,13.907143362757772,0.07190549263797363,0.07190549333270845,geom2,15
mixture,0.009750000000000007,503.3778001942135,1012.755600388427,1021.5805276562548,13.907143673527452,0.07190549132230639,0.07190549141416995,geom2,15
mixture,0.5,503.3778001942135,1012.755600388427,1021.5805276562548,13.907143526127424,0.07190549217539136,0.07190549217539136,geom2,15
mixture,0.006000000000000004,503.3778001942135,1012.755600388427,1021.5805276562548,13.907143783312852,0.07190549009614805,0.07190549085016398,geom2,15
mixture,0.15000000000000002,503.3778001942135,1012.755600388427,1021.5805276562548,13.907143511066334,0.07190549530521952,0.07190549171468272,geom2,15
mixture,0.25,503.3778001942135,1012.755600388427,1021.5805276562548,13.907143530700498,0.07190549587127537,0.07190549091190394,geom2,15
mixture,0.0027500000000000007,503.37780019421353,1012.7556003884271,1021.580527656255,13.907143663598326,0.07190549026225071,0.07190549146792745,geom2,15
mixture,0.009000000000000006,503.37780019421353,1012.7556003884271,1021.580527656255,13.907143712563288,0.07190549137823493,0.07190549120992866,geom2,15
mixture,0.3,503.37780019421353,1012.7556003884271,1021.580527656255,13.907143563682599,0.07190548931970943,0.07190549312186185,geom2,15
mixture,0.0035000000000000014,503.3778001942136,1012.7556003884272,1021.5805276562551,13.907143799656632,0.07190548976683243,0.07190549076462831,geom2,15
mixture,0.0025000000000000005,503.3778001942136,1012.7556003884272,1021.5805276562551,13.90714379411956,0.07190549222994837,0.07190549078615541,geom2,15
mixture,0.0022500000000000003,503.3778001942136,1012.7556003884272,1021.5805276562551,13.907143764128206,0.07190549136358115,0.07190549094388787,geom2,15
mixture,0.005000000000000003,503.3778001942136,1012.7556003884272,1021.5805276562551,13.907143799330953,0.07190548724851406,0.07190549078047974,geom2,15
mixture,0.006500000000000004,503.3778001942136,1012.7556003884272,1021.5805276562551,13.90714372407202,0.07190549237682112,0.07190549114392485,geom2,15
mixture,0.008000000000000005,503.3778001942136,1012.7556003884272,1021.5805276562551,13.90714369827385,0.0719054934547747,0.07190549126782995,geom2,15
mixture,0.009500000000000007,503.3778001942136,1012.7556003884272,1021.5805276562551,13.907143703736585,0.0719054908317163,0.07190549126116072,geom2,15
mixture,0.006250000000000004,503.3778001942136,1012.7556003884272,1021.5805276562551,13.90714375289649,0.07190549062808603,0.07190549100526199,geom2,15
mixture,0.005250000000000003,503.3778001942136,1012.7556003884272,1021.5805276562551,13.907143713643965,0.07190549063571658,0.07190549120886491,geom2,15
mixture,0.005500000000000003,503.3778001942136,1012.7556003884272,1021.5805276562551,13.907143837447741,0.0719054903201323,0.0719054905670992,geom2,15
mixture,0.003250000000000001,503.3778001942136,1012.7556003884272,1021.5805276562551,13.907143801085942,0.07190548875333035,0.07190549076026846,geom2,15
mixture,0.004250000000000002,503.3778001942136,1012.7556003884272,1021.5805276562551,13.907143827668603,0.07190549116166843,0.07190549061397523,geom2,15
mixture,0.009250000000000006,503.3778001942137,1012.7556003884274,1021.5805276562553,13.907143778282101,0.07190549281042674,0.07190549085354977,geom2,15
mixture,0.004500000000000002,503.3778001942137,1012.7556003884274,1021.5805276562553,13.907143894558732,0.07190549123843588,0.07190549026607863,geom2,15
mixture,0.005750000000000003,503.3778001942137,1012.7556003884274,1021.5805276562553,13.907143922595365,0.07190549169753507,0.07190549011640213,geom2,15
mixture,0.0037500000000000016,503.3778001942137,1012.7556003884274,1021.5805276562553,13.907143839519517,0.07190549026661386,0.0719054905561146,geom2,15
mixture,0.003000000000000001,503.3778001942137,1012.7556003884274,1021.5805276562553,13.907143889310113,0.07190548950869317,0.07190549029996551,geom2,15
mixture,0.0047500000000000025,503.3778001942137,1012.7556003884274,1021.5805276562553,13.907143841183478,0.071905490949798,0.07190549054450046,geom2,15
mixture,0.004000000000000002,503.3778001942137,1012.7556003884274,1021.5805276562553,13.907143713473303,0.0719054912272612,0.07190549120665585,geom2,15
mixture,0.0070000000000000045,503.3778001942137,1012.7556003884274,1021.5805276562553,13.907143751880147,0.07190549152190473,0.07190549100453797,geom2,15
mixture,0.010000000000000007,503.3778001942137,1012.7556003884274,1021.5805276562553,13.90714393301799,0.07190548949371721,0.07190549007744176,geom2,15
mixture,0.05,503.3778001942137,1012.7556003884274,1021.5805276562553,13.907143932455387,0.07190549000132229,0.07190549007836555,geom2,15
mixture,0.007250000000000005,503.3778001942137,1012.7556003884274,1021.5805276562553,13.90714377485471,0.07190549135448675,0.07190549088597516,geom2,15
mixture,0.007500000000000005,503.3778001942137,1012.7556003884274,1021.5805276562553,13.907143840220252,0.07190549147255967,0.07190549054444503,geom2,15
mixture,0.002,503.37780019421376,1012.7556003884275,1021.5805276562554,13.907141796441095,0.07190550140754134,0.0719055011179832,geom2,15
mixture,0.008750000000000006,503.37780019421376,1012.7556003884275,1021.5805276562554,13.90714157307358,0.07190550184538316,0.07190550227724073,geom2,15
mixture,0.007750000000000005,503.3778001942138,1012.7556003884276,1021.5805276562555,13.907143797190937,0.0719054907327413,0.071905490774206,geom2,15
mixture,0.008250000000000006,503.3778001942138,1012.7556003884276,1021.5805276562555,13.90714390293474,0.07190549110340579,0.07190549021985766,geom2,15
mixture,0.008500000000000006,503.3778001942138,1012.7556003884276,1021.5805276562555,13.907143967052884,0.07190549036752183,0.07190548989158506,geom2,15
mixture,0.006750000000000004,503.3778001942138,1012.7556003884276,1021.5805276562555,13.90714171996246,0.07190549794972363,0.07190550153820982,geom2,15
null,,503.37780019421643,1008.7556003884329,1011.6972428110422,13.907140043106386,0.07190551018400716,,geom2,15
sum,,502.03329557001535,1006.0665911400307,1009.00823356264,20.89200238500151,0.09573041220002021,,geom2,15
mixture,0.003250000000000001,430.4135721232136,866.8271442464272,875.2879889432423,12.3387101829297,0.08104574664238624,0.08104574831903501,geom2,16
mixture,0.003000000000000001,430.4135721232136,866.8271442464272,875.2879889432423,12.338710193513714,0.08104574962820875,0.0810457482399008,geom2,16
mixture,0.005500000000000003,430.4135721232136,866.8271442464272,875.2879889432423,12.33871011805071,0.08104574619727527,0.08104574875379882,geom2,16
mixture,0.005250000000000003,430.4135721232136,866.8271442464272,875.2879889432423,12.338710124495664,0.0810457455426229,0.08104574871405483,geom2,16
mixture,0.005000000000000003,430.4135721232136,866.8271442464272,875.2879889432423,12.338710143351816,0.08104574715822604,0.08104574858066199,geom2,16
mixture,0.009000000000000006,430.4135721232136,866.8271442464272,875.2879889432423,12.338710140633168,0.08104575031276476,0.0810457485757741,geom2,16
mixture,0.009500000000000007,430.4135721232136,866.8271442464272,875.2879889432423,12.33871007775677,0.08104575053534585,0.08104574898972175,geom2,16
mixture,0.010000000000000007,430.4135721232136,866.8271442464272,875.2879889432423,12.338710075126942,0.08104574997522199,0.08104574901204724,geom2,16
mixture,0.45,430.4135721232136,866.8271442464272,875.2879889432423,12.338709742590726,0.08104575202672183,0.08104575053434468,geom2,16
mixture,0.007750000000000005,430.41357212321367,866.8271442464273,875.2879889432425,12.33871016042453,0.08104574894188242,0.08104574845765641,geom2,16
mixture,0.007250000000000005,430.41357212321367,866.8271442464273,875.2879889432425,12.33871019217833,0.08104574793217711,0.08104574825517885,geom2,16
mixture,0.009750000000000007,430.41357212321367,866.8271442464273,875.2879889432425,12.338710109508972,0.08104574861618308,0.08104574879761253,geom2,16
mixture,0.006500000000000004,430.41357212321367,866.8271442464273,875.2879889432425,12.338710218946607,0.08104575023548173,0.08104574806289012,geom2,16
mixture,0.006250000000000004,430.41357212321367,866.8271442464273,875.2879889432425,12.338709971387264,0.08104575016086599,0.08104574970020496,geom2,16
mixture,0.008500000000000006,430.41357212321367,866.8271442464273,875.2879889432425,12.338710095588365,0.08104574837989412,0.08104574889162966,geom2,16
mixture,0.005750000000000003,430.41357212321367,866.8271442464273,875.2879889432425,12.338710086956608,0.08104574980300548,0.08104574893900886,geom2,16
mixture,0.05,430.41357212321367,866.8271442464273,875.2879889432425,12.33871012548483,0.08104575350979781,0.08104574843728177,geom2,16
mixture,0.15000000000000002,430.41357212321367,866.8271442464273,875.2879889432425,12.338709949962945,0.0810457516665273,0.08104574952215152,geom2,16
mixture,0.35000000000000003,430.41357212321367,866.8271442464273,875.2879889432425,12.338710029067759,0.08104574851839166,0.08104574975811948,geom2,16
mixture,0.009250000000000006,430.4135721232137,866.8271442464275,875.2879889432426,12.338710099768894,0.08104574997898435,0.08104574884937153,geom2,16
mixture,0.008250000000000006,430.4135721232137,866.8271442464275,875.2879889432426,12.338710090906039,0.08104574660411343,0.08104574893728402,geom2,16
mixture,0.008750000000000006,430.4135721232137,866.8271442464275,875.2879889432426,12.338710254253506,0.08104574845869053,0.08104574783968538,geom2,16
mixture,0.004500000000000002,430.4135721232137,866.8271442464275,875.2879889432426,12.338710120576769,0.08104574616611884,0.08104574873470437,geom2,16
mixture,0.0022500000000000003,430.4135721232137,866.8271442464275,875.2879889432426,12.338710177142955,0.08104574793540309,0.08104574835253418,geom2,16
mixture,0.004250000000000002,430.4135721232137,866.8271442464275,875.2879889432426,12.338710279648799,0.08104574737970387,0.08104574767956933,geom2,16
mixture,0.0035000000000000014,430.4135721232137,866.8271442464275,875.2879889432426,12.338710137487514,0.08104574906593294,0.08104574861047487,geom2,16
mixture,0.002,430.4135721232137,866.8271442464275,875.2879889432426,12.338710199651585,0.08104574803249581,0.08104574820409285,geom2,16
mixture,0.006750000000000004,430.4135721232137,866.8271442464275,875.2879889432426,12.338710094385213,0.08104574823079029,0.08104574889969782,geom2,16
mixture,0.006000000000000004,430.4135721232138,866.8271442464276,875.2879889432427,12.338710235987225,0.08104574863303594,0.08104574796105024,geom2,16
mixture,0.008000000000000005,430.4135721232138,866.8271442464276,875.2879889432427,12.338710193147204,0.08104574827173222,0.08104574824626942,geom2,16
mixture,0.004000000000000002,430.4135721232138,866.8271442464276,875.2879889432427,12.338710210686347,0.08104575057611155,0.08104574812145013,geom2,16
mixture,0.0025000000000000005,430.4135721232138,866.8271442464276,875.2879889432427,12.33871017947861,0.08104574799626485,0.0810457483371062,geom2,16
mixture,0.5,430.4135721232138,866.8271442464276,875.2879889432427,12.338710153879918,0.08104574850439689,0.08104574850439689,geom2,16
mixture,0.4,430.4135721232138,866.8271442464276,875.2879889432427,12.338710319852972,0.08104574697159081,0.08104574770930159,geom2,16
mixture,0.3,430.4135721232138,866.8271442464276,875.2879889432427,12.338710271078105,0.08104574554798075,0.08104574867170936,geom2,16
mixture,0.2,430.4135721232138,866.8271442464276,875.2879889432427,12.338710239943506,0.08104574315884905,0.08104574913415742,geom2,16
mixture,0.0047500000000000025,430.4135721232138,866.8271442464276,875.2879889432427,12.33871023576445,0.0810457469460724,0.08104574797141581,geom2,16
mixture,0.1,430.4135721232138,866.8271442464276,875.2879889432427,12.338710023962113,0.08104575298102479,0.08104574895516475,geom2,16
mixture,0.0027500000000000007,430.41357212321384,866.8271442464277,875.2879889432428,12.338710214579017,0.08104574698800551,0.08104574810878225,geom2,16
mixture,0.007500000000000005,430.41357212321384,866.8271442464277,875.2879889432428,12.338710091787975,0.08104574963639431,0.08104574890677026,geom2,16
mixture,0.25,430.41357212321384,866.8271442464277,875.2879889432428,12.338710245350748,0.08104574387910436,0.08104574924507019,geom2,16
mixture,0.0070000000000000045,430.4135721232139,866.8271442464278,875.2879889432429,12.33871030342837,0.08104574583173987,0.08104574753401679,geom2,16
mixture,0.0037500000000000016,430.41357212321395,866.8271442464279,875.287988943243,12.338710253652714,0.08104575021174669,0.08104574784015445,geom2,16
null,,430.41357212321395,862.8271442464279,865.6474258120329,12.338710347606515,0.08104574723192054,,geom2,16
sum,,428.72309463093643,859.4461892618729,862.2664708274779,18.48297985194763,0.1082076600212953,,geom2,16
mixture,0.5,534.90663933477,1075.81327866954,1084.884920232079,12.921052912060981,0.07739307367641561,0.07739307367641561,geom2,17
mixture,0.4,534.9066393347701,1075.8132786695403,1084.8849202320791,12.921052924461765,0.07739307501155081,0.0773930726625308,geom2,17
mixture,0.45,534.9066393347701,1075.8132786695403,1084.8849202320791,12.921053018241604,0.07739306931981989,0.07739307608456004,geom2,17
mixture,0.15000000000000002,534.9066393347703,1075.8132786695405,1084.8849202320794,12.921053121443213,0.07739306041577765,0.07739307454107659,geom2,17
mixture,0.35000000000000003,534.9066393347703,1075.8132786695405,1084.8849202320794,12.9210529851809,0.07739306417992936,0.07739307811611602,geom2,17
mixture,0.2,534.9066393347703,1075.8132786695405,1084.8849202320794,12.921053194080935,0.07739307556322894,0.07739307109319801,geom2,17
mixture,0.3,534.9066393347703,1075.8132786695405,1084.8849202320794,12.921053098486222,0.07739306122246549,0.07739307741863956,geom2,17
mixture,0.25,534.9066393347704,1075.8132786695408,1084.8849202320796,12.921053292593264,0.07739307364662362,0.07739307064732028,geom2,17
mixture,0.0025000000000000005,534.9066393347707,1075.8132786695414,1084.8849202320803,12.921051525037944,0.07739308032857291,0.07739308198840111,geom2,17
mixture,0.005750000000000003,534.9066393347707,1075.8132786695414,1084.8849202320803,12.921051487562243,0.07739308090336518,0.07739308221626853,geom2,17
mixture,0.004250000000000002,534.9066393347707,1075.8132786695414,1084.8849202320803,12.921051435697812,0.07739308348812272,0.0773930825152364,geom2,17
mixture,0.004000000000000002,534.9066393347707,1075.8132786695414,1084.8849202320803,12.921051452893796,0.0773930850047557,0.07739308240597745,geom2,17
mixture,0.009000000000000006,534.9066393347707,1075.8132786695414,1084.8849202320803,12.921051474899143,0.07739308162215718,0.07739308229058321,geom2,17
mixture,0.004500000000000002,534.9066393347708,1075.8132786695417,1084.8849202320805,12.921051303383736,0.07739308262434443,0.07739308331499932,geom2,17
mixture,0.0035000000000000014,534.9066393347708,1075.8132786695417,1084.8849202320805,12.921051432068673,0.07739308286479245,0.07739308253997171,geom2,17
mixture,0.0037500000000000016,534.9066393347708,1075.8132786695417,1084.8849202320805,12.921051396934605,0.07739308239325206,0.0773930827528994,geom2,17
mixture,0.0070000000000000045,534.9066393347708,1075.8132786695417,1084.8849202320805,12.921051485699289,0.07739308032709488,0.07739308223322074,geom2,17
mixture,0.009750000000000007,534.9066393347708,1075.8132786695417,1084.8849202320805,12.92105136179357,0.07739308310730605,0.07739308296060426,geom2,17
mixture,0.007750000000000005,534.9066393347708,1075.8132786695417,1084.8849202320805,12.921051444332377,0.07739308161317651,0.07739308247432672,geom2,17
mixture,0.005500000000000003,534.9066393347708,1075.8132786695417,1084.8849202320805,12.92105145265327,0.07739308345820821,0.07739308241205942,geom2,17
mixture,0.010000000000000007,534.9066393347708,1075.8132786695417,1084.8849202320805,12.921051466505958,0.0773930831678183,0.07739308232642603,geom2,17
mixture,0.006750000000000004,534.906639334771,1075.813278669542,1084.8849202320807,12.921051353369412,0.07739307935110878,0.077393083037375,geom2,17
mixture,0.003000000000000001,534.906639334771,1075.813278669542,1084.8849202320807,12.921051318851363,0.07739308450380504,0.0773930832153798,geom2,17
mixture,0.0047500000000000025,534.906639334771,1075.813278669542,1084.8849202320807,12.921051438300779,0.0773930828434578,0.07739308250215902,geom2,17
mixture,0.008750000000000006,534.906639334771,1075.813278669542,1084.8849202320807,12.921051275662622,0.07739308209769524,0.07739308349011591,geom2,17
mixture,0.009250000000000006,534.906639334771,1075.813278669542,1084.8849202320807,12.921051375524343,0.07739308294329399,0.07739308287919866,geom2,17
mixture,0.006000000000000004,534.906639334771,1075.813278669542,1084.8849202320807,12.921051291825764,0.07739307933576423,0.07739308340553867,geom2,17
mixture,0.006500000000000004,534.906639334771,1075.813278669542,1084.8849202320807,12.92105141426261,0.07739308291128623,0.07739308264603724,geom2,17
mixture,0.003250000000000001,534.906639334771,1075.813278669542,1084.8849202320807,12.921051333236536,0.07739308299950473,0.07739308313351792,geom2,17
mixture,0.007500000000000005,534.906639334771,1075.813278669542,1084.8849202320807,12.921051388399189,0.07739308216419515,0.07739308280750001,geom2,17
mixture,0.008000000000000005,534.9066393347711,1075.8132786695421,1084.884920232081,12.921051333926599,0.07739308383271311,0.07739308312327359,geom2,17
mixture,0.0022500000000000003,534.9066393347711,1075.8132786695421,1084.884920232081,12.921051204419472,0.07739308398301457,0.07739308390447987,geom2,17
mixture,0.008500000000000006,534.9066393347711,1075.8132786695421,1084.884920232081,12.921051243221404,0.07739308119668363,0.07739308369346772,geom2,17
mixture,0.1,534.9066393347711,1075.8132786695421,1084.884920232081,12.921051243975862,0.077393086844096,0.07739308331479611,geom2,17
mixture,0.006250000000000004,534.9066393347712,1075.8132786695423,1084.8849202320812,12.921051196683917,0.07739308046044163,0.07739308397294327,geom2,17
mixture,0.007250000000000005,534.9066393347712,1075.8132786695423,1084.8849202320812,12.921051230920643,0.07739308441484252,0.0773930837410377,geom2,17
mixture,0.002,534.9066393347712,1075.8132786695423,1084.8849202320812,12.921051221958143,0.07739308270013542,0.07739308380180872,geom2,17
mixture,0.0027500000000000007,534.9066393347712,1075.8132786695423,1084.8849202320812,12.92105121418936,0.07739308250402394,0.07739308384983896,geom2,17
mixture,0.005250000000000003,534.9066393347712,1075.8132786695423,1084.8849202320812,12.921051146026288,0.07739308369280762,0.0773930842573776,geom2,17
mixture,0.005000000000000003,534.9066393347712,1075.8132786695423,1084.8849202320812,12.921051096372082,0.07739308402284732,0.07739308455448507,geom2,17
mixture,0.05,534.9066393347712,1075.8132786695423,1084.8849202320812,12.921051190805638,0.07739308893666126,0.07739308372564858,geom2,17
mixture,0.008250000000000006,534.9066393347712,1075.8132786695423,1084.8849202320812,12.921051202634485,0.07739308204748482,0.07739308393088615,geom2,17
mixture,0.009500000000000007,534.9066393347713,1075.8132786695426,1084.8849202320814,12.92105114729686,0.07739308224523785,0.07739308426600053,geom2,17
null,,534.9066393347705,1071.813278669541,1074.8371591903872,12.9210532645606,0.07739307156505298,,geom2,17
sum,,534.3333348685717,1070.6666697371434,1073.6905502579896,19.503557802064513,0.10254539301482182,,geom2,17
mixture,0.5,466.47682971015615,938.9536594203123,947.6020651880714,13.106060983530675,0.07630057583713512,0.07630057583713512,geom2,18
mixture,0.3,466.47682971015615,938.9536594203123,947.6020651880714,13.106061080869516,0.07630057723731559,0.07630057442750765,geom2,18
mixture,0.4,466.4768297101562,938.9536594203124,947.6020651880715,13.106061097017019,0.076300572612267,0.0763005768858935,geom2,18
mixture,0.35000000000000003,466.47682971015627,938.9536594203125,947.6020651880716,13.10606106123182,0.07630057672851256,0.07630057466122606,geom2,18
mixture,0.45,466.47682971015627,938.9536594203125,947.6020651880716,13.10606120287499,0.07630057378753177,0.07630057519231269,geom2,18
mixture,0.25,466.47682971015627,938.9536594203125,947.6020651880716,13.106061178446254,0.0763005667699123,0.07630057734653618,geom2,18
mixture,0.2,466.47682971015627,938.9536594203125,947.6020651880716,13.106061235490213,0.07630057712718279,0.0763005736810577,geom2,18
mixture,0.15000000000000002,466.4768297101564,938.9536594203128,947.6020651880718,13.10606136067382,0.0763005630582781,0.07630057550911777,geom2,18
mixture,0.005500000000000003,466.47682971015695,938.9536594203139,947.602065188073,13.10605917266449,0.07630058376044492,0.07630058639408227,geom2,18
mixture,0.004500000000000002,466.47682971015695,938.9536594203139,947.602065188073,13.106059165299797,0.07630058314879755,0.07630058643727101,geom2,18
mixture,0.006250000000000004,466.47682971015695,938.9536594203139,947.602065188073,13.10605912592841,0.07630058557927562,0.07630058665842913,geom2,18
mixture,0.006000000000000004,466.47682971015695,938.9536594203139,947.602065188073,13.106059226543179,0.07630058419946559,0.0763005860771938,geom2,18
mixture,0.008250000000000006,466.47682971015695,938.9536594203139,947.602065188073,13.106059190336403,0.07630058098932571,0.07630058632069912,geom2,18
mixture,0.009000000000000006,466.476829710157,938.953659420314,947.6020651880731,13.106059136286692,0.07630058341563864,0.07630058662022203,geom2,18
mixture,0.0022500000000000003,466.47682971015706,938.9536594203141,947.6020651880732,13.10605912650584,0.07630058678658784,0.07630058664801095,geom2,18
mixture,0.003000000000000001,466.47682971015706,938.9536594203141,947.6020651880732,13.106059085370395,0.07630058708262638,0.07630058688721801,geom2,18
mixture,0.009750000000000007,466.47682971015706,938.9536594203141,947.6020651880732,13.106059052888252,0.07630058618317649,0.07630058708570779,geom2,18
mixture,0.007250000000000005,466.47682971015706,938.9536594203141,947.6020651880732,13.106059159961879,0.0763005847459982,0.07630058646601923,geom2,18
mixture,0.009250000000000006,466.47682971015706,938.9536594203141,947.6020651880732,13.106059054746732,0.0763005853294077,0.07630058708230274,geom2,18
mixture,0.008000000000000005,466.47682971015706,938.9536594203141,947.6020651880732,13.106059141470753,0.07630058591354352,0.07630058656642336,geom2,18
mixture,0.005750000000000003,466.47682971015706,938.9536594203141,947.6020651880732,13.106059063293529,0.07630058795110509,0.07630058701092485,geom2,18
mixture,0.005000000000000003,466.47682971015706,938.9536594203141,947.6020651880732,13.106059123006412,0.0763005852962538,0.07630058667559234,geom2,18
mixture,0.0025000000000000005,466.4768297101571,938.9536594203142,947.6020651880733,13.106059023485262,0.07630058608861234,0.0763005872509918,geom2,18
mixture,0.002,466.4768297101571,938.9536594203142,947.6020651880733,13.106059012721259,0.07630058548475253,0.07630058731441082,geom2,18
mixture,0.004250000000000002,466.4768297101571,938.9536594203142,947.6020651880733,13.106059109226967,0.07630058414025612,0.07630058676005066,geom2,18
mixture,0.004000000000000002,466.4768297101571,938.9536594203142,947.6020651880733,13.10605910478922,0.07630058591661122,0.07630058677819848,geom2,18
mixture,0.006500000000000004,466.4768297101572,938.9536594203144,947.6020651880734,13.106059087104178,0.0763005861749578,0.07630058688230831,geom2,18
mixture,0.008500000000000006,466.4768297101572,938.9536594203144,947.6020651880734,13.106059096196525,0.07630058336607168,0.07630058685442793,geom2,18
mixture,0.0037500000000000016,466.4768297101572,938.9536594203144,947.6020651880734,13.106059077104936,0.0763005849635561,0.07630058694334814,geom2,18
mixture,0.003250000000000001,466.4768297101572,938.9536594203144,947.6020651880734,13.106059042098442,0.07630058472268642,0.076300587147605,geom2,18
mixture,0.0070000000000000045,466.4768297101572,938.9536594203144,947.6020651880734,13.106058995978218,0.07630058640154432,0.07630058741532224,geom2,18
mixture,0.0047500000000000025,466.4768297101572,938.9536594203144,947.6020651880734,13.106059076688611,0.07630058446155896,0.07630058695016857,geom2,18
mixture,0.1,466.4768297101572,938.9536594203144,947.6020651880734,13.106059011233139,0.07630058131969489,0.07630058798605063,geom2,18
mixture,0.009500000000000007,466.4768297101572,938.9536594203144,947.6020651880734,13.106059042105233,0.07630058520653185,0.07630058715822557,geom2,18
mixture,0.007750000000000005,466.4768297101572,938.9536594203144,947.6020651880734,13.106059044402453,0.07630058249411054,0.07630058716249051,geom2,18
mixture,0.008750000000000006,466.47682971015723,938.9536594203145,947.6020651880735,13.106059022706148,0.07630058700434733,0.07630058725481324,geom2,18
mixture,0.007500000000000005,466.47682971015723,938.9536594203145,947.6020651880735,13.106059029681902,0.07630058675988732,0.07630058721542693,geom2,18
mixture,0.010000000000000007,466.4768297101573,938.9536594203146,947.6020651880737,13.10605898680371,0.07630058674731743,0.07630058746885311,geom2,18
mixture,0.006750000000000004,466.4768297101573,938.9536594203146,947.6020651880737,13.10605900131759,0.07630058638873419,0.07630058738385823,geom2,18
mixture,0.005250000000000003,466.4768297101573,938.9536594203146,947.6020651880737,13.106059011504627,0.07630058332796218,0.07630058733889185,geom2,18
mixture,0.0035000000000000014,466.4768297101574,938.9536594203148,947.6020651880739,13.106058948562927,0.07630058904403703,0.07630058767949127,geom2,18
mixture,0.0027500000000000007,466.4768297101574,938.9536594203148,947.6020651880739,13.106058941867992,0.07630058828632916,0.07630058772169085,geom2,18
mixture,0.05,466.4768297101574,938.9536594203148,947.6020651880739,13.106058850740718,0.0763005823893853,0.07630058856241818,geom2,18
null,,466.47682971015615,934.9536594203123,937.8364613428987,13.106060877478281,0.0763005764545486,,geom2,18
sum,,465.5882025003548,933.1764050007096,936.059206923296,19.769393173909798,0.10116648409013657,,geom2,18
mixture,0.4,501.15649256397194,1008.3129851279439,1017.0947461834155,14.398551053516062,0.0694514330909955,0.06945143250059425,geom2,19
mixture,0.003250000000000001,501.15649256397205,1008.3129851279441,1017.0947461834157,14.39854993595267,0.06945143871843998,0.06945143812539649,geom2,19
mixture,0.35000000000000003,501.15649256397205,1008.3129851279441,1017.0947461834157,14.39855131581847,0.06945142828472918,0.06945143318751318,geom2,19
mixture,0.0047500000000000025,501.15649256397205,1008.3129851279441,1017.0947461834157,14.398549915657856,0.06945143480787304,0.0694514382415258,geom2,19
mixture,0.5,501.15649256397205,1008.3129851279441,1017.0947461834157,14.398551382298665,0.0694514311508714,0.0694514311508714,geom2,19
mixture,0.45,501.15649256397205,1008.3129851279441,1017.0947461834157,14.39855131639381,0.06945143106138188,0.06945143180207584,geom2,19
mixture,0.0025000000000000005,501.1564925639721,1008.3129851279442,1017.0947461834159,14.39855003825998,0.06945143945324725,0.06945143762928443,geom2,19
mixture,0.0022500000000000003,501.1564925639721,1008.3129851279442,1017.0947461834159,14.398549991154479,0.06945143828958804,0.06945143786009146,geom2,19
mixture,0.004500000000000002,501.1564925639721,1008.3129851279442,1017.0947461834159,14.398550036565616,0.06945143617289745,0.06945143764865803,geom2,19
mixture,0.008250000000000006,501.1564925639721,1008.3129851279442,1017.0947461834159,14.398550042868676,0.06945143655081078,0.06945143762043872,geom2,19
mixture,0.006750000000000004,501.1564925639721,1008.3129851279442,1017.0947461834159,14.398550114153595,0.06945143479551331,0.06945143728457247,geom2,19
mixture,0.006000000000000004,501.1564925639721,1008.3129851279442,1017.0947461834159,14.398549976861714,0.06945143924649852,0.06945143792205233,geom2,19
mixture,0.005750000000000003,501.15649256397217,1008.3129851279443,1017.094746183416,14.398549846579462,0.06945143944078744,0.06945143855331276,geom2,19
mixture,0.008000000000000005,501.15649256397217,1008.3129851279443,1017.094746183416,14.398550067459023,0.06945143540951855,0.06945143750980498,geom2,19
mixture,0.007750000000000005,501.15649256397217,1008.3129851279443,1017.094746183416,14.398550048938395,0.06945143458122978,0.06945143760577722,geom2,19
mixture,0.007500000000000005,501.15649256397217,1008.3129851279443,1017.094746183416,14.39854998362021,0.0694514371552801,0.06945143790300734,geom2,19
mixture,0.006500000000000004,501.15649256397217,1008.3129851279443,1017.094746183416,14.39855168483121,0.06945142947001247,0.0694514296930551,geom2,19
mixture,0.004000000000000002,501.15649256397217,1008.3129851279443,1017.094746183416,14.398549936409639,0.06945143756453658,0.06945143812737102,geom2,19
mixture,0.0027500000000000007,501.15649256397217,1008.3129851279443,1017.094746183416,14.398550098474413,0.06945143653335902,0.06945143734563364,geom2,19
mixture,0.002,501.15649256397217,1008.3129851279443,1017.094746183416,14.398550080101035,0.069451437571607,0.06945143743174419,geom2,19
mixture,0.009000000000000006,501.1564925639722,1008.3129851279444,1017.0947461834161,14.398551624699156,0.0694514303238975,0.06945142997854416,geom2,19
mixture,0.009250000000000006,501.1564925639722,1008.3129851279444,1017.0947461834161,14.398549821044016,0.06945143591236928,0.06945143870744044,geom2,19
mixture,0.008500000000000006,501.1564925639722,1008.3129851279444,1017.0947461834161,14.39855000906309,0.06945143578032097,0.06945143779177294,geom2,19
mixture,0.005000000000000003,501.1564925639722,1008.3129851279444,1017.0947461834161,14.398549902994043,0.06945143699903572,0.06945143829276855,geom2,19
mixture,0.009500000000000007,501.1564925639722,1008.3129851279444,1017.0947461834161,14.398549810954062,0.0694514385331102,0.06945143873214579,geom2,19
mixture,0.008750000000000006,501.1564925639722,1008.3129851279444,1017.0947461834161,14.39854995205287,0.0694514356039919,0.06945143807125306,geom2,19
mixture,0.010000000000000007,501.1564925639722,1008.3129851279444,1017.0947461834161,14.398549965543035,0.06945143745731817,0.0694514379899207,geom2,19
mixture,0.2,501.1564925639722,1008.3129851279444,1017.0947461834161,14.39855169030531,0.06945143198798939,0.06945142908450391,geom2,19
mixture,0.0035000000000000014,501.1564925639722,1008.3129851279444,1017.0947461834161,14.398549957676623,0.06945143819299997,0.06945143802193963,geom2,19
mixture,0.003000000000000001,501.1564925639722,1008.3129851279444,1017.0947461834161,14.398549859042365,0.06945143912479,0.06945143849641579,geom2,19
mixture,0.0037500000000000016,501.1564925639722,1008.3129851279444,1017.0947461834161,14.398549905005174,0.06945143862251985,0.06945143827529711,geom2,19
mixture,0.0070000000000000045,501.1564925639722,1008.3129851279444,1017.0947461834161,14.398549980540507,0.06945143573568045,0.06945143792759777,geom2,19
mixture,0.05,501.1564925639722,1008.3129851279444,1017.0947461834161,14.398550018231088,0.06945142811843569,0.0694514382363495,geom2,19
mixture,0.3,501.1564925639723,1008.3129851279446,1017.0947461834162,14.398551485414899,0.0694514262644542,0.06945143253450568,geom2,19
mixture,0.1,501.1564925639723,1008.3129851279446,1017.0947461834162,14.3985515887123,0.06945143130366967,0.06945143002763113,geom2,19
mixture,0.009750000000000007,501.1564925639723,1008.3129851279446,1017.0947461834162,14.398549946717559,0.06945143642124724,0.06945143809168619,geom2,19
mixture,0.005250000000000003,501.1564925639723,1008.3129851279446,1017.0947461834162,14.398549843190807,0.06945143633823733,0.06945143858656465,geom2,19
mixture,0.004250000000000002,501.1564925639723,1008.3129851279446,1017.0947461834162,14.39854992576101,0.0694514380122821,0.0694514381771842,geom2,19
mixture,0.15000000000000002,501.1564925639723,1008.3129851279446,1017.0947461834162,14.398551621782255,0.06945143292901744,0.06945142947808167,geom2,19
mixture,0.005500000000000003,501.15649256397234,1008.3129851279447,1017.0947461834163,14.398551624309402,0.0694514310025302,0.06945142997789684,geom2,19
mixture,0.006250000000000004,501.15649256397234,1008.3129851279447,1017.0947461834163,14.39854993351041,0.06945143617633971,0.06945143815144855,geom2,19
mixture,0.007250000000000005,501.15649256397234,1008.3129851279447,1017.0947461834163,14.39855007225133,0.06945143533530525,0.06945143748547572,geom2,19
mixture,0.25,501.15649256397234,1008.3129851279447,1017.0947461834163,14.398551626780103,0.06945143149305297,0.06945142946446888,geom2,19
null,,501.1564925639725,1004.312985127945,1007.2402388131022,14.398551802822842,0.06945142912247255,,geom2,19
sum,,499.1402279644333,1000.2804559288666,1003.2077096140238,21.51189287786697,0.09297182778637524,,geom2,19
mixture,0.004500000000000002,436.71616467308553,879.4323293461711,887.7696998255057,14.941176300423606,0.06692913603956685,0.06692913461410714,geom2,20
mixture,0.008750000000000006,436.7161646730856,879.4323293461712,887.7696998255058,14.941176130744187,0.06692913614778866,0.06692913537383006,geom2,20
mixture,0.009500000000000007,436.7161646730856,879.4323293461712,887.7696998255058,14.94117633153349,0.06692913538007622,0.06692913447254314,geom2,20
mixture,0.009000000000000006,436.7161646730856,879.4323293461712,887.7696998255058,14.941176284037551,0.06692913465721571,0.06692913469425656,geom2,20
mixture,0.005500000000000003,436.71616467308564,879.4323293461713,887.7696998255059,14.941176502577129,0.06692913260895592,0.06692913372108993,geom2,20
mixture,0.0027500000000000007,436.71616467308564,879.4323293461713,887.7696998255059,14.94117620002823,0.06692913550767704,0.06692913506903744,geom2,20
mixture,0.003250000000000001,436.71616467308564,879.4323293461713,887.7696998255059,14.941176207371551,0.06692913985800429,0.06692913502163102,geom2,20
mixture,0.003000000000000001,436.71616467308564,879.4323293461713,887.7696998255059,14.941176176656043,0.06692913711115245,0.06692913516911352,geom2,20
mixture,0.0070000000000000045,436.71616467308564,879.4323293461713,887.7696998255059,14.941176358020927,0.06692913544678375,0.06692913435487059,geom2,20
mixture,0.007500000000000005,436.71616467308564,879.4323293461713,887.7696998255059,14.941176206694088,0.0669291366731302,0.0669291350280458,geom2,20
mixture,0.006500000000000004,436.71616467308564,879.4323293461713,887.7696998255059,14.9411763755203,0.066929134947787,0.06692913427978336,geom2,20
mixture,0.007750000000000005,436.71616467308564,879.4323293461713,887.7696998255059,14.941176174713398,0.06692913737553245,0.0669291351665219,geom2,20
mixture,0.006750000000000004,436.71616467308564,879.4323293461713,887.7696998255059,14.941176237614414,0.06692913963412431,0.0669291348697163,geom2,20
mixture,0.0037500000000000016,436.7161646730857,879.4323293461714,887.769699825506,14.94117637434047,0.06692913514277249,0.06692913428619829,geom2,20
mixture,0.0035000000000000014,436.7161646730857,879.4323293461714,887.769699825506,14.941176425310424,0.06692913427981374,0.06692913406032186,geom2,20
mixture,0.0025000000000000005,436.7161646730857,879.4323293461714,887.769699825506,14.94117628672424,0.06692913897081686,0.06692913467113895,geom2,20
mixture,0.008500000000000006,436.7161646730857,879.4323293461714,887.769699825506,14.941176203179436,0.06692913685433458,0.06692913504071206,geom2,20
mixture,0.008250000000000006,436.7161646730857,879.4323293461714,887.769699825506,14.941176256343416,0.06692913303836236,0.06692913483278329,geom2,20
mixture,0.004000000000000002,436.7161646730857,879.4323293461714,887.769699825506,14.94117620216919,0.06692913435910748,0.0669291350634707,geom2,20
mixture,0.005000000000000003,436.7161646730857,879.4323293461714,887.769699825506,14.941176300801128,0.06692913684009755,0.06692913460766844,geom2,20
mixture,0.5,436.7161646730857,879.4323293461714,887.769699825506,14.941176873788724,0.06692913205212757,0.06692913205212757,geom2,20
mixture,0.004250000000000002,436.71616467308576,879.4323293461715,887.7696998255061,14.941176301841601,0.06692913733616622,0.06692913460255193,geom2,20
mixture,0.006250000000000004,436.71616467308576,879.4323293461715,887.7696998255061,14.941176346098343,0.06692913288792195,0.06692913442553136,geom2,20
mixture,0.005750000000000003,436.71616467308576,879.4323293461715,887.7696998255061,14.941176327633801,0.06692913669894279,0.06692913448590844,geom2,20
mixture,0.009750000000000007,436.71616467308576,879.4323293461715,887.7696998255061,14.941176422823693,0.06692913460102407,0.0669291340670229,geom2,20
mixture,0.008000000000000005,436.71616467308576,879.4323293461715,887.7696998255061,14.941176198886836,0.06692913514185576,0.0669291350748203,geom2,20
mixture,0.010000000000000007,436.71616467308576,879.4323293461715,887.7696998255061,14.941176502588613,0.06692913306403998,0.0669291337214963,geom2,20
mixture,0.006000000000000004,436.71616467308576,879.4323293461715,887.7696998255061,14.941176373548073,0.06692913374618041,0.06692913429626048,geom2,20
mixture,0.35000000000000003,436.71616467308576,879.4323293461715,887.7696998255061,14.941177016783598,0.0669291344576758,0.06692912977137588,geom2,20
mixture,0.4,436.71616467308576,879.4323293461715,887.7696998255061,14.941176918920688,0.0669291340636971,0.06692913037413291,geom2,20
mixture,0.002,436.7161646730858,879.4323293461716,887.7696998255062,14.941176556044859,0.06692913476966861,0.06692913347287041,geom2,20
mixture,0.0047500000000000025,436.7161646730858,879.4323293461716,887.7696998255062,14.941176371075025,0.06692913520798613,0.06692913429972379,geom2,20
mixture,0.25,436.7161646730858,879.4323293461716,887.7696998255062,14.941177195867002,0.06692911777453585,0.06692913488765599,geom2,20
mixture,0.009250000000000006,436.7161646730858,879.4323293461716,887.7696998255062,14.94117623327456,0.06692913537597713,0.0669291349170716,geom2,20
mixture,0.005250000000000003,436.7161646730858,879.4323293461716,887.7696998255062,14.941176172048811,0.0669291370729141,0.06692913518566974,geom2,20
mixture,0.007250000000000005,436.7161646730858,879.4323293461716,887.7696998255062,14.941176274705109,0.06692913510354463,0.06692913473304181,geom2,20
mixture,0.15000000000000002,436.7161646730858,879.4323293461716,887.7696998255062,14.941177082649324,0.06692912095830159,0.0669291329091644,geom2,20
mixture,0.45,436.7161646730858,879.4323293461716,887.7696998255062,14.941177026315538,0.06692912817967299,0.06692913397823576,geom2,20
mixture,0.0022500000000000003,436.71616467308587,879.4323293461717,887.7696998255063,14.941176528766984,0.06692913764070853,0.06692913358853811,geom2,20
mixture,0.3,436.71616467308587,879.4323293461717,887.7696998255063,14.941177250745943,0.06692913412044878,0.06692912875344273,geom2,20
mixture,0.2,436.7161646730859,879.4323293461719,887.7696998255064,14.941177249741763,0.06692911899318803,0.06692913321175697,geom2,20
mixture,0.1,436.716164673086,879.432329346172,887.7696998255066,14.941177301333893,0.0669291217923944,0.06692913106410665,geom2,20
mixture,0.05,436.7161646730861,879.4323293461722,887.7696998255068,14.94117754323453,0.06692912693876543,0.06692912916463274,geom2,20
null,,436.71616467308604,875.4323293461721,878.2114528392837,14.941177465467263,0.0669291294016985,,geom2,20
sum,,436.5617289364363,875.1234578728726,877.9025813659841,22.56518932884881,0.08863209480999433,,geom2,20
mixture,0.003250000000000001,503.6757356685945,1013.351471337189,1022.1114141146734,15.036496441714162,0.06650485386854624,0.06650485396521826,geom2,21
mixture,0.009750000000000007,503.6757356685945,1013.351471337189,1022.1114141146734,15.036496170359802,0.06650485466149203,0.06650485517003438,geom2,21
mixture,0.0070000000000000045,503.6757356685945,1013.351471337189,1022.1114141146734,15.036496250944925,0.06650485306436282,0.06650485482095263,geom2,21
mixture,0.006500000000000004,503.6757356685945,1013.351471337189,1022.1114141146734,15.036496419833847,0.0665048533928311,0.06650485406605437,geom2,21
mixture,0.009500000000000007,503.67573566859454,1013.3514713371891,1022.1114141146735,15.036496178687631,0.0665048536872813,0.0665048551420634,geom2,21
mixture,0.003000000000000001,503.67573566859454,1013.3514713371891,1022.1114141146735,15.036496409006295,0.0665048553426756,0.06650485410585709,geom2,21
mixture,0.004500000000000002,503.67573566859454,1013.3514713371891,1022.1114141146735,15.036496380808718,0.06650485498294775,0.06650485423089827,geom2,21
mixture,0.002,503.6757356685946,1013.3514713371892,1022.1114141146736,15.036496355152897,0.06650485534123908,0.06650485434576456,geom2,21
mixture,0.006000000000000004,503.6757356685946,1013.3514713371892,1022.1114141146736,15.036496382260562,0.0665048536168464,0.06650485423154935,geom2,21
mixture,0.006750000000000004,503.6757356685946,1013.3514713371892,1022.1114141146736,15.036496494382742,0.06650485211985864,0.06650485374291204,geom2,21
mixture,0.007250000000000005,503.6757356685946,1013.3514713371892,1022.1114141146736,15.036496211801843,0.06650485438922316,0.0665048549861097,geom2,21
mixture,0.007750000000000005,503.6757356685946,1013.3514713371892,1022.1114141146736,15.036496408168253,0.06650485309080376,0.06650485412126016,geom2,21
mixture,0.0035000000000000014,503.6757356685946,1013.3514713371892,1022.1114141146736,15.03649628205473,0.06650485480547515,0.06650485467058898,geom2,21
mixture,0.005250000000000003,503.6757356685946,1013.3514713371892,1022.1114141146736,15.036496432017634,0.06650485299736217,0.06650485401312355,geom2,21
mixture,0.0047500000000000025,503.6757356685946,1013.3514713371892,1022.1114141146736,15.036496298748492,0.06650485437390845,0.06650485459829213,geom2,21
mixture,0.0022500000000000003,503.6757356685946,1013.3514713371892,1022.1114141146736,15.036496476921435,0.06650485566469218,0.06650485380500168,geom2,21
mixture,0.009250000000000006,503.6757356685946,1013.3514713371892,1022.1114141146736,15.036496395345457,0.06650485327040719,0.06650485417838682,geom2,21
mixture,0.005500000000000003,503.67573566859465,1013.3514713371893,1022.1114141146737,15.036496206862939,0.06650485639021564,0.06650485499595811,geom2,21
mixture,0.005000000000000003,503.67573566859465,1013.3514713371893,1022.1114141146737,15.036496383368616,0.06650485424653313,0.06650485422284187,geom2,21
mixture,0.004000000000000002,503.67573566859465,1013.3514713371893,1022.1114141146737,15.03649618933687,0.06650485365074243,0.06650485508688708,geom2,21
mixture,0.004250000000000002,503.67573566859465,1013.3514713371893,1022.1114141146737,15.036496395187333,0.06650485390086504,0.06650485417183902,geom2,21
mixture,0.0025000000000000005,503.67573566859465,1013.3514713371893,1022.1114141146737,15.036496363916244,0.06650485428612471,0.06650485430905347,geom2,21
mixture,0.0027500000000000007,503.67573566859465,1013.3514713371893,1022.1114141146737,15.036496298852635,0.06650485321453829,0.0665048546005773,geom2,21
mixture,0.0037500000000000016,503.67573566859465,1013.3514713371893,1022.1114141146737,15.036496182673455,0.06650485488613218,0.06650485511145907,geom2,21
mixture,0.008750000000000006,503.67573566859465,1013.3514713371893,1022.1114141146737,15.036496374046873,0.06650485171029813,0.06650485428673322,geom2,21
mixture,0.006250000000000004,503.67573566859465,1013.3514713371893,1022.1114141146737,15.036496346313722,0.06650485416690086,0.06650485438823359,geom2,21
mixture,0.007500000000000005,503.67573566859465,1013.3514713371893,1022.1114141146737,15.036496430991752,0.06650485284521793,0.06650485402114764,geom2,21
mixture,0.008000000000000005,503.67573566859465,1013.3514713371893,1022.1114141146737,15.036496299408233,0.06650485505170026,0.0665048545906197,geom2,21
mixture,0.009000000000000006,503.67573566859465,1013.3514713371893,1022.1114141146737,15.036496389485597,0.06650485405844098,0.06650485419715398,geom2,21
mixture,0.010000000000000007,503.67573566859465,1013.3514713371893,1022.1114141146737,15.03649639580854,0.06650485228556954,0.06650485418695369,geom2,21
mixture,0.5,503.67573566859465,1013.3514713371893,1022.1114141146737,15.036497035131209,0.06650485134028253,0.06650485134028253,geom2,21
mixture,0.008500000000000006,503.6757356685947,1013.3514713371894,1022.1114141146738,15.036496433476465,0.0665048529007537,0.06650485401077372,geom2,21
mixture,0.4,503.6757356685947,1013.3514713371894,1022.1114141146738,15.036497006914324,0.06650485215284298,0.0665048510065761,geom2,21
mixture,0.008250000000000006,503.6757356685947,1013.3514713371894,1022.1114141146738,15.036496312756583,0.06650485460049613,0.06650485453472739,geom2,21
mixture,0.1,503.6757356685947,1013.3514713371894,1022.1114141146738,15.036497153919894,0.06650485365460847,0.06650485049936865,geom2,21
mixture,0.005750000000000003,503.67573566859477,1013.3514713371895,1022.111414114674,15.036496419152684,0.06650485441167844,0.06650485406268442,geom2,21
mixture,0.35000000000000003,503.67573566859477,1013.3514713371895,1022.111414114674,15.03649710054218,0.0665048490598439,0.0665048521231251,geom2,21
mixture,0.45,503.67573566859477,1013.3514713371895,1022.111414114674,15.036497080374023,0.06650485148961849,0.06650485085427271,geom2,21
mixture,0.3,503.6757356685948,1013.3514713371897,1022.1114141146741,15.036497098940579,0.06650484598920131,0.06650485323042878,geom2,21
mixture,0.15000000000000002,503.6757356685949,1013.3514713371898,1022.1114141146742,15.03649717199849,0.06650485413511122,0.06650485013490144,geom2,21
mixture,0.05,503.6757356685949,1013.3514713371898,1022.1114141146742,15.036497400726777,0.06650484463625016,0.0665048499910307,geom2,21
mixture,0.2,503.6757356685949,1013.3514713371898,1022.1114141146742,15.036497216477647,0.06650484213624196,0.06650485263869764,geom2,21
mixture,0.25,503.675735668595,1013.35147133719,1022.1114141146744,15.036497350246599,0.06650485239703142,0.06650484912973649,geom2,21
null,,503.6757356685949,1009.3514713371898,1012.2714522630179,15.036497355522714,0.06650484992322449,,geom2,21
sum,,502.30709014399866,1006.6141802879973,1009.5341612138254,22.551707871326656,0.0886850792592475,,geom2,21
mixture,0.003000000000000001,461.77081023220904,929.5416204644181,938.026561676325,15.29600015149499,0.0653765657081328,0.06537656839822309,geom2,22
mixture,0.009500000000000007,461.77081023220904,929.5416204644181,938.026561676325,15.296000233046684,0.06537656784091524,0.0653765680435178,geom2,22
mixture,0.009250000000000006,461.77081023220904,929.5416204644181,938.026561676325,15.296000228504251,0.06537656698611614,0.06537656807104344,geom2,22
mixture,0.009000000000000006,461.77081023220904,929.5416204644181,938.026561676325,15.296000169929663,0.0653765642728821,0.06537656834803766,geom2,22
mixture,0.009750000000000007,461.77081023220904,929.5416204644181,938.026561676325,15.296000089251535,0.06537656776272315,0.06537656866498434,geom2,22
mixture,0.006250000000000004,461.77081023220904,929.5416204644181,938.026561676325,15.296000180470902,0.06537656518525826,0.06537656828568467,geom2,22
mixture,0.007250000000000005,461.77081023220904,929.5416204644181,938.026561676325,15.296000203949042,0.06537656701856998,0.0653765681743385,geom2,22
mixture,0.0027500000000000007,461.7708102322091,929.5416204644182,938.0265616763251,15.296000225809145,0.06537656853530098,0.06537656807125086,geom2,22
mixture,0.008500000000000006,461.7708102322091,929.5416204644182,938.0265616763251,15.296000159660702,0.06537656757858833,0.06537656836191001,geom2,22
mixture,0.007750000000000005,461.7708102322091,929.5416204644182,938.0265616763251,15.296000367400268,0.06537656626401622,0.0653765674767517,geom2,22
mixture,0.0035000000000000014,461.7708102322091,929.5416204644182,938.0265616763251,15.296000217823641,0.06537656760164542,0.06537656810843157,geom2,22
mixture,0.0025000000000000005,461.7708102322091,929.5416204644182,938.0265616763251,15.296000350051747,0.06537656727886937,0.06537656754216048,geom2,22
mixture,0.0047500000000000025,461.7708102322091,929.5416204644182,938.0265616763251,15.296000165123187,0.06537656795320872,0.06537656833371198,geom2,22
mixture,0.004000000000000002,461.7708102322091,929.5416204644182,938.0265616763251,15.296000267570562,0.06537656425736482,0.06537656790863981,geom2,22
mixture,0.008250000000000006,461.7708102322091,929.5416204644182,938.0265616763251,15.296000636987856,0.06537656580136779,0.06537656631938354,geom2,22
mixture,0.010000000000000007,461.7708102322091,929.5416204644182,938.0265616763251,15.296000171375908,0.06537656553510787,0.0653765683331604,geom2,22
mixture,0.005500000000000003,461.77081023220916,929.5416204644183,938.0265616763252,15.296000142471007,0.06537656749259213,0.06537656843389937,geom2,22
mixture,0.006000000000000004,461.77081023220916,929.5416204644183,938.0265616763252,15.29600034962212,0.06537656632607054,0.0653765675506862,geom2,22
mixture,0.006500000000000004,461.77081023220916,929.5416204644183,938.0265616763252,15.29600031561146,0.06537656412864556,0.0653765677119951,geom2,22
mixture,0.006750000000000004,461.77081023220916,929.5416204644183,938.0265616763252,15.296000249250078,0.06537656664930164,0.0653765679813294,geom2,22
mixture,0.008000000000000005,461.77081023220916,929.5416204644183,938.0265616763252,15.296000269827955,0.06537656733592309,0.0653765678888095,geom2,22
mixture,0.005000000000000003,461.77081023220916,929.5416204644183,938.0265616763252,15.296000267839492,0.06537656740152581,0.06537656789535443,geom2,22
mixture,0.25,461.77081023220916,929.5416204644183,938.0265616763252,15.296000769658892,0.0653765672310711,0.06537656525372465,geom2,22
mixture,0.003250000000000001,461.77081023220916,929.5416204644183,938.0265616763252,15.29600023524791,0.06537656699900873,0.0653765680355536,geom2,22
mixture,0.004250000000000002,461.7708102322092,929.5416204644184,938.0265616763253,15.296000305101991,0.06537656761864594,0.06537656773411253,geom2,22
mixture,0.0070000000000000045,461.7708102322092,929.5416204644184,938.0265616763253,15.296000261953017,0.06537656736657113,0.06537656792193217,geom2,22
mixture,0.007500000000000005,461.7708102322092,929.5416204644184,938.0265616763253,15.296000086182456,0.06537656482789903,0.0653765686983331,geom2,22
mixture,0.005250000000000003,461.7708102322092,929.5416204644184,938.0265616763253,15.296000433549093,0.06537656793730764,0.06537656718065418,geom2,22
mixture,0.4,461.7708102322092,929.5416204644184,938.0265616763253,15.296000773326355,0.06537656456381075,0.06537656651143646,geom2,22
mixture,0.45,461.7708102322092,929.5416204644184,938.0265616763253,15.296000636169627,0.0653765660005739,0.0653765665788161,geom2,22
mixture,0.004500000000000002,461.7708102322092,929.5416204644184,938.0265616763253,15.2960005794371,0.06537656591523097,0.06537656656400682,geom2,22
mixture,0.002,461.7708102322092,929.5416204644184,938.0265616763253,15.29600018134049,0.06537656833960653,0.06537656826243594,geom2,22
mixture,0.5,461.7708102322092,929.5416204644184,938.0265616763253,15.29600075672652,0.06537656580333544,0.06537656580333544,geom2,22
mixture,0.008750000000000006,461.77081023220927,929.5416204644185,938.0265616763254,15.296000504752705,0.06537656396315879,0.06537656690604583,geom2,22
mixture,0.005750000000000003,461.77081023220927,929.5416204644185,938.0265616763254,15.296000385434073,0.06537656636039553,0.06537656739623085,geom2,22
mixture,0.0022500000000000003,461.77081023220927,929.5416204644185,938.0265616763254,15.296000240396562,0.06537656884823233,0.06537656800828912,geom2,22
mixture,0.2,461.77081023220927,929.5416204644185,938.0265616763254,15.296000932180148,0.06537655543225207,0.06537656745872482,geom2,22
mixture,0.0037500000000000016,461.7708102322093,929.5416204644187,938.0265616763255,15.296000352950818,0.06537656588763244,0.06537656753529004,geom2,22
mixture,0.3,461.7708102322093,929.5416204644187,938.0265616763255,15.296000800488791,0.06537656212558579,0.06537656711230809,geom2,22
mixture,0.05,461.7708102322094,929.5416204644188,938.0265616763256,15.29600111052513,0.06537656691591003,0.06537656415302208,geom2,22
mixture,0.15000000000000002,461.7708102322094,929.5416204644188,938.0265616763256,15.296000825651676,0.0653765564488011,0.06537656710755624,geom2,22
mixture,0.1,461.77081023220944,929.5416204644189,938.0265616763257,15.296001173994789,0.06537655374975973,0.06537656516101703,geom2,22
mixture,0.35000000000000003,461.77081023220944,929.5416204644189,938.0265616763257,15.29600082484028,0.06537656414713586,0.06537656624725106,geom2,22
null,,461.7708102322094,925.5416204644188,928.3699342017211,15.296001123159984,0.06537656423716391,,geom2,22
sum,,460.6411557189374,923.2823114378748,926.1106251751771,22.98683557278307,0.08700632123405645,,geom2,22
mixture,0.4,467.0914443546508,940.1828887093016,948.808480678905,13.511450799454773,0.07401129921145261,0.07401129577001768,geom2,23
mixture,0.2,467.0914443546508,940.1828887093016,948.808480678905,13.511450973390863,0.07401128424866249,0.07401129918011844,geom2,23
mixture,0.5,467.0914443546508,940.1828887093016,948.808480678905,13.511450930144132,0.07401129643071816,0.07401129643071816,geom2,23
mixture,0.45,467.0914443546508,940.1828887093016,948.808480678905,13.511450703102652,0.07401129902801698,0.07401129656685332,geom2,23
mixture,0.3,467.0914443546508,940.1828887093016,948.808480678905,13.511450755554026,0.07401129897953872,0.07401129670457701,geom2,23
mixture,0.25,467.0914443546508,940.1828887093016,948.808480678905,13.511450934194283,0.07401129972945134,0.07401129530155998,geom2,23
mixture,0.15000000000000002,467.0914443546509,940.1828887093018,948.8084806789052,13.511451100397915,0.07401128308412254,0.07401129768883033,geom2,23
mixture,0.35000000000000003,467.0914443546509,940.1828887093018,948.8084806789052,13.511450917594019,0.07401129848174606,0.07401129543208071,geom2,23
mixture,0.1,467.09144435465106,940.1828887093021,948.8084806789055,13.511451091458998,0.07401128428963118,0.07401129679791703,geom2,23
mixture,0.003250000000000001,467.09144435465134,940.1828887093027,948.8084806789061,13.511449063821217,0.07401130507397728,0.0740113066589756,geom2,23
mixture,0.05,467.09144435465134,940.1828887093027,948.8084806789061,13.511449048404412,0.07401130034425221,0.07401130707479998,geom2,23
mixture,0.005500000000000003,467.09144435465134,940.1828887093027,948.8084806789061,13.511449018561123,0.07401130550921983,0.07401130690944561,geom2,23
mixture,0.005250000000000003,467.09144435465146,940.1828887093029,948.8084806789063,13.511449028548862,0.07401130538975674,0.07401130685472589,geom2,23
mixture,0.005000000000000003,467.09144435465146,940.1828887093029,948.8084806789063,13.511448936719763,0.0740113075384624,0.0740113073490978,geom2,23
mixture,0.004250000000000002,467.09144435465146,940.1828887093029,948.8084806789063,13.511448925821641,0.0740113064264406,0.07401130741393784,geom2,23
mixture,0.0025000000000000005,467.09144435465146,940.1828887093029,948.8084806789063,13.511448999312108,0.07401130618673747,0.07401130700924045,geom2,23
mixture,0.008000000000000005,467.09144435465146,940.1828887093029,948.8084806789063,13.511449043794942,0.0740113068133072,0.07401130676312025,geom2,23
mixture,0.008250000000000006,467.09144435465146,940.1828887093029,948.8084806789063,13.511449060982283,0.0740113044432453,0.07401130668789345,geom2,23
mixture,0.009250000000000006,467.09144435465146,940.1828887093029,948.8084806789063,13.511448995400903,0.07401130558989714,0.07401130704204083,geom2,23
mixture,0.006500000000000004,467.09144435465146,940.1828887093029,948.8084806789063,13.511449063413627,0.07401130536099121,0.07401130666453,geom2,23
mixture,0.007750000000000005,467.09144435465146,940.1828887093029,948.8084806789063,13.511449018636029,0.07401130647602305,0.07401130690465596,geom2,23
mixture,0.0047500000000000025,467.0914443546515,940.182888709303,948.8084806789064,13.5114489886577,0.0740113074132382,0.07401130706388613,geom2,23
mixture,0.0027500000000000007,467.09144435465157,940.1828887093031,948.8084806789066,13.511448876794294,0.07401130837013922,0.07401130767638897,geom2,23
mixture,0.007500000000000005,467.09144435465157,940.1828887093031,948.8084806789066,13.511448889877023,0.07401130774742062,0.07401130760557,geom2,23
mixture,0.009750000000000007,467.09144435465157,940.1828887093031,948.8084806789066,13.511448924982316,0.07401130505293539,0.0740113074375889,geom2,23
mixture,0.009000000000000006,467.09144435465157,940.1828887093031,948.8084806789066,13.511449028927235,0.07401130447501222,0.07401130686648545,geom2,23
mixture,0.007250000000000005,467.09144435465157,940.1828887093031,948.8084806789066,13.511448933107287,0.07401130591693843,0.074011307380443,geom2,23
mixture,0.005750000000000003,467.09144435465157,940.1828887093031,948.8084806789066,13.511448815619898,0.07401130739607219,0.07401130801696026,geom2,23
mixture,0.002,467.09144435465157,940.1828887093031,948.8084806789066,13.51144887404812,0.07401130608785521,0.07401130769655682,geom2,23
mixture,0.0035000000000000014,467.09144435465157,940.1828887093031,948.8084806789066,13.51144899100869,0.07401130682946723,0.07401130705345155,geom2,23
mixture,0.003000000000000001,467.09144435465157,940.1828887093031,948.8084806789066,13.511448946632122,0.07401130539613414,0.07401130730146395,geom2,23
mixture,0.0022500000000000003,467.09144435465157,940.1828887093031,948.8084806789066,13.511448999891542,0.07401130596379055,0.07401130700635601,geom2,23
mixture,0.006250000000000004,467.09144435465157,940.1828887093031,948.8084806789066,13.511448840680778,0.07401130675509886,0.07401130788316526,geom2,23
mixture,0.0037500000000000016,467.0914443546516,940.1828887093033,948.8084806789067,13.511448736783223,0.07401130815171453,0.07401130844633658,geom2,23
mixture,0.004500000000000002,467.0914443546516,940.1828887093033,948.8084806789067,13.511448898381039,0.07401130486454913,0.07401130757223624,geom2,23
mixture,0.004000000000000002,467.0914443546516,940.1828887093033,948.8084806789067,13.51144886250841,0.0740113065955957,0.07401130776121266,geom2,23
mixture,0.0070000000000000045,467.0914443546517,940.1828887093034,948.8084806789068,13.511448869307594,0.07401130630777514,0.07401130772925686,geom2,23
mixture,0.006000000000000004,467.0914443546517,940.1828887093034,948.8084806789068,13.511448914070797,0.07401130542031842,0.07401130748650539,geom2,23
mixture,0.008500000000000006,467.0914443546517,940.1828887093034,948.8084806789068,13.511448826813517,0.07401130690893888,0.07401130796101785,geom2,23
mixture,0.008750000000000006,467.0914443546517,940.1828887093034,948.8084806789068,13.511448794209759,0.07401130868515668,0.0740113081257733,geom2,23
mixture,0.010000000000000007,467.0914443546517,940.1828887093034,948.8084806789068,13.511448914102868,0.07401130505308019,0.07401130749838565,geom2,23
mixture,0.006750000000000004,467.09144435465174,940.1828887093035,948.8084806789069,13.511448792513443,0.07401130724201022,0.07401130814606213,geom2,23
mixture,0.009500000000000007,467.09144435465174,940.1828887093035,948.8084806789069,13.511448804280327,0.07401130687760198,0.07401130808699385,geom2,23
null,,467.091444354651,936.182888709302,939.0580860325032,13.511449751651453,0.07401130288611507,,geom2,23
sum,,466.4920659765163,934.9841319530326,937.8593292762338,20.37160115617857,0.09817588635606157,,geom2,23
mixture,0.35000000000000003,382.93551168488096,771.8710233697619,779.999613973699,10.065879469949984,0.06965304732532066,0.12894334305125787,geom2,24
mixture,0.15000000000000002,382.9506922468448,771.9013844936896,780.0299750976267,10.111623270856835,0.05900067423989904,0.11229602585210621,geom2,24
mixture,0.4,382.95469783177447,771.9093956635489,780.037986267486,10.175067727194076,0.07139774065595973,0.13121495389623872,geom2,24
mixture,0.45,382.97764074883264,771.9552814976653,780.0838721016023,10.30440163485847,0.07292209205044303,0.1330613328716311,geom2,24
mixture,0.5,383.0030263272622,772.0060526545244,780.1346432584614,10.447666427048127,0.13458041692781691,0.07426754775472783,geom2,24
mixture,0.1,383.0043869485114,772.0087738970228,780.1373645009598,10.416683278913288,0.05479770345703037,0.10475117234615526,geom2,24
mixture,0.05,383.0980296539517,772.1960593079034,780.3246499118404,10.985976085500441,0.0494536976606934,0.09523876986779611,geom2,24
mixture,0.3,383.1142560574781,772.2285121149562,780.3571027188932,11.093957096834313,0.13850091847950685,0.0784058392213328,geom2,24
mixture,0.25,383.1424345302015,772.284869060403,780.41345966434,11.26437133684847,0.1391244327308291,0.07921905796238891,geom2,24
mixture,0.2,383.17031556179074,772.3406311235815,780.4692217275185,11.436114305262986,0.13965359964212273,0.07996801749825404,geom2,24
mixture,0.007250000000000005,383.238036883678,772.476073767356,780.604664371293,11.858505288685095,0.042027422378386615,0.08495208760492487,geom2,24
mixture,0.005750000000000003,383.2453575921993,772.4907151843986,780.6193057883356,11.907151273891946,0.041607525870972537,0.08448073679984207,geom2,24
mixture,0.005250000000000003,383.24787185915585,772.4957437183117,780.6243343222487,11.923925773650309,0.04145639554605084,0.08432023619111764,geom2,24
mixture,0.008250000000000006,383.27282360519945,772.5456472103989,780.6742378143359,12.097650101018177,0.14105903389290655,0.08237698266615069,geom2,24
mixture,0.008000000000000005,383.2729518767643,772.5459037535286,780.6744943574656,12.098596561509396,0.14103720787170185,0.0823792048354601,geom2,24
mixture,0.010000000000000007,383.2730340568641,772.5460681137282,780.6746587176652,12.074539343518573,0.17400192542750206,0.08238281926072777,geom2,24
mixture,0.007750000000000005,383.2730801368729,772.5461602737458,780.6747508776829,12.09946000166123,0.14103979468151542,0.08238192504350482,geom2,24
mixture,0.009750000000000007,383.2731346001549,772.5462692003098,780.6748598042468,12.075829211764596,0.1740030161389121,0.08238492772181057,geom2,24
mixture,0.007500000000000005,383.27320838270504,772.5464167654101,780.6750073693471,12.10034451998245,0.1410678311124298,0.08238443475916574,geom2,24
mixture,0.009500000000000007,383.2732351509816,772.5464703019632,780.6750609059002,12.077119073672053,0.17400442186129977,0.08238703471597911,geom2,24
mixture,0.009250000000000006,383.273335709069,772.546671418138,780.675262022075,12.078408529231593,0.17400616204639044,0.08238914299757169,geom2,24
mixture,0.009000000000000006,383.27343627365633,772.5468725473127,780.6754631512497,12.079698008311668,0.17400825046200324,0.08239124965005501,geom2,24
mixture,0.0070000000000000045,383.2734648330456,772.5469296660912,780.6755202700282,12.101967173209077,0.1411128112514997,0.08239049271257967,geom2,24
mixture,0.008750000000000006,383.2735368442354,772.5470736884708,780.6756642924079,12.080987352472194,0.17401070623546502,0.08239335578083933,geom2,24
mixture,0.006750000000000004,383.27359302840165,772.5471860568033,780.6757766607403,12.102903147305389,0.1410576189157736,0.08239285363402483,geom2,24
mixture,0.008500000000000006,383.27363742045895,772.5472748409179,780.6758654448549,12.082276410322166,0.17401355426334464,0.08239546244142128,geom2,24
mixture,0.006500000000000004,383.2737212259645,772.547442451929,780.676033055866,12.103735315231157,0.14116556132277974,0.08239554944155005,geom2,24
mixture,0.006250000000000004,383.27384938469197,772.5476987693839,780.676289373321,12.104628496134888,0.1410588280626436,0.08239830609262604,geom2,24
mixture,0.006000000000000004,383.27397754122404,772.5479550824481,780.6765456863851,12.105485774468189,0.1410852761097279,0.08240101432838914,geom2,24
mixture,0.005500000000000003,383.2742338072475,772.548467614495,780.6770582184321,12.107209156924428,0.14105438211350685,0.08240653871811393,geom2,24
mixture,0.005000000000000003,383.274490025339,772.548980050678,780.677570654615,12.108997205748256,0.14115953447681923,0.08241137307734528,geom2,24
mixture,0.0047500000000000025,383.2746183995532,772.5492367991064,780.6778274030435,12.10976535730996,0.1417144120013863,0.08241384761792041,geom2,24
mixture,0.004500000000000002,383.27474616173464,772.5494923234693,780.6780829274063,12.110643832399846,0.14107380793494398,0.0824174984705408,geom2,24
mixture,0.004250000000000002,383.2748742129736,772.5497484259472,780.6783390298842,12.111515930982259,0.1410596727006081,0.08242017355747985,geom2,24
mixture,0.004000000000000002,383.2754477694156,772.5508955388312,780.6794861427683,12.105468337904568,0.17417132024043094,0.08243325458339318,geom2,24
mixture,0.0037500000000000016,383.2755482616749,772.5510965233498,780.6796871272868,12.106756910851576,0.17418994664314066,0.08243534530662489,geom2,24
mixture,0.0035000000000000014,383.2756487316241,772.5512974632481,780.6798880671852,12.108045230928733,0.17421038372699219,0.08243743748385217,geom2,24
mixture,0.003250000000000001,383.27574917578204,772.5514983515641,780.6800889555011,12.109333880946098,0.17423285490243012,0.08243952728269642,geom2,24
mixture,0.003000000000000001,383.275849590361,772.551699180722,780.6802897846591,12.110622595024411,0.1742576370641262,0.08244161667352809,geom2,24
mixture,0.0027500000000000007,383.275949970903,772.551899941806,780.680490545743,12.111911507960006,0.17428506431948323,0.0824437049210457,geom2,24
mixture,0.0025000000000000005,383.2760503122299,772.5521006244599,780.6806912283969,12.113200531587195,0.17431555117745706,0.08244579283966946,geom2,24
mixture,0.0022500000000000003,383.27615060829356,772.5523012165871,780.6808918205242,12.114490052282582,0.17434962704652565,0.08244787804499779,geom2,24
mixture,0.002,383.27625085199014,772.5525017039803,780.6810923079173,12.115779993061208,0.17438798821036208,0.08244996135448676,geom2,24
null,,383.2770487981552,768.5540975963104,771.2636277976227,12.12612649271803,0.08246656511463236,,geom2,24
sum,,384.20494532424595,770.4098906484919,773.1194208498042,18.50942097545659,0.10805308294905558,,geom2,24
mixture,0.05,468.0959033754925,942.191806750985,950.8173987205885,12.716177795925486,0.04590557266679321,0.08170647559177026,geom2,25
mixture,0.010000000000000007,468.10131590138803,942.2026318027761,950.8282237723795,12.943322375711588,0.03406397746351733,0.07826237215651631,geom2,25
mixture,0.009250000000000006,468.10304660216,942.20609320432,950.8316851739235,12.954463926168573,0.033543567318851324,0.0781428500933768,geom2,25
mixture,0.008500000000000006,468.1050757779867,942.2101515559734,950.8357435255768,12.966537068482127,0.03298579848357432,0.07801649776078676,geom2,25
mixture,0.1,468.1104745607663,942.2209491215326,950.846541091136,12.626492859072322,0.05151563557348063,0.08422759148834046,geom2,25
mixture,0.15000000000000002,468.12366370687386,942.2473274137477,950.8729193833511,12.581849758692552,0.05492151562119516,0.08628846205446679,geom2,25
mixture,0.35000000000000003,468.166877218624,942.333754437248,950.9593464068514,12.55515330830453,0.06248742950296321,0.093471023616656,geom2,25
mixture,0.4,468.17690556580726,942.3538111316145,950.9794031012179,12.573927675922551,0.06377085451761912,0.09521588153621104,geom2,25
mixture,0.45,468.1869902184443,942.3739804368886,950.999572406492,12.602618646285173,0.06493253067566386,0.09696160797617516,geom2,25
mixture,0.5,468.19723935956506,942.3944787191301,951.0200706887335,12.642103891313525,0.09869628256144071,0.06599739192029305,geom2,25
mixture,0.3,468.2411399088087,942.4822798176174,951.1078717872208,12.917060290590294,0.10522350274203911,0.06954112438790595,geom2,25
mixture,0.25,468.25295680200935,942.5059136040187,951.1315055736221,13.014755989203877,0.1066643083442974,0.07028424900812366,geom2,25
mixture,0.2,468.26508928290014,942.5301785658003,951.1557705354037,13.12268444251225,0.10800333209091555,0.07097931215943669,geom2,25
mixture,0.009750000000000007,468.3134493478393,942.6268986956786,951.252490665282,13.60643709277485,0.1121096956984492,0.07324622157435397,geom2,25
mixture,0.009500000000000007,468.3135144973553,942.6270289947106,951.252620964314,13.607119620051428,0.1121595698140279,0.07324872936755189,geom2,25
mixture,0.009000000000000006,468.31364480918023,942.6272896183605,951.2528815879639,13.60850075833077,0.11217504310224198,0.0732540134573257,geom2,25
mixture,0.008750000000000006,468.3137099689765,942.627419937953,951.2530119075565,13.609201894997453,0.1121765449060475,0.07325662255022204,geom2,25
mixture,0.008250000000000006,468.31384029682897,942.6276805936579,951.2532725632614,13.610596615345582,0.11217478916828073,0.07326189607913351,geom2,25
mixture,0.008000000000000005,468.3139054650172,942.6278109300345,951.2534028996379,13.611294123256428,0.11218167777053217,0.07326450333580317,geom2,25
mixture,0.007750000000000005,468.3139706359269,942.6279412718538,951.2535332414573,13.6119982755759,0.11217591915413248,0.07326711713668395,geom2,25
mixture,0.0022500000000000003,468.31599225866364,942.6319845173273,951.2575764869307,13.633588576916738,0.07334826028554316,0.07334826002341571,geom2,25
mixture,0.007250000000000005,468.31599225866375,942.6319845173275,951.2575764869309,13.63358860901999,0.07334826013237257,0.07334825984923833,geom2,25
mixture,0.003000000000000001,468.31599225866375,942.6319845173275,951.2575764869309,13.633588666296161,0.07334826022267699,0.07334825954110241,geom2,25
mixture,0.002,468.31599225866375,942.6319845173275,951.2575764869309,13.633588616792698,0.07334826050131389,0.07334825980808769,geom2,25
mixture,0.006250000000000004,468.31599225866375,942.6319845173275,951.2575764869309,13.633588666901778,0.07334825927418542,0.07334825954156003,geom2,25
mixture,0.006000000000000004,468.31599225866375,942.6319845173275,951.2575764869309,13.633588694016593,0.07334826039153204,0.07334825938799087,geom2,25
mixture,0.005500000000000003,468.31599225866375,942.6319845173275,951.2575764869309,13.633588611469994,0.07334826067434903,0.07334825983348536,geom2,25
mixture,0.006750000000000004,468.3159922586638,942.6319845173276,951.257576486931,13.633588579237758,0.07334826012605626,0.0733482600107401,geom2,25
mixture,0.0025000000000000005,468.3159922586638,942.6319845173276,951.257576486931,13.633588688988267,0.07334825926989987,0.07334825942144321,geom2,25
mixture,0.005750000000000003,468.31599225866387,942.6319845173277,951.2575764869312,13.633588779719075,0.07334826041524213,0.07334825892436303,geom2,25
mixture,0.0037500000000000016,468.31599225866387,942.6319845173277,951.2575764869312,13.633588690495083,0.07334825927872167,0.07334825941346301,geom2,25
mixture,0.004000000000000002,468.31599225866387,942.6319845173277,951.2575764869312,13.633588629837838,0.07334826087175125,0.07334825973474368,geom2,25
mixture,0.004250000000000002,468.31599225866387,942.6319845173277,951.2575764869312,13.633588630631461,0.07334825969127884,0.07334825973520875,geom2,25
mixture,0.007500000000000005,468.31599225866387,942.6319845173277,951.2575764869312,13.633588593060356,0.07334826110997712,0.07334825992829072,geom2,25
mixture,0.0070000000000000045,468.31599225866387,942.6319845173277,951.2575764869312,13.63358868158548,0.07334825990176577,0.07334825945778323,geom2,25
mixture,0.003250000000000001,468.3159922586639,942.6319845173279,951.2575764869313,13.633588615622358,0.07334825928920942,0.07334825981748744,geom2,25
mixture,0.005000000000000003,468.3159922586639,942.6319845173279,951.2575764869313,13.633588682956065,0.07334826107542285,0.07334825944536712,geom2,25
mixture,0.005250000000000003,468.3159922586639,942.6319845173279,951.2575764869313,13.633588789653531,0.07334826015226273,0.0733482588727712,geom2,25
mixture,0.0027500000000000007,468.3159922586639,942.6319845173279,951.2575764869313,13.633588724181262,0.07334825999436485,0.07334825922962415,geom2,25
mixture,0.0047500000000000025,468.315992258664,942.631984517328,951.2575764869314,13.63358878399754,0.07334826099308636,0.0733482588999753,geom2,25
mixture,0.004500000000000002,468.315992258664,942.631984517328,951.2575764869314,13.633588809301527,0.07334825690979418,0.07334825878220884,geom2,25
mixture,0.006500000000000004,468.315992258664,942.631984517328,951.2575764869314,13.633588805430582,0.07334825929670585,0.07334825879132353,geom2,25
mixture,0.0035000000000000014,468.3159922586641,942.6319845173282,951.2575764869316,13.633588867216913,0.07334825834148122,0.0733482584626241,geom2,25
null,,468.31599225866387,938.6319845173277,941.5071818405289,13.633586671377758,0.07334827027574424,,geom2,25
sum,,469.03521774781825,940.0704354956365,942.9456328188377,20.72699825672869,0.09649250582393096,,geom2,25
mixture,0.008250000000000006,431.4236716665058,868.8473433330116,877.3081880298267,12.435484215494794,0.08041504620478782,0.08041504314241404,geom2,26
mixture,0.0035000000000000014,431.42367166650587,868.8473433330117,877.3081880298269,12.435484197663085,0.0804150459359653,0.08041504327367076,geom2,26
mixture,0.005750000000000003,431.42367166650587,868.8473433330117,877.3081880298269,12.435484219881884,0.08041504570423957,0.0804150431244755,geom2,26
mixture,0.0037500000000000016,431.42367166650587,868.8473433330117,877.3081880298269,12.435484163785938,0.08041504384160618,0.08041504350077992,geom2,26
mixture,0.005000000000000003,431.4236716665059,868.8473433330118,877.308188029827,12.43548409712553,0.08041504492682593,0.08041504392812937,geom2,26
mixture,0.0027500000000000007,431.4236716665059,868.8473433330118,877.308188029827,12.435484154334919,0.08041504759670187,0.08041504355205101,geom2,26
mixture,0.007500000000000005,431.4236716665059,868.8473433330118,877.308188029827,12.435484125013254,0.08041504447263942,0.08041504374734497,geom2,26
mixture,0.5,431.4236716665059,868.8473433330118,877.308188029827,12.435484344504397,0.08041504233342782,0.08041504233342782,geom2,26
mixture,0.45,431.4236716665059,868.8473433330118,877.308188029827,12.435484223298424,0.0804150429579935,0.08041504324748866,geom2,26
mixture,0.004500000000000002,431.423671666506,868.847343333012,877.3081880298271,12.435484172853423,0.08041504624012062,0.0804150434307804,geom2,26
mixture,0.0047500000000000025,431.423671666506,868.847343333012,877.3081880298271,12.435484300272165,0.08041504472576834,0.08041504260940632,geom2,26
mixture,0.009250000000000006,431.423671666506,868.847343333012,877.3081880298271,12.43548429662863,0.08041504272794944,0.08041504264222732,geom2,26
mixture,0.006000000000000004,431.423671666506,868.847343333012,877.3081880298271,12.435484176818411,0.08041504345724236,0.08041504341754432,geom2,26
mixture,0.006500000000000004,431.423671666506,868.847343333012,877.3081880298271,12.435484155287238,0.08041504432135786,0.08041504355201483,geom2,26
mixture,0.009500000000000007,431.423671666506,868.847343333012,877.3081880298271,12.435484183689706,0.08041504205272476,0.08041504338601502,geom2,26
mixture,0.004250000000000002,431.423671666506,868.847343333012,877.3081880298271,12.435484401412074,0.08041503955397349,0.08041504197572227,geom2,26
mixture,0.1,431.423671666506,868.847343333012,877.3081880298271,12.435484197853983,0.0804150479336494,0.08041504276487713,geom2,26
mixture,0.15000000000000002,431.423671666506,868.847343333012,877.3081880298271,12.435484159809599,0.08041504697487468,0.08041504291945903,geom2,26
mixture,0.2,431.423671666506,868.847343333012,877.3081880298271,12.435484505323306,0.08041503883743617,0.08041504190749055,geom2,26
mixture,0.35000000000000003,431.423671666506,868.847343333012,877.3081880298271,12.43548439108379,0.08041504126409249,0.08041504244582481,geom2,26
mixture,0.003250000000000001,431.423671666506,868.847343333012,877.3081880298271,12.435484224825263,0.08041504062625851,0.08041504311543222,geom2,26
mixture,0.05,431.423671666506,868.847343333012,877.3081880298271,12.4354841709197,0.08041504683967969,0.08041504327783476,geom2,26
mixture,0.0022500000000000003,431.423671666506,868.847343333012,877.3081880298271,12.435484289448945,0.0804150408361958,0.08041504269362747,geom2,26
mixture,0.009750000000000007,431.42367166650604,868.8473433330121,877.3081880298272,12.435484228132113,0.08041504518638777,0.08041504306527757,geom2,26
mixture,0.25,431.42367166650604,868.8473433330121,877.3081880298272,12.435484386632009,0.0804150386972713,0.08041504318225134,geom2,26
mixture,0.008500000000000006,431.42367166650604,868.8473433330121,877.3081880298272,12.435484323101656,0.0804150433450601,0.08041504246434425,geom2,26
mixture,0.005500000000000003,431.42367166650604,868.8473433330121,877.3081880298272,12.43548446128776,0.08041503973404601,0.08041504158843814,geom2,26
mixture,0.003000000000000001,431.42367166650604,868.8473433330121,877.3081880298272,12.435484369363781,0.08041504203497149,0.080415042173087,geom2,26
mixture,0.0025000000000000005,431.42367166650604,868.8473433330121,877.3081880298272,12.435484501298081,0.08041504184156888,0.08041504131820067,geom2,26
mixture,0.002,431.42367166650604,868.8473433330121,877.3081880298272,12.435484296247948,0.08041504286949573,0.08041504264503303,geom2,26
mixture,0.007250000000000005,431.42367166650604,868.8473433330121,877.3081880298272,12.435484284313619,0.08041504452969488,0.08041504270945954,geom2,26
mixture,0.0070000000000000045,431.42367166650604,868.8473433330121,877.3081880298272,12.435484053622561,0.08041504413818412,0.08041504421497578,geom2,26
mixture,0.4,431.42367166650604,868.8473433330121,877.3081880298272,12.435484412912647,0.08041504338762866,0.08041504089334837,geom2,26
mixture,0.3,431.42367166650604,868.8473433330121,877.3081880298272,12.43548422868119,0.08041504183019277,0.08041504361907133,geom2,26
mixture,0.010000000000000007,431.4236716665061,868.8473433330122,877.3081880298273,12.435484345078052,0.0804150456147441,0.08041504229653616,geom2,26
mixture,0.007750000000000005,431.4236716665061,868.8473433330122,877.3081880298273,12.435484177894635,0.08041504485900261,0.08041504339951197,geom2,26
mixture,0.005250000000000003,431.4236716665061,868.8473433330122,877.3081880298273,12.435484552960656,0.08041504065998117,0.0804150409871466,geom2,26
mixture,0.008750000000000006,431.4236716665061,868.8473433330122,877.3081880298273,12.435484329150773,0.08041504347112936,0.0804150424235469,geom2,26
mixture,0.004000000000000002,431.42367166650615,868.8473433330123,877.3081880298274,12.435484288001954,0.08041504244444156,0.08041504269982687,geom2,26
mixture,0.006250000000000004,431.42367166650615,868.8473433330123,877.3081880298274,12.435484356954872,0.08041504166965935,0.08041504225658412,geom2,26
mixture,0.009000000000000006,431.42367166650615,868.8473433330123,877.3081880298274,12.435484460314358,0.08041504433685566,0.0804150415595377,geom2,26
mixture,0.008000000000000005,431.42367166650615,868.8473433330123,877.3081880298274,12.435484423039119,0.08041503908201633,0.08041504184770232,geom2,26
mixture,0.006750000000000004,431.42367166650615,868.8473433330123,877.3081880298274,12.43548442195727,0.08041504189453348,0.08041504183215162,geom2,26
null,,431.42367166650604,864.8473433330121,867.6676248986171,12.43548446398691,0.08041504156078472,,geom2,26
sum,,430.51704312039897,863.0340862407979,865.8543678064029,18.722861929013874,0.10682127591298962,,geom2,26
mixture,0.0037500000000000016,503.823260535042,1013.646521070084,1022.3623454053993,15.86666686797697,0.0630252095380876,0.06302520928343851,geom2,27
mixture,0.008000000000000005,503.823260535042,1013.646521070084,1022.3623454053993,15.866666969127802,0.06302520794706398,0.06302520889014912,geom2,27
mixture,0.007250000000000005,503.823260535042,1013.646521070084,1022.3623454053993,15.866666897989717,0.0630252102097298,0.0630252091575492,geom2,27
mixture,0.006250000000000004,503.823260535042,1013.646521070084,1022.3623454053993,15.86666675409295,0.06302520904401655,0.06302520974111782,geom2,27
mixture,0.007750000000000005,503.82326053504204,1013.6465210700841,1022.3623454053993,15.866666921062253,0.06302520924434583,0.06302520907219514,geom2,27
mixture,0.004250000000000002,503.82326053504204,1013.6465210700841,1022.3623454053993,15.866666838355657,0.06302520852106525,0.06302520940581473,geom2,27
mixture,0.005500000000000003,503.82326053504204,1013.6465210700841,1022.3623454053993,15.866666909156656,0.06302520801913296,0.06302520912691324,geom2,27
mixture,0.009500000000000007,503.82326053504204,1013.6465210700841,1022.3623454053993,15.866666962542817,0.06302521001698784,0.06302520889813204,geom2,27
mixture,0.006000000000000004,503.82326053504204,1013.6465210700841,1022.3623454053993,15.866666833331161,0.0630252086452076,0.0630252094267017,geom2,27
mixture,0.0070000000000000045,503.8232605350421,1013.6465210700842,1022.3623454053995,15.866666799627392,0.06302520975684685,0.06302520955447345,geom2,27
mixture,0.008500000000000006,503.8232605350421,1013.6465210700842,1022.3623454053995,15.866667057816711,0.06302520788719196,0.06302520853582982,geom2,27
mixture,0.003000000000000001,503.8232605350421,1013.6465210700842,1022.3623454053995,15.866667046665867,0.06302520953240752,0.06302520857172748,geom2,27
mixture,0.004500000000000002,503.8232605350421,1013.6465210700842,1022.3623454053995,15.866666942242924,0.06302520685950544,0.06302520899902377,geom2,27
mixture,0.0047500000000000025,503.8232605350421,1013.6465210700842,1022.3623454053995,15.86666678211915,0.06302521092078743,0.06302520961925362,geom2,27
mixture,0.003250000000000001,503.8232605350421,1013.6465210700842,1022.3623454053995,15.86666687588406,0.06302520823791084,0.06302520925629483,geom2,27
mixture,0.005750000000000003,503.8232605350421,1013.6465210700842,1022.3623454053995,15.866666779586268,0.06302521057030085,0.06302520963009076,geom2,27
mixture,0.008750000000000006,503.8232605350421,1013.6465210700842,1022.3623454053995,15.866666898619778,0.06302520796122756,0.06302520917328025,geom2,27
mixture,0.009000000000000006,503.8232605350421,1013.6465210700842,1022.3623454053995,15.86666672164312,0.0630252107422879,0.06302520985769608,geom2,27
mixture,0.008250000000000006,503.8232605350421,1013.6465210700842,1022.3623454053995,15.866666867874832,0.06302520797501425,0.06302520929569477,geom2,27
mixture,0.006500000000000004,503.82326053504215,1013.6465210700843,1022.3623454053995,15.86666672903787,0.06302521180029153,0.06302520982343458,geom2,27
mixture,0.0022500000000000003,503.82326053504215,1013.6465210700843,1022.3623454053995,15.866666975581857,0.06302520748082181,0.0630252088600711,geom2,27
mixture,0.0027500000000000007,503.82326053504215,1013.6465210700843,1022.3623454053995,15.866666851592303,0.06302521015325731,0.06302520934725975,geom2,27
mixture,0.005250000000000003,503.82326053504215,1013.6465210700843,1022.3623454053995,15.866666955152391,0.06302520885591258,0.0630252089385511,geom2,27
mixture,0.002,503.82326053504215,1013.6465210700843,1022.3623454053995,15.86666682033999,0.06302520823751137,0.06302520947609312,geom2,27
mixture,0.009750000000000007,503.82326053504215,1013.6465210700843,1022.3623454053995,15.866666801435235,0.06302521010903543,0.06302520954319202,geom2,27
mixture,0.007500000000000005,503.82326053504215,1013.6465210700843,1022.3623454053995,15.866667107527947,0.06302521017830544,0.0630252083189091,geom2,27
mixture,0.5,503.82326053504215,1013.6465210700843,1022.3623454053995,15.86666732726164,0.0630252074600335,0.0630252074600335,geom2,27
mixture,0.0025000000000000005,503.8232605350422,1013.6465210700844,1022.3623454053998,15.86666688161302,0.06302520851130293,0.06302520923203046,geom2,27
mixture,0.005000000000000003,503.8232605350422,1013.6465210700844,1022.3623454053998,15.86666675575293,0.06302520884242808,0.06302520973462819,geom2,27
mixture,0.004000000000000002,503.8232605350422,1013.6465210700844,1022.3623454053998,15.866666734163733,0.06302520782246153,0.06302520982392919,geom2,27
mixture,0.006750000000000004,503.8232605350422,1013.6465210700844,1022.3623454053998,15.866666944598123,0.0630252095930099,0.063025208975875,geom2,27
mixture,0.0035000000000000014,503.8232605350422,1013.6465210700844,1022.3623454053998,15.86666681708357,0.06302521028453066,0.0630252094837483,geom2,27
mixture,0.009250000000000006,503.8232605350422,1013.6465210700844,1022.3623454053998,15.866667344497044,0.06302520500860416,0.06302520741381967,geom2,27
mixture,0.3,503.8232605350422,1013.6465210700844,1022.3623454053998,15.866667426206835,0.06302520898003716,0.06302520624713509,geom2,27
mixture,0.4,503.8232605350422,1013.6465210700844,1022.3623454053998,15.866667356878233,0.06302520450896386,0.06302520923134282,geom2,27
mixture,0.25,503.8232605350422,1013.6465210700844,1022.3623454053998,15.866667544108862,0.06302520953172538,0.0630252056209956,geom2,27
mixture,0.45,503.8232605350422,1013.6465210700844,1022.3623454053998,15.866667284887797,0.06302520880985693,0.06302520666166235,geom2,27
mixture,0.010000000000000007,503.82326053504227,1013.6465210700845,1022.3623454053998,15.866667028809438,0.06302520924943472,0.06302520863943846,geom2,27
mixture,0.2,503.82326053504227,1013.6465210700845,1022.3623454053998,15.866667478567038,0.06302521092344965,0.06302520584291481,geom2,27
mixture,0.35000000000000003,503.8232605350424,1013.6465210700848,1022.3623454054,15.866667474980659,0.06302520159411022,0.06302520971589093,geom2,27
mixture,0.1,503.82326053504244,1013.6465210700849,1022.3623454054002,15.866667810520525,0.06302520927905868,0.06302520512504221,geom2,27
mixture,0.05,503.82326053504244,1013.6465210700849,1022.3623454054002,15.86666767905664,0.06302520832263755,0.06302520594369444,geom2,27
mixture,0.15000000000000002,503.82326053504244,1013.6465210700849,1022.3623454054002,15.866667778245482,0.06302520928613725,0.06302520503026524,geom2,27
null,,503.82326053504295,1009.6465210700859,1012.5517958485243,15.866668506193605,0.06302520277710767,,geom2,27
sum,,502.83279266029473,1007.6655853205895,1010.5708600990279,23.84546310582034,0.08387339726322314,,geom2,27
mixture,0.0022500000000000003,468.87186922608765,943.7437384521753,952.4595627874905,12.3629633587505,0.08088675525780385,0.08088675595009814,geom2,28
mixture,0.005500000000000003,468.87186922608765,943.7437384521753,952.4595627874905,12.362963377733761,0.08088675534783009,0.08088675582697462,geom2,28
mixture,0.008000000000000005,468.87186922608765,943.7437384521753,952.4595627874905,12.36296336245122,0.08088675527784837,0.08088675592954145,geom2,28
mixture,0.0035000000000000014,468.8718692260877,943.7437384521754,952.4595627874908,12.362963503344677,0.0808867533262155,0.08088675500839654,geom2,28
mixture,0.004250000000000002,468.8718692260877,943.7437384521754,952.4595627874908,12.362963462925693,0.08088675526858,0.08088675526694994,geom2,28
mixture,0.0047500000000000025,468.8718692260877,943.7437384521754,952.4595627874908,12.362963434011181,0.08088675547718023,0.08088675545603444,geom2,28
mixture,0.003250000000000001,468.8718692260877,943.7437384521754,952.4595627874908,12.362963502644899,0.08088675468115004,0.08088675500815007,geom2,28
mixture,0.002,468.8718692260877,943.7437384521754,952.4595627874908,12.362963419520172,0.08088675567675684,0.08088675555069261,geom2,28
mixture,0.006500000000000004,468.8718692260877,943.7437384521754,952.4595627874908,12.362963446425624,0.08088675523630759,0.08088675537581815,geom2,28
mixture,0.007500000000000005,468.8718692260877,943.7437384521754,952.4595627874908,12.362963446479732,0.08088675697431005,0.0808867553624685,geom2,28
mixture,0.007250000000000005,468.8718692260877,943.7437384521754,952.4595627874908,12.362963368605776,0.08088675774300971,0.08088675587048488,geom2,28
mixture,0.008750000000000006,468.8718692260877,943.7437384521754,952.4595627874908,12.36296344531851,0.08088675587685686,0.08088675537778794,geom2,28
mixture,0.006250000000000004,468.8718692260877,943.7437384521754,952.4595627874908,12.362963364102324,0.08088675671267263,0.0808867559084992,geom2,28
mixture,0.35000000000000003,468.8718692260877,943.7437384521754,952.4595627874908,12.36296334320447,0.08088675799462969,0.08088675500328095,geom2,28
mixture,0.1,468.8718692260877,943.7437384521754,952.4595627874908,12.362963368679592,0.08088675978521896,0.08088675545006206,geom2,28
mixture,0.010000000000000007,468.8718692260877,943.7437384521754,952.4595627874908,12.362963287100367,0.0808867575474384,0.08088675640590816,geom2,28
mixture,0.25,468.8718692260877,943.7437384521754,952.4595627874908,12.36296346500182,0.08088675820123152,0.08088675427075413,geom2,28
mixture,0.5,468.8718692260877,943.7437384521754,952.4595627874908,12.36296331341316,0.08088675624516761,0.08088675624516761,geom2,28
mixture,0.45,468.8718692260877,943.7437384521754,952.4595627874908,12.3629634268022,0.0808867543696787,0.08088675643080992,geom2,28
mixture,0.2,468.87186922608777,943.7437384521755,952.4595627874908,12.362963444954953,0.08088675813139305,0.08088675469781856,geom2,28
mixture,0.3,468.87186922608777,943.7437384521755,952.4595627874908,12.36296329693698,0.08088674941891148,0.08088675932470368,geom2,28
mixture,0.006000000000000004,468.87186922608777,943.7437384521755,952.4595627874908,12.362963349722392,0.08088675699107792,0.08088675600167194,geom2,28
mixture,0.009250000000000006,468.87186922608777,943.7437384521755,952.4595627874908,12.362963326935027,0.08088675666195574,0.08088675615198128,geom2,28
mixture,0.4,468.87186922608777,943.7437384521755,952.4595627874908,12.36296334826707,0.08088675393217805,0.08088675740709814,geom2,28
mixture,0.005750000000000003,468.87186922608777,943.7437384521755,952.4595627874908,12.36296330087602,0.08088675710832605,0.08088675632267646,geom2,28
mixture,0.008500000000000006,468.8718692260878,943.7437384521756,952.459562787491,12.36296352018773,0.08088675436514002,0.08088675489682978,geom2,28
mixture,0.004000000000000002,468.8718692260878,943.7437384521756,952.459562787491,12.36296347988539,0.08088675528103757,0.08088675515549301,geom2,28
mixture,0.005250000000000003,468.8718692260878,943.7437384521756,952.459562787491,12.362963560921342,0.08088675507747,0.0808867546234202,geom2,28
mixture,0.0027500000000000007,468.8718692260878,943.7437384521756,952.459562787491,12.362963495902225,0.0808867542511966,0.08088675505340846,geom2,28
mixture,0.0025000000000000005,468.8718692260878,943.7437384521756,952.459562787491,12.362963530289546,0.08088675439305493,0.08088675482730322,geom2,28
mixture,0.003000000000000001,468.8718692260878,943.7437384521756,952.459562787491,12.362963590500495,0.08088675356566509,0.08088675443488505,geom2,28
mixture,0.004500000000000002,468.8718692260878,943.7437384521756,952.459562787491,12.362963380664414,0.0808867562482924,0.08088675580316194,geom2,28
mixture,0.0037500000000000016,468.8718692260878,943.7437384521756,952.459562787491,12.362963561851371,0.0808867548048001,0.08088675461902241,geom2,28
mixture,0.15000000000000002,468.8718692260878,943.7437384521756,952.459562787491,12.362963632508865,0.08088674314723782,0.08088675610040613,geom2,28
mixture,0.05,468.8718692260878,943.7437384521756,952.459562787491,12.362963348401678,0.08088676071324433,0.08088675576903914,geom2,28
mixture,0.006750000000000004,468.8718692260878,943.7437384521756,952.459562787491,12.362963371902886,0.08088675630204568,0.08088675585950161,geom2,28
mixture,0.009750000000000007,468.8718692260878,943.7437384521756,952.459562787491,12.362963374187457,0.08088675694770942,0.08088675583670935,geom2,28
mixture,0.008250000000000006,468.8718692260878,943.7437384521756,952.459562787491,12.362963371466636,0.08088675452469227,0.08088675587649541,geom2,28
mixture,0.007750000000000005,468.8718692260879,943.7437384521758,952.459562787491,12.362963429971964,0.08088675510033347,0.08088675548554754,geom2,28
mixture,0.0070000000000000045,468.8718692260879,943.7437384521758,952.459562787491,12.362963528843967,0.08088675398326561,0.08088675484168446,geom2,28
mixture,0.009500000000000007,468.87186922608794,943.7437384521759,952.4595627874912,12.362963599199443,0.08088675288876954,0.08088675438962117,geom2,28
mixture,0.009000000000000006,468.87186922608794,943.7437384521759,952.4595627874912,12.362963520044364,0.08088675408380577,0.08088675490059954,geom2,28
mixture,0.005000000000000003,468.87186922608794,943.7437384521759,952.4595627874912,12.362963566376674,0.08088675517773516,0.08088675458715863,geom2,28
null,,468.8718692260878,939.7437384521756,942.6490132306141,12.362963429476583,0.08088675548580325,,geom2,28
sum,,468.5636380209452,939.1272760418904,942.0325508203288,18.719115840136347,0.1068426530975211,,geom2,28
mixture,0.005250000000000003,494.453442851175,994.90688570235,1003.6448503595582,14.455881704503366,0.06917599433773888,0.06917599496793773,geom2,29
mixture,0.009500000000000007,494.453442851175,994.90688570235,1003.6448503595582,14.45588183280191,0.06917599255456659,0.06917599436790656,geom2,29
mixture,0.009250000000000006,494.453442851175,994.90688570235,1003.6448503595582,14.455881829883925,0.0691759927679188,0.06917599437955091,geom2,29
mixture,0.009750000000000007,494.453442851175,994.90688570235,1003.6448503595582,14.455881651430438,0.06917599266479645,0.06917599524374478,geom2,29
mixture,0.005750000000000003,494.45344285117505,994.9068857023501,1003.6448503595583,14.455881702521602,0.06917599468975445,0.06917599497575708,geom2,29
mixture,0.0022500000000000003,494.45344285117505,994.9068857023501,1003.6448503595583,14.455881597968625,0.0691759961439124,0.06917599547292211,geom2,29
mixture,0.0047500000000000025,494.45344285117505,994.9068857023501,1003.6448503595583,14.455881803447125,0.06917599213324836,0.0691759945024053,geom2,29
mixture,0.0037500000000000016,494.45344285117505,994.9068857023501,1003.6448503595583,14.4558817810814,0.06917599509272179,0.0691759945963174,geom2,29
mixture,0.008750000000000006,494.45344285117505,994.9068857023501,1003.6448503595583,14.455881795677307,0.0691759923840213,0.06917599454726121,geom2,29
mixture,0.007500000000000005,494.45344285117505,994.9068857023501,1003.6448503595583,14.455881693031433,0.06917599449997706,0.0691759950234521,geom2,29
mixture,0.006750000000000004,494.45344285117505,994.9068857023501,1003.6448503595583,14.455881722273665,0.06917599254676239,0.06917599489544626,geom2,29
mixture,0.008000000000000005,494.45344285117505,994.9068857023501,1003.6448503595583,14.455881540759679,0.06917599404478414,0.06917599576193204,geom2,29
mixture,0.006000000000000004,494.45344285117505,994.9068857023501,1003.6448503595583,14.455881663009658,0.06917599338118395,0.06917599517394636,geom2,29
mixture,0.005000000000000003,494.45344285117505,994.9068857023501,1003.6448503595583,14.45588178680998,0.06917599564292005,0.06917599456537814,geom2,29
mixture,0.008500000000000006,494.45344285117505,994.9068857023501,1003.6448503595583,14.45588165395402,0.06917599443138289,0.06917599521316908,geom2,29
mixture,0.008250000000000006,494.45344285117505,994.9068857023501,1003.6448503595583,14.455881742144856,0.0691759942360991,0.06917599478906465,geom2,29
mixture,0.4,494.45344285117505,994.9068857023501,1003.6448503595583,14.455883024014744,0.06917598833503982,0.06917598886055319,geom2,29
mixture,0.45,494.45344285117505,994.9068857023501,1003.6448503595583,14.455883059513356,0.06917598859742624,0.06917598838478893,geom2,29
mixture,0.25,494.45344285117505,994.9068857023501,1003.6448503595583,14.45588314896514,0.06917599018454233,0.0691759873417133,geom2,29
mixture,0.5,494.45344285117505,994.9068857023501,1003.6448503595583,14.455883133060164,0.0691759881285309,0.0691759881285309,geom2,29
mixture,0.05,494.45344285117505,994.9068857023501,1003.6448503595583,14.455883258211392,0.06917599065947945,0.06917598736491432,geom2,29
mixture,0.002,494.4534428511751,994.9068857023502,1003.6448503595584,14.455881610043164,0.0691759951595295,0.0691759954171666,geom2,29
mixture,0.0070000000000000045,494.4534428511751,994.9068857023502,1003.6448503595584,14.455881538349542,0.0691759969087833,0.06917599575162804,geom2,29
mixture,0.0027500000000000007,494.4534428511751,994.9068857023502,1003.6448503595584,14.455881502461686,0.06917599657811017,0.06917599592967975,geom2,29
mixture,0.15000000000000002,494.4534428511751,994.9068857023502,1003.6448503595584,14.45588312986933,0.06917598077328413,0.0691759894444795,geom2,29
mixture,0.3,494.4534428511751,994.9068857023502,1003.6448503595584,14.455883071384495,0.06917598669878187,0.06917598916290571,geom2,29
mixture,0.35000000000000003,494.4534428511751,994.9068857023502,1003.6448503595584,14.455883160814524,0.0691759889956117,0.0691759874573129,geom2,29
mixture,0.007750000000000005,494.4534428511751,994.9068857023502,1003.6448503595584,14.455881620244789,0.06917599587003478,0.06917599536391084,geom2,29
mixture,0.0035000000000000014,494.4534428511751,994.9068857023502,1003.6448503595584,14.455883275934527,0.06917598804276709,0.06917598744273162,geom2,29
mixture,0.003250000000000001,494.4534428511751,994.9068857023502,1003.6448503595584,14.455881777467665,0.06917599354459754,0.06917599461896348,geom2,29
mixture,0.004000000000000002,494.4534428511751,994.9068857023502,1003.6448503595584,14.455881563559409,0.0691759956437763,0.06917599563907206,geom2,29
mixture,0.003000000000000001,494.45344285117517,994.9068857023503,1003.6448503595585,14.455881522215321,0.06917599547875619,0.06917599583801327,geom2,29
mixture,0.010000000000000007,494.45344285117517,994.9068857023503,1003.6448503595585,14.455881634058272,0.06917599390616117,0.06917599531582805,geom2,29
mixture,0.009000000000000006,494.45344285117517,994.9068857023503,1003.6448503595585,14.455881492306066,0.06917599351967313,0.06917599600240541,geom2,29
mixture,0.006500000000000004,494.45344285117517,994.9068857023503,1003.6448503595585,14.455881619937209,0.06917599284720566,0.06917599538580607,geom2,29
mixture,0.006250000000000004,494.45344285117517,994.9068857023503,1003.6448503595585,14.455881475293877,0.06917599516776438,0.06917599606709035,geom2,29
mixture,0.004500000000000002,494.45344285117517,994.9068857023503,1003.6448503595585,14.455881641788126,0.0691759950768299,0.069175995265591,geom2,29
mixture,0.004250000000000002,494.45344285117517,994.9068857023503,1003.6448503595585,14.455881629057327,0.06917599439599671,0.06917599532963044,geom2,29
mixture,0.005500000000000003,494.45344285117517,994.9068857023503,1003.6448503595585,14.455881622070963,0.06917599499474197,0.0691759953611095,geom2,29
mixture,0.007250000000000005,494.45344285117517,994.9068857023503,1003.6448503595585,14.455881516978355,0.06917599604285866,0.06917599586067523,geom2,29
mixture,0.2,494.45344285117517,994.9068857023503,1003.6448503595585,14.455883156921747,0.0691759905159225,0.06917598738895148,geom2,29
mixture,0.0025000000000000005,494.4534428511752,994.9068857023505,1003.6448503595586,14.45588347184227,0.06917598749594876,0.06917598650487337,geom2,29
mixture,0.1,494.4534428511752,994.9068857023505,1003.6448503595586,14.455883269277596,0.069175979721922,0.06917598833832797,geom2,29
null,,494.4534428511753,990.9068857023506,993.8195405880866,14.455883455772621,0.06917598658424942,,geom2,29
sum,,492.57074481367744,987.1414896273549,990.0541445130909,21.622769497868997,0.09249508950262395,,geom2,29
mixture,0.3,471.1066559665229,948.2133119330458,956.6982531449527,13.239759630198892,0.20373986504184016,0.05948691474490855,geom2,30
mixture,0.35000000000000003,471.10665734930717,948.2133146986143,956.6982559105212,12.597547358327438,0.21385404499850702,0.05930160713902137,geom2,30
mixture,0.25,471.1092376389079,948.2184752778159,956.7034164897227,13.841418556379875,0.19574209475490992,0.05969328268728596,geom2,30
mixture,0.4,471.1097773085294,948.2195546170587,956.7044958289656,11.904230707300416,0.22715211169697277,0.05915236923782621,geom2,30
mixture,0.2,471.11419264299263,948.2283852859853,956.7133264978921,14.339675942400078,0.19923474638870578,0.059988744711729464,geom2,30
mixture,0.45,471.1165277329037,948.2330554658074,956.7179966777143,11.148339528448467,0.2451444315116823,0.05905921685917397,geom2,30
mixture,0.15000000000000002,471.1203566016598,948.2407132033196,956.7256544152265,14.986791576886327,0.17801548043010249,0.06009543906759798,geom2,30
mixture,0.5,471.12727684045956,948.2545536809191,956.739494892826,10.321556335269229,0.26982734085053955,0.059042197353994366,geom2,30
mixture,0.1,471.1279422066751,948.2558844133501,956.740825625257,15.46908406435203,0.17927560470972168,0.06035697656259369,geom2,30
mixture,0.05,471.13682036036937,948.2736407207387,956.7585819326456,15.93971018632117,0.1888975005050987,0.060605997306721414,geom2,30
mixture,0.010000000000000007,471.14424904216054,948.2884980843211,956.7734392962279,16.349145562864816,0.1818110299065108,0.060758026717803684,geom2,30
mixture,0.009750000000000007,471.1442974377161,948.2885948754322,956.773536087339,16.351615939151216,0.1818140959564065,0.060759027104498556,geom2,30
mixture,0.009500000000000007,471.14434584731754,948.2886916946351,956.7736329065419,16.35408603870672,0.18181749239440675,0.060760027869633394,geom2,30
mixture,0.009250000000000006,471.14439427091827,948.2887885418365,956.7737297537434,16.3565562501573,0.18182123929438357,0.06076102757184944,geom2,30
mixture,0.009000000000000006,471.1444427084602,948.2888854169204,956.7738266288272,16.35902661440903,0.18182535451546994,0.06076202607101359,geom2,30
mixture,0.008750000000000006,471.1444911598848,948.2889823197696,956.7739235316765,16.361496668798708,0.18182985731564305,0.06076302510341425,geom2,30
mixture,0.008500000000000006,471.1445396251348,948.2890792502697,956.7740204621765,16.36396648557889,0.18183477047854926,0.060764024410629926,geom2,30
mixture,0.008250000000000006,471.14458810415033,948.2891762083007,956.7741174202075,16.366436595193072,0.18184011902029065,0.060765022029068146,geom2,30
mixture,0.008000000000000005,471.14463659686317,948.2892731937263,956.7742144056332,16.368906389373027,0.18184592690056608,0.06076602023924107,geom2,30
mixture,0.007750000000000005,471.14468510321393,948.2893702064279,956.7743114183347,16.371376217408,0.18185222543847823,0.06076701775241939,geom2,30
mixture,0.007500000000000005,471.1447336231227,948.2894672462454,956.7744084581523,16.37384626551352,0.18185904221845847,0.060768013894423,geom2,30
mixture,0.007250000000000005,471.14478215652673,948.2895643130535,956.7745055249603,16.376315859075454,0.18186641443884954,0.06076901118907819,geom2,30
mixture,0.0070000000000000045,471.14483070334217,948.2896614066843,956.7746026185912,16.378785816453686,0.18187437767815176,0.06077000661105142,geom2,30
mixture,0.006750000000000004,471.14487926348977,948.2897585269795,956.7746997388864,16.381255523529838,0.18188297350475371,0.06077100246337501,geom2,30
mixture,0.006500000000000004,471.14492783688127,948.2898556737625,956.7747968856694,16.383725103317673,0.18189224621505143,0.060771998309532636,geom2,30
mixture,0.006250000000000004,471.1449764234275,948.289952846855,956.7748940587619,16.38619485381748,0.1819022475701256,0.060772993062776025,geom2,30
mixture,0.006000000000000004,471.14502502303117,948.2900500460623,956.7749912579692,16.388664773046212,0.18191303373604836,0.060773986754826044,geom2,30
mixture,0.005750000000000003,471.1450736355877,948.2901472711754,956.7750884830823,16.391134515908078,0.18192466660755102,0.060774980694636244,geom2,30
mixture,0.005500000000000003,471.1451222609893,948.2902445219786,956.7751857338855,16.39360426076612,0.1819372187207134,0.060775974246192944,geom2,30
mixture,0.005250000000000003,471.14517089910976,948.2903417982195,956.7752830101264,16.396074184025295,0.18195076620868442,0.060776966787331424,geom2,30
mixture,0.005000000000000003,471.1452195498237,948.2904390996474,956.7753803115543,16.398543771271054,0.18196540111187362,0.06077796026073417,geom2,30
mixture,0.0047500000000000025,471.1452682129907,948.2905364259814,956.7754776378882,16.401013693765353,0.18198122641701267,0.06077895221098732,geom2,30
mixture,0.004500000000000002,471.14531688845756,948.2906337769151,956.775574988822,16.40348381738794,0.18199836027160374,0.060779943177412775,geom2,30
mixture,0.004250000000000002,471.1453655760561,948.2907311521122,956.7756723640191,16.405953721661255,0.18201693854619527,0.060780934766068793,geom2,30
mixture,0.004000000000000002,471.1454142756021,948.2908285512042,956.775769763111,16.40842404448029,0.18203712126363372,0.06078192466020478,geom2,30
mixture,0.0037500000000000016,471.1454629868904,948.2909259737808,956.7758671856876,16.4108944342395,0.18205909545133833,0.06078291422119836,geom2,30
mixture,0.0035000000000000014,471.1455117096938,948.2910234193876,956.7759646312944,16.413364655787287,0.1820830848669177,0.06078390438400077,geom2,30
mixture,0.003250000000000001,471.14556044375564,948.2911208875113,956.7760620994181,16.415835282186606,0.18210935820547794,0.060784893095495375,geom2,30
mixture,0.003000000000000001,471.14560918878783,948.2912183775757,956.7761595894825,16.41830616300429,0.1821382460168352,0.06078588099493996,geom2,30
mixture,0.0027500000000000007,471.14565794445735,948.2913158889147,956.7762571008216,16.420777252351606,0.18217015528907002,0.06078686834709375,geom2,30
mixture,0.0025000000000000005,471.1457067103849,948.2914134207698,956.7763546326767,16.42324858796808,0.1822056073646309,0.06078785512017901,geom2,30
mixture,0.0022500000000000003,471.1457554861254,948.2915109722508,956.7764521841576,16.425720462717077,0.18224527873365776,0.060788840356742216,geom2,30
mixture,0.002,471.14580427115135,948.2916085423027,956.7765497542096,16.428192491293043,0.18229007542101955,0.060789825635478224,geom2,30
null,,471.14619470606806,944.2923894121361,947.1207031494384,16.448003248324163,0.060797653362689295,,geom2,30
sum,,471.50271450480534,945.0054290096107,947.833742746913,24.955642572868125,0.08014219606488546,,geom2,30
mixture,0.006750000000000004,474.18814899787986,954.3762979957597,962.9789013471265,14.62307640869593,0.06838506077879773,0.06838506291440322,geom2,31
mixture,0.002,474.1881489978799,954.3762979957598,962.9789013471266,14.623076381196778,0.06838506239399632,0.06838506302985985,geom2,31
mixture,0.0047500000000000025,474.1881489978799,954.3762979957598,962.9789013471266,14.623076473489707,0.06838506135995198,0.0683850626028826,geom2,31
mixture,0.0035000000000000014,474.1881489978799,954.3762979957598,962.9789013471266,14.623076491731563,0.06838506217720175,0.0683850625128451,geom2,31
mixture,0.005750000000000003,474.1881489978799,954.3762979957598,962.9789013471266,14.623076315994297,0.06838506072687292,0.06838506334858346,geom2,31
mixture,0.005500000000000003,474.1881489978799,954.3762979957598,962.9789013471266,14.623076529055261,0.06838506073056128,0.06838506234601043,geom2,31
mixture,0.008000000000000005,474.1881489978799,954.3762979957598,962.9789013471266,14.62307646707937,0.06838505927432798,0.06838506265399406,geom2,31
mixture,0.004250000000000002,474.1881489978799,954.3762979957598,962.9789013471266,14.62307647472718,0.06838506193548415,0.06838506259399028,geom2,31
mixture,0.007250000000000005,474.18814899788,954.37629799576,962.9789013471267,14.623076293143487,0.06838506230913262,0.0683850634486322,geom2,31
mixture,0.005250000000000003,474.18814899788003,954.3762979957601,962.9789013471268,14.6230763060702,0.06838506225044083,0.0683850633858799,geom2,31
mixture,0.003000000000000001,474.18814899788003,954.3762979957601,962.9789013471268,14.623076514284323,0.06838505987610355,0.06838506241381512,geom2,31
mixture,0.003250000000000001,474.18814899788003,954.3762979957601,962.9789013471268,14.62307634968321,0.06838506228221107,0.06838506317887602,geom2,31
mixture,0.0070000000000000045,474.18814899788003,954.3762979957601,962.9789013471268,14.623076297545778,0.06838506278188883,0.06838506342428018,geom2,31
mixture,0.004500000000000002,474.18814899788003,954.3762979957601,962.9789013471268,14.62307642238486,0.06838506136457793,0.06838506284262257,geom2,31
mixture,0.0025000000000000005,474.18814899788003,954.3762979957601,962.9789013471268,14.62307639399424,0.0683850616375952,0.06838506297207679,geom2,31
mixture,0.0022500000000000003,474.18814899788003,954.3762979957601,962.9789013471268,14.623076452221675,0.06838506143169527,0.0683850626992911,geom2,31
mixture,0.009750000000000007,474.18814899788003,954.3762979957601,962.9789013471268,14.623076343773278,0.06838506032709545,0.06838506323192181,geom2,31
mixture,0.009000000000000006,474.18814899788003,954.3762979957601,962.9789013471268,14.62307648130743,0.06838505895370155,0.06838506259317423,geom2,31
mixture,0.009250000000000006,474.18814899788003,954.3762979957601,962.9789013471268,14.623076268644882,0.06838506052498301,0.06838506358322774,geom2,31
mixture,0.006000000000000004,474.18814899788003,954.3762979957601,962.9789013471268,14.623076406983568,0.06838506001970958,0.06838506292543009,geom2,31
mixture,0.007500000000000005,474.18814899788003,954.3762979957601,962.9789013471268,14.623076347059968,0.06838506058492441,0.06838506320790183,geom2,31
mixture,0.007750000000000005,474.18814899788003,954.3762979957601,962.9789013471268,14.623076298057402,0.06838506000224517,0.06838506344406492,geom2,31
mixture,0.008500000000000006,474.18814899788003,954.3762979957601,962.9789013471268,14.623076297210396,0.06838506061772763,0.06838506344538696,geom2,31
mixture,0.2,474.18814899788003,954.3762979957601,962.9789013471268,14.62307767670642,0.06838506124245737,0.06838505590203076,geom2,31
mixture,0.4,474.18814899788003,954.3762979957601,962.9789013471268,14.6230776620773,0.06838505337070415,0.0683850594837463,geom2,31
mixture,0.45,474.18814899788003,954.3762979957601,962.9789013471268,14.623077606518677,0.06838505780095083,0.06838505688713133,geom2,31
mixture,0.5,474.18814899788003,954.3762979957601,962.9789013471268,14.623077484028995,0.06838505787117508,0.06838505787117508,geom2,31
mixture,0.3,474.1881489978801,954.3762979957602,962.9789013471269,14.623077635256944,0.06838505915736603,0.0683850563096362,geom2,31
mixture,0.009500000000000007,474.1881489978801,954.3762979957602,962.9789013471269,14.623076450567726,0.06838506087695233,0.06838506272169881,geom2,31
mixture,0.008750000000000006,474.1881489978801,954.3762979957602,962.9789013471269,14.623076434433955,0.06838506030443108,0.06838506280147269,geom2,31
mixture,0.006500000000000004,474.1881489978801,954.3762979957602,962.9789013471269,14.62307644023314,0.06838506039659782,0.06838506276791717,geom2,31
mixture,0.004000000000000002,474.1881489978801,954.3762979957602,962.9789013471269,14.623076564633433,0.06838506279249355,0.06838506216824654,geom2,31
mixture,0.008250000000000006,474.18814899788015,954.3762979957603,962.978901347127,14.623076349102691,0.06838505964190755,0.06838506320809773,geom2,31
mixture,0.006250000000000004,474.18814899788015,954.3762979957603,962.978901347127,14.623076320498692,0.06838506051680016,0.06838506333002642,geom2,31
mixture,0.0037500000000000016,474.18814899788015,954.3762979957603,962.978901347127,14.623076351940743,0.06838506062176768,0.06838506317497901,geom2,31
mixture,0.005000000000000003,474.18814899788015,954.3762979957603,962.978901347127,14.623076340712636,0.06838506043515422,0.06838506323189661,geom2,31
mixture,0.0027500000000000007,474.18814899788015,954.3762979957603,962.978901347127,14.623076280950693,0.06838506171696608,0.0683850635023003,geom2,31
mixture,0.25,474.18814899788015,954.3762979957603,962.978901347127,14.623077633161984,0.06838504481215618,0.06838506129428527,geom2,31
mixture,0.010000000000000007,474.18814899788015,954.3762979957603,962.978901347127,14.62307628576955,0.06838506104227364,0.0683850634994267,geom2,31
mixture,0.05,474.18814899788015,954.3762979957603,962.978901347127,14.623076251265639,0.06838505342621619,0.06838506417358164,geom2,31
mixture,0.35000000000000003,474.18814899788015,954.3762979957603,962.978901347127,14.623077548548569,0.06838505142815687,0.06838506087629789,geom2,31
mixture,0.15000000000000002,474.1881489978802,954.3762979957604,962.9789013471271,14.623077788074593,0.06838505881628121,0.06838505603159857,geom2,31
mixture,0.1,474.18814899788026,954.3762979957605,962.9789013471272,14.623077978431906,0.06838504165853847,0.06838505710359825,geom2,31
null,,474.1881489978804,950.3762979957608,953.2438324462163,14.62307802020359,0.06838505536374602,,geom2,31
sum,,473.34931996361956,948.6986399272391,951.5661743776947,22.01129608447258,0.09086243682900887,,geom2,31
mixture,0.45,464.3162836875764,934.6325673751528,943.2809731429119,12.901515677398784,0.07751027063299501,0.07751027461688113,geom2,32
mixture,0.5,464.3162836875764,934.6325673751528,943.2809731429119,12.901515572958655,0.07751027345159216,0.07751027345159216,geom2,32
mixture,0.35000000000000003,464.3162836875764,934.6325673751528,943.2809731429119,12.901515600484394,0.07751027510932643,0.07751027230455018,geom2,32
mixture,0.3,464.3162836875764,934.6325673751528,943.2809731429119,12.901515584908683,0.0775102633891663,0.07751027766149847,geom2,32
mixture,0.2,464.31628368757646,934.6325673751529,943.280973142912,12.901515723266414,0.07751025838923813,0.07751027608839982,geom2,32
mixture,0.4,464.3162836875765,934.632567375153,943.2809731429121,12.90151569279957,0.07751026846369985,0.0775102755768784,geom2,32
mixture,0.25,464.3162836875765,934.632567375153,943.2809731429121,12.901515635520704,0.0775102759124307,0.07751027213016211,geom2,32
mixture,0.15000000000000002,464.31628368757663,934.6325673751533,943.2809731429123,12.901515829741255,0.07751025741473624,0.0775102744666739,geom2,32
mixture,0.007500000000000005,464.31628368757674,934.6325673751535,943.2809731429126,12.901514072776212,0.07751028202062128,0.07751028246780692,geom2,32
mixture,0.0022500000000000003,464.31628368757686,934.6325673751537,943.2809731429128,12.901513933166118,0.07751028234161067,0.07751028330537717,geom2,32
mixture,0.005250000000000003,464.31628368757686,934.6325673751537,943.2809731429128,12.901514070527192,0.07751028426041463,0.07751028246855754,geom2,32
mixture,0.003000000000000001,464.31628368757686,934.6325673751537,943.2809731429128,12.901513980400251,0.07751028299132966,0.07751028301951794,geom2,32
mixture,0.008500000000000006,464.31628368757686,934.6325673751537,943.2809731429128,12.901513996815604,0.07751028272613908,0.07751028292248142,geom2,32
mixture,0.009500000000000007,464.31628368757686,934.6325673751537,943.2809731429128,12.90151405525473,0.0775102832855507,0.07751028256285374,geom2,32
mixture,0.0070000000000000045,464.31628368757686,934.6325673751537,943.2809731429128,12.901514148596311,0.07751028317232708,0.07751028200073658,geom2,32
mixture,0.010000000000000007,464.31628368757686,934.6325673751537,943.2809731429128,12.901514116222138,0.07751028145901274,0.07751028221095611,geom2,32
mixture,0.006750000000000004,464.3162836875769,934.6325673751538,943.2809731429129,12.901513957348943,0.07751028200744582,0.07751028316574053,geom2,32
mixture,0.0035000000000000014,464.3162836875769,934.6325673751538,943.2809731429129,12.901514048642841,0.0775102815953897,0.0775102826130042,geom2,32
mixture,0.1,464.3162836875769,934.6325673751538,943.2809731429129,12.90151395698532,0.07751028564617794,0.0775102828838765,geom2,32
mixture,0.008250000000000006,464.31628368757697,934.6325673751539,943.280973142913,12.901513925603279,0.07751028395612401,0.07751028334359165,geom2,32
mixture,0.004250000000000002,464.31628368757697,934.6325673751539,943.280973142913,12.901513925212944,0.07751028449765276,0.077510283346096,geom2,32
mixture,0.05,464.31628368757697,934.6325673751539,943.280973142913,12.901513894102248,0.07751028418529808,0.07751028350382465,geom2,32
mixture,0.008750000000000006,464.31628368757697,934.6325673751539,943.280973142913,12.901513887897849,0.07751028425715596,0.07751028356915336,geom2,32
mixture,0.007750000000000005,464.31628368757697,934.6325673751539,943.280973142913,12.901513840949637,0.07751028248769483,0.07751028386792773,geom2,32
mixture,0.009250000000000006,464.31628368757697,934.6325673751539,943.280973142913,12.901513961979683,0.07751028537602107,0.07751028310913258,geom2,32
mixture,0.006000000000000004,464.31628368757697,934.6325673751539,943.280973142913,12.901513890281445,0.07751028518762627,0.07751028355103357,geom2,32
mixture,0.004000000000000002,464.31628368757697,934.6325673751539,943.280973142913,12.90151405279083,0.07751028115793819,0.07751028259025133,geom2,32
mixture,0.005000000000000003,464.31628368757697,934.6325673751539,943.280973142913,12.90151390123928,0.07751028440405888,0.07751028349045211,geom2,32
mixture,0.004500000000000002,464.31628368757697,934.6325673751539,943.280973142913,12.901513866506145,0.07751028320206449,0.07751028370595894,geom2,32
mixture,0.009000000000000006,464.316283687577,934.632567375154,943.2809731429131,12.901513835622259,0.07751028438886096,0.07751028388469954,geom2,32
mixture,0.0025000000000000005,464.316283687577,934.632567375154,943.2809731429131,12.901513839992482,0.0775102822945427,0.07751028386691229,geom2,32
mixture,0.008000000000000005,464.3162836875771,934.6325673751542,943.2809731429132,12.901513960177901,0.07751028283494978,0.07751028314339366,geom2,32
mixture,0.006250000000000004,464.3162836875771,934.6325673751542,943.2809731429132,12.901513769576876,0.07751028510758697,0.0775102842808603,geom2,32
mixture,0.005750000000000003,464.3162836875771,934.6325673751542,943.2809731429132,12.901513845671435,0.07751028507669361,0.07751028382164658,geom2,32
mixture,0.002,464.3162836875771,934.6325673751542,943.2809731429132,12.90151392869497,0.07751028315567142,0.07751028333042015,geom2,32
mixture,0.006500000000000004,464.3162836875771,934.6325673751542,943.2809731429132,12.901513942925973,0.07751028329147008,0.07751028324426618,geom2,32
mixture,0.005500000000000003,464.31628368757714,934.6325673751543,943.2809731429134,12.901513850405015,0.07751028435160763,0.07751028379737622,geom2,32
mixture,0.007250000000000005,464.31628368757714,934.6325673751543,943.2809731429134,12.901513841433967,0.07751028562067838,0.07751028384142153,geom2,32
mixture,0.0037500000000000016,464.31628368757714,934.6325673751543,943.2809731429134,12.90151381812593,0.07751028473210289,0.07751028399157522,geom2,32
mixture,0.0047500000000000025,464.3162836875772,934.6325673751544,943.2809731429135,12.901513780789152,0.07751028418932436,0.07751028421880578,geom2,32
mixture,0.009750000000000007,464.3162836875772,934.6325673751544,943.2809731429135,12.901513847672735,0.07751028402985063,0.07751028381474229,geom2,32
mixture,0.0027500000000000007,464.3162836875772,934.6325673751544,943.2809731429135,12.901513824721183,0.07751028237713621,0.07751028395907929,geom2,32
mixture,0.003250000000000001,464.3162836875772,934.6325673751544,943.2809731429135,12.901513752746446,0.07751028463558356,0.07751028438633188,geom2,32
null,,464.31628368757663,930.6325673751533,933.5153692977397,12.901515776097172,0.07751027223116796,,geom2,32
sum,,464.3158327231123,930.6316654462246,933.514467368811,19.563898888290343,0.10222911145779166,,geom2,32
mixture,0.005500000000000003,514.8499719268913,1035.6999438537825,1044.4817049092542,15.847826214427357,0.06310013460292388,0.06310013667808327,geom2,33
mixture,0.007750000000000005,514.8499719268913,1035.6999438537825,1044.4817049092542,15.8478262806693,0.06310013690205976,0.06310013639902061,geom2,33
mixture,0.008750000000000006,514.8499719268913,1035.6999438537825,1044.4817049092542,15.847826268742068,0.06310013662996113,0.063100136448824,geom2,33
mixture,0.002,514.8499719268914,1035.6999438537828,1044.4817049092544,15.84782611409956,0.06310013882275735,0.06310013706261751,geom2,33
mixture,0.003000000000000001,514.8499719268914,1035.6999438537828,1044.4817049092544,15.847826222701093,0.06310013804056337,0.06310013662949375,geom2,33
mixture,0.0035000000000000014,514.8499719268914,1035.6999438537828,1044.4817049092544,15.847826776230995,0.06310013371379171,0.06310013443229205,geom2,33
mixture,0.0025000000000000005,514.8499719268914,1035.6999438537828,1044.4817049092544,15.847826464170389,0.06310013459486076,0.06310013567498657,geom2,33
mixture,0.0022500000000000003,514.8499719268914,1035.6999438537828,1044.4817049092544,15.847826410165515,0.06310013661749081,0.06310013588566692,geom2,33
mixture,0.005750000000000003,514.8499719268914,1035.6999438537828,1044.4817049092544,15.847826472352935,0.06310013569988207,0.06310013563935839,geom2,33
mixture,0.004000000000000002,514.8499719268914,1035.6999438537828,1044.4817049092544,15.847826434955975,0.06310013704694496,0.06310013578355358,geom2,33
mixture,0.0047500000000000025,514.8499719268914,1035.6999438537828,1044.4817049092544,15.847826746793746,0.06310013331415176,0.06310013455286935,geom2,33
mixture,0.004250000000000002,514.8499719268914,1035.6999438537828,1044.4817049092544,15.847826465905802,0.06310013500616837,0.06310013566819007,geom2,33
mixture,0.005250000000000003,514.8499719268914,1035.6999438537828,1044.4817049092544,15.847826203865866,0.06310013552816356,0.06310013671495246,geom2,33
mixture,0.0070000000000000045,514.8499719268914,1035.6999438537828,1044.4817049092544,15.847826823205516,0.06310013526623126,0.06310013423552735,geom2,33
mixture,0.0037500000000000016,514.8499719268914,1035.6999438537828,1044.4817049092544,15.847826322847528,0.06310013562970083,0.06310013623725953,geom2,33
mixture,0.0027500000000000007,514.8499719268914,1035.6999438537828,1044.4817049092544,15.84782628107063,0.06310013751643573,0.0631001363982462,geom2,33
mixture,0.009500000000000007,514.8499719268914,1035.6999438537828,1044.4817049092544,15.847826378877217,0.06310013544908415,0.06310013601728981,geom2,33
mixture,0.009000000000000006,514.8499719268914,1035.6999438537828,1044.4817049092544,15.847826443126868,0.06310013415860517,0.06310013577058149,geom2,33
mixture,0.008500000000000006,514.8499719268914,1035.6999438537828,1044.4817049092544,15.847826267633907,0.06310013719119174,0.06310013644850844,geom2,33
mixture,0.006250000000000004,514.8499719268914,1035.6999438537828,1044.4817049092544,15.847826543774072,0.06310013539774229,0.06310013535506735,geom2,33
mixture,0.007250000000000005,514.8499719268914,1035.6999438537828,1044.4817049092544,15.84782630513167,0.06310013552737187,0.0631001363112019,geom2,33
mixture,0.007500000000000005,514.8499719268914,1035.6999438537828,1044.4817049092544,15.847826405272206,0.06310013473104502,0.06310013591568163,geom2,33
mixture,0.008250000000000006,514.8499719268914,1035.6999438537828,1044.4817049092544,15.847826402988089,0.0631001361729419,0.06310013591375305,geom2,33
mixture,0.006500000000000004,514.8499719268914,1035.6999438537828,1044.4817049092544,15.847826445926813,0.0631001360180753,0.06310013574313827,geom2,33
mixture,0.25,514.8499719268914,1035.6999438537828,1044.4817049092544,15.84782669701261,0.06310013772080045,0.06310013375332706,geom2,33
mixture,0.010000000000000007,514.8499719268914,1035.6999438537828,1044.4817049092544,15.847826637797711,0.06310013527705799,0.06310013497797619,geom2,33
mixture,0.005000000000000003,514.8499719268915,1035.699943853783,1044.4817049092546,15.847826688625291,0.06310013274353607,0.06310013478881694,geom2,33
mixture,0.004500000000000002,514.8499719268915,1035.699943853783,1044.4817049092546,15.847826733462856,0.0631001343275963,0.06310013460129572,geom2,33
mixture,0.009250000000000006,514.8499719268915,1035.699943853783,1044.4817049092546,15.847826313401946,0.06310013731092819,0.06310013626289568,geom2,33
mixture,0.009750000000000007,514.8499719268915,1035.699943853783,1044.4817049092546,15.847826866631417,0.06310013176091821,0.06310013409257015,geom2,33
mixture,0.003250000000000001,514.8499719268915,1035.699943853783,1044.4817049092546,15.847826182334794,0.06310013670815545,0.06310013679473189,geom2,33
mixture,0.008000000000000005,514.8499719268915,1035.699943853783,1044.4817049092546,15.847826332866415,0.06310013646670003,0.06310013619289931,geom2,33
mixture,0.006750000000000004,514.8499719268916,1035.6999438537832,1044.4817049092549,15.847826209634448,0.06310013784340254,0.06310013667788623,geom2,33
mixture,0.006000000000000004,514.8499719268916,1035.6999438537832,1044.4817049092549,15.847826811688392,0.06310013152169122,0.06310013430530083,geom2,33
mixture,0.35000000000000003,514.8499719268916,1035.6999438537832,1044.4817049092549,15.847826872543394,0.06310012747298636,0.06310013758577292,geom2,33
mixture,0.15000000000000002,514.8499719268916,1035.6999438537832,1044.4817049092549,15.84782705010936,0.06310013564438133,0.06310013293251605,geom2,33
mixture,0.5,514.8499719268916,1035.6999438537832,1044.4817049092549,15.847826808568135,0.06310013430102288,0.06310013430102288,geom2,33
mixture,0.3,514.8499719268917,1035.6999438537835,1044.481704909255,15.847826900961529,0.06310013596854534,0.06310013306083324,geom2,33
mixture,0.4,514.8499719268917,1035.6999438537835,1044.481704909255,15.847826910950673,0.06310013001839898,0.06310013647669062,geom2,33
mixture,0.1,514.8499719268917,1035.6999438537835,1044.481704909255,15.847827302595661,0.06310013433439239,0.06310013211172266,geom2,33
mixture,0.45,514.8499719268917,1035.6999438537835,1044.481704909255,15.847826930071982,0.06310013368752306,0.06310013392337185,geom2,33
mixture,0.05,514.8499719268918,1035.6999438537837,1044.4817049092553,15.847827353470883,0.06310013413479497,0.06310013202598287,geom2,33
mixture,0.2,514.8499719268918,1035.6999438537837,1044.4817049092553,15.847827174665708,0.06310013588599714,0.06310013208269945,geom2,33
null,,514.8499719268923,1031.6999438537846,1034.6271975389418,15.847827964496568,0.0631001296985474,,geom2,33
sum,,513.0814060219716,1028.1628120439432,1031.0900657291004,23.679928763601612,0.08445971353909634,,geom2,33
mixture,0.35000000000000003,445.06396643061544,896.1279328612309,904.588777558046,13.822580836403308,0.07234539162948787,0.07234538896496809,geom2,34
mixture,0.45,445.06396643061544,896.1279328612309,904.588777558046,13.822580876581261,0.0723453833110105,0.07234539490420025,geom2,34
mixture,0.3,445.06396643061544,896.1279328612309,904.588777558046,13.82258097537871,0.0723453909446883,0.07234538840966623,geom2,34
mixture,0.15000000000000002,445.06396643061555,896.1279328612311,904.5887775580462,13.82258129044012,0.07234539005041989,0.07234538707485184,geom2,34
mixture,0.0047500000000000025,445.0639664306156,896.1279328612312,904.5887775580463,13.822581418898846,0.07234538912401389,0.07234538683799409,geom2,34
mixture,0.25,445.0639664306156,896.1279328612312,904.5887775580463,13.822581319622838,0.0723453897835033,0.07234538656343083,geom2,34
mixture,0.5,445.0639664306156,896.1279328612312,904.5887775580463,13.822580951845936,0.07234538929333997,0.07234538929333997,geom2,34
mixture,0.4,445.0639664306156,896.1279328612312,904.5887775580463,13.822581310090598,0.07234538288315519,0.07234539044179565,geom2,34
mixture,0.2,445.06396643061566,896.1279328612313,904.5887775580464,13.822581322785442,0.07234537367144922,0.07234539077200888,geom2,34
mixture,0.003000000000000001,445.06396643061566,896.1279328612313,904.5887775580464,13.822581600422076,0.07234538572859249,0.07234538589929855,geom2,34
mixture,0.009500000000000007,445.06396643061566,896.1279328612313,904.5887775580464,13.822581452936713,0.07234538887045665,0.07234538664960534,geom2,34
mixture,0.006750000000000004,445.06396643061566,896.1279328612313,904.5887775580464,13.822581533777774,0.07234538715955585,0.07234538624139546,geom2,34
mixture,0.009000000000000006,445.06396643061566,896.1279328612313,904.5887775580464,13.822581517489755,0.0723453872838638,0.07234538632420523,geom2,34
mixture,0.006500000000000004,445.0639664306157,896.1279328612314,904.5887775580466,13.82258151144597,0.07234538678452097,0.0723453863617263,geom2,34
mixture,0.005250000000000003,445.0639664306157,896.1279328612314,904.5887775580466,13.822581441002663,0.07234538668914009,0.07234538673339685,geom2,34
mixture,0.003250000000000001,445.0639664306157,896.1279328612314,904.5887775580466,13.822581727808224,0.07234538325864637,0.07234538523850036,geom2,34
mixture,0.008250000000000006,445.0639664306157,896.1279328612314,904.5887775580466,13.822581467011226,0.07234538687646827,0.072345386594715,geom2,34
mixture,0.007250000000000005,445.0639664306157,896.1279328612314,904.5887775580466,13.82258155224062,0.07234538736077432,0.07234538614212598,geom2,34
mixture,0.1,445.0639664306157,896.1279328612314,904.5887775580466,13.822581394527788,0.07234539181914669,0.07234538643832515,geom2,34
mixture,0.005750000000000003,445.0639664306158,896.1279328612316,904.5887775580467,13.822581712063363,0.07234538451323763,0.07234538531910588,geom2,34
mixture,0.005500000000000003,445.0639664306158,896.1279328612316,904.5887775580467,13.822581672871216,0.07234538659508298,0.07234538551365027,geom2,34
mixture,0.005000000000000003,445.0639664306158,896.1279328612316,904.5887775580467,13.822581556852642,0.0723453891359516,0.07234538611170127,geom2,34
mixture,0.0022500000000000003,445.0639664306158,896.1279328612316,904.5887775580467,13.822581626996897,0.0723453841945701,0.07234538576322716,geom2,34
mixture,0.008500000000000006,445.0639664306158,896.1279328612316,904.5887775580467,13.8225816784682,0.07234538571528876,0.07234538548837559,geom2,34
mixture,0.009250000000000006,445.0639664306158,896.1279328612316,904.5887775580467,13.82258158307033,0.07234538403962296,0.07234538600780867,geom2,34
mixture,0.007500000000000005,445.0639664306158,896.1279328612316,904.5887775580467,13.82258160380587,0.07234538566096708,0.07234538588273944,geom2,34
mixture,0.0035000000000000014,445.0639664306158,896.1279328612316,904.5887775580467,13.822581519783219,0.07234538844092929,0.07234538631339213,geom2,34
mixture,0.009750000000000007,445.06396643061584,896.1279328612317,904.5887775580468,13.822581578594013,0.07234538605060793,0.07234538601266136,geom2,34
mixture,0.002,445.06396643061584,896.1279328612317,904.5887775580468,13.822581636735547,0.07234538402463814,0.07234538571210192,geom2,34
mixture,0.0070000000000000045,445.06396643061584,896.1279328612317,904.5887775580468,13.822581667259827,0.07234538679745348,0.07234538554016633,geom2,34
mixture,0.05,445.06396643061584,896.1279328612317,904.5887775580468,13.82258153805047,0.07234538891862598,0.0723453860834727,geom2,34
mixture,0.008750000000000006,445.06396643061584,896.1279328612317,904.5887775580468,13.82258156524386,0.07234538688275664,0.0723453860758436,geom2,34
mixture,0.0025000000000000005,445.0639664306159,896.1279328612318,904.5887775580469,13.822581685427018,0.07234538473768103,0.0723453854556779,geom2,34
mixture,0.0037500000000000016,445.0639664306159,896.1279328612318,904.5887775580469,13.822581693383581,0.07234538786937235,0.07234538540299047,geom2,34
mixture,0.006000000000000004,445.0639664306159,896.1279328612318,904.5887775580469,13.822581683915908,0.07234538674870807,0.07234538545402372,geom2,34
mixture,0.006250000000000004,445.0639664306159,896.1279328612318,904.5887775580469,13.82257949863613,0.07234539740532235,0.07234539689604773,geom2,34
mixture,0.004250000000000002,445.0639664306159,896.1279328612318,904.5887775580469,13.822581554862596,0.07234538541902778,0.07234538614030356,geom2,34
mixture,0.004000000000000002,445.0639664306159,896.1279328612318,904.5887775580469,13.822581764894002,0.07234538641285611,0.0723453850324426,geom2,34
mixture,0.007750000000000005,445.0639664306159,896.1279328612318,904.5887775580469,13.822581685252885,0.07234538633195335,0.07234538544794321,geom2,34
mixture,0.0027500000000000007,445.06396643061595,896.1279328612319,904.588777558047,13.82258158091414,0.07234538633063776,0.07234538599997882,geom2,34
mixture,0.010000000000000007,445.06396643061595,896.1279328612319,904.588777558047,13.822581888405542,0.0723453823056152,0.07234538441259257,geom2,34
mixture,0.004500000000000002,445.06396643061595,896.1279328612319,904.588777558047,13.822581736035444,0.07234538506529417,0.07234538518956497,geom2,34
mixture,0.008000000000000005,445.063966430616,896.127932861232,904.5887775580471,13.82257942451043,0.07234539690279715,0.07234539729029395,geom2,34
null,,445.0639664306172,892.1279328612344,894.9482144268394,13.822578415795094,0.07234540256666568,,geom2,34
sum,,444.6837849594574,891.3675699189148,894.1878514845198,20.87692865105266,0.09579953226976018,,geom2,34
mixture,0.2,409.5125239590099,825.0250479180198,833.2858184913389,13.060345388958167,0.07656765542718723,0.07656765298642078,geom2,35
mixture,0.3,409.5125239590099,825.0250479180198,833.2858184913389,13.060344463037415,0.07656766400354922,0.0765676567168828,geom2,35
mixture,0.25,409.51252395900997,825.0250479180199,833.285818491339,13.060345409920265,0.0765676543792107,0.07656765300917183,geom2,35
mixture,0.4,409.51252395900997,825.0250479180199,833.285818491339,13.060345305122386,0.07656765569015311,0.0765676528166816,geom2,35
mixture,0.5,409.51252395900997,825.0250479180199,833.285818491339,13.060345452174493,0.07656765310396167,0.07656765310396167,geom2,35
mixture,0.35000000000000003,409.51252395900997,825.0250479180199,833.285818491339,13.060345409605715,0.07656765325493771,0.07656765340661141,geom2,35
mixture,0.45,409.51252395900997,825.0250479180199,833.285818491339,13.060345417823328,0.07656765334697649,0.07656765327129016,geom2,35
mixture,0.15000000000000002,409.5125239590101,825.0250479180202,833.2858184913392,13.060345426691997,0.07656764717445677,0.07656765432610242,geom2,35
mixture,0.004000000000000002,409.51252395901054,825.0250479180211,833.2858184913401,13.060343515622705,0.07656766315547489,0.07656766446243034,geom2,35
mixture,0.006500000000000004,409.51252395901054,825.0250479180211,833.2858184913401,13.06034340088298,0.07656766232599709,0.07656766514822093,geom2,35
mixture,0.008750000000000006,409.51252395901054,825.0250479180211,833.2858184913401,13.060343442044767,0.07656766728874201,0.0765676648673741,geom2,35
mixture,0.0022500000000000003,409.5125239590106,825.0250479180212,833.2858184913403,13.06034332664534,0.07656766457748955,0.07656766556732975,geom2,35
mixture,0.006250000000000004,409.5125239590106,825.0250479180212,833.2858184913403,13.060343390605716,0.0765676668498421,0.07656766517968958,geom2,35
mixture,0.007750000000000005,409.5125239590106,825.0250479180212,833.2858184913403,13.060343503376362,0.07656766436905214,0.07656766453024728,geom2,35
mixture,0.005000000000000003,409.5125239590106,825.0250479180212,833.2858184913403,13.06034339759034,0.0765676615182377,0.07656766516742586,geom2,35
mixture,0.0035000000000000014,409.5125239590106,825.0250479180212,833.2858184913403,13.06034343919227,0.07656766505820138,0.07656766490474706,geom2,35
mixture,0.008500000000000006,409.5125239590106,825.0250479180212,833.2858184913403,13.060343388785554,0.07656766327126949,0.07656766521734054,geom2,35
mixture,0.006000000000000004,409.51252395901065,825.0250479180213,833.2858184913404,13.060343354592861,0.07656766421341234,0.07656766540842735,geom2,35
mixture,0.009750000000000007,409.51252395901065,825.0250479180213,833.2858184913404,13.060343297011663,0.07656766696603974,0.07656766572675015,geom2,35
mixture,0.009000000000000006,409.51252395901065,825.0250479180213,833.2858184913404,13.060343339542214,0.07656766390765965,0.07656766550385909,geom2,35
mixture,0.003250000000000001,409.51252395901065,825.0250479180213,833.2858184913404,13.060343262269026,0.0765676705158969,0.07656766592760371,geom2,35
mixture,0.005500000000000003,409.51252395901065,825.0250479180213,833.2858184913404,13.060343378556302,0.0765676632791299,0.0765676652717283,geom2,35
mixture,0.0037500000000000016,409.51252395901065,825.0250479180213,833.2858184913404,13.060343276883819,0.07656766847220668,0.0765676658469903,geom2,35
mixture,0.1,409.5125239590107,825.0250479180214,833.2858184913405,13.060343310059459,0.07656766116908244,0.0765676661615899,geom2,35
mixture,0.004250000000000002,409.5125239590107,825.0250479180214,833.2858184913405,13.060343347083872,0.07656766429725423,0.07656766545017944,geom2,35
mixture,0.0047500000000000025,409.5125239590107,825.0250479180214,833.2858184913405,13.060343319535496,0.07656766713126005,0.076567665599509,geom2,35
mixture,0.002,409.5125239590107,825.0250479180214,833.2858184913405,13.060343370065967,0.07656766815148723,0.07656766530485125,geom2,35
mixture,0.009250000000000006,409.51252395901076,825.0250479180215,833.2858184913406,13.060343364909471,0.076567667345519,0.07656766532205801,geom2,35
mixture,0.006750000000000004,409.51252395901076,825.0250479180215,833.2858184913406,13.060343266796666,0.07656766734027448,0.0765676659062925,geom2,35
mixture,0.005250000000000003,409.51252395901076,825.0250479180215,833.2858184913406,13.060343259556504,0.07656766639675519,0.0765676659561047,geom2,35
mixture,0.008000000000000005,409.51252395901076,825.0250479180215,833.2858184913406,13.060343302956689,0.07656766625375686,0.07656766569954618,geom2,35
mixture,0.0025000000000000005,409.5125239590108,825.0250479180216,833.2858184913407,13.060343213274257,0.07656766712160609,0.07656766622751755,geom2,35
mixture,0.003000000000000001,409.5125239590108,825.0250479180216,833.2858184913407,13.06034323333931,0.07656766689377527,0.0765676661097672,geom2,35
mixture,0.010000000000000007,409.5125239590108,825.0250479180216,833.2858184913407,13.060343216774653,0.07656766637973743,0.07656766620750903,geom2,35
mixture,0.007250000000000005,409.5125239590108,825.0250479180216,833.2858184913407,13.06034321343201,0.07656766471591418,0.07656766623987665,geom2,35
mixture,0.008250000000000006,409.5125239590108,825.0250479180216,833.2858184913407,13.060343106275749,0.07656766849310422,0.07656766684343325,geom2,35
mixture,0.0070000000000000045,409.5125239590108,825.0250479180216,833.2858184913407,13.060343333220784,0.07656766764939003,0.07656766551158875,geom2,35
mixture,0.0027500000000000007,409.5125239590108,825.0250479180216,833.2858184913407,13.060343192635814,0.07656766565378517,0.07656766635266979,geom2,35
mixture,0.005750000000000003,409.5125239590108,825.0250479180216,833.2858184913407,13.060343257855479,0.07656766702168159,0.07656766596229911,geom2,35
mixture,0.007500000000000005,409.5125239590108,825.0250479180216,833.2858184913407,13.06034326493227,0.07656766230958473,0.07656766595423702,geom2,35
mixture,0.05,409.5125239590108,825.0250479180216,833.2858184913407,13.060343207831453,0.07656766415544757,0.07656766637251516,geom2,35
mixture,0.004500000000000002,409.5125239590109,825.0250479180218,833.2858184913408,13.060343171119861,0.07656766547548785,0.07656766648141411,geom2,35
mixture,0.009500000000000007,409.5125239590109,825.0250479180218,833.2858184913408,13.060343154985711,0.07656766842393277,0.0765676665537085,geom2,35
null,,409.51252395900985,821.0250479180197,823.7786381091261,13.060345298788292,0.07656765400320446,,geom2,35
sum,,407.818296008763,817.636592017526,820.3901822086324,19.542494934547495,0.10234107808130333,,geom2,35
mixture,0.003250000000000001,496.92057863471143,999.8411572694229,1008.5346766692755,15.507463078686698,0.06448508098188067,0.06448508017625314,geom2,36
mixture,0.005500000000000003,496.92057863471143,999.8411572694229,1008.5346766692755,15.507463065981558,0.06448507735746305,0.06448508024759929,geom2,36
mixture,0.005750000000000003,496.92057863471143,999.8411572694229,1008.5346766692755,15.507463222585741,0.06448507859006626,0.06448507958622024,geom2,36
mixture,0.006500000000000004,496.92057863471143,999.8411572694229,1008.5346766692755,15.507463007093468,0.06448507966842308,0.06448508048186677,geom2,36
mixture,0.007500000000000005,496.92057863471143,999.8411572694229,1008.5346766692755,15.50746303856318,0.06448508062641474,0.06448508034359694,geom2,36
mixture,0.009500000000000007,496.92057863471143,999.8411572694229,1008.5346766692755,15.507463158412394,0.06448507733538711,0.06448507987143852,geom2,36
mixture,0.0037500000000000016,496.9205786347115,999.841157269423,1008.5346766692758,15.507463269555611,0.0644850789243109,0.0644850793869111,geom2,36
mixture,0.0025000000000000005,496.9205786347115,999.841157269423,1008.5346766692758,15.50746321211659,0.06448507963760333,0.06448507962399247,geom2,36
mixture,0.006250000000000004,496.9205786347115,999.841157269423,1008.5346766692758,15.507463087836573,0.06448508145467256,0.06448508013256006,geom2,36
mixture,0.004000000000000002,496.9205786347115,999.841157269423,1008.5346766692758,15.507463174445544,0.06448507959058694,0.06448507978143837,geom2,36
mixture,0.009000000000000006,496.9205786347115,999.841157269423,1008.5346766692758,15.507463091299304,0.06448507643193384,0.06448508015997649,geom2,36
mixture,0.008500000000000006,496.9205786347115,999.841157269423,1008.5346766692758,15.507463222667798,0.0644850774758946,0.06448507959819066,geom2,36
mixture,0.5,496.9205786347115,999.841157269423,1008.5346766692758,15.50746321673886,0.0644850796048056,0.0644850796048056,geom2,36
mixture,0.010000000000000007,496.9205786347115,999.841157269423,1008.5346766692758,15.507463132848857,0.06448507530967708,0.06448508000055633,geom2,36
mixture,0.0047500000000000025,496.92057863471155,999.8411572694231,1008.5346766692758,15.507463004939348,0.06448508290440155,0.06448508047399247,geom2,36
mixture,0.003000000000000001,496.92057863471155,999.8411572694231,1008.5346766692758,15.507463305324874,0.06448507935801215,0.06448507923607029,geom2,36
mixture,0.008750000000000006,496.92057863471155,999.8411572694231,1008.5346766692758,15.507463101438855,0.06448507691387864,0.06448508011224627,geom2,36
mixture,0.007250000000000005,496.92057863471155,999.8411572694231,1008.5346766692758,15.507462972397747,0.06448508301528691,0.06448508060336909,geom2,36
mixture,0.0070000000000000045,496.92057863471155,999.8411572694231,1008.5346766692758,15.507463112202453,0.06448507942995431,0.06448508004379891,geom2,36
mixture,0.004500000000000002,496.92057863471155,999.8411572694231,1008.5346766692758,15.507463135459487,0.06448508089342107,0.06448507993849452,geom2,36
mixture,0.004250000000000002,496.92057863471155,999.8411572694231,1008.5346766692758,15.507463238765402,0.0644850794780477,0.06448507951336215,geom2,36
mixture,0.0022500000000000003,496.92057863471155,999.8411572694231,1008.5346766692758,15.507463038118237,0.06448508159960332,0.06448508034474486,geom2,36
mixture,0.006750000000000004,496.92057863471155,999.8411572694231,1008.5346766692758,15.507463141894075,0.06448507753208056,0.06448507993223562,geom2,36
mixture,0.006000000000000004,496.92057863471155,999.8411572694231,1008.5346766692758,15.507463115227598,0.0644850766969668,0.0644850800470228,geom2,36
mixture,0.009750000000000007,496.92057863471155,999.8411572694231,1008.5346766692758,15.507463312270282,0.06448507960292736,0.064485079203662,geom2,36
mixture,0.008250000000000006,496.92057863471155,999.8411572694231,1008.5346766692758,15.507463308952442,0.06448507688383927,0.06448507924079641,geom2,36
mixture,0.008000000000000005,496.92057863471155,999.8411572694231,1008.5346766692758,15.507463221966452,0.06448507986214255,0.06448507958081696,geom2,36
mixture,0.002,496.92057863471155,999.8411572694231,1008.5346766692758,15.507463384710766,0.06448507862799586,0.06448507890688152,geom2,36
mixture,0.0027500000000000007,496.92057863471155,999.8411572694231,1008.5346766692758,15.50746313321019,0.06448508051721835,0.06448507995058675,geom2,36
mixture,0.2,496.9205786347116,999.8411572694232,1008.534676669276,15.5074635266127,0.06448508184728025,0.06448507743349166,geom2,36
mixture,0.009250000000000006,496.9205786347116,999.8411572694232,1008.534676669276,15.507463225552117,0.06448507642576568,0.0644850795974957,geom2,36
mixture,0.005250000000000003,496.9205786347116,999.8411572694232,1008.534676669276,15.507463017274606,0.0644850804857585,0.06448508043397101,geom2,36
mixture,0.007750000000000005,496.92057863471166,999.8411572694233,1008.534676669276,15.507463262219288,0.06448507994514245,0.06448507941154781,geom2,36
mixture,0.005000000000000003,496.92057863471166,999.8411572694233,1008.534676669276,15.507463111099197,0.0644850771441978,0.06448508005866202,geom2,36
mixture,0.0035000000000000014,496.92057863471166,999.8411572694233,1008.534676669276,15.507463138593863,0.06448507763759144,0.06448507993780869,geom2,36
mixture,0.3,496.92057863471166,999.8411572694233,1008.534676669276,15.507463406998095,0.06448508256188715,0.06448507720725674,geom2,36
mixture,0.4,496.92057863471166,999.8411572694233,1008.534676669276,15.507463396943367,0.06448508017239188,0.06448507797749979,geom2,36
mixture,0.45,496.92057863471166,999.8411572694233,1008.534676669276,15.50746335768644,0.06448507486310029,0.06448508241873595,geom2,36
mixture,0.15000000000000002,496.92057863471166,999.8411572694233,1008.534676669276,15.507463534073224,0.06448508343283044,0.06448507737682535,geom2,36
mixture,0.25,496.9205786347117,999.8411572694234,1008.5346766692762,15.507463356261233,0.06448508290315969,0.06448507773178175,geom2,36
mixture,0.35000000000000003,496.9205786347117,999.8411572694234,1008.5346766692762,15.507463320450547,0.0644850825727775,0.06448507734317939,geom2,36
mixture,0.1,496.9205786347118,999.8411572694235,1008.5346766692762,15.507463517215351,0.06448505668228699,0.06448508076344298,geom2,36
mixture,0.05,496.9205786347118,999.8411572694235,1008.5346766692762,15.507463716956563,0.06448506424860424,0.06448507822348165,geom2,36
null,,496.9205786347118,995.8411572694235,998.7389970693745,15.50746379344019,0.06448507720669384,,geom2,36
sum,,496.7595871682536,995.5191743365071,998.4170141364581,23.444926210118293,0.08530630389174976,,geom2,36
mixture,0.002,513.0413634975341,1032.0827269950682,1040.9290066662027,14.496453315022107,0.06898238767307757,0.06898239026776064,geom2,37
mixture,0.003000000000000001,513.0413634975341,1032.0827269950682,1040.9290066662027,14.496453199708405,0.0689823886377462,0.0689823908178399,geom2,37
mixture,0.004250000000000002,513.0413634975341,1032.0827269950682,1040.9290066662027,14.496453314715188,0.06898239062567274,0.06898239026248823,geom2,37
mixture,0.004000000000000002,513.0413634975341,1032.0827269950682,1040.9290066662027,14.496453339190968,0.06898238786312721,0.06898239015673649,geom2,37
mixture,0.005250000000000003,513.0413634975341,1032.0827269950682,1040.9290066662027,14.496453275714849,0.0689823889739252,0.0689823904574059,geom2,37
mixture,0.009000000000000006,513.0413634975341,1032.0827269950682,1040.9290066662027,14.496453291344096,0.06898239105228274,0.06898239036909606,geom2,37
mixture,0.007500000000000005,513.0413634975341,1032.0827269950682,1040.9290066662027,14.496453110562378,0.06898238861431982,0.06898239125531472,geom2,37
mixture,0.006500000000000004,513.0413634975341,1032.0827269950682,1040.9290066662027,14.496453347298951,0.06898238956909382,0.06898239011251187,geom2,37
mixture,0.4,513.0413634975341,1032.0827269950682,1040.9290066662027,14.49645459516982,0.06898238174073117,0.06898238579101115,geom2,37
mixture,0.45,513.0413634975341,1032.0827269950682,1040.9290066662027,14.496454496891142,0.06898238539312054,0.0689823840212014,geom2,37
mixture,0.5,513.0413634975341,1032.0827269950682,1040.9290066662027,14.49645449220431,0.06898238466086762,0.06898238466086762,geom2,37
mixture,0.35000000000000003,513.0413634975341,1032.0827269950682,1040.9290066662027,14.496454490678673,0.06898238092823898,0.06898238668191374,geom2,37
mixture,0.0047500000000000025,513.0413634975342,1032.0827269950685,1040.929006666203,14.496453110886147,0.06898239225972884,0.06898239122907095,geom2,37
mixture,0.005500000000000003,513.0413634975342,1032.0827269950685,1040.929006666203,14.496453377857883,0.06898238545153103,0.06898238998851625,geom2,37
mixture,0.005750000000000003,513.0413634975342,1032.0827269950685,1040.929006666203,14.496453263105117,0.06898239047745733,0.06898239050980792,geom2,37
mixture,0.008000000000000005,513.0413634975342,1032.0827269950685,1040.929006666203,14.496453230780643,0.06898238594547458,0.0689823907014883,geom2,37
mixture,0.006750000000000004,513.0413634975342,1032.0827269950685,1040.929006666203,14.4964531717161,0.06898238904722655,0.06898239095739661,geom2,37
mixture,0.008250000000000006,513.0413634975342,1032.0827269950685,1040.929006666203,14.496453296635277,0.06898238753236637,0.06898239037350569,geom2,37
mixture,0.0027500000000000007,513.0413634975342,1032.0827269950685,1040.929006666203,14.496453290934774,0.06898238630842206,0.0689823903884125,geom2,37
mixture,0.0022500000000000003,513.0413634975342,1032.0827269950685,1040.929006666203,14.496453330236237,0.06898239103552742,0.06898239018826743,geom2,37
mixture,0.007750000000000005,513.0413634975342,1032.0827269950685,1040.929006666203,14.496453232910081,0.06898238753603847,0.06898239067765463,geom2,37
mixture,0.004500000000000002,513.0413634975342,1032.0827269950685,1040.929006666203,14.496453269344288,0.06898239190155078,0.06898239047350618,geom2,37
mixture,0.005000000000000003,513.0413634975343,1032.0827269950687,1040.9290066662031,14.496453232206479,0.06898238632533357,0.06898239067842069,geom2,37
mixture,0.0037500000000000016,513.0413634975343,1032.0827269950687,1040.9290066662031,14.496453347162952,0.06898238733236337,0.06898239012008074,geom2,37
mixture,0.0070000000000000045,513.0413634975343,1032.0827269950687,1040.9290066662031,14.496453230506535,0.06898238560658657,0.06898239070040126,geom2,37
mixture,0.007250000000000005,513.0413634975343,1032.0827269950687,1040.9290066662031,14.496452886086784,0.06898238992386642,0.06898239232106988,geom2,37
mixture,0.006250000000000004,513.0413634975343,1032.0827269950687,1040.9290066662031,14.496453247441313,0.06898238870902333,0.06898239059595253,geom2,37
mixture,0.008500000000000006,513.0413634975343,1032.0827269950687,1040.9290066662031,14.496453068335935,0.0689823887215147,0.06898239145971949,geom2,37
mixture,0.0025000000000000005,513.0413634975343,1032.0827269950687,1040.9290066662031,14.496453064538674,0.06898238886226636,0.06898239146101115,geom2,37
mixture,0.003250000000000001,513.0413634975343,1032.0827269950687,1040.9290066662031,14.496453261854173,0.06898238819079136,0.0689823905231548,geom2,37
mixture,0.0035000000000000014,513.0413634975343,1032.0827269950687,1040.9290066662031,14.496453233769628,0.06898238965211571,0.06898239065271901,geom2,37
mixture,0.006000000000000004,513.0413634975343,1032.0827269950687,1040.9290066662031,14.496453102312941,0.0689823906144009,0.06898239127874886,geom2,37
mixture,0.009750000000000007,513.0413634975343,1032.0827269950687,1040.9290066662031,14.496453129425948,0.06898239035133359,0.06898239115356539,geom2,37
mixture,0.009500000000000007,513.0413634975343,1032.0827269950687,1040.9290066662031,14.496453177856955,0.06898238920602971,0.06898239093167491,geom2,37
mixture,0.009250000000000006,513.0413634975343,1032.0827269950687,1040.9290066662031,14.496453187371976,0.06898238788254839,0.06898239089789535,geom2,37
mixture,0.008750000000000006,513.0413634975343,1032.0827269950687,1040.9290066662031,14.49645325011404,0.06898238898803455,0.06898239058541797,geom2,37
mixture,0.3,513.0413634975343,1032.0827269950687,1040.9290066662031,14.496454728420723,0.06898237992518425,0.0689823850846575,geom2,37
mixture,0.010000000000000007,513.0413634975343,1032.0827269950687,1040.9290066662031,14.496453100374026,0.06898239062924823,0.06898239129060278,geom2,37
mixture,0.1,513.0413634975343,1032.0827269950687,1040.9290066662031,14.496454752060087,0.0689823871169974,0.06898238301402908,geom2,37
mixture,0.05,513.0413634975343,1032.0827269950687,1040.9290066662031,14.496453312424277,0.06898238539114725,0.06898239053197461,geom2,37
mixture,0.25,513.0413634975343,1032.0827269950687,1040.9290066662031,14.496454633619312,0.0689823787206291,0.06898238574370318,geom2,37
mixture,0.2,513.0413634975345,1032.082726995069,1040.9290066662033,14.49645489175952,0.06898238586369547,0.06898238198352177,geom2,37
mixture,0.15000000000000002,513.0413634975346,1032.0827269950692,1040.9290066662036,14.496454885690897,0.06898237139445265,0.0689823847991375,geom2,37
null,,513.0413634975346,1028.0827269950692,1031.0314868854473,14.496454993309616,0.06898238227632332,,geom2,37
sum,,511.41701926587217,1024.8340385317442,1027.7827984221226,21.734887027983604,0.09201796160361937,,geom2,37
mixture,0.45,520.4810772479027,1046.9621544958054,1055.8715943945333,13.312517352101782,0.0627909105166192,0.08949091902207655,geom2,38
mixture,0.5,520.4813842514919,1046.9627685029839,1055.8722084017118,13.333945740758807,0.09109666814589065,0.06373266302707888,geom2,38
mixture,0.4,520.4818039908166,1046.9636079816332,1055.8730478803611,13.310155982478394,0.06179327202665447,0.08775831019709134,geom2,38
mixture,0.35000000000000003,520.4836424354376,1046.9672848708751,1055.876724769603,13.32995275446952,0.06074414669509841,0.08588703317349441,geom2,38
mixture,0.3,520.4910971746745,1046.982194349349,1055.8916342480768,13.563515218872835,0.09639085002724398,0.06697804048487252,geom2,38
mixture,0.25,520.4951972627873,1046.9903945255746,1055.8998344243025,13.647604907072244,0.09747629610909975,0.0676719481036067,geom2,38
mixture,0.2,520.499806185292,1046.999612370584,1055.9090522693118,13.73955806043487,0.09848193220606215,0.06832509497113452,geom2,38
mixture,0.15000000000000002,520.5048560336937,1047.0097120673875,1055.9191519661154,13.838293247936722,0.09941482704159084,0.06894054769034406,geom2,38
mixture,0.1,520.5102856878443,1047.0205713756886,1055.9300112744165,13.942921129558643,0.10027959930757192,0.06952110365502168,geom2,38
mixture,0.05,520.5155044883563,1047.0310089767127,1055.9404488754406,14.001842933805396,0.0545782979849718,0.07259817781526717,geom2,38
mixture,0.005000000000000003,520.522071393933,1047.044142787866,1055.9535826865938,14.166665792692562,0.07058823784126782,0.07058823965795119,geom2,38
mixture,0.004000000000000002,520.5220713939331,1047.0441427878661,1055.953582686594,14.166665803233636,0.07058823911020785,0.07058823959829713,geom2,38
mixture,0.008750000000000006,520.5220713939331,1047.0441427878661,1055.953582686594,14.16666748458714,0.0705882300295436,0.07058823122916305,geom2,38
mixture,0.004500000000000002,520.5220713939332,1047.0441427878663,1055.9535826865942,14.166667643235538,0.07058823015050023,0.07058823042942444,geom2,38
mixture,0.004250000000000002,520.5220713939332,1047.0441427878663,1055.9535826865942,14.166665674426605,0.07058824005691058,0.07058824023892508,geom2,38
mixture,0.0025000000000000005,520.5220713939332,1047.0441427878663,1055.9535826865942,14.166665876436271,0.0705882400341454,0.07058823922958664,geom2,38
mixture,0.005250000000000003,520.5220713939332,1047.0441427878663,1055.9535826865942,14.166665631988012,0.07058823960897855,0.0705882404540469,geom2,38
mixture,0.007500000000000005,520.5220713939332,1047.0441427878663,1055.9535826865942,14.166667611791727,0.07058823103350666,0.07058823058145391,geom2,38
mixture,0.009750000000000007,520.5220713939332,1047.0441427878663,1055.9535826865942,14.166667572878563,0.07058823089386121,0.07058823077760334,geom2,38
mixture,0.008250000000000006,520.5220713939332,1047.0441427878663,1055.9535826865942,14.166667728512557,0.07058822895042074,0.0705882300120178,geom2,38
mixture,0.007750000000000005,520.5220713939332,1047.0441427878663,1055.9535826865942,14.166667528648604,0.07058823206469549,0.07058823099079871,geom2,38
mixture,0.010000000000000007,520.5220713939332,1047.0441427878663,1055.9535826865942,14.166667418580289,0.07058823352713949,0.07058823152756286,geom2,38
mixture,0.0035000000000000014,520.5220713939332,1047.0441427878663,1055.9535826865942,14.166665709770289,0.0705882357043091,0.0705882400773502,geom2,38
mixture,0.003000000000000001,520.5220713939332,1047.0441427878663,1055.9535826865942,14.166665637383913,0.07058824054405519,0.07058824042235903,geom2,38
mixture,0.006000000000000004,520.5220713939332,1047.0441427878663,1055.9535826865942,14.166667589382357,0.070588228326763,0.0705882307108077,geom2,38
mixture,0.0047500000000000025,520.5220713939332,1047.0441427878663,1055.9535826865942,14.166667538780937,0.07058823290266449,0.0705882309393091,geom2,38
mixture,0.005750000000000003,520.5220713939333,1047.0441427878666,1055.9535826865945,14.166665712857654,0.07058823967644283,0.07058824004880221,geom2,38
mixture,0.002,520.5220713939333,1047.0441427878666,1055.9535826865945,14.166667729749777,0.07058823236728726,0.07058822999234506,geom2,38
mixture,0.0027500000000000007,520.5220713939333,1047.0441427878666,1055.9535826865945,14.16666572377696,0.0705882370719136,0.0705882400003066,geom2,38
mixture,0.005500000000000003,520.5220713939333,1047.0441427878666,1055.9535826865945,14.166665644821048,0.07058823990083757,0.07058824038834843,geom2,38
mixture,0.003250000000000001,520.5220713939333,1047.0441427878666,1055.9535826865945,14.16666575256396,0.070588238742653,0.07058823985242331,geom2,38
mixture,0.0037500000000000016,520.5220713939333,1047.0441427878666,1055.9535826865945,14.166667727571522,0.07058823021251122,0.07058823000717852,geom2,38
mixture,0.006250000000000004,520.5220713939333,1047.0441427878666,1055.9535826865945,14.166665693375524,0.07058823924071966,0.07058824014941409,geom2,38
mixture,0.007250000000000005,520.5220713939333,1047.0441427878666,1055.9535826865945,14.166667605434045,0.07058823023377028,0.07058823061931795,geom2,38
mixture,0.009500000000000007,520.5220713939333,1047.0441427878666,1055.9535826865945,14.166667688750838,0.070588231794047,0.07058823018610483,geom2,38
mixture,0.009250000000000006,520.5220713939333,1047.0441427878666,1055.9535826865945,14.16666770953129,0.07058823080337889,0.07058823009125037,geom2,38
mixture,0.008000000000000005,520.5220713939333,1047.0441427878666,1055.9535826865945,14.166665593460795,0.07058824064254793,0.07058824064157203,geom2,38
mixture,0.0070000000000000045,520.5220713939333,1047.0441427878666,1055.9535826865945,14.166665676547916,0.0705882400614025,0.07058824022875311,geom2,38
mixture,0.009000000000000006,520.5220713939333,1047.0441427878666,1055.9535826865945,14.166665641805398,0.07058823942240135,0.07058824040957778,geom2,38
mixture,0.008500000000000006,520.5220713939333,1047.0441427878666,1055.9535826865945,14.1666676597306,0.07058823205608099,0.07058823033131889,geom2,38
mixture,0.0022500000000000003,520.5220713939333,1047.0441427878666,1055.9535826865945,14.166665572565158,0.070588240309798,0.0705882407466795,geom2,38
mixture,0.006500000000000004,520.5220713939334,1047.0441427878668,1055.9535826865947,14.16666574688623,0.07058823824755418,0.07058823988776837,geom2,38
mixture,0.006750000000000004,520.5220713939334,1047.0441427878668,1055.9535826865947,14.166665513982677,0.0705882413676015,0.07058824103535274,geom2,38
null,,520.5220713939334,1043.0441427878668,1046.0139560874427,14.166667779199226,0.07058822975070325,,geom2,38
sum,,521.0001483186466,1044.000296637293,1046.970109936869,21.48943333442737,0.09306899669596588,,geom2,38
mixture,0.35000000000000003,496.11868422007126,998.2373684401425,1007.0622957079704,10.769870902710021,0.1928420790504382,0.0725858424182394,geom2,39
mixture,0.3,496.1192572351783,998.2385144703566,1007.0634417381845,11.160557021099839,0.18958911472017168,0.0730827190286472,geom2,39
mixture,0.4,496.1237081535037,998.2474163070074,1007.0723435748353,10.360381560799183,0.19665717501614058,0.07206008292152197,geom2,39
mixture,0.25,496.12399595757046,998.2479919151409,1007.0729191829688,11.5353744618611,0.18677171338114304,0.07355218404687754,geom2,39
mixture,0.2,496.1318516459089,998.2637032918178,1007.0886305596457,11.896306208357153,0.18433550755116163,0.07399645968560092,geom2,39
mixture,0.45,496.1363149819447,998.2726299638894,1007.0975572317172,9.92784624484742,0.20123720382195442,0.07150584215701507,geom2,39
mixture,0.15000000000000002,496.1425340342873,998.2850680685746,1007.1099953364024,12.305201139770054,0.17271851463322735,0.07432190409466238,geom2,39
mixture,0.1,496.1540997073691,998.3081994147382,1007.1331266825661,12.607859195919598,0.17467756211737503,0.0747795509890256,geom2,39
mixture,0.5,496.1593137602769,998.3186275205538,1007.1435547883817,9.467973916820101,0.20679125848047242,0.0709212138271911,geom2,39
mixture,0.05,496.1672383826629,998.3344767653258,1007.1594040331537,12.91653083546395,0.17736683947627507,0.07519017646350683,geom2,39
mixture,0.010000000000000007,496.17854123518754,998.3570824703751,1007.182009738203,13.172115437246871,0.17702729409047438,0.07548247613702042,geom2,39
mixture,0.009750000000000007,496.17861351414945,998.3572270282989,1007.1821542961268,13.17367806472732,0.17705590159443307,0.07548436506204216,geom2,39
mixture,0.009500000000000007,496.17868581298546,998.3573716259709,1007.1822988937988,13.17529181025409,0.176988027058246,0.07548612993548007,geom2,39
mixture,0.009250000000000006,496.1787581283123,998.3575162566246,1007.1824435244525,13.1768678441452,0.17703869154335686,0.07548790341501146,geom2,39
mixture,0.009000000000000006,496.17883046341433,998.3576609268287,1007.1825881946565,13.178475582094846,0.17698953113276492,0.07548966329997726,geom2,39
mixture,0.008750000000000006,496.1789028164742,998.3578056329484,1007.1827329007763,13.180031430186707,0.17705027376859298,0.07549153975716973,geom2,39
mixture,0.008500000000000006,496.17897518790517,998.3579503758103,1007.1828776436382,13.181644497909542,0.17704481716175574,0.07549319524290633,geom2,39
mixture,0.008250000000000006,496.179047577234,998.358095154468,1007.1830224222958,13.18324850576491,0.1770097773314667,0.07549494629040211,geom2,39
mixture,0.008000000000000005,496.1791199851641,998.3582399703282,1007.1831672381561,13.184838051877682,0.17698765560116683,0.07549675748042216,geom2,39
mixture,0.007750000000000005,496.17919241181806,998.3583848236361,1007.183312091464,13.18642944802935,0.17702032573722185,0.07549847732817408,geom2,39
mixture,0.007500000000000005,496.1792648670961,998.3585297341922,1007.1834570020201,13.188039575699372,0.17715378466810727,0.07549995340214985,geom2,39
mixture,0.007250000000000005,496.17933731853725,998.3586746370745,1007.1836019049024,13.189615525378535,0.17698281793928905,0.07550204144054215,geom2,39
mixture,0.0070000000000000045,496.179409869786,998.358819739572,1007.1837470073999,13.191361773113503,0.17644619546405127,0.07550360664559443,geom2,39
mixture,0.006750000000000004,496.179482310104,998.358964620208,1007.1838918880359,13.192707911426856,0.17716757075459602,0.07550585853249472,geom2,39
mixture,0.006500000000000004,496.17955481713534,998.3591096342707,1007.1840369020986,13.194369067485088,0.17703504997203728,0.07550738622196146,geom2,39
mixture,0.006250000000000004,496.1796274034988,998.3592548069976,1007.1841820748255,13.196109745919024,0.17646433640093037,0.07550894840878122,geom2,39
mixture,0.006000000000000004,496.17969995127663,998.3593999025533,1007.1843271703812,13.197692385788002,0.17647167160281524,0.07551072716588174,geom2,39
mixture,0.005750000000000003,496.17977251729,998.35954503458,1007.1844723024079,13.199275038893665,0.1764797310389385,0.07551250494554969,geom2,39
mixture,0.005500000000000003,496.1798451015185,998.359690203037,1007.1846174708649,13.20085745373208,0.17648856698624335,0.07551428323773986,geom2,39
mixture,0.005250000000000003,496.1799177039424,998.3598354078848,1007.1847626757127,13.202439935037356,0.17649824401937847,0.0755160603401462,geom2,39
mixture,0.005000000000000003,496.179990324542,998.359980649084,1007.1849079169119,13.204022524333324,0.17650883042961707,0.0755178360689362,geom2,39
mixture,0.0047500000000000025,496.180062963299,998.360125926598,1007.1850531944259,13.20560501952452,0.1765203993459069,0.07551961164480701,geom2,39
mixture,0.004500000000000002,496.1801356201932,998.3602712403864,1007.1851985082143,13.207187369268027,0.1765330411992196,0.07552138742288789,geom2,39
mixture,0.004250000000000002,496.1802082952065,998.360416590413,1007.1853438582409,13.208770003783176,0.17654685204533732,0.07552316101181183,geom2,39
mixture,0.004000000000000002,496.1802809883198,998.3605619766396,1007.1854892444675,13.210352657978795,0.17656194432648206,0.07552493400975333,geom2,39
mixture,0.0037500000000000016,496.1803536995137,998.3607073990274,1007.1856346668553,13.211935125047903,0.17657844396786707,0.07552670769121739,geom2,39
mixture,0.0035000000000000014,496.1804264287693,998.3608528575386,1007.1857801253665,13.213518081818172,0.1765965016983849,0.07552847827839024,geom2,39
mixture,0.003250000000000001,496.18049917606527,998.3609983521305,1007.1859256199584,13.215100845664864,0.17661628769677615,0.07553024979329519,geom2,39
mixture,0.003000000000000001,496.180571941381,998.361143882762,1007.1860711505899,13.216683962260872,0.17663800600434462,0.0755320192385938,geom2,39
mixture,0.0027500000000000007,496.1806447246921,998.3612894493842,1007.1862167172121,13.218267118418638,0.1766619005099646,0.07553378855027995,geom2,39
mixture,0.0025000000000000005,496.1807175259725,998.361435051945,1007.1863623197729,13.219850694401119,0.17668826630464768,0.07553555571746108,geom2,39
mixture,0.0022500000000000003,496.1807903451914,998.3615806903828,1007.1865079582107,13.22143428325307,0.17671747308529248,0.07553732325600801,geom2,39
mixture,0.002,496.1808631823129,998.3617263646258,1007.1866536324537,13.223018490816978,0.1767499943360208,0.0755390879185418,geom2,39
null,,496.18144651225174,994.3628930245035,997.3045354471128,13.235714424263675,0.07555315625175493,,geom2,39
sum,,496.7359691637489,995.4719383274978,998.4135807501071,20.14137972191645,0.09929806337069048,,geom2,39
mixture,0.4,513.4846980109622,1032.9693960219245,1041.751157077396,12.388500984883864,0.16142648620399433,0.0605412822244428,geom2,40
mixture,0.45,513.4865396632924,1032.9730793265849,1041.7548403820565,12.028428854797633,0.15856947223594178,0.059844039868339194,geom2,40
mixture,0.35000000000000003,513.4901052329594,1032.9802104659188,1041.7619715213905,12.852616571382248,0.1589935382476685,0.061025590933878604,geom2,40
mixture,0.5,513.4962877976006,1032.9925755952013,1041.774336650673,11.388692951234988,0.16779375700413304,0.05946120322679693,geom2,40
mixture,0.3,513.5002176628915,1033.000435325783,1041.7821963812546,13.298683012145414,0.15688243915806002,0.06147672487823332,geom2,40
mixture,0.25,513.5137101818531,1033.0274203637061,1041.8091814191778,13.729523208798831,0.15501465272751785,0.06189767147724836,geom2,40
mixture,0.2,513.5296268015629,1033.0592536031259,1041.8410146585975,14.146878050075886,0.15335450828760622,0.06229214703690726,geom2,40
mixture,0.15000000000000002,513.5472680850615,1033.094536170123,1041.8762972255947,14.552492379951463,0.15185488172354247,0.06266261311640854,geom2,40
mixture,0.1,513.5661162899089,1033.1322325798178,1041.9139936352894,14.947683507645605,0.15047178104246492,0.0630114999138964,geom2,40
mixture,0.05,513.5887911990085,1033.177582398017,1041.9593434534886,15.24241247134494,0.18669955425861987,0.06344074904336015,geom2,40
mixture,0.010000000000000007,513.6019110537839,1033.2038221075677,1041.9855831630393,15.635399031963068,0.14832934767998984,0.06359205916493882,geom2,40
mixture,0.009750000000000007,513.602480814078,1033.204961628156,1041.9867226836277,15.621367909107413,0.18078232276568768,0.06361034807463753,geom2,40
mixture,0.009500000000000007,513.6025706655165,1033.205141331033,1041.9869023865047,15.623643040198859,0.18078631505446094,0.06361145518471259,geom2,40
mixture,0.009250000000000006,513.6026605216895,1033.205321043379,1041.9870820988506,15.625917921106714,0.18079072554126172,0.06361256256268055,geom2,40
mixture,0.009000000000000006,513.6027503823456,1033.2055007646911,1041.9872618201628,15.628192853547663,0.18079557898963208,0.06361366898774362,geom2,40
mixture,0.008750000000000006,513.6028402472091,1033.2056804944182,1041.9874415498898,15.630467496157753,0.18080090089712825,0.0636147758678782,geom2,40
mixture,0.008500000000000006,513.6029301159774,1033.2058602319548,1041.9876212874265,15.632742337493902,0.18080671972852444,0.06361588122240902,geom2,40
mixture,0.008250000000000006,513.6030199883796,1033.2060399767593,1041.987801032231,15.635016858641013,0.18081306745170436,0.06361698718361307,geom2,40
mixture,0.008000000000000005,513.6031098640368,1033.2062197280736,1041.9879807835453,15.63729135652241,0.18081997578003342,0.06361809255762355,geom2,40
mixture,0.007750000000000005,513.6031997426264,1033.2063994852529,1041.9881605407245,15.63956603475826,0.18082748326622566,0.0636191965295454,geom2,40
mixture,0.007500000000000005,513.6032896237643,1033.2065792475287,1041.9883403030003,15.641840369658594,0.18083562927865657,0.06362030125530777,geom2,40
mixture,0.007250000000000005,513.6033795070222,1033.2067590140443,1041.988520069516,15.644114618785132,0.18084445730652804,0.06362140570480394,geom2,40
mixture,0.0070000000000000045,513.6034693919772,1033.2069387839545,1041.988699839426,15.646389055640592,0.1808540173101883,0.06362250878362177,geom2,40
mixture,0.006750000000000004,513.6035592781457,1033.2071185562913,1041.988879611763,15.648663331152038,0.1808643621141854,0.0636236119394133,geom2,40
mixture,0.006500000000000004,513.6036491650073,1033.2072983300145,1041.9890593854861,15.650937755222515,0.18087555142840211,0.06362471393452998,geom2,40
mixture,0.006250000000000004,513.6037390520022,1033.2074781040044,1041.989239159476,15.65321189055817,0.18088765076941937,0.06362581657918062,geom2,40
mixture,0.006000000000000004,513.6038289385201,1033.2076578770402,1041.9894189325119,15.655486139849572,0.18090073450776084,0.06362691826244704,geom2,40
mixture,0.005750000000000003,513.603918823899,1033.207837647798,1041.9895987032696,15.65776050282644,0.18091488562799285,0.06362801901873898,geom2,40
mixture,0.005500000000000003,513.6040087073941,1033.2080174147882,1041.9897784702598,15.66003471303311,0.18093019576227534,0.06362911997050565,geom2,40
mixture,0.005250000000000003,513.6040985881874,1033.2081971763748,1041.9899582318465,15.662308995720872,0.1809467692030077,0.06363022024102674,geom2,40
mixture,0.005000000000000003,513.6041884654085,1033.208376930817,1041.9901379862886,15.664583431096169,0.18096472649329012,0.0636313195474424,geom2,40
mixture,0.0047500000000000025,513.6042783380643,1033.2085566761286,1041.9903177316003,15.66685801151711,0.18098420314766112,0.06363241797068889,geom2,40
mixture,0.004500000000000002,513.6043682050404,1033.2087364100807,1041.9904974655524,15.66913254028019,0.18100535359319767,0.06363351636691096,geom2,40
mixture,0.004250000000000002,513.6044580651136,1033.2089161302272,1041.9906771856988,15.671407016530745,0.1810283587377273,0.06363461480026604,geom2,40
mixture,0.004000000000000002,513.6045479168961,1033.2090958337922,1041.9908568892638,15.67368185299861,0.18105342865569896,0.06363571166129046,geom2,40
mixture,0.0037500000000000016,513.604637758842,1033.209275517684,1041.9910365731557,15.675956770129298,0.18108081153139738,0.06363680816429929,geom2,40
mixture,0.0035000000000000014,513.604727589164,1033.209455178328,1041.9912162337996,15.678231715475532,0.18111079917970807,0.06363790461141959,geom2,40
mixture,0.003250000000000001,513.6048174058416,1033.2096348116831,1041.9913958671548,15.680507152105722,0.1811437452546479,0.06363899922115152,geom2,40
mixture,0.003000000000000001,513.6049072065402,1033.2098144130805,1041.9915754685521,15.68278250909903,0.18118007767942934,0.06364009443003768,geom2,40
mixture,0.0027500000000000007,513.6049969885698,1033.2099939771397,1041.9917550326113,15.685058285293346,0.18122033024495718,0.06364118834471907,geom2,40
mixture,0.0025000000000000005,513.6050867487685,1033.210173497537,1041.9919345530086,15.687334689000373,0.18126517405078926,0.06364228027666335,geom2,40
mixture,0.0022500000000000003,513.605176483405,1033.21035296681,1041.9921140222816,15.689611059249723,0.18131547650422863,0.06364337309515625,geom2,40
mixture,0.002,513.6052661880251,1033.2105323760502,1041.9922934315218,15.691888346600477,0.181372396960036,0.06364446316113027,geom2,40
null,,513.605981244641,1029.211962489282,1032.1392161744393,15.71014602673999,0.06365313207769781,,geom2,40
sum,,514.2475314071396,1030.4950628142792,1033.4223164994364,23.87971528297176,0.08375309237569377,,geom2,40
mixture,0.003250000000000001,471.73226839698987,949.4645367939797,958.2244795714641,12.014599110925806,0.08323207199873102,0.08323207381606139,geom2,41
mixture,0.005000000000000003,471.73226839698987,949.4645367939797,958.2244795714641,12.014599120729374,0.08323207288679839,0.08323207374653878,geom2,41
mixture,0.009750000000000007,471.73226839698987,949.4645367939797,958.2244795714641,12.01459915260686,0.08323207498187862,0.0832320735070265,geom2,41
mixture,0.007250000000000005,471.73226839698987,949.4645367939797,958.2244795714641,12.014599053729752,0.08323207496571836,0.08323207420083982,geom2,41
mixture,0.25,471.73226839698987,949.4645367939797,958.2244795714641,12.014598916740015,0.08323206919115507,0.08323207714347158,geom2,41
mixture,0.3,471.73226839698987,949.4645367939797,958.2244795714641,12.014598952041407,0.08323207789150983,0.08323207363340893,geom2,41
mixture,0.35000000000000003,471.73226839698987,949.4645367939797,958.2244795714641,12.014598909096478,0.08323207800583397,0.08323207370200258,geom2,41
mixture,0.15000000000000002,471.73226839698987,949.4645367939797,958.2244795714641,12.014598923356212,0.08323207892942677,0.08323207443546365,geom2,41
mixture,0.4,471.73226839698987,949.4645367939797,958.2244795714641,12.014598866072035,0.08323207176574446,0.08323207800016842,geom2,41
mixture,0.45,471.73226839698987,949.4645367939797,958.2244795714641,12.014598983444682,0.08323207447665829,0.08323207487053506,geom2,41
mixture,0.006000000000000004,471.7322683969899,949.4645367939798,958.2244795714643,12.014599027094466,0.08323207402605638,0.08323207439310551,geom2,41
mixture,0.006750000000000004,471.7322683969899,949.4645367939798,958.2244795714643,12.014599120841243,0.08323207468398304,0.08323207373505985,geom2,41
mixture,0.005250000000000003,471.7322683969899,949.4645367939798,958.2244795714643,12.014599200824346,0.08323207245705794,0.08323207319123031,geom2,41
mixture,0.0035000000000000014,471.7322683969899,949.4645367939798,958.2244795714643,12.014598996382022,0.08323207495253687,0.08323207460244075,geom2,41
mixture,0.003000000000000001,471.7322683969899,949.4645367939798,958.2244795714643,12.01459912226877,0.08323207179279657,0.08323207373740962,geom2,41
mixture,0.0025000000000000005,471.7322683969899,949.4645367939798,958.2244795714643,12.01459906599742,0.08323207535717106,0.0832320741183028,geom2,41
mixture,0.009000000000000006,471.7322683969899,949.4645367939798,958.2244795714643,12.014599200341749,0.08323207447405079,0.08323207317906425,geom2,41
mixture,0.05,471.7322683969899,949.4645367939798,958.2244795714643,12.014599030408554,0.0832320750972564,0.08323207432955977,geom2,41
mixture,0.009250000000000006,471.73226839699,949.46453679398,958.2244795714644,12.014599107130977,0.0832320741105771,0.08323207383388463,geom2,41
mixture,0.0047500000000000025,471.73226839699,949.46453679398,958.2244795714644,12.014599248223977,0.08323207266746505,0.08323207285992544,geom2,41
mixture,0.004500000000000002,471.73226839699,949.46453679398,958.2244795714644,12.014599229030171,0.0832320729891867,0.08323207299199047,geom2,41
mixture,0.0070000000000000045,471.73226839699,949.46453679398,958.2244795714644,12.014597785969956,0.08323208353716928,0.08323208298502621,geom2,41
mixture,0.007500000000000005,471.73226839699,949.46453679398,958.2244795714644,12.014599223497761,0.08323207312056358,0.08323207302962199,geom2,41
mixture,0.006250000000000004,471.73226839699,949.46453679398,958.2244795714644,12.01459921402898,0.08323207398866274,0.08323207309028491,geom2,41
mixture,0.008750000000000006,471.73226839699,949.46453679398,958.2244795714644,12.014599318970184,0.08323207259098223,0.08323207236695113,geom2,41
mixture,0.009500000000000007,471.73226839699,949.46453679398,958.2244795714644,12.014599090557867,0.08323207571310876,0.0832320739343574,geom2,41
mixture,0.008250000000000006,471.73226839699,949.46453679398,958.2244795714644,12.014597772029802,0.08323208344866523,0.08323208308244139,geom2,41
mixture,0.004250000000000002,471.73226839699,949.46453679398,958.2244795714644,12.014599188333934,0.08323207312957262,0.08323207327452023,geom2,41
mixture,0.005500000000000003,471.73226839699,949.46453679398,958.2244795714644,12.01459916638877,0.0832320742131986,0.08323207342157714,geom2,41
mixture,0.0037500000000000016,471.73226839699,949.46453679398,958.2244795714644,12.014599142867006,0.08323207546441252,0.08323207358182018,geom2,41
mixture,0.002,471.73226839699,949.46453679398,958.2244795714644,12.01459913326109,0.08323207404231098,0.08323207365465031,geom2,41
mixture,0.0022500000000000003,471.73226839699,949.46453679398,958.2244795714644,12.014599101122483,0.08323207285567616,0.0832320738803739,geom2,41
mixture,0.2,471.73226839699,949.46453679398,958.2244795714644,12.014599058974293,0.08323206687932845,0.08323207599273462,geom2,41
mixture,0.1,471.73226839699,949.46453679398,958.2244795714644,12.014599142765647,0.08323207749091548,0.08323207315610061,geom2,41
mixture,0.5,471.73226839699,949.46453679398,958.2244795714644,12.014599052701671,0.0832320742135073,0.0832320742135073,geom2,41
mixture,0.010000000000000007,471.73226839699,949.46453679398,958.2244795714644,12.014599149366422,0.08323207586657466,0.08323207352039287,geom2,41
mixture,0.0027500000000000007,471.73226839699004,949.4645367939801,958.2244795714645,12.0145991183195,0.08323207312494671,0.08323207376068294,geom2,41
mixture,0.005750000000000003,471.73226839699004,949.4645367939801,958.2244795714645,12.01459919172315,0.08323207488081052,0.08323207324099621,geom2,41
mixture,0.004000000000000002,471.7322683969901,949.4645367939802,958.2244795714646,12.014599208594353,0.08323207328633177,0.08323207313293499,geom2,41
mixture,0.007750000000000005,471.7322683969901,949.4645367939802,958.2244795714646,12.01459930283694,0.08323207238575743,0.08323207248141706,geom2,41
mixture,0.008000000000000005,471.7322683969901,949.4645367939802,958.2244795714646,12.014599223971851,0.08323207279007191,0.08323207302893063,geom2,41
mixture,0.008500000000000006,471.7322683969901,949.4645367939802,958.2244795714646,12.014599167990278,0.0832320747495458,0.08323207340339418,geom2,41
mixture,0.006500000000000004,471.7322683969901,949.4645367939802,958.2244795714646,12.014599248522025,0.08323207387529019,0.08323207285028399,geom2,41
null,,471.7322683969899,945.4645367939798,948.384517719808,12.014598931123315,0.08323207505575088,,geom2,41
sum,,471.6098390522442,945.2196781044884,948.1396590303165,18.226982418458988,0.1097274334326752,,geom2,41
mixture,0.45,474.16135121498417,954.3227024299683,963.016221829821,13.164179434498507,0.07596371210076373,0.075963720856613,geom2,42
mixture,0.35000000000000003,474.1613512149843,954.3227024299686,963.0162218298212,13.164179626307114,0.07596371255477048,0.0759637175622801,geom2,42
mixture,0.3,474.1613512149843,954.3227024299686,963.0162218298212,13.164179523696324,0.07596371182521143,0.07596371836314642,geom2,42
mixture,0.4,474.1613512149843,954.3227024299686,963.0162218298212,13.164179709507453,0.0759637137449965,0.07596371638591115,geom2,42
mixture,0.25,474.16135121498434,954.3227024299687,963.0162218298215,13.164179681240824,0.07596370934606912,0.07596371754152044,geom2,42
mixture,0.05,474.1613512149844,954.3227024299688,963.0162218298215,13.164178932722322,0.07596375449481553,0.0759637179865614,geom2,42
mixture,0.2,474.1613512149844,954.3227024299688,963.0162218298215,13.164179733391792,0.07596370823836898,0.07596371693005922,geom2,42
mixture,0.15000000000000002,474.1613512149844,954.3227024299688,963.0162218298215,13.164179820624499,0.07596370735915833,0.0759637159817321,geom2,42
mixture,0.5,474.1613512149844,954.3227024299688,963.0162218298215,13.16417962292744,0.07596371582915402,0.07596371582915402,geom2,42
mixture,0.009750000000000007,474.16135121498485,954.3227024299697,963.0162218298224,13.164177734367513,0.07596372258254444,0.07596372676787137,geom2,42
mixture,0.007250000000000005,474.16135121498496,954.3227024299699,963.0162218298226,13.164177777982772,0.07596372288987537,0.0759637265015679,geom2,42
mixture,0.004000000000000002,474.161351214985,954.32270242997,963.0162218298228,13.164177655358632,0.07596372450323727,0.07596372719374626,geom2,42
mixture,0.006250000000000004,474.161351214985,954.32270242997,963.0162218298228,13.164177741237632,0.07596372353204034,0.07596372670726566,geom2,42
mixture,0.005250000000000003,474.1613512149851,954.3227024299701,963.0162218298228,13.164177698319898,0.07596372710529244,0.07596372693417841,geom2,42
mixture,0.003250000000000001,474.1613512149851,954.3227024299701,963.0162218298228,13.164177709032163,0.07596372470633879,0.07596372688032722,geom2,42
mixture,0.0047500000000000025,474.16135121498513,954.3227024299703,963.016221829823,13.16417755353024,0.07596372644462318,0.07596372777691208,geom2,42
mixture,0.008250000000000006,474.16135121498513,954.3227024299703,963.016221829823,13.16417764294701,0.07596372653430213,0.07596372726059727,geom2,42
mixture,0.005000000000000003,474.16135121498513,954.3227024299703,963.016221829823,13.164177522072253,0.07596372936412764,0.0759637279450161,geom2,42
mixture,0.0025000000000000005,474.16135121498513,954.3227024299703,963.016221829823,13.164177593039861,0.07596372659802894,0.07596372754496127,geom2,42
mixture,0.009000000000000006,474.16135121498513,954.3227024299703,963.016221829823,13.164177583276679,0.07596372518974404,0.07596372762081187,geom2,42
mixture,0.0022500000000000003,474.16135121498513,954.3227024299703,963.016221829823,13.164177657585045,0.07596372723059387,0.0759637271700004,geom2,42
mixture,0.0070000000000000045,474.1613512149852,954.3227024299704,963.016221829823,13.164177584555894,0.07596372365265144,0.07596372761931722,geom2,42
mixture,0.006750000000000004,474.1613512149852,954.3227024299704,963.016221829823,13.164177569019348,0.07596372645889969,0.07596372768951064,geom2,42
mixture,0.007500000000000005,474.1613512149852,954.3227024299704,963.016221829823,13.164177511417122,0.07596372985081125,0.07596372799971374,geom2,42
mixture,0.009500000000000007,474.1613512149852,954.3227024299704,963.016221829823,13.16417753266267,0.07596372498410026,0.0759637279188802,geom2,42
mixture,0.008750000000000006,474.1613512149852,954.3227024299704,963.016221829823,13.164177657249539,0.07596372729577287,0.07596372717098084,geom2,42
mixture,0.007750000000000005,474.1613512149852,954.3227024299704,963.016221829823,13.164177557050678,0.07596372829998549,0.0759637277459755,geom2,42
mixture,0.008000000000000005,474.1613512149852,954.3227024299704,963.016221829823,13.164177550004645,0.0759637274503891,0.07596372779367441,geom2,42
mixture,0.005750000000000003,474.1613512149852,954.3227024299704,963.016221829823,13.164177626104623,0.07596372657761503,0.0759637273562714,geom2,42
mixture,0.004250000000000002,474.1613512149852,954.3227024299704,963.016221829823,13.164177462302238,0.07596373066616656,0.07596372828690194,geom2,42
mixture,0.0035000000000000014,474.1613512149852,954.3227024299704,963.016221829823,13.164177547355864,0.07596372743163872,0.0759637278075285,geom2,42
mixture,0.003000000000000001,474.1613512149852,954.3227024299704,963.016221829823,13.164177626656366,0.07596372437759753,0.07596372735755015,geom2,42
mixture,0.010000000000000007,474.1613512149852,954.3227024299704,963.016221829823,13.1641774891573,0.07596372748027388,0.07596372814873158,geom2,42
mixture,0.0027500000000000007,474.16135121498525,954.3227024299705,963.0162218298233,13.164177537378663,0.07596372445329017,0.07596372787319093,geom2,42
mixture,0.006000000000000004,474.16135121498525,954.3227024299705,963.0162218298233,13.16417745104181,0.07596372632155711,0.07596372837430848,geom2,42
mixture,0.009250000000000006,474.16135121498525,954.3227024299705,963.0162218298233,13.164177507411594,0.07596372742845328,0.07596372804238972,geom2,42
mixture,0.005500000000000003,474.16135121498525,954.3227024299705,963.0162218298233,13.164177512509802,0.0759637268124358,0.07596372801389972,geom2,42
mixture,0.0037500000000000016,474.1613512149853,954.3227024299706,963.0162218298233,13.1641774948636,0.07596372622745805,0.07596372811620165,geom2,42
mixture,0.1,474.1613512149853,954.3227024299706,963.0162218298233,13.16417751207631,0.0759637239848581,0.07596372845700816,geom2,42
mixture,0.006500000000000004,474.1613512149853,954.3227024299706,963.0162218298233,13.164177446737074,0.07596372869924059,0.07596372838478847,geom2,42
mixture,0.004500000000000002,474.16135121498536,954.3227024299707,963.0162218298235,13.164177476723603,0.07596372703521401,0.07596372821912309,geom2,42
mixture,0.008500000000000006,474.16135121498536,954.3227024299707,963.0162218298235,13.16417746210724,0.07596372746597715,0.07596372830527306,geom2,42
mixture,0.002,474.16135121498564,954.3227024299713,963.016221829824,13.164177373442406,0.07596372948009043,0.0759637288084351,geom2,42
null,,474.1613512149843,950.3227024299686,953.2205422299195,13.164179416129976,0.07596371702247594,,geom2,42
sum,,473.38874443010695,948.7774888602139,951.6753286601648,19.844294924448587,0.10078463395219743,,geom2,42
mixture,0.0037500000000000016,506.5360750257975,1019.072150051595,1027.8320928290793,15.34306593638993,0.06517602051065607,0.06517602180819054,geom2,43
mixture,0.005250000000000003,506.5360750257975,1019.072150051595,1027.8320928290793,15.343065969757012,0.06517601994542675,0.06517602167064168,geom2,43
mixture,0.0035000000000000014,506.5360750257976,1019.0721500515951,1027.8320928290796,15.343066080218561,0.06517601953778662,0.0651760211981645,geom2,43
mixture,0.002,506.5360750257976,1019.0721500515951,1027.8320928290796,15.343066063423601,0.06517602072663181,0.065176021264773,geom2,43
mixture,0.005750000000000003,506.5360750257976,1019.0721500515951,1027.8320928290796,15.343065832986516,0.06517602302225037,0.06517602223806451,geom2,43
mixture,0.005500000000000003,506.5360750257976,1019.0721500515951,1027.8320928290796,15.343065889409623,0.06517602028503199,0.06517602201239359,geom2,43
mixture,0.004250000000000002,506.5360750257976,1019.0721500515951,1027.8320928290796,15.343065973352235,0.0651760187391449,0.0651760216587203,geom2,43
mixture,0.0027500000000000007,506.5360750257976,1019.0721500515951,1027.8320928290796,15.343066055865862,0.06517601948118314,0.0651760213008053,geom2,43
mixture,0.009250000000000006,506.5360750257976,1019.0721500515951,1027.8320928290796,15.343065948037953,0.06517601755838581,0.06517602179301532,geom2,43
mixture,0.009000000000000006,506.5360750257976,1019.0721500515951,1027.8320928290796,15.343066050342784,0.06517601768481235,0.06517602135227,geom2,43
mixture,0.007250000000000005,506.5360750257976,1019.0721500515951,1027.8320928290796,15.34306602005151,0.06517601713958576,0.06517602147940128,geom2,43
mixture,0.007750000000000005,506.5360750257976,1019.0721500515951,1027.8320928290796,15.343066143501916,0.06517601655617127,0.06517602095764234,geom2,43
mixture,0.005000000000000003,506.53607502579763,1019.0721500515953,1027.8320928290796,15.343065803114301,0.06517602006554292,0.0651760223810457,geom2,43
mixture,0.0025000000000000005,506.53607502579763,1019.0721500515953,1027.8320928290796,15.343066239295696,0.06517602200337638,0.06517602051288099,geom2,43
mixture,0.008250000000000006,506.53607502579763,1019.0721500515953,1027.8320928290796,15.343065882769052,0.06517602018876695,0.06517602204642736,geom2,43
mixture,0.009500000000000007,506.53607502579763,1019.0721500515953,1027.8320928290796,15.343065869720984,0.06517601919072515,0.06517602211430272,geom2,43
mixture,0.006000000000000004,506.53607502579763,1019.0721500515953,1027.8320928290796,15.343066012131741,0.06517602154777154,0.06517602148118055,geom2,43
mixture,0.006750000000000004,506.53607502579763,1019.0721500515953,1027.8320928290796,15.343066271245279,0.065176021021958,0.06517602037653153,geom2,43
mixture,0.4,506.53607502579763,1019.0721500515953,1027.8320928290796,15.343066297287624,0.06517602124468626,0.06517601962064672,geom2,43
mixture,0.010000000000000007,506.53607502579763,1019.0721500515953,1027.8320928290796,15.343066097135608,0.06517601783218968,0.06517602115370617,geom2,43
mixture,0.5,506.53607502579763,1019.0721500515953,1027.8320928290796,15.343066269113628,0.06517602038994323,0.06517602038994323,geom2,43
mixture,0.004000000000000002,506.5360750257977,1019.0721500515954,1027.8320928290798,15.343066134018391,0.0651760179040563,0.06517602097610432,geom2,43
mixture,0.008750000000000006,506.5360750257977,1019.0721500515954,1027.8320928290798,15.34306610116242,0.06517601939276406,0.06517602111848553,geom2,43
mixture,0.008500000000000006,506.5360750257977,1019.0721500515954,1027.8320928290798,15.343065903748135,0.06517601990581728,0.06517602195944013,geom2,43
mixture,0.008000000000000005,506.5360750257977,1019.0721500515954,1027.8320928290798,15.343066394783172,0.06517602045745065,0.06517601985126034,geom2,43
mixture,0.007500000000000005,506.5360750257977,1019.0721500515954,1027.8320928290798,15.343065898617699,0.06517601917164347,0.06517602198487724,geom2,43
mixture,0.006250000000000004,506.5360750257977,1019.0721500515954,1027.8320928290798,15.343066090108207,0.06517601826726029,0.0651760211684754,geom2,43
mixture,0.0047500000000000025,506.5360750257977,1019.0721500515954,1027.8320928290798,15.34306602361914,0.06517602135035709,0.06517602143317601,geom2,43
mixture,0.003250000000000001,506.5360750257977,1019.0721500515954,1027.8320928290798,15.343065947872235,0.06517602087137644,0.06517602175742862,geom2,43
mixture,0.0070000000000000045,506.53607502579774,1019.0721500515955,1027.8320928290798,15.34306598064571,0.06517601848108662,0.06517602163742442,geom2,43
mixture,0.0022500000000000003,506.53607502579774,1019.0721500515955,1027.8320928290798,15.34306618183682,0.06517602043151666,0.06517602076142988,geom2,43
mixture,0.004500000000000002,506.53607502579774,1019.0721500515955,1027.8320928290798,15.34306640513805,0.06517601904918147,0.065176019815572,geom2,43
mixture,0.006500000000000004,506.53607502579774,1019.0721500515955,1027.8320928290798,15.343066529376857,0.06517602003097112,0.06517601927948286,geom2,43
mixture,0.009750000000000007,506.53607502579774,1019.0721500515955,1027.8320928290798,15.343066023433684,0.0651760170443985,0.06517602147678621,geom2,43
mixture,0.35000000000000003,506.53607502579774,1019.0721500515955,1027.8320928290798,15.34306648772619,0.06517602164828667,0.06517601828368562,geom2,43
mixture,0.003000000000000001,506.5360750257978,1019.0721500515956,1027.83209282908,15.343065958465036,0.06517602168983216,0.06517602170961098,geom2,43
mixture,0.45,506.5360750257978,1019.0721500515956,1027.83209282908,15.343066377114685,0.06517601919058445,0.06517602053709286,geom2,43
mixture,0.2,506.53607502579786,1019.0721500515957,1027.83209282908,15.343066535331541,0.06517602148323909,0.06517601870303094,geom2,43
mixture,0.25,506.5360750257979,1019.0721500515958,1027.8320928290802,15.343066537155641,0.06517602301791232,0.06517601799579456,geom2,43
mixture,0.05,506.5360750257979,1019.0721500515958,1027.8320928290802,15.34306684238167,0.06517601947036064,0.06517601787498122,geom2,43
mixture,0.15000000000000002,506.5360750257979,1019.0721500515958,1027.8320928290802,15.343066659308281,0.06517602116626481,0.06517601830292986,geom2,43
mixture,0.3,506.5360750257979,1019.0721500515958,1027.8320928290802,15.343066567604012,0.06517602245079306,0.06517601769534861,geom2,43
mixture,0.1,506.536075025798,1019.072150051596,1027.8320928290805,15.343066836015078,0.06517602019807801,0.06517601773554126,geom2,43
null,,506.53607502579825,1015.0721500515965,1017.9921309774246,15.343066965407655,0.06517601743214647,,geom2,43
sum,,505.2287831402779,1012.4575662805559,1015.377547206384,23.022599542769726,0.08687116310582323,,geom2,43
mixture,0.4,475.9777574203889,957.9555148407778,966.6265622254431,13.684210995576144,0.07307692231157198,0.07307691941055507,geom2,44
mixture,0.45,475.9777574203889,957.9555148407778,966.6265622254431,13.684210913950697,0.07307692198103555,0.07307692020980909,geom2,44
mixture,0.25,475.9777574203889,957.9555148407778,966.6265622254431,13.684210925099055,0.07307692358517591,0.0730769200680429,geom2,44
mixture,0.35000000000000003,475.97775742038897,957.9555148407779,966.6265622254432,13.684210995078672,0.07307692262108677,0.07307691947113551,geom2,44
mixture,0.5,475.977757420389,957.955514840778,966.6265622254433,13.684211022909954,0.0730769204249928,0.0730769204249928,geom2,44
mixture,0.3,475.977757420389,957.955514840778,966.6265622254433,13.684210980461835,0.07307692225677391,0.0730769199637766,geom2,44
mixture,0.15000000000000002,475.977757420389,957.955514840778,966.6265622254433,13.68421120991638,0.07307692188175768,0.07307691899302432,geom2,44
mixture,0.1,475.9777574203891,957.9555148407782,966.6265622254434,13.684211397739869,0.07307692077736402,0.07307691816175127,geom2,44
mixture,0.0037500000000000016,475.97775742038914,957.9555148407783,966.6265622254435,13.684211261089716,0.0730769190260835,0.07307691915353455,geom2,44
mixture,0.005250000000000003,475.97775742038914,957.9555148407783,966.6265622254435,13.684211417268802,0.07307691871266654,0.07307691831694589,geom2,44
mixture,0.008500000000000006,475.97775742038914,957.9555148407783,966.6265622254435,13.684211332279414,0.07307692043410123,0.07307691875864544,geom2,44
mixture,0.009000000000000006,475.97775742038914,957.9555148407783,966.6265622254435,13.684211379603033,0.07307691928563599,0.07307691851321574,geom2,44
mixture,0.009500000000000007,475.97775742038914,957.9555148407783,966.6265622254435,13.684211482399876,0.07307691775340205,0.07307691797329713,geom2,44
mixture,0.008250000000000006,475.97775742038914,957.9555148407783,966.6265622254435,13.684211359591544,0.07307691777174102,0.07307691863414846,geom2,44
mixture,0.007250000000000005,475.97775742038914,957.9555148407783,966.6265622254435,13.684211360654198,0.07307691961884057,0.07307691861407421,geom2,44
mixture,0.006500000000000004,475.97775742038914,957.9555148407783,966.6265622254435,13.684211370920286,0.07307691872124668,0.07307691856552324,geom2,44
mixture,0.008000000000000005,475.97775742038914,957.9555148407783,966.6265622254435,13.68421138183558,0.07307691728446374,0.0730769185181144,geom2,44
mixture,0.010000000000000007,475.97775742038914,957.9555148407783,966.6265622254435,13.684211357663118,0.07307691822314047,0.0730769186415156,geom2,44
mixture,0.009250000000000006,475.9777574203892,957.9555148407784,966.6265622254436,13.684211340426907,0.07307691879763713,0.07307691872873998,geom2,44
mixture,0.0070000000000000045,475.9777574203892,957.9555148407784,966.6265622254436,13.684211394226388,0.0730769183660773,0.07307691844261109,geom2,44
mixture,0.2,475.9777574203892,957.9555148407784,966.6265622254436,13.684211202908598,0.07307692179842462,0.07307691888009077,geom2,44
mixture,0.004500000000000002,475.97775742038925,957.9555148407785,966.6265622254438,13.684211442414883,0.07307691924183918,0.07307691817995896,geom2,44
mixture,0.008750000000000006,475.97775742038925,957.9555148407785,966.6265622254438,13.684211592136863,0.0730769168953461,0.07307691738951065,geom2,44
mixture,0.007500000000000005,475.97775742038925,957.9555148407785,966.6265622254438,13.684211545777249,0.07307691682113618,0.07307691763889117,geom2,44
mixture,0.0025000000000000005,475.97775742038925,957.9555148407785,966.6265622254438,13.684211405450089,0.07307691657750144,0.07307691838666104,geom2,44
mixture,0.006000000000000004,475.97775742038925,957.9555148407785,966.6265622254438,13.684211419288863,0.07307691947036193,0.07307691830122097,geom2,44
mixture,0.007750000000000005,475.97775742038925,957.9555148407785,966.6265622254438,13.684211474342046,0.07307691880634466,0.07307691800805206,geom2,44
mixture,0.0027500000000000007,475.97775742038925,957.9555148407785,966.6265622254438,13.684211465532309,0.07307691989633118,0.07307691805622461,geom2,44
mixture,0.003250000000000001,475.97775742038925,957.9555148407785,966.6265622254438,13.684211466960841,0.07307691963663089,0.07307691804849477,geom2,44
mixture,0.003000000000000001,475.97775742038925,957.9555148407785,966.6265622254438,13.684211570300906,0.07307691779879344,0.0730769175009022,geom2,44
mixture,0.004000000000000002,475.97775742038925,957.9555148407785,966.6265622254438,13.684211466038764,0.07307691762835357,0.07307691806030814,geom2,44
mixture,0.0022500000000000003,475.97775742038925,957.9555148407785,966.6265622254438,13.684211541489477,0.07307691470053586,0.07307691766231973,geom2,44
mixture,0.0047500000000000025,475.97775742038925,957.9555148407785,966.6265622254438,13.684211304260826,0.07307691816632583,0.07307691892612173,geom2,44
mixture,0.004250000000000002,475.97775742038925,957.9555148407785,966.6265622254438,13.684211485513934,0.07307691688075865,0.07307691795916153,geom2,44
mixture,0.05,475.9777574203893,957.9555148407786,966.6265622254439,13.684211500632353,0.07307691972135824,0.07307691777660472,geom2,44
mixture,0.005000000000000003,475.9777574203893,957.9555148407786,966.6265622254439,13.684211479274026,0.07307691869055516,0.07307691798436997,geom2,44
mixture,0.006750000000000004,475.9777574203893,957.9555148407786,966.6265622254439,13.684211390517085,0.07307691901446293,0.07307691845812865,geom2,44
mixture,0.005750000000000003,475.97775742038937,957.9555148407787,966.626562225444,13.684211553388748,0.07307691699714033,0.07307691759555167,geom2,44
mixture,0.005500000000000003,475.97775742038937,957.9555148407787,966.626562225444,13.684211522557572,0.07307691791295476,0.07307691775589271,geom2,44
mixture,0.006250000000000004,475.97775742038937,957.9555148407787,966.626562225444,13.684211553863033,0.07307691780692233,0.07307691758821105,geom2,44
mixture,0.009750000000000007,475.97775742038937,957.9555148407787,966.626562225444,13.684211565543658,0.07307691688398334,0.07307691753353382,geom2,44
mixture,0.002,475.9777574203895,957.955514840779,966.6265622254442,13.68421158865353,0.07307691686317505,0.07307691740487193,geom2,44
mixture,0.0035000000000000014,475.9777574203895,957.955514840779,966.6265622254442,13.684211605473033,0.07307691777448666,0.07307691731235096,geom2,44
null,,475.9777574203895,953.955514840779,956.8458639690007,13.684209282351425,0.07307692971998782,,geom2,44
sum,,475.0895269784857,952.1790539569714,955.0694030851931,20.59964953781354,0.09708903038999377,,geom2,44
mixture,0.006000000000000004,492.12181194790594,990.2436238958119,999.0035666732963,13.86131466649876,0.07214322952729163,0.07214322912555154,geom2,45
mixture,0.4,492.12181194790594,990.2436238958119,999.0035666732963,13.861314399059992,0.07214323239465874,0.07214322927003755,geom2,45
mixture,0.35000000000000003,492.12181194790594,990.2436238958119,999.0035666732963,13.861314453275394,0.07214323209821881,0.0721432292359038,geom2,45
mixture,0.15000000000000002,492.12181194790594,990.2436238958119,999.0035666732963,13.861314603972238,0.07214323254319108,0.07214322890813145,geom2,45
mixture,0.2,492.121811947906,990.243623895812,999.0035666732964,13.861314493472399,0.07214323275009965,0.07214322934810372,geom2,45
mixture,0.005500000000000003,492.121811947906,990.243623895812,999.0035666732964,13.861314653845193,0.0721432308582168,0.07214322918461451,geom2,45
mixture,0.3,492.121811947906,990.243623895812,999.0035666732964,13.861314523889089,0.07214322368206721,0.07214323252224977,geom2,45
mixture,0.45,492.121811947906,990.243623895812,999.0035666732964,13.861314518071543,0.07214323099850517,0.07214322900208314,geom2,45
mixture,0.25,492.12181194790605,990.2436238958121,999.0035666732965,13.861314560680462,0.07214323242186901,0.072143228764322,geom2,45
mixture,0.05,492.12181194790605,990.2436238958121,999.0035666732965,13.861314749729312,0.07214323038335584,0.07214322860590387,geom2,45
mixture,0.007500000000000005,492.12181194790605,990.2436238958121,999.0035666732965,13.861314741510139,0.07214322975410767,0.0721432287298726,geom2,45
mixture,0.002,492.12181194790605,990.2436238958121,999.0035666732965,13.86131467574866,0.07214322807054777,0.07214322908184212,geom2,45
mixture,0.008000000000000005,492.12181194790605,990.2436238958121,999.0035666732965,13.8613148211835,0.0721432297466175,0.07214322831140102,geom2,45
mixture,0.008750000000000006,492.12181194790605,990.2436238958121,999.0035666732965,13.861314692804475,0.07214322982432488,0.07214322898369455,geom2,45
mixture,0.009750000000000007,492.12181194790605,990.2436238958121,999.0035666732965,13.861314723593972,0.0721432311258511,0.07214322880820459,geom2,45
mixture,0.5,492.12181194790605,990.2436238958121,999.0035666732965,13.86131448103926,0.07214323009321295,0.07214323009321295,geom2,45
mixture,0.008250000000000006,492.1218119479061,990.2436238958122,999.0035666732966,13.861314863881757,0.07214322690200142,0.07214322811062461,geom2,45
mixture,0.0037500000000000016,492.1218119479061,990.2436238958122,999.0035666732966,13.861314832000996,0.07214322870800478,0.07214322826491995,geom2,45
mixture,0.006250000000000004,492.12181194790617,990.2436238958123,999.0035666732967,13.861314863593252,0.07214322988716321,0.07214322809092857,geom2,45
mixture,0.006500000000000004,492.12181194790617,990.2436238958123,999.0035666732967,13.861314845864962,0.07214322812385783,0.07214322819488618,geom2,45
mixture,0.003000000000000001,492.12181194790617,990.2436238958123,999.0035666732967,13.86131474749803,0.07214323085220616,0.07214322869993268,geom2,45
mixture,0.010000000000000007,492.12181194790617,990.2436238958123,999.0035666732967,13.861314841879658,0.0721432287573253,0.07214322820969024,geom2,45
mixture,0.1,492.12181194790617,990.2436238958123,999.0035666732967,13.861314644893525,0.07214323146421273,0.07214322899332035,geom2,45
mixture,0.0027500000000000007,492.12181194790617,990.2436238958123,999.0035666732967,13.86131480424816,0.07214322977640573,0.07214322840726005,geom2,45
mixture,0.006750000000000004,492.12181194790617,990.2436238958123,999.0035666732967,13.861314911187755,0.072143228471986,0.07214322785024578,geom2,45
mixture,0.0022500000000000003,492.12181194790617,990.2436238958123,999.0035666732967,13.86131475786791,0.07214322896218721,0.07214322865171939,geom2,45
mixture,0.005000000000000003,492.12181194790617,990.2436238958123,999.0035666732967,13.861314762194233,0.07214322857241537,0.07214322863018985,geom2,45
mixture,0.009000000000000006,492.12181194790617,990.2436238958123,999.0035666732967,13.861314741119523,0.07214322976277149,0.07214322873029508,geom2,45
mixture,0.0035000000000000014,492.1218119479062,990.2436238958124,999.0035666732969,13.861314747398438,0.07214322847029606,0.0721432287077389,geom2,45
mixture,0.0025000000000000005,492.1218119479062,990.2436238958124,999.0035666732969,13.861314958364272,0.07214322798291473,0.07214322760796812,geom2,45
mixture,0.007250000000000005,492.1218119479062,990.2436238958124,999.0035666732969,13.861312714136444,0.07214323723736213,0.0721432393043025,geom2,45
mixture,0.009250000000000006,492.1218119479062,990.2436238958124,999.0035666732969,13.861314908454002,0.0721432282533506,0.07214322786507923,geom2,45
mixture,0.005750000000000003,492.1218119479062,990.2436238958124,999.0035666732969,13.861314904788731,0.07214322757814685,0.07214322788953767,geom2,45
mixture,0.004000000000000002,492.1218119479062,990.2436238958124,999.0035666732969,13.861314942532752,0.07214322833753464,0.07214322768870762,geom2,45
mixture,0.0047500000000000025,492.1218119479063,990.2436238958126,999.003566673297,13.861314786120246,0.07214322795236829,0.07214322850801387,geom2,45
mixture,0.008500000000000006,492.1218119479063,990.2436238958126,999.003566673297,13.861314866311835,0.07214322844599964,0.07214322808493674,geom2,45
mixture,0.004250000000000002,492.1218119479063,990.2436238958126,999.003566673297,13.861314920312747,0.0721432263478304,0.07214322781317792,geom2,45
mixture,0.004500000000000002,492.1218119479063,990.2436238958126,999.003566673297,13.861314739876713,0.07214323004405655,0.07214322874018836,geom2,45
mixture,0.005250000000000003,492.1218119479063,990.2436238958126,999.003566673297,13.861314853332656,0.07214322852561869,0.07214322815360473,geom2,45
mixture,0.007750000000000005,492.1218119479063,990.2436238958126,999.003566673297,13.86131269216387,0.07214323731407273,0.07214323941999759,geom2,45
mixture,0.0070000000000000045,492.1218119479063,990.2436238958126,999.003566673297,13.861314948419276,0.0721432274103366,0.07214322766243032,geom2,45
mixture,0.009500000000000007,492.1218119479063,990.2436238958126,999.003566673297,13.86131483468119,0.07214322808767168,0.07214322825421422,geom2,45
mixture,0.003250000000000001,492.1218119479064,990.2436238958128,999.0035666732972,13.8613126729189,0.07214323850559969,0.07214323950709481,geom2,45
null,,492.1218119479083,986.2436238958167,989.1636048216448,13.861311307058171,0.0721432466126636,,geom2,45
sum,,491.09208856954507,984.1841771390901,987.1041580649182,20.856674750044384,0.0958925631227837,,geom2,45
mixture,0.3,383.62252420173974,773.2450484034795,781.453643748663,11.149122710086711,0.08969315836524606,0.08969315466612497,geom2,46
mixture,0.5,383.6225242017398,773.2450484034796,781.4536437486631,11.149123204507655,0.0896931517983131,0.0896931517983131,geom2,46
mixture,0.0025000000000000005,383.62252420173985,773.2450484034797,781.4536437486632,11.149123233999953,0.0896931541878245,0.08969315155446825,geom2,46
mixture,0.35000000000000003,383.62252420173985,773.2450484034797,781.4536437486632,11.149123278586167,0.08969315144769432,0.08969315107025956,geom2,46
mixture,0.25,383.62252420173985,773.2450484034797,781.4536437486632,11.149123148740289,0.08969315278223582,0.0896931520685265,geom2,46
mixture,0.005500000000000003,383.6225242017399,773.2450484034798,781.4536437486634,11.149123341524183,0.08969314896411909,0.08969315070561233,geom2,46
mixture,0.005750000000000003,383.6225242017399,773.2450484034798,781.4536437486634,11.149123529300311,0.08969314782182682,0.08969314919328714,geom2,46
mixture,0.004250000000000002,383.6225242017399,773.2450484034798,781.4536437486634,11.149123268948053,0.08969315217950297,0.08969315127605938,geom2,46
mixture,0.009500000000000007,383.6225242017399,773.2450484034798,781.4536437486634,11.149123341079157,0.08969315183319311,0.08969315068874201,geom2,46
mixture,0.4,383.6225242017399,773.2450484034798,781.4536437486634,11.149123213150464,0.08969315238436466,0.08969315129172839,geom2,46
mixture,0.45,383.6225242017399,773.2450484034798,781.4536437486634,11.149123164603614,0.08969315183402067,0.08969315235277506,geom2,46
mixture,0.2,383.6225242017399,773.2450484034798,781.4536437486634,11.1491231930835,0.089693150851479,0.08969315214990381,geom2,46
mixture,0.008750000000000006,383.6225242017399,773.2450484034798,781.4536437486634,11.149123311159471,0.0896931502515385,0.08969315094639399,geom2,46
mixture,0.007500000000000005,383.6225242017399,773.2450484034798,781.4536437486634,11.149123358450183,0.08969315065035174,0.08969315055918303,geom2,46
mixture,0.007250000000000005,383.6225242017399,773.2450484034798,781.4536437486634,11.149123376910087,0.08969314769428514,0.08969315043120209,geom2,46
mixture,0.006250000000000004,383.6225242017399,773.2450484034798,781.4536437486634,11.149123226016648,0.0896931539139076,0.08969315161088232,geom2,46
mixture,0.15000000000000002,383.6225242017399,773.2450484034798,781.4536437486634,11.14912319072615,0.08969315592149327,0.08969315120112874,geom2,46
mixture,0.005000000000000003,383.62252420173996,773.2450484034799,781.4536437486635,11.149123450008599,0.08969314685859263,0.08969314983819003,geom2,46
mixture,0.009750000000000007,383.62252420173996,773.2450484034799,781.4536437486635,11.149123355187053,0.08969315257799526,0.0896931505665062,geom2,46
mixture,0.0070000000000000045,383.62252420173996,773.2450484034799,781.4536437486635,11.149123451418596,0.08969314614776351,0.08969314983777893,geom2,46
mixture,0.004500000000000002,383.62252420173996,773.2450484034799,781.4536437486635,11.149123402373053,0.08969314985182324,0.08969315020811672,geom2,46
mixture,0.003000000000000001,383.62252420173996,773.2450484034799,781.4536437486635,11.149123250910403,0.08969315042541233,0.08969315142801723,geom2,46
mixture,0.1,383.62252420173996,773.2450484034799,781.4536437486635,11.149123381433528,0.08969314898848861,0.08969315052902235,geom2,46
mixture,0.010000000000000007,383.62252420173996,773.2450484034799,781.4536437486635,11.14912345538241,0.08969314980071817,0.08969314977985181,geom2,46
mixture,0.0035000000000000014,383.62252420173996,773.2450484034799,781.4536437486635,11.149123496430965,0.08969314994954837,0.08969314944807541,geom2,46
mixture,0.005250000000000003,383.62252420173996,773.2450484034799,781.4536437486635,11.149123361334661,0.08969315516802549,0.08969315051221859,geom2,46
mixture,0.009250000000000006,383.62252420174,773.24504840348,781.4536437486636,11.149123405618198,0.08969314775020786,0.08969315020309587,geom2,46
mixture,0.008250000000000006,383.62252420174,773.24504840348,781.4536437486636,11.149123471809261,0.08969314929523461,0.0896931496508425,geom2,46
mixture,0.003250000000000001,383.62252420174,773.24504840348,781.4536437486636,11.149123431309182,0.08969315248248423,0.08969314996554621,geom2,46
mixture,0.0027500000000000007,383.62252420174,773.24504840348,781.4536437486636,11.149123469388218,0.08969315077402423,0.08969314966433406,geom2,46
mixture,0.006500000000000004,383.62252420174,773.24504840348,781.4536437486636,11.149123433824988,0.08969314651091032,0.0896931499760101,geom2,46
mixture,0.0037500000000000016,383.62252420174,773.24504840348,781.4536437486636,11.14912346880024,0.089693149094084,0.08969314967429168,geom2,46
mixture,0.006000000000000004,383.62252420174,773.24504840348,781.4536437486636,11.149123387476164,0.08969315305123399,0.08969315030990885,geom2,46
mixture,0.002,383.62252420174,773.24504840348,781.4536437486636,11.149123380556013,0.08969314110576666,0.08969315040061816,geom2,46
mixture,0.05,383.62252420174,773.24504840348,781.4536437486636,11.149123508421747,0.08969314889403149,0.08969314937754191,geom2,46
mixture,0.008000000000000005,383.6225242017401,773.2450484034802,781.4536437486637,11.149123558435528,0.08969315171383435,0.08969314892873165,geom2,46
mixture,0.006750000000000004,383.6225242017401,773.2450484034802,781.4536437486637,11.149123439577538,0.08969315526210621,0.08969314987081728,geom2,46
mixture,0.0022500000000000003,383.6225242017401,773.2450484034802,781.4536437486637,11.149123494534617,0.0896931502846074,0.08969314946323835,geom2,46
mixture,0.0047500000000000025,383.6225242017401,773.2450484034802,781.4536437486637,11.149123400695554,0.08969314937012587,0.08969315022406485,geom2,46
mixture,0.004000000000000002,383.6225242017401,773.2450484034802,781.4536437486637,11.149123482806345,0.08969315007622926,0.08969314955736327,geom2,46
mixture,0.009000000000000006,383.62252420174013,773.2450484034803,781.4536437486638,11.149123438833884,0.08969314572759397,0.08969314995120356,geom2,46
mixture,0.008500000000000006,383.62252420174013,773.2450484034803,781.4536437486638,11.14912356914042,0.08969314912961357,0.0896931488626237,geom2,46
mixture,0.007750000000000005,383.62252420174013,773.2450484034803,781.4536437486638,11.149123603013035,0.08969315105383538,0.08969314857316746,geom2,46
null,,383.6225242017399,769.2450484034798,771.9812468518743,11.149122586379967,0.089693156771065,,geom2,46
sum,,382.490674068524,766.981348137048,769.7175465854425,16.783619896048638,0.11916380449433672,,geom2,46
mixture,0.004250000000000002,499.0566150700087,1004.1132301400174,1012.8731729175018,14.55474410994914,0.06870612043353605,0.06870612031641203,geom2,47
mixture,0.008750000000000006,499.0566150700088,1004.1132301400175,1012.873172917502,14.554743973340514,0.06870611982623058,0.06870612097179879,geom2,47
mixture,0.5,499.0566150700088,1004.1132301400175,1012.873172917502,14.554745039770804,0.06870611592765813,0.06870611592765813,geom2,47
mixture,0.008500000000000006,499.05661507000883,1004.1132301400177,1012.8731729175021,14.554743865704934,0.06870612082205761,0.0687061214754258,geom2,47
mixture,0.009750000000000007,499.05661507000883,1004.1132301400177,1012.8731729175021,14.554744010808141,0.06870611988325884,0.0687061207937856,geom2,47
mixture,0.005750000000000003,499.0566150700089,1004.1132301400178,1012.8731729175022,14.554744068566734,0.06870612132700354,0.06870612050754485,geom2,47
mixture,0.004000000000000002,499.0566150700089,1004.1132301400178,1012.8731729175022,14.554743959019179,0.06870611905030855,0.06870612103732744,geom2,47
mixture,0.0035000000000000014,499.0566150700089,1004.1132301400178,1012.8731729175022,14.554744073233492,0.06870612061038217,0.06870612048980515,geom2,47
mixture,0.006750000000000004,499.0566150700089,1004.1132301400178,1012.8731729175022,14.554743951140162,0.06870611774538504,0.06870612108914288,geom2,47
mixture,0.008000000000000005,499.0566150700089,1004.1132301400178,1012.8731729175022,14.554743884873696,0.06870612053548865,0.06870612138619105,geom2,47
mixture,0.006500000000000004,499.0566150700089,1004.1132301400178,1012.8731729175022,14.554743997900559,0.0687061190722378,0.06870612085744245,geom2,47
mixture,0.003250000000000001,499.0566150700089,1004.1132301400178,1012.8731729175022,14.554743818133677,0.06870612207348716,0.06870612169319783,geom2,47
mixture,0.3,499.0566150700089,1004.1132301400178,1012.8731729175022,14.554745072616582,0.06870611995104366,0.06870611398185092,geom2,47
mixture,0.4,499.0566150700089,1004.1132301400178,1012.8731729175022,14.554745193426697,0.06870611124578752,0.06870611784000995,geom2,47
mixture,0.010000000000000007,499.0566150700089,1004.1132301400178,1012.8731729175022,14.554743958001415,0.06870611868612218,0.06870612105790155,geom2,47
mixture,0.006250000000000004,499.05661507000895,1004.1132301400179,1012.8731729175023,14.554743804480704,0.06870612213798999,0.06870612175649873,geom2,47
mixture,0.008250000000000006,499.05661507000895,1004.1132301400179,1012.8731729175023,14.554743788273509,0.0687061199614045,0.06870612185097862,geom2,47
mixture,0.009000000000000006,499.05661507000895,1004.1132301400179,1012.8731729175023,14.554743935347444,0.06870612078340653,0.06870612114437122,geom2,47
mixture,0.0022500000000000003,499.05661507000895,1004.1132301400179,1012.8731729175023,14.55474407085162,0.06870612024174591,0.06870612050205657,geom2,47
mixture,0.45,499.05661507000895,1004.1132301400179,1012.8731729175023,14.554745138673237,0.06870611430732522,0.06870611640452703,geom2,47
mixture,0.007500000000000005,499.05661507000895,1004.1132301400179,1012.8731729175023,14.554743806672317,0.06870611921806472,0.06870612176765944,geom2,47
mixture,0.005500000000000003,499.05661507000895,1004.1132301400179,1012.8731729175023,14.55474399921665,0.06870612064330749,0.06870612084071169,geom2,47
mixture,0.0037500000000000016,499.05661507000895,1004.1132301400179,1012.8731729175023,14.554743800431552,0.06870612136878963,0.0687061217795375,geom2,47
mixture,0.004500000000000002,499.056615070009,1004.113230140018,1012.8731729175024,14.554743890719566,0.06870611960409936,0.06870612135968998,geom2,47
mixture,0.009500000000000007,499.056615070009,1004.113230140018,1012.8731729175024,14.554743832559458,0.06870612090907877,0.06870612163321572,geom2,47
mixture,0.005000000000000003,499.056615070009,1004.113230140018,1012.8731729175024,14.55474374847718,0.0687061233041145,0.06870612201681292,geom2,47
mixture,0.0070000000000000045,499.056615070009,1004.113230140018,1012.8731729175024,14.554743858700032,0.06870612052655733,0.06870612150982187,geom2,47
mixture,0.005250000000000003,499.056615070009,1004.113230140018,1012.8731729175024,14.554743981644558,0.06870612017626572,0.06870612092651437,geom2,47
mixture,0.0027500000000000007,499.056615070009,1004.113230140018,1012.8731729175024,14.55474384544099,0.06870612102272795,0.06870612156702556,geom2,47
mixture,0.0025000000000000005,499.056615070009,1004.113230140018,1012.8731729175024,14.554744033242084,0.06870612138930335,0.06870612067722766,geom2,47
mixture,0.002,499.056615070009,1004.113230140018,1012.8731729175024,14.554743831114804,0.06870612263685259,0.06870612163114453,geom2,47
mixture,0.0047500000000000025,499.056615070009,1004.113230140018,1012.8731729175024,14.554743702825846,0.06870612298153281,0.06870612223520291,geom2,47
mixture,0.007250000000000005,499.056615070009,1004.113230140018,1012.8731729175024,14.554743777646305,0.06870611986760364,0.06870612190029267,geom2,47
mixture,0.35000000000000003,499.056615070009,1004.113230140018,1012.8731729175024,14.55474518239949,0.06870610899001271,0.06870611862749376,geom2,47
mixture,0.05,499.056615070009,1004.113230140018,1012.8731729175024,14.554743892307162,0.06870611462882367,0.06870612169774144,geom2,47
mixture,0.007750000000000005,499.056615070009,1004.113230140018,1012.8731729175024,14.554743854723736,0.06870612002145915,0.068706121533427,geom2,47
mixture,0.003000000000000001,499.05661507000906,1004.1132301400181,1012.8731729175025,14.554743819892636,0.06870612101669622,0.0687061216881449,geom2,47
mixture,0.2,499.05661507000906,1004.1132301400181,1012.8731729175025,14.554745253754666,0.06870610165028272,0.06870611823435616,geom2,47
mixture,0.009250000000000006,499.0566150700091,1004.1132301400182,1012.8731729175026,14.554743852225789,0.06870611984770299,0.06870612154924012,geom2,47
mixture,0.006000000000000004,499.0566150700091,1004.1132301400182,1012.8731729175026,14.554743805458372,0.06870612080197824,0.06870612176001617,geom2,47
mixture,0.15000000000000002,499.0566150700091,1004.1132301400182,1012.8731729175026,14.554745446037787,0.0687061002555288,0.0687061164370985,geom2,47
mixture,0.25,499.0566150700091,1004.1132301400182,1012.8731729175026,14.554745188399405,0.06870610470327583,0.06870611873364518,geom2,47
mixture,0.1,499.0566150700092,1004.1132301400183,1012.8731729175028,14.554745423759408,0.06870610314828865,0.06870611533355515,geom2,47
null,,499.05661507000923,1000.1132301400185,1003.0332110658466,14.554745506872703,0.0687061137226895,,geom2,47
sum,,498.13873061582626,998.2774612316525,1001.1974421574806,21.902313974959203,0.09131455253022988,,geom2,47
mixture,0.004500000000000002,468.2662022485416,942.5324044970832,951.2259238969359,12.619402881172519,0.07924305112769989,0.07924305210569708,geom2,48
mixture,0.0035000000000000014,468.26620224854173,942.5324044970835,951.2259238969361,12.619402752144245,0.0792430528259982,0.07924305291182455,geom2,48
mixture,0.003000000000000001,468.26620224854173,942.5324044970835,951.2259238969361,12.619402708971034,0.07924305231546265,0.079243053185238,geom2,48
mixture,0.0037500000000000016,468.26620224854173,942.5324044970835,951.2259238969361,12.619402877229344,0.07924305029486935,0.07924305213294991,geom2,48
mixture,0.008000000000000005,468.26620224854173,942.5324044970835,951.2259238969361,12.619402759197456,0.07924305323402196,0.07924305286427583,geom2,48
mixture,0.007250000000000005,468.26620224854173,942.5324044970835,951.2259238969361,12.619402700595012,0.0792430534162447,0.07924305323390361,geom2,48
mixture,0.007750000000000005,468.26620224854173,942.5324044970835,951.2259238969361,12.619402728522287,0.0792430530608623,0.07924305305984948,geom2,48
mixture,0.007500000000000005,468.26620224854173,942.5324044970835,951.2259238969361,12.619402826511903,0.0792430520840089,0.07924305244725971,geom2,48
mixture,0.008750000000000006,468.26620224854173,942.5324044970835,951.2259238969361,12.619402789590236,0.07924305263387543,0.07924305267675873,geom2,48
mixture,0.008250000000000006,468.26620224854173,942.5324044970835,951.2259238969361,12.619402748661615,0.07924305382829762,0.07924305292594883,geom2,48
mixture,0.009750000000000007,468.26620224854173,942.5324044970835,951.2259238969361,12.6194026649976,0.07924305521322812,0.07924305344148366,geom2,48
mixture,0.05,468.26620224854173,942.5324044970835,951.2259238969361,12.619402821541515,0.07924305421477609,0.07924305238421882,geom2,48
mixture,0.5,468.26620224854173,942.5324044970835,951.2259238969361,12.619403285164921,0.07924304956444152,0.07924304956444152,geom2,48
mixture,0.005500000000000003,468.2662022485418,942.5324044970836,951.2259238969364,12.61940277856416,0.07924305303943295,0.07924305274399643,geom2,48
mixture,0.005000000000000003,468.2662022485418,942.5324044970836,951.2259238969364,12.619402765930444,0.07924305412696471,0.07924305281841149,geom2,48
mixture,0.005750000000000003,468.2662022485418,942.5324044970836,951.2259238969364,12.619402801389818,0.07924305106203985,0.07924305261119613,geom2,48
mixture,0.006750000000000004,468.2662022485418,942.5324044970836,951.2259238969364,12.619402598348817,0.07924305538875014,0.07924305386700485,geom2,48
mixture,0.0027500000000000007,468.2662022485418,942.5324044970836,951.2259238969364,12.619402633331715,0.07924305353697095,0.07924305365793552,geom2,48
mixture,0.004250000000000002,468.2662022485418,942.5324044970836,951.2259238969364,12.619402614993412,0.07924305454272945,0.07924305376947119,geom2,48
mixture,0.005250000000000003,468.26620224854184,942.5324044970837,951.2259238969364,12.619402765755803,0.07924305286949208,0.07924305282582164,geom2,48
mixture,0.0025000000000000005,468.26620224854184,942.5324044970837,951.2259238969364,12.619402690546524,0.07924305509508933,0.07924305329382152,geom2,48
mixture,0.0022500000000000003,468.26620224854184,942.5324044970837,951.2259238969364,12.619402621511204,0.07924305472310934,0.0792430537295939,geom2,48
mixture,0.004000000000000002,468.26620224854184,942.5324044970837,951.2259238969364,12.619402682149,0.07924305266115815,0.07924305335382728,geom2,48
mixture,0.0047500000000000025,468.26620224854184,942.5324044970837,951.2259238969364,12.61940277657429,0.07924305325407337,0.07924305275574958,geom2,48
mixture,0.008500000000000006,468.26620224854184,942.5324044970837,951.2259238969364,12.619402687316514,0.07924305436225054,0.07924305330966039,geom2,48
mixture,0.009000000000000006,468.26620224854184,942.5324044970837,951.2259238969364,12.619402670859056,0.07924305234429693,0.07924305343173835,geom2,48
mixture,0.006500000000000004,468.26620224854184,942.5324044970837,951.2259238969364,12.619402753250874,0.07924305427344788,0.07924305289561924,geom2,48
mixture,0.006000000000000004,468.26620224854184,942.5324044970837,951.2259238969364,12.619402793210705,0.07924305327359277,0.07924305264990679,geom2,48
mixture,0.009250000000000006,468.26620224854184,942.5324044970837,951.2259238969364,12.61940276633397,0.07924305255065098,0.07924305282495767,geom2,48
mixture,0.009500000000000007,468.26620224854184,942.5324044970837,951.2259238969364,12.619402667262005,0.07924305230370668,0.07924305345548077,geom2,48
mixture,0.002,468.26620224854184,942.5324044970837,951.2259238969364,12.619402603442197,0.0792430553122878,0.07924305384235308,geom2,48
mixture,0.003250000000000001,468.26620224854184,942.5324044970837,951.2259238969364,12.619402808086878,0.079243053045078,0.07924305255865367,geom2,48
mixture,0.45,468.26620224854184,942.5324044970837,951.2259238969364,12.619403373511522,0.07924304861302645,0.0792430493342011,geom2,48
mixture,0.4,468.26620224854184,942.5324044970837,951.2259238969364,12.619403546385556,0.07924304698519526,0.0792430485500645,geom2,48
mixture,0.1,468.26620224854184,942.5324044970837,951.2259238969364,12.619402717018827,0.07924305541618887,0.07924305287830444,geom2,48
mixture,0.010000000000000007,468.26620224854184,942.5324044970837,951.2259238969364,12.61940278976949,0.07924305279964702,0.07924305267400143,geom2,48
mixture,0.25,468.26620224854184,942.5324044970837,951.2259238969364,12.619403476686202,0.07924305058933664,0.079243047619276,geom2,48
mixture,0.3,468.26620224854184,942.5324044970837,951.2259238969364,12.619403440583476,0.07924305033660857,0.07924304783930605,geom2,48
mixture,0.35000000000000003,468.26620224854184,942.5324044970837,951.2259238969364,12.619403523766156,0.07924304742236472,0.07924304841281041,geom2,48
mixture,0.15000000000000002,468.26620224854184,942.5324044970837,951.2259238969364,12.619402446869431,0.0792430584432616,0.07924305419058401,geom2,48
mixture,0.0070000000000000045,468.2662022485419,942.5324044970838,951.2259238969366,12.619402708320886,0.07924305389492321,0.07924305318171883,geom2,48
mixture,0.006250000000000004,468.26620224854196,942.5324044970839,951.2259238969366,12.619402559899564,0.07924305387421764,0.07924305412025498,geom2,48
mixture,0.2,468.26620224854196,942.5324044970839,951.2259238969366,12.619403601253566,0.0792430501933388,0.07924304692613443,geom2,48
null,,468.26620224854196,938.5324044970839,941.4302442970348,12.61940365045396,0.07924304727062335,,geom2,48
sum,,467.1000151159034,936.2000302318067,939.0978700317577,18.99716402911557,0.10527887199030053,,geom2,48
mixture,0.05,572.8501579989376,1151.7003159978751,1160.9815666002953,12.14246882047504,0.04972120417674434,0.08530230785012304,geom2,49
mixture,0.3,572.9694200015598,1151.9388400031196,1161.2200906055398,12.348769860054219,0.06664752903762121,0.08920063577560844,geom2,49
mixture,0.35000000000000003,572.9795810842791,1151.9591621685581,1161.2404127709783,12.391535479343162,0.06809164779573068,0.08963780953642216,geom2,49
mixture,0.4,572.9881705672519,1151.9763411345039,1161.257591736924,12.43336242408223,0.06933541542292572,0.09003189514329557,geom2,49
mixture,0.45,572.9955715639226,1151.9911431278451,1161.2723937302653,12.473960738628495,0.07042476111663036,0.09039863437861925,geom2,49
mixture,0.5,573.0020480563628,1152.0040961127256,1161.2853467151458,12.51328928141778,0.09074606503667285,0.07139380777354391,geom2,49
mixture,0.25,573.025726027937,1152.051452055874,1161.3327026582942,12.69977034278452,0.09226177487896525,0.07507440542611238,geom2,49
mixture,0.2,573.029327813013,1152.058655626026,1161.3399062284461,12.735642406090044,0.09253834985987486,0.07565458028610884,geom2,49
mixture,0.15000000000000002,573.0326759191967,1152.0653518383933,1161.3466024408135,12.771283469071676,0.09280836774441366,0.07619867307454871,geom2,49
mixture,0.1,573.0358043245337,1152.0716086490675,1161.3528592514876,12.806638314195155,0.09309376710511161,0.07671030389359541,geom2,49
mixture,0.002,573.0415100404996,1152.0830200809992,1161.3642706834194,12.877299754837198,0.07765603007514764,0.07765603186105517,geom2,49
mixture,0.0025000000000000005,573.0415100404996,1152.0830200809992,1161.3642706834194,12.877299634636136,0.07765603125140434,0.07765603258568668,geom2,49
mixture,0.009000000000000006,573.0415100404996,1152.0830200809992,1161.3642706834194,12.87729971224913,0.07765603012245595,0.07765603213239844,geom2,49
mixture,0.006250000000000004,573.0415100404997,1152.0830200809994,1161.3642706834196,12.877299544463904,0.0776560320907628,0.0776560331326427,geom2,49
mixture,0.004500000000000002,573.0415100404997,1152.0830200809994,1161.3642706834196,12.87729965531804,0.07765603149538508,0.07765603246197926,geom2,49
mixture,0.0035000000000000014,573.0415100404997,1152.0830200809994,1161.3642706834196,12.87729959903562,0.07765603252218253,0.07765603279800382,geom2,49
mixture,0.006000000000000004,573.0415100404997,1152.0830200809994,1161.3642706834196,12.87729965069437,0.07765603357770136,0.07765603247891975,geom2,49
mixture,0.003250000000000001,573.0415100404997,1152.0830200809994,1161.3642706834196,12.8772994896662,0.07765603371587605,0.07765603345574085,geom2,49
mixture,0.008000000000000005,573.0415100404998,1152.0830200809996,1161.3642706834198,12.877299656157993,0.0776560317257568,0.07765603245842564,geom2,49
mixture,0.009250000000000006,573.0415100404998,1152.0830200809996,1161.3642706834198,12.877299564064806,0.07765603472546119,0.07765603299189301,geom2,49
mixture,0.006750000000000004,573.0415100404998,1152.0830200809996,1161.3642706834198,12.877299448448772,0.0776560368463407,0.07765603368379917,geom2,49
mixture,0.010000000000000007,573.0415100404998,1152.0830200809996,1161.3642706834198,12.877299399979806,0.07765603272650641,0.07765603401027414,geom2,49
mixture,0.0070000000000000045,573.0415100404998,1152.0830200809996,1161.3642706834198,12.877299517044365,0.07765603229944999,0.07765603329847656,geom2,49
mixture,0.007500000000000005,573.0415100404998,1152.0830200809996,1161.3642706834198,12.877299515406577,0.0776560341402807,0.07765603329502055,geom2,49
mixture,0.005500000000000003,573.0415100404998,1152.0830200809996,1161.3642706834198,12.877299485201558,0.07765603488723785,0.07765603347574694,geom2,49
mixture,0.005750000000000003,573.0415100404998,1152.0830200809996,1161.3642706834198,12.877299503915445,0.07765603576048405,0.07765603335683581,geom2,49
mixture,0.004250000000000002,573.0415100404998,1152.0830200809996,1161.3642706834198,12.877299530867669,0.07765603567745688,0.07765603319758305,geom2,49
mixture,0.0022500000000000003,573.0415100404998,1152.0830200809996,1161.3642706834198,12.877299450241388,0.07765603566725554,0.07765603368988695,geom2,49
mixture,0.004000000000000002,573.0415100404998,1152.0830200809996,1161.3642706834198,12.877299519325806,0.0776560338460638,0.07765603327544275,geom2,49
mixture,0.003000000000000001,573.0415100404998,1152.0830200809996,1161.3642706834198,12.877299575319746,0.07765603416840752,0.0776560329363599,geom2,49
mixture,0.0037500000000000016,573.0415100404999,1152.0830200809999,1161.36427068342,12.877299404884164,0.07765603495565387,0.07765603396414276,geom2,49
mixture,0.009750000000000007,573.0415100404999,1152.0830200809999,1161.36427068342,12.877299433774553,0.07765603544563618,0.07765603377737304,geom2,49
mixture,0.008250000000000006,573.0415100404999,1152.0830200809999,1161.36427068342,12.87729942258711,0.07765603310031785,0.07765603386743274,geom2,49
mixture,0.006500000000000004,573.0415100404999,1152.0830200809999,1161.36427068342,12.877299474619749,0.07765603280812443,0.07765603355215954,geom2,49
mixture,0.007750000000000005,573.0415100404999,1152.0830200809999,1161.36427068342,12.877299436333143,0.07765603346149398,0.07765603378068284,geom2,49
mixture,0.008500000000000006,573.0415100404999,1152.0830200809999,1161.36427068342,12.87729940801882,0.07765603412836704,0.07765603394741948,geom2,49
mixture,0.005250000000000003,573.0415100405,1152.083020081,1161.3642706834203,12.877299331094424,0.07765603474947501,0.07765603441107036,geom2,49
mixture,0.0047500000000000025,573.0415100405,1152.083020081,1161.3642706834203,12.877299388017802,0.07765603332086013,0.07765603407314621,geom2,49
mixture,0.005000000000000003,573.0415100405,1152.083020081,1161.3642706834203,12.877299452120766,0.07765603407361685,0.07765603368103963,geom2,49
mixture,0.008750000000000006,573.0415100405,1152.083020081,1161.3642706834203,12.877299403433293,0.07765603453652818,0.07765603397166783,geom2,49
mixture,0.007250000000000005,573.0415100405,1152.083020081,1161.3642706834203,12.877299341455803,0.07765603474794261,0.0776560343474596,geom2,49
mixture,0.009500000000000007,573.0415100405,1152.083020081,1161.3642706834203,12.877299298561217,0.0776560342209775,0.0776560346127591,geom2,49
mixture,0.0027500000000000007,573.0415100405003,1152.0830200810005,1161.3642706834207,12.877299233000096,0.07765603664136911,0.0776560349998868,geom2,49
null,,573.0415100404994,1148.0830200809987,1151.1767702818054,12.87730125059983,0.07765602283734875,,geom2,49
sum,,573.2909046490772,1148.5818092981544,1151.675559498961,19.512960477119332,0.10249597965132849,,geom2,49
mixture,0.0027500000000000007,464.9948640288197,935.9897280576394,944.5222893170152,14.818897460680345,0.06748140403898881,0.06748140356825887,geom2,50
mixture,0.002,464.99486402881973,935.9897280576395,944.5222893170153,14.81889717175167,0.06748140784402307,0.06748140487933002,geom2,50
mixture,0.0025000000000000005,464.99486402881973,935.9897280576395,944.5222893170153,14.8188974159124,0.06748140160715056,0.06748140377884419,geom2,50
mixture,0.003250000000000001,464.99486402881973,935.9897280576395,944.5222893170153,14.818897381284836,0.06748140732947358,0.06748140392001914,geom2,50
mixture,0.0037500000000000016,464.99486402881973,935.9897280576395,944.5222893170153,14.818897111409218,0.0674814049294662,0.06748140516091117,geom2,50
mixture,0.0047500000000000025,464.99486402881973,935.9897280576395,944.5222893170153,14.818897421972078,0.06748140133855085,0.06748140375730985,geom2,50
mixture,0.0070000000000000045,464.99486402881973,935.9897280576395,944.5222893170153,14.818897331650634,0.06748140213941206,0.06748140417134464,geom2,50
mixture,0.006000000000000004,464.99486402881973,935.9897280576395,944.5222893170153,14.818897143612265,0.06748140449604031,0.06748140501652183,geom2,50
mixture,0.010000000000000007,464.99486402881973,935.9897280576395,944.5222893170153,14.818897575559419,0.06748140120474892,0.06748140306502674,geom2,50
mixture,0.005250000000000003,464.9948640288198,935.9897280576396,944.5222893170154,14.818897246893656,0.06748140399085498,0.06748140454599684,geom2,50
mixture,0.004250000000000002,464.9948640288198,935.9897280576396,944.5222893170154,14.818897337066042,0.0674814045010303,0.06748140413088764,geom2,50
mixture,0.007500000000000005,464.9948640288198,935.9897280576396,944.5222893170154,14.818897274594462,0.0674814012360456,0.06748140444097707,geom2,50
mixture,0.006750000000000004,464.9948640288198,935.9897280576396,944.5222893170154,14.81889742349386,0.06748140139332733,0.0674814037548311,geom2,50
mixture,0.003000000000000001,464.9948640288198,935.9897280576396,944.5222893170154,14.818897466586236,0.06748140285534193,0.06748140354472763,geom2,50
mixture,0.008750000000000006,464.9948640288198,935.9897280576396,944.5222893170154,14.818897363814807,0.06748140338995574,0.06748140401613288,geom2,50
mixture,0.005500000000000003,464.99486402881985,935.9897280576397,944.5222893170155,14.818897221242947,0.06748140282533983,0.06748140467003483,geom2,50
mixture,0.008500000000000006,464.99486402881985,935.9897280576397,944.5222893170155,14.818897311073044,0.0674814075146136,0.06748140422284608,geom2,50
mixture,0.009000000000000006,464.99486402881985,935.9897280576397,944.5222893170155,14.818897186814338,0.06748140223258578,0.06748140484013589,geom2,50
mixture,0.008000000000000005,464.99486402881985,935.9897280576397,944.5222893170155,14.818897559902018,0.06748139962339166,0.06748140314590378,geom2,50
mixture,0.006250000000000004,464.99486402881985,935.9897280576397,944.5222893170155,14.818897196879817,0.06748140448638848,0.06748140477262132,geom2,50
mixture,0.007250000000000005,464.99486402881985,935.9897280576397,944.5222893170155,14.818897353846488,0.06748140430016893,0.06748140405426416,geom2,50
mixture,0.0035000000000000014,464.99486402881985,935.9897280576397,944.5222893170155,14.818897088521446,0.06748140612065351,0.06748140526126034,geom2,50
mixture,0.45,464.99486402881985,935.9897280576397,944.5222893170155,14.81889821528496,0.06748140080038055,0.06748139958747129,geom2,50
mixture,0.0022500000000000003,464.9948640288199,935.9897280576398,944.5222893170156,14.81889742282965,0.0674814030005511,0.06748140374358742,geom2,50
mixture,0.008250000000000006,464.9948640288199,935.9897280576398,944.5222893170156,14.818897450283755,0.06748140470625275,0.06748140360783479,geom2,50
mixture,0.005750000000000003,464.9948640288199,935.9897280576398,944.5222893170156,14.818897225570804,0.06748140422511165,0.06748140464258151,geom2,50
mixture,0.007750000000000005,464.9948640288199,935.9897280576398,944.5222893170156,14.818897279952782,0.06748140248357122,0.06748140440744974,geom2,50
mixture,0.006500000000000004,464.9948640288199,935.9897280576398,944.5222893170156,14.818897157299185,0.06748140183903666,0.06748140497143285,geom2,50
mixture,0.009500000000000007,464.9948640288199,935.9897280576398,944.5222893170156,14.818897203157846,0.06748139871836294,0.0674814048000196,geom2,50
mixture,0.009250000000000006,464.9948640288199,935.9897280576398,944.5222893170156,14.818897250274256,0.0674814032199884,0.06748140453989712,geom2,50
mixture,0.004000000000000002,464.9948640288199,935.9897280576398,944.5222893170156,14.818897520851495,0.06748139834604874,0.06748140331542712,geom2,50
mixture,0.004500000000000002,464.9948640288199,935.9897280576398,944.5222893170156,14.81889733775884,0.06748140206538816,0.06748140413863554,geom2,50
mixture,0.35000000000000003,464.9948640288199,935.9897280576398,944.5222893170156,14.818898403877235,0.0674814013889955,0.0674813981358954,geom2,50
mixture,0.009750000000000007,464.9948640288199,935.9897280576398,944.5222893170156,14.818897208921452,0.06748140060250792,0.0674814047564993,geom2,50
mixture,0.005000000000000003,464.99486402881996,935.9897280576399,944.5222893170157,14.818897139886698,0.06748140353403696,0.06748140503788344,geom2,50
mixture,0.3,464.99486402881996,935.9897280576399,944.5222893170157,14.818898415123567,0.06748140121064444,0.06748139837153462,geom2,50
mixture,0.4,464.99486402881996,935.9897280576399,944.5222893170157,14.818898349606581,0.0674813957459968,0.06748140203869371,geom2,50
mixture,0.5,464.99486402882,935.98972805764,944.5222893170159,14.818898254581978,0.06748139995433208,0.06748139995433208,geom2,50
mixture,0.25,464.99486402882,935.98972805764,944.5222893170159,14.8188984502603,0.0674814015478189,0.06748139823507911,geom2,50
mixture,0.15000000000000002,464.9948640288201,935.9897280576401,944.522289317016,14.81889843385908,0.0674814018918015,0.06748139865197729,geom2,50
mixture,0.2,464.9948640288201,935.9897280576401,944.522289317016,14.818898557248838,0.06748140036985482,0.06748139812761896,geom2,50
mixture,0.1,464.99486402882013,935.9897280576403,944.5222893170161,14.81889854307124,0.06748138323665716,0.06748140035217987,geom2,50
mixture,0.05,464.99486402882013,935.9897280576403,944.5222893170161,14.818898793837247,0.06748138667374672,0.06748139806843893,geom2,50
null,,464.9948640288202,931.9897280576404,934.833915144099,14.818898672564293,0.06748139805094962,,geom2,50
sum,,463.8738530584566,929.7477061169132,932.5918932033718,22.270741831322372,0.08980392369270467,,geom2,50
mixture,0.35000000000000003,460.96670199219824,927.9334039843965,936.4894947761553,13.984375413670781,0.07150838030833033,0.07150837640779763,geom2,51
mixture,0.45,460.9667019921983,927.9334039843966,936.4894947761554,13.984375555819625,0.07150837447471096,0.07150837914998809,geom2,51
mixture,0.25,460.9667019921983,927.9334039843966,936.4894947761554,13.98437555205119,0.07150836161186575,0.0715083822165569,geom2,51
mixture,0.5,460.9667019921983,927.9334039843966,936.4894947761554,13.984375400740149,0.07150837783910415,0.07150837783910415,geom2,51
mixture,0.4,460.96670199219835,927.9334039843967,936.4894947761555,13.984375576503863,0.0715083798639796,0.07150837499125627,geom2,51
mixture,0.3,460.96670199219835,927.9334039843967,936.4894947761555,13.984375510071983,0.07150836366753616,0.07150838311397392,geom2,51
mixture,0.15000000000000002,460.9667019921984,927.9334039843968,936.4894947761557,13.984375849464318,0.07150837914219614,0.07150837490970245,geom2,51
mixture,0.2,460.9667019921984,927.9334039843968,936.4894947761557,13.98437555219573,0.0715083614269759,0.07150838097406197,geom2,51
mixture,0.005500000000000003,460.96670199219847,927.9334039843969,936.4894947761558,13.984376000184827,0.07150837590610229,0.07150837476761333,geom2,51
mixture,0.004500000000000002,460.96670199219847,927.9334039843969,936.4894947761558,13.984375957241546,0.07150837572620898,0.07150837499015099,geom2,51
mixture,0.006500000000000004,460.96670199219847,927.9334039843969,936.4894947761558,13.9843759730909,0.0715083768105601,0.07150837489999977,geom2,51
mixture,0.006250000000000004,460.96670199219847,927.9334039843969,936.4894947761558,13.9843758778086,0.07150837548263689,0.07150837539911747,geom2,51
mixture,0.004000000000000002,460.9667019921985,927.933403984397,936.4894947761559,13.984373949941501,0.07150838281192932,0.07150838526751083,geom2,51
mixture,0.004250000000000002,460.9667019921985,927.933403984397,936.4894947761559,13.984375939922218,0.07150837450914954,0.07150837508446983,geom2,51
mixture,0.0022500000000000003,460.9667019921985,927.933403984397,936.4894947761559,13.984375935632732,0.07150837641102455,0.07150837510101125,geom2,51
mixture,0.0037500000000000016,460.9667019921985,927.933403984397,936.4894947761559,13.984375976559866,0.07150837459472462,0.0715083748958091,geom2,51
mixture,0.008750000000000006,460.9667019921985,927.933403984397,936.4894947761559,13.984375944958057,0.0715083749442183,0.07150837505726336,geom2,51
mixture,0.008250000000000006,460.9667019921985,927.933403984397,936.4894947761559,13.98437585662953,0.07150837557412092,0.07150837550738698,geom2,51
mixture,0.007750000000000005,460.9667019921985,927.933403984397,936.4894947761559,13.984375885467681,0.07150837598426861,0.07150837535560299,geom2,51
mixture,0.0070000000000000045,460.9667019921985,927.933403984397,936.4894947761559,13.984375995896189,0.07150837497844514,0.07150837479451726,geom2,51
mixture,0.006750000000000004,460.9667019921985,927.933403984397,936.4894947761559,13.984375977663989,0.07150837510371401,0.07150837488757521,geom2,51
mixture,0.006000000000000004,460.9667019921985,927.933403984397,936.4894947761559,13.98437603062396,0.07150837466446153,0.07150837461794703,geom2,51
mixture,0.1,460.9667019921985,927.933403984397,936.4894947761559,13.984375741166696,0.07150838217472423,0.07150837542319816,geom2,51
mixture,0.010000000000000007,460.9667019921985,927.933403984397,936.4894947761559,13.984375950274387,0.07150837556779939,0.07150837502364793,geom2,51
mixture,0.008000000000000005,460.9667019921985,927.933403984397,936.4894947761559,13.984376061572513,0.07150837491262334,0.0715083744563219,geom2,51
mixture,0.008500000000000006,460.9667019921985,927.933403984397,936.4894947761559,13.984376026417209,0.0715083750822854,0.0715083746359432,geom2,51
mixture,0.005250000000000003,460.9667019921985,927.933403984397,936.4894947761559,13.984375991240746,0.07150837622153329,0.07150837481221117,geom2,51
mixture,0.003250000000000001,460.9667019921986,927.9334039843972,936.489494776156,13.984375915562692,0.07150837549062873,0.07150837520565974,geom2,51
mixture,0.0047500000000000025,460.9667019921986,927.9334039843972,936.489494776156,13.98437398396135,0.07150838348512127,0.07150838509135937,geom2,51
mixture,0.05,460.9667019921986,927.9334039843972,936.489494776156,13.984375970583372,0.07150837594541529,0.07150837487154711,geom2,51
mixture,0.009500000000000007,460.9667019921986,927.9334039843972,936.489494776156,13.984373873827064,0.07150838313134905,0.07150838567102272,geom2,51
mixture,0.0025000000000000005,460.9667019921986,927.9334039843972,936.489494776156,13.98437607822997,0.07150837448078227,0.07150837437452964,geom2,51
mixture,0.0035000000000000014,460.96670199219864,927.9334039843973,936.4894947761561,13.984376051130042,0.07150837325389552,0.07150837451779297,geom2,51
mixture,0.009750000000000007,460.96670199219864,927.9334039843973,936.4894947761561,13.984375942091892,0.07150837703637489,0.07150837505157843,geom2,51
mixture,0.009000000000000006,460.96670199219864,927.9334039843973,936.4894947761561,13.984375963011622,0.07150837444344531,0.07150837496868542,geom2,51
mixture,0.009250000000000006,460.96670199219864,927.9334039843973,936.4894947761561,13.984373933757306,0.0715083824951241,0.07150838536701051,geom2,51
mixture,0.007500000000000005,460.96670199219864,927.9334039843973,936.4894947761561,13.984376005407247,0.0715083744293911,0.07150837474957181,geom2,51
mixture,0.003000000000000001,460.96670199219864,927.9334039843973,936.4894947761561,13.984375880845038,0.07150837562026155,0.07150837538340221,geom2,51
mixture,0.005000000000000003,460.96670199219864,927.9334039843973,936.4894947761561,13.98437604581525,0.071508376409279,0.07150837453115563,geom2,51
mixture,0.005750000000000003,460.96670199219864,927.9334039843973,936.4894947761561,13.98437383021866,0.07150838547351225,0.0715083858721775,geom2,51
mixture,0.002,460.96670199219864,927.9334039843973,936.4894947761561,13.984376030917959,0.0715083734057894,0.07150837461914948,geom2,51
mixture,0.0027500000000000007,460.96670199219864,927.9334039843973,936.4894947761561,13.98437591988764,0.07150837768789607,0.07150837517756709,geom2,51
mixture,0.007250000000000005,460.96670199219875,927.9334039843975,936.4894947761563,13.984373735139263,0.07150838572276919,0.0715083863606938,geom2,51
null,,460.96670199220284,923.9334039844057,926.7854342483253,13.984371427091386,0.07150839815815664,,geom2,51
sum,,460.9922316895789,923.9844633791578,926.8364936430773,21.180548100029657,0.09442626274610899,,geom2,51
mixture,0.006000000000000004,467.600710683168,941.201421366336,949.9172457016514,12.251852192568101,0.08162031321911087,0.0816203121129127,geom2,52
mixture,0.45,467.600710683168,941.201421366336,949.9172457016514,12.251852206384903,0.08162031328059177,0.08162031100225053,geom2,52
mixture,0.2,467.600710683168,941.201421366336,949.9172457016514,12.251852131385267,0.08162031645164672,0.08162031154601626,geom2,52
mixture,0.5,467.600710683168,941.201421366336,949.9172457016514,12.251852112923185,0.08162031265013439,0.08162031265013439,geom2,52
mixture,0.4,467.600710683168,941.201421366336,949.9172457016514,12.251852291284145,0.08162030855956708,0.08162031339681525,geom2,52
mixture,0.3,467.600710683168,941.201421366336,949.9172457016514,12.251852263428049,0.08162031302475671,0.08162031105723248,geom2,52
mixture,0.35000000000000003,467.6007106831681,941.2014213663361,949.9172457016514,12.251852406574542,0.08162031165202953,0.0816203101779313,geom2,52
mixture,0.005000000000000003,467.60071068316813,941.2014213663363,949.9172457016516,12.25185233154172,0.08162031244055176,0.08162031118745951,geom2,52
mixture,0.008250000000000006,467.60071068316813,941.2014213663363,949.9172457016516,12.251852433123233,0.08162030997108631,0.08162031052154288,geom2,52
mixture,0.008750000000000006,467.60071068316813,941.2014213663363,949.9172457016516,12.251852403591464,0.0816203127682254,0.08162031069560313,geom2,52
mixture,0.005250000000000003,467.60071068316813,941.2014213663363,949.9172457016516,12.25185247820249,0.08162030796403423,0.08162031022857809,geom2,52
mixture,0.0047500000000000025,467.60071068316813,941.2014213663363,949.9172457016516,12.251852359664985,0.08162031334500344,0.08162031099520976,geom2,52
mixture,0.004500000000000002,467.60071068316813,941.2014213663363,949.9172457016516,12.25185238523027,0.08162030982559594,0.0816203108406262,geom2,52
mixture,0.004000000000000002,467.60071068316813,941.2014213663363,949.9172457016516,12.251852301562307,0.08162031027039557,0.08162031139795431,geom2,52
mixture,0.006500000000000004,467.60071068316813,941.2014213663363,949.9172457016516,12.2518524472035,0.0816203094466791,0.08162031042958955,geom2,52
mixture,0.005500000000000003,467.60071068316813,941.2014213663363,949.9172457016516,12.251852348563391,0.0816203100925424,0.0816203110857916,geom2,52
mixture,0.010000000000000007,467.60071068316813,941.2014213663363,949.9172457016516,12.25185247415208,0.08162031168749513,0.08162031022908849,geom2,52
mixture,0.15000000000000002,467.60071068316813,941.2014213663363,949.9172457016516,12.251852238587164,0.08162031544341018,0.08162031117231192,geom2,52
mixture,0.007250000000000005,467.60071068316813,941.2014213663363,949.9172457016516,12.251852388985833,0.0816203097896008,0.08162031081849896,geom2,52
mixture,0.007500000000000005,467.60071068316813,941.2014213663363,949.9172457016516,12.251852483900702,0.08162031166263418,0.08162031016751507,geom2,52
mixture,0.0070000000000000045,467.60071068316813,941.2014213663363,949.9172457016516,12.251852267276815,0.08162031332236444,0.08162031160986223,geom2,52
mixture,0.006750000000000004,467.60071068316813,941.2014213663363,949.9172457016516,12.251852347592953,0.08162030996192463,0.08162031109443812,geom2,52
mixture,0.009500000000000007,467.60071068316813,941.2014213663363,949.9172457016516,12.251852379048985,0.08162031184340643,0.08162031086797086,geom2,52
mixture,0.25,467.60071068316813,941.2014213663363,949.9172457016516,12.251852318224634,0.08162030443123884,0.08162031356617629,geom2,52
mixture,0.003000000000000001,467.6007106831682,941.2014213663364,949.9172457016516,12.251852294503623,0.08162031185350699,0.0816203114392253,geom2,52
mixture,0.0037500000000000016,467.6007106831682,941.2014213663364,949.9172457016516,12.251852330933076,0.08162031178105171,0.08162031119558417,geom2,52
mixture,0.1,467.6007106831682,941.2014213663364,949.9172457016516,12.251852294436238,0.08162031459058974,0.08162031109095344,geom2,52
mixture,0.0027500000000000007,467.6007106831682,941.2014213663364,949.9172457016516,12.251852425062452,0.08162031208419346,0.08162031056652795,geom2,52
mixture,0.05,467.6007106831682,941.2014213663364,949.9172457016516,12.251852203931364,0.08162031685689494,0.08162031179053106,geom2,52
mixture,0.0025000000000000005,467.60071068316824,941.2014213663365,949.9172457016518,12.2518524052302,0.08162030851586256,0.08162031070830263,geom2,52
mixture,0.003250000000000001,467.60071068316824,941.2014213663365,949.9172457016518,12.251852590051962,0.08162030756309381,0.08162030947778477,geom2,52
mixture,0.005750000000000003,467.60071068316824,941.2014213663365,949.9172457016518,12.251852453361709,0.08162030799412254,0.08162031039598613,geom2,52
mixture,0.002,467.60071068316824,941.2014213663365,949.9172457016518,12.251852504447468,0.08162031013286879,0.08162031004166606,geom2,52
mixture,0.0035000000000000014,467.60071068316824,941.2014213663365,949.9172457016518,12.25185248613275,0.08162030990071971,0.08162031016478306,geom2,52
mixture,0.0022500000000000003,467.60071068316824,941.2014213663365,949.9172457016518,12.251852332873602,0.08162031112442047,0.08162031118498841,geom2,52
mixture,0.009000000000000006,467.60071068316824,941.2014213663365,949.9172457016518,12.25185229541941,0.08162031143497943,0.08162031143436174,geom2,52
mixture,0.008000000000000005,467.60071068316824,941.2014213663365,949.9172457016518,12.251852516486956,0.08162030939889438,0.0816203099661812,geom2,52
mixture,0.008500000000000006,467.60071068316824,941.2014213663365,949.9172457016518,12.25185239197757,0.08162031153029255,0.08162031078477196,geom2,52
mixture,0.006250000000000004,467.60071068316824,941.2014213663365,949.9172457016518,12.251852435354762,0.08162031385259012,0.08162031048106341,geom2,52
mixture,0.009750000000000007,467.60071068316824,941.2014213663365,949.9172457016518,12.251852353645901,0.08162031053842347,0.0816203110514719,geom2,52
mixture,0.007750000000000005,467.6007106831683,941.2014213663366,949.9172457016518,12.251852509159743,0.08162030897375312,0.08162031001855308,geom2,52
mixture,0.009250000000000006,467.6007106831683,941.2014213663366,949.9172457016518,12.251852443363855,0.08162031041825037,0.0816203104490649,geom2,52
mixture,0.004250000000000002,467.60071068316836,941.2014213663367,949.9172457016521,12.25185245751288,0.08162031230608366,0.08162031034619129,geom2,52
null,,467.60071068316824,937.2014213663365,940.1066961447749,12.251852358657594,0.0816203110130824,,geom2,52
sum,,466.8297192419448,935.6594384838896,938.564713262328,18.462896771012133,0.10832536328427732,,geom2,52
mixture,0.0027500000000000007,526.3765182333118,1058.7530364666236,1067.6832376938853,14.379309660314563,0.06954436823377562,0.06954436781784117,geom2,53
mixture,0.006500000000000004,526.3765182333118,1058.7530364666236,1067.6832376938853,14.379309648783991,0.06954436623787584,0.06954436788546096,geom2,53
mixture,0.006000000000000004,526.3765182333119,1058.7530364666238,1067.6832376938855,14.379309653793845,0.0695443654714808,0.06954436786488231,geom2,53
mixture,0.007500000000000005,526.3765182333119,1058.7530364666238,1067.6832376938855,14.379309606699197,0.06954436798844665,0.0695443680789703,geom2,53
mixture,0.0070000000000000045,526.3765182333119,1058.7530364666238,1067.6832376938855,14.379309665985843,0.06954436543023176,0.06954436780820208,geom2,53
mixture,0.008250000000000006,526.3765182333119,1058.7530364666238,1067.6832376938855,14.379309565517508,0.06954436849818017,0.06954436827562721,geom2,53
mixture,0.45,526.3765182333119,1058.7530364666238,1067.6832376938855,14.379311009284294,0.0695443608068823,0.06954436169401018,geom2,53
mixture,0.0025000000000000005,526.376518233312,1058.753036466624,1067.6832376938858,14.379309444047236,0.06954436842957254,0.0695443688660356,geom2,53
mixture,0.0047500000000000025,526.376518233312,1058.753036466624,1067.6832376938858,14.379309778281064,0.069544366647514,0.06954436725131762,geom2,53
mixture,0.005500000000000003,526.376518233312,1058.753036466624,1067.6832376938858,14.379311220440908,0.06954435993182939,0.06954436027545088,geom2,53
mixture,0.006750000000000004,526.376518233312,1058.753036466624,1067.6832376938858,14.379309567755772,0.06954436675553886,0.06954436827690733,geom2,53
mixture,0.003250000000000001,526.376518233312,1058.753036466624,1067.6832376938858,14.3793095989415,0.06954436572477737,0.06954436812360704,geom2,53
mixture,0.0037500000000000016,526.376518233312,1058.753036466624,1067.6832376938858,14.379309651857069,0.06954436658068863,0.06954436786470403,geom2,53
mixture,0.0035000000000000014,526.376518233312,1058.753036466624,1067.6832376938858,14.37930949473593,0.0695443685722924,0.0695443686199595,geom2,53
mixture,0.004250000000000002,526.376518233312,1058.753036466624,1067.6832376938858,14.379309548938494,0.06954436879920124,0.06954436835576172,geom2,53
mixture,0.002,526.376518233312,1058.753036466624,1067.6832376938858,14.379309603521454,0.06954436941372655,0.06954436809101484,geom2,53
mixture,0.009000000000000006,526.376518233312,1058.753036466624,1067.6832376938858,14.379309539623977,0.06954436580425023,0.06954436842629363,geom2,53
mixture,0.009250000000000006,526.376518233312,1058.753036466624,1067.6832376938858,14.379309533105957,0.06954436739301448,0.06954436844394019,geom2,53
mixture,0.009500000000000007,526.376518233312,1058.753036466624,1067.6832376938858,14.3793094498944,0.06954436697388956,0.06954436885453119,geom2,53
mixture,0.008750000000000006,526.376518233312,1058.753036466624,1067.6832376938858,14.379309623173034,0.06954436379776413,0.06954436803569891,geom2,53
mixture,0.009750000000000007,526.376518233312,1058.753036466624,1067.6832376938858,14.379309486132385,0.06954436958018206,0.0695443686523567,geom2,53
mixture,0.008500000000000006,526.376518233312,1058.753036466624,1067.6832376938858,14.379309619642697,0.06954436685488052,0.06954436802564265,geom2,53
mixture,0.008000000000000005,526.376518233312,1058.753036466624,1067.6832376938858,14.37930964936435,0.06954436641706907,0.06954436788367767,geom2,53
mixture,0.35000000000000003,526.376518233312,1058.753036466624,1067.6832376938858,14.379310995917908,0.06954436053986414,0.06954436180076247,geom2,53
mixture,0.15000000000000002,526.376518233312,1058.753036466624,1067.6832376938858,14.379311295838912,0.06954436224111753,0.06954435949733774,geom2,53
mixture,0.3,526.376518233312,1058.753036466624,1067.6832376938858,14.379311053501576,0.06954435720961855,0.06954436274009126,geom2,53
mixture,0.25,526.376518233312,1058.753036466624,1067.6832376938858,14.379311204126603,0.06954435394828944,0.06954436248718879,geom2,53
mixture,0.2,526.376518233312,1058.753036466624,1067.6832376938858,14.379311121915636,0.06954435332241632,0.06954436260698413,geom2,53
mixture,0.05,526.376518233312,1058.753036466624,1067.6832376938858,14.379309590459727,0.0695443603534629,0.06954436856753594,geom2,53
mixture,0.1,526.376518233312,1058.753036466624,1067.6832376938858,14.37931107397139,0.06954435331552879,0.06954436183377333,geom2,53
mixture,0.010000000000000007,526.376518233312,1058.753036466624,1067.6832376938858,14.37930977079447,0.06954436110752485,0.06954436734705315,geom2,53
mixture,0.004000000000000002,526.376518233312,1058.753036466624,1067.6832376938858,14.379309500142359,0.06954436782618907,0.06954436859672705,geom2,53
mixture,0.5,526.376518233312,1058.753036466624,1067.6832376938858,14.379310888504145,0.06954436187894594,0.06954436187894594,geom2,53
mixture,0.4,526.376518233312,1058.753036466624,1067.6832376938858,14.37931104270515,0.06954436133318385,0.06954436099981975,geom2,53
mixture,0.003000000000000001,526.3765182333121,1058.7530364666243,1067.683237693886,14.379309514851412,0.06954436927747797,0.06954436852023402,geom2,53
mixture,0.007250000000000005,526.3765182333121,1058.7530364666243,1067.683237693886,14.37930946254468,0.06954436888606044,0.0695443687746755,geom2,53
mixture,0.006250000000000004,526.3765182333121,1058.7530364666243,1067.683237693886,14.379309660308115,0.0695443675591776,0.06954436782065038,geom2,53
mixture,0.005750000000000003,526.3765182333123,1058.7530364666245,1067.6832376938862,14.379309480258003,0.06954436890320348,0.0695443686885799,geom2,53
mixture,0.004500000000000002,526.3765182333123,1058.7530364666245,1067.6832376938862,14.37930940161209,0.0695443680383436,0.06954436907484284,geom2,53
mixture,0.0022500000000000003,526.3765182333123,1058.7530364666245,1067.6832376938862,14.379309479012084,0.06954436951506746,0.06954436869399234,geom2,53
mixture,0.007750000000000005,526.3765182333123,1058.7530364666245,1067.6832376938862,14.379309465255796,0.06954437066202186,0.06954436874753366,geom2,53
mixture,0.005000000000000003,526.3765182333123,1058.7530364666245,1067.6832376938862,14.379309338704173,0.06954436905244318,0.06954436937604566,geom2,53
mixture,0.005250000000000003,526.3765182333123,1058.7530364666245,1067.6832376938862,14.379309384432494,0.06954436874662451,0.06954436915541246,geom2,53
null,,526.3765182333123,1054.7530364666245,1057.729770209045,14.379311360949611,0.06954435959400214,,geom2,53
sum,,524.8172087957241,1051.6344175914483,1054.6111513338687,21.563622243350355,0.09274879597822423,,geom2,53
mixture,0.3,424.2500927740969,854.5001855481938,862.86266077654,13.12500029976208,0.07619047744230927,0.07619047316809718,geom2,54
mixture,0.5,424.25009277409697,854.5001855481939,862.8626607765401,13.125000337926362,0.07619047422881754,0.07619047422881754,geom2,54
mixture,0.45,424.250092774097,854.500185548194,862.8626607765402,13.125000394675617,0.07619047111425206,0.07619047617813715,geom2,54
mixture,0.4,424.250092774097,854.500185548194,862.8626607765402,13.125000334658413,0.07619047558855156,0.07619047335394556,geom2,54
mixture,0.25,424.2500927740971,854.5001855481942,862.8626607765403,13.12500032954765,0.07619047791700358,0.07619047306427337,geom2,54
mixture,0.2,424.2500927740971,854.5001855481942,862.8626607765403,13.125000513988667,0.07619047606017373,0.07619047249342902,geom2,54
mixture,0.15000000000000002,424.2500927740971,854.5001855481942,862.8626607765403,13.125000422875605,0.07619047732578725,0.07619047310214132,geom2,54
mixture,0.35000000000000003,424.2500927740971,854.5001855481942,862.8626607765403,13.12500049177184,0.07619046178875877,0.07619047955335649,geom2,54
mixture,0.009750000000000007,424.25009277409765,854.5001855481953,862.8626607765415,13.124998558466865,0.07619048525866613,0.07619048455166737,geom2,54
mixture,0.010000000000000007,424.25009277409765,854.5001855481953,862.8626607765415,13.124998650053223,0.07619048519118543,0.07619048401514229,geom2,54
mixture,0.005000000000000003,424.2500927740977,854.5001855481954,862.8626607765416,13.124998563809063,0.07619048449683855,0.07619048452770354,geom2,54
mixture,0.0037500000000000016,424.2500927740977,854.5001855481954,862.8626607765416,13.124998522830307,0.07619048383312366,0.07619048476893979,geom2,54
mixture,0.0070000000000000045,424.25009277409777,854.5001855481955,862.8626607765417,13.124998475454445,0.07619048369509897,0.0761904850499307,geom2,54
mixture,0.007250000000000005,424.25009277409777,854.5001855481955,862.8626607765417,13.12499849553153,0.07619048454352029,0.0761904849266775,geom2,54
mixture,0.006500000000000004,424.25009277409777,854.5001855481955,862.8626607765417,13.124998552714912,0.07619048395795555,0.07619048459609858,geom2,54
mixture,0.0047500000000000025,424.25009277409777,854.5001855481955,862.8626607765417,13.124998636456297,0.07619048424409103,0.07619048410517289,geom2,54
mixture,0.008000000000000005,424.25009277409777,854.5001855481955,862.8626607765417,13.124998520135412,0.07619048385933655,0.07619048478850768,geom2,54
mixture,0.0035000000000000014,424.25009277409777,854.5001855481955,862.8626607765417,13.124998600797419,0.07619048523271434,0.07619048430960128,geom2,54
mixture,0.008250000000000006,424.2500927740978,854.5001855481956,862.8626607765418,13.124998548839615,0.07619048337412236,0.0761904846247645,geom2,54
mixture,0.006250000000000004,424.2500927740978,854.5001855481956,862.8626607765418,13.124998458295135,0.07619048532907094,0.07619048513886774,geom2,54
mixture,0.0025000000000000005,424.2500927740978,854.5001855481956,862.8626607765418,13.124998419401908,0.07619048478144753,0.07619048536729592,geom2,54
mixture,0.005500000000000003,424.2500927740978,854.5001855481956,862.8626607765418,13.12499846791034,0.07619048673447368,0.07619048507511386,geom2,54
mixture,0.007750000000000005,424.2500927740978,854.5001855481956,862.8626607765418,13.12499846011385,0.07619048420699129,0.07619048513670415,geom2,54
mixture,0.004000000000000002,424.2500927740979,854.5001855481958,862.8626607765419,13.124998492440287,0.07619048469571053,0.07619048494283272,geom2,54
mixture,0.009500000000000007,424.2500927740979,854.5001855481958,862.8626607765419,13.124998486111423,0.07619048502136286,0.07619048497817293,geom2,54
mixture,0.009000000000000006,424.2500927740979,854.5001855481958,862.8626607765419,13.124998564296499,0.07619048312558253,0.07619048453742623,geom2,54
mixture,0.006000000000000004,424.2500927740979,854.5001855481958,862.8626607765419,13.1249984497197,0.07619048347329811,0.07619048520019822,geom2,54
mixture,0.008500000000000006,424.2500927740979,854.5001855481958,862.8626607765419,13.12499848873127,0.07619048413081214,0.07619048497051249,geom2,54
mixture,0.005250000000000003,424.2500927740979,854.5001855481958,862.8626607765419,13.124998529678807,0.07619048400522793,0.07619048472947731,geom2,54
mixture,0.008750000000000006,424.25009277409794,854.5001855481959,862.862660776542,13.124998393788372,0.07619048478265047,0.07619048552097799,geom2,54
mixture,0.003250000000000001,424.25009277409794,854.5001855481959,862.862660776542,13.124998458037885,0.07619048607275754,0.07619048513851355,geom2,54
mixture,0.006750000000000004,424.25009277409794,854.5001855481959,862.862660776542,13.124998448012771,0.07619048786718488,0.07619048518161795,geom2,54
mixture,0.003000000000000001,424.250092774098,854.500185548196,862.8626607765422,13.1249984015486,0.07619048793669683,0.07619048546204563,geom2,54
mixture,0.1,424.250092774098,854.500185548196,862.8626607765422,13.124998358705499,0.07619047856198864,0.07619048651330507,geom2,54
mixture,0.05,424.250092774098,854.500185548196,862.8626607765422,13.12499833190663,0.07619048131811197,0.07619048611351045,geom2,54
mixture,0.009250000000000006,424.250092774098,854.500185548196,862.8626607765422,13.124998409017799,0.07619048331668918,0.07619048544580527,geom2,54
mixture,0.005750000000000003,424.250092774098,854.500185548196,862.8626607765422,13.124998364624979,0.07619048626900356,0.07619048568042651,geom2,54
mixture,0.004500000000000002,424.250092774098,854.500185548196,862.8626607765422,13.1249984780686,0.07619048531028753,0.07619048502398337,geom2,54
mixture,0.0027500000000000007,424.250092774098,854.500185548196,862.8626607765422,13.124998484269069,0.0761904860983272,0.07619048498621978,geom2,54
mixture,0.002,424.250092774098,854.500185548196,862.8626607765422,13.12499839618171,0.07619048682106905,0.07619048549797813,geom2,54
mixture,0.004250000000000002,424.25009277409805,854.5001855481961,862.8626607765423,13.124998296255422,0.07619048597881986,0.07619048608113026,geom2,54
mixture,0.007500000000000005,424.25009277409805,854.5001855481961,862.8626607765423,13.124998302953253,0.07619048572543918,0.07619048604420534,geom2,54
mixture,0.0022500000000000003,424.2500927740982,854.5001855481964,862.8626607765426,13.12499819156035,0.07619048944284405,0.07619048668223793,geom2,54
null,,424.2500927740971,850.5001855481942,853.2876772909763,13.125000445140598,0.07619047360644016,,geom2,54
sum,,423.96396579712354,849.9279315942471,852.7154233370292,19.821816700229427,0.10089892517151827,,geom2,54
mixture,0.15000000000000002,485.152617250723,976.305234501446,984.9987539012986,14.12843848192128,0.08397636858098616,0.06886928639014031,geom2,55
mixture,0.2,485.15264172755406,976.3052834551081,984.9988028549608,14.114300116877551,0.0822786330927428,0.06847242500208915,geom2,55
mixture,0.1,485.1526937727499,976.3053875454998,984.9989069453525,14.155131148664058,0.08565567731414735,0.06929651450828375,geom2,55
mixture,0.25,485.152731722207,976.305463444414,984.9989828442667,14.112453142101801,0.08055140706982973,0.06812703763186023,geom2,55
mixture,0.3,485.15285240036656,976.3057048007331,984.9992242005858,14.121410344760823,0.07884911086219958,0.06785131845872804,geom2,55
mixture,0.05,485.15290372571445,976.3058074514289,984.9993268512817,14.194787907120146,0.08721435081805923,0.0697427488549214,geom2,55
mixture,0.35000000000000003,485.1529740878666,976.3059481757332,984.9994675755859,14.13878477513225,0.07720016668355888,0.06767227101018895,geom2,55
mixture,0.4,485.1530766830305,976.306153366061,984.9996727659138,14.160180173817587,0.07569734713608534,0.06759817599183547,geom2,55
mixture,0.45,485.15315203065893,976.3063040613179,984.9998234611705,14.180417156098539,0.07445960684107839,0.06759354250684405,geom2,55
mixture,0.010000000000000007,485.1531863146042,976.3063726292085,984.9998920290611,14.235036050896854,0.08846648440491837,0.0701033902868709,geom2,55
mixture,0.009750000000000007,485.1531884284593,976.3063768569186,984.9998962567713,14.235325337394903,0.08845727111307092,0.07010568531852547,geom2,55
mixture,0.009500000000000007,485.15319054724694,976.3063810944939,984.9999004943465,14.235610599346607,0.08844033855098626,0.07010804292338159,geom2,55
mixture,0.009250000000000006,485.1531926709169,976.3063853418338,984.9999047416866,14.23588163416303,0.088446398373455,0.07011032983086819,geom2,55
mixture,0.009000000000000006,485.1531947995294,976.3063895990588,984.9999089989115,14.23615321320699,0.08848256313820366,0.07011244323641438,geom2,55
mixture,0.008750000000000006,485.15319693248114,976.3063938649623,984.999913264815,14.236448388169125,0.08849032020953025,0.07011460768238979,geom2,55
mixture,0.008500000000000006,485.15319906873583,976.3063981374717,984.9999175373243,14.236711555983842,0.08847994240113026,0.07011702995525122,geom2,55
mixture,0.5,485.1532007646215,976.306401529243,984.9999209290957,14.201265429005446,0.07329916528753272,0.06775154644454966,geom2,55
mixture,0.008250000000000006,485.15320122886703,976.3064024577341,984.9999218575867,14.23695879991276,0.0886292832781998,0.07011869372322665,geom2,55
mixture,0.008000000000000005,485.15320335651677,976.3064067130335,984.9999261128862,14.237265965242711,0.08850381368175386,0.07012149633473798,geom2,55
mixture,0.007750000000000005,485.1532055068768,976.3064110137536,984.9999304136063,14.237539564604328,0.08848805260645545,0.07012388741622566,geom2,55
mixture,0.007500000000000005,485.15320769089305,976.3064153817861,984.9999347816388,14.237619948303813,0.08870940935026687,0.07012610711220019,geom2,55
mixture,0.007250000000000005,485.1532098303762,976.3064196607525,984.9999390606051,14.23808603307668,0.08862000241283424,0.07012790622217774,geom2,55
mixture,0.0070000000000000045,485.1532119884875,976.306423976975,984.9999433768278,14.23836633882256,0.08845669569049427,0.07013092447570997,geom2,55
mixture,0.006750000000000004,485.1532141704006,976.3064283408012,984.9999477406539,14.238667026074177,0.08867086073634266,0.07013217989969846,geom2,55
mixture,0.006500000000000004,485.15321636464745,976.3064327292949,984.9999521291477,14.238758871210353,0.08878953844540333,0.07013492990593276,geom2,55
mixture,0.006250000000000004,485.15321850865394,976.3064370173079,984.9999564171605,14.239089521901969,0.08860040255258238,0.07013774412670284,geom2,55
mixture,0.004250000000000002,485.153274409639,976.306548819278,985.0000682191308,14.246269427486562,0.07019381500424166,0.07019381495534917,geom2,55
mixture,0.0047500000000000025,485.153274409639,976.306548819278,985.0000682191308,14.246267861874074,0.07019381964779964,0.07019382268402133,geom2,55
mixture,0.004000000000000002,485.15327440963904,976.3065488192781,985.0000682191308,14.246269572568226,0.07019381545922238,0.07019381423582109,geom2,55
mixture,0.002,485.15327440963904,976.3065488192781,985.0000682191308,14.246267761144734,0.0701938234515206,0.07019382316533777,geom2,55
mixture,0.0025000000000000005,485.15327440963904,976.3065488192781,985.0000682191308,14.246267742760466,0.07019382222712574,0.07019382325907247,geom2,55
mixture,0.0037500000000000016,485.15327440963904,976.3065488192781,985.0000682191308,14.246267854679928,0.07019382312425572,0.07019382270346812,geom2,55
mixture,0.006000000000000004,485.1532744096391,976.3065488192782,985.000068219131,14.246267846356485,0.07019381840205126,0.07019382277227848,geom2,55
mixture,0.003000000000000001,485.15327440963915,976.3065488192783,985.000068219131,14.246267651775012,0.0701938248011687,0.07019382370149464,geom2,55
mixture,0.0035000000000000014,485.15327440963915,976.3065488192783,985.000068219131,14.246267601779087,0.07019382317342025,0.0701938239538638,geom2,55
mixture,0.004500000000000002,485.15327440963915,976.3065488192783,985.000068219131,14.24626776047233,0.07019382460449182,0.07019382316273529,geom2,55
mixture,0.005500000000000003,485.15327440963915,976.3065488192783,985.000068219131,14.246269708919591,0.07019381331640627,0.07019381357028447,geom2,55
mixture,0.0027500000000000007,485.1532744096392,976.3065488192784,985.0000682191312,14.246267615916071,0.07019382254097435,0.07019382388517341,geom2,55
mixture,0.0022500000000000003,485.1532744096392,976.3065488192784,985.0000682191312,14.246269649900547,0.0701938139215421,0.0701938138595456,geom2,55
mixture,0.005000000000000003,485.1532744096392,976.3065488192784,985.0000682191312,14.24626762778176,0.07019382274697297,0.0701938238284198,geom2,55
mixture,0.005250000000000003,485.15327440963927,976.3065488192785,985.0000682191312,14.246267785632067,0.0701938208258374,0.07019382305697026,geom2,55
mixture,0.003250000000000001,485.15327440963927,976.3065488192785,985.0000682191312,14.246267687683677,0.07019382105336928,0.0701938235359338,geom2,55
mixture,0.005750000000000003,485.15327440963927,976.3065488192785,985.0000682191312,14.246267570941251,0.07019382340296353,0.0701938241071245,geom2,55
null,,485.1532744096394,972.3065488192788,975.2043886192297,14.246269752667917,0.07019381335333263,,geom2,55
sum,,485.42750428019644,972.8550085603929,975.7528483603438,21.591525585790237,0.09262893407199699,,geom2,55
mixture,0.0022500000000000003,507.8916158179336,1021.7832316358672,1030.5866534352592,14.71222975707456,0.06797066070803381,0.0679706622696557,geom2,56
mixture,0.006250000000000004,507.8916158179336,1021.7832316358672,1030.5866534352592,14.71222978727969,0.06797066070914687,0.06797066213550879,geom2,56
mixture,0.009750000000000007,507.8916158179336,1021.7832316358672,1030.5866534352592,14.712229815518171,0.06797066380479592,0.06797066197832383,geom2,56
mixture,0.004500000000000002,507.89161581793365,1021.7832316358673,1030.5866534352594,14.712229892123652,0.06797066160494794,0.06797066164238223,geom2,56
mixture,0.005500000000000003,507.89161581793365,1021.7832316358673,1030.5866534352594,14.712229887096738,0.06797066053816135,0.06797066167167248,geom2,56
mixture,0.008500000000000006,507.89161581793365,1021.7832316358673,1030.5866534352594,14.712229737297342,0.06797065923606485,0.06797066238427278,geom2,56
mixture,0.05,507.89161581793365,1021.7832316358673,1030.5866534352594,14.71222973305365,0.06797065657895605,0.06797066268228541,geom2,56
mixture,0.0037500000000000016,507.8916158179337,1021.7832316358674,1030.5866534352594,14.712229659944475,0.06797066204818948,0.06797066271739362,geom2,56
mixture,0.006500000000000004,507.8916158179337,1021.7832316358674,1030.5866534352594,14.712229660962848,0.06797066061531985,0.06797066272388488,geom2,56
mixture,0.005750000000000003,507.8916158179337,1021.7832316358674,1030.5866534352594,14.712229973611526,0.06797066012951045,0.06797066127231001,geom2,56
mixture,0.003250000000000001,507.8916158179337,1021.7832316358674,1030.5866534352594,14.712229732752231,0.06797066209853093,0.06797066237942438,geom2,56
mixture,0.007250000000000005,507.8916158179337,1021.7832316358674,1030.5866534352594,14.71222983876998,0.06797065947580894,0.0679706619063296,geom2,56
mixture,0.45,507.8916158179337,1021.7832316358674,1030.5866534352594,14.712230731625876,0.06797065423420334,0.06797066065147865,geom2,56
mixture,0.0027500000000000007,507.8916158179337,1021.7832316358674,1030.5866534352594,14.712229870655836,0.06797065994434384,0.06797066174635083,geom2,56
mixture,0.002,507.89161581793377,1021.7832316358675,1030.5866534352597,14.712229824089707,0.06797066044390514,0.06797066195956265,geom2,56
mixture,0.003000000000000001,507.89161581793377,1021.7832316358675,1030.5866534352597,14.712229743166162,0.06797066336788053,0.06797066232727719,geom2,56
mixture,0.009500000000000007,507.89161581793377,1021.7832316358675,1030.5866534352597,14.712229764716366,0.06797065993148571,0.06797066225289017,geom2,56
mixture,0.007750000000000005,507.89161581793377,1021.7832316358675,1030.5866534352597,14.712229901925726,0.06797065923667722,0.0679706616153629,geom2,56
mixture,0.008250000000000006,507.89161581793377,1021.7832316358675,1030.5866534352597,14.71222969197583,0.06797066083209548,0.06797066258133008,geom2,56
mixture,0.008000000000000005,507.89161581793377,1021.7832316358675,1030.5866534352597,14.712229847682844,0.06797066049480274,0.06797066185843989,geom2,56
mixture,0.009250000000000006,507.89161581793377,1021.7832316358675,1030.5866534352597,14.712229828777767,0.06797065996015518,0.06797066195330913,geom2,56
mixture,0.0070000000000000045,507.89161581793377,1021.7832316358675,1030.5866534352597,14.712229691401381,0.06797066033881992,0.06797066258527806,geom2,56
mixture,0.007500000000000005,507.89161581793377,1021.7832316358675,1030.5866534352597,14.712229921666157,0.0679706590745835,0.06797066152409845,geom2,56
mixture,0.006000000000000004,507.89161581793377,1021.7832316358675,1030.5866534352597,14.71222977849388,0.067970660627141,0.0679706621764806,geom2,56
mixture,0.005000000000000003,507.89161581793377,1021.7832316358675,1030.5866534352597,14.712229691841555,0.06797065974766858,0.06797066258168935,geom2,56
mixture,0.0025000000000000005,507.89161581793377,1021.7832316358675,1030.5866534352597,14.712229784138701,0.06797066165735798,0.06797066214231783,geom2,56
mixture,0.0047500000000000025,507.8916158179338,1021.7832316358677,1030.5866534352597,14.71222975141009,0.06797066361679278,0.06797066228599065,geom2,56
mixture,0.005250000000000003,507.8916158179338,1021.7832316358677,1030.5866534352597,14.71222973732983,0.06797066229548863,0.06797066235768948,geom2,56
mixture,0.008750000000000006,507.8916158179338,1021.7832316358677,1030.5866534352597,14.7122297864272,0.0679706596873865,0.06797066215209877,geom2,56
mixture,0.006750000000000004,507.8916158179338,1021.7832316358677,1030.5866534352597,14.712229783746356,0.06797066204855184,0.06797066214355936,geom2,56
mixture,0.004250000000000002,507.8916158179338,1021.7832316358677,1030.5866534352597,14.712229664792464,0.06797066251717512,0.0679706626932346,geom2,56
mixture,0.004000000000000002,507.8916158179338,1021.7832316358677,1030.5866534352597,14.712229618037425,0.067970663624565,0.06797066290561936,geom2,56
mixture,0.35000000000000003,507.8916158179338,1021.7832316358677,1030.5866534352597,14.712230812991116,0.06797064665202915,0.0679706631685955,geom2,56
mixture,0.25,507.8916158179338,1021.7832316358677,1030.5866534352597,14.712231047775889,0.0679706596618025,0.06797065518351701,geom2,56
mixture,0.3,507.8916158179338,1021.7832316358677,1030.5866534352597,14.71223079269745,0.06797066077343607,0.06797065607074651,geom2,56
mixture,0.010000000000000007,507.8916158179338,1021.7832316358677,1030.5866534352597,14.71222975260201,0.06797065899344747,0.06797066232007153,geom2,56
mixture,0.5,507.8916158179339,1021.7832316358678,1030.58665343526,14.712230976621738,0.06797065663182122,0.06797065663182122,geom2,56
mixture,0.0035000000000000014,507.8916158179339,1021.7832316358678,1030.58665343526,14.712229909210874,0.0679706618266661,0.0679706615623455,geom2,56
mixture,0.4,507.8916158179339,1021.7832316358678,1030.58665343526,14.712230827654293,0.06797065904840391,0.06797065616781801,geom2,56
mixture,0.2,507.8916158179339,1021.7832316358678,1030.58665343526,14.712230988229093,0.06797065996903008,0.06797065573048645,geom2,56
mixture,0.009000000000000006,507.89161581793394,1021.7832316358679,1030.58665343526,14.7122296358758,0.06797066109811158,0.06797066284177461,geom2,56
mixture,0.15000000000000002,507.891615817934,1021.783231635868,1030.5866534352601,14.71223101451,0.0679706583177422,0.06797065612837147,geom2,56
mixture,0.1,507.891615817934,1021.783231635868,1030.5866534352601,14.71223112114456,0.06797064207403844,0.06797065750746756,geom2,56
null,,507.89161581793394,1017.7832316358679,1020.7177055689986,14.712231203804464,0.06797065558223474,,geom2,56
sum,,507.79444631043094,1017.5888926208619,1020.5233665539926,22.273200841277905,0.08979400914364725,,geom2,56
mixture,0.002,455.0293031489988,916.0586062979976,924.4951593641148,15.373984376450334,0.06504494624771508,0.06504494707026491,geom2,57
mixture,0.005750000000000003,455.0293031489988,916.0586062979976,924.4951593641148,15.373984186034724,0.06504494769712492,0.06504494787526308,geom2,57
mixture,0.005000000000000003,455.0293031489988,916.0586062979976,924.4951593641148,15.37398410475395,0.06504494475175363,0.06504494823554412,geom2,57
mixture,0.007750000000000005,455.0293031489988,916.0586062979976,924.4951593641148,15.37398416722971,0.0650449477839445,0.06504494795512655,geom2,57
mixture,0.009750000000000007,455.0293031489988,916.0586062979976,924.4951593641148,15.373984174290493,0.06504494764010844,0.06504494792672127,geom2,57
mixture,0.004250000000000002,455.02930314899885,916.0586062979977,924.4951593641149,15.373984121208247,0.0650449468349245,0.06504494815411614,geom2,57
mixture,0.004500000000000002,455.02930314899885,916.0586062979977,924.4951593641149,15.373984314118944,0.06504494659516938,0.06504494733566651,geom2,57
mixture,0.0022500000000000003,455.02930314899885,916.0586062979977,924.4951593641149,15.373984133913938,0.06504494718894749,0.06504494809679642,geom2,57
mixture,0.005500000000000003,455.02930314899885,916.0586062979977,924.4951593641149,15.3739840562355,0.06504494543276093,0.0650449484399387,geom2,57
mixture,0.0070000000000000045,455.02930314899885,916.0586062979977,924.4951593641149,15.373984240043121,0.06504494695207844,0.06504494765062746,geom2,57
mixture,0.007250000000000005,455.02930314899885,916.0586062979977,924.4951593641149,15.373984161708862,0.06504494703675025,0.06504494798402549,geom2,57
mixture,0.009250000000000006,455.02930314899885,916.0586062979977,924.4951593641149,15.37398419986885,0.06504494435566378,0.06504494784801297,geom2,57
mixture,0.006250000000000004,455.02930314899885,916.0586062979977,924.4951593641149,15.373983946520605,0.06504494696919613,0.06504494889965132,geom2,57
mixture,0.0035000000000000014,455.02930314899885,916.0586062979977,924.4951593641149,15.373984213514813,0.06504494727007978,0.06504494775968842,geom2,57
mixture,0.0025000000000000005,455.02930314899885,916.0586062979977,924.4951593641149,15.373984065425002,0.06504494706060845,0.06504494838783793,geom2,57
mixture,0.15000000000000002,455.02930314899885,916.0586062979977,924.4951593641149,15.373984589695375,0.06504495008495803,0.06504494547490519,geom2,57
mixture,0.008750000000000006,455.0293031489989,916.0586062979978,924.495159364115,15.373984338960788,0.06504494873075607,0.06504494721396031,geom2,57
mixture,0.008500000000000006,455.0293031489989,916.0586062979978,924.495159364115,15.373984114094904,0.06504494470441545,0.06504494820838881,geom2,57
mixture,0.008250000000000006,455.0293031489989,916.0586062979978,924.495159364115,15.37398407432269,0.06504494665490741,0.06504494836094997,geom2,57
mixture,0.0047500000000000025,455.0293031489989,916.0586062979978,924.495159364115,15.373983935556275,0.06504494800385487,0.0650449489384135,geom2,57
mixture,0.0027500000000000007,455.0293031489989,916.0586062979978,924.495159364115,15.373984442097703,0.06504494768242237,0.06504494678841745,geom2,57
mixture,0.0037500000000000016,455.0293031489989,916.0586062979978,924.495159364115,15.373984200795007,0.06504494562377607,0.06504494782002625,geom2,57
mixture,0.006500000000000004,455.0293031489989,916.0586062979978,924.495159364115,15.373984147574367,0.06504494566488302,0.06504494805247797,geom2,57
mixture,0.008000000000000005,455.0293031489989,916.0586062979978,924.495159364115,15.373984182672064,0.06504494450723583,0.06504494791573366,geom2,57
mixture,0.4,455.0293031489989,916.0586062979978,924.495159364115,15.373984167775964,0.06504494972117922,0.0650449467716952,geom2,57
mixture,0.3,455.0293031489989,916.0586062979978,924.495159364115,15.373984267755985,0.06504495119308966,0.06504494595794566,geom2,57
mixture,0.5,455.0293031489989,916.0586062979978,924.495159364115,15.37398439707944,0.06504494698134126,0.06504494698134126,geom2,57
mixture,0.45,455.0293031489989,916.0586062979978,924.495159364115,15.373984252367311,0.06504494594255224,0.06504494894444983,geom2,57
mixture,0.010000000000000007,455.0293031489989,916.0586062979978,924.495159364115,15.373984005127639,0.06504494665192814,0.06504494865970646,geom2,57
mixture,0.004000000000000002,455.0293031489989,916.0586062979978,924.495159364115,15.37398405646071,0.06504494693282975,0.06504494842842878,geom2,57
mixture,0.009000000000000006,455.02930314899896,916.0586062979979,924.4951593641151,15.373983971769656,0.06504494715090207,0.06504494879556309,geom2,57
mixture,0.005250000000000003,455.02930314899896,916.0586062979979,924.4951593641151,15.373984057244963,0.06504494685499992,0.06504494842738336,geom2,57
mixture,0.006000000000000004,455.02930314899896,916.0586062979979,924.4951593641151,15.37398426335519,0.06504494702890855,0.06504494755023582,geom2,57
mixture,0.003000000000000001,455.02930314899896,916.0586062979979,924.4951593641151,15.373984274479605,0.06504494869042647,0.06504494749646028,geom2,57
mixture,0.007500000000000005,455.02930314899896,916.0586062979979,924.4951593641151,15.373984438806854,0.06504494722505508,0.0650449468016233,geom2,57
mixture,0.009500000000000007,455.02930314899896,916.0586062979979,924.4951593641151,15.373984292447112,0.06504494924866588,0.0650449474065241,geom2,57
mixture,0.006750000000000004,455.029303148999,916.058606297998,924.4951593641152,15.373984066882663,0.06504494698995007,0.06504494838778813,geom2,57
mixture,0.003250000000000001,455.029303148999,916.058606297998,924.4951593641152,15.373984225171512,0.06504494528571343,0.06504494771655733,geom2,57
mixture,0.35000000000000003,455.029303148999,916.058606297998,924.4951593641152,15.37398455116407,0.06504494981039742,0.0650449444550678,geom2,57
mixture,0.25,455.029303148999,916.058606297998,924.4951593641152,15.373984510006611,0.06504495021064116,0.06504494526787157,geom2,57
mixture,0.05,455.0293031489991,916.0586062979982,924.4951593641154,15.373984662384126,0.06504493737357768,0.06504494630547307,geom2,57
mixture,0.1,455.02930314899913,916.0586062979983,924.4951593641155,15.373984740658758,0.06504494762933921,0.06504494529419612,geom2,57
mixture,0.2,455.02930314899913,916.0586062979983,924.4951593641155,15.373984668822274,0.06504494957323292,0.06504494489624114,geom2,57
null,,455.02930314899936,912.0586062979987,914.8707906533712,15.373985031460382,0.06504494429737386,,geom2,57
sum,,454.3232586297457,910.6465172594914,913.4587016148638,23.114888484929946,0.08652431965241478,,geom2,57
mixture,0.5,460.29585535130445,926.5917107026089,935.1943140539756,13.19230799586029,0.07580174752695262,0.07580174752695262,geom2,58
mixture,0.3,460.29585535130457,926.5917107026091,935.1943140539759,13.192308227139298,0.07580173667469975,0.07580175027948004,geom2,58
mixture,0.45,460.29585535130457,926.5917107026091,935.1943140539759,13.192308200289599,0.07580174604634782,0.07580174660266319,geom2,58
mixture,0.2,460.29585535130457,926.5917107026091,935.1943140539759,13.192308215757228,0.07580173456131578,0.07580174918897879,geom2,58
mixture,0.25,460.29585535130457,926.5917107026091,935.1943140539759,13.192308068670295,0.07580174993540222,0.07580174616632365,geom2,58
mixture,0.4,460.29585535130457,926.5917107026091,935.1943140539759,13.192308077787693,0.0758017485503708,0.07580174606009542,geom2,58
mixture,0.15000000000000002,460.2958553513046,926.5917107026092,935.194314053976,13.192308202833063,0.07580174911201955,0.07580174584812217,geom2,58
mixture,0.35000000000000003,460.2958553513047,926.5917107026094,935.1943140539761,13.192308192391302,0.07580174117044075,0.0758017492123847,geom2,58
mixture,0.005750000000000003,460.2958553513052,926.5917107026104,935.1943140539771,13.19230630814311,0.07580175639788178,0.07580175722919638,geom2,58
mixture,0.0027500000000000007,460.29585535130525,926.5917107026105,935.1943140539772,13.192306382448894,0.07580175553444597,0.07580175680094511,geom2,58
mixture,0.007250000000000005,460.29585535130525,926.5917107026105,935.1943140539772,13.192306274367382,0.07580175780635608,0.07580175741565591,geom2,58
mixture,0.003000000000000001,460.2958553513053,926.5917107026106,935.1943140539773,13.192306262280653,0.07580175703945183,0.07580175748928722,geom2,58
mixture,0.005500000000000003,460.29585535130536,926.5917107026107,935.1943140539775,13.1923062774347,0.07580175601533069,0.07580175740852656,geom2,58
mixture,0.005000000000000003,460.29585535130536,926.5917107026107,935.1943140539775,13.192306271725307,0.07580175440160042,0.07580175744890613,geom2,58
mixture,0.006250000000000004,460.29585535130536,926.5917107026107,935.1943140539775,13.19230617244354,0.07580175670465485,0.07580175801230618,geom2,58
mixture,0.0047500000000000025,460.29585535130536,926.5917107026107,935.1943140539775,13.192306248309636,0.07580175600597959,0.07580175757566988,geom2,58
mixture,0.006500000000000004,460.29585535130536,926.5917107026107,935.1943140539775,13.192306225904986,0.07580175820475951,0.07580175769362653,geom2,58
mixture,0.008250000000000006,460.29585535130536,926.5917107026107,935.1943140539775,13.192306253075278,0.07580175510913474,0.07580175756105931,geom2,58
mixture,0.008750000000000006,460.29585535130536,926.5917107026107,935.1943140539775,13.192306188521485,0.07580175774828768,0.07580175791319392,geom2,58
mixture,0.008500000000000006,460.29585535130536,926.5917107026107,935.1943140539775,13.192306168509333,0.07580175779079545,0.07580175802876166,geom2,58
mixture,0.007500000000000005,460.29585535130536,926.5917107026107,935.1943140539775,13.192306240666653,0.07580175563402285,0.07580175762707765,geom2,58
mixture,0.0070000000000000045,460.2958553513054,926.5917107026108,935.1943140539776,13.19230616667153,0.07580175675858729,0.07580175804631287,geom2,58
mixture,0.004250000000000002,460.2958553513054,926.5917107026108,935.1943140539776,13.192306194765667,0.0758017565736852,0.07580175788143041,geom2,58
mixture,0.009250000000000006,460.2958553513054,926.5917107026108,935.1943140539776,13.192306235471598,0.07580175555335288,0.0758017576614802,geom2,58
mixture,0.009750000000000007,460.2958553513054,926.5917107026108,935.1943140539776,13.192306140774722,0.07580175552884134,0.07580175821226279,geom2,58
mixture,0.009500000000000007,460.2958553513054,926.5917107026108,935.1943140539776,13.19230615583427,0.07580175751354094,0.07580175810518933,geom2,58
mixture,0.008000000000000005,460.2958553513054,926.5917107026108,935.1943140539776,13.19230628340066,0.0758017551309345,0.07580175738461356,geom2,58
mixture,0.0025000000000000005,460.2958553513055,926.591710702611,935.1943140539777,13.19230610766074,0.07580175878544866,0.07580175837534402,geom2,58
mixture,0.0037500000000000016,460.2958553513055,926.591710702611,935.1943140539777,13.192306101621055,0.07580175985661054,0.07580175840563157,geom2,58
mixture,0.003250000000000001,460.2958553513055,926.591710702611,935.1943140539777,13.192306124900657,0.07580175730707256,0.07580175828047388,geom2,58
mixture,0.004500000000000002,460.2958553513055,926.591710702611,935.1943140539777,13.1923061425336,0.07580175895583348,0.07580175817246794,geom2,58
mixture,0.0022500000000000003,460.2958553513055,926.591710702611,935.1943140539777,13.192306134526971,0.07580175804701443,0.07580175822239302,geom2,58
mixture,0.010000000000000007,460.2958553513055,926.591710702611,935.1943140539777,13.192306096696392,0.07580175669227517,0.07580175845701681,geom2,58
mixture,0.006000000000000004,460.2958553513055,926.591710702611,935.1943140539777,13.192306089477237,0.07580175763137015,0.07580175848597763,geom2,58
mixture,0.006750000000000004,460.2958553513055,926.591710702611,935.1943140539777,13.192306206696447,0.07580175727296824,0.07580175781095073,geom2,58
mixture,0.009000000000000006,460.2958553513055,926.591710702611,935.1943140539777,13.19230618674125,0.07580175760792719,0.0758017579248322,geom2,58
mixture,0.005250000000000003,460.2958553513055,926.591710702611,935.1943140539777,13.192306214870376,0.0758017573869795,0.07580175776232329,geom2,58
mixture,0.007750000000000005,460.2958553513055,926.591710702611,935.1943140539777,13.192306166912566,0.0758017570845476,0.07580175804334449,geom2,58
mixture,0.004000000000000002,460.29585535130553,926.5917107026111,935.1943140539778,13.192306100944823,0.0758017568961644,0.07580175842105788,geom2,58
mixture,0.002,460.29585535130553,926.5917107026111,935.1943140539778,13.192306106983281,0.07580175689911785,0.07580175838323011,geom2,58
mixture,0.0035000000000000014,460.29585535130553,926.5917107026111,935.1943140539778,13.192306123494559,0.07580175969384166,0.07580175828044274,geom2,58
mixture,0.05,460.2958553513056,926.5917107026112,935.1943140539779,13.19230606919923,0.07580175310971342,0.07580175888618933,geom2,58
mixture,0.1,460.2958553513057,926.5917107026114,935.1943140539781,13.19230596369429,0.07580175224666327,0.07580175997657866,geom2,58
null,,460.29585535130445,922.5917107026089,925.4592451530644,13.19230789699917,0.07580174809499922,,geom2,58
sum,,459.5289235105757,921.0578470211514,923.9253814716069,19.871193070525987,0.10064820934010785,,geom2,58
mixture,0.3,471.033390913435,948.06678182687,956.6693851782368,14.284615981606539,0.07000537768149666,0.07000538399923166,geom2,59
mixture,0.002,471.0333909134351,948.0667818268702,956.6693851782369,14.284614621420417,0.07000538737101417,0.07000538877265187,geom2,59
mixture,0.35000000000000003,471.0333909134351,948.0667818268702,956.6693851782369,14.284615944664562,0.07000538397208238,0.07000538137650116,geom2,59
mixture,0.45,471.0333909134351,948.0667818268702,956.6693851782369,14.284615882429652,0.07000538368722176,0.07000538169218681,geom2,59
mixture,0.4,471.0333909134351,948.0667818268702,956.6693851782369,14.28461601593226,0.07000537992076211,0.07000538327897389,geom2,59
mixture,0.003250000000000001,471.03339091343514,948.0667818268703,956.669385178237,14.284614724603806,0.07000538729452256,0.0700053882673338,geom2,59
mixture,0.008000000000000005,471.03339091343514,948.0667818268703,956.669385178237,14.284614624606084,0.07000538929995838,0.07000538874983545,geom2,59
mixture,0.009250000000000006,471.03339091343514,948.0667818268703,956.669385178237,14.284614572337915,0.07000538769305825,0.07000538902268898,geom2,59
mixture,0.5,471.03339091343514,948.0667818268703,956.669385178237,14.284616110565008,0.07000538147191737,0.07000538147191737,geom2,59
mixture,0.2,471.03339091343514,948.0667818268703,956.669385178237,14.284616126901728,0.07000537491083397,0.07000538301211062,geom2,59
mixture,0.010000000000000007,471.03339091343514,948.0667818268703,956.669385178237,14.28461624411154,0.07000538309652295,0.0700053807944177,geom2,59
mixture,0.0025000000000000005,471.0333909134352,948.0667818268704,956.6693851782371,14.284614544880776,0.07000539127252707,0.07000538913961832,geom2,59
mixture,0.004000000000000002,471.03339091343526,948.0667818268705,956.6693851782372,14.284614439445823,0.0700053897690337,0.0700053896612302,geom2,59
mixture,0.003000000000000001,471.03339091343526,948.0667818268705,956.6693851782372,14.28461453924942,0.07000538823788897,0.07000538917536091,geom2,59
mixture,0.0027500000000000007,471.03339091343526,948.0667818268705,956.6693851782372,14.28461451181403,0.0700053893394832,0.07000538930691302,geom2,59
mixture,0.0022500000000000003,471.03339091343526,948.0667818268705,956.6693851782372,14.284614298256114,0.07000539154509176,0.07000539035091063,geom2,59
mixture,0.008500000000000006,471.03339091343526,948.0667818268705,956.6693851782372,14.284614557675749,0.07000538869175861,0.07000538908559317,geom2,59
mixture,0.008750000000000006,471.03339091343526,948.0667818268705,956.6693851782372,14.284614544081746,0.07000538806223104,0.07000538915845843,geom2,59
mixture,0.006250000000000004,471.03339091343526,948.0667818268705,956.6693851782372,14.284616270803259,0.07000538164900674,0.07000538068057653,geom2,59
mixture,0.006500000000000004,471.03339091343526,948.0667818268705,956.6693851782372,14.284614468674363,0.07000538885242556,0.07000538952277681,geom2,59
mixture,0.007250000000000005,471.03339091343526,948.0667818268705,956.6693851782372,14.284614411237495,0.0700053878993661,0.07000538981378303,geom2,59
mixture,0.0070000000000000045,471.03339091343526,948.0667818268705,956.6693851782372,14.284614552282987,0.07000538882843131,0.0700053891106497,geom2,59
mixture,0.25,471.03339091343526,948.0667818268705,956.6693851782372,14.284616124177738,0.07000537471402667,0.07000538363559772,geom2,59
mixture,0.1,471.03339091343526,948.0667818268705,956.6693851782372,14.284616255653907,0.07000537196789518,0.07000538173787008,geom2,59
mixture,0.05,471.03339091343526,948.0667818268705,956.6693851782372,14.284614446763806,0.07000538622302552,0.07000538980489106,geom2,59
mixture,0.004250000000000002,471.03339091343526,948.0667818268705,956.6693851782372,14.284614542867578,0.07000538952702277,0.07000538915322815,geom2,59
mixture,0.004500000000000002,471.03339091343526,948.0667818268705,956.6693851782372,14.284614579187567,0.07000538701738335,0.07000538898567876,geom2,59
mixture,0.0047500000000000025,471.03339091343526,948.0667818268705,956.6693851782372,14.284614597543367,0.07000538903058122,0.07000538888617824,geom2,59
mixture,0.005000000000000003,471.03339091343526,948.0667818268705,956.6693851782372,14.284614526394343,0.07000538773462253,0.07000538924309041,geom2,59
mixture,0.005750000000000003,471.03339091343526,948.0667818268705,956.6693851782372,14.284614580136454,0.070005389890466,0.07000538896686044,geom2,59
mixture,0.0035000000000000014,471.03339091343526,948.0667818268705,956.6693851782372,14.284614441998938,0.07000538892821055,0.07000538965168138,geom2,59
mixture,0.0037500000000000016,471.03339091343526,948.0667818268705,956.6693851782372,14.284616264948328,0.07000538101365256,0.07000538071419984,geom2,59
mixture,0.005250000000000003,471.0333909134353,948.0667818268706,956.6693851782373,14.284614563284892,0.07000538812085222,0.07000538905968541,geom2,59
mixture,0.005500000000000003,471.0333909134353,948.0667818268706,956.6693851782373,14.28461439628858,0.07000538980152907,0.07000538987356066,geom2,59
mixture,0.15000000000000002,471.0333909134353,948.0667818268706,956.6693851782373,14.284616196081961,0.07000537203632888,0.07000538264396558,geom2,59
mixture,0.009500000000000007,471.0333909134353,948.0667818268706,956.6693851782373,14.284614302393626,0.07000539013911926,0.07000539033518322,geom2,59
mixture,0.007500000000000005,471.0333909134353,948.0667818268706,956.6693851782373,14.284614340418326,0.0700053899908182,0.07000539014815088,geom2,59
mixture,0.006000000000000004,471.0333909134353,948.0667818268706,956.6693851782373,14.28461636394977,0.07000537975616167,0.07000538023300219,geom2,59
mixture,0.006750000000000004,471.03339091343537,948.0667818268707,956.6693851782375,14.28461632730407,0.07000538002820589,0.07000538041232549,geom2,59
mixture,0.007750000000000005,471.03339091343537,948.0667818268707,956.6693851782375,14.284614557083133,0.07000538746010015,0.07000538909784233,geom2,59
mixture,0.009750000000000007,471.03339091343537,948.0667818268707,956.6693851782375,14.284614495388148,0.07000538710098551,0.07000538941001484,geom2,59
mixture,0.009000000000000006,471.03339091343537,948.0667818268707,956.6693851782375,14.28461438495149,0.07000538987377702,0.07000538992922378,geom2,59
mixture,0.008250000000000006,471.03339091343537,948.0667818268707,956.6693851782375,14.284614356698182,0.07000539069711273,0.07000539006194718,geom2,59
null,,471.03339091343537,944.0667818268707,946.9343162773263,14.28461635878966,0.07000538025542957,,geom2,59
sum,,469.8916389130525,941.783277826105,944.6508122765605,21.453121782100094,0.09322652527282747,,geom2,59
mixture,0.006500000000000004,452.75901761987336,911.5180352397467,919.9300983739465,15.549180617514828,0.064312070522848,0.06431207049396973,geom2,60
mixture,0.0037500000000000016,452.7590176198734,911.5180352397468,919.9300983739466,15.549180794914472,0.06431206946671937,0.06431206976153053,geom2,60
mixture,0.004500000000000002,452.7590176198734,911.5180352397468,919.9300983739466,15.549180730819794,0.0643120694676458,0.06431207002804509,geom2,60
mixture,0.005000000000000003,452.7590176198734,911.5180352397468,919.9300983739466,15.549180874337374,0.06431206970462647,0.06431206943055817,geom2,60
mixture,0.007250000000000005,452.7590176198734,911.5180352397468,919.9300983739466,15.549180690134563,0.06431206965413695,0.06431207019774025,geom2,60
mixture,0.007500000000000005,452.7590176198734,911.5180352397468,919.9300983739466,15.54918094198121,0.06431206715273598,0.06431206916725968,geom2,60
mixture,0.004000000000000002,452.7590176198734,911.5180352397468,919.9300983739466,15.549180889736771,0.06431206774178165,0.0643120693747679,geom2,60
mixture,0.0047500000000000025,452.7590176198735,911.518035239747,919.9300983739467,15.549180915983715,0.06431206983652239,0.06431206925692438,geom2,60
mixture,0.005750000000000003,452.7590176198735,911.518035239747,919.9300983739467,15.549180763315078,0.06431206946502553,0.06431206989358564,geom2,60
mixture,0.005250000000000003,452.7590176198735,911.518035239747,919.9300983739467,15.549180732788907,0.06431207197779777,0.06431207000703244,geom2,60
mixture,0.009500000000000007,452.7590176198735,911.518035239747,919.9300983739467,15.549180708151038,0.06431206981760548,0.06431207012217564,geom2,60
mixture,0.0070000000000000045,452.7590176198735,911.518035239747,919.9300983739467,15.549180723944614,0.0643120712489249,0.0643120700455356,geom2,60
mixture,0.006250000000000004,452.7590176198735,911.518035239747,919.9300983739467,15.549180863527267,0.06431206953306927,0.06431206947628466,geom2,60
mixture,0.0022500000000000003,452.7590176198735,911.518035239747,919.9300983739467,15.549180721040798,0.064312069571867,0.06431207006708387,geom2,60
mixture,0.0027500000000000007,452.7590176198735,911.518035239747,919.9300983739467,15.549180891120002,0.06431206933878048,0.0643120693625803,geom2,60
mixture,0.0025000000000000005,452.7590176198735,911.518035239747,919.9300983739467,15.54918092430305,0.06431206818921904,0.06431206922786498,geom2,60
mixture,0.009000000000000006,452.7590176198735,911.518035239747,919.9300983739467,15.549180844668344,0.06431206984643219,0.0643120695519909,geom2,60
mixture,0.008250000000000006,452.7590176198735,911.518035239747,919.9300983739467,15.549180838507452,0.06431206846763411,0.06431206958937696,geom2,60
mixture,0.009750000000000007,452.7590176198735,911.518035239747,919.9300983739467,15.54918073836532,0.06431206748395926,0.06431207001903162,geom2,60
mixture,0.010000000000000007,452.7590176198735,911.518035239747,919.9300983739467,15.549180776506372,0.06431206939835052,0.06431206984098804,geom2,60
mixture,0.5,452.7590176198735,911.518035239747,919.9300983739467,15.549181006750272,0.06431206888426316,0.06431206888426316,geom2,60
mixture,0.003000000000000001,452.75901761987353,911.5180352397471,919.9300983739469,15.54918088505301,0.06431206922527885,0.06431206938809664,geom2,60
mixture,0.002,452.75901761987353,911.5180352397471,919.9300983739469,15.549180833942504,0.06431206922368425,0.06431206959975554,geom2,60
mixture,0.004250000000000002,452.75901761987353,911.5180352397471,919.9300983739469,15.549180765417194,0.06431206731364827,0.06431206989339089,geom2,60
mixture,0.008750000000000006,452.75901761987353,911.5180352397471,919.9300983739469,15.549180800741823,0.06431206924403075,0.0643120697406684,geom2,60
mixture,0.007750000000000005,452.75901761987353,911.5180352397471,919.9300983739469,15.549180983107185,0.06431206816437407,0.06431206898843847,geom2,60
mixture,0.006000000000000004,452.75901761987353,911.5180352397471,919.9300983739469,15.549180866219174,0.06431206989868994,0.06431206946289093,geom2,60
mixture,0.006750000000000004,452.75901761987353,911.5180352397471,919.9300983739469,15.549180912544868,0.06431206993484483,0.06431206926940901,geom2,60
mixture,0.008000000000000005,452.75901761987353,911.5180352397471,919.9300983739469,15.549180894506009,0.06431206777714633,0.06431206936118247,geom2,60
mixture,0.008500000000000006,452.75901761987353,911.5180352397471,919.9300983739469,15.54918069957334,0.06431207038160447,0.06431207015281525,geom2,60
mixture,0.003250000000000001,452.75901761987353,911.5180352397471,919.9300983739469,15.549180814833582,0.06431206888611966,0.06431206968062084,geom2,60
mixture,0.0035000000000000014,452.75901761987353,911.5180352397471,919.9300983739469,15.549180948974909,0.06431206801520732,0.06431206912711619,geom2,60
mixture,0.45,452.75901761987353,911.5180352397471,919.9300983739469,15.54918097483978,0.0643120683501973,0.0643120695611955,geom2,60
mixture,0.009250000000000006,452.75901761987353,911.5180352397471,919.9300983739469,15.5491809616935,0.06431206568069121,0.06431206910226948,geom2,60
mixture,0.3,452.7590176198736,911.5180352397472,919.930098373947,15.549181065709552,0.0643120700102563,0.06431206805332602,geom2,60
mixture,0.35000000000000003,452.7590176198736,911.5180352397472,919.930098373947,15.549181196361742,0.0643120632290091,0.0643120707228756,geom2,60
mixture,0.2,452.7590176198736,911.5180352397472,919.930098373947,15.549181240475313,0.06431207204264958,0.06431206688629587,geom2,60
mixture,0.4,452.7590176198736,911.5180352397472,919.930098373947,15.549181134677806,0.06431206571404752,0.06431207011588426,geom2,60
mixture,0.005500000000000003,452.75901761987365,911.5180352397473,919.9300983739471,15.549180801180793,0.06431206800571482,0.06431206974406817,geom2,60
mixture,0.15000000000000002,452.75901761987365,911.5180352397473,919.9300983739471,15.549181207803478,0.06431207085339574,0.06431206755845799,geom2,60
mixture,0.25,452.75901761987365,911.5180352397473,919.9300983739471,15.549181123475824,0.06431207257646425,0.06431206700982052,geom2,60
mixture,0.1,452.7590176198738,911.5180352397476,919.9300983739474,15.549181298311979,0.06431205442585528,0.06431206915085161,geom2,60
mixture,0.05,452.7590176198739,911.5180352397477,919.9300983739475,15.549181519606458,0.06431205834023497,0.06431206720637549,geom2,60
null,,452.75901761987376,907.5180352397475,910.3220562844808,15.549181538878868,0.06431206668335691,,geom2,60
sum,,452.03640538713256,906.0728107742651,908.8768318189984,23.418358572511266,0.08540308210788192,,geom2,60
mixture,0.002,461.131671536417,928.263343072834,936.9117488405931,12.60606041199528,0.07932692414844225,0.07932692429842973,geom2,61
mixture,0.0022500000000000003,461.131671536417,928.263343072834,936.9117488405931,12.606060456597417,0.07932692443234006,0.07932692401652358,geom2,61
mixture,0.0037500000000000016,461.131671536417,928.263343072834,936.9117488405931,12.606060469200328,0.07932692408638918,0.0793269239375941,geom2,61
mixture,0.009000000000000006,461.131671536417,928.263343072834,936.9117488405931,12.606060432938628,0.07932692458382556,0.07932692416254676,geom2,61
mixture,0.008000000000000005,461.131671536417,928.263343072834,936.9117488405931,12.606060469843165,0.07932692418441573,0.07932692393208823,geom2,61
mixture,0.008250000000000006,461.131671536417,928.263343072834,936.9117488405931,12.606060378364248,0.07932692457437499,0.07932692450922431,geom2,61
mixture,0.007250000000000005,461.131671536417,928.263343072834,936.9117488405931,12.606060481495179,0.07932692304992155,0.07932692386670519,geom2,61
mixture,0.006750000000000004,461.131671536417,928.263343072834,936.9117488405931,12.60606037433532,0.0793269250737585,0.07932692453145433,geom2,61
mixture,0.1,461.131671536417,928.263343072834,936.9117488405931,12.606060222833035,0.07932692845592874,0.07932692515876633,geom2,61
mixture,0.006250000000000004,461.13167153641706,928.2633430728341,936.9117488405932,12.606060464077945,0.07932692294313483,0.07932692397684671,geom2,61
mixture,0.008500000000000006,461.13167153641706,928.2633430728341,936.9117488405932,12.606060473931587,0.07932692458206024,0.07932692390260401,geom2,61
mixture,0.007750000000000005,461.13167153641706,928.2633430728341,936.9117488405932,12.606060381216661,0.07932692615542683,0.07932692447881853,geom2,61
mixture,0.0047500000000000025,461.13167153641706,928.2633430728341,936.9117488405932,12.606060432322453,0.07932692280735944,0.07932692417672017,geom2,61
mixture,0.008750000000000006,461.13167153641706,928.2633430728341,936.9117488405932,12.606060157765599,0.07932692870915328,0.07932692587312111,geom2,61
mixture,0.0025000000000000005,461.13167153641706,928.2633430728341,936.9117488405932,12.606060390796983,0.07932692432809854,0.0793269244317848,geom2,61
mixture,0.0035000000000000014,461.1316715364171,928.2633430728342,936.9117488405933,12.606060299355162,0.0793269259772756,0.07932692500353902,geom2,61
mixture,0.003250000000000001,461.1316715364171,928.2633430728342,936.9117488405933,12.606060276537262,0.07932692611920518,0.07932692514737626,geom2,61
mixture,0.0070000000000000045,461.1316715364171,928.2633430728342,936.9117488405933,12.606060185566735,0.07932692726773805,0.07932692571210102,geom2,61
mixture,0.006000000000000004,461.1316715364171,928.2633430728342,936.9117488405933,12.606060397617775,0.07932692601373524,0.07932692437879431,geom2,61
mixture,0.005500000000000003,461.1316715364171,928.2633430728342,936.9117488405933,12.606060288422713,0.07932692673410953,0.07932692506657092,geom2,61
mixture,0.005000000000000003,461.1316715364171,928.2633430728342,936.9117488405933,12.606060159351827,0.07932692774711227,0.07932692587861213,geom2,61
mixture,0.004500000000000002,461.1316715364171,928.2633430728342,936.9117488405933,12.606060199052875,0.07932692875188804,0.07932692562405015,geom2,61
mixture,0.004000000000000002,461.1316715364171,928.2633430728342,936.9117488405933,12.606060235381111,0.07932692488384514,0.07932692541163167,geom2,61
mixture,0.005750000000000003,461.1316715364171,928.2633430728342,936.9117488405933,12.606060463844585,0.07932692385448768,0.07932692397253323,geom2,61
mixture,0.007500000000000005,461.1316715364171,928.2633430728342,936.9117488405933,12.606060304302119,0.07932692545677779,0.07932692497218262,geom2,61
mixture,0.009250000000000006,461.1316715364171,928.2633430728342,936.9117488405933,12.606060301453285,0.07932692584798183,0.07932692498576864,geom2,61
mixture,0.009750000000000007,461.1316715364171,928.2633430728342,936.9117488405933,12.606060311934158,0.0793269245206112,0.07932692493179956,geom2,61
mixture,0.006500000000000004,461.1316715364171,928.2633430728342,936.9117488405933,12.606060290855497,0.07932692593163083,0.07932692505473363,geom2,61
mixture,0.2,461.1316715364171,928.2633430728342,936.9117488405933,12.606061006452254,0.07932692322490217,0.07932691989046739,geom2,61
mixture,0.25,461.1316715364171,928.2633430728342,936.9117488405933,12.606061053594228,0.07932692268096794,0.07932691945394563,geom2,61
mixture,0.05,461.1316715364171,928.2633430728342,936.9117488405933,12.606060329330354,0.07932692613148509,0.07932692474920644,geom2,61
mixture,0.0027500000000000007,461.1316715364171,928.2633430728342,936.9117488405933,12.606060275456704,0.07932692503904126,0.07932692515766059,geom2,61
mixture,0.3,461.1316715364171,928.2633430728342,936.9117488405933,12.606061095824593,0.07932692226034369,0.07932691902407506,geom2,61
mixture,0.4,461.1316715364171,928.2633430728342,936.9117488405933,12.606061101370102,0.07932691594409572,0.07932692263736817,geom2,61
mixture,0.5,461.1316715364171,928.2633430728342,936.9117488405933,12.606061073872207,0.07932692013309672,0.07932692013309672,geom2,61
mixture,0.35000000000000003,461.1316715364172,928.2633430728343,936.9117488405934,12.60606106547114,0.07932691506121968,0.07932692294543985,geom2,61
mixture,0.009500000000000007,461.13167153641723,928.2633430728345,936.9117488405935,12.606060281834518,0.07932692336809771,0.07932692513397617,geom2,61
mixture,0.003000000000000001,461.13167153641723,928.2633430728345,936.9117488405935,12.606060197602059,0.07932692709873312,0.07932692564288753,geom2,61
mixture,0.004250000000000002,461.13167153641723,928.2633430728345,936.9117488405935,12.606060253651838,0.07932692585867389,0.07932692529213943,geom2,61
mixture,0.005250000000000003,461.13167153641723,928.2633430728345,936.9117488405935,12.606060244653888,0.07932692670396624,0.07932692534402948,geom2,61
mixture,0.010000000000000007,461.13167153641723,928.2633430728345,936.9117488405935,12.606060223930584,0.07932692546851161,0.0793269254817079,geom2,61
mixture,0.15000000000000002,461.13167153641723,928.2633430728345,936.9117488405935,12.606061147043288,0.07932690818619972,0.07932692169966939,geom2,61
mixture,0.45,461.13167153641723,928.2633430728345,936.9117488405935,12.606061128449937,0.07932692005413024,0.07932691957326099,geom2,61
null,,461.13167153641723,924.2633430728345,927.1461449954209,12.606061234470344,0.07932691912249115,,geom2,61
sum,,460.4860775918486,922.9721551836972,925.8549571062836,19.044830926802018,0.10501537176606678,,geom2,61
mixture,0.45,469.14813354706905,944.2962670941381,952.9446728618972,13.36363668672757,0.07482993046019962,0.07482992992098923,geom2,62
mixture,0.5,469.14813354706905,944.2962670941381,952.9446728618972,13.363636809080928,0.07482992947851402,0.07482992947851402,geom2,62
mixture,0.4,469.1481335470691,944.2962670941382,952.9446728618973,13.363636818161755,0.0748299304801361,0.07482992872601889,geom2,62
mixture,0.35000000000000003,469.1481335470691,944.2962670941382,952.9446728618973,13.363636908155637,0.07482992974777994,0.07482992848003138,geom2,62
mixture,0.25,469.14813354706916,944.2962670941383,952.9446728618974,13.363637014732134,0.0748299298114756,0.07482992783212994,geom2,62
mixture,0.3,469.14813354706916,944.2962670941383,952.9446728618974,13.363636973069148,0.07482992127660412,0.07482993168182578,geom2,62
mixture,0.2,469.1481335470692,944.2962670941384,952.9446728618975,13.36363700203102,0.07482993128461692,0.07482992767645388,geom2,62
mixture,0.15000000000000002,469.1481335470693,944.2962670941386,952.9446728618976,13.363637136299792,0.0748299162651098,0.0748299296546822,geom2,62
mixture,0.1,469.14813354706934,944.2962670941387,952.9446728618977,13.363637073853926,0.07482991877334569,0.07482992902064262,geom2,62
mixture,0.009750000000000007,469.14813354706973,944.2962670941395,952.9446728618985,13.363635004878216,0.0748299373796211,0.07482993960285814,geom2,62
mixture,0.005250000000000003,469.1481335470698,944.2962670941396,952.9446728618987,13.36363498360846,0.07482994008916063,0.07482993969822961,geom2,62
mixture,0.0022500000000000003,469.1481335470698,944.2962670941396,952.9446728618987,13.363634956952858,0.07482993893183817,0.07482993985161006,geom2,62
mixture,0.0047500000000000025,469.14813354706985,944.2962670941397,952.9446728618988,13.363634997937053,0.07482993695901824,0.07482993963274896,geom2,62
mixture,0.005000000000000003,469.14813354706985,944.2962670941397,952.9446728618988,13.36363502219993,0.0748299389078306,0.07482993948708457,geom2,62
mixture,0.006000000000000004,469.14813354706985,944.2962670941397,952.9446728618988,13.363634931423844,0.07482993624764488,0.07482994001509549,geom2,62
mixture,0.003250000000000001,469.14813354706985,944.2962670941397,952.9446728618988,13.363634899652466,0.07482993862256036,0.07482994017544213,geom2,62
mixture,0.006750000000000004,469.14813354706985,944.2962670941397,952.9446728618988,13.363634964393755,0.07482993857362012,0.07482993981626296,geom2,62
mixture,0.008000000000000005,469.14813354706985,944.2962670941397,952.9446728618988,13.36363499823822,0.07482993749391817,0.07482993963549497,geom2,62
mixture,0.010000000000000007,469.14813354706985,944.2962670941397,952.9446728618988,13.363634925033862,0.07482993881467839,0.07482994004053013,geom2,62
mixture,0.002,469.14813354706985,944.2962670941397,952.9446728618988,13.363634890868664,0.07482993822242694,0.07482994022358264,geom2,62
mixture,0.009250000000000006,469.1481335470699,944.2962670941398,952.9446728618989,13.363634957278641,0.07482993956127858,0.07482993985039062,geom2,62
mixture,0.05,469.1481335470699,944.2962670941398,952.9446728618989,13.363634879729993,0.07482993148317393,0.07482994074504515,geom2,62
mixture,0.007250000000000005,469.1481335470699,944.2962670941398,952.9446728618989,13.363634913469793,0.07482993878898936,0.07482994010254816,geom2,62
mixture,0.005750000000000003,469.14813354706996,944.2962670941399,952.944672861899,13.363634809305761,0.07482994016429514,0.07482994067925444,geom2,62
mixture,0.009500000000000007,469.14813354706996,944.2962670941399,952.944672861899,13.363634909548171,0.07482993626215802,0.07482994015193696,geom2,62
mixture,0.007750000000000005,469.14813354706996,944.2962670941399,952.944672861899,13.363634887477753,0.07482993976451176,0.07482994024227042,geom2,62
mixture,0.004000000000000002,469.14813354706996,944.2962670941399,952.944672861899,13.36363494822265,0.07482993648496261,0.07482993991213423,geom2,62
mixture,0.0027500000000000007,469.14813354706996,944.2962670941399,952.944672861899,13.363634899879425,0.07482994020227222,0.07482994016903298,geom2,62
mixture,0.009000000000000006,469.14813354706996,944.2962670941399,952.944672861899,13.363634855259379,0.0748299398120191,0.07482994042448744,geom2,62
mixture,0.003000000000000001,469.14813354707,944.29626709414,952.9446728618991,13.363634799388825,0.07482994052244366,0.07482994073245354,geom2,62
mixture,0.0037500000000000016,469.1481335470701,944.2962670941401,952.9446728618992,13.363634786230188,0.07482994062066535,0.07482994080620133,geom2,62
mixture,0.005500000000000003,469.1481335470701,944.2962670941401,952.9446728618992,13.363634741953033,0.07482994233727532,0.07482994104633622,geom2,62
mixture,0.004500000000000002,469.1481335470701,944.2962670941401,952.9446728618992,13.363634810659725,0.07482994129271757,0.07482994066589116,geom2,62
mixture,0.004250000000000002,469.1481335470701,944.2962670941401,952.9446728618992,13.363634785067275,0.07482994101525448,0.07482994081114988,geom2,62
mixture,0.008250000000000006,469.1481335470701,944.2962670941401,952.9446728618992,13.363634770141804,0.07482993866055186,0.07482994091418528,geom2,62
mixture,0.008750000000000006,469.1481335470701,944.2962670941401,952.9446728618992,13.363634749099244,0.07482993720481786,0.07482994104704048,geom2,62
mixture,0.006500000000000004,469.1481335470701,944.2962670941401,952.9446728618992,13.363634803356815,0.07482994143280412,0.07482994070487313,geom2,62
mixture,0.006250000000000004,469.1481335470701,944.2962670941401,952.9446728618992,13.363634798789587,0.0748299426397771,0.07482994072320036,geom2,62
mixture,0.0070000000000000045,469.1481335470701,944.2962670941401,952.9446728618992,13.363634752352748,0.07482993891386082,0.07482994100987507,geom2,62
mixture,0.007500000000000005,469.1481335470701,944.2962670941401,952.9446728618992,13.363634782785947,0.07482993916748405,0.0748299408373154,geom2,62
mixture,0.0025000000000000005,469.1481335470701,944.2962670941401,952.9446728618992,13.363634733800486,0.07482994023777499,0.07482994110124541,geom2,62
mixture,0.0035000000000000014,469.1481335470702,944.2962670941404,952.9446728618994,13.363634731801783,0.07482993957602302,0.07482994111566728,geom2,62
mixture,0.008500000000000006,469.1481335470702,944.2962670941404,952.9446728618994,13.36363472203871,0.07482993842321875,0.07482994118845152,geom2,62
null,,469.14813354706894,940.2962670941379,943.1790690167243,13.363636306045432,0.07482993229527062,,geom2,62
sum,,468.4622943364682,938.9245886729364,941.8073905955227,20.149827323600142,0.09925643370936157,,geom2,62
mixture,0.45,443.8441019296091,893.6882038592182,902.1731450711251,13.320000186812203,0.07507507476695474,0.07507507341276733,geom2,63
mixture,0.35000000000000003,443.8441019296092,893.6882038592184,902.1731450711253,13.32000043115418,0.07507507393847646,0.07507507194847442,geom2,63
mixture,0.15000000000000002,443.8441019296093,893.6882038592186,902.1731450711254,13.320000483460149,0.07507507418362269,0.07507507202661334,geom2,63
mixture,0.2,443.8441019296093,893.6882038592186,902.1731450711254,13.320000632750293,0.07507507471303282,0.07507507070764899,geom2,63
mixture,0.5,443.8441019296093,893.6882038592186,902.1731450711254,13.320000510465096,0.07507507219795766,0.07507507219795766,geom2,63
mixture,0.25,443.84410192960934,893.6882038592187,902.1731450711255,13.320000584790842,0.07507507315911353,0.07507507131901277,geom2,63
mixture,0.4,443.84410192960934,893.6882038592187,902.1731450711255,13.320000593867295,0.07507507184086752,0.07507507165255607,geom2,63
mixture,0.3,443.84410192960934,893.6882038592187,902.1731450711255,13.320000501696185,0.07507506836279075,0.07507507391220634,geom2,63
mixture,0.1,443.84410192960945,893.6882038592189,902.1731450711258,13.32000087606441,0.07507506213380032,0.07507507102662514,geom2,63
mixture,0.005250000000000003,443.84410192960974,893.6882038592195,902.1731450711263,13.319998666010896,0.0750750842384261,0.07507508258511457,geom2,63
mixture,0.0047500000000000025,443.84410192960974,893.6882038592195,902.1731450711263,13.31999869472392,0.07507508215164212,0.07507508243329802,geom2,63
mixture,0.0025000000000000005,443.8441019296098,893.6882038592196,902.1731450711264,13.319998596158907,0.07507508213355961,0.07507508298963919,geom2,63
mixture,0.009750000000000007,443.8441019296099,893.6882038592198,902.1731450711267,13.319998651544804,0.075075080787801,0.07507508269391383,geom2,63
mixture,0.006250000000000004,443.84410192960996,893.6882038592199,902.1731450711268,13.31999872634922,0.07507508116503124,0.07507508226055853,geom2,63
mixture,0.006000000000000004,443.84410192960996,893.6882038592199,902.1731450711268,13.319998533310411,0.07507508600745053,0.0750750833256391,geom2,63
mixture,0.007750000000000005,443.84410192960996,893.6882038592199,902.1731450711268,13.319998611207875,0.0750750831259812,0.07507508290093486,geom2,63
mixture,0.0070000000000000045,443.84410192960996,893.6882038592199,902.1731450711268,13.319998471161888,0.07507508030914813,0.0750750837158627,geom2,63
mixture,0.008500000000000006,443.84410192960996,893.6882038592199,902.1731450711268,13.319998483054908,0.07507508459943006,0.07507508361662966,geom2,63
mixture,0.004000000000000002,443.84410192960996,893.6882038592199,902.1731450711268,13.31999855249408,0.07507508584467586,0.07507508322311943,geom2,63
mixture,0.0035000000000000014,443.84410192961,893.68820385922,902.1731450711269,13.319998577026787,0.07507508203989681,0.07507508309903975,geom2,63
mixture,0.008000000000000005,443.84410192961,893.68820385922,902.1731450711269,13.319998427169315,0.07507508631466384,0.0750750839208189,geom2,63
mixture,0.006750000000000004,443.8441019296101,893.6882038592202,902.173145071127,13.319998498933197,0.075075082015714,0.07507508354581735,geom2,63
mixture,0.007500000000000005,443.8441019296101,893.6882038592202,902.173145071127,13.319998440420964,0.07507508043238324,0.0750750838912211,geom2,63
mixture,0.002,443.8441019296101,893.6882038592202,902.173145071127,13.319998459145602,0.07507508483237248,0.07507508375759317,geom2,63
mixture,0.009000000000000006,443.8441019296101,893.6882038592202,902.173145071127,13.319998461845318,0.0750750834801741,0.07507508374692717,geom2,63
mixture,0.006500000000000004,443.8441019296101,893.6882038592202,902.173145071127,13.319998419602312,0.07507508565076773,0.07507508397170541,geom2,63
mixture,0.003000000000000001,443.84410192961013,893.6882038592203,902.1731450711271,13.319998401812033,0.07507508571063856,0.07507508407799215,geom2,63
mixture,0.005750000000000003,443.84410192961013,893.6882038592203,902.1731450711271,13.31999839137035,0.07507508382853352,0.07507508414355359,geom2,63
mixture,0.009500000000000007,443.84410192961013,893.6882038592203,902.1731450711271,13.319998455069907,0.07507508344774261,0.07507508378592719,geom2,63
mixture,0.007250000000000005,443.84410192961013,893.6882038592203,902.1731450711271,13.319998467077241,0.0750750849007824,0.07507508370637844,geom2,63
mixture,0.05,443.84410192961013,893.6882038592203,902.1731450711271,13.319998464891958,0.0750750826064469,0.07507508378634986,geom2,63
mixture,0.0027500000000000007,443.8441019296102,893.6882038592204,902.1731450711272,13.31999840107079,0.07507508543297946,0.07507508408335646,geom2,63
mixture,0.005500000000000003,443.8441019296102,893.6882038592204,902.1731450711272,13.319998466549732,0.07507508610824669,0.07507508370479206,geom2,63
mixture,0.004500000000000002,443.8441019296102,893.6882038592204,902.1731450711272,13.319998420219807,0.0750750810122901,0.07507508399255011,geom2,63
mixture,0.009250000000000006,443.8441019296102,893.6882038592204,902.1731450711272,13.319998468865561,0.07507508212112492,0.07507508371974567,geom2,63
mixture,0.010000000000000007,443.84410192961025,893.6882038592205,902.1731450711274,13.319998335819127,0.07507508156107835,0.07507508448407377,geom2,63
mixture,0.004250000000000002,443.84410192961025,893.6882038592205,902.1731450711274,13.319998424050482,0.07507508508631709,0.07507508395273049,geom2,63
mixture,0.008750000000000006,443.84410192961025,893.6882038592205,902.1731450711274,13.319998408114063,0.07507508259133942,0.07507508406022288,geom2,63
mixture,0.003250000000000001,443.84410192961025,893.6882038592205,902.1731450711274,13.319998394030963,0.07507508529162023,0.07507508412294811,geom2,63
mixture,0.005000000000000003,443.8441019296103,893.6882038592206,902.1731450711275,13.31999835820448,0.07507508592063297,0.07507508432067417,geom2,63
mixture,0.0037500000000000016,443.84410192961036,893.6882038592207,902.1731450711276,13.319998297785862,0.07507508641328339,0.0750750846626446,geom2,63
mixture,0.008250000000000006,443.84410192961036,893.6882038592207,902.1731450711276,13.319998347662235,0.07507508438550142,0.07507508438811444,geom2,63
mixture,0.0022500000000000003,443.84410192961053,893.6882038592211,902.1731450711279,13.319998179482393,0.07507508430711445,0.07507508533831982,geom2,63
null,,443.8441019296091,889.6882038592182,892.5165175965205,13.319999928469684,0.07507507547823902,,geom2,63
sum,,442.84766420333773,887.6953284066755,890.5236421439778,20.048246481862986,0.09975934812101082,,geom2,63
mixture,0.35000000000000003,581.9998664550881,1169.9997329101761,1179.2439460051296,12.670849380100332,0.05955944961236137,0.09566747126019676,geom2,64
mixture,0.4,582.0043062972226,1170.0086125944451,1179.2528256893986,12.650952456013941,0.06088962706527539,0.0986568035413404,geom2,64
mixture,0.15000000000000002,582.0078476442368,1170.0156952884736,1179.259908383427,12.975528202474283,0.05235224876400469,0.08407249734243824,geom2,64
mixture,0.45,582.0111677274508,1170.0223354549016,1179.266548549855,12.6596049869365,0.062113615367706224,0.10157315414276655,geom2,64
mixture,0.1,582.0203046686579,1170.0406093373158,1179.2848224322693,13.117131535848221,0.04937747597034392,0.08114016985968339,geom2,64
mixture,0.5,582.0204690282692,1170.0409380565384,1179.2851511514918,12.69897423873077,0.10432627311393736,0.06324056558343755,geom2,64
mixture,0.05,582.0467658982493,1170.0935317964986,1179.337744891452,13.330987107654234,0.044712991598915945,0.07778759705915199,geom2,64
mixture,0.3,582.0793645945464,1170.1587291890928,1179.4029422840463,13.128636366210822,0.11267205335302193,0.066882974016788,geom2,64
mixture,0.25,582.0982348863515,1170.196469772703,1179.4406828676565,13.284299517364662,0.11409260680771668,0.06760961305070125,geom2,64
mixture,0.2,582.1181881741508,1170.2363763483015,1179.480589443255,13.451461678719355,0.1153005257225035,0.06827765395467637,geom2,64
mixture,0.010000000000000007,582.1998088146015,1170.399617629203,1179.6438307241565,14.148113058044231,0.1184697300881575,0.07039397647530626,geom2,64
mixture,0.009750000000000007,582.1999194644939,1170.3998389289877,1179.6440520239412,14.149059918233112,0.1184481044871012,0.07039652546768105,geom2,64
mixture,0.009500000000000007,582.2000301179496,1170.4000602358992,1179.6442733308527,14.1500091874895,0.11845263458587742,0.0703989688462846,geom2,64
mixture,0.009250000000000006,582.2001407754419,1170.4002815508838,1179.6444946458373,14.150957555099177,0.11848906941568062,0.07040131129529621,geom2,64
mixture,0.009000000000000006,582.2002514364121,1170.4005028728243,1179.6447159677778,14.151896746000213,0.11847722408831456,0.07040385994977098,geom2,64
mixture,0.008750000000000006,582.2003621015313,1170.4007242030625,1179.644937298016,14.152877986608923,0.11846191926182513,0.07040620590500794,geom2,64
mixture,0.008500000000000006,582.2004727705273,1170.4009455410546,1179.645158636008,14.153817925458297,0.11849519350542606,0.0704086075258215,geom2,64
mixture,0.008250000000000006,582.2005834439235,1170.401166887847,1179.6453799828005,14.154795133865525,0.11845583089137458,0.07041104112952538,geom2,64
mixture,0.008000000000000005,582.2006941196623,1170.4013882393247,1179.6456013342781,14.155742671225024,0.11847357698312633,0.07041345227428525,geom2,64
mixture,0.007750000000000005,582.2008048003078,1170.4016096006155,1179.645822695569,14.156700763859016,0.11846986751757127,0.07041587198976289,geom2,64
mixture,0.007500000000000005,582.2009154842222,1170.4018309684443,1179.6460440633978,14.157652385423718,0.11847841208240713,0.07041828960860666,geom2,64
mixture,0.007250000000000005,582.2032669993914,1170.4065339987828,1179.6507470937363,14.13248904869061,0.1780874093347695,0.07044887809583437,geom2,64
mixture,0.0070000000000000045,582.2033001649012,1170.4066003298024,1179.6508134247558,14.134345967417948,0.1780887271411894,0.07045031584838744,geom2,64
mixture,0.006750000000000004,582.2033333706704,1170.4066667413408,1179.6508798362943,14.136202373002304,0.1780904348695495,0.07045175518923573,geom2,64
mixture,0.006500000000000004,582.2033666158198,1170.4067332316397,1179.6509463265932,14.138059150324365,0.1780925601705306,0.07045319171421548,geom2,64
mixture,0.006250000000000004,582.203399899362,1170.406799798724,1179.6510128936775,14.13991552765997,0.17809512966244917,0.07045462930311551,geom2,64
mixture,0.006000000000000004,582.2034332203282,1170.4068664406564,1179.6510795356098,14.141771762050599,0.17809817673615255,0.07045606669257398,geom2,64
mixture,0.005750000000000003,582.2034665775584,1170.4069331551168,1179.6511462500703,14.14362806685803,0.17810173554131828,0.07045750284295924,geom2,64
mixture,0.005500000000000003,582.2034999698498,1170.4069999396995,1179.651213034653,14.145484207063582,0.17810584453731843,0.07045893895544225,geom2,64
mixture,0.005250000000000003,582.2035333958468,1170.4070667916935,1179.651279886647,14.147340474539973,0.17811054611313287,0.07046037360334706,geom2,64
mixture,0.005000000000000003,582.2035668541068,1170.4071337082137,1179.6513468031671,14.149196601040906,0.17811588764330397,0.07046180815884047,geom2,64
mixture,0.0047500000000000025,582.2036003430385,1170.407200686077,1179.6514137810304,14.151052556731358,0.17812192228597235,0.07046324280668943,geom2,64
mixture,0.004500000000000002,582.2036338608245,1170.407267721649,1179.6514808166025,14.152908486822964,0.17812870797522887,0.07046467686340382,geom2,64
mixture,0.004250000000000002,582.2036674055548,1170.4073348111096,1179.6515479060631,14.154764608409183,0.17813631310550135,0.07046610928973848,geom2,64
mixture,0.004000000000000002,582.2037009749811,1170.4074019499621,1179.6516150449156,14.15662058648545,0.17814480979588038,0.07046754180827823,geom2,64
mixture,0.0037500000000000016,582.2037345666996,1170.4074691333992,1179.6516822283527,14.158476444465867,0.17815428399700886,0.07046897435677611,geom2,64
mixture,0.0035000000000000014,582.2037681779213,1170.4075363558427,1179.6517494507962,14.160332400635276,0.17816483039340464,0.0704704059105883,geom2,64
mixture,0.003250000000000001,582.2038018055835,1170.407603611167,1179.6518167061204,14.162188500012277,0.1781765599815237,0.07047183631576132,geom2,64
mixture,0.003000000000000001,582.2038354461772,1170.4076708923544,1179.6518839873079,14.164044434330442,0.17818959837832488,0.07047326718885792,geom2,64
mixture,0.0027500000000000007,582.2038690956986,1170.4077381913971,1179.6519512863506,14.165900756988812,0.17820409196840903,0.07047469586439031,geom2,64
mixture,0.0025000000000000005,582.2039027495794,1170.4078054991587,1179.6520185941122,14.167757122335647,0.1782202106791555,0.07047612416948242,geom2,64
mixture,0.0022500000000000003,582.20393640258,1170.40787280516,1179.6520859001134,14.169613481163067,0.17823815696596076,0.0704775524690665,geom2,64
mixture,0.002,582.2039700486658,1170.4079400973317,1179.6521531922851,14.171469980400577,0.17825817627278057,0.07047898016974266,geom2,64
null,,582.2042376936465,1166.408475387293,1169.4898797522776,14.186336301534405,0.07049036331472272,,geom2,64
sum,,583.2197980350487,1168.4395960700974,1171.521000435082,21.58644176301867,0.09265074911171085,,geom2,64
mixture,0.5,435.7373756703507,877.4747513407013,885.8868144749011,13.590164441821058,0.07358262692706621,0.07358262692706621,geom2,65
mixture,0.15000000000000002,435.7373756703507,877.4747513407013,885.8868144749011,13.59016430951676,0.07358263133819166,0.07358262699139564,geom2,65
mixture,0.35000000000000003,435.73737567035073,877.4747513407015,885.8868144749013,13.590164603179371,0.07358262228886414,0.07358262808046916,geom2,65
mixture,0.3,435.73737567035073,877.4747513407015,885.8868144749013,13.59016442640235,0.07358262157352934,0.07358262934070098,geom2,65
mixture,0.2,435.73737567035073,877.4747513407015,885.8868144749013,13.590164403637148,0.0735826291511554,0.07358262662947279,geom2,65
mixture,0.45,435.73737567035073,877.4747513407015,885.8868144749013,13.59016432293917,0.07358262850823925,0.0735826268036964,geom2,65
mixture,0.0022500000000000003,435.7373756703508,877.4747513407016,885.8868144749014,13.590164715470264,0.07358262515637522,0.07358262544607098,geom2,65
mixture,0.0070000000000000045,435.7373756703508,877.4747513407016,885.8868144749014,13.590164739032264,0.07358262668142371,0.07358262530823267,geom2,65
mixture,0.25,435.7373756703508,877.4747513407016,885.8868144749014,13.590164614160933,0.07358261930831633,0.07358262822249309,geom2,65
mixture,0.1,435.7373756703508,877.4747513407016,885.8868144749014,13.590164769472144,0.07358262938908935,0.07358262468235816,geom2,65
mixture,0.005000000000000003,435.73737567035084,877.4747513407017,885.8868144749015,13.590164751243787,0.07358262447351631,0.07358262525563751,geom2,65
mixture,0.005750000000000003,435.73737567035084,877.4747513407017,885.8868144749015,13.590164788208222,0.07358262688371606,0.0735826250409909,geom2,65
mixture,0.008000000000000005,435.73737567035084,877.4747513407017,885.8868144749015,13.590164825601432,0.0735826250992563,0.07358262484710748,geom2,65
mixture,0.009750000000000007,435.73737567035084,877.4747513407017,885.8868144749015,13.590164707760495,0.07358262741771338,0.07358262546815476,geom2,65
mixture,0.006500000000000004,435.73737567035084,877.4747513407017,885.8868144749015,13.590164780938057,0.07358262378415852,0.0735826250994999,geom2,65
mixture,0.004250000000000002,435.73737567035084,877.4747513407017,885.8868144749015,13.59016484808281,0.07358262383478383,0.07358262473121126,geom2,65
mixture,0.4,435.73737567035084,877.4747513407017,885.8868144749015,13.590164573047327,0.07358262384788622,0.07358262779566647,geom2,65
mixture,0.004000000000000002,435.7373756703509,877.4747513407018,885.8868144749016,13.590164702208536,0.07358262677304107,0.07358262551218006,geom2,65
mixture,0.009000000000000006,435.7373756703509,877.4747513407018,885.8868144749016,13.590164777485755,0.07358262652195029,0.07358262509681611,geom2,65
mixture,0.006750000000000004,435.7373756703509,877.4747513407018,885.8868144749016,13.590164760785392,0.07358262562591272,0.0735826251971708,geom2,65
mixture,0.005250000000000003,435.7373756703509,877.4747513407018,885.8868144749016,13.590164714428997,0.07358262716126347,0.07358262544203104,geom2,65
mixture,0.002,435.7373756703509,877.4747513407018,885.8868144749016,13.590164762392684,0.07358262631163123,0.07358262518911726,geom2,65
mixture,0.007750000000000005,435.7373756703509,877.4747513407018,885.8868144749016,13.59016481818152,0.07358262518327079,0.07358262488700298,geom2,65
mixture,0.05,435.73737567035096,877.4747513407019,885.8868144749017,13.590164862641078,0.07358262490706123,0.07358262463497268,geom2,65
mixture,0.009250000000000006,435.73737567035096,877.4747513407019,885.8868144749017,13.590164853767758,0.07358262725869795,0.07358262467270037,geom2,65
mixture,0.009500000000000007,435.73737567035096,877.4747513407019,885.8868144749017,13.590164951816003,0.07358262477501755,0.07358262415990459,geom2,65
mixture,0.004500000000000002,435.73737567035096,877.4747513407019,885.8868144749017,13.590164903106723,0.07358262318420802,0.07358262443510888,geom2,65
mixture,0.008250000000000006,435.73737567035096,877.4747513407019,885.8868144749017,13.590164889940064,0.0735826217108149,0.07358262452397801,geom2,65
mixture,0.0035000000000000014,435.73737567035096,877.4747513407019,885.8868144749017,13.59016479096985,0.07358262303131517,0.07358262504367728,geom2,65
mixture,0.0047500000000000025,435.73737567035096,877.4747513407019,885.8868144749017,13.590164837071804,0.0735826233374905,0.07358262479393758,geom2,65
mixture,0.003000000000000001,435.73737567035096,877.4747513407019,885.8868144749017,13.590164810373357,0.07358262324211637,0.07358262493665924,geom2,65
mixture,0.003250000000000001,435.73737567035096,877.4747513407019,885.8868144749017,13.590164792533146,0.07358262703893623,0.07358262502161339,geom2,65
mixture,0.0025000000000000005,435.737375670351,877.474751340702,885.8868144749018,13.590164846483091,0.07358262326455504,0.07358262473975095,geom2,65
mixture,0.005500000000000003,435.737375670351,877.474751340702,885.8868144749018,13.590164995569467,0.0735826258283307,0.07358262391834439,geom2,65
mixture,0.006000000000000004,435.737375670351,877.474751340702,885.8868144749018,13.590164802222132,0.07358262538091617,0.0735826249732637,geom2,65
mixture,0.010000000000000007,435.73737567035107,877.4747513407021,885.8868144749019,13.590164983411785,0.07358262303527466,0.0735826240043668,geom2,65
mixture,0.006250000000000004,435.73737567035107,877.4747513407021,885.8868144749019,13.590164796832095,0.0735826281217085,0.07358262498529083,geom2,65
mixture,0.008500000000000006,435.73737567035107,877.4747513407021,885.8868144749019,13.590164979243806,0.07358262387004619,0.0735826240185049,geom2,65
mixture,0.0027500000000000007,435.73737567035107,877.4747513407021,885.8868144749019,13.590164988197449,0.07358262277421199,0.07358262397205845,geom2,65
mixture,0.0037500000000000016,435.7373756703511,877.4747513407023,885.886814474902,13.590165026978443,0.07358262155246317,0.07358262376709332,geom2,65
mixture,0.007500000000000005,435.7373756703511,877.4747513407023,885.886814474902,13.590164994866871,0.07358262366401518,0.07358262393468346,geom2,65
mixture,0.008750000000000006,435.7373756703511,877.4747513407023,885.886814474902,13.590165044330199,0.07358262231380854,0.07358262367676494,geom2,65
mixture,0.007250000000000005,435.7373756703512,877.4747513407024,885.8868144749022,13.590165016324145,0.07358262370107055,0.07358262381731791,geom2,65
null,,435.7373756703509,873.4747513407018,876.2787723854351,13.590163128581233,0.07358263403747653,,geom2,65
sum,,434.8834728564715,871.766945712943,874.5709667576763,20.46309359972356,0.09773693260275261,,geom2,65
mixture,0.5,416.48377930442,838.96755860884,847.279612482237,13.050847908906816,0.0766233739738496,0.0766233739738496,geom2,66
mixture,0.35000000000000003,416.48377930442007,838.9675586088401,847.2796124822371,13.05084794829383,0.07662337544381959,0.07662337282656312,geom2,66
mixture,0.25,416.48377930442007,838.9675586088401,847.2796124822371,13.050847768685664,0.07662337887245568,0.07662337343865863,geom2,66
mixture,0.2,416.48377930442007,838.9675586088401,847.2796124822371,13.050847816098218,0.07662337701748018,0.0766233738940575,geom2,66
mixture,0.4,416.48377930442007,838.9675586088401,847.2796124822371,13.050847722528477,0.0766233691234366,0.07662337903121477,geom2,66
mixture,0.3,416.4837793044201,838.9675586088402,847.2796124822372,13.050847945668187,0.07662336332036487,0.07662337823129933,geom2,66
mixture,0.45,416.4837793044202,838.9675586088404,847.2796124822373,13.05084791050099,0.07662337500267623,0.0766233731150649,geom2,66
mixture,0.15000000000000002,416.48377930442024,838.9675586088405,847.2796124822374,13.050848121298124,0.07662335985466448,0.07662337499843637,geom2,66
mixture,0.007500000000000005,416.4837793044207,838.9675586088414,847.2796124822383,13.050846160163998,0.07662338233670792,0.07662338425535728,geom2,66
mixture,0.003250000000000001,416.48377930442075,838.9675586088415,847.2796124822385,13.050846074597473,0.07662338388843662,0.0766233847461282,geom2,66
mixture,0.006500000000000004,416.48377930442075,838.9675586088415,847.2796124822385,13.050846012736496,0.07662338511737936,0.07662338510646441,geom2,66
mixture,0.005000000000000003,416.48377930442075,838.9675586088415,847.2796124822385,13.050846095039557,0.07662338540734444,0.07662338461938249,geom2,66
mixture,0.009750000000000007,416.48377930442075,838.9675586088415,847.2796124822385,13.050846081819884,0.07662338235705275,0.07662338472401478,geom2,66
mixture,0.005250000000000003,416.4837793044208,838.9675586088416,847.2796124822386,13.050845857050966,0.07662338489241956,0.07662338602654155,geom2,66
mixture,0.0027500000000000007,416.4837793044208,838.9675586088416,847.2796124822386,13.050845951736452,0.0766233863005304,0.07662338546237041,geom2,66
mixture,0.002,416.4837793044208,838.9675586088416,847.2796124822386,13.050845979389152,0.07662338903434,0.0766233852948434,geom2,66
mixture,0.009500000000000007,416.4837793044208,838.9675586088416,847.2796124822386,13.050846167157518,0.07662338209319833,0.07662338422011314,geom2,66
mixture,0.006000000000000004,416.48377930442086,838.9675586088417,847.2796124822387,13.050846012560813,0.07662338505371463,0.07662338510789188,geom2,66
mixture,0.008750000000000006,416.48377930442086,838.9675586088417,847.2796124822387,13.050846037324254,0.07662338126471027,0.07662338499481554,geom2,66
mixture,0.006750000000000004,416.48377930442086,838.9675586088417,847.2796124822387,13.050845937993213,0.07662338720263819,0.07662338553410125,geom2,66
mixture,0.0035000000000000014,416.48377930442086,838.9675586088417,847.2796124822387,13.050845972411542,0.07662338331610183,0.07662338535040902,geom2,66
mixture,0.006250000000000004,416.4837793044209,838.9675586088418,847.2796124822388,13.050846026346337,0.07662338423100387,0.07662338503163398,geom2,66
mixture,0.008500000000000006,416.4837793044209,838.9675586088418,847.2796124822388,13.050846012000097,0.07662337995457544,0.076623385155063,geom2,66
mixture,0.009250000000000006,416.4837793044209,838.9675586088418,847.2796124822388,13.050845956805002,0.07662338432343829,0.07662338544529435,geom2,66
mixture,0.008000000000000005,416.4837793044209,838.9675586088418,847.2796124822388,13.050845949819898,0.07662338581105192,0.0766233854732251,geom2,66
mixture,0.0037500000000000016,416.483779304421,838.967558608842,847.2796124822389,13.050845959730282,0.07662338518436522,0.07662338541862089,geom2,66
mixture,0.0025000000000000005,416.483779304421,838.967558608842,847.2796124822389,13.05084596260206,0.0766233845550123,0.0766233854030018,geom2,66
mixture,0.0070000000000000045,416.483779304421,838.967558608842,847.2796124822389,13.050845902514963,0.07662338536095013,0.07662338575643013,geom2,66
mixture,0.005500000000000003,416.483779304421,838.967558608842,847.2796124822389,13.050845910579044,0.07662338402920925,0.07662338571559149,geom2,66
mixture,0.0047500000000000025,416.483779304421,838.967558608842,847.2796124822389,13.05084593933551,0.07662338386004525,0.07662338554548892,geom2,66
mixture,0.005750000000000003,416.483779304421,838.967558608842,847.2796124822389,13.050845957120764,0.07662338779182312,0.07662338541942199,geom2,66
mixture,0.0022500000000000003,416.48377930442103,838.9675586088421,847.279612482239,13.050845943355947,0.07662338711868547,0.07662338551025955,geom2,66
mixture,0.007750000000000005,416.48377930442103,838.9675586088421,847.279612482239,13.050845851554998,0.07662338625552093,0.07662338605127209,geom2,66
mixture,0.004000000000000002,416.48377930442103,838.9675586088421,847.279612482239,13.050845880032155,0.07662338449821125,0.07662338589123364,geom2,66
mixture,0.008250000000000006,416.48377930442103,838.9675586088421,847.279612482239,13.050845910383709,0.07662338739084253,0.07662338569345982,geom2,66
mixture,0.010000000000000007,416.4837793044211,838.9675586088422,847.2796124822391,13.050845929097932,0.07662338673151835,0.07662338558613552,geom2,66
mixture,0.007250000000000005,416.4837793044211,838.9675586088422,847.2796124822391,13.050845766385544,0.07662338829771581,0.07662338654015477,geom2,66
mixture,0.1,416.4837793044211,838.9675586088422,847.2796124822391,13.050845730803841,0.07662338020248584,0.0766233874906154,geom2,66
mixture,0.009000000000000006,416.4837793044211,838.9675586088422,847.2796124822391,13.050845822535864,0.076623388362097,0.07662338620380589,geom2,66
mixture,0.004250000000000002,416.48377930442115,838.9675586088423,847.2796124822393,13.050845834781816,0.0766233870082989,0.07662338614767512,geom2,66
mixture,0.004500000000000002,416.48377930442115,838.9675586088423,847.2796124822393,13.050845811911284,0.07662338669056705,0.0766233862837784,geom2,66
mixture,0.003000000000000001,416.48377930442115,838.9675586088423,847.2796124822393,13.050845871672085,0.07662338506470777,0.07662338593736269,geom2,66
mixture,0.05,416.4837793044212,838.9675586088424,847.2796124822394,13.050845764520773,0.07662338328376461,0.07662338673648127,geom2,66
null,,416.4837793044202,834.9675586088404,837.738243233306,13.050847885240277,0.0766233741127992,,geom2,66
sum,,416.6777561510448,835.3555123020896,838.1261969265552,19.80990254665071,0.1009596082206948,,geom2,66
mixture,0.4,547.4949659904073,1100.9899319808146,1110.1007897880554,13.37662391943189,0.07475727815842673,0.07475727876076681,geom2,67
mixture,0.25,547.4949659904073,1100.9899319808146,1110.1007897880554,13.376623828529263,0.07475728151013132,0.07475727820042798,geom2,67
mixture,0.5,547.4949659904073,1100.9899319808146,1110.1007897880554,13.37662391135034,0.07475727856499573,0.07475727856499573,geom2,67
mixture,0.45,547.4949659904073,1100.9899319808146,1110.1007897880554,13.376623875367239,0.07475727713253126,0.07475728010264304,geom2,67
mixture,0.35000000000000003,547.4949659904073,1100.9899319808146,1110.1007897880554,13.376623876963977,0.07475728148714032,0.07475727728718465,geom2,67
mixture,0.3,547.4949659904073,1100.9899319808146,1110.1007897880554,13.376623808489319,0.07475728046456769,0.07475727857211392,geom2,67
mixture,0.1,547.4949659904074,1100.9899319808148,1110.1007897880556,13.376623989651009,0.07475726970703023,0.07475727906299746,geom2,67
mixture,0.15000000000000002,547.4949659904075,1100.989931980815,1110.1007897880559,13.376624070183702,0.07475727926750649,0.07475727739671245,geom2,67
mixture,0.2,547.4949659904075,1100.989931980815,1110.1007897880559,13.37662403213185,0.07475727135445943,0.07475727952387289,geom2,67
mixture,0.0022500000000000003,547.494965990408,1100.989931980816,1110.1007897880568,13.376621996658695,0.07475728902403664,0.07475728926608466,geom2,67
mixture,0.004250000000000002,547.494965990408,1100.989931980816,1110.1007897880568,13.376622003431272,0.07475728760494292,0.0747572892346166,geom2,67
mixture,0.004000000000000002,547.494965990408,1100.989931980816,1110.1007897880568,13.37662206364364,0.0747572892863787,0.07475728888959736,geom2,67
mixture,0.005750000000000003,547.4949659904081,1100.9899319808162,1110.100789788057,13.376621966325864,0.07475728825184529,0.07475728944190252,geom2,67
mixture,0.008000000000000005,547.4949659904081,1100.9899319808162,1110.100789788057,13.376621959099264,0.07475728913340648,0.07475728947820505,geom2,67
mixture,0.0070000000000000045,547.4949659904081,1100.9899319808162,1110.100789788057,13.376621969017366,0.07475728822201136,0.07475728942846299,geom2,67
mixture,0.0047500000000000025,547.4949659904081,1100.9899319808162,1110.100789788057,13.376621990949376,0.07475728755188472,0.07475728930577845,geom2,67
mixture,0.006750000000000004,547.4949659904081,1100.9899319808162,1110.100789788057,13.376621965514053,0.0747572881761807,0.07475728944818263,geom2,67
mixture,0.009750000000000007,547.4949659904082,1100.9899319808164,1110.1007897880572,13.376621941427471,0.0747572880024874,0.07475728958968332,geom2,67
mixture,0.006250000000000004,547.4949659904082,1100.9899319808164,1110.1007897880572,13.376621860192294,0.0747572877210144,0.07475729004271395,geom2,67
mixture,0.009000000000000006,547.4949659904082,1100.9899319808164,1110.1007897880572,13.376621857768576,0.07475729037898478,0.07475729003868595,geom2,67
mixture,0.006500000000000004,547.4949659904082,1100.9899319808164,1110.1007897880572,13.376621913629243,0.07475728971445224,0.07475728972966166,geom2,67
mixture,0.05,547.4949659904082,1100.9899319808164,1110.1007897880572,13.376621930779596,0.07475728394584281,0.07475728993307718,geom2,67
mixture,0.010000000000000007,547.4949659904082,1100.9899319808164,1110.1007897880572,13.37662183712449,0.07475729097010024,0.07475729014890935,geom2,67
mixture,0.007750000000000005,547.4949659904082,1100.9899319808164,1110.1007897880572,13.376621886636814,0.07475729033131043,0.07475728987689235,geom2,67
mixture,0.005500000000000003,547.4949659904082,1100.9899319808164,1110.1007897880572,13.376621936820762,0.07475728741208774,0.07475728961205327,geom2,67
mixture,0.008250000000000006,547.4949659904082,1100.9899319808164,1110.1007897880572,13.376622028313573,0.07475728729922267,0.07475728910351738,geom2,67
mixture,0.009250000000000006,547.4949659904082,1100.9899319808164,1110.1007897880572,13.37662193230436,0.07475728826407611,0.07475728963790194,geom2,67
mixture,0.0035000000000000014,547.4949659904082,1100.9899319808164,1110.1007897880572,13.376621860797137,0.07475729013474772,0.07475729002443698,geom2,67
mixture,0.0027500000000000007,547.4949659904082,1100.9899319808164,1110.1007897880572,13.376621980949677,0.07475729066810514,0.0747572893497067,geom2,67
mixture,0.002,547.4949659904082,1100.9899319808164,1110.1007897880572,13.376621947443931,0.07475728975737708,0.0747572895401498,geom2,67
mixture,0.008750000000000006,547.4949659904083,1100.9899319808167,1110.1007897880575,13.376621821393188,0.07475728645155864,0.07475729027852399,geom2,67
mixture,0.006000000000000004,547.4949659904083,1100.9899319808167,1110.1007897880575,13.376621839280098,0.07475728963005052,0.07475729014818311,geom2,67
mixture,0.007500000000000005,547.4949659904083,1100.9899319808167,1110.1007897880575,13.376621830489375,0.07475728909797681,0.07475729020248643,geom2,67
mixture,0.003250000000000001,547.4949659904083,1100.9899319808167,1110.1007897880575,13.376621850048041,0.07475728922683691,0.07475729008769381,geom2,67
mixture,0.003000000000000001,547.4949659904084,1100.989931980817,1110.1007897880577,13.37662168914879,0.07475729130159517,0.0747572909831507,geom2,67
mixture,0.004500000000000002,547.4949659904084,1100.989931980817,1110.1007897880577,13.376621831016688,0.07475728861053389,0.07475729019840105,geom2,67
mixture,0.005250000000000003,547.4949659904084,1100.989931980817,1110.1007897880577,13.376621713679572,0.07475729252875656,0.07475729083813626,geom2,67
mixture,0.009500000000000007,547.4949659904084,1100.989931980817,1110.1007897880577,13.376621726090839,0.07475729063817749,0.07475729077898745,geom2,67
mixture,0.007250000000000005,547.4949659904084,1100.989931980817,1110.1007897880577,13.376621830509995,0.0747572905881281,0.07475729019120972,geom2,67
mixture,0.0025000000000000005,547.4949659904086,1100.9899319808171,1110.100789788058,13.376621768048723,0.07475729385082193,0.07475729053487185,geom2,67
mixture,0.005000000000000003,547.4949659904086,1100.9899319808171,1110.100789788058,13.376621718442363,0.0747572900562576,0.07475729082423431,geom2,67
mixture,0.008500000000000006,547.4949659904086,1100.9899319808171,1110.100789788058,13.376621750027649,0.07475728969706974,0.07475729065199209,geom2,67
mixture,0.0037500000000000016,547.4949659904087,1100.9899319808173,1110.1007897880581,13.376621652135066,0.07475729309978542,0.07475729118377784,geom2,67
null,,547.4949659904073,1096.9899319808146,1100.0268845832281,13.376623279059844,0.07475728209864661,,geom2,67
sum,,546.2640357044263,1094.5280714088526,1097.5650240112661,20.130101005329244,0.09935369919259321,,geom2,67
mixture,0.25,514.895346754133,1035.790693508266,1044.7208947355277,12.832964826194125,0.1037608437672931,0.07195225987012215,geom2,68
mixture,0.2,514.895524485461,1035.791048970922,1044.7212501981837,12.872256984404784,0.10767949483569966,0.07262893879226683,geom2,68
mixture,0.3,514.8958331280695,1035.791666256139,1044.7218674834007,12.826926325328484,0.099757125914244,0.0712858370821283,geom2,68
mixture,0.15000000000000002,514.8965912020506,1035.7931824041011,1044.7233836313628,12.945901198713154,0.11126526543992335,0.07328994145298537,geom2,68
mixture,0.35000000000000003,514.8967218804224,1035.7934437608449,1044.7236449881066,12.846877345852944,0.095955616056607,0.07065710727883959,geom2,68
mixture,0.4,514.8977870553983,1035.7955741107967,1044.7257753380584,12.883096242596304,0.09255139411647835,0.0700838522735409,geom2,68
mixture,0.45,514.8988776314052,1035.7977552628104,1044.727956490072,12.928075332507019,0.08958925772421594,0.06957488243051872,geom2,68
mixture,0.5,514.8999422440592,1035.7998844881183,1044.73008571538,12.995603699009777,0.08655253240096811,0.06926392326918915,geom2,68
mixture,0.010000000000000007,514.9050682463678,1035.8101364927356,1044.7403377199973,13.29360696264538,0.11906652282268876,0.07494537901839578,geom2,68
mixture,0.009500000000000007,514.9051127399373,1035.8102254798746,1044.7404267071363,13.295099575355522,0.11895263444791927,0.07495136756620169,geom2,68
mixture,0.009250000000000006,514.9051351570646,1035.8102703141292,1044.740471541391,13.296547904952483,0.11860546547632235,0.07495144188093869,geom2,68
mixture,0.009000000000000006,514.9051573538011,1035.8103147076022,1044.7405159348639,13.296833902189944,0.11881268186057714,0.07495603000996379,geom2,68
mixture,0.05,514.9056095628082,1035.8112191256164,1044.741420352878,13.297080405234624,0.06638402483817966,0.07573409971803467,geom2,68
mixture,0.1,514.9059762995181,1035.8119525990362,1044.742153826298,13.324138456673143,0.07505174279131922,0.07505175843826345,geom2,68
mixture,0.008250000000000006,514.9059762995187,1035.8119525990373,1044.742153826299,13.324136521657941,0.07505176812212305,0.07505176777015482,geom2,68
mixture,0.006000000000000004,514.9059762995187,1035.8119525990373,1044.742153826299,13.324136616094249,0.07505176383026807,0.07505176726170941,geom2,68
mixture,0.0070000000000000045,514.9059762995188,1035.8119525990376,1044.7421538262993,13.324136439939322,0.07505176486534786,0.07505176825710286,geom2,68
mixture,0.007750000000000005,514.9059762995188,1035.8119525990376,1044.7421538262993,13.32413652696064,0.07505176470178457,0.07505176776694468,geom2,68
mixture,0.006750000000000004,514.9059762995188,1035.8119525990376,1044.7421538262993,13.324136507755563,0.07505176732755471,0.07505176785492719,geom2,68
mixture,0.004250000000000002,514.9059762995188,1035.8119525990376,1044.7421538262993,13.324136435549367,0.07505176575114345,0.07505176826878816,geom2,68
mixture,0.004500000000000002,514.9059762995188,1035.8119525990376,1044.7421538262993,13.32413656414314,0.07505176634697742,0.07505176753911391,geom2,68
mixture,0.0025000000000000005,514.9059762995188,1035.8119525990376,1044.7421538262993,13.324136502942821,0.07505176612656637,0.07505176788286724,geom2,68
mixture,0.0035000000000000014,514.9059762995188,1035.8119525990376,1044.7421538262993,13.324136430540563,0.07505176467328431,0.07505176829899157,geom2,68
mixture,0.003250000000000001,514.9059762995188,1035.8119525990376,1044.7421538262993,13.324136478543533,0.07505176509744448,0.07505176802542796,geom2,68
mixture,0.009750000000000007,514.9059762995189,1035.8119525990378,1044.7421538262995,13.324136467526634,0.07505176643268467,0.0750517680941671,geom2,68
mixture,0.007500000000000005,514.9059762995189,1035.8119525990378,1044.7421538262995,13.324136541347436,0.07505176515267838,0.07505176768111549,geom2,68
mixture,0.006250000000000004,514.9059762995189,1035.8119525990378,1044.7421538262995,13.32413649839971,0.07505176605413238,0.07505176791570158,geom2,68
mixture,0.006500000000000004,514.9059762995189,1035.8119525990378,1044.7421538262995,13.324136381389044,0.07505176756971832,0.07505176856966032,geom2,68
mixture,0.0037500000000000016,514.9059762995189,1035.8119525990378,1044.7421538262995,13.32413653800481,0.07505176698420378,0.07505176768360318,geom2,68
mixture,0.0022500000000000003,514.9059762995189,1035.8119525990378,1044.7421538262995,13.324136384932672,0.07505176898495705,0.07505176854220408,geom2,68
mixture,0.003000000000000001,514.9059762995189,1035.8119525990378,1044.7421538262995,13.324136374134802,0.07505176907296895,0.07505176860261109,geom2,68
mixture,0.002,514.9059762995189,1035.8119525990378,1044.7421538262995,13.324136349806805,0.07505176831735091,0.07505176874190524,geom2,68
mixture,0.005250000000000003,514.9059762995189,1035.8119525990378,1044.7421538262995,13.324136417678986,0.07505176683847768,0.07505176836677142,geom2,68
mixture,0.0047500000000000025,514.9059762995189,1035.8119525990378,1044.7421538262995,13.324136357302315,0.07505176647321993,0.07505176870945778,geom2,68
mixture,0.0027500000000000007,514.905976299519,1035.811952599038,1044.7421538262997,13.324136398436448,0.07505176935161599,0.0750517684646976,geom2,68
mixture,0.005000000000000003,514.905976299519,1035.811952599038,1044.7421538262997,13.32413637766618,0.07505176769305451,0.0750517685886085,geom2,68
mixture,0.005500000000000003,514.905976299519,1035.811952599038,1044.7421538262997,13.324136358335233,0.07505176858289665,0.07505176869362648,geom2,68
mixture,0.005750000000000003,514.9059762995191,1035.8119525990382,1044.7421538263,13.324136367484071,0.0750517664288521,0.0750517686542804,geom2,68
mixture,0.004000000000000002,514.9059762995191,1035.8119525990382,1044.7421538263,13.324136325164133,0.07505176611268072,0.07505176889097576,geom2,68
mixture,0.008750000000000006,514.9059762995191,1035.8119525990382,1044.7421538263,13.324136221304327,0.07505177109427348,0.07505176945049774,geom2,68
mixture,0.008000000000000005,514.9059762995191,1035.8119525990382,1044.7421538263,13.324136340162847,0.0750517644630871,0.07505176883031614,geom2,68
mixture,0.008500000000000006,514.9059762995192,1035.8119525990385,1044.7421538263002,13.324136301845666,0.07505176672886638,0.07505176903077633,geom2,68
mixture,0.007250000000000005,514.9059762995194,1035.8119525990387,1044.7421538263004,13.324136163771723,0.07505176744109748,0.07505176980609483,geom2,68
null,,514.9059762995179,1031.8119525990357,1034.7886863414562,13.324137841617064,0.07505176033803598,,geom2,68
sum,,515.4248110590538,1032.8496221181076,1035.826355860528,20.245653016358624,0.09878663821729962,,geom2,68
mixture,0.5,497.0654856437639,1000.1309712875278,1008.9127323429994,13.992754250760425,0.07146555867981857,0.07146555867981857,geom2,69
mixture,0.4,497.06548564376396,1000.1309712875279,1008.9127323429996,13.992754261695314,0.07146556028755965,0.07146555751491117,geom2,69
mixture,0.005500000000000003,497.065485643764,1000.130971287528,1008.9127323429997,13.992754486227614,0.07146555850341824,0.07146555747153553,geom2,69
mixture,0.006250000000000004,497.065485643764,1000.130971287528,1008.9127323429997,13.992754412639657,0.07146555812531756,0.07146555785133618,geom2,69
mixture,0.006500000000000004,497.065485643764,1000.130971287528,1008.9127323429997,13.992754340123824,0.07146555947256386,0.07146555821523795,geom2,69
mixture,0.3,497.0654856437641,1000.1309712875282,1008.9127323429998,13.992754308064516,0.07146555373949197,0.07146556037900062,geom2,69
mixture,0.008000000000000005,497.0654856437641,1000.1309712875282,1008.9127323429998,13.992754450242204,0.0714655588680614,0.07146555765126573,geom2,69
mixture,0.0037500000000000016,497.0654856437641,1000.1309712875282,1008.9127323429998,13.99275435858841,0.07146555966450965,0.07146555812332646,geom2,69
mixture,0.45,497.0654856437641,1000.1309712875282,1008.9127323429998,13.992754403320909,0.07146555670190333,0.07146555888142905,geom2,69
mixture,0.2,497.06548564376413,1000.1309712875283,1008.9127323429999,13.992754445691293,0.07146556018194453,0.07146555705981775,geom2,69
mixture,0.15000000000000002,497.06548564376413,1000.1309712875283,1008.9127323429999,13.992754555777346,0.07146555885659439,0.07146555681589245,geom2,69
mixture,0.35000000000000003,497.06548564376413,1000.1309712875283,1008.9127323429999,13.992754314678209,0.07146555920862839,0.07146555789284567,geom2,69
mixture,0.1,497.06548564376413,1000.1309712875283,1008.9127323429999,13.992754456658501,0.071465558687322,0.0714655575105531,geom2,69
mixture,0.0022500000000000003,497.06548564376413,1000.1309712875283,1008.9127323429999,13.992754458500942,0.07146555726323571,0.07146555761962191,geom2,69
mixture,0.0035000000000000014,497.0654856437642,1000.1309712875284,1008.912732343,13.992754632006553,0.0714655560237668,0.07146555673516021,geom2,69
mixture,0.0025000000000000005,497.0654856437642,1000.1309712875284,1008.912732343,13.992754455509953,0.07146555939525914,0.07146555762968206,geom2,69
mixture,0.009250000000000006,497.0654856437642,1000.1309712875284,1008.912732343,13.992754632305326,0.07146555812486187,0.07146555671813216,geom2,69
mixture,0.009750000000000007,497.0654856437642,1000.1309712875284,1008.912732343,13.992754594199345,0.07146555743274667,0.07146555692077232,geom2,69
mixture,0.0070000000000000045,497.0654856437642,1000.1309712875284,1008.912732343,13.992754568955977,0.07146555864335237,0.07146555704349114,geom2,69
mixture,0.007750000000000005,497.0654856437642,1000.1309712875284,1008.912732343,13.992754634330357,0.07146555693466755,0.0714655567191315,geom2,69
mixture,0.007250000000000005,497.0654856437642,1000.1309712875284,1008.912732343,13.99275459813448,0.07146555850181527,0.07146555689400946,geom2,69
mixture,0.003000000000000001,497.0654856437642,1000.1309712875284,1008.912732343,13.992752554721173,0.07146556623812433,0.07146556734536685,geom2,69
mixture,0.004000000000000002,497.0654856437642,1000.1309712875284,1008.912732343,13.992754611670863,0.07146555438605927,0.07146555684637258,geom2,69
mixture,0.25,497.0654856437642,1000.1309712875284,1008.912732343,13.992754452252834,0.07146555207968182,0.0714655595077478,geom2,69
mixture,0.005750000000000003,497.0654856437642,1000.1309712875284,1008.912732343,13.992754648394481,0.0714655574716295,0.07146555664421421,geom2,69
mixture,0.004500000000000002,497.0654856437642,1000.1309712875284,1008.912732343,13.992754581465347,0.07146555843361772,0.07146555698427873,geom2,69
mixture,0.005250000000000003,497.0654856437642,1000.1309712875284,1008.912732343,13.992752513196011,0.07146556746812972,0.0714655675545816,geom2,69
mixture,0.002,497.0654856437642,1000.1309712875284,1008.912732343,13.992754501279483,0.07146555686388736,0.07146555740141113,geom2,69
mixture,0.006750000000000004,497.06548564376425,1000.1309712875285,1008.9127323430001,13.992752504440668,0.07146556406658937,0.07146556762284888,geom2,69
mixture,0.009500000000000007,497.06548564376425,1000.1309712875285,1008.9127323430001,13.992754504748625,0.07146555946712066,0.07146555736262535,geom2,69
mixture,0.008250000000000006,497.06548564376425,1000.1309712875285,1008.9127323430001,13.992754593600864,0.07146555777875763,0.0714655569217504,geom2,69
mixture,0.009000000000000006,497.06548564376425,1000.1309712875285,1008.9127323430001,13.992754560620957,0.07146555656342465,0.07146555710210799,geom2,69
mixture,0.05,497.06548564376425,1000.1309712875285,1008.9127323430001,13.992754564762947,0.07146555827139124,0.07146555701319555,geom2,69
mixture,0.010000000000000007,497.06548564376425,1000.1309712875285,1008.9127323430001,13.992752572224074,0.0714655652225402,0.07146556727315827,geom2,69
mixture,0.004250000000000002,497.0654856437643,1000.1309712875286,1008.9127323430002,13.9927546586676,0.07146555772087083,0.07146555659170473,geom2,69
mixture,0.007500000000000005,497.0654856437643,1000.1309712875286,1008.9127323430002,13.992752507467396,0.0714655670619655,0.07146556758732585,geom2,69
mixture,0.008500000000000006,497.0654856437643,1000.1309712875286,1008.9127323430002,13.992754590504095,0.07146555706301472,0.07146555694362208,geom2,69
mixture,0.008750000000000006,497.0654856437643,1000.1309712875286,1008.9127323430002,13.992754584029804,0.0714655586869099,0.07146555696261565,geom2,69
mixture,0.006000000000000004,497.0654856437643,1000.1309712875286,1008.9127323430002,13.992752465461049,0.07146556671359748,0.07146556780447104,geom2,69
mixture,0.005000000000000003,497.06548564376436,1000.1309712875287,1008.9127323430004,13.992754746233386,0.07146555546846098,0.07146555615269788,geom2,69
mixture,0.0047500000000000025,497.06548564376436,1000.1309712875287,1008.9127323430004,13.99275254325153,0.07146556482521947,0.0714655674129159,geom2,69
mixture,0.0027500000000000007,497.0654856437644,1000.1309712875288,1008.9127323430005,13.992754712700089,0.07146555588859184,0.0714655563217333,geom2,69
mixture,0.003250000000000001,497.0654856437644,1000.1309712875288,1008.9127323430005,13.992752367082083,0.0714655683052397,0.07146556830036355,geom2,69
null,,497.0654856437692,996.1309712875384,999.0582249726956,13.9927498832481,0.07146558098613513,,geom2,69
sum,,494.69186223895093,991.3837244779019,994.3109781630591,20.85527869941741,0.09589898216300843,,geom2,69
mixture,0.05,499.5699896291628,1005.1399792583256,1013.89992203581,13.678456675706919,0.042912994611177216,0.0759191707473459,geom2,70
mixture,0.35000000000000003,499.71115695021984,1005.4223139004397,1014.1822566779241,13.749942183343776,0.05874712377081951,0.08341671046064439,geom2,70
mixture,0.4,499.72300784514397,1005.4460156902879,1014.2059584677723,13.784345667346106,0.059888394554736525,0.08444453799531357,geom2,70
mixture,0.45,499.73395454994466,1005.4679090998893,1014.2278518773737,13.822580792721032,0.060907807089963094,0.08547851556218754,geom2,70
mixture,0.5,499.7442441488595,1005.488488297719,1014.2484310752034,13.864851033955432,0.08652857458807317,0.06183211213794471,geom2,70
mixture,0.3,499.78192063661675,1005.5638412732335,1014.3237840507179,14.084348265165506,0.09099496492528622,0.06489014415998139,geom2,70
mixture,0.25,499.7909888350341,1005.5819776700682,1014.3419204475526,14.15488172044927,0.09219359772866928,0.06554112641120075,geom2,70
mixture,0.2,499.80006441782996,1005.6001288356599,1014.3600716131443,14.233093781131183,0.09342475513170885,0.0661576193227354,geom2,70
mixture,0.15000000000000002,499.809200902426,1005.618401804852,1014.3783445823365,14.31968917270122,0.09468238843617491,0.06674285699439837,geom2,70
mixture,0.1,499.8184423186126,1005.6368846372252,1014.3968274147096,14.415382951134672,0.09594637728438195,0.0672991082136269,geom2,70
mixture,0.006000000000000004,499.8373694441334,1005.6747388882668,1014.4346816657512,14.635036112124528,0.06832917693181868,0.06832917886284577,geom2,70
mixture,0.004500000000000002,499.83736944413346,1005.6747388882669,1014.4346816657513,14.635036109693633,0.06832917719658572,0.06832917887014016,geom2,70
mixture,0.006250000000000004,499.83736944413346,1005.6747388882669,1014.4346816657513,14.635036149100445,0.06832917769004984,0.06832917868484106,geom2,70
mixture,0.006500000000000004,499.8373694441335,1005.674738888267,1014.4346816657514,14.635035981880975,0.06832917943913805,0.06832917945948296,geom2,70
mixture,0.009250000000000006,499.8373694441335,1005.674738888267,1014.4346816657514,14.635036087916596,0.06832917699094042,0.06832917898270731,geom2,70
mixture,0.004250000000000002,499.8373694441335,1005.674738888267,1014.4346816657514,14.635035880431996,0.0683291808414681,0.06832917992912604,geom2,70
mixture,0.005000000000000003,499.83736944413357,1005.6747388882671,1014.4346816657516,14.635035954975729,0.06832917922395898,0.0683291795867821,geom2,70
mixture,0.0047500000000000025,499.83736944413357,1005.6747388882671,1014.4346816657516,14.63503596334319,0.06832917946308617,0.06832917954629658,geom2,70
mixture,0.009750000000000007,499.83736944413357,1005.6747388882671,1014.4346816657516,14.635036059808355,0.068329177501398,0.06832917911121307,geom2,70
mixture,0.008500000000000006,499.83736944413357,1005.6747388882671,1014.4346816657516,14.635036021930695,0.06832917660156101,0.06832917929525995,geom2,70
mixture,0.005750000000000003,499.83736944413357,1005.6747388882671,1014.4346816657516,14.635036054064827,0.06832917877945535,0.06832917912431614,geom2,70
mixture,0.003000000000000001,499.83736944413357,1005.6747388882671,1014.4346816657516,14.635036131645197,0.06832917775694823,0.06832917876313858,geom2,70
mixture,0.0037500000000000016,499.83736944413357,1005.6747388882671,1014.4346816657516,14.635036128240873,0.06832917661332846,0.06832917878415498,geom2,70
mixture,0.0025000000000000005,499.8373694441336,1005.6747388882673,1014.4346816657517,14.635035871674068,0.06832917833154593,0.06832917997800934,geom2,70
mixture,0.009000000000000006,499.8373694441336,1005.6747388882673,1014.4346816657517,14.63503598492638,0.06832917789606134,0.06832917945920033,geom2,70
mixture,0.009500000000000007,499.8373694441336,1005.6747388882673,1014.4346816657517,14.635035991039986,0.06832917759020096,0.0683291794341055,geom2,70
mixture,0.007500000000000005,499.8373694441336,1005.6747388882673,1014.4346816657517,14.635035974843445,0.06832917958352204,0.06832917949151804,geom2,70
mixture,0.005250000000000003,499.8373694441336,1005.6747388882673,1014.4346816657517,14.635036054120212,0.06832917771367618,0.06832917912950773,geom2,70
mixture,0.0035000000000000014,499.8373694441336,1005.6747388882673,1014.4346816657517,14.635036029171678,0.06832917958540456,0.06832917923733801,geom2,70
mixture,0.004000000000000002,499.8373694441336,1005.6747388882673,1014.4346816657517,14.63503597303585,0.06832917807288022,0.06832917950638151,geom2,70
mixture,0.0022500000000000003,499.8373694441336,1005.6747388882673,1014.4346816657517,14.635036042440705,0.06832917894441451,0.0683291791771284,geom2,70
mixture,0.002,499.8373694441336,1005.6747388882673,1014.4346816657517,14.63503588885411,0.06832917954087994,0.06832917989438869,geom2,70
mixture,0.006750000000000004,499.8373694441336,1005.6747388882673,1014.4346816657517,14.635035839196899,0.06832918189902855,0.06832918011347258,geom2,70
mixture,0.0070000000000000045,499.8373694441336,1005.6747388882673,1014.4346816657517,14.635035927708625,0.06832917752227559,0.0683291797277128,geom2,70
mixture,0.008250000000000006,499.8373694441336,1005.6747388882673,1014.4346816657517,14.635036088504673,0.06832917771400707,0.06832917897191555,geom2,70
mixture,0.010000000000000007,499.8373694441337,1005.6747388882674,1014.4346816657518,14.635035915290096,0.06832917735770963,0.06832917979462447,geom2,70
mixture,0.007250000000000005,499.8373694441337,1005.6747388882674,1014.4346816657518,14.635035981831527,0.06832917892127759,0.06832917946351277,geom2,70
mixture,0.005500000000000003,499.8373694441337,1005.6747388882674,1014.4346816657518,14.63503589895285,0.0683291779781642,0.06832917985686476,geom2,70
mixture,0.007750000000000005,499.8373694441337,1005.6747388882674,1014.4346816657518,14.635035806037736,0.0683291800554896,0.06832918028209733,geom2,70
mixture,0.0027500000000000007,499.83736944413374,1005.6747388882675,1014.4346816657519,14.635035878129726,0.06832917942814241,0.06832917994517435,geom2,70
mixture,0.008000000000000005,499.83736944413374,1005.6747388882675,1014.4346816657519,14.635035884987687,0.06832917920004458,0.06832917991747296,geom2,70
mixture,0.008750000000000006,499.83736944413374,1005.6747388882675,1014.4346816657519,14.6350358024082,0.0683291795740493,0.06832918030367117,geom2,70
mixture,0.003250000000000001,499.83736944413374,1005.6747388882675,1014.4346816657519,14.635036006848892,0.0683291809797195,0.06832917933744118,geom2,70
null,,499.83736944413386,1001.6747388882677,1004.5947198140958,14.635037464118335,0.06832917253896784,,geom2,70
sum,,500.5208968047003,1003.0417936094007,1005.9617745352288,22.231408237584947,0.08996281201020602,,geom2,70
mixture,0.5,396.9271513796856,799.8543027593712,808.0364662155082,12.840708347696985,0.07787732365865568,0.07787732365865568,geom2,71
mixture,0.4,396.9271513796856,799.8543027593712,808.0364662155082,12.840707823168728,0.0778773262033333,0.07787732726420357,geom2,71
mixture,0.45,396.9271513796856,799.8543027593712,808.0364662155082,12.840708299206053,0.07787732180929052,0.07787732570648469,geom2,71
mixture,0.35000000000000003,396.92715137968565,799.8543027593713,808.0364662155083,12.840708595415059,0.0778773204018172,0.07787732310098452,geom2,71
mixture,0.2,396.9271513796857,799.8543027593714,808.0364662155084,12.84070848411649,0.07787732406343105,0.07787732252325237,geom2,71
mixture,0.3,396.9271513796857,799.8543027593714,808.0364662155084,12.84070868907607,0.07787731849133821,0.07787732291547426,geom2,71
mixture,0.0037500000000000016,396.92715137968577,799.8543027593715,808.0364662155085,12.840707153372787,0.07787733198766408,0.07787733089800013,geom2,71
mixture,0.005000000000000003,396.92715137968577,799.8543027593715,808.0364662155085,12.84070712718919,0.07787733094573776,0.07787733106146534,geom2,71
mixture,0.25,396.92715137968577,799.8543027593715,808.0364662155085,12.840708548041192,0.07787732325657946,0.07787732217259702,geom2,71
mixture,0.15000000000000002,396.9271513796858,799.8543027593716,808.0364662155087,12.840708692172761,0.07787731426388102,0.07787732285867097,geom2,71
mixture,0.005500000000000003,396.9271513796858,799.8543027593716,808.0364662155087,12.84070713307665,0.07787733295070362,0.07787733101453102,geom2,71
mixture,0.003250000000000001,396.9271513796858,799.8543027593716,808.0364662155087,12.840706968303833,0.07787733173968112,0.07787733202543584,geom2,71
mixture,0.008250000000000006,396.9271513796858,799.8543027593716,808.0364662155087,12.840707118229219,0.0778773320564085,0.07787733110739851,geom2,71
mixture,0.009750000000000007,396.9271513796858,799.8543027593716,808.0364662155087,12.840707200180617,0.07787732921885178,0.07787733063198056,geom2,71
mixture,0.006250000000000004,396.9271513796858,799.8543027593716,808.0364662155087,12.84070712111971,0.07787733510734603,0.07787733107247945,geom2,71
mixture,0.003000000000000001,396.9271513796859,799.8543027593718,808.0364662155088,12.840707076400394,0.0778773343925856,0.0778773313598163,geom2,71
mixture,0.006000000000000004,396.9271513796859,799.8543027593718,808.0364662155088,12.84070709948513,0.07787733276971535,0.07787733121960783,geom2,71
mixture,0.007250000000000005,396.9271513796859,799.8543027593718,808.0364662155088,12.840707186967052,0.07787732883288787,0.07787733071196454,geom2,71
mixture,0.009500000000000007,396.9271513796859,799.8543027593718,808.0364662155088,12.840707139814706,0.07787733069990833,0.07787733098704226,geom2,71
mixture,0.007500000000000005,396.9271513796859,799.8543027593718,808.0364662155088,12.840707054844659,0.07787733064647939,0.07787733150609463,geom2,71
mixture,0.005750000000000003,396.9271513796859,799.8543027593718,808.0364662155088,12.840707026548666,0.07787733047441671,0.07787733167818092,geom2,71
mixture,0.005250000000000003,396.92715137968594,799.8543027593719,808.0364662155089,12.840707039887741,0.077877331228405,0.0778773315922697,geom2,71
mixture,0.004250000000000002,396.92715137968594,799.8543027593719,808.0364662155089,12.840706928828753,0.07787733321483768,0.07787733225986006,geom2,71
mixture,0.0047500000000000025,396.92715137968594,799.8543027593719,808.0364662155089,12.840707139969217,0.07787732954459019,0.07787733099024424,geom2,71
mixture,0.009250000000000006,396.92715137968594,799.8543027593719,808.0364662155089,12.84070707171422,0.07787733260835096,0.0778773313860292,geom2,71
mixture,0.008000000000000005,396.927151379686,799.854302759372,808.036466215509,12.840706984269488,0.07787733470816016,0.07787733190525413,geom2,71
mixture,0.006500000000000004,396.927151379686,799.854302759372,808.036466215509,12.840707009375373,0.07787733393583511,0.0778773317612786,geom2,71
mixture,0.007750000000000005,396.927151379686,799.854302759372,808.036466215509,12.840706851943708,0.07787733139425539,0.07787733274065177,geom2,71
mixture,0.0035000000000000014,396.927151379686,799.854302759372,808.036466215509,12.840707064758883,0.0778773289353269,0.07787733144831441,geom2,71
mixture,0.004000000000000002,396.927151379686,799.854302759372,808.036466215509,12.840707066315439,0.07787733189723492,0.0778773314282025,geom2,71
mixture,0.002,396.927151379686,799.854302759372,808.036466215509,12.840707034715741,0.07787733303074708,0.07787733161890327,geom2,71
mixture,0.010000000000000007,396.927151379686,799.854302759372,808.036466215509,12.840706984058961,0.07787733380562761,0.07787733190999789,geom2,71
mixture,0.05,396.927151379686,799.854302759372,808.036466215509,12.840706932503819,0.07787733391539474,0.077877332153537,geom2,71
mixture,0.0025000000000000005,396.92715137968605,799.8543027593721,808.0364662155091,12.840706858582205,0.07787733482101519,0.07787733268461453,geom2,71
mixture,0.008500000000000006,396.92715137968605,799.8543027593721,808.0364662155091,12.840706985551888,0.07787732991461094,0.07787733193709086,geom2,71
mixture,0.009000000000000006,396.92715137968605,799.8543027593721,808.0364662155091,12.840706840284064,0.07787733240869651,0.07787733280449372,geom2,71
mixture,0.006750000000000004,396.92715137968605,799.8543027593721,808.0364662155091,12.840706834441372,0.07787733272458679,0.07787733283712639,geom2,71
mixture,0.0022500000000000003,396.92715137968605,799.8543027593721,808.0364662155091,12.84070690791684,0.07787733064189921,0.07787733239469072,geom2,71
mixture,0.0027500000000000007,396.92715137968605,799.8543027593721,808.0364662155091,12.84070698674337,0.07787733131088521,0.07787733191433305,geom2,71
mixture,0.008750000000000006,396.92715137968605,799.8543027593721,808.0364662155091,12.840706822881943,0.07787733250140047,0.07787733291004896,geom2,71
mixture,0.1,396.92715137968605,799.8543027593721,808.0364662155091,12.840706822972109,0.07787733520145933,0.07787733265086724,geom2,71
mixture,0.0070000000000000045,396.9271513796861,799.8543027593722,808.0364662155092,12.840706808300647,0.07787733535131836,0.07787733297829592,geom2,71
mixture,0.004500000000000002,396.92715137968617,799.8543027593723,808.0364662155093,12.84070687637992,0.07787733516490636,0.07787733257033898,geom2,71
null,,396.9271513796858,795.8543027593716,798.581690578084,12.840708643346067,0.07787732186558025,,geom2,71
sum,,395.3824567217524,792.7649134435048,795.4923012622172,19.243957763766552,0.1039287252940087,,geom2,71
mixture,0.45,485.0653885683446,976.1307771366892,984.9125381921608,12.869565552617313,0.077702702266317,0.07770269937975038,geom2,72
mixture,0.5,485.0653885683446,976.1307771366892,984.9125381921608,12.86956564724473,0.07770270010737246,0.07770270010737246,geom2,72
mixture,0.35000000000000003,485.0653885683446,976.1307771366892,984.9125381921608,12.869565720421386,0.07770269625842371,0.07770270150016129,geom2,72
mixture,0.3,485.0653885683446,976.1307771366892,984.9125381921608,12.869565779952968,0.07770270038193822,0.07770269884505315,geom2,72
mixture,0.4,485.06538856834464,976.1307771366893,984.9125381921609,12.869565692319316,0.0777026980381732,0.07770270103325991,geom2,72
mixture,0.25,485.06538856834464,976.1307771366893,984.9125381921609,12.869565710643839,0.07770270206561584,0.07770269894424416,geom2,72
mixture,0.0037500000000000016,485.0653885683448,976.1307771366896,984.9125381921613,12.869564316390544,0.07770270709529221,0.07770270814662689,geom2,72
mixture,0.003000000000000001,485.0653885683448,976.1307771366896,984.9125381921613,12.869564247522455,0.07770270890949302,0.07770270855743383,geom2,72
mixture,0.15000000000000002,485.0653885683448,976.1307771366896,984.9125381921613,12.869565925716708,0.07770268854848723,0.07770270016913729,geom2,72
mixture,0.2,485.0653885683448,976.1307771366896,984.9125381921613,12.869565810952054,0.07770268965581431,0.07770270148474077,geom2,72
mixture,0.009750000000000007,485.0653885683449,976.1307771366897,984.9125381921614,12.869564212516025,0.07770270756001696,0.07770270878176071,geom2,72
mixture,0.004250000000000002,485.06538856834493,976.1307771366899,984.9125381921615,12.869564190923294,0.07770270973540154,0.0777027088966547,geom2,72
mixture,0.006750000000000004,485.06538856834493,976.1307771366899,984.9125381921615,12.86956419235731,0.07770270928354123,0.07770270888889735,geom2,72
mixture,0.007500000000000005,485.06538856834493,976.1307771366899,984.9125381921615,12.869564172505171,0.07770270983385161,0.07770270900520786,geom2,72
mixture,0.006500000000000004,485.065388568345,976.13077713669,984.9125381921616,12.869564238365577,0.0777027073524656,0.07770270862202876,geom2,72
mixture,0.0022500000000000003,485.06538856834504,976.1307771366901,984.9125381921617,12.869564118362257,0.07770270920324572,0.07770270933862655,geom2,72
mixture,0.005750000000000003,485.06538856834504,976.1307771366901,984.9125381921617,12.86956418307223,0.07770270664775779,0.07770270896092253,geom2,72
mixture,0.005250000000000003,485.06538856834504,976.1307771366901,984.9125381921617,12.869564182844977,0.07770270819868878,0.07770270895295381,geom2,72
mixture,0.006250000000000004,485.06538856834504,976.1307771366901,984.9125381921617,12.869564089643514,0.07770270983164629,0.07770270950970529,geom2,72
mixture,0.009500000000000007,485.06538856834504,976.1307771366901,984.9125381921617,12.869564068875098,0.07770270993974923,0.07770270963420849,geom2,72
mixture,0.005000000000000003,485.06538856834504,976.1307771366901,984.9125381921617,12.869564138026414,0.07770270787960656,0.07770270922632906,geom2,72
mixture,0.0047500000000000025,485.06538856834504,976.1307771366901,984.9125381921617,12.869564230469628,0.07770270745483808,0.0777027086672088,geom2,72
mixture,0.004500000000000002,485.06538856834504,976.1307771366901,984.9125381921617,12.869564173282601,0.07770270852469272,0.07770270900890776,geom2,72
mixture,0.003250000000000001,485.06538856834504,976.1307771366901,984.9125381921617,12.869564093632869,0.07770270846954967,0.0777027094909504,geom2,72
mixture,0.009250000000000006,485.0653885683451,976.1307771366902,984.9125381921618,12.869564052376608,0.07770271029658272,0.07770270973149719,geom2,72
mixture,0.004000000000000002,485.0653885683451,976.1307771366902,984.9125381921618,12.869564071908906,0.07770270966517209,0.0777027096186076,geom2,72
mixture,0.008750000000000006,485.0653885683451,976.1307771366902,984.9125381921618,12.8695640537468,0.07770270830045502,0.07770270974105667,geom2,72
mixture,0.007750000000000005,485.06538856834516,976.1307771366903,984.912538192162,12.869564031501524,0.07770270915129922,0.07770270986831886,geom2,72
mixture,0.0027500000000000007,485.06538856834516,976.1307771366903,984.912538192162,12.869564057772509,0.07770270988948551,0.07770270970363424,geom2,72
mixture,0.005500000000000003,485.06538856834516,976.1307771366903,984.912538192162,12.869564081614381,0.07770270852973692,0.07770270956589387,geom2,72
mixture,0.002,485.06538856834516,976.1307771366903,984.912538192162,12.869564034513797,0.07770270891683648,0.07770270984643392,geom2,72
mixture,0.0025000000000000005,485.06538856834516,976.1307771366903,984.912538192162,12.869564006239537,0.07770271084219607,0.07770271001321408,geom2,72
mixture,0.010000000000000007,485.06538856834516,976.1307771366903,984.912538192162,12.869564180042012,0.07770270707247161,0.07770270898504313,geom2,72
mixture,0.0070000000000000045,485.06538856834516,976.1307771366903,984.912538192162,12.869564055560216,0.07770270987114655,0.07770270971641943,geom2,72
mixture,0.007250000000000005,485.06538856834516,976.1307771366903,984.912538192162,12.869564168846715,0.07770270846610045,0.07770270903765515,geom2,72
mixture,0.008250000000000006,485.06538856834516,976.1307771366903,984.912538192162,12.869564066982011,0.07770270930508597,0.0777027096513981,geom2,72
mixture,0.006000000000000004,485.06538856834516,976.1307771366903,984.912538192162,12.869564044918292,0.07770271062417491,0.07770270977667036,geom2,72
mixture,0.008000000000000005,485.06538856834516,976.1307771366903,984.912538192162,12.869564025495109,0.07770271159587985,0.07770270988534266,geom2,72
mixture,0.0035000000000000014,485.0653885683452,976.1307771366904,984.9125381921621,12.86956408084631,0.07770270892335898,0.07770270956708544,geom2,72
mixture,0.008500000000000006,485.0653885683452,976.1307771366904,984.9125381921621,12.86956402554191,0.07770271093810821,0.07770270988983406,geom2,72
mixture,0.05,485.0653885683452,976.1307771366904,984.9125381921621,12.86956396174674,0.07770271020842925,0.07770271028789445,geom2,72
mixture,0.1,485.0653885683452,976.1307771366904,984.9125381921621,12.869564051123797,0.07770271099893171,0.07770270960488353,geom2,72
mixture,0.009000000000000006,485.06538856834527,976.1307771366905,984.9125381921622,12.869564022764337,0.07770270996417868,0.07770270991507262,geom2,72
null,,485.06538856834464,972.1307771366893,975.0580308218465,12.86956572544447,0.07770269963522514,,geom2,72
sum,,483.8597250088933,969.7194500177866,972.6467037029438,19.360119322052622,0.10330514842033285,,geom2,72
mixture,0.5,550.5825121099929,1107.1650242199858,1116.256337984163,13.947712888503874,0.07169634247520468,0.07169634247520468,geom2,73
mixture,0.45,550.582512109993,1107.165024219986,1116.2563379841633,13.947712893745672,0.07169634281521002,0.07169634214802802,geom2,73
mixture,0.2,550.5825121099931,1107.1650242199862,1116.2563379841636,13.947713028246609,0.07169634342022158,0.07169634134103955,geom2,73
mixture,0.010000000000000007,550.5825121099931,1107.1650242199862,1116.2563379841636,13.94771332558466,0.07169634109019227,0.07169634021974527,geom2,73
mixture,0.4,550.5825121099931,1107.1650242199862,1116.2563379841636,13.947713056949219,0.07169634038207971,0.07169634242750361,geom2,73
mixture,0.35000000000000003,550.5825121099931,1107.1650242199862,1116.2563379841636,13.947713025681477,0.0716963385564916,0.07169634350044565,geom2,73
mixture,0.0027500000000000007,550.5825121099932,1107.1650242199864,1116.2563379841638,13.94771328057544,0.07169634321787564,0.07169634045220798,geom2,73
mixture,0.005000000000000003,550.5825121099932,1107.1650242199864,1116.2563379841638,13.947713165189796,0.0716963405842608,0.07169634105529309,geom2,73
mixture,0.15000000000000002,550.5825121099932,1107.1650242199864,1116.2563379841638,13.94771325165212,0.07169634267482564,0.07169634024384255,geom2,73
mixture,0.3,550.5825121099932,1107.1650242199864,1116.2563379841638,13.947713191835852,0.07169634417021721,0.07169633952128908,geom2,73
mixture,0.007500000000000005,550.5825121099932,1107.1650242199864,1116.2563379841638,13.947713321615202,0.07169634096426154,0.0716963402434481,geom2,73
mixture,0.006750000000000004,550.5825121099932,1107.1650242199864,1116.2563379841638,13.947713307719683,0.07169634252094521,0.07169634030532683,geom2,73
mixture,0.009750000000000007,550.5825121099932,1107.1650242199864,1116.2563379841638,13.947713348441402,0.07169633821254852,0.07169634012964947,geom2,73
mixture,0.0035000000000000014,550.5825121099933,1107.1650242199867,1116.256337984164,13.947713331621637,0.07169633880403732,0.07169634020231144,geom2,73
mixture,0.0022500000000000003,550.5825121099933,1107.1650242199867,1116.256337984164,13.947713386621876,0.07169634049550581,0.07169633991338639,geom2,73
mixture,0.002,550.5825121099933,1107.1650242199867,1116.256337984164,13.947713453146273,0.0716963415861879,0.0716963395687015,geom2,73
mixture,0.009500000000000007,550.5825121099933,1107.1650242199867,1116.256337984164,13.947713424935813,0.07169634064829662,0.07169633970882354,geom2,73
mixture,0.008250000000000006,550.5825121099933,1107.1650242199867,1116.256337984164,13.947713179007271,0.07169634201226409,0.07169634097333993,geom2,73
mixture,0.008750000000000006,550.5825121099933,1107.1650242199867,1116.256337984164,13.947713399100268,0.07169633950800515,0.07169633985357642,geom2,73
mixture,0.008500000000000006,550.5825121099933,1107.1650242199867,1116.256337984164,13.947713272160874,0.07169634156335987,0.07169634049397777,geom2,73
mixture,0.007750000000000005,550.5825121099933,1107.1650242199867,1116.256337984164,13.947711423777154,0.0716963468708044,0.07169635002891153,geom2,73
mixture,0.0070000000000000045,550.5825121099933,1107.1650242199867,1116.256337984164,13.94771317662743,0.07169634293642677,0.0716963409804525,geom2,73
mixture,0.006000000000000004,550.5825121099933,1107.1650242199867,1116.256337984164,13.947711350249664,0.07169634831588644,0.07169635039486835,geom2,73
mixture,0.05,550.5825121099933,1107.1650242199867,1116.256337984164,13.947711395400603,0.07169634185565853,0.07169635058686231,geom2,73
mixture,0.005250000000000003,550.5825121099933,1107.1650242199867,1116.256337984164,13.947711241105191,0.07169634950807259,0.07169635095101251,geom2,73
mixture,0.004250000000000002,550.5825121099933,1107.1650242199867,1116.256337984164,13.947713452745315,0.07169634059106753,0.07169633957045997,geom2,73
mixture,0.005500000000000003,550.5825121099933,1107.1650242199867,1116.256337984164,13.947713374259182,0.07169634050385487,0.07169633997533809,geom2,73
mixture,0.006500000000000004,550.5825121099933,1107.1650242199867,1116.256337984164,13.947713389969126,0.07169634107795353,0.07169633988976687,geom2,73
mixture,0.006250000000000004,550.5825121099933,1107.1650242199867,1116.256337984164,13.947711482625897,0.07169634576023275,0.07169634972672266,geom2,73
mixture,0.003250000000000001,550.5825121099933,1107.1650242199867,1116.256337984164,13.947713460872421,0.07169634066761821,0.07169633952932179,geom2,73
mixture,0.0037500000000000016,550.5825121099933,1107.1650242199867,1116.256337984164,13.947711381812466,0.07169634790298575,0.07169635022887215,geom2,73
mixture,0.003000000000000001,550.5825121099933,1107.1650242199867,1116.256337984164,13.94771323598842,0.07169634135313314,0.07169634068700877,geom2,73
mixture,0.25,550.5825121099933,1107.1650242199867,1116.256337984164,13.947713212367047,0.07169633179881793,0.07169634381430069,geom2,73
mixture,0.0047500000000000025,550.5825121099934,1107.165024219987,1116.2563379841642,13.947713451499855,0.07169633922759179,0.07169633958288732,geom2,73
mixture,0.1,550.5825121099934,1107.165024219987,1116.2563379841642,13.947713305677016,0.0716963286515951,0.07169634162847001,geom2,73
mixture,0.009000000000000006,550.5825121099934,1107.165024219987,1116.2563379841642,13.94771344008042,0.07169634057951028,0.07169633963136643,geom2,73
mixture,0.005750000000000003,550.5825121099934,1107.165024219987,1116.2563379841642,13.94771342289634,0.07169634205247638,0.07169633971479047,geom2,73
mixture,0.0025000000000000005,550.5825121099936,1107.1650242199871,1116.2563379841645,13.94771117428479,0.07169635066811808,0.07169635128846932,geom2,73
mixture,0.004500000000000002,550.5825121099936,1107.1650242199871,1116.2563379841645,13.947711245690764,0.07169634953850916,0.07169635092610975,geom2,73
mixture,0.004000000000000002,550.5825121099936,1107.1650242199871,1116.2563379841645,13.947713524222767,0.07169633960467638,0.07169633920578176,geom2,73
mixture,0.007250000000000005,550.5825121099936,1107.1650242199871,1116.2563379841645,13.947711272689535,0.07169634880559775,0.07169635079550882,geom2,73
mixture,0.008000000000000005,550.5825121099936,1107.1650242199871,1116.2563379841645,13.947711185011507,0.07169634882623611,0.07169635125117872,geom2,73
mixture,0.009250000000000006,550.5825121099937,1107.1650242199873,1116.2563379841647,13.947711053414777,0.07169634997546542,0.07169635192627968,geom2,73
null,,550.5825121099981,1103.1650242199962,1106.1954621413886,13.947708966549552,0.07169636263548913,,geom2,73
sum,,549.0668915779071,1100.1337831558142,1103.1642210772065,20.9372180048237,0.09552367461327588,,geom2,73
mixture,0.5,506.80214011026953,1019.6042802205391,1028.4717613933428,13.556338597158986,0.0737662306700993,0.0737662306700993,geom2,74
mixture,0.4,506.8021401102696,1019.6042802205392,1028.471761393343,13.55633852598638,0.07376623183899222,0.07376623053630846,geom2,74
mixture,0.005750000000000003,506.80214011026965,1019.6042802205393,1028.471761393343,13.556338831417618,0.07376622972591852,0.07376622939347957,geom2,74
mixture,0.006750000000000004,506.80214011026965,1019.6042802205393,1028.471761393343,13.556338817790637,0.07376622905166226,0.07376622947238157,geom2,74
mixture,0.35000000000000003,506.80214011026965,1019.6042802205393,1028.471761393343,13.556338471913431,0.0737662333026945,0.07376623030103774,geom2,74
mixture,0.05,506.80214011026965,1019.6042802205393,1028.471761393343,13.556338727844878,0.07376622952133315,0.07376622998201159,geom2,74
mixture,0.2,506.80214011026965,1019.6042802205393,1028.471761393343,13.556338629100898,0.07376623255811719,0.07376622998083167,geom2,74
mixture,0.3,506.80214011026965,1019.6042802205393,1028.471761393343,13.556338606087978,0.07376623243129123,0.07376622984589316,geom2,74
mixture,0.45,506.8021401102697,1019.6042802205394,1028.4717613933433,13.556338738988998,0.07376622707219242,0.07376623221063805,geom2,74
mixture,0.25,506.8021401102697,1019.6042802205394,1028.4717613933433,13.55633869146026,0.07376623245348872,0.07376622939145444,geom2,74
mixture,0.007250000000000005,506.8021401102697,1019.6042802205394,1028.4717613933433,13.556338981032628,0.07376623021321327,0.0737662285693495,geom2,74
mixture,0.0027500000000000007,506.80214011026976,1019.6042802205395,1028.4717613933433,13.55633879931832,0.07376623128011339,0.0737662295653424,geom2,74
mixture,0.005250000000000003,506.80214011026976,1019.6042802205395,1028.4717613933433,13.556338970607866,0.07376622961338537,0.07376622863284557,geom2,74
mixture,0.005500000000000003,506.80214011026976,1019.6042802205395,1028.4717613933433,13.556338924006313,0.07376622750159248,0.0737662288992609,geom2,74
mixture,0.004500000000000002,506.80214011026976,1019.6042802205395,1028.4717613933433,13.55633896071119,0.07376622812064315,0.07376622869442777,geom2,74
mixture,0.005000000000000003,506.80214011026976,1019.6042802205395,1028.4717613933433,13.556339018494258,0.07376622747166103,0.07376622838197325,geom2,74
mixture,0.007750000000000005,506.80214011026976,1019.6042802205395,1028.4717613933433,13.556338770639194,0.07376622844451558,0.07376622973612422,geom2,74
mixture,0.008000000000000005,506.80214011026976,1019.6042802205395,1028.4717613933433,13.556339011411792,0.07376622809970716,0.07376622841851105,geom2,74
mixture,0.009500000000000007,506.80214011026976,1019.6042802205395,1028.4717613933433,13.55633875798657,0.07376623051437449,0.073766229788063,geom2,74
mixture,0.009250000000000006,506.80214011026976,1019.6042802205395,1028.4717613933433,13.556338755905376,0.07376623088799159,0.0737662297961885,geom2,74
mixture,0.0070000000000000045,506.80214011026976,1019.6042802205395,1028.4717613933433,13.55633884241104,0.07376622870459991,0.0737662293400188,geom2,74
mixture,0.006000000000000004,506.8021401102698,1019.6042802205396,1028.4717613933435,13.556339059292018,0.0737662261484228,0.07376622816753714,geom2,74
mixture,0.15000000000000002,506.8021401102698,1019.6042802205396,1028.4717613933435,13.556338737648813,0.07376621886073752,0.07376623185472898,geom2,74
mixture,0.1,506.8021401102698,1019.6042802205396,1028.4717613933435,13.556338886388408,0.07376621878738729,0.07376623024170151,geom2,74
mixture,0.008500000000000006,506.8021401102698,1019.6042802205396,1028.4717613933435,13.556338865503756,0.07376622821976542,0.07376622921840126,geom2,74
mixture,0.009750000000000007,506.8021401102698,1019.6042802205396,1028.4717613933435,13.55633887726277,0.07376622955414303,0.07376622914190739,geom2,74
mixture,0.0035000000000000014,506.8021401102699,1019.6042802205397,1028.4717613933435,13.556338948102379,0.07376623130337553,0.07376622875152455,geom2,74
mixture,0.0047500000000000025,506.8021401102699,1019.6042802205397,1028.4717613933435,13.556338994948323,0.07376622750962675,0.07376622851029906,geom2,74
mixture,0.006250000000000004,506.8021401102699,1019.6042802205397,1028.4717613933435,13.556338990130058,0.07376622813563712,0.07376622853425562,geom2,74
mixture,0.010000000000000007,506.8021401102699,1019.6042802205397,1028.4717613933435,13.556338809422101,0.07376623184271627,0.07376622949156725,geom2,74
mixture,0.006500000000000004,506.8021401102699,1019.6042802205397,1028.4717613933435,13.556338916817003,0.07376622838633498,0.07376622893425554,geom2,74
mixture,0.003250000000000001,506.80214011026993,1019.6042802205399,1028.4717613933437,13.55633899236778,0.07376622917838295,0.07376622851743972,geom2,74
mixture,0.0022500000000000003,506.80214011026993,1019.6042802205399,1028.4717613933437,13.556339102566834,0.07376622938871034,0.07376622791663226,geom2,74
mixture,0.0037500000000000016,506.80214011026993,1019.6042802205399,1028.4717613933437,13.556339079005719,0.07376622718862116,0.07376622805138658,geom2,74
mixture,0.003000000000000001,506.80214011026993,1019.6042802205399,1028.4717613933437,13.556339110950443,0.0737662279386249,0.07376622787413191,geom2,74
mixture,0.009000000000000006,506.80214011026993,1019.6042802205399,1028.4717613933437,13.556339007502503,0.07376622860760568,0.07376622843568556,geom2,74
mixture,0.008250000000000006,506.80214011026993,1019.6042802205399,1028.4717613933437,13.55633895982322,0.07376622751980644,0.07376622870646754,geom2,74
mixture,0.0025000000000000005,506.80214011026993,1019.6042802205399,1028.4717613933437,13.55633906226834,0.07376622651030912,0.07376622814330944,geom2,74
mixture,0.002,506.80214011027,1019.60428022054,1028.4717613933437,13.556339085889253,0.0737662287869064,0.07376622800913923,geom2,74
mixture,0.007500000000000005,506.80214011027,1019.60428022054,1028.4717613933437,13.556339017954908,0.07376622826708797,0.07376622838121247,geom2,74
mixture,0.004000000000000002,506.80214011027,1019.60428022054,1028.4717613933437,13.55633901936901,0.07376622871335961,0.0737662283712935,geom2,74
mixture,0.008750000000000006,506.80214011027,1019.60428022054,1028.4717613933437,13.55633906923474,0.07376622591459848,0.07376622812062227,geom2,74
mixture,0.004250000000000002,506.8021401102701,1019.6042802205402,1028.471761393344,13.556339056146175,0.0737662285044652,0.07376622817112372,geom2,74
null,,506.8021401102697,1015.6042802205394,1018.5601072781407,13.556337387041227,0.07376623725490337,,geom2,74
sum,,505.7313064182266,1013.4626128364532,1016.4184398940545,20.40918275402305,0.09799510465972777,,geom2,74
mixture,0.2,408.2083619091267,822.4167238182534,830.625319163437,13.710526939471473,0.07293666025164208,0.07293665612568684,geom2,75
mixture,0.3,408.2083619091267,822.4167238182534,830.625319163437,13.710526636139118,0.0729366618834815,0.07293665714212512,geom2,75
mixture,0.35000000000000003,408.2083619091268,822.4167238182536,830.6253191634371,13.710526668485691,0.07293666031228645,0.07293665735870133,geom2,75
mixture,0.15000000000000002,408.2083619091268,822.4167238182536,830.6253191634371,13.710526971690808,0.07293665843967176,0.07293665648650365,geom2,75
mixture,0.4,408.2083619091268,822.4167238182536,830.6253191634371,13.710526927032769,0.0729366503349769,0.07293666147176395,geom2,75
mixture,0.5,408.2083619091268,822.4167238182536,830.6253191634371,13.710526801598753,0.07293665768432707,0.07293665768432707,geom2,75
mixture,0.005250000000000003,408.20836190912684,822.4167238182537,830.6253191634372,13.710527178789858,0.07293665668758119,0.07293665567243295,geom2,75
mixture,0.007500000000000005,408.20836190912684,822.4167238182537,830.6253191634372,13.710527213577443,0.07293665580400623,0.0729366554903486,geom2,75
mixture,0.25,408.20836190912684,822.4167238182537,830.6253191634372,13.710526952859567,0.07293666024251168,0.07293665575870478,geom2,75
mixture,0.010000000000000007,408.20836190912684,822.4167238182537,830.6253191634372,13.71052704855481,0.07293665699838614,0.07293665636423965,geom2,75
mixture,0.008000000000000005,408.20836190912684,822.4167238182537,830.6253191634372,13.710527159398133,0.0729366554060508,0.07293665578394487,geom2,75
mixture,0.003250000000000001,408.2083619091269,822.4167238182538,830.6253191634373,13.710527226989521,0.07293665704910451,0.07293665541604459,geom2,75
mixture,0.005750000000000003,408.2083619091269,822.4167238182538,830.6253191634373,13.710527266987587,0.07293665629545898,0.07293665520228636,geom2,75
mixture,0.006500000000000004,408.2083619091269,822.4167238182538,830.6253191634373,13.710527177206075,0.07293665591859881,0.07293665568466727,geom2,75
mixture,0.004000000000000002,408.2083619091269,822.4167238182538,830.6253191634373,13.710527284640396,0.07293665598191036,0.07293665511118055,geom2,75
mixture,0.003000000000000001,408.2083619091269,822.4167238182538,830.6253191634373,13.71052724164209,0.0729366559733044,0.07293665534150856,geom2,75
mixture,0.006250000000000004,408.2083619091269,822.4167238182538,830.6253191634373,13.710527281947206,0.07293665459698422,0.07293665513233653,geom2,75
mixture,0.009750000000000007,408.2083619091269,822.4167238182538,830.6253191634373,13.71052724613235,0.07293665493830746,0.07293665532327025,geom2,75
mixture,0.05,408.2083619091269,822.4167238182538,830.6253191634373,13.710527219327602,0.07293665723050761,0.0729366553690381,geom2,75
mixture,0.45,408.2083619091269,822.4167238182538,830.6253191634373,13.710526969294103,0.07293665332526365,0.07293665962883679,geom2,75
mixture,0.004500000000000002,408.20836190912695,822.4167238182539,830.6253191634374,13.71052708203905,0.07293665838258225,0.07293665618255302,geom2,75
mixture,0.004250000000000002,408.20836190912695,822.4167238182539,830.6253191634374,13.710527263109055,0.07293665679302233,0.07293665522253036,geom2,75
mixture,0.008250000000000006,408.20836190912695,822.4167238182539,830.6253191634374,13.710527275179869,0.07293665470351544,0.07293665516883001,geom2,75
mixture,0.006000000000000004,408.20836190912695,822.4167238182539,830.6253191634374,13.710527192861775,0.07293665677413343,0.07293665559583351,geom2,75
mixture,0.005500000000000003,408.20836190912695,822.4167238182539,830.6253191634374,13.710527156087506,0.07293665481614622,0.07293665580396645,geom2,75
mixture,0.009250000000000006,408.208361909127,822.416723818254,830.6253191634376,13.710527211589703,0.07293665630369485,0.0729366554958023,geom2,75
mixture,0.007750000000000005,408.208361909127,822.416723818254,830.6253191634376,13.71052725941117,0.072936657116292,0.07293665523429127,geom2,75
mixture,0.005000000000000003,408.208361909127,822.416723818254,830.6253191634376,13.710527241197651,0.07293665574660108,0.07293665534375403,geom2,75
mixture,0.0025000000000000005,408.208361909127,822.416723818254,830.6253191634376,13.710527298792403,0.07293665604938333,0.07293665503684692,geom2,75
mixture,0.0047500000000000025,408.208361909127,822.416723818254,830.6253191634376,13.71052725963546,0.07293665410830215,0.07293665525312151,geom2,75
mixture,0.002,408.208361909127,822.416723818254,830.6253191634376,13.710527308268887,0.0729366563918337,0.07293665498615431,geom2,75
mixture,0.0022500000000000003,408.208361909127,822.416723818254,830.6253191634376,13.710527149120969,0.07293665679795507,0.07293665583342353,geom2,75
mixture,0.1,408.208361909127,822.416723818254,830.6253191634376,13.710527017074812,0.07293664085902592,0.0729366582801609,geom2,75
mixture,0.006750000000000004,408.208361909127,822.416723818254,830.6253191634376,13.710527183457744,0.0729366571204047,0.07293665564295769,geom2,75
mixture,0.0035000000000000014,408.20836190912706,822.4167238182541,830.6253191634377,13.710527316676778,0.07293665433140695,0.07293665494639019,geom2,75
mixture,0.009000000000000006,408.20836190912706,822.4167238182541,830.6253191634377,13.710527160562748,0.0729366567517428,0.07293665576585324,geom2,75
mixture,0.007250000000000005,408.20836190912706,822.4167238182541,830.6253191634377,13.710527380253238,0.07293665547491099,0.0729366545996811,geom2,75
mixture,0.0070000000000000045,408.20836190912706,822.4167238182541,830.6253191634377,13.710527352201078,0.07293665331270359,0.07293665476542621,geom2,75
mixture,0.008750000000000006,408.20836190912706,822.4167238182541,830.6253191634377,13.710527133535168,0.07293665664962279,0.07293665591205263,geom2,75
mixture,0.0027500000000000007,408.2083619091271,822.4167238182542,830.6253191634378,13.710527338531863,0.0729366535557727,0.07293665483148223,geom2,75
mixture,0.009500000000000007,408.2083619091271,822.4167238182542,830.6253191634378,13.710527263121369,0.07293665350500764,0.07293665524567579,geom2,75
mixture,0.008500000000000006,408.2083619091271,822.4167238182542,830.6253191634378,13.710527421567294,0.0729366530869034,0.07293665439738493,geom2,75
mixture,0.0037500000000000016,408.2083619091271,822.4167238182542,830.6253191634378,13.710527305738257,0.0729366561884676,0.07293665499796362,geom2,75
null,,408.2083619091274,818.4167238182548,821.1529222666493,13.710524793209354,0.07293666836847026,,geom2,75
sum,,407.91461777770763,817.8292355554153,820.5654340038097,20.71574522014926,0.09654492168858551,,geom2,75
mixture,0.002,523.0464376034736,1052.0928752069472,1060.917802474775,15.928571556005151,0.0627802676163538,0.06278026855791664,geom2,76
mixture,0.0025000000000000005,523.0464376034736,1052.0928752069472,1060.917802474775,15.9285716600834,0.06278026947127305,0.06278026814250152,geom2,76
mixture,0.003250000000000001,523.0464376034736,1052.0928752069472,1060.917802474775,15.92857164720053,0.06278026798997874,0.06278026819727321,geom2,76
mixture,0.003000000000000001,523.0464376034736,1052.0928752069472,1060.917802474775,15.928571632511078,0.0627802684237854,0.06278026825398655,geom2,76
mixture,0.0035000000000000014,523.0464376034736,1052.0928752069472,1060.917802474775,15.928571707491438,0.06278026803091487,0.06278026795871852,geom2,76
mixture,0.0037500000000000016,523.0464376034736,1052.0928752069472,1060.917802474775,15.928571424658768,0.0627802679124991,0.06278026907808813,geom2,76
mixture,0.004500000000000002,523.0464376034736,1052.0928752069472,1060.917802474775,15.928571498879041,0.06278026863907402,0.06278026878183061,geom2,76
mixture,0.004250000000000002,523.0464376034736,1052.0928752069472,1060.917802474775,15.92857181759064,0.06278026680077795,0.0627802675281216,geom2,76
mixture,0.0047500000000000025,523.0464376034736,1052.0928752069472,1060.917802474775,15.928571600749432,0.06278026859092035,0.06278026837867191,geom2,76
mixture,0.005000000000000003,523.0464376034736,1052.0928752069472,1060.917802474775,15.928571345820318,0.06278027169462722,0.06278026937283912,geom2,76
mixture,0.009750000000000007,523.0464376034736,1052.0928752069472,1060.917802474775,15.928571516869347,0.06278026772017091,0.06278026872003052,geom2,76
mixture,0.007500000000000005,523.0464376034736,1052.0928752069472,1060.917802474775,15.928571523798272,0.06278026932491057,0.06278026867812157,geom2,76
mixture,0.0070000000000000045,523.0464376034736,1052.0928752069472,1060.917802474775,15.928571438550982,0.06278026958257785,0.06278026901498981,geom2,76
mixture,0.007250000000000005,523.0464376034736,1052.0928752069472,1060.917802474775,15.928571395694636,0.06278026886291824,0.06278026919024846,geom2,76
mixture,0.006500000000000004,523.0464376034736,1052.0928752069472,1060.917802474775,15.9285715808971,0.06278026806111854,0.06278026846052145,geom2,76
mixture,0.006250000000000004,523.0464376034736,1052.0928752069472,1060.917802474775,15.928571432109031,0.06278027031728003,0.06278026903634716,geom2,76
mixture,0.009250000000000006,523.0464376034736,1052.0928752069472,1060.917802474775,15.928571801800985,0.06278026775996651,0.06278026758565072,geom2,76
mixture,0.008750000000000006,523.0464376034736,1052.0928752069472,1060.917802474775,15.92857140568702,0.06278026983421937,0.06278026914243863,geom2,76
mixture,0.008500000000000006,523.0464376034736,1052.0928752069472,1060.917802474775,15.928571617005908,0.06278026979797549,0.0627802683028993,geom2,76
mixture,0.15000000000000002,523.0464376034736,1052.0928752069472,1060.917802474775,15.928572190467778,0.06278026927845325,0.06278026548661023,geom2,76
mixture,0.0022500000000000003,523.0464376034737,1052.0928752069474,1060.9178024747753,15.92857150319705,0.06278026760750652,0.06278026876677772,geom2,76
mixture,0.004000000000000002,523.0464376034737,1052.0928752069474,1060.9178024747753,15.928571558310832,0.06278026848050584,0.06278026854721282,geom2,76
mixture,0.005250000000000003,523.0464376034737,1052.0928752069474,1060.9178024747753,15.928572091791692,0.06278026623173687,0.06278026644542668,geom2,76
mixture,0.007750000000000005,523.0464376034737,1052.0928752069474,1060.9178024747753,15.928571743378823,0.06278026726370754,0.06278026782185164,geom2,76
mixture,0.009500000000000007,523.0464376034737,1052.0928752069474,1060.9178024747753,15.928571892192279,0.06278026774132221,0.06278026722610376,geom2,76
mixture,0.006750000000000004,523.0464376034737,1052.0928752069474,1060.9178024747753,15.928571805100225,0.06278026832615557,0.06278026756914985,geom2,76
mixture,0.006000000000000004,523.0464376034737,1052.0928752069474,1060.9178024747753,15.928571528922744,0.06278027048687881,0.0627802686517644,geom2,76
mixture,0.005500000000000003,523.0464376034737,1052.0928752069474,1060.9178024747753,15.92857142905762,0.06278026854432607,0.06278026905921158,geom2,76
mixture,0.5,523.0464376034737,1052.0928752069474,1060.9178024747753,15.928571961414299,0.0627802669581693,0.0627802669581693,geom2,76
mixture,0.35000000000000003,523.0464376034737,1052.0928752069474,1060.9178024747753,15.92857229601056,0.06278026784105345,0.06278026445390107,geom2,76
mixture,0.010000000000000007,523.0464376034737,1052.0928752069474,1060.9178024747753,15.928571800023054,0.06278026716082429,0.06278026759864885,geom2,76
mixture,0.0027500000000000007,523.0464376034738,1052.0928752069476,1060.9178024747755,15.928572127732533,0.06278026550149371,0.0627802663048582,geom2,76
mixture,0.009000000000000006,523.0464376034738,1052.0928752069476,1060.9178024747755,15.928571675731828,0.06278026818111168,0.06278026808326673,geom2,76
mixture,0.008000000000000005,523.0464376034738,1052.0928752069476,1060.9178024747755,15.928572403369879,0.06278026605098108,0.06278026520953085,geom2,76
mixture,0.008250000000000006,523.0464376034738,1052.0928752069476,1060.9178024747755,15.92857154009483,0.06278026820166147,0.0627802686222114,geom2,76
mixture,0.005750000000000003,523.0464376034738,1052.0928752069476,1060.9178024747755,15.928572209108918,0.06278026698872363,0.06278026597609254,geom2,76
mixture,0.25,523.0464376034738,1052.0928752069476,1060.9178024747755,15.928572194983914,0.06278026999946382,0.0627802647169614,geom2,76
mixture,0.2,523.0464376034738,1052.0928752069476,1060.9178024747755,15.928572310050072,0.06278026829316916,0.06278026490679471,geom2,76
mixture,0.45,523.0464376034738,1052.0928752069476,1060.9178024747755,15.928572145725111,0.06278026252685366,0.0627802692629995,geom2,76
mixture,0.05,523.0464376034738,1052.0928752069476,1060.9178024747755,15.9285725271063,0.06278026714558332,0.06278026460136137,geom2,76
mixture,0.3,523.0464376034739,1052.0928752069478,1060.9178024747757,15.928572430144012,0.06278026856854034,0.06278026362881983,geom2,76
mixture,0.1,523.046437603474,1052.092875206948,1060.917802474776,15.928572474111093,0.06278024606153282,0.0627802670347701,geom2,76
mixture,0.4,523.046437603474,1052.092875206948,1060.917802474776,15.928572157395358,0.06278025949927013,0.0627802706433824,geom2,76
null,,523.0464376034745,1048.092875206949,1051.0345176295582,15.928573212632678,0.06278026202666522,,geom2,76
sum,,522.8021855012503,1047.6043710025006,1050.5460134251098,24.074453143071445,0.0830756149730277,,geom2,76
mixture,0.15000000000000002,488.4171905410851,982.8343810821702,991.5502054174856,10.693776418767625,0.04978687644423061,0.11066362118858974,geom2,77
mixture,0.35000000000000003,488.5060920423693,983.0121840847386,991.7280084200538,10.847276432803435,0.05980672868653505,0.13012773050984355,geom2,77
mixture,0.1,488.50912536286444,983.0182507257289,991.7340750610442,11.147538969488794,0.04537707078980001,0.10062856184870649,geom2,77
mixture,0.4,488.57533031271726,983.1506606254345,991.8664849607499,11.085402779863886,0.0612589444213945,0.1317018670901356,geom2,77
mixture,0.45,488.64952569111415,983.2990513822283,992.0148757175436,11.345421055411455,0.062492587604910055,0.1327038491276296,geom2,77
mixture,0.05,488.70580727065203,983.4116145413041,992.1274388766194,11.938271760513826,0.03928024537791196,0.08907335062119794,geom2,77
mixture,0.5,488.7257723853826,983.4515447707652,992.1673691060805,11.616148582895164,0.13334174816248143,0.06356159596322157,geom2,77
mixture,0.3,489.02401963594923,984.0480392718985,992.7638636072138,12.722414564278546,0.13400775439666865,0.06677007670678035,geom2,77
mixture,0.25,489.0939383728081,984.1878767456162,992.9037010809316,12.995321018496094,0.13393815381141294,0.06739278408214092,geom2,77
mixture,0.008250000000000006,489.13784553942185,984.2756910788437,992.991515414159,13.325928742317489,0.02899630158611322,0.07604622682086824,geom2,77
mixture,0.008000000000000005,489.1433187842849,984.2866375685697,993.002461903885,13.350540950599576,0.028839423159766276,0.07588075860614125,geom2,77
mixture,0.2,489.1615773641454,984.3231547282908,993.0389790636061,13.265194058003054,0.13382491700529123,0.0679653482024941,geom2,77
mixture,0.006250000000000004,489.184845835004,984.369691670008,993.0855160053234,13.484248692303177,0.02792187421922362,0.07494112257771238,geom2,77
mixture,0.010000000000000007,489.40013834119475,984.8002766823895,993.5161010177048,14.235313904874065,0.1785706079575259,0.06982002264775135,geom2,77
mixture,0.009750000000000007,489.4003714455255,984.800742891051,993.5165672263663,14.237203038962903,0.17857468670956464,0.06982145151521987,geom2,77
mixture,0.007750000000000005,489.4004593859416,984.8009187718832,993.5167431071984,14.271497191150008,0.13320042264852205,0.06981130414451447,geom2,77
mixture,0.009500000000000007,489.4006045120311,984.8012090240622,993.5170333593776,14.239092126803717,0.1785791729769971,0.06982287966501567,geom2,77
mixture,0.007500000000000005,489.40074898397006,984.8014979679401,993.5173223032555,14.27298622536833,0.13295637958674028,0.06981286829122677,geom2,77
mixture,0.009250000000000006,489.40083754193984,984.8016750838797,993.517499419195,14.24098580203513,0.17858409892178603,0.06982428429705025,geom2,77
mixture,0.007250000000000005,489.40103841558164,984.8020768311633,993.5179011664786,14.274146268596189,0.13315456102810302,0.06981512416717345,geom2,77
mixture,0.009000000000000006,489.40107120901007,984.8021424180201,993.5179667533355,14.242350454297311,0.17860034518286774,0.06982827578107856,geom2,77
mixture,0.008750000000000006,489.4013041220395,984.802608244079,993.5184325793944,14.244258584345884,0.17860590204830773,0.06982960780058646,geom2,77
mixture,0.0070000000000000045,489.4013278544047,984.8026557088094,993.5184800441248,14.27542099664073,0.13316593425652828,0.06981720617782602,geom2,77
mixture,0.008500000000000006,489.4015369948471,984.8030739896942,993.5188983250096,14.246166918488992,0.17861196550182384,0.06983093796038388,geom2,77
mixture,0.006750000000000004,489.401617240766,984.803234481532,993.5190588168473,14.276675612667253,0.13316272551555325,0.06981941478881869,geom2,77
mixture,0.006500000000000004,489.40190657499755,984.8038131499951,993.5196374853103,14.277961230414856,0.1331747982313592,0.06982144237566906,geom2,77
mixture,0.006000000000000004,489.40248508611205,984.8049701722241,993.5207945075394,14.280515292295778,0.1331816262114728,0.06982561282922686,geom2,77
mixture,0.005750000000000003,489.40277426454224,984.8055485290845,993.5213728643998,14.281827773967441,0.1331001654582195,0.06982765853587886,geom2,77
mixture,0.005500000000000003,489.40306343586565,984.8061268717313,993.5219512070466,14.283253550690223,0.1329414421188623,0.06982925454344234,geom2,77
mixture,0.005250000000000003,489.4033524582761,984.8067049165522,993.5225292518676,14.284355778513326,0.13314418966359814,0.06983188826802313,geom2,77
mixture,0.005000000000000003,489.403641478208,984.807282956416,993.5231072917313,14.28560986284603,0.13314110551006403,0.06983408961220497,geom2,77
mixture,0.0047500000000000025,489.40393044769144,984.8078608953829,993.5236852306982,14.286922418045458,0.1330970303346859,0.06983605687869932,geom2,77
mixture,0.004500000000000002,489.4042193664168,984.8084387328336,993.5242630681489,14.288286506062324,0.13317495891111836,0.06983761293066267,geom2,77
mixture,0.004250000000000002,489.4054883035665,984.810976607133,993.5268009424483,14.278601903841563,0.17883468926481413,0.06985348231066385,geom2,77
mixture,0.004000000000000002,489.40572016540426,984.8114403308085,993.5272646661238,14.280510443021216,0.17885890433052376,0.06985480221925953,geom2,77
mixture,0.0037500000000000016,489.4059519419994,984.8119038839988,993.527728219314,14.282418974860473,0.17888511199567944,0.0698561222652884,geom2,77
mixture,0.0035000000000000014,489.40618362760915,984.8123672552183,993.5281915905337,14.284327918314188,0.17891351598442723,0.06985744051679775,geom2,77
mixture,0.003250000000000001,489.4064152158105,984.812830431621,993.5286547669364,14.286236843247677,0.17894435267552714,0.06985875921562834,geom2,77
mixture,0.003000000000000001,489.40664669917356,984.8132933983471,993.5291177336624,14.288146238592459,0.17897789326028526,0.06986007612286572,geom2,77
mixture,0.0027500000000000007,489.4068780692819,984.8137561385638,993.5295804738792,14.290055917323347,0.17901445738327681,0.06986139233065064,geom2,77
mixture,0.0025000000000000005,489.40710931634464,984.8142186326893,993.5300429680046,14.291966219418173,0.17905441872489347,0.06986270637958368,geom2,77
mixture,0.0022500000000000003,489.4073404290184,984.8146808580368,993.5305051933522,14.293876626722108,0.1790982216753118,0.06986402104202451,geom2,77
mixture,0.002,489.4075713940564,984.8151427881128,993.5309671234281,14.295787754360795,0.17914640564784298,0.06986533358366567,geom2,77
null,,489.40941090115587,980.8188218023117,983.7240965807501,14.311112108537293,0.06987577152745873,,geom2,77
sum,,491.124709464793,984.249418929586,987.1546937080244,21.8994326026213,0.09132656705272837,,geom2,77
mixture,0.45,456.2049613561102,918.4099227122204,926.9660135039792,13.492188034245231,0.07411696122119552,0.07411696427707408,geom2,78
mixture,0.5,456.2049613561102,918.4099227122204,926.9660135039792,13.492187811460916,0.07411696412575518,0.07411696412575518,geom2,78
mixture,0.35000000000000003,456.2049613561102,918.4099227122204,926.9660135039792,13.492187880496406,0.07411696532971063,0.07411696289403405,geom2,78
mixture,0.05,456.20496135611023,918.4099227122205,926.9660135039793,13.492187770904128,0.07411695124948255,0.07411696503797134,geom2,78
mixture,0.4,456.20496135611023,918.4099227122205,926.9660135039793,13.492187990595884,0.07411696448474665,0.0741169622463501,geom2,78
mixture,0.3,456.20496135611023,918.4099227122205,926.9660135039793,13.492187950292493,0.0741169649349125,0.07411696268947794,geom2,78
mixture,0.2,456.2049613561103,918.4099227122206,926.9660135039794,13.492188176248797,0.07411696429306926,0.07411696157905405,geom2,78
mixture,0.15000000000000002,456.20496135611035,918.4099227122207,926.9660135039795,13.492188266785302,0.07411696324547219,0.0741169613384587,geom2,78
mixture,0.25,456.2049613561104,918.4099227122208,926.9660135039796,13.492188086230819,0.07411695337363561,0.07411696569726199,geom2,78
mixture,0.1,456.2049613561104,918.4099227122208,926.9660135039796,13.492188136634702,0.07411695113657021,0.07411696358423701,geom2,78
mixture,0.004000000000000002,456.20496135611063,918.4099227122213,926.9660135039801,13.492186207214745,0.07411697113654785,0.07411697294563717,geom2,78
mixture,0.004500000000000002,456.2049613561108,918.4099227122216,926.9660135039804,13.49218613648414,0.07411697344365095,0.07411697332641953,geom2,78
mixture,0.008500000000000006,456.2049613561108,918.4099227122216,926.9660135039804,13.492186156567675,0.0741169717177467,0.07411697322947133,geom2,78
mixture,0.007750000000000005,456.2049613561108,918.4099227122216,926.9660135039804,13.49218611939949,0.07411697278399179,0.0741169734257724,geom2,78
mixture,0.005250000000000003,456.2049613561108,918.4099227122216,926.9660135039804,13.492186217520356,0.07411697197667214,0.07411697288656569,geom2,78
mixture,0.0035000000000000014,456.20496135611086,918.4099227122217,926.9660135039805,13.492186171319942,0.07411697299872463,0.07411697313606336,geom2,78
mixture,0.006500000000000004,456.20496135611086,918.4099227122217,926.9660135039805,13.492186142382524,0.07411697185739177,0.07411697330394794,geom2,78
mixture,0.007500000000000005,456.20496135611086,918.4099227122217,926.9660135039805,13.492186059714381,0.07411697104310114,0.07411697376911346,geom2,78
mixture,0.009000000000000006,456.20496135611086,918.4099227122217,926.9660135039805,13.492185980963802,0.07411697271909476,0.07411697419455004,geom2,78
mixture,0.008000000000000005,456.20496135611086,918.4099227122217,926.9660135039805,13.49218599781965,0.07411697207107275,0.07411697410494728,geom2,78
mixture,0.003250000000000001,456.20496135611086,918.4099227122217,926.9660135039805,13.492186099294013,0.07411697296535702,0.07411697353308969,geom2,78
mixture,0.010000000000000007,456.20496135611086,918.4099227122217,926.9660135039805,13.49218619291143,0.07411697041710479,0.07411697304323489,geom2,78
mixture,0.005500000000000003,456.20496135611086,918.4099227122217,926.9660135039805,13.492186112378198,0.07411697179125358,0.07411697346859424,geom2,78
mixture,0.0022500000000000003,456.20496135611086,918.4099227122217,926.9660135039805,13.49218613088291,0.07411697485464253,0.07411697335434077,geom2,78
mixture,0.003000000000000001,456.20496135611086,918.4099227122217,926.9660135039805,13.492186096053697,0.074116972925317,0.07411697355092148,geom2,78
mixture,0.007250000000000005,456.20496135611086,918.4099227122217,926.9660135039805,13.492186087506534,0.0741169703726299,0.07411697361953709,geom2,78
mixture,0.008750000000000006,456.2049613561109,918.4099227122218,926.9660135039807,13.492186075257266,0.07411697246524745,0.07411697367386161,geom2,78
mixture,0.006000000000000004,456.2049613561109,918.4099227122218,926.9660135039807,13.49218605339691,0.074116971570885,0.07411697379672734,geom2,78
mixture,0.0027500000000000007,456.2049613561109,918.4099227122218,926.9660135039807,13.492186069762338,0.0741169725581878,0.07411697369660229,geom2,78
mixture,0.008250000000000006,456.2049613561109,918.4099227122218,926.9660135039807,13.492185998903606,0.07411697378369461,0.07411697408520926,geom2,78
mixture,0.006750000000000004,456.2049613561109,918.4099227122218,926.9660135039807,13.492185970131324,0.07411697222145848,0.07411697425450031,geom2,78
mixture,0.0047500000000000025,456.2049613561109,918.4099227122218,926.9660135039807,13.492185979734556,0.07411697333743048,0.0741169741920832,geom2,78
mixture,0.005750000000000003,456.2049613561109,918.4099227122218,926.9660135039807,13.49218602693634,0.07411697094390082,0.07411697394599084,geom2,78
mixture,0.004250000000000002,456.2049613561109,918.4099227122218,926.9660135039807,13.492186073358038,0.07411697194235509,0.07411697368110902,geom2,78
mixture,0.0025000000000000005,456.20496135611097,918.4099227122219,926.9660135039808,13.492185961438242,0.07411697421823955,0.0741169742887074,geom2,78
mixture,0.0037500000000000016,456.20496135611097,918.4099227122219,926.9660135039808,13.492186009447463,0.07411697429418221,0.07411697402378693,geom2,78
mixture,0.009750000000000007,456.20496135611097,918.4099227122219,926.9660135039808,13.492186090038087,0.0741169694540921,0.07411697362273463,geom2,78
mixture,0.009500000000000007,456.204961356111,918.409922712222,926.9660135039809,13.492185968026561,0.07411697261316522,0.07411697426806095,geom2,78
mixture,0.006250000000000004,456.204961356111,918.409922712222,926.9660135039809,13.492185990762195,0.07411697256046319,0.07411697413730042,geom2,78
mixture,0.0070000000000000045,456.2049613561111,918.4099227122222,926.966013503981,13.492185964097951,0.0741169734453627,0.07411697427976136,geom2,78
mixture,0.005000000000000003,456.2049613561111,918.4099227122222,926.966013503981,13.49218598662625,0.07411697136251345,0.07411697416417358,geom2,78
mixture,0.009250000000000006,456.2049613561111,918.4099227122222,926.966013503981,13.49218589463939,0.07411697305268777,0.07411697467044333,geom2,78
mixture,0.002,456.20496135611114,918.4099227122223,926.9660135039811,13.492185855594103,0.07411697270208312,0.07411697487431203,geom2,78
null,,456.2049613561103,914.4099227122206,917.2619529761402,13.492186955050965,0.07411696883029313,,geom2,78
sum,,455.0268556663941,912.0537113327882,914.9057415967078,20.272949914861318,0.09865362507179466,,geom2,78
mixture,0.0027500000000000007,494.79658008541253,995.5931601708251,1004.2415659385841,16.121212040654466,0.06203007509290584,0.06203007549905095,geom2,79
mixture,0.0037500000000000016,494.79658008541253,995.5931601708251,1004.2415659385841,16.12121202772139,0.062030075252865115,0.06203007554880681,geom2,79
mixture,0.0035000000000000014,494.79658008541253,995.5931601708251,1004.2415659385841,16.1212121906127,0.062030072953129387,0.06203007492784674,geom2,79
mixture,0.003250000000000001,494.79658008541253,995.5931601708251,1004.2415659385841,16.121211983310378,0.06203007550630028,0.0620300757192708,geom2,79
mixture,0.004000000000000002,494.79658008541253,995.5931601708251,1004.2415659385841,16.121211931447895,0.06203007752125465,0.06203007591169324,geom2,79
mixture,0.002,494.7965800854126,995.5931601708252,1004.2415659385842,16.121211943583916,0.06203007485198937,0.062030075873478335,geom2,79
mixture,0.0047500000000000025,494.7965800854126,995.5931601708252,1004.2415659385842,16.121212084722913,0.062030075308131025,0.062030075328467146,geom2,79
mixture,0.0022500000000000003,494.79658008541264,995.5931601708253,1004.2415659385844,16.12121187560287,0.06203007744909418,0.062030076130040204,geom2,79
mixture,0.004250000000000002,494.79658008541264,995.5931601708253,1004.2415659385844,16.121211987259688,0.06203007679966454,0.06203007569870368,geom2,79
mixture,0.0025000000000000005,494.79658008541264,995.5931601708253,1004.2415659385844,16.121212189562623,0.06203007406496221,0.06203007492713105,geom2,79
mixture,0.003000000000000001,494.7965800854127,995.5931601708254,1004.2415659385845,16.12121213800352,0.06203007479334667,0.06203007512435417,geom2,79
mixture,0.004500000000000002,494.79658008541276,995.5931601708255,1004.2415659385846,16.121212053315723,0.06203007670825745,0.06203007544352565,geom2,79
mixture,0.4,494.79658008541276,995.5931601708255,1004.2415659385846,16.121212942246906,0.06203007290484657,0.06203007144485184,geom2,79
mixture,0.45,494.79658008541276,995.5931601708255,1004.2415659385846,16.121212898873257,0.06203006944350712,0.06203007444756675,geom2,79
mixture,0.3,494.79658008541276,995.5931601708255,1004.2415659385846,16.12121295989381,0.06203007601802899,0.06203007022220088,geom2,79
mixture,0.005500000000000003,494.79658008541287,995.5931601708257,1004.2415659385848,16.12121330934522,0.062030070797854275,0.06203007061535087,geom2,79
mixture,0.15000000000000002,494.79658008541287,995.5931601708257,1004.2415659385848,16.121213068217426,0.06203007420937411,0.06203007107381542,geom2,79
mixture,0.25,494.79658008541287,995.5931601708257,1004.2415659385848,16.12121294873384,0.06203007486980004,0.06203007104858638,geom2,79
mixture,0.5,494.79658008541287,995.5931601708257,1004.2415659385848,16.121212797098767,0.06203007258734056,0.06203007258734056,geom2,79
mixture,0.2,494.79658008541287,995.5931601708257,1004.2415659385848,16.121213112763773,0.06203007443698281,0.06203007060668797,geom2,79
mixture,0.008500000000000006,494.79658008541287,995.5931601708257,1004.2415659385848,16.121213325203204,0.062030070802117546,0.06203007055322178,geom2,79
mixture,0.009750000000000007,494.79658008541287,995.5931601708257,1004.2415659385848,16.12121334921041,0.062030068369321185,0.06203007048357814,geom2,79
mixture,0.007250000000000005,494.79658008541287,995.5931601708257,1004.2415659385848,16.12121330691873,0.06203007125415091,0.062030070621101496,geom2,79
mixture,0.009250000000000006,494.7965800854129,995.5931601708259,1004.2415659385849,16.121213365641978,0.0620300709833622,0.062030070394291016,geom2,79
mixture,0.35000000000000003,494.7965800854129,995.5931601708259,1004.2415659385849,16.12121299018937,0.06203007383320142,0.06203007077347632,geom2,79
mixture,0.009000000000000006,494.796580085413,995.593160170826,1004.241565938585,16.121213532758045,0.06203006951433068,0.06203006975892383,geom2,79
mixture,0.005000000000000003,494.796580085413,995.593160170826,1004.241565938585,16.121213482209352,0.062030067788925614,0.062030069962085974,geom2,79
mixture,0.008750000000000006,494.796580085413,995.593160170826,1004.241565938585,16.12121337461504,0.0620300709873038,0.062030070359722675,geom2,79
mixture,0.007750000000000005,494.796580085413,995.593160170826,1004.241565938585,16.1212134632369,0.06203006955166255,0.062030070027911985,geom2,79
mixture,0.006000000000000004,494.796580085413,995.593160170826,1004.241565938585,16.12121337837684,0.06203006966652921,0.06203007035486965,geom2,79
mixture,0.007500000000000005,494.796580085413,995.593160170826,1004.241565938585,16.121213377291173,0.06203007000383894,0.06203007035756996,geom2,79
mixture,0.006500000000000004,494.796580085413,995.593160170826,1004.241565938585,16.121213503043823,0.06203007002060113,0.06203006987007636,geom2,79
mixture,0.05,494.796580085413,995.593160170826,1004.241565938585,16.12121330536986,0.0620300598116573,0.06203007120112417,geom2,79
mixture,0.008250000000000006,494.796580085413,995.593160170826,1004.241565938585,16.121213395163732,0.062030068984944876,0.06203007029697242,geom2,79
mixture,0.006750000000000004,494.79658008541304,995.5931601708261,1004.2415659385852,16.121213419192173,0.062030069168648866,0.062030070200659315,geom2,79
mixture,0.1,494.79658008541304,995.5931601708261,1004.2415659385852,16.121213279461017,0.06203005435174028,0.06203007255129713,geom2,79
mixture,0.006250000000000004,494.79658008541304,995.5931601708261,1004.2415659385852,16.121213271336394,0.06203007119201617,0.06203007075990159,geom2,79
mixture,0.005750000000000003,494.79658008541304,995.5931601708261,1004.2415659385852,16.121213351277365,0.06203007014079327,0.06203007045682827,geom2,79
mixture,0.005250000000000003,494.79658008541304,995.5931601708261,1004.2415659385852,16.12121342822072,0.06203006972885132,0.06203007016122379,geom2,79
mixture,0.008000000000000005,494.79658008541304,995.5931601708261,1004.2415659385852,16.121213478206847,0.06203006874376944,0.062030069976482444,geom2,79
mixture,0.009500000000000007,494.7965800854131,995.5931601708262,1004.2415659385853,16.12121336653952,0.06203006902584218,0.06203007040943051,geom2,79
mixture,0.0070000000000000045,494.7965800854131,995.5931601708262,1004.2415659385853,16.121213415265924,0.06203006829917687,0.06203007022226198,geom2,79
mixture,0.010000000000000007,494.7965800854131,995.5931601708262,1004.2415659385853,16.121213556867037,0.06203006627910863,0.062030069698148005,geom2,79
null,,494.79658008541384,991.5931601708277,994.4759620934141,16.12121429754004,0.06203006681404834,,geom2,79
sum,,493.83658495578834,989.6731699115767,992.5559718341631,24.24411615734759,0.08249424260384373,,geom2,79
mixture,0.5,427.0261433769675,860.052286753935,868.4643498881348,12.688524675745546,0.07881136897747669,0.07881136897747669,geom2,80
mixture,0.0027500000000000007,427.0261433769676,860.0522867539352,868.464349888135,12.688524059338786,0.07881137381456468,0.07881137280334133,geom2,80
mixture,0.007250000000000005,427.0261433769676,860.0522867539352,868.464349888135,12.688524190025076,0.07881137151669144,0.07881137199788794,geom2,80
mixture,0.005500000000000003,427.0261433769676,860.0522867539352,868.464349888135,12.688524167925735,0.07881137267696342,0.07881137212864768,geom2,80
mixture,0.005250000000000003,427.02614337696764,860.0522867539353,868.4643498881351,12.688524233215569,0.07881137347667462,0.07881137171689424,geom2,80
mixture,0.005000000000000003,427.02614337696764,860.0522867539353,868.4643498881351,12.688524142835515,0.07881137543947594,0.07881137227166556,geom2,80
mixture,0.005750000000000003,427.02614337696764,860.0522867539353,868.4643498881351,12.68852420739037,0.07881137264137941,0.07881137188217395,geom2,80
mixture,0.004000000000000002,427.02614337696764,860.0522867539353,868.4643498881351,12.688524053647386,0.07881137187911358,0.07881137284533771,geom2,80
mixture,0.006250000000000004,427.02614337696764,860.0522867539353,868.4643498881351,12.688524092459051,0.07881136970192829,0.07881137261863394,geom2,80
mixture,0.009750000000000007,427.02614337696764,860.0522867539353,868.4643498881351,12.6885241840165,0.07881137225459352,0.07881137202952551,geom2,80
mixture,0.0070000000000000045,427.02614337696764,860.0522867539353,868.4643498881351,12.688524034449397,0.07881137140222905,0.07881137297170229,geom2,80
mixture,0.007500000000000005,427.02614337696764,860.0522867539353,868.4643498881351,12.688524361210268,0.07881137179577433,0.07881137092459443,geom2,80
mixture,0.006000000000000004,427.02614337696764,860.0522867539353,868.4643498881351,12.68852400241076,0.07881137521337592,0.07881137314731905,geom2,80
mixture,0.006500000000000004,427.02614337696764,860.0522867539353,868.4643498881351,12.688524112373328,0.07881137290919148,0.07881137247388283,geom2,80
mixture,0.003250000000000001,427.02614337696764,860.0522867539353,868.4643498881351,12.68852404238535,0.07881137249859878,0.07881137291276999,geom2,80
mixture,0.0047500000000000025,427.0261433769677,860.0522867539354,868.4643498881352,12.688523971290708,0.07881137663392271,0.07881137333735055,geom2,80
mixture,0.009500000000000007,427.0261433769677,860.0522867539354,868.4643498881352,12.688524078527037,0.07881137257854975,0.0788113726879791,geom2,80
mixture,0.008000000000000005,427.0261433769677,860.0522867539354,868.4643498881352,12.688524229724118,0.07881137358085823,0.07881137173303672,geom2,80
mixture,0.008250000000000006,427.0261433769677,860.0522867539354,868.4643498881352,12.688524229711652,0.07881137347058449,0.07881137173356634,geom2,80
mixture,0.006750000000000004,427.0261433769677,860.0522867539354,868.4643498881352,12.688524096628184,0.07881137337908352,0.07881137256904129,geom2,80
mixture,0.35000000000000003,427.0261433769677,860.0522867539354,868.4643498881352,12.688524977492772,0.07881136141989162,0.07881137016352753,geom2,80
mixture,0.3,427.0261433769677,860.0522867539354,868.4643498881352,12.688525068388198,0.07881135827951045,0.07881137007832777,geom2,80
mixture,0.010000000000000007,427.0261433769677,860.0522867539354,868.4643498881352,12.68852417428412,0.07881137312645443,0.07881137208172269,geom2,80
mixture,0.004500000000000002,427.0261433769677,860.0522867539354,868.4643498881352,12.68852400751129,0.0788113744166392,0.07881137312220989,geom2,80
mixture,0.45,427.0261433769677,860.0522867539354,868.4643498881352,12.688525062223306,0.07881136417713953,0.07881136854047466,geom2,80
mixture,0.25,427.0261433769677,860.0522867539354,868.4643498881352,12.688524945441205,0.07881137052976313,0.07881136622652496,geom2,80
mixture,0.4,427.0261433769677,860.0522867539354,868.4643498881352,12.688524952410747,0.07881136876665358,0.07881136625397267,geom2,80
mixture,0.004250000000000002,427.02614337696775,860.0522867539355,868.4643498881353,12.688524144467644,0.07881137283911553,0.07881137227496944,geom2,80
mixture,0.0037500000000000016,427.02614337696775,860.0522867539355,868.4643498881353,12.688524223274127,0.07881137144666915,0.07881137178916606,geom2,80
mixture,0.002,427.02614337696775,860.0522867539355,868.4643498881353,12.688524074074419,0.07881137192978274,0.07881137271616853,geom2,80
mixture,0.0022500000000000003,427.02614337696775,860.0522867539355,868.4643498881353,12.688524032972971,0.078811372044344,0.07881137297197356,geom2,80
mixture,0.003000000000000001,427.02614337696775,860.0522867539355,868.4643498881353,12.688524161588406,0.07881137243858084,0.07881137217022095,geom2,80
mixture,0.2,427.02614337696775,860.0522867539355,868.4643498881353,12.688525174025965,0.07881135541137405,0.0788113685003339,geom2,80
mixture,0.05,427.02614337696775,860.0522867539355,868.4643498881353,12.688524147495386,0.07881137321595748,0.07881137220817178,geom2,80
mixture,0.1,427.02614337696775,860.0522867539355,868.4643498881353,12.688524019307746,0.0788113762901659,0.07881137269527524,geom2,80
mixture,0.15000000000000002,427.02614337696775,860.0522867539355,868.4643498881353,12.688523935966444,0.07881137939457941,0.07881137254497608,geom2,80
mixture,0.008500000000000006,427.02614337696775,860.0522867539355,868.4643498881353,12.688524128513372,0.07881137404013566,0.07881137236220032,geom2,80
mixture,0.0025000000000000005,427.0261433769678,860.0522867539356,868.4643498881354,12.688524107272885,0.07881137221268449,0.07881137250913349,geom2,80
mixture,0.0035000000000000014,427.0261433769678,860.0522867539356,868.4643498881354,12.688523972191202,0.07881137207098383,0.0788113733518993,geom2,80
mixture,0.009250000000000006,427.0261433769678,860.0522867539356,868.4643498881354,12.688524064323396,0.07881137392821531,0.0788113727643963,geom2,80
mixture,0.008750000000000006,427.0261433769678,860.0522867539356,868.4643498881354,12.688523984776976,0.07881137467566604,0.07881137325682809,geom2,80
mixture,0.009000000000000006,427.0261433769678,860.0522867539356,868.4643498881354,12.688524210257507,0.07881137338965083,0.07881137185491835,geom2,80
mixture,0.007750000000000005,427.02614337696787,860.0522867539357,868.4643498881355,12.688523975668152,0.07881137531669177,0.07881137331027019,geom2,80
null,,427.02614337696764,856.0522867539353,858.8563077986686,12.688525222136407,0.0788113655837165,,geom2,80
sum,,426.9035152144372,855.8070304288744,858.6110514736077,19.201318236043026,0.10415951526941394,,geom2,80
mixture,0.3,422.15301021992,850.30602043984,858.5925422442333,14.07692363701438,0.07103825138498047,0.07103824732023273,geom2,81
mixture,0.006000000000000004,422.1530102199201,850.3060204398402,858.5925422442334,14.076923855193124,0.07103824906254388,0.07103824742883039,geom2,81
mixture,0.4,422.1530102199201,850.3060204398402,858.5925422442334,14.076923457841907,0.07103824370022839,0.07103825327291302,geom2,81
mixture,0.2,422.1530102199201,850.3060204398402,858.5925422442334,14.076923626235388,0.07103823056108317,0.07103825310229622,geom2,81
mixture,0.25,422.1530102199201,850.3060204398402,858.5925422442334,14.07692382025832,0.07103824995189134,0.07103824683594132,geom2,81
mixture,0.45,422.1530102199201,850.3060204398402,858.5925422442334,14.076923483053484,0.07103825012940357,0.0710382486515977,geom2,81
mixture,0.35000000000000003,422.1530102199201,850.3060204398402,858.5925422442334,14.07692364739962,0.07103825092505031,0.07103824717458618,geom2,81
mixture,0.007750000000000005,422.15301021992013,850.3060204398403,858.5925422442335,14.076923847378156,0.07103824865038254,0.07103824746891399,geom2,81
mixture,0.010000000000000007,422.15301021992013,850.3060204398403,858.5925422442335,14.076923994520827,0.07103824431511592,0.07103824675997339,geom2,81
mixture,0.15000000000000002,422.15301021992013,850.3060204398403,858.5925422442335,14.076923738679458,0.07103823267073679,0.07103825073647188,geom2,81
mixture,0.5,422.15301021992013,850.3060204398403,858.5925422442335,14.076923480689736,0.07103824932853882,0.07103824932853882,geom2,81
mixture,0.0022500000000000003,422.1530102199202,850.3060204398404,858.5925422442336,14.076921978821657,0.0710382558404645,0.07103825691002258,geom2,81
mixture,0.006500000000000004,422.1530102199202,850.3060204398404,858.5925422442336,14.076923933868335,0.07103824966554968,0.07103824702443629,geom2,81
mixture,0.006750000000000004,422.1530102199202,850.3060204398404,858.5925422442336,14.076923848824505,0.0710382460316714,0.07103824748055142,geom2,81
mixture,0.004500000000000002,422.1530102199202,850.3060204398404,858.5925422442336,14.076923906754232,0.07103824653357528,0.07103824718134799,geom2,81
mixture,0.003000000000000001,422.1530102199202,850.3060204398404,858.5925422442336,14.076923968661195,0.07103824993201127,0.07103824685679806,geom2,81
mixture,0.009250000000000006,422.1530102199202,850.3060204398404,858.5925422442336,14.076924113463603,0.07103824589643569,0.07103824613751814,geom2,81
mixture,0.007250000000000005,422.1530102199202,850.3060204398404,858.5925422442336,14.076924062387702,0.0710382455532211,0.07103824639917236,geom2,81
mixture,0.005500000000000003,422.15301021992025,850.3060204398405,858.5925422442338,14.076922167589492,0.07103825498047327,0.07103825596040128,geom2,81
mixture,0.007500000000000005,422.15301021992025,850.3060204398405,858.5925422442338,14.076924119994729,0.0710382471003044,0.07103824609478787,geom2,81
mixture,0.1,422.15301021992025,850.3060204398405,858.5925422442338,14.07692385097858,0.07103823375687479,0.07103824898245988,geom2,81
mixture,0.05,422.15301021992025,850.3060204398405,858.5925422442338,14.076923947030444,0.07103824818962028,0.07103824691126401,geom2,81
mixture,0.003250000000000001,422.15301021992025,850.3060204398405,858.5925422442338,14.076923870821895,0.0710382474591589,0.07103824735943903,geom2,81
mixture,0.0037500000000000016,422.1530102199203,850.3060204398406,858.5925422442339,14.076923970159731,0.0710382456137672,0.07103824686314661,geom2,81
mixture,0.009000000000000006,422.1530102199203,850.3060204398406,858.5925422442339,14.076924113497263,0.0710382490769785,0.07103824610840107,geom2,81
mixture,0.008500000000000006,422.1530102199203,850.3060204398406,858.5925422442339,14.076922040851144,0.07103825498897476,0.07103825660835308,geom2,81
mixture,0.009500000000000007,422.1530102199203,850.3060204398406,858.5925422442339,14.076921996215718,0.07103825426643527,0.07103825684432807,geom2,81
mixture,0.006250000000000004,422.1530102199203,850.3060204398406,858.5925422442339,14.076923978005166,0.07103824641506519,0.07103824682140963,geom2,81
mixture,0.005000000000000003,422.1530102199203,850.3060204398406,858.5925422442339,14.076924078706236,0.07103824839479991,0.07103824630021591,geom2,81
mixture,0.0027500000000000007,422.1530102199203,850.3060204398406,858.5925422442339,14.076922160620358,0.07103825465291487,0.07103825599386857,geom2,81
mixture,0.0035000000000000014,422.1530102199203,850.3060204398406,858.5925422442339,14.07692408537509,0.0710382472521375,0.07103824627361006,geom2,81
mixture,0.002,422.1530102199203,850.3060204398406,858.5925422442339,14.07692210276188,0.07103825706064978,0.07103825628059982,geom2,81
mixture,0.0047500000000000025,422.15301021992036,850.3060204398407,858.592542244234,14.0769240693907,0.07103824633258254,0.07103824635781893,geom2,81
mixture,0.004250000000000002,422.15301021992036,850.3060204398407,858.592542244234,14.076924095143841,0.07103824497659668,0.07103824623307761,geom2,81
mixture,0.005750000000000003,422.15301021992036,850.3060204398407,858.592542244234,14.076921954021383,0.07103825800343556,0.0710382570271554,geom2,81
mixture,0.008000000000000005,422.15301021992036,850.3060204398407,858.592542244234,14.076924014981866,0.07103824843274954,0.07103824661774956,geom2,81
mixture,0.008750000000000006,422.15301021992036,850.3060204398407,858.592542244234,14.076921979017442,0.07103825833745515,0.0710382568939978,geom2,81
mixture,0.009750000000000007,422.15301021992036,850.3060204398407,858.592542244234,14.076924041624396,0.07103824886212509,0.07103824647454088,geom2,81
mixture,0.008250000000000006,422.15301021992036,850.3060204398407,858.592542244234,14.076923980277659,0.07103824929322093,0.0710382467867234,geom2,81
mixture,0.005250000000000003,422.1530102199204,850.3060204398408,858.5925422442341,14.076921966824942,0.07103825673034954,0.07103825696941177,geom2,81
mixture,0.0070000000000000045,422.1530102199204,850.3060204398408,858.5925422442341,14.076924227293725,0.07103824532234093,0.07103824556253346,geom2,81
mixture,0.0025000000000000005,422.1530102199204,850.3060204398408,858.5925422442341,14.076921986258357,0.07103825767123866,0.07103825686807935,geom2,81
mixture,0.004000000000000002,422.1530102199204,850.3060204398408,858.5925422442341,14.07692406691149,0.07103824467833209,0.07103824637700491,geom2,81
null,,422.1530102199268,846.3060204398536,849.0681943746513,14.076918463398599,0.07103827464797074,,geom2,81
sum,,421.5750895396637,845.1501790793274,847.9123530141251,21.19965366137624,0.09434116386739896,,geom2,81
mixture,0.5,515.8217708303591,1037.6435416607183,1046.6148394210545,12.795918743461542,0.07814991795809738,0.07814991795809738,geom2,82
mixture,0.009000000000000006,515.8217708303592,1037.6435416607185,1046.6148394210547,12.7959178422175,0.07814992291835157,0.07814992346730493,geom2,82
mixture,0.35000000000000003,515.8217708303592,1037.6435416607185,1046.6148394210547,12.795918820561603,0.07814990779378467,0.07814992270675651,geom2,82
mixture,0.4,515.8217708303592,1037.6435416607185,1046.6148394210547,12.795918786293159,0.07814991402599349,0.07814992014351645,geom2,82
mixture,0.45,515.8217708303592,1037.6435416607185,1046.6148394210547,12.79591876604822,0.07814991757226929,0.07814991802296382,geom2,82
mixture,0.0022500000000000003,515.8217708303594,1037.6435416607187,1046.614839421055,12.795917730447966,0.07814992279017252,0.07814992414804199,geom2,82
mixture,0.004500000000000002,515.8217708303594,1037.6435416607187,1046.614839421055,12.795917676445473,0.07814992269091273,0.07814992448286598,geom2,82
mixture,0.005000000000000003,515.8217708303594,1037.6435416607187,1046.614839421055,12.795917587667095,0.07814992711922869,0.07814992500644428,geom2,82
mixture,0.0070000000000000045,515.8217708303594,1037.6435416607187,1046.614839421055,12.795917629393768,0.07814992209076498,0.0781499247809979,geom2,82
mixture,0.008250000000000006,515.8217708303594,1037.6435416607187,1046.614839421055,12.79591763285107,0.07814992646847722,0.0781499247266813,geom2,82
mixture,0.008750000000000006,515.8217708303594,1037.6435416607187,1046.614839421055,12.795917702904923,0.07814992436680865,0.07814992431273027,geom2,82
mixture,0.007750000000000005,515.8217708303594,1037.6435416607187,1046.614839421055,12.795917536365343,0.07814992730070744,0.07814992531493938,geom2,82
mixture,0.006250000000000004,515.8217708303594,1037.6435416607187,1046.614839421055,12.795917567196899,0.07814992684065153,0.07814992513134494,geom2,82
mixture,0.006750000000000004,515.8217708303594,1037.6435416607187,1046.614839421055,12.795917565056953,0.07814992466752495,0.07814992515841111,geom2,82
mixture,0.006000000000000004,515.8217708303594,1037.6435416607187,1046.614839421055,12.795917704359438,0.07814992221958694,0.07814992431690404,geom2,82
mixture,0.004250000000000002,515.8217708303594,1037.6435416607187,1046.614839421055,12.79591776853056,0.07814992368548025,0.07814992391336928,geom2,82
mixture,0.008500000000000006,515.8217708303594,1037.6435416607187,1046.614839421055,12.795917814793661,0.07814992221747656,0.07814992364196112,geom2,82
mixture,0.3,515.8217708303594,1037.6435416607187,1046.614839421055,12.795919044586087,0.07814990478215816,0.07814992097765673,geom2,82
mixture,0.010000000000000007,515.8217708303594,1037.6435416607187,1046.614839421055,12.795917749692576,0.07814992367516273,0.07814992403101052,geom2,82
mixture,0.2,515.8217708303594,1037.6435416607187,1046.614839421055,12.795918884770822,0.07814990393400137,0.07814992038533,geom2,82
mixture,0.008000000000000005,515.8217708303595,1037.643541660719,1046.6148394210552,12.795917564305604,0.07814992724801657,0.07814992514284505,geom2,82
mixture,0.009750000000000007,515.8217708303595,1037.643541660719,1046.6148394210552,12.795917648004075,0.07814992663033608,0.07814992462899238,geom2,82
mixture,0.007500000000000005,515.8217708303595,1037.643541660719,1046.6148394210552,12.79591756826895,0.07814992128190942,0.07814992516460084,geom2,82
mixture,0.0035000000000000014,515.8217708303595,1037.643541660719,1046.6148394210552,12.795917556124884,0.07814992750068621,0.07814992520160266,geom2,82
mixture,0.25,515.8217708303595,1037.643541660719,1046.6148394210552,12.795918791201057,0.07814990398520998,0.07814992222697455,geom2,82
mixture,0.009250000000000006,515.8217708303595,1037.643541660719,1046.6148394210552,12.795917535851096,0.0781499249576007,0.07814992533697905,geom2,82
mixture,0.006500000000000004,515.8217708303595,1037.643541660719,1046.6148394210552,12.79591768735502,0.07814992509348007,0.07814992440368947,geom2,82
mixture,0.007250000000000005,515.8217708303595,1037.643541660719,1046.6148394210552,12.795917497870526,0.07814992775340247,0.07814992554945412,geom2,82
mixture,0.009500000000000007,515.8217708303595,1037.643541660719,1046.6148394210552,12.795917565453252,0.07814992611243883,0.07814992514347209,geom2,82
mixture,0.005500000000000003,515.8217708303595,1037.643541660719,1046.6148394210552,12.795917486161196,0.07814992458051814,0.07814992564278893,geom2,82
mixture,0.002,515.8217708303596,1037.6435416607192,1046.6148394210554,12.795917476194207,0.07814992876751874,0.07814992569166722,geom2,82
mixture,0.0025000000000000005,515.8217708303596,1037.6435416607192,1046.6148394210554,12.79591741934269,0.07814992780358927,0.07814992604062711,geom2,82
mixture,0.1,515.8217708303596,1037.6435416607192,1046.6148394210554,12.795917438730484,0.0781499290693976,0.07814992557742838,geom2,82
mixture,0.05,515.8217708303596,1037.6435416607192,1046.6148394210554,12.7959180773836,0.07814998267739733,0.07814991883393797,geom2,82
mixture,0.0047500000000000025,515.8217708303596,1037.6435416607192,1046.6148394210554,12.795917500196854,0.07814992882396268,0.07814992553560521,geom2,82
mixture,0.003250000000000001,515.8217708303596,1037.6435416607192,1046.6148394210554,12.795917547118059,0.07814992520399178,0.07814992526485563,geom2,82
mixture,0.005250000000000003,515.8217708303596,1037.6435416607192,1046.6148394210554,12.795917600924763,0.07814992643060878,0.07814992492815027,geom2,82
mixture,0.004000000000000002,515.8217708303596,1037.6435416607192,1046.6148394210554,12.795917543857104,0.0781499231304312,0.078149925293225,geom2,82
mixture,0.003000000000000001,515.8217708303596,1037.6435416607192,1046.6148394210554,12.795917478049889,0.07814992400425383,0.0781499256915474,geom2,82
mixture,0.0027500000000000007,515.8217708303596,1037.6435416607192,1046.6148394210554,12.79591746274943,0.0781499260106732,0.07814992577929541,geom2,82
mixture,0.15000000000000002,515.8217708303596,1037.6435416607192,1046.6148394210554,12.795919081401621,0.07814990304459482,0.0781499181617295,geom2,82
mixture,0.005750000000000003,515.8217708303597,1037.6435416607194,1046.6148394210556,12.795917358261585,0.0781499256363336,0.07814992642260296,geom2,82
mixture,0.0037500000000000016,515.8217708303597,1037.6435416607194,1046.6148394210556,12.79591740670956,0.07814992534687798,0.07814992612510858,geom2,82
null,,515.8217708303595,1033.643541660719,1036.6339742474977,12.795919112769463,0.07814991570258267,,geom2,82
sum,,515.0046694434114,1032.009338886823,1034.9997714736016,19.28422926536789,0.10371168961321957,,geom2,82
mixture,0.0047500000000000025,558.4468897074483,1122.8937794148967,1131.9456189253415,15.357616064184185,0.06511427301967795,0.06511427267065623,geom2,83
mixture,0.0070000000000000045,558.4468897074483,1122.8937794148967,1131.9456189253415,15.35761623686469,0.06511426957874,0.065114271956818,geom2,83
mixture,0.003000000000000001,558.4468897074485,1122.893779414897,1131.9456189253417,15.357616205769553,0.06511426858081396,0.06511427208251586,geom2,83
mixture,0.0035000000000000014,558.4468897074485,1122.893779414897,1131.9456189253417,15.35761612131051,0.06511427075724405,0.06511427243598156,geom2,83
mixture,0.005000000000000003,558.4468897074485,1122.893779414897,1131.9456189253417,15.35761650321632,0.06511427116286184,0.06511427080910684,geom2,83
mixture,0.004500000000000002,558.4468897074485,1122.893779414897,1131.9456189253417,15.357616401716351,0.0651142716833751,0.06511427123922343,geom2,83
mixture,0.004000000000000002,558.4468897074485,1122.893779414897,1131.9456189253417,15.357616157755087,0.06511427308588567,0.06511427227233155,geom2,83
mixture,0.0037500000000000016,558.4468897074485,1122.893779414897,1131.9456189253417,15.357616134184044,0.06511427397292725,0.06511427236951108,geom2,83
mixture,0.005250000000000003,558.4468897074485,1122.893779414897,1131.9456189253417,15.357616119581584,0.06511427192583137,0.0651142724401365,geom2,83
mixture,0.008250000000000006,558.4468897074485,1122.893779414897,1131.9456189253417,15.357616343682336,0.06511427174627442,0.0651142714851242,geom2,83
mixture,0.007500000000000005,558.4468897074485,1122.893779414897,1131.9456189253417,15.357615851523509,0.06511427159366172,0.06511427358893193,geom2,83
mixture,0.007750000000000005,558.4468897074485,1122.893779414897,1131.9456189253417,15.357616542554975,0.06511426979996691,0.0651142706506779,geom2,83
mixture,0.006500000000000004,558.4468897074485,1122.893779414897,1131.9456189253417,15.357616338762883,0.06511426785821822,0.06511427153201622,geom2,83
mixture,0.006750000000000004,558.4468897074485,1122.893779414897,1131.9456189253417,15.357616090920322,0.06511427281479662,0.06511427255721772,geom2,83
mixture,0.006000000000000004,558.4468897074485,1122.893779414897,1131.9456189253417,15.357616120396415,0.0651142713971678,0.06511427244024005,geom2,83
mixture,0.005750000000000003,558.4468897074485,1122.893779414897,1131.9456189253417,15.35761630024455,0.06511426980640062,0.06511427168223524,geom2,83
mixture,0.009750000000000007,558.4468897074485,1122.893779414897,1131.9456189253417,15.357616243522497,0.06511427166152091,0.06511427191440888,geom2,83
mixture,0.009500000000000007,558.4468897074485,1122.893779414897,1131.9456189253417,15.357616143025002,0.06511427200338261,0.06511427234124913,geom2,83
mixture,0.008750000000000006,558.4468897074485,1122.893779414897,1131.9456189253417,15.357616294515507,0.06511426925349945,0.0651142717172978,geom2,83
mixture,0.009250000000000006,558.4468897074485,1122.893779414897,1131.9456189253417,15.357616439813581,0.06511426780311037,0.06511427111028625,geom2,83
mixture,0.008000000000000005,558.4468897074485,1122.893779414897,1131.9456189253417,15.357616257687507,0.06511426727988581,0.06511427188875642,geom2,83
mixture,0.45,558.4468897074485,1122.893779414897,1131.9456189253417,15.35761586000935,0.06511426974860027,0.06511427663839747,geom2,83
mixture,0.35000000000000003,558.4468897074485,1122.893779414897,1131.9456189253417,15.357616620606812,0.06511426769883713,0.0651142717208653,geom2,83
mixture,0.010000000000000007,558.4468897074485,1122.893779414897,1131.9456189253417,15.357616485778385,0.06511426598246675,0.06511427093432878,geom2,83
mixture,0.4,558.4468897074485,1122.893779414897,1131.9456189253417,15.357616638515811,0.06511427075372635,0.06511426989288843,geom2,83
mixture,0.009000000000000006,558.4468897074486,1122.8937794148972,1131.945618925342,15.357616112569904,0.06511427353016737,0.06511427245751109,geom2,83
mixture,0.004250000000000002,558.4468897074486,1122.8937794148972,1131.945618925342,15.357616430090644,0.06511427197366017,0.06511427111727923,geom2,83
mixture,0.3,558.4468897074486,1122.8937794148972,1131.945618925342,15.357616766694841,0.06511427154935569,0.06511426889850674,geom2,83
mixture,0.008500000000000006,558.4468897074486,1122.8937794148972,1131.945618925342,15.357616215342329,0.06511426989704024,0.06511427204972123,geom2,83
mixture,0.0025000000000000005,558.4468897074486,1122.8937794148972,1131.945618925342,15.357616159886476,0.06511427362331325,0.06511427226314855,geom2,83
mixture,0.002,558.4468897074486,1122.8937794148972,1131.945618925342,15.357616224561792,0.0651142723820313,0.06511427199155317,geom2,83
mixture,0.003250000000000001,558.4468897074486,1122.8937794148972,1131.945618925342,15.357616362767473,0.06511427169239832,0.06511427140542757,geom2,83
mixture,0.006250000000000004,558.4468897074487,1122.8937794148974,1131.9456189253422,15.357616073790824,0.06511426971348122,0.06511427264993604,geom2,83
mixture,0.007250000000000005,558.4468897074487,1122.8937794148974,1131.9456189253422,15.357616198987193,0.06511427392388443,0.06511427208745293,geom2,83
mixture,0.0022500000000000003,558.4468897074487,1122.8937794148974,1131.9456189253422,15.357616286282383,0.0651142682350537,0.06511427173852977,geom2,83
mixture,0.005500000000000003,558.4468897074487,1122.8937794148974,1131.9456189253422,15.357616271802566,0.06511427243992708,0.06511427178845637,geom2,83
mixture,0.0027500000000000007,558.4468897074487,1122.8937794148974,1131.9456189253422,15.357616358194846,0.06511427017438869,0.06511427142919829,geom2,83
mixture,0.25,558.4468897074487,1122.8937794148974,1131.9456189253422,15.357616591255844,0.06511426787315505,0.06511427129241454,geom2,83
mixture,0.2,558.4468897074487,1122.8937794148974,1131.9456189253422,15.357616720853272,0.06511426419276571,0.06511427131196325,geom2,83
mixture,0.05,558.4468897074488,1122.8937794148976,1131.9456189253424,15.357616935711444,0.06511427071799084,0.06511426888553028,geom2,83
mixture,0.5,558.4468897074488,1122.8937794148976,1131.9456189253424,15.357616823760031,0.06511426945181253,0.06511426945181253,geom2,83
mixture,0.1,558.4468897074488,1122.8937794148976,1131.9456189253424,15.357616694837034,0.06511427282944557,0.06511426968387166,geom2,83
mixture,0.15000000000000002,558.4468897074489,1122.8937794148978,1131.9456189253426,15.357616817848719,0.06511426222359366,0.06511427075686683,geom2,83
null,,558.4468897074487,1118.8937794148974,1121.9110592517122,15.3576169677392,0.06511426884135986,,geom2,83
sum,,556.5577228919688,1115.1154457839375,1118.1327256207524,22.96968499650734,0.0870712854923396,,geom2,83
mixture,0.4,556.304733909779,1118.609467819558,1127.6011046408503,16.283784500885275,0.06141078729844889,0.06141078459661546,geom2,84
mixture,0.5,556.304733909779,1118.609467819558,1127.6011046408503,16.283784772098024,0.061410784654528365,0.061410784654528365,geom2,84
mixture,0.3,556.304733909779,1118.609467819558,1127.6011046408503,16.2837844688847,0.06141078786764456,0.06141078491105535,geom2,84
mixture,0.002,556.3047339097791,1118.6094678195582,1127.6011046408505,16.283784898927546,0.061410785510193036,0.06141078417354486,geom2,84
mixture,0.35000000000000003,556.3047339097791,1118.6094678195582,1127.6011046408505,16.28378463565403,0.06141077603337775,0.06141079008833232,geom2,84
mixture,0.005750000000000003,556.3047339097791,1118.6094678195582,1127.6011046408505,16.283785006082283,0.06141078585449645,0.061410783760064196,geom2,84
mixture,0.006750000000000004,556.3047339097791,1118.6094678195582,1127.6011046408505,16.28378481253069,0.06141078524934247,0.06141078449696674,geom2,84
mixture,0.45,556.3047339097791,1118.6094678195582,1127.6011046408505,16.283784342447653,0.06141078432745191,0.06141078786819796,geom2,84
mixture,0.1,556.3047339097792,1118.6094678195584,1127.6011046408507,16.28378488118952,0.06141077090682624,0.061410785724923346,geom2,84
mixture,0.15000000000000002,556.3047339097792,1118.6094678195584,1127.6011046408507,16.28378477066798,0.06141076782086223,0.0614107876315211,geom2,84
mixture,0.2,556.3047339097792,1118.6094678195584,1127.6011046408507,16.28378471091503,0.06141078888398607,0.061410783885587135,geom2,84
mixture,0.003000000000000001,556.3047339097792,1118.6094678195584,1127.6011046408507,16.283785053412135,0.06141078386926299,0.0614107835927834,geom2,84
mixture,0.005500000000000003,556.3047339097792,1118.6094678195584,1127.6011046408507,16.283785059839268,0.06141078432924855,0.06141078356517188,geom2,84
mixture,0.009250000000000006,556.3047339097792,1118.6094678195584,1127.6011046408507,16.28378495069593,0.06141078397651191,0.061410783981026625,geom2,84
mixture,0.008500000000000006,556.3047339097792,1118.6094678195584,1127.6011046408507,16.283784914708527,0.06141078083687264,0.061410784144821165,geom2,84
mixture,0.0025000000000000005,556.3047339097792,1118.6094678195584,1127.6011046408507,16.28378506948383,0.061410782949988904,0.0614107835344631,geom2,84
mixture,0.009500000000000007,556.3047339097793,1118.6094678195586,1127.601104640851,16.283785098994823,0.061410783297253496,0.06141078342290122,geom2,84
mixture,0.009000000000000006,556.3047339097793,1118.6094678195586,1127.601104640851,16.283785188961787,0.06141078366031864,0.06141078307716823,geom2,84
mixture,0.009750000000000007,556.3047339097793,1118.6094678195586,1127.601104640851,16.283784931837143,0.06141078161584948,0.06141078407609409,geom2,84
mixture,0.008000000000000005,556.3047339097793,1118.6094678195586,1127.601104640851,16.28378500961482,0.06141078257725964,0.061410783768313396,geom2,84
mixture,0.007500000000000005,556.3047339097793,1118.6094678195586,1127.601104640851,16.283785067018755,0.06141078216084696,0.06141078355273759,geom2,84
mixture,0.008250000000000006,556.3047339097793,1118.6094678195586,1127.601104640851,16.283785003592637,0.061410781124717755,0.06141078380359709,geom2,84
mixture,0.006500000000000004,556.3047339097793,1118.6094678195586,1127.601104640851,16.283785072015817,0.061410783249291806,0.06141078352524678,geom2,84
mixture,0.007750000000000005,556.3047339097793,1118.6094678195586,1127.601104640851,16.283785068488854,0.06141078489813267,0.061410783526121164,geom2,84
mixture,0.005250000000000003,556.3047339097793,1118.6094678195586,1127.601104640851,16.283784992583474,0.061410781839651006,0.06141078383348264,geom2,84
mixture,0.005000000000000003,556.3047339097793,1118.6094678195586,1127.601104640851,16.283784845245478,0.06141078484510426,0.06141078437632462,geom2,84
mixture,0.004000000000000002,556.3047339097793,1118.6094678195586,1127.601104640851,16.283785061961247,0.061410784097275566,0.061410783559219494,geom2,84
mixture,0.0047500000000000025,556.3047339097793,1118.6094678195586,1127.601104640851,16.283785001826057,0.06141078611588614,0.061410783777049144,geom2,84
mixture,0.006250000000000004,556.3047339097793,1118.6094678195586,1127.601104640851,16.28378517602564,0.06141078166528358,0.06141078314042209,geom2,84
mixture,0.003250000000000001,556.3047339097793,1118.6094678195586,1127.601104640851,16.283785170505453,0.06141078209909802,0.06141078315545381,geom2,84
mixture,0.0037500000000000016,556.3047339097793,1118.6094678195586,1127.601104640851,16.283785169137833,0.06141078204833238,0.06141078316135216,geom2,84
mixture,0.0027500000000000007,556.3047339097793,1118.6094678195586,1127.601104640851,16.283784954790793,0.061410783433416126,0.061410783967009344,geom2,84
mixture,0.25,556.3047339097793,1118.6094678195586,1127.601104640851,16.283784820824806,0.061410788186505985,0.06141078323218585,geom2,84
mixture,0.010000000000000007,556.3047339097793,1118.6094678195586,1127.601104640851,16.283785119041543,0.06141077817764313,0.06141078339831239,geom2,84
mixture,0.05,556.3047339097793,1118.6094678195586,1127.601104640851,16.283785022109182,0.06141078622910053,0.061410783579168585,geom2,84
mixture,0.008750000000000006,556.3047339097794,1118.6094678195589,1127.6011046408512,16.28378507803161,0.061410781978764005,0.06141078351420088,geom2,84
mixture,0.004500000000000002,556.3047339097794,1118.6094678195589,1127.6011046408512,16.28378518460993,0.06141078182461155,0.061410783104588564,geom2,84
mixture,0.0022500000000000003,556.3047339097794,1118.6094678195589,1127.6011046408512,16.283785135992137,0.06141078243535076,0.06141078328408985,geom2,84
mixture,0.004250000000000002,556.3047339097794,1118.6094678195589,1127.6011046408512,16.283785246515357,0.06141078201312984,0.06141078286900316,geom2,84
mixture,0.006000000000000004,556.3047339097794,1118.6094678195589,1127.6011046408512,16.283785122494763,0.061410783526196104,0.06141078333191694,geom2,84
mixture,0.007250000000000005,556.3047339097794,1118.6094678195589,1127.6011046408512,16.283785220759302,0.06141078473205162,0.061410782949576144,geom2,84
mixture,0.0035000000000000014,556.3047339097795,1118.609467819559,1127.6011046408514,16.28378512756033,0.061410784755342805,0.06141078330891644,geom2,84
mixture,0.0070000000000000045,556.3047339097795,1118.609467819559,1127.6011046408514,16.283785294695615,0.06141077937138122,0.06141078270701368,geom2,84
null,,556.3047339097811,1114.6094678195623,1117.6066800933263,16.283786423193767,0.06141077842777726,,geom2,84
sum,,555.3984270926101,1112.7968541852201,1115.7940664589842,24.492072575020785,0.08165907535484684,,geom2,84
mixture,0.002,527.0340289127489,1060.0680578254978,1068.9774977242257,14.798610906991126,0.06757391071328457,0.06757390989334779,geom2,85
mixture,0.0037500000000000016,527.0340289127489,1060.0680578254978,1068.9774977242257,14.798610821274126,0.06757391038101515,0.06757391028603531,geom2,85
mixture,0.0035000000000000014,527.0340289127489,1060.0680578254978,1068.9774977242257,14.798610787510894,0.06757390907906641,0.06757391044534426,geom2,85
mixture,0.003250000000000001,527.0340289127489,1060.0680578254978,1068.9774977242257,14.798610743471526,0.06757391109079602,0.06757391064019184,geom2,85
mixture,0.005000000000000003,527.0340289127489,1060.0680578254978,1068.9774977242257,14.798610911585257,0.06757390785618728,0.0675739098841496,geom2,85
mixture,0.005250000000000003,527.0340289127489,1060.0680578254978,1068.9774977242257,14.798610769571114,0.06757390713484135,0.06757391054035847,geom2,85
mixture,0.005750000000000003,527.0340289127489,1060.0680578254978,1068.9774977242257,14.798610840331897,0.06757390872468777,0.06757391020789771,geom2,85
mixture,0.004000000000000002,527.0340289127489,1060.0680578254978,1068.9774977242257,14.798610943458526,0.06757390736420396,0.06757390973796405,geom2,85
mixture,0.008000000000000005,527.0340289127489,1060.0680578254978,1068.9774977242257,14.79861077687681,0.06757390686409631,0.06757391051835406,geom2,85
mixture,0.008500000000000006,527.0340289127489,1060.0680578254978,1068.9774977242257,14.798610724955946,0.06757391043783152,0.06757391072867494,geom2,85
mixture,0.009500000000000007,527.0340289127489,1060.0680578254978,1068.9774977242257,14.798610953516361,0.06757390771829602,0.06757390970138191,geom2,85
mixture,0.009000000000000006,527.0340289127489,1060.0680578254978,1068.9774977242257,14.798610853676728,0.06757390749728212,0.06757391016241988,geom2,85
mixture,0.006750000000000004,527.0340289127489,1060.0680578254978,1068.9774977242257,14.798610742001483,0.06757390693630817,0.06757391067359557,geom2,85
mixture,0.0070000000000000045,527.0340289127489,1060.0680578254978,1068.9774977242257,14.798610984712134,0.06757390700986199,0.0675739095579319,geom2,85
mixture,0.006000000000000004,527.0340289127489,1060.0680578254978,1068.9774977242257,14.798610939993008,0.06757390846401831,0.06757390975202139,geom2,85
mixture,0.010000000000000007,527.0340289127489,1060.0680578254978,1068.9774977242257,14.798610498994043,0.06757390906590882,0.0675739117851904,geom2,85
mixture,0.45,527.0340289127489,1060.0680578254978,1068.9774977242257,14.798611720223647,0.06757390111461664,0.06757391032727504,geom2,85
mixture,0.008250000000000006,527.034028912749,1060.068057825498,1068.977497724226,14.798610748152745,0.06757391079768431,0.06757391061880502,geom2,85
mixture,0.009250000000000006,527.034028912749,1060.068057825498,1068.977497724226,14.798610806935999,0.06757390872108784,0.06757391036708822,geom2,85
mixture,0.005500000000000003,527.034028912749,1060.068057825498,1068.977497724226,14.798610692244129,0.06757391185350724,0.06757391087016418,geom2,85
mixture,0.0022500000000000003,527.034028912749,1060.068057825498,1068.977497724226,14.798610685989544,0.06757391194500949,0.0675739109017852,geom2,85
mixture,0.0027500000000000007,527.034028912749,1060.068057825498,1068.977497724226,14.798610720611576,0.06757391154729281,0.06757391074383066,geom2,85
mixture,0.007750000000000005,527.034028912749,1060.068057825498,1068.977497724226,14.798610773182235,0.06757390841870314,0.0675739105222931,geom2,85
mixture,0.007250000000000005,527.034028912749,1060.068057825498,1068.977497724226,14.798610661179334,0.06757391093543139,0.06757391101802045,geom2,85
mixture,0.009750000000000007,527.034028912749,1060.068057825498,1068.977497724226,14.798610663339938,0.06757390658433199,0.06757391105110691,geom2,85
mixture,0.007500000000000005,527.034028912749,1060.068057825498,1068.977497724226,14.798610626005294,0.0675739105312058,0.06757391118292243,geom2,85
mixture,0.004500000000000002,527.034028912749,1060.068057825498,1068.977497724226,14.798610663091846,0.06757390850419326,0.06757391102000987,geom2,85
mixture,0.004250000000000002,527.034028912749,1060.068057825498,1068.977497724226,14.798610851372551,0.06757390969428939,0.06757391015089563,geom2,85
mixture,0.35000000000000003,527.034028912749,1060.068057825498,1068.977497724226,14.798611542998291,0.06757391010034673,0.06757390531647602,geom2,85
mixture,0.0047500000000000025,527.0340289127491,1060.0680578254983,1068.9774977242262,14.79861079682212,0.06757390970095506,0.06757391040137203,geom2,85
mixture,0.0025000000000000005,527.0340289127491,1060.0680578254983,1068.9774977242262,14.798610755804825,0.06757390973812652,0.06757391058746294,geom2,85
mixture,0.003000000000000001,527.0340289127491,1060.0680578254983,1068.9774977242262,14.798610718398995,0.06757391034076099,0.06757391075739323,geom2,85
mixture,0.008750000000000006,527.0340289127491,1060.0680578254983,1068.9774977242262,14.79861054733873,0.06757391210256408,0.06757391153225423,geom2,85
mixture,0.006250000000000004,527.0340289127491,1060.0680578254983,1068.9774977242262,14.79861065513219,0.06757390921793732,0.06757391105652552,geom2,85
mixture,0.006500000000000004,527.0340289127491,1060.0680578254983,1068.9774977242262,14.798610619222213,0.06757391015305311,0.0675739112159163,geom2,85
mixture,0.15000000000000002,527.0340289127491,1060.0680578254983,1068.9774977242262,14.79861185429937,0.06757388600997521,0.06757390902101437,geom2,85
mixture,0.25,527.0340289127491,1060.0680578254983,1068.9774977242262,14.798611790642417,0.06757391053818375,0.0675739043006455,geom2,85
mixture,0.2,527.0340289127491,1060.0680578254983,1068.9774977242262,14.798611795360484,0.0675739105811767,0.06757390465281363,geom2,85
mixture,0.3,527.0340289127491,1060.0680578254983,1068.9774977242262,14.798611656709866,0.06757391067676283,0.06757390466938346,geom2,85
mixture,0.05,527.0340289127491,1060.0680578254983,1068.9774977242262,14.798612030602616,0.06757390554872857,0.06757390472303097,geom2,85
mixture,0.5,527.0340289127491,1060.0680578254983,1068.9774977242262,14.798611766628659,0.06757390596968237,0.06757390596968237,geom2,85
mixture,0.4,527.0340289127491,1060.0680578254983,1068.9774977242262,14.798611741008742,0.06757389689434856,0.06757391221488379,geom2,85
mixture,0.1,527.0340289127492,1060.0680578254985,1068.9774977242264,14.798611964342923,0.06757390800291893,0.06757390474064572,geom2,85
null,,527.0340289127494,1056.0680578254987,1059.0378711250746,14.798612146544036,0.06757390423490037,,geom2,85
sum,,527.1462467985805,1056.292493597161,1059.2623068967368,22.420800675442635,0.0892028803498792,,geom2,85
mixture,0.0022500000000000003,417.1328315769873,840.2656631539746,848.4211597678599,15.750000172400751,0.06349206419230456,0.06349206279392798,geom2,86
mixture,0.0027500000000000007,417.1328315769873,840.2656631539746,848.4211597678599,15.750000439132243,0.06349206099362703,0.06349206172382318,geom2,86
mixture,0.0037500000000000016,417.1328315769873,840.2656631539746,848.4211597678599,15.750000351056723,0.06349206144307282,0.06349206207925455,geom2,86
mixture,0.0047500000000000025,417.1328315769873,840.2656631539746,848.4211597678599,15.750000350029312,0.06349206142160249,0.06349206208415775,geom2,86
mixture,0.0070000000000000045,417.1328315769873,840.2656631539746,848.4211597678599,15.750000212771939,0.0634920627968751,0.06349206263318245,geom2,86
mixture,0.008250000000000006,417.1328315769873,840.2656631539746,848.4211597678599,15.75000033902958,0.06349206179847218,0.0634920621280724,geom2,86
mixture,0.006000000000000004,417.1328315769873,840.2656631539746,848.4211597678599,15.750000171300407,0.06349206272125535,0.06349206280199451,geom2,86
mixture,0.004500000000000002,417.13283157698737,840.2656631539747,848.42115976786,15.750000547252533,0.06349206118176723,0.06349206128642708,geom2,86
mixture,0.006500000000000004,417.13283157698737,840.2656631539747,848.42115976786,15.750000506534885,0.06349206235558001,0.06349206144417466,geom2,86
mixture,0.008500000000000006,417.13283157698737,840.2656631539747,848.42115976786,15.750000277909631,0.06349206222100626,0.06349206237303474,geom2,86
mixture,0.009500000000000007,417.13283157698737,840.2656631539747,848.42115976786,15.75000036009221,0.06349206330781003,0.06349206202828919,geom2,86
mixture,0.009750000000000007,417.13283157698737,840.2656631539747,848.42115976786,15.750000270453814,0.06349206277326791,0.06349206239814122,geom2,86
mixture,0.005250000000000003,417.13283157698737,840.2656631539747,848.42115976786,15.750000271012617,0.06349206207986756,0.0634920624012332,geom2,86
mixture,0.0035000000000000014,417.1328315769874,840.2656631539749,848.4211597678601,15.750000596023396,0.06349206072802888,0.06349206109061803,geom2,86
mixture,0.0025000000000000005,417.1328315769874,840.2656631539749,848.4211597678601,15.750000570251432,0.06349206077455516,0.06349206119429132,geom2,86
mixture,0.002,417.1328315769874,840.2656631539749,848.4211597678601,15.750000364306262,0.06349206134495618,0.0634920620248165,geom2,86
mixture,0.008750000000000006,417.1328315769874,840.2656631539749,848.4211597678601,15.750000734888898,0.06349205912629717,0.06349206054193537,geom2,86
mixture,0.005750000000000003,417.1328315769874,840.2656631539749,848.4211597678601,15.7500004058306,0.06349206185852851,0.06349206185604786,geom2,86
mixture,0.005000000000000003,417.1328315769874,840.2656631539749,848.4211597678601,15.750000121316946,0.06349206443327567,0.06349206299581822,geom2,86
mixture,0.004000000000000002,417.1328315769874,840.2656631539749,848.4211597678601,15.750000603413014,0.06349205995050808,0.06349206106401364,geom2,86
mixture,0.004250000000000002,417.1328315769874,840.2656631539749,848.4211597678601,15.750000422544865,0.06349206202225213,0.06349206178768597,geom2,86
mixture,0.003000000000000001,417.1328315769874,840.2656631539749,848.4211597678601,15.75000069342489,0.06349206012729748,0.06349206069841333,geom2,86
mixture,0.003250000000000001,417.1328315769874,840.2656631539749,848.4211597678601,15.750000484023143,0.06349206132099035,0.06349206154156593,geom2,86
mixture,0.006250000000000004,417.1328315769874,840.2656631539749,848.4211597678601,15.750000225872137,0.06349206297252775,0.06349206257905905,geom2,86
mixture,0.008000000000000005,417.1328315769874,840.2656631539749,848.4211597678601,15.750000433423214,0.0634920620361276,0.06349206174248044,geom2,86
mixture,0.007750000000000005,417.1328315769874,840.2656631539749,848.4211597678601,15.750000557734095,0.06349206021638651,0.06349206125172627,geom2,86
mixture,0.007500000000000005,417.1328315769874,840.2656631539749,848.4211597678601,15.75000047251824,0.06349206172840775,0.06349206158616127,geom2,86
mixture,0.006750000000000004,417.1328315769874,840.2656631539749,848.4211597678601,15.750000313241879,0.06349206114316314,0.06349206223669097,geom2,86
mixture,0.45,417.1328315769874,840.2656631539749,848.4211597678601,15.750000639914553,0.06349205851373595,0.06349206287496725,geom2,86
mixture,0.010000000000000007,417.1328315769874,840.2656631539749,848.4211597678601,15.750000446829839,0.06349206284920632,0.06349206167908304,geom2,86
mixture,0.005500000000000003,417.1328315769875,840.265663153975,848.4211597678602,15.75000054614378,0.06349206073343665,0.06349206129350614,geom2,86
mixture,0.007250000000000005,417.1328315769875,840.265663153975,848.4211597678602,15.750000398348456,0.06349206180724583,0.06349206188680123,geom2,86
mixture,0.4,417.1328315769875,840.265663153975,848.4211597678602,15.750000728856314,0.06349205484337303,0.06349206436086413,geom2,86
mixture,0.009250000000000006,417.1328315769875,840.265663153975,848.4211597678602,15.7500003310238,0.06349206227879924,0.06349206215649512,geom2,86
mixture,0.5,417.1328315769875,840.265663153975,848.4211597678602,15.750000584189905,0.06349206113705262,0.06349206113705262,geom2,86
mixture,0.009000000000000006,417.13283157698754,840.2656631539751,848.4211597678603,15.750000288049039,0.06349206246886206,0.06349206232961487,geom2,86
mixture,0.35000000000000003,417.13283157698754,840.2656631539751,848.4211597678603,15.750000823130241,0.06349206364648942,0.06349205830393102,geom2,86
mixture,0.1,417.13283157698754,840.2656631539751,848.4211597678603,15.750001008967319,0.06349206195151585,0.0634920591439118,geom2,86
mixture,0.15000000000000002,417.13283157698754,840.2656631539751,848.4211597678603,15.750000871808055,0.06349204284717268,0.06349206300061087,geom2,86
mixture,0.2,417.13283157698754,840.2656631539751,848.4211597678603,15.750000717399102,0.06349204285810056,0.0634920650355441,geom2,86
mixture,0.25,417.1328315769876,840.2656631539752,848.4211597678604,15.75000073436568,0.06349206543978587,0.06349205889561524,geom2,86
mixture,0.3,417.1328315769876,840.2656631539752,848.4211597678604,15.750000797983049,0.0634920645157861,0.06349205845780723,geom2,86
mixture,0.05,417.13283157698766,840.2656631539753,848.4211597678606,15.75000118002924,0.0634920611677248,0.06349205860704635,geom2,86
null,,417.13283157698766,836.2656631539753,838.9841620252704,15.750001035976744,0.06349205931579067,,geom2,86
sum,,417.11727243263744,836.2345448652749,838.95304373657,23.83888313601313,0.08389654786211954,,geom2,86
mixture,0.0035000000000000014,471.7745622428571,949.5491244857142,958.105215277473,15.171875185303849,0.0659114296884376,0.06591143071246869,geom2,87
mixture,0.003000000000000001,471.7745622428571,949.5491244857142,958.105215277473,15.171875129270036,0.06591143104347469,0.0659114309520389,geom2,87
mixture,0.004000000000000002,471.7745622428571,949.5491244857142,958.105215277473,15.17187504709339,0.06591143044222453,0.06591143131279688,geom2,87
mixture,0.006250000000000004,471.7745622428571,949.5491244857142,958.105215277473,15.171875105714614,0.06591142992707508,0.06591143106173707,geom2,87
mixture,0.008500000000000006,471.7745622428571,949.5491244857142,958.105215277473,15.171875118478928,0.06591143024878127,0.06591143100562638,geom2,87
mixture,0.0037500000000000016,471.77456224285714,949.5491244857143,958.1052152774731,15.17187505670089,0.0659114315938929,0.06591143126634827,geom2,87
mixture,0.0047500000000000025,471.77456224285714,949.5491244857143,958.1052152774731,15.17187519013258,0.06591143099216881,0.0659114306864549,geom2,87
mixture,0.0025000000000000005,471.77456224285714,949.5491244857143,958.1052152774731,15.171875280995915,0.06591142986716415,0.06591143029423563,geom2,87
mixture,0.007250000000000005,471.77456224285714,949.5491244857143,958.1052152774731,15.17187558942674,0.06591142969357133,0.06591142894784024,geom2,87
mixture,0.007500000000000005,471.77456224285714,949.5491244857143,958.1052152774731,15.171875248112793,0.06591142860936412,0.0659114304498261,geom2,87
mixture,0.009250000000000006,471.77456224285714,949.5491244857143,958.1052152774731,15.171875031492506,0.06591143074508647,0.06591143138299038,geom2,87
mixture,0.004250000000000002,471.7745622428572,949.5491244857144,958.1052152774732,15.171874964872362,0.06591142933891285,0.06591143167644328,geom2,87
mixture,0.005250000000000003,471.7745622428572,949.5491244857144,958.1052152774732,15.171875257047157,0.06591143003850436,0.06591143039910206,geom2,87
mixture,0.005750000000000003,471.7745622428572,949.5491244857144,958.1052152774732,15.171875252816685,0.0659114301371068,0.06591143041719796,geom2,87
mixture,0.002,471.7745622428572,949.5491244857144,958.1052152774732,15.171875201931979,0.06591143065443256,0.06591143063661108,geom2,87
mixture,0.0027500000000000007,471.7745622428572,949.5491244857144,958.1052152774732,15.171875235220275,0.06591143072334459,0.06591143049139395,geom2,87
mixture,0.009750000000000007,471.7745622428572,949.5491244857144,958.1052152774732,15.171875205990197,0.06591142884733246,0.06591143063646053,geom2,87
mixture,0.008250000000000006,471.7745622428572,949.5491244857144,958.1052152774732,15.171875079667027,0.06591143131405264,0.0659114311665878,geom2,87
mixture,0.0070000000000000045,471.7745622428572,949.5491244857144,958.1052152774732,15.171875227674779,0.0659114283561758,0.0659114305400993,geom2,87
mixture,0.006750000000000004,471.7745622428572,949.5491244857144,958.1052152774732,15.171875176438657,0.06591143030354256,0.06591143075041415,geom2,87
mixture,0.004500000000000002,471.7745622428572,949.5491244857144,958.1052152774732,15.17187497248736,0.06591143105730922,0.06591143163603107,geom2,87
mixture,0.009000000000000006,471.7745622428572,949.5491244857144,958.1052152774732,15.171875217225349,0.06591142962331493,0.0659114305788069,geom2,87
mixture,0.4,471.7745622428572,949.5491244857144,958.1052152774732,15.171875635126714,0.0659114299707147,0.06591142794404298,geom2,87
mixture,0.3,471.7745622428572,949.5491244857144,958.1052152774732,15.171875570474446,0.06591142422558138,0.06591143109701042,geom2,87
mixture,0.5,471.7745622428572,949.5491244857144,958.1052152774732,15.171875643349388,0.06591142871898975,0.06591142871898975,geom2,87
mixture,0.008750000000000006,471.77456224285726,949.5491244857145,958.1052152774733,15.171874956008924,0.06591143188066119,0.06591143170346388,geom2,87
mixture,0.008000000000000005,471.77456224285726,949.5491244857145,958.1052152774733,15.171875120028346,0.06591142945775091,0.06591143100483873,geom2,87
mixture,0.0022500000000000003,471.77456224285726,949.5491244857145,958.1052152774733,15.171875153542901,0.06591143179999225,0.06591143084471482,geom2,87
mixture,0.010000000000000007,471.77456224285726,949.5491244857145,958.1052152774733,15.171874987765774,0.06591143236324282,0.06591143155901022,geom2,87
mixture,0.009500000000000007,471.77456224285726,949.5491244857145,958.1052152774733,15.171875242580125,0.06591142999965365,0.06591143046447409,geom2,87
mixture,0.006500000000000004,471.77456224285726,949.5491244857145,958.1052152774733,15.171875130717666,0.0659114308584343,0.06591143094659731,geom2,87
mixture,0.003250000000000001,471.7745622428573,949.5491244857146,958.1052152774735,15.171875233835054,0.06591142971817271,0.06591143050059252,geom2,87
mixture,0.006000000000000004,471.7745622428573,949.5491244857146,958.1052152774735,15.171875232929462,0.06591142958758858,0.06591143050750332,geom2,87
mixture,0.007750000000000005,471.7745622428573,949.5491244857146,958.1052152774735,15.171875197559794,0.0659114295932166,0.06591143066393897,geom2,87
mixture,0.005000000000000003,471.7745622428573,949.5491244857146,958.1052152774735,15.17187520496103,0.06591142998125582,0.06591143062671485,geom2,87
mixture,0.005500000000000003,471.7745622428573,949.5491244857146,958.1052152774735,15.171875010069414,0.06591143000794338,0.06591143147824513,geom2,87
mixture,0.35000000000000003,471.7745622428573,949.5491244857146,958.1052152774735,15.171875736357592,0.06591142995552861,0.06591142743153491,geom2,87
mixture,0.45,471.7745622428573,949.5491244857146,958.1052152774735,15.171875637483538,0.06591142724949997,0.06591142996763255,geom2,87
mixture,0.2,471.77456224285737,949.5491244857147,958.1052152774736,15.171875689619318,0.06591142132730063,0.06591143031564826,geom2,87
mixture,0.15000000000000002,471.7745622428574,949.5491244857149,958.1052152774737,15.171875900258362,0.06591143054202533,0.06591142708422602,geom2,87
mixture,0.25,471.7745622428574,949.5491244857149,958.1052152774737,15.171875754821443,0.06591142306494058,0.06591142995797983,geom2,87
mixture,0.05,471.7745622428574,949.5491244857149,958.1052152774737,15.17187591901357,0.06591142961309908,0.06591142741132883,geom2,87
mixture,0.1,471.7745622428574,949.5491244857149,958.1052152774737,15.171875970728568,0.0659114295717432,0.06591142704397414,geom2,87
null,,471.7745622428574,945.5491244857149,948.4011547496344,15.171876011341975,0.06591142712031355,,geom2,87
sum,,471.49519483510414,944.9903896702083,947.8424199341279,22.94680580653138,0.08715810021065055,,geom2,87
mixture,0.0027500000000000007,505.47747015336716,1016.9549403067343,1025.7583621061265,14.467625276869674,0.06911984262189086,0.06911984385217057,geom2,88
mixture,0.003000000000000001,505.4774701533673,1016.9549403067346,1025.7583621061267,14.467625188770684,0.06911984541944488,0.06911984426622522,geom2,88
mixture,0.004000000000000002,505.4774701533673,1016.9549403067346,1025.7583621061267,14.467625264347554,0.0691198471358022,0.06911984389565179,geom2,88
mixture,0.3,505.4774701533673,1016.9549403067346,1025.7583621061267,14.467626741302201,0.06911983940615153,0.06911983575791264,geom2,88
mixture,0.25,505.4774701533673,1016.9549403067346,1025.7583621061267,14.467626526480975,0.06911984152818679,0.0691198366622096,geom2,88
mixture,0.5,505.4774701533673,1016.9549403067346,1025.7583621061267,14.467626431876392,0.06911983833068215,0.06911983833068215,geom2,88
mixture,0.005750000000000003,505.47747015336734,1016.9549403067347,1025.7583621061267,14.467625311732506,0.06911984343423129,0.0691198436836625,geom2,88
mixture,0.0022500000000000003,505.47747015336734,1016.9549403067347,1025.7583621061267,14.467625107032696,0.06911984378767597,0.06911984466216003,geom2,88
mixture,0.008250000000000006,505.47747015336734,1016.9549403067347,1025.7583621061267,14.467625234056767,0.06911984433890604,0.06911984405095262,geom2,88
mixture,0.008500000000000006,505.47747015336734,1016.9549403067347,1025.7583621061267,14.46762539453011,0.06911984224360283,0.06911984329560034,geom2,88
mixture,0.008750000000000006,505.47747015336734,1016.9549403067347,1025.7583621061267,14.467625287476737,0.06911984244389004,0.06911984381006553,geom2,88
mixture,0.009250000000000006,505.47747015336734,1016.9549403067347,1025.7583621061267,14.46762523787046,0.06911984268515857,0.06911984404771172,geom2,88
mixture,0.009750000000000007,505.47747015336734,1016.9549403067347,1025.7583621061267,14.467626764844589,0.06911983737983551,0.06911983673360858,geom2,88
mixture,0.004500000000000002,505.47747015336734,1016.9549403067347,1025.7583621061267,14.467625214174387,0.0691198468688848,0.06911984413601946,geom2,88
mixture,0.004250000000000002,505.47747015336734,1016.9549403067347,1025.7583621061267,14.467625027421455,0.06911984642233031,0.06911984503464168,geom2,88
mixture,0.009500000000000007,505.47747015336734,1016.9549403067347,1025.7583621061267,14.467625100691459,0.0691198439962094,0.06911984469714695,geom2,88
mixture,0.35000000000000003,505.47747015336734,1016.9549403067347,1025.7583621061267,14.467626587397788,0.06911984008204552,0.0691198362445457,geom2,88
mixture,0.007500000000000005,505.47747015336734,1016.9549403067347,1025.7583621061267,14.467625245557075,0.06911984206215938,0.06911984401301632,geom2,88
mixture,0.007750000000000005,505.47747015336734,1016.9549403067347,1025.7583621061267,14.46762515370611,0.06911984380330953,0.06911984444215882,geom2,88
mixture,0.45,505.47747015336734,1016.9549403067347,1025.7583621061267,14.467626486598595,0.06911983787963767,0.06911983822437641,geom2,88
mixture,0.006500000000000004,505.47747015336734,1016.9549403067347,1025.7583621061267,14.467625073784513,0.06911984608285003,0.06911984481076888,geom2,88
mixture,0.003250000000000001,505.4774701533674,1016.9549403067348,1025.758362106127,14.467625184225081,0.06911984370878689,0.06911984429330141,geom2,88
mixture,0.006250000000000004,505.4774701533674,1016.9549403067348,1025.758362106127,14.467625031179805,0.06911984729714986,0.0691198450082782,geom2,88
mixture,0.006000000000000004,505.4774701533674,1016.9549403067348,1025.758362106127,14.467625342891106,0.06911984316390041,0.0691198435355966,geom2,88
mixture,0.010000000000000007,505.4774701533674,1016.9549403067348,1025.758362106127,14.467625097427662,0.06911984454240958,0.06911984470773425,geom2,88
mixture,0.2,505.4774701533674,1016.9549403067348,1025.758362106127,14.467626580554104,0.06911984213826958,0.06911983649089101,geom2,88
mixture,0.4,505.4774701533674,1016.9549403067348,1025.758362106127,14.467626555943342,0.06911983912318917,0.06911983681445032,geom2,88
mixture,0.007250000000000005,505.4774701533674,1016.9549403067348,1025.758362106127,14.467625302317394,0.06911984392802384,0.06911984372574294,geom2,88
mixture,0.0070000000000000045,505.4774701533674,1016.9549403067348,1025.758362106127,14.467625227006167,0.06911984189128835,0.06911984410249127,geom2,88
mixture,0.005500000000000003,505.4774701533674,1016.9549403067348,1025.758362106127,14.467625101632883,0.06911984318862736,0.06911984469427138,geom2,88
mixture,0.0037500000000000016,505.4774701533674,1016.9549403067348,1025.758362106127,14.467625092634087,0.06911984376006185,0.06911984473262969,geom2,88
mixture,0.0035000000000000014,505.47747015336745,1016.9549403067349,1025.758362106127,14.467625290141028,0.06911984396332281,0.06911984378475773,geom2,88
mixture,0.006750000000000004,505.47747015336745,1016.9549403067349,1025.758362106127,14.467625209726224,0.0691198439854195,0.06911984417082014,geom2,88
mixture,0.009000000000000006,505.47747015336745,1016.9549403067349,1025.758362106127,14.467625101446588,0.06911984214751134,0.06911984470994224,geom2,88
mixture,0.0047500000000000025,505.47747015336745,1016.9549403067349,1025.758362106127,14.467625146115212,0.06911984303446396,0.06911984448034157,geom2,88
mixture,0.005250000000000003,505.4774701533675,1016.954940306735,1025.7583621061272,14.467625119513084,0.0691198444323464,0.06911984460145455,geom2,88
mixture,0.005000000000000003,505.4774701533675,1016.954940306735,1025.7583621061272,14.467625166710937,0.06911984396079847,0.06911984437715829,geom2,88
mixture,0.008000000000000005,505.4774701533675,1016.954940306735,1025.7583621061272,14.467625172016765,0.06911984513928464,0.06911984434336021,geom2,88
mixture,0.002,505.4774701533675,1016.954940306735,1025.7583621061272,14.467625250237987,0.06911984363962241,0.06911984397669574,geom2,88
mixture,0.1,505.47747015336756,1016.9549403067351,1025.7583621061272,14.467626939187491,0.06911982847696546,0.069119836732534,geom2,88
mixture,0.15000000000000002,505.47747015336756,1016.9549403067351,1025.7583621061272,14.467626763907864,0.0691198296027836,0.06911983800466721,geom2,88
mixture,0.0025000000000000005,505.4774701533676,1016.9549403067352,1025.7583621061274,14.467625014078083,0.0691198438002164,0.06911984510755638,geom2,88
mixture,0.05,505.4774701533677,1016.9549403067354,1025.7583621061274,14.467624905532725,0.06911984366996202,0.06911984572565383,geom2,88
null,,505.4774701533675,1012.954940306735,1015.8894142398657,14.46762693017319,0.06911983595004334,,geom2,88
sum,,504.63820479263745,1011.2764095852749,1014.2108835184056,21.789788641162364,0.09178611288692662,,geom2,88
mixture,0.007250000000000005,497.45278545486525,1000.9055709097305,1009.5990903095833,15.567164536332708,0.06423777455015899,0.06423777417031844,geom2,89
mixture,0.0035000000000000014,497.4527854548653,1000.9055709097306,1009.5990903095833,15.567164589300809,0.06423777375841609,0.06423777395518857,geom2,89
mixture,0.005000000000000003,497.4527854548653,1000.9055709097306,1009.5990903095833,15.567164739688357,0.06423777124964812,0.06423777334440067,geom2,89
mixture,0.004000000000000002,497.4527854548653,1000.9055709097306,1009.5990903095833,15.567164697836585,0.06423777380458084,0.06423777350543129,geom2,89
mixture,0.006250000000000004,497.4527854548653,1000.9055709097306,1009.5990903095833,15.567164681740245,0.06423777325318203,0.06423777357506105,geom2,89
mixture,0.007500000000000005,497.4527854548653,1000.9055709097306,1009.5990903095833,15.567164744280646,0.06423777043203324,0.06423777333676234,geom2,89
mixture,0.006000000000000004,497.4527854548653,1000.9055709097306,1009.5990903095833,15.567164782074878,0.06423777172025272,0.064237773167704,geom2,89
mixture,0.009250000000000006,497.4527854548653,1000.9055709097306,1009.5990903095833,15.567164486378072,0.06423777482880924,0.06423777437501205,geom2,89
mixture,0.008000000000000005,497.4527854548653,1000.9055709097306,1009.5990903095833,15.56716464595068,0.06423777263405539,0.06423777372949818,geom2,89
mixture,0.008250000000000006,497.4527854548653,1000.9055709097306,1009.5990903095833,15.56716457916584,0.06423777316901505,0.06423777400320378,geom2,89
mixture,0.009500000000000007,497.4527854548653,1000.9055709097306,1009.5990903095833,15.567164690220363,0.06423777578742475,0.06423777351648222,geom2,89
mixture,0.009750000000000007,497.4527854548653,1000.9055709097306,1009.5990903095833,15.567164596439971,0.06423777423076224,0.06423777392203002,geom2,89
mixture,0.0037500000000000016,497.45278545486536,1000.9055709097307,1009.5990903095835,15.56716473003809,0.06423777475538642,0.06423777336854801,geom2,89
mixture,0.003000000000000001,497.45278545486536,1000.9055709097307,1009.5990903095835,15.56716484024752,0.06423777322284088,0.06423777291805603,geom2,89
mixture,0.006750000000000004,497.45278545486536,1000.9055709097307,1009.5990903095835,15.567164849873901,0.0642377722000653,0.06423777288386283,geom2,89
mixture,0.0025000000000000005,497.4527854548654,1000.9055709097308,1009.5990903095835,15.56716480373043,0.06423777237848713,0.0642377730713901,geom2,89
mixture,0.002,497.4527854548654,1000.9055709097308,1009.5990903095835,15.567164710422295,0.06423777299825348,0.06423777345560777,geom2,89
mixture,0.005750000000000003,497.4527854548654,1000.9055709097308,1009.5990903095835,15.567164773483176,0.06423777243581597,0.06423777319886038,geom2,89
mixture,0.005250000000000003,497.4527854548654,1000.9055709097308,1009.5990903095835,15.56716477809217,0.06423777380965809,0.06423777317210676,geom2,89
mixture,0.005500000000000003,497.4527854548654,1000.9055709097308,1009.5990903095835,15.56716449145948,0.06423777437422437,0.0642377743581529,geom2,89
mixture,0.004250000000000002,497.4527854548654,1000.9055709097308,1009.5990903095835,15.567164619207704,0.06423777610889467,0.06423777382136732,geom2,89
mixture,0.004500000000000002,497.4527854548654,1000.9055709097308,1009.5990903095835,15.567164741812896,0.06423777425187688,0.06423777332097094,geom2,89
mixture,0.0022500000000000003,497.4527854548654,1000.9055709097308,1009.5990903095835,15.567164755864788,0.0642377720722373,0.06423777326986968,geom2,89
mixture,0.0047500000000000025,497.4527854548654,1000.9055709097308,1009.5990903095835,15.567164601001739,0.0642377749477923,0.06423777390124497,geom2,89
mixture,0.007750000000000005,497.4527854548654,1000.9055709097308,1009.5990903095835,15.567164629468367,0.0642377720590696,0.06423777380225848,geom2,89
mixture,0.0027500000000000007,497.4527854548654,1000.9055709097308,1009.5990903095835,15.56716488528884,0.06423777370842247,0.06423777273041825,geom2,89
mixture,0.006500000000000004,497.4527854548654,1000.9055709097308,1009.5990903095835,15.567164761380756,0.06423777390469991,0.06423777324009347,geom2,89
mixture,0.0070000000000000045,497.4527854548654,1000.9055709097308,1009.5990903095835,15.56716480749811,0.0642377713334093,0.06423777306624036,geom2,89
mixture,0.008750000000000006,497.4527854548654,1000.9055709097308,1009.5990903095835,15.567164720786296,0.06423777099025083,0.06423777343330281,geom2,89
mixture,0.008500000000000006,497.4527854548654,1000.9055709097308,1009.5990903095835,15.567164584216219,0.06423777219265442,0.06423777399076533,geom2,89
mixture,0.25,497.4527854548655,1000.905570909731,1009.5990903095837,15.56716491073628,0.06423777633631998,0.06423777139202559,geom2,89
mixture,0.010000000000000007,497.4527854548655,1000.905570909731,1009.5990903095837,15.56716449451259,0.06423777440298216,0.06423777434506346,geom2,89
mixture,0.5,497.4527854548655,1000.905570909731,1009.5990903095837,15.567164788197216,0.06423777313375552,0.06423777313375552,geom2,89
mixture,0.003250000000000001,497.45278545486553,1000.9055709097311,1009.5990903095837,15.567164731100933,0.06423777242056372,0.0642377733724565,geom2,89
mixture,0.009000000000000006,497.45278545486553,1000.9055709097311,1009.5990903095837,15.567164772072962,0.06423777279786899,0.06423777320394682,geom2,89
mixture,0.15000000000000002,497.45278545486553,1000.9055709097311,1009.5990903095837,15.56716511861606,0.06423777527434973,0.06423777115192067,geom2,89
mixture,0.4,497.45278545486553,1000.9055709097311,1009.5990903095837,15.56716483429826,0.06423776455469937,0.06423777853606821,geom2,89
mixture,0.45,497.45278545486553,1000.9055709097311,1009.5990903095837,15.567164946883967,0.0642377731132219,0.06423777195997481,geom2,89
mixture,0.1,497.45278545486565,1000.9055709097313,1009.599090309584,15.567165238331429,0.06423777431419504,0.06423777093873453,geom2,89
mixture,0.05,497.45278545486565,1000.9055709097313,1009.599090309584,15.567165295043168,0.06423775917588896,0.06423777166680604,geom2,89
mixture,0.2,497.45278545486565,1000.9055709097313,1009.599090309584,15.567165143219658,0.06423777628830017,0.06423777051387314,geom2,89
mixture,0.35000000000000003,497.45278545486565,1000.9055709097313,1009.599090309584,15.56716480269072,0.0642377600486033,0.06423778008759763,geom2,89
mixture,0.3,497.4527854548657,1000.9055709097314,1009.5990903095842,15.567165053324615,0.06423777691728624,0.0642377699493198,geom2,89
null,,497.4527854548657,996.9055709097314,999.8034107096823,15.56716527921058,0.06423777110759311,,geom2,89
sum,,497.2769093699135,996.553818739827,999.4516585397779,23.547582731250095,0.08493440803780643,,geom2,89
mixture,0.35000000000000003,509.175253961866,1024.350507923732,1033.25994782246,12.274785590273911,0.06525717576713488,0.09404764161074326,geom2,90
mixture,0.4,509.1792891042254,1024.3585782084508,1033.2680181071787,12.295334906617331,0.06652685708219898,0.09549995307027981,geom2,90
mixture,0.45,509.183852517522,1024.3677050350439,1033.277144933772,12.324152880534694,0.06767525157305555,0.09692056597014234,geom2,90
mixture,0.5,509.18886917015146,1024.377738340303,1033.287178239031,12.361123107357265,0.09831171040765067,0.06872607566173507,geom2,90
mixture,0.05,509.190137680819,1024.380275361638,1033.289715260366,12.542999117036942,0.050145894051112694,0.08228022933629855,geom2,90
mixture,0.3,509.21278112008724,1024.4255622401745,1033.3350021389024,12.583476026364522,0.10372032302835194,0.07223135355121195,geom2,90
mixture,0.25,509.2196347234701,1024.4392694469402,1033.348709345668,12.658011463598156,0.1050201453988323,0.07297483303358193,geom2,90
mixture,0.2,509.2268151436141,1024.4536302872282,1033.363070185956,12.740173880132794,0.10628380471224358,0.07367554638723574,geom2,90
mixture,0.15000000000000002,509.2343099421584,1024.468619884317,1033.3780597830448,12.829561753041434,0.10751767033774176,0.0743368134832217,geom2,90
mixture,0.1,509.2421045566069,1024.4842091132136,1033.3936490119418,12.92608263156239,0.10870861752172115,0.07496131772884058,geom2,90
mixture,0.003000000000000001,509.2585228619666,1024.5170457239333,1033.4264856226612,13.138887474029342,0.07610994597724297,0.0761099447673126,geom2,90
mixture,0.009250000000000006,509.2585228619666,1024.5170457239333,1033.4264856226612,13.138887471570333,0.07610994339335661,0.07610994479818138,geom2,90
mixture,0.007750000000000005,509.25852286196664,1024.5170457239333,1033.4264856226612,13.138887426524464,0.07610994179543581,0.07610994507151463,geom2,90
mixture,0.008250000000000006,509.25852286196664,1024.5170457239333,1033.4264856226612,13.13888741727006,0.07610994566495506,0.07610994509503136,geom2,90
mixture,0.006250000000000004,509.25852286196664,1024.5170457239333,1033.4264856226612,13.138887478686453,0.07610994341264266,0.07610994475233814,geom2,90
mixture,0.0035000000000000014,509.25852286196664,1024.5170457239333,1033.4264856226612,13.138887480079054,0.0761099413199751,0.0761099447478958,geom2,90
mixture,0.0027500000000000007,509.2585228619667,1024.5170457239333,1033.4264856226614,13.138887437628748,0.07610994353099572,0.07610994498580169,geom2,90
mixture,0.007500000000000005,509.2585228619667,1024.5170457239333,1033.4264856226614,13.138887388255931,0.07610994632010427,0.07610994525985218,geom2,90
mixture,0.009500000000000007,509.25852286196675,1024.5170457239335,1033.4264856226614,13.138887388187914,0.07610994310263927,0.0761099452889682,geom2,90
mixture,0.009750000000000007,509.25852286196675,1024.5170457239335,1033.4264856226614,13.138887435142882,0.07610994304961144,0.07610994501536703,geom2,90
mixture,0.005000000000000003,509.25852286196675,1024.5170457239335,1033.4264856226614,13.138887339178002,0.07610994612087302,0.07610994554924079,geom2,90
mixture,0.0047500000000000025,509.25852286196675,1024.5170457239335,1033.4264856226614,13.138887371478276,0.07610994299111508,0.07610994537632212,geom2,90
mixture,0.006750000000000004,509.25852286196675,1024.5170457239335,1033.4264856226614,13.138887351451281,0.07610994199821772,0.0761099455046718,geom2,90
mixture,0.003250000000000001,509.25852286196675,1024.5170457239335,1033.4264856226614,13.138887498763482,0.07610994691902978,0.07610994462019313,geom2,90
mixture,0.005250000000000003,509.25852286196675,1024.5170457239335,1033.4264856226614,13.138887334506583,0.07610994260928103,0.07610994559483335,geom2,90
mixture,0.008000000000000005,509.25852286196675,1024.5170457239335,1033.4264856226614,13.13888741810116,0.07610994459522179,0.07610994509894872,geom2,90
mixture,0.009000000000000006,509.25852286196675,1024.5170457239335,1033.4264856226614,13.138887348101443,0.07610994476097137,0.07610994550712329,geom2,90
mixture,0.004000000000000002,509.25852286196675,1024.5170457239335,1033.4264856226614,13.138887492093996,0.07610994314451161,0.07610994467241045,geom2,90
mixture,0.004500000000000002,509.25852286196675,1024.5170457239335,1033.4264856226614,13.138887400166665,0.07610994262466948,0.07610994521044447,geom2,90
mixture,0.0037500000000000016,509.2585228619668,1024.5170457239337,1033.4264856226616,13.138887346325516,0.07610994772175451,0.0761099455023727,geom2,90
mixture,0.002,509.2585228619668,1024.5170457239337,1033.4264856226616,13.13888736297543,0.07610994895041827,0.07610994540716051,geom2,90
mixture,0.006500000000000004,509.2585228619668,1024.5170457239337,1033.4264856226616,13.138887433341841,0.07610994650199918,0.07610994499685038,geom2,90
mixture,0.005500000000000003,509.25852286196687,1024.5170457239337,1033.4264856226616,13.138887299448315,0.07610994478411509,0.07610994578776212,geom2,90
mixture,0.0025000000000000005,509.25852286196687,1024.5170457239337,1033.4264856226616,13.138887264782248,0.07610994651352122,0.07610994598172352,geom2,90
mixture,0.010000000000000007,509.25852286196687,1024.5170457239337,1033.4264856226616,13.138887416289647,0.07610994605975377,0.07610994509577268,geom2,90
mixture,0.004250000000000002,509.25852286196687,1024.5170457239337,1033.4264856226616,13.138887336843926,0.07610994471611224,0.07610994556924543,geom2,90
mixture,0.005750000000000003,509.25852286196687,1024.5170457239337,1033.4264856226616,13.138887291416792,0.07610994378687493,0.07610994584057523,geom2,90
mixture,0.008500000000000006,509.25852286196687,1024.5170457239337,1033.4264856226616,13.138887259331879,0.07610994590134382,0.07610994601559665,geom2,90
mixture,0.0022500000000000003,509.258522861967,1024.517045723934,1033.4264856226619,13.138887308902525,0.07610994479026151,0.07610994572958991,geom2,90
mixture,0.006000000000000004,509.258522861967,1024.517045723934,1033.4264856226619,13.138887269697925,0.0761099464050748,0.07610994595185855,geom2,90
mixture,0.0070000000000000045,509.258522861967,1024.517045723934,1033.4264856226619,13.138887271822222,0.07610994398468401,0.0761099459560721,geom2,90
mixture,0.007250000000000005,509.2585228619671,1024.5170457239342,1033.426485622662,13.13888723566179,0.07610994569431415,0.07610994615508035,geom2,90
mixture,0.008750000000000006,509.2585228619671,1024.5170457239342,1033.426485622662,13.13888719690884,0.07610994560952054,0.0761099463829928,geom2,90
null,,509.25852286196584,1020.5170457239317,1023.4868590235077,13.138889095848528,0.07610993537619312,,geom2,90
sum,,509.87242398356875,1021.7448479671375,1024.7146612667134,19.96720444078079,0.10016424712491163,,geom2,90
mixture,0.009750000000000007,499.09461051771956,1004.1892210354391,1013.1194222627008,12.000000524258075,0.08333333215173842,0.08333332966844026,geom2,91
mixture,0.4,499.09461051771956,1004.1892210354391,1013.1194222627008,12.000000325050692,0.08333333217987994,0.08333333034014159,geom2,91
mixture,0.005500000000000003,499.0946105177196,1004.1892210354392,1013.1194222627009,12.000000632735082,0.08333332881427703,0.08333332894003159,geom2,91
mixture,0.0025000000000000005,499.0946105177196,1004.1892210354392,1013.1194222627009,12.000000544980487,0.08333333087827835,0.08333332954541464,geom2,91
mixture,0.0070000000000000045,499.0946105177196,1004.1892210354392,1013.1194222627009,12.000000503767223,0.08333333081166613,0.08333332982806477,geom2,91
mixture,0.008250000000000006,499.0946105177196,1004.1892210354392,1013.1194222627009,12.000000516945809,0.08333333045425179,0.08333332973751899,geom2,91
mixture,0.007250000000000005,499.0946105177196,1004.1892210354392,1013.1194222627009,12.00000054579204,0.08333332862194884,0.08333332954983821,geom2,91
mixture,0.003000000000000001,499.0946105177196,1004.1892210354392,1013.1194222627009,12.000000539773852,0.08333333007450172,0.08333332958343076,geom2,91
mixture,0.009000000000000006,499.0946105177196,1004.1892210354392,1013.1194222627009,12.000000531274729,0.08333332808294573,0.08333332965810206,geom2,91
mixture,0.2,499.0946105177196,1004.1892210354392,1013.1194222627009,12.000000352474451,0.08333333657507523,0.08333332946322403,geom2,91
mixture,0.5,499.0946105177196,1004.1892210354392,1013.1194222627009,12.000000476521604,0.08333333002415566,0.08333333002415566,geom2,91
mixture,0.45,499.0946105177196,1004.1892210354392,1013.1194222627009,12.00000048466952,0.08333332883581368,0.08333333089355777,geom2,91
mixture,0.35000000000000003,499.0946105177196,1004.1892210354392,1013.1194222627009,12.00000043268479,0.08333333244801383,0.0833333291873433,geom2,91
mixture,0.0047500000000000025,499.0946105177196,1004.1892210354392,1013.1194222627009,12.000000590189076,0.08333332821153171,0.083333329239682,geom2,91
mixture,0.3,499.0946105177196,1004.1892210354392,1013.1194222627009,12.000000361214077,0.08333332055038536,0.0833333352282675,geom2,91
mixture,0.004500000000000002,499.0946105177197,1004.1892210354393,1013.119422262701,12.000000522050922,0.08333333208021185,0.08333332969725657,geom2,91
mixture,0.005750000000000003,499.0946105177197,1004.1892210354393,1013.119422262701,12.000000638545055,0.08333333050619365,0.08333332888969805,geom2,91
mixture,0.15000000000000002,499.0946105177197,1004.1892210354393,1013.119422262701,12.000000427395792,0.08333333451922889,0.08333332963226213,geom2,91
mixture,0.009500000000000007,499.0946105177197,1004.1892210354393,1013.119422262701,12.000000551101943,0.0833333291877323,0.08333332950929151,geom2,91
mixture,0.006250000000000004,499.0946105177197,1004.1892210354393,1013.119422262701,12.000000677591217,0.08333332883369331,0.08333332862654436,geom2,91
mixture,0.009250000000000006,499.09461051771973,1004.1892210354395,1013.1194222627012,12.000000709716618,0.08333332746872896,0.083333328413485,geom2,91
mixture,0.003250000000000001,499.09461051771973,1004.1892210354395,1013.1194222627012,12.000000551524288,0.08333332764981162,0.08333332950934723,geom2,91
mixture,0.0037500000000000016,499.09461051771973,1004.1892210354395,1013.1194222627012,12.000000638871848,0.08333332915161132,0.08333332889576409,geom2,91
mixture,0.006000000000000004,499.09461051771973,1004.1892210354395,1013.1194222627012,12.00000056805036,0.08333332889505855,0.08333332939151811,geom2,91
mixture,0.1,499.09461051771973,1004.1892210354395,1013.1194222627012,12.00000062605382,0.08333333303240058,0.08333332853610839,geom2,91
mixture,0.007500000000000005,499.09461051771973,1004.1892210354395,1013.1194222627012,12.000000680683014,0.08333332844084938,0.08333332860761901,geom2,91
mixture,0.006750000000000004,499.09461051771973,1004.1892210354395,1013.1194222627012,12.00000060240401,0.08333333036664567,0.08333332914170401,geom2,91
mixture,0.004250000000000002,499.09461051771973,1004.1892210354395,1013.1194222627012,12.000000745729853,0.0833333293029904,0.08333332814975286,geom2,91
mixture,0.0035000000000000014,499.09461051771973,1004.1892210354395,1013.1194222627012,12.000000735478915,0.08333332873443815,0.08333332822405484,geom2,91
mixture,0.004000000000000002,499.09461051771973,1004.1892210354395,1013.1194222627012,12.000000682773535,0.08333332768571361,0.08333332859548982,geom2,91
mixture,0.0027500000000000007,499.09461051771973,1004.1892210354395,1013.1194222627012,12.00000054174288,0.08333332937258417,0.08333332957177796,geom2,91
mixture,0.0022500000000000003,499.09461051771973,1004.1892210354395,1013.1194222627012,12.00000068437984,0.08333332812187601,0.0833333285817305,geom2,91
mixture,0.25,499.09461051771973,1004.1892210354395,1013.1194222627012,12.00000045766555,0.08333331756196101,0.08333333435281447,geom2,91
mixture,0.002,499.0946105177198,1004.1892210354396,1013.1194222627013,12.000000726526464,0.08333332718315932,0.0833333282902251,geom2,91
mixture,0.008000000000000005,499.0946105177198,1004.1892210354396,1013.1194222627013,12.000000538027018,0.08333332988566064,0.08333332959470713,geom2,91
mixture,0.008500000000000006,499.0946105177198,1004.1892210354396,1013.1194222627013,12.000000690526159,0.08333332789429224,0.08333332854353159,geom2,91
mixture,0.006500000000000004,499.0946105177198,1004.1892210354396,1013.1194222627013,12.000000589226618,0.08333333031733763,0.08333332923444321,geom2,91
mixture,0.007750000000000005,499.0946105177198,1004.1892210354396,1013.1194222627013,12.00000062556555,0.08333332907054981,0.08333332898849241,geom2,91
mixture,0.005250000000000003,499.09461051771984,1004.1892210354397,1013.1194222627014,12.00000066171761,0.08333332825870755,0.08333332874060236,geom2,91
mixture,0.005000000000000003,499.09461051771984,1004.1892210354397,1013.1194222627014,12.000000710442887,0.08333332845523976,0.08333332839942338,geom2,91
mixture,0.008750000000000006,499.09461051771984,1004.1892210354397,1013.1194222627014,12.000000726577202,0.08333332775646307,0.08333332829234762,geom2,91
mixture,0.05,499.09461051771984,1004.1892210354397,1013.1194222627014,12.000000662942039,0.08333333062435558,0.08333332862984384,geom2,91
mixture,0.010000000000000007,499.0946105177199,1004.1892210354398,1013.1194222627015,12.000000772366239,0.08333332539008442,0.08333332799573576,geom2,91
null,,499.09461051771956,1000.1892210354391,1003.1659547778597,12.00000032624508,0.08333333106774256,,geom2,91
sum,,498.50662857737655,999.0132571547531,1001.9899908971737,18.131739503747294,0.11030381280222228,,geom2,91
mixture,0.0025000000000000005,602.4241852206269,1210.8483704412538,1220.202351878504,14.065869041986959,0.07109408031385436,0.07109407864927803,geom2,92
mixture,0.35000000000000003,602.4241852206269,1210.8483704412538,1220.202351878504,14.0658688372034,0.07109407685374293,0.07109408121489381,geom2,92
mixture,0.5,602.4241852206269,1210.8483704412538,1220.202351878504,14.065868976994683,0.07109407898193434,0.07109407898193434,geom2,92
mixture,0.0047500000000000025,602.424185220627,1210.848370441254,1220.2023518785043,14.065869148517272,0.07109407775931313,0.0710940781166936,geom2,92
mixture,0.25,602.424185220627,1210.848370441254,1220.2023518785043,14.065868919689017,0.07109408593356897,0.07109407705091499,geom2,92
mixture,0.45,602.424185220627,1210.848370441254,1220.2023518785043,14.06586883462878,0.07109407755707225,0.07109408145603921,geom2,92
mixture,0.003250000000000001,602.4241852206271,1210.8483704412542,1220.2023518785045,14.06586934876567,0.0710940755183924,0.07109407710803332,geom2,92
mixture,0.002,602.4241852206271,1210.8483704412542,1220.2023518785045,14.06586723163968,0.07109408641496531,0.07109408780638486,geom2,92
mixture,0.008000000000000005,602.4241852206271,1210.8483704412542,1220.2023518785045,14.065867295825814,0.07109408554047682,0.07109408749481631,geom2,92
mixture,0.007500000000000005,602.4241852206271,1210.8483704412542,1220.2023518785045,14.065867356026823,0.07109408559675978,0.071094087186829,geom2,92
mixture,0.1,602.4241852206271,1210.8483704412542,1220.2023518785045,14.065868961958829,0.07109406927851158,0.07109408014453342,geom2,92
mixture,0.15000000000000002,602.4241852206271,1210.8483704412542,1220.2023518785045,14.06586914812976,0.07109408041505595,0.07109407771140742,geom2,92
mixture,0.004000000000000002,602.4241852206271,1210.8483704412542,1220.2023518785045,14.06586907139239,0.07109407905881605,0.07109407850258868,geom2,92
mixture,0.005750000000000003,602.4241852206271,1210.8483704412542,1220.2023518785045,14.065867345833617,0.07109408338274836,0.07109408724865265,geom2,92
mixture,0.006250000000000004,602.4241852206271,1210.8483704412542,1220.2023518785045,14.065869206458716,0.071094079648798,0.07109407781065026,geom2,92
mixture,0.006000000000000004,602.4241852206271,1210.8483704412542,1220.2023518785045,14.065867222265435,0.07109408816227124,0.07109408784910391,geom2,92
mixture,0.05,602.4241852206271,1210.8483704412542,1220.2023518785045,14.065869105413057,0.07109408016396199,0.07109407823648686,geom2,92
mixture,0.010000000000000007,602.4241852206271,1210.8483704412542,1220.2023518785045,14.065869103935293,0.0710940779335219,0.07109407834443895,geom2,92
mixture,0.2,602.4241852206271,1210.8483704412542,1220.2023518785045,14.065869007912672,0.07109406940416463,0.07109408118103855,geom2,92
mixture,0.3,602.4241852206271,1210.8483704412542,1220.2023518785045,14.065868910828222,0.07109407476436617,0.07109408126722037,geom2,92
mixture,0.4,602.4241852206271,1210.8483704412542,1220.2023518785045,14.065869066072562,0.0710940775042173,0.07109407921669174,geom2,92
mixture,0.005000000000000003,602.4241852206272,1210.8483704412545,1220.2023518785047,14.06586732148821,0.07109408614378541,0.07109408735553312,geom2,92
mixture,0.009750000000000007,602.4241852206272,1210.8483704412545,1220.2023518785047,14.065869316156803,0.07109407852836232,0.07109407725527156,geom2,92
mixture,0.006750000000000004,602.4241852206272,1210.8483704412545,1220.2023518785047,14.065869241159959,0.07109407852281867,0.07109407764079215,geom2,92
mixture,0.006500000000000004,602.4241852206272,1210.8483704412545,1220.2023518785047,14.065867237079884,0.07109408643833669,0.07109408778485762,geom2,92
mixture,0.008250000000000006,602.4241852206272,1210.8483704412545,1220.2023518785047,14.065869126233011,0.07109407758307384,0.07109407823299073,geom2,92
mixture,0.004250000000000002,602.4241852206272,1210.8483704412545,1220.2023518785047,14.065869108184806,0.0710940777833284,0.07109407832113687,geom2,92
mixture,0.0022500000000000003,602.4241852206272,1210.8483704412545,1220.2023518785047,14.065869242079021,0.07109407921198362,0.07109407763856035,geom2,92
mixture,0.0035000000000000014,602.4241852206274,1210.8483704412547,1220.202351878505,14.065867239346673,0.07109408792446958,0.0710940877640867,geom2,92
mixture,0.008750000000000006,602.4241852206274,1210.8483704412547,1220.202351878505,14.06586915935555,0.07109407763205117,0.07109407806399491,geom2,92
mixture,0.004500000000000002,602.4241852206274,1210.8483704412547,1220.202351878505,14.065867304498092,0.07109408580880006,0.07109408744270126,geom2,92
mixture,0.005500000000000003,602.4241852206274,1210.8483704412547,1220.202351878505,14.065867043220674,0.07109408700316308,0.07109408876563487,geom2,92
mixture,0.005250000000000003,602.4241852206274,1210.8483704412547,1220.202351878505,14.065867183400549,0.07109408651679927,0.07109408805549859,geom2,92
mixture,0.0037500000000000016,602.4241852206274,1210.8483704412547,1220.202351878505,14.065869369764613,0.07109407712615988,0.07109407699624341,geom2,92
mixture,0.009000000000000006,602.4241852206274,1210.8483704412547,1220.202351878505,14.065869279612015,0.0710940794265124,0.07109407743446658,geom2,92
mixture,0.009500000000000007,602.4241852206274,1210.8483704412547,1220.202351878505,14.065869354101974,0.07109407476704688,0.07109407709803978,geom2,92
mixture,0.008500000000000006,602.4241852206274,1210.8483704412547,1220.202351878505,14.065869287575495,0.0710940779884689,0.07109407740720389,geom2,92
mixture,0.007250000000000005,602.4241852206274,1210.8483704412547,1220.202351878505,14.06586930718025,0.07109407739679645,0.07109407731244344,geom2,92
mixture,0.007750000000000005,602.4241852206274,1210.8483704412547,1220.202351878505,14.065867147941598,0.0710940853678162,0.07109408824897201,geom2,92
mixture,0.009250000000000006,602.4241852206274,1210.8483704412547,1220.202351878505,14.065869328857524,0.07109407736090588,0.07109407720202039,geom2,92
mixture,0.003000000000000001,602.4241852206274,1210.8483704412547,1220.202351878505,14.065869329271683,0.07109407598463653,0.07109407720505803,geom2,92
mixture,0.0070000000000000045,602.4241852206275,1210.848370441255,1220.2023518785052,14.065869396213344,0.07109407663195949,0.07109407686467802,geom2,92
mixture,0.0027500000000000007,602.4241852206276,1210.8483704412552,1220.2023518785054,14.065867105879093,0.07109408647067059,0.07109408844467098,geom2,92
null,,602.4241852206369,1206.8483704412738,1209.9663642536905,14.065863587592384,0.07109410622196766,,geom2,92
sum,,600.8486084711309,1203.6972169422618,1206.8152107546784,21.127950673159763,0.09466133421736604,,geom2,92
mixture,0.4,509.05425502861766,1024.1085100572354,1032.9547897283699,14.106382637685371,0.07088989877683229,0.07088989437069684,geom2,93
mixture,0.005000000000000003,509.05425502861783,1024.1085100572357,1032.95478972837,14.106383796218804,0.07088989049982167,0.0708898903101353,geom2,93
mixture,0.008750000000000006,509.05425502861783,1024.1085100572357,1032.95478972837,14.1063837770146,0.07088989220593528,0.0708898903917177,geom2,93
mixture,0.009250000000000006,509.05425502861783,1024.1085100572357,1032.95478972837,14.106383878715963,0.07088988820076098,0.07088988991233652,geom2,93
mixture,0.5,509.05425502861783,1024.1085100572357,1032.95478972837,14.106383753275148,0.07088989052689178,0.07088989052689178,geom2,93
mixture,0.25,509.0542550286179,1024.108510057236,1032.9547897283703,14.10638375667027,0.07088989420281003,0.07088988927883676,geom2,93
mixture,0.3,509.0542550286179,1024.108510057236,1032.9547897283703,14.106383645512532,0.07088989248841429,0.0708898904598789,geom2,93
mixture,0.2,509.0542550286179,1024.108510057236,1032.9547897283703,14.106383780622576,0.07088989315094056,0.07088988969909073,geom2,93
mixture,0.008250000000000006,509.05425502861794,1024.108510057236,1032.9547897283703,14.106383893037131,0.07088988925166008,0.07088988982930072,geom2,93
mixture,0.007750000000000005,509.05425502861794,1024.108510057236,1032.9547897283703,14.106383730491924,0.07088989026239938,0.07088989064434614,geom2,93
mixture,0.45,509.05425502861794,1024.108510057236,1032.9547897283703,14.106383696459527,0.070889890930286,0.07088989071596905,geom2,93
mixture,0.002,509.05425502861794,1024.108510057236,1032.9547897283703,14.106383634267917,0.0708898927498551,0.07088989112169161,geom2,93
mixture,0.0070000000000000045,509.05425502861794,1024.108510057236,1032.9547897283703,14.106383929794212,0.07088989042805038,0.07088988963426049,geom2,93
mixture,0.006250000000000004,509.05425502861794,1024.108510057236,1032.9547897283703,14.10638374188664,0.07088988820440538,0.07088989059909011,geom2,93
mixture,0.005500000000000003,509.05425502861794,1024.108510057236,1032.9547897283703,14.106383852174496,0.07088989054833096,0.07088989002701811,geom2,93
mixture,0.005750000000000003,509.05425502861794,1024.108510057236,1032.9547897283703,14.10638377351179,0.0708898917339808,0.07088989041762599,geom2,93
mixture,0.15000000000000002,509.05425502861794,1024.108510057236,1032.9547897283703,14.106383718001478,0.07088987825138243,0.07088989290170386,geom2,93
mixture,0.35000000000000003,509.05425502861794,1024.108510057236,1032.9547897283703,14.106383638059153,0.07088989256902388,0.07088989031805723,geom2,93
mixture,0.007500000000000005,509.054255028618,1024.108510057236,1032.9547897283705,14.10638194996948,0.07088989700389632,0.07088989960871918,geom2,93
mixture,0.009500000000000007,509.054255028618,1024.108510057236,1032.9547897283705,14.106381856551767,0.07088989815537143,0.07088990007689681,geom2,93
mixture,0.0047500000000000025,509.054255028618,1024.108510057236,1032.9547897283705,14.106381961292534,0.0708898993456976,0.07088989953317087,geom2,93
mixture,0.1,509.05425502861806,1024.1085100572361,1032.9547897283705,14.106383913310076,0.07088989029930066,0.07088988965858438,geom2,93
mixture,0.010000000000000007,509.05425502861806,1024.1085100572361,1032.9547897283705,14.10638383321957,0.07088989339223609,0.07088989009213999,geom2,93
mixture,0.05,509.05425502861806,1024.1085100572361,1032.9547897283705,14.106383810426689,0.07088989115990449,0.0708898901912511,geom2,93
mixture,0.009000000000000006,509.05425502861806,1024.1085100572361,1032.9547897283705,14.106383927927011,0.0708898888485651,0.07088988965647157,geom2,93
mixture,0.008000000000000005,509.05425502861806,1024.1085100572361,1032.9547897283705,14.106381968931005,0.07088989627602389,0.07088989951984474,geom2,93
mixture,0.0037500000000000016,509.05425502861806,1024.1085100572361,1032.9547897283705,14.10638394274169,0.07088989055426492,0.07088988957106405,geom2,93
mixture,0.008500000000000006,509.05425502861806,1024.1085100572361,1032.9547897283705,14.106381988873451,0.07088989437361294,0.0708898994367122,geom2,93
mixture,0.003250000000000001,509.05425502861806,1024.1085100572361,1032.9547897283705,14.106383930763771,0.07088988875835281,0.07088988963780284,geom2,93
mixture,0.005250000000000003,509.0542550286181,1024.1085100572363,1032.9547897283708,14.10638199674212,0.07088989516007187,0.07088989937626784,geom2,93
mixture,0.0027500000000000007,509.0542550286181,1024.1085100572363,1032.9547897283708,14.106381991731737,0.07088989609693652,0.0708898993883633,geom2,93
mixture,0.007250000000000005,509.0542550286181,1024.1085100572363,1032.9547897283708,14.106381986252906,0.07088989987158141,0.07088989940345114,geom2,93
mixture,0.004500000000000002,509.0542550286181,1024.1085100572363,1032.9547897283708,14.106382070401986,0.07088989490338127,0.07088989900240979,geom2,93
mixture,0.003000000000000001,509.0542550286182,1024.1085100572363,1032.9547897283708,14.106382010686763,0.07088989904312366,0.07088989928478069,geom2,93
mixture,0.0025000000000000005,509.0542550286182,1024.1085100572363,1032.9547897283708,14.106384083913943,0.07088989090961689,0.07088988886018378,geom2,93
mixture,0.009750000000000007,509.0542550286182,1024.1085100572363,1032.9547897283708,14.106381859221326,0.07088989491702867,0.07088990009571901,geom2,93
mixture,0.004000000000000002,509.0542550286182,1024.1085100572363,1032.9547897283708,14.106384059417021,0.07088988709284866,0.07088988899602633,geom2,93
mixture,0.0035000000000000014,509.0542550286182,1024.1085100572363,1032.9547897283708,14.10638202336241,0.07088989908291596,0.07088989922083853,geom2,93
mixture,0.006750000000000004,509.0542550286182,1024.1085100572363,1032.9547897283708,14.106383924477278,0.07088989123908092,0.0708898896558498,geom2,93
mixture,0.006500000000000004,509.0542550286182,1024.1085100572363,1032.9547897283708,14.10638191430903,0.07088989625408472,0.07088989979138269,geom2,93
mixture,0.006000000000000004,509.05425502861823,1024.1085100572363,1032.954789728371,14.1063842491242,0.07088988840428352,0.07088988803283496,geom2,93
mixture,0.004250000000000002,509.0542550286183,1024.1085100572366,1032.954789728371,14.106383931017918,0.07088988811283164,0.07088988964015858,geom2,93
mixture,0.0022500000000000003,509.0542550286183,1024.1085100572366,1032.954789728371,14.106384167731923,0.07088988600520779,0.07088988844959034,geom2,93
null,,509.05425502862715,1020.1085100572543,1023.0572699476324,14.106378001558072,0.07088991943144785,,geom2,93
sum,,507.7351565433587,1017.4703130867174,1020.4190729770955,21.189148727419987,0.09438793534031333,,geom2,93
mixture,0.2,471.85041357980253,949.7008271596051,958.3943465594577,12.947761643370834,0.07723342861664406,0.0772334262389548,geom2,94
mixture,0.3,471.8504135798026,949.7008271596052,958.394346559458,12.947761700628973,0.0772334247784375,0.07723342705630924,geom2,94
mixture,0.4,471.8504135798026,949.7008271596052,958.394346559458,12.947761793521916,0.07723342516186651,0.07723342625682417,geom2,94
mixture,0.25,471.8504135798026,949.7008271596052,958.394346559458,12.947761782383374,0.07723342758856322,0.07723342531752232,geom2,94
mixture,0.15000000000000002,471.8504135798026,949.7008271596052,958.394346559458,12.947761799728152,0.07723342112150992,0.07723342660422877,geom2,94
mixture,0.45,471.8504135798026,949.7008271596052,958.394346559458,12.947761706797854,0.07723342638366239,0.07723342629727682,geom2,94
mixture,0.5,471.85041357980265,949.7008271596053,958.394346559458,12.947761587826355,0.07723342704581558,0.07723342704581558,geom2,94
mixture,0.35000000000000003,471.85041357980265,949.7008271596053,958.394346559458,12.947761724778701,0.0772334270781099,0.07723342577162473,geom2,94
mixture,0.008750000000000006,471.8504135798031,949.7008271596062,958.3943465594589,12.947759915229362,0.07723343661493075,0.0772334370264626,geom2,94
mixture,0.003250000000000001,471.85041357980316,949.7008271596063,958.3943465594591,12.947759862876083,0.07723343678839906,0.07723343733693194,geom2,94
mixture,0.0047500000000000025,471.8504135798032,949.7008271596064,958.3943465594591,12.947759897955423,0.07723343700460915,0.07723343712647969,geom2,94
mixture,0.0022500000000000003,471.8504135798032,949.7008271596064,958.3943465594591,12.947759808601523,0.07723343991860221,0.07723343765380136,geom2,94
mixture,0.007500000000000005,471.8504135798032,949.7008271596064,958.3943465594591,12.94775983400796,0.07723343935692618,0.07723343749337101,geom2,94
mixture,0.008500000000000006,471.8504135798032,949.7008271596064,958.3943465594591,12.9477598410895,0.07723343777093876,0.0772334374624844,geom2,94
mixture,0.007750000000000005,471.8504135798033,949.7008271596065,958.3943465594593,12.947759828696865,0.07723343771107928,0.07723343753768455,geom2,94
mixture,0.005000000000000003,471.8504135798033,949.7008271596065,958.3943465594593,12.947759860975799,0.07723343729253826,0.07723343734675549,geom2,94
mixture,0.009500000000000007,471.85041357980333,949.7008271596067,958.3943465594593,12.947759809063891,0.07723343746123233,0.07723343765800851,geom2,94
mixture,0.009250000000000006,471.85041357980333,949.7008271596067,958.3943465594593,12.947759788951062,0.07723343831980974,0.07723343777103608,geom2,94
mixture,0.008000000000000005,471.85041357980333,949.7008271596067,958.3943465594593,12.947759864349148,0.07723343674870177,0.07723343733102091,geom2,94
mixture,0.009000000000000006,471.85041357980333,949.7008271596067,958.3943465594593,12.947759748077418,0.07723343935450235,0.0772334380078034,geom2,94
mixture,0.009750000000000007,471.85041357980333,949.7008271596067,958.3943465594593,12.947759733480744,0.07723343799965436,0.07723343810804977,geom2,94
mixture,0.006500000000000004,471.85041357980333,949.7008271596067,958.3943465594593,12.947759787527522,0.07723343807738485,0.07723343778268814,geom2,94
mixture,0.003000000000000001,471.85041357980333,949.7008271596067,958.3943465594593,12.947759824935876,0.07723343843994189,0.07723343755881931,geom2,94
mixture,0.0027500000000000007,471.85041357980333,949.7008271596067,958.3943465594593,12.947759750544927,0.07723343895872209,0.07723343800257558,geom2,94
mixture,0.005750000000000003,471.85041357980333,949.7008271596067,958.3943465594593,12.947759821629122,0.07723343828958838,0.07723343757709063,geom2,94
mixture,0.006250000000000004,471.85041357980333,949.7008271596067,958.3943465594593,12.947759794101044,0.077233437818858,0.07723343774493054,geom2,94
mixture,0.006750000000000004,471.85041357980333,949.7008271596067,958.3943465594593,12.947759742733702,0.07723343928371565,0.07723343804342703,geom2,94
mixture,0.007250000000000005,471.85041357980333,949.7008271596067,958.3943465594593,12.94775982680468,0.07723343891284543,0.07723343754036478,geom2,94
mixture,0.004500000000000002,471.85041357980333,949.7008271596067,958.3943465594593,12.947759838515816,0.07723343968271132,0.07723343747050336,geom2,94
mixture,0.005250000000000003,471.85041357980333,949.7008271596067,958.3943465594593,12.947759830393325,0.07723343805276944,0.0772334375261442,geom2,94
mixture,0.004000000000000002,471.8504135798034,949.7008271596068,958.3943465594596,12.947759823152841,0.07723343348196504,0.07723343758852473,geom2,94
mixture,0.0037500000000000016,471.8504135798034,949.7008271596068,958.3943465594596,12.947759790839559,0.07723343592333683,0.077233437771779,geom2,94
mixture,0.0070000000000000045,471.8504135798034,949.7008271596068,958.3943465594596,12.947759725771453,0.07723343766737252,0.07723343815640206,geom2,94
mixture,0.010000000000000007,471.85041357980344,949.7008271596069,958.3943465594596,12.947759797319536,0.07723343835891627,0.07723343771980312,geom2,94
mixture,0.0025000000000000005,471.85041357980344,949.7008271596069,958.3943465594596,12.947759691154008,0.07723343752737552,0.07723343836155751,geom2,94
mixture,0.1,471.85041357980344,949.7008271596069,958.3943465594596,12.94775964838255,0.07723344091041402,0.07723343835951396,geom2,94
mixture,0.004250000000000002,471.85041357980344,949.7008271596069,958.3943465594596,12.947759745064614,0.07723343639226106,0.07723343804491888,geom2,94
mixture,0.0035000000000000014,471.85041357980344,949.7008271596069,958.3943465594596,12.947759684352684,0.07723344067957502,0.0772334383920356,geom2,94
mixture,0.008250000000000006,471.85041357980344,949.7008271596069,958.3943465594596,12.947759709622307,0.07723344036090199,0.07723343823174302,geom2,94
mixture,0.002,471.85041357980356,949.7008271596071,958.3943465594598,12.947759727215645,0.07723343919338609,0.077233438142262,geom2,94
mixture,0.006000000000000004,471.85041357980356,949.7008271596071,958.3943465594598,12.94775973028863,0.07723343849654107,0.07723343812379742,geom2,94
mixture,0.005500000000000003,471.85041357980356,949.7008271596071,958.3943465594598,12.947759675919857,0.07723343936610712,0.07723343844527927,geom2,94
mixture,0.05,471.85041357980356,949.7008271596071,958.3943465594598,12.947759708385274,0.07723343946551442,0.07723343819306501,geom2,94
null,,471.8504135798026,945.7008271596052,948.5986669595561,12.947761780365996,0.0772334258973162,,geom2,94
sum,,471.03919863385823,944.0783972677165,946.9762370676674,19.540670929075795,0.10235063101257562,,geom2,94
mixture,0.45,460.8050901690609,927.6101803381218,936.1896175512069,13.596899630041623,0.07354617801691904,0.07354617792743048,geom2,95
mixture,0.5,460.8050901690609,927.6101803381218,936.1896175512069,13.596899619388436,0.07354617802532384,0.07354617802532384,geom2,95
mixture,0.1,460.8050901690609,927.6101803381218,936.1896175512069,13.596899890179872,0.07354617892620395,0.07354617629775745,geom2,95
mixture,0.25,460.805090169061,927.610180338122,936.189617551207,13.59689971761286,0.07354617936780408,0.07354617686943064,geom2,95
mixture,0.007750000000000005,460.80509016906103,927.6101803381221,936.1896175512071,13.596900044946116,0.07354617460511695,0.07354617573220017,geom2,95
mixture,0.15000000000000002,460.80509016906103,927.6101803381221,936.1896175512071,13.59689977845795,0.07354618006915883,0.07354617665239606,geom2,95
mixture,0.4,460.80509016906103,927.6101803381221,936.1896175512071,13.59689982504717,0.07354617389072987,0.0735461789276927,geom2,95
mixture,0.35000000000000003,460.80509016906103,927.6101803381221,936.1896175512071,13.596899810553783,0.07354617762255916,0.07354617665139553,geom2,95
mixture,0.008250000000000006,460.8050901690611,927.6101803381222,936.1896175512072,13.596900060594894,0.07354617541876904,0.07354617564065094,geom2,95
mixture,0.006500000000000004,460.8050901690611,927.6101803381222,936.1896175512072,13.596900142011703,0.07354617573923627,0.07354617519489542,geom2,95
mixture,0.006250000000000004,460.80509016906115,927.6101803381223,936.1896175512073,13.596900141833176,0.0735461756125173,0.07354617519680108,geom2,95
mixture,0.0022500000000000003,460.80509016906115,927.6101803381223,936.1896175512073,13.596900030944319,0.07354617574979708,0.07354617579931297,geom2,95
mixture,0.005000000000000003,460.80509016906115,927.6101803381223,936.1896175512073,13.596900046697812,0.07354617473212309,0.0735461757189243,geom2,95
mixture,0.0027500000000000007,460.80509016906115,927.6101803381223,936.1896175512073,13.59690003097609,0.07354617595750781,0.07354617579859268,geom2,95
mixture,0.003250000000000001,460.80509016906115,927.6101803381223,936.1896175512073,13.596900054450117,0.07354617539444358,0.07354617567296294,geom2,95
mixture,0.003000000000000001,460.80509016906115,927.6101803381223,936.1896175512073,13.596899993191643,0.07354617644584566,0.07354617600207598,geom2,95
mixture,0.2,460.80509016906115,927.6101803381223,936.1896175512073,13.596899889054482,0.07354617927780399,0.07354617588891074,geom2,95
mixture,0.008500000000000006,460.80509016906115,927.6101803381223,936.1896175512073,13.596900052969632,0.07354617576217608,0.07354617567936184,geom2,95
mixture,0.009500000000000007,460.80509016906115,927.6101803381223,936.1896175512073,13.59690008326039,0.07354617680996924,0.07354617550381336,geom2,95
mixture,0.009000000000000006,460.80509016906115,927.6101803381223,936.1896175512073,13.596900085565638,0.07354617473164832,0.07354617551076471,geom2,95
mixture,0.006750000000000004,460.80509016906115,927.6101803381223,936.1896175512073,13.596900000130672,0.07354617786076272,0.07354617595299638,geom2,95
mixture,0.009750000000000007,460.80509016906115,927.6101803381223,936.1896175512073,13.596899968107692,0.07354617773364004,0.07354617612338742,geom2,95
mixture,0.3,460.80509016906115,927.6101803381223,936.1896175512073,13.59689991115338,0.0735461778347311,0.07354617585248031,geom2,95
mixture,0.05,460.8050901690612,927.6101803381224,936.1896175512074,13.596900120478894,0.07354617840216716,0.07354617515241801,geom2,95
mixture,0.007500000000000005,460.8050901690612,927.6101803381224,936.1896175512074,13.596900029949522,0.0735461758490913,0.07354617580424612,geom2,95
mixture,0.0047500000000000025,460.8050901690612,927.6101803381224,936.1896175512074,13.596900038609176,0.07354617616488987,0.07354617575579886,geom2,95
mixture,0.009250000000000006,460.8050901690612,927.6101803381224,936.1896175512074,13.596900194420465,0.07354617655895057,0.0735461748996036,geom2,95
mixture,0.0025000000000000005,460.80509016906126,927.6101803381225,936.1896175512076,13.596900235816907,0.07354617424882749,0.07354617469214586,geom2,95
mixture,0.004000000000000002,460.80509016906126,927.6101803381225,936.1896175512076,13.596900155476058,0.07354617693340966,0.07354617511834415,geom2,95
mixture,0.004250000000000002,460.80509016906126,927.6101803381225,936.1896175512076,13.596900243503274,0.07354617541931853,0.07354617464617584,geom2,95
mixture,0.002,460.80509016906126,927.6101803381225,936.1896175512076,13.59690021360256,0.07354617543681317,0.0735461748099421,geom2,95
mixture,0.005250000000000003,460.80509016906126,927.6101803381225,936.1896175512076,13.596900045299963,0.07354617537082524,0.07354617572340234,geom2,95
mixture,0.005750000000000003,460.80509016906126,927.6101803381225,936.1896175512076,13.596900169346004,0.0735461752331178,0.07354617504952567,geom2,95
mixture,0.0037500000000000016,460.80509016906126,927.6101803381225,936.1896175512076,13.596900242161407,0.07354617548866081,0.07354617465358838,geom2,95
mixture,0.010000000000000007,460.80509016906126,927.6101803381225,936.1896175512076,13.596900097294089,0.07354617723517509,0.07354617542218309,geom2,95
mixture,0.008000000000000005,460.80509016906126,927.6101803381225,936.1896175512076,13.596900226159173,0.07354617507450364,0.07354617474060544,geom2,95
mixture,0.006000000000000004,460.80509016906126,927.6101803381225,936.1896175512076,13.596900284989948,0.07354617430193269,0.07354617442580183,geom2,95
mixture,0.008750000000000006,460.80509016906126,927.6101803381225,936.1896175512076,13.596900274042838,0.07354617397269561,0.07354617448878778,geom2,95
mixture,0.007250000000000005,460.80509016906126,927.6101803381225,936.1896175512076,13.596900207370329,0.07354617353511295,0.07354617485447158,geom2,95
mixture,0.0070000000000000045,460.80509016906126,927.6101803381225,936.1896175512076,13.596900214633427,0.07354617660003095,0.07354617479297042,geom2,95
mixture,0.0035000000000000014,460.8050901690613,927.6101803381226,936.1896175512077,13.596900188730302,0.0735461758761626,0.07354617494246293,geom2,95
mixture,0.005500000000000003,460.8050901690614,927.6101803381227,936.1896175512078,13.596900219045583,0.0735461747983476,0.07354617478166255,geom2,95
mixture,0.004500000000000002,460.8050901690614,927.6101803381227,936.1896175512078,13.59690021426633,0.07354617272514355,0.07354617481701893,geom2,95
null,,460.8050901690612,923.6101803381224,926.4699927424841,13.59689823453379,0.07354618551605921,,geom2,95
sum,,460.19659331453977,922.3931866290795,925.2529990334413,20.536111394787838,0.09738942108132553,,geom2,95
mixture,0.25,488.2944602997885,982.588920599577,991.3268852567852,13.838235742739935,0.07226355011167418,0.07226354605984289,geom2,96
mixture,0.4,488.2944602997885,982.588920599577,991.3268852567852,13.838235751925554,0.07226354779819483,0.07226354650925876,geom2,96
mixture,0.35000000000000003,488.2944602997885,982.588920599577,991.3268852567852,13.838235840892356,0.07226354179518639,0.07226354912604872,geom2,96
mixture,0.15000000000000002,488.29446029978857,982.5889205995771,991.3268852567853,13.838235879090963,0.07226354876381987,0.07226354593670574,geom2,96
mixture,0.45,488.29446029978857,982.5889205995771,991.3268852567853,13.838235722156682,0.07226354689271185,0.07226354741557547,geom2,96
mixture,0.2,488.2944602997886,982.5889205995772,991.3268852567854,13.838235822112097,0.07226354823482599,0.07226354626419056,geom2,96
mixture,0.0035000000000000014,488.2944602997887,982.5889205995774,991.3268852567855,13.838236123895443,0.07226354526868582,0.07226354508174465,geom2,96
mixture,0.0047500000000000025,488.2944602997887,982.5889205995774,991.3268852567855,13.838236141318333,0.07226354579338652,0.07226354498758873,geom2,96
mixture,0.5,488.2944602997887,982.5889205995774,991.3268852567855,13.83823582843088,0.07226354662532082,0.07226354662532082,geom2,96
mixture,0.3,488.2944602997887,982.5889205995774,991.3268852567855,13.838235858289153,0.07226353935491607,0.07226354951846543,geom2,96
mixture,0.008000000000000005,488.29446029978874,982.5889205995775,991.3268852567857,13.838236197155375,0.0722635458656832,0.07226354469043211,geom2,96
mixture,0.009250000000000006,488.29446029978874,982.5889205995775,991.3268852567857,13.838236092885898,0.07226354679370896,0.07226354522986586,geom2,96
mixture,0.1,488.29446029978874,982.5889205995775,991.3268852567857,13.83823610786803,0.07226354935521036,0.07226354470063713,geom2,96
mixture,0.005000000000000003,488.2944602997888,982.5889205995776,991.3268852567858,13.838236279602313,0.0722635440339182,0.07226354427047738,geom2,96
mixture,0.004000000000000002,488.2944602997888,982.5889205995776,991.3268852567858,13.838236200706026,0.07226354551512167,0.07226354467794384,geom2,96
mixture,0.005750000000000003,488.2944602997888,982.5889205995776,991.3268852567858,13.838236070493569,0.07226354667348263,0.07226354535367571,geom2,96
mixture,0.007750000000000005,488.2944602997888,982.5889205995776,991.3268852567858,13.838236298140863,0.07226354329955571,0.07226354417930395,geom2,96
mixture,0.006750000000000004,488.2944602997888,982.5889205995776,991.3268852567858,13.838236166959094,0.07226354476701077,0.07226354485813478,geom2,96
mixture,0.008750000000000006,488.2944602997888,982.5889205995776,991.3268852567858,13.838236119518964,0.07226354593379081,0.07226354509793931,geom2,96
mixture,0.008250000000000006,488.2944602997888,982.5889205995776,991.3268852567858,13.838236324771794,0.07226354332602787,0.07226354403930317,geom2,96
mixture,0.010000000000000007,488.2944602997888,982.5889205995776,991.3268852567858,13.838236233145684,0.07226354521696546,0.07226354450477006,geom2,96
mixture,0.003250000000000001,488.2944602997888,982.5889205995776,991.3268852567858,13.838236193780665,0.07226354290746297,0.0722635447233586,geom2,96
mixture,0.0025000000000000005,488.29446029978885,982.5889205995777,991.3268852567859,13.8382363028612,0.07226354517350862,0.0722635441452656,geom2,96
mixture,0.0037500000000000016,488.29446029978885,982.5889205995777,991.3268852567859,13.838236336750315,0.07226354367838991,0.07226354397196749,geom2,96
mixture,0.009000000000000006,488.29446029978885,982.5889205995777,991.3268852567859,13.838236217636283,0.07226354471532785,0.0722635445917704,geom2,96
mixture,0.0070000000000000045,488.29446029978885,982.5889205995777,991.3268852567859,13.838236355385307,0.07226354546090767,0.07226354386236448,geom2,96
mixture,0.006250000000000004,488.29446029978885,982.5889205995777,991.3268852567859,13.838236342976133,0.0722635446002487,0.07226354393419238,geom2,96
mixture,0.006000000000000004,488.29446029978885,982.5889205995777,991.3268852567859,13.838236337164604,0.07226354505142096,0.07226354396216764,geom2,96
mixture,0.002,488.29446029978885,982.5889205995777,991.3268852567859,13.838236161653963,0.0722635457760435,0.07226354488343799,geom2,96
mixture,0.0022500000000000003,488.29446029978885,982.5889205995777,991.3268852567859,13.83823612958861,0.07226354614910518,0.07226354505019657,geom2,96
mixture,0.003000000000000001,488.2944602997889,982.5889205995778,991.326885256786,13.838236150108152,0.07226354573956835,0.07226354494312633,geom2,96
mixture,0.004500000000000002,488.2944602997889,982.5889205995778,991.326885256786,13.838236356616312,0.07226354399355335,0.07226354386655445,geom2,96
mixture,0.007250000000000005,488.2944602997889,982.5889205995778,991.326885256786,13.838236225501884,0.07226354498879788,0.07226354454861678,geom2,96
mixture,0.006500000000000004,488.2944602997889,982.5889205995778,991.326885256786,13.838236272885089,0.07226354577400124,0.07226354429475697,geom2,96
mixture,0.05,488.2944602997889,982.5889205995778,991.326885256786,13.838236304546559,0.07226354622369653,0.07226354402931622,geom2,96
mixture,0.007500000000000005,488.2944602997889,982.5889205995778,991.326885256786,13.838236207795243,0.07226354351287866,0.0722635446528221,geom2,96
mixture,0.009750000000000007,488.2944602997889,982.5889205995778,991.326885256786,13.838236229261254,0.07226354507848921,0.07226354452679759,geom2,96
mixture,0.004250000000000002,488.29446029978897,982.5889205995779,991.3268852567861,13.83823413561821,0.07226355532464934,0.0722635554658238,geom2,96
mixture,0.005500000000000003,488.29446029978897,982.5889205995779,991.3268852567861,13.838236331118134,0.07226354552698475,0.07226354399183461,geom2,96
mixture,0.008500000000000006,488.29446029978897,982.5889205995779,991.3268852567861,13.838236347978842,0.07226354402582262,0.07226354391125718,geom2,96
mixture,0.0027500000000000007,488.294460299789,982.588920599578,991.3268852567862,13.83823631048624,0.07226354441568658,0.07226354410716967,geom2,96
mixture,0.005250000000000003,488.294460299789,982.588920599578,991.3268852567862,13.838236369961288,0.07226354539094354,0.07226354378902816,geom2,96
mixture,0.009500000000000007,488.2944602997891,982.5889205995782,991.3268852567863,13.838236399801401,0.07226354443773234,0.07226354363397688,geom2,96
null,,488.2944602997905,978.588920599581,981.5015754853171,13.838233005090073,0.07226356136886647,,geom2,96
sum,,487.87514398115513,977.7502879623103,980.6629428480463,20.90484848366353,0.09567158554451785,,geom2,96
mixture,0.002,526.9640465136845,1059.928093027369,1068.8375329260969,14.791666491061703,0.0676056331956714,0.06760563460824837,geom2,97
mixture,0.0022500000000000003,526.9640465136845,1059.928093027369,1068.8375329260969,14.79166628472938,0.06760563660362189,0.06760563554609017,geom2,97
mixture,0.0047500000000000025,526.9640465136845,1059.928093027369,1068.8375329260969,14.791666343815034,0.06760563473597869,0.06760563528100622,geom2,97
mixture,0.004250000000000002,526.9640465136845,1059.928093027369,1068.8375329260969,14.791666280720593,0.06760563400315124,0.0676056355734657,geom2,97
mixture,0.005500000000000003,526.9640465136845,1059.928093027369,1068.8375329260969,14.79166632966812,0.06760563459492686,0.0676056353472137,geom2,97
mixture,0.009000000000000006,526.9640465136845,1059.928093027369,1068.8375329260969,14.791666239189697,0.06760563297439048,0.06760563578187712,geom2,97
mixture,0.006750000000000004,526.9640465136845,1059.928093027369,1068.8375329260969,14.791666466553263,0.06760563204354564,0.06760563473561101,geom2,97
mixture,0.006250000000000004,526.9640465136845,1059.928093027369,1068.8375329260969,14.791666272048055,0.06760563454581454,0.06760563561310043,geom2,97
mixture,0.008250000000000006,526.9640465136845,1059.928093027369,1068.8375329260969,14.791666242754971,0.06760563249364689,0.0676056357673224,geom2,97
mixture,0.009500000000000007,526.9640465136845,1059.928093027369,1068.8375329260969,14.791666373536218,0.0676056337341295,0.06760563515608459,geom2,97
mixture,0.008000000000000005,526.9640465136846,1059.9280930273692,1068.837532926097,14.791666361606985,0.06760563431577728,0.06760563520420626,geom2,97
mixture,0.004500000000000002,526.9640465136846,1059.9280930273692,1068.837532926097,14.791666368379731,0.06760563512361228,0.06760563516633611,geom2,97
mixture,0.005250000000000003,526.9640465136846,1059.9280930273692,1068.837532926097,14.791666398678545,0.06760563279122839,0.0676056350394657,geom2,97
mixture,0.003250000000000001,526.9640465136846,1059.9280930273692,1068.837532926097,14.79166644956601,0.06760563327073205,0.06760563480005047,geom2,97
mixture,0.0025000000000000005,526.9640465136846,1059.9280930273692,1068.837532926097,14.791666395963912,0.06760563542677525,0.06760563503910057,geom2,97
mixture,0.003000000000000001,526.9640465136846,1059.9280930273692,1068.837532926097,14.79166630743728,0.06760563471239404,0.06760563544688614,geom2,97
mixture,0.009250000000000006,526.9640465136846,1059.9280930273692,1068.837532926097,14.791666298435093,0.06760563679132382,0.06760563547363876,geom2,97
mixture,0.008750000000000006,526.9640465136846,1059.9280930273692,1068.837532926097,14.791666147337496,0.06760563444791373,0.0676056361916802,geom2,97
mixture,0.006500000000000004,526.9640465136846,1059.9280930273692,1068.837532926097,14.791666390116628,0.06760563375953826,0.06760563507534764,geom2,97
mixture,0.007750000000000005,526.9640465136846,1059.9280930273692,1068.837532926097,14.791666403926927,0.06760563376789352,0.06760563501332671,geom2,97
mixture,0.010000000000000007,526.9640465136846,1059.9280930273692,1068.837532926097,14.791666231310625,0.06760563306458592,0.06760563582017712,geom2,97
mixture,0.0035000000000000014,526.9640465136847,1059.9280930273694,1068.8375329260973,14.791666449358065,0.06760563204482099,0.06760563480569366,geom2,97
mixture,0.004000000000000002,526.9640465136847,1059.9280930273694,1068.8375329260973,14.791666277041616,0.06760563458331391,0.06760563558762395,geom2,97
mixture,0.0027500000000000007,526.9640465136847,1059.9280930273694,1068.8375329260973,14.791666450643495,0.06760563373358913,0.06760563479306908,geom2,97
mixture,0.005750000000000003,526.9640465136847,1059.9280930273694,1068.8375329260973,14.791666368449555,0.06760563406384947,0.06760563517219773,geom2,97
mixture,0.005000000000000003,526.9640465136847,1059.9280930273694,1068.8375329260973,14.791666293769527,0.06760563350331598,0.06760563551722094,geom2,97
mixture,0.0070000000000000045,526.9640465136847,1059.9280930273694,1068.8375329260973,14.791666415678353,0.0676056337282096,0.06760563495857703,geom2,97
mixture,0.006000000000000004,526.9640465136847,1059.9280930273694,1068.8375329260973,14.79166616610937,0.06760563348277203,0.06760563610636655,geom2,97
mixture,0.007500000000000005,526.9640465136847,1059.9280930273694,1068.8375329260973,14.791666307079598,0.06760563414108435,0.06760563545618067,geom2,97
mixture,0.007250000000000005,526.9640465136847,1059.9280930273694,1068.8375329260973,14.791666163856172,0.06760563486288337,0.0676056361099646,geom2,97
mixture,0.008500000000000006,526.9640465136847,1059.9280930273694,1068.8375329260973,14.791666314762209,0.06760563537129373,0.06760563541154606,geom2,97
mixture,0.0037500000000000016,526.9640465136847,1059.9280930273694,1068.8375329260973,14.791666369597063,0.06760563337100305,0.06760563516731617,geom2,97
mixture,0.009750000000000007,526.9640465136847,1059.9280930273694,1068.8375329260973,14.791666142982917,0.067605633805924,0.06760563621986082,geom2,97
mixture,0.35000000000000003,526.9640465136847,1059.9280930273694,1068.8375329260973,14.7916673009448,0.06760563376398261,0.06760562936375566,geom2,97
mixture,0.3,526.9640465136847,1059.9280930273694,1068.8375329260973,14.79166730663643,0.06760563361889127,0.06760562970307712,geom2,97
mixture,0.2,526.9640465136847,1059.9280930273694,1068.8375329260973,14.79166747277987,0.06760563399684758,0.06760562914886217,geom2,97
mixture,0.45,526.9640465136847,1059.9280930273694,1068.8375329260973,14.791667332668105,0.06760562819582645,0.06760563285585668,geom2,97
mixture,0.5,526.9640465136847,1059.9280930273694,1068.8375329260973,14.791667190406592,0.06760563140905228,0.06760563140905228,geom2,97
mixture,0.4,526.9640465136847,1059.9280930273694,1068.8375329260973,14.791667212100545,0.06760563357187628,0.06760562980191523,geom2,97
mixture,0.05,526.9640465136848,1059.9280930273696,1068.8375329260975,14.791667490282682,0.0676056211022298,0.0676056305087903,geom2,97
mixture,0.15000000000000002,526.9640465136848,1059.9280930273696,1068.8375329260975,14.791667442756987,0.06760563451354291,0.0676056295042918,geom2,97
mixture,0.1,526.9640465136849,1059.9280930273699,1068.8375329260978,14.791667654011038,0.06760561341058385,0.06760563105453371,geom2,97
mixture,0.25,526.9640465136849,1059.9280930273699,1068.8375329260978,14.79166747141443,0.06760560950914189,0.06760563699655546,geom2,97
null,,526.9640465136849,1055.9280930273699,1058.8979063269458,14.79166771754865,0.06760562899973831,,geom2,97
sum,,526.9556549512479,1055.9113099024958,1058.8811232020716,22.398758610102387,0.08929066270208168,,geom2,97
mixture,0.15000000000000002,421.74559957558824,849.4911991511765,857.8285696305111,11.82220574402037,0.3,0.07507371083138221,geom2,98
mixture,0.2,421.7460023236921,849.4920046473842,857.8293751267188,11.351044364486,0.3,0.074875675741347,geom2,98
mixture,0.1,421.74637709308485,849.4927541861697,857.8301246655043,12.293288616710795,0.3,0.07525111747289429,geom2,98
mixture,0.25,421.7480111379123,849.4960222758245,857.8333927551591,10.879779022505101,0.3,0.07465326775302861,geom2,98
mixture,0.010000000000000007,421.749842240781,849.499684481562,857.8370549608966,13.141962008671497,0.29581329835823406,0.07552549205616578,geom2,98
mixture,0.009750000000000007,421.74985244284346,849.4997048856869,857.8370753650215,13.144329957934522,0.2959239521555236,0.07552598017879714,geom2,98
mixture,0.009500000000000007,421.74986265279585,849.4997253055917,857.8370957849263,13.146652781620736,0.29604047310703185,0.07552672796734354,geom2,98
mixture,0.009250000000000006,421.74987282816954,849.4997456563391,857.8371161356737,13.148996394117718,0.29616972668596,0.07552735185228379,geom2,98
mixture,0.009000000000000006,421.7498832388275,849.499766477655,857.8371369569896,13.151322366571849,0.29628014035735123,0.07552809240161612,geom2,98
mixture,0.008750000000000006,421.74989352790715,849.4997870558143,857.8371575351489,13.153678014883278,0.29641449970676664,0.07552865175182454,geom2,98
mixture,0.008500000000000006,421.74990429874816,849.4998085974963,857.8371790768309,13.15576141983165,0.296492940941486,0.07553081280436104,geom2,98
mixture,0.008250000000000006,421.74991485062026,849.4998297012405,857.8372001805751,13.158089322089713,0.2966113796047493,0.07553154741096044,geom2,98
mixture,0.008000000000000005,421.7499254217654,849.4998508435308,857.8372213228654,13.160419859653441,0.29673688483717575,0.07553226673526166,geom2,98
mixture,0.007750000000000005,421.7499361812131,849.4998723624262,857.8372428417608,13.162758749262883,0.2968468421957289,0.07553294970351253,geom2,98
mixture,0.007500000000000005,421.7499470339033,849.4998940678066,857.8372645471412,13.165091815098659,0.29695297447976077,0.07553367131557315,geom2,98
mixture,0.007250000000000005,421.74995791802746,849.4999158360549,857.8372863153895,13.167425172715918,0.29706406459844287,0.07553439205576436,geom2,98
mixture,0.0070000000000000045,421.74996879566896,849.4999375913379,857.8373080706725,13.169758857641717,0.2971865084526029,0.07553510905128051,geom2,98
mixture,0.006750000000000004,421.7499797837896,849.4999595675793,857.8373300469138,13.172095241143152,0.29730285380017735,0.07553581690083173,geom2,98
mixture,0.006500000000000004,421.74999096065324,849.4999819213065,857.8373524006411,13.174430923772102,0.2973991209762384,0.07553654072604019,geom2,98
mixture,0.006250000000000004,421.7500021045959,849.5000042091918,857.8373746885264,13.1767713180417,0.29751146417861574,0.07553723378075801,geom2,98
mixture,0.006000000000000004,421.75001336649143,849.5000267329829,857.8373972123175,13.179108698507054,0.29761433931018766,0.07553795115900401,geom2,98
mixture,0.005750000000000003,421.750024574056,849.500049148112,857.8374196274466,13.181350945738624,0.29773834115938164,0.07553920966758987,geom2,98
mixture,0.005500000000000003,421.75003591842255,849.5000718368451,857.8374423161797,13.183687716837111,0.29785027094073996,0.07553993356446016,geom2,98
mixture,0.005250000000000003,421.75004738585505,849.5000947717101,857.8374652510447,13.1860284202777,0.29795006084082043,0.07554064232045692,geom2,98
mixture,0.005000000000000003,421.75005894616174,849.5001178923235,857.8374883716581,13.188368229506281,0.29804237956430435,0.0755413615199155,geom2,98
mixture,0.0047500000000000025,421.75007043675834,849.5001408735167,857.8375113528513,13.190707800285107,0.2981639312276591,0.07554207578035563,geom2,98
mixture,0.004500000000000002,421.750082044896,849.500164089792,857.8375345691265,13.193049499982184,0.298273472692984,0.07554278492302763,geom2,98
mixture,0.004250000000000002,421.7500938087291,849.5001876174582,857.8375580967928,13.195392200290865,0.2983586443052659,0.07554349820749409,geom2,98
mixture,0.004000000000000002,421.7501056141902,849.5002112283804,857.837581707715,13.197735798977085,0.2984465263870334,0.07554420805676064,geom2,98
mixture,0.0037500000000000016,421.7501173258365,849.500234651673,857.8376051310076,13.200079557719379,0.29857819087387677,0.07554490893392174,geom2,98
mixture,0.0035000000000000014,421.7501292369354,849.5002584738708,857.8376289532054,13.202423685099124,0.29866895862141213,0.0755456208071725,geom2,98
mixture,0.003250000000000001,421.75014117074664,849.5002823414933,857.8376528208279,13.20477012527889,0.2987703475488102,0.07554631980520665,geom2,98
mixture,0.003000000000000001,421.7501531599921,849.5003063199842,857.8376767993188,13.207086915527096,0.29887252132120895,0.0755471913123113,geom2,98
mixture,0.0027500000000000007,421.7501653049005,849.500330609801,857.8377010891356,13.209435325766423,0.29893448751176255,0.07554789180119673,geom2,98
mixture,0.0025000000000000005,421.7501773684825,849.500354736965,857.8377252162996,13.211781833342728,0.29905149860921665,0.07554859602104098,geom2,98
mixture,0.0022500000000000003,421.75018959687225,849.5003791937445,857.8377496730791,13.214130818631263,0.2991174557023963,0.07554929682751471,geom2,98
mixture,0.002,421.75020175219163,849.5004035043833,857.8377739837179,13.216478633209835,0.2992487241173509,0.07554999775946272,geom2,98
mixture,0.45,421.750301484153,849.500602968306,857.8379734476406,13.23529455271245,0.07555555413348584,0.07555555220337176,geom2,98
mixture,0.5,421.750301484153,849.500602968306,857.8379734476406,13.235294618519939,0.07555555269625172,0.07555555269625172,geom2,98
mixture,0.3,421.7503014841531,849.5006029683062,857.8379734476408,13.235294611189088,0.07555555654957738,0.07555555110461111,geom2,98
mixture,0.4,421.75030148415317,849.5006029683063,857.8379734476409,13.235294738343457,0.0755555462425869,0.07555555585864623,geom2,98
mixture,0.35000000000000003,421.7503014841532,849.5006029683065,857.837973447641,13.235294829371455,0.07555554358947139,0.07555555574809457,geom2,98
mixture,0.05,421.7503014841542,849.5006029683084,857.837973447643,13.23529240307153,0.07555556322709386,0.07555556545484207,geom2,98
null,,421.75030148415306,845.5006029683061,848.2797264614177,13.235294154831111,0.07555555534328512,,geom2,98
sum,,421.6626300444971,845.3252600889942,848.1043835821058,20.05749748775984,0.09971333668223104,,geom2,98
mixture,0.0047500000000000025,444.73697764495734,895.4739552899147,904.0065165492905,12.708661059221784,0.07868649458175248,0.07868649540575416,geom2,99
mixture,0.5,444.73697764495734,895.4739552899147,904.0065165492905,12.708661874001649,0.07868649035707835,0.07868649035707835,geom2,99
mixture,0.008500000000000006,444.7369776449574,895.4739552899148,904.0065165492906,12.708661071598653,0.07868649348680795,0.07868649534096833,geom2,99
mixture,0.0025000000000000005,444.7369776449574,895.4739552899148,904.0065165492906,12.708661078737903,0.07868649545140587,0.07868649528057779,geom2,99
mixture,0.0070000000000000045,444.7369776449574,895.4739552899148,904.0065165492906,12.708661116152445,0.078686494025502,0.07868649505656776,geom2,99
mixture,0.005500000000000003,444.73697764495745,895.4739552899149,904.0065165492907,12.708660834299925,0.07868649984374299,0.07868649677759458,geom2,99
mixture,0.005000000000000003,444.73697764495745,895.4739552899149,904.0065165492907,12.708661180147946,0.07868649359311704,0.07868649465844467,geom2,99
mixture,0.007250000000000005,444.73697764495745,895.4739552899149,904.0065165492907,12.708660912442776,0.07868649467100632,0.07868649632260598,geom2,99
mixture,0.006000000000000004,444.73697764495745,895.4739552899149,904.0065165492907,12.708661099699292,0.07868649512040629,0.07868649515140706,geom2,99
mixture,0.007750000000000005,444.73697764495745,895.4739552899149,904.0065165492907,12.70866102451235,0.07868649689397597,0.07868649560677,geom2,99
mixture,0.35000000000000003,444.73697764495745,895.4739552899149,904.0065165492907,12.708662058918083,0.07868648829094115,0.0786864897081955,geom2,99
mixture,0.003000000000000001,444.73697764495745,895.4739552899149,904.0065165492907,12.708661021575262,0.0786864979039551,0.07868649562810348,geom2,99
mixture,0.4,444.73697764495745,895.4739552899149,904.0065165492907,12.708661827808946,0.07868649134779616,0.07868649017327493,geom2,99
mixture,0.004500000000000002,444.7369776449575,895.473955289915,904.0065165492908,12.708660905799738,0.07868650043033218,0.07868649633332615,geom2,99
mixture,0.006250000000000004,444.7369776449575,895.473955289915,904.0065165492908,12.708661007250706,0.07868649649951855,0.0786864957187426,geom2,99
mixture,0.009750000000000007,444.7369776449575,895.473955289915,904.0065165492908,12.708661132110665,0.07868649270176857,0.07868649497268539,geom2,99
mixture,0.009500000000000007,444.7369776449575,895.473955289915,904.0065165492908,12.708660906666621,0.07868649538153671,0.0786864963556494,geom2,99
mixture,0.25,444.7369776449575,895.473955289915,904.0065165492908,12.708662018731161,0.07868649069675863,0.07868648904904894,geom2,99
mixture,0.45,444.7369776449575,895.473955289915,904.0065165492908,12.708661950653662,0.07868649011284136,0.07868648969400713,geom2,99
mixture,0.3,444.7369776449575,895.473955289915,904.0065165492908,12.708661917840416,0.07868649085439634,0.07868648975618417,geom2,99
mixture,0.010000000000000007,444.7369776449575,895.473955289915,904.0065165492908,12.708661084961648,0.078686490472283,0.07868649529065384,geom2,99
mixture,0.004000000000000002,444.7369776449575,895.473955289915,904.0065165492908,12.708661002220756,0.0786864936656864,0.07868649576315558,geom2,99
mixture,0.0035000000000000014,444.7369776449575,895.473955289915,904.0065165492908,12.708660996074462,0.07868649739260321,0.07868649578720198,geom2,99
mixture,0.005750000000000003,444.7369776449575,895.473955289915,904.0065165492908,12.708660830136248,0.07868649789953801,0.07868649681399621,geom2,99
mixture,0.1,444.7369776449575,895.473955289915,904.0065165492908,12.708660954719846,0.07868649529302818,0.07868649613285317,geom2,99
mixture,0.009000000000000006,444.73697764495756,895.4739552899151,904.006516549291,12.708660786956738,0.07868649960599935,0.07868649706471524,geom2,99
mixture,0.007500000000000005,444.73697764495756,895.4739552899151,904.006516549291,12.708660810598548,0.07868649678559154,0.07868649694238294,geom2,99
mixture,0.008750000000000006,444.73697764495756,895.4739552899151,904.006516549291,12.7086607826912,0.0786865001282968,0.07868649708738921,geom2,99
mixture,0.003250000000000001,444.73697764495756,895.4739552899151,904.006516549291,12.708660891171123,0.07868649655098027,0.07868649644198245,geom2,99
mixture,0.0027500000000000007,444.73697764495756,895.4739552899151,904.006516549291,12.708660877803073,0.07868649524304427,0.07868649652864122,geom2,99
mixture,0.0022500000000000003,444.73697764495756,895.4739552899151,904.006516549291,12.708660795733959,0.07868649573504277,0.07868649703616962,geom2,99
mixture,0.004250000000000002,444.73697764495756,895.4739552899151,904.006516549291,12.70866103262273,0.07868649538907371,0.07868649556728732,geom2,99
mixture,0.05,444.73697764495756,895.4739552899151,904.006516549291,12.70866080650974,0.07868649644890277,0.0786864969937663,geom2,99
mixture,0.2,444.73697764495756,895.4739552899151,904.006516549291,12.708661988169387,0.078686485334336,0.07868649072916797,geom2,99
mixture,0.0037500000000000016,444.7369776449576,895.4739552899152,904.0065165492911,12.708660854763403,0.07868649958640037,0.07868649665677133,geom2,99
mixture,0.008000000000000005,444.7369776449576,895.4739552899152,904.0065165492911,12.708660836342169,0.07868650009855985,0.07868649675506575,geom2,99
mixture,0.006750000000000004,444.7369776449576,895.4739552899152,904.0065165492911,12.708660827537194,0.07868649886544492,0.07868649682254068,geom2,99
mixture,0.002,444.7369776449576,895.4739552899152,904.0065165492911,12.708660972679995,0.07868649480810258,0.07868649593993289,geom2,99
mixture,0.009250000000000006,444.7369776449576,895.4739552899152,904.0065165492911,12.708660820839107,0.07868649800619178,0.07868649686726686,geom2,99
mixture,0.006500000000000004,444.7369776449577,895.4739552899154,904.0065165492912,12.708660907988461,0.0786864953918437,0.0786864963444027,geom2,99
mixture,0.15000000000000002,444.7369776449577,895.4739552899154,904.0065165492912,12.708662042744768,0.07868648302811355,0.07868649042126781,geom2,99
mixture,0.008250000000000006,444.7369776449577,895.4739552899154,904.0065165492912,12.708660695224665,0.07868650054738521,0.0786864976314958,geom2,99
mixture,0.005250000000000003,444.73697764495773,895.4739552899155,904.0065165492913,12.708660775724184,0.07868649507881603,0.07868649716810265,geom2,99
null,,444.73697764495745,891.4739552899149,894.3181423763735,12.708661966955345,0.07868648978154962,,geom2,99
sum,,443.1047804166534,888.2095608333068,891.0537479197654,19.050345997780724,0.104984969839025,,geom2,99
