model,w1,NLL,AIC,BIC,mean,phi1,phi2,distribution,iteration
mixture,0.45,5190.962515318424,10387.925030636849,10402.648296473795,66.58701243266326,0.015017944314686857,0.015017943091540975,geom2,0
mixture,0.5,5190.962515318424,10387.925030636849,10402.648296473795,66.58701210661017,0.015017943715494163,0.015017943715494163,geom2,0
mixture,0.4,5190.962515318426,10387.925030636852,10402.648296473799,66.58701315008562,0.015017944798636195,0.015017942601159564,geom2,0
mixture,0.3,5190.962515318431,10387.925030636861,10402.648296473808,66.58701383319485,0.015017945739959272,0.015017942291564298,geom2,0
mixture,0.35000000000000003,5190.9625153184315,10387.925030636863,10402.64829647381,66.58701303749721,0.015017945466368424,0.015017942449714406,geom2,0
mixture,0.25,5190.962515318433,10387.925030636867,10402.648296473813,66.58701521475587,0.01501794633076181,0.015017941909062743,geom2,0
mixture,0.2,5190.962515318438,10387.925030636876,10402.648296473822,66.58701619943807,0.015017945751876205,0.015017942052535394,geom2,0
mixture,0.15000000000000002,5190.9625153184425,10387.925030636885,10402.648296473832,66.58701696549022,0.015017945224863487,0.015017942159881921,geom2,0
mixture,0.1,5190.962515318444,10387.925030636889,10402.648296473835,66.58701835892637,0.01501794438753955,0.015017942074001691,geom2,0
mixture,0.05,5190.962515318457,10387.925030636914,10402.64829647386,66.58701998461652,0.01501794314985458,0.015017941874954593,geom2,0
mixture,0.007250000000000005,5190.962515318459,10387.925030636918,10402.648296473864,66.58702178119024,0.01501794169987477,0.015017941532287908,geom2,0
mixture,0.0025000000000000005,5190.962515318461,10387.925030636921,10402.648296473868,66.58702178282375,0.015017941545957234,0.015017941533102354,geom2,0
mixture,0.006250000000000004,5190.962515318461,10387.925030636921,10402.648296473868,66.58702153601351,0.015017941859915947,0.015017941587094588,geom2,0
mixture,0.008000000000000005,5190.962515318461,10387.925030636921,10402.648296473868,66.58702153397051,0.015017941809042826,0.015017941587488056,geom2,0
mixture,0.0035000000000000014,5190.962515318461,10387.925030636921,10402.648296473868,66.58702183522243,0.015017941586624804,0.015017941521087189,geom2,0
mixture,0.0037500000000000016,5190.962515318461,10387.925030636921,10402.648296473868,66.58702184152179,0.015017941688989976,0.015017941519259328,geom2,0
mixture,0.008500000000000006,5190.962515318462,10387.925030636923,10402.64829647387,66.587021726987,0.015017941715254729,0.015017941544274502,geom2,0
mixture,0.0027500000000000007,5190.962515318462,10387.925030636923,10402.64829647387,66.5870218310265,0.015017941610035428,0.015017941522020873,geom2,0
mixture,0.009500000000000007,5190.9625153184625,10387.925030636925,10402.648296473872,66.58702202099857,0.015017941722508504,0.015017941477085364,geom2,0
mixture,0.007750000000000005,5190.9625153184625,10387.925030636925,10402.648296473872,66.58702157389924,0.015017941849178505,0.015017941578154594,geom2,0
mixture,0.004500000000000002,5190.9625153184625,10387.925030636925,10402.648296473872,66.58702240106652,0.015017941508006814,0.015017941393180188,geom2,0
mixture,0.009750000000000007,5190.9625153184625,10387.925030636925,10402.648296473872,66.58702226896266,0.015017941782530787,0.01501794141995632,geom2,0
mixture,0.008750000000000006,5190.9625153184625,10387.925030636925,10402.648296473872,66.58702227139482,0.015017941668130898,0.015017941420778542,geom2,0
mixture,0.005000000000000003,5190.962515318463,10387.925030636927,10402.648296473873,66.58702254442575,0.015017941420845171,0.01501794136106497,geom2,0
mixture,0.009250000000000006,5190.962515318463,10387.925030636927,10402.648296473873,66.58702206872098,0.015017941707585527,0.015017941466422886,geom2,0
mixture,0.0070000000000000045,5190.962515318463,10387.925030636927,10402.648296473873,66.58702211306586,0.015017941810276847,0.015017941456173436,geom2,0
mixture,0.007500000000000005,5190.962515318464,10387.925030636929,10402.648296473875,66.58702244299297,0.015017941623045167,0.015017941382436307,geom2,0
mixture,0.002,5190.962515318464,10387.925030636929,10402.648296473875,66.5870224344408,0.015017941416780672,0.015017941386108374,geom2,0
mixture,0.006750000000000004,5190.962515318464,10387.925030636929,10402.648296473875,66.58702168967864,0.015017941681939512,0.015017941553273816,geom2,0
mixture,0.006500000000000004,5190.962515318464,10387.925030636929,10402.648296473875,66.58702242488705,0.015017941618271313,0.015017941386820024,geom2,0
mixture,0.005250000000000003,5190.962515318465,10387.92503063693,10402.648296473877,66.58702235946193,0.015017941629955903,0.01501794140188296,geom2,0
mixture,0.009000000000000006,5190.962515318465,10387.92503063693,10402.648296473877,66.58702224681882,0.015017941753474413,0.01501794142553425,geom2,0
mixture,0.005750000000000003,5190.962515318465,10387.92503063693,10402.648296473877,66.58702247753496,0.015017941514192721,0.015017941375653723,geom2,0
mixture,0.0047500000000000025,5190.962515318465,10387.92503063693,10402.648296473877,66.58702171976473,0.01501794174223918,0.015017941546426623,geom2,0
mixture,0.010000000000000007,5190.962515318466,10387.925030636932,10402.648296473879,66.5870223549576,0.015017941615804593,0.015017941401957776,geom2,0
mixture,0.003250000000000001,5190.962515318466,10387.925030636932,10402.648296473879,66.58702180365619,0.015017941599961377,0.01501794152820276,geom2,0
mixture,0.004000000000000002,5190.962515318466,10387.925030636932,10402.648296473879,66.58702251204502,0.015017941453923196,0.015017941368324577,geom2,0
mixture,0.008250000000000006,5190.962515318466,10387.925030636932,10402.648296473879,66.58702212737006,0.015017941830472122,0.015017941452306142,geom2,0
mixture,0.0022500000000000003,5190.962515318466,10387.925030636932,10402.648296473879,66.58702264428744,0.01501794135194858,0.015017941338811649,geom2,0
mixture,0.005500000000000003,5190.962515318467,10387.925030636934,10402.64829647388,66.58702239356725,0.015017941521485542,0.015017941394690908,geom2,0
mixture,0.004250000000000002,5190.962515318468,10387.925030636936,10402.648296473883,66.58702260167931,0.015017941514401017,0.015017941347742689,geom2,0
mixture,0.006000000000000004,5190.962515318468,10387.925030636936,10402.648296473883,66.58702281014692,0.015017941551257703,0.015017941299925505,geom2,0
mixture,0.003000000000000001,5190.962515318469,10387.925030636938,10402.648296473884,66.58702309888406,0.015017941390488222,0.01501794123584822,geom2,0
null,,5190.9625153184625,10383.925030636925,10388.832785915907,66.5870217330474,0.015017941544360982,,geom2,0
sum,,5188.149946219437,10378.299892438874,10383.207647717856,99.48006793421983,0.020104529897612047,,geom2,0
mixture,0.5,5173.22287254834,10352.44574509668,10367.169010933627,65.4250129422435,0.01528467408761217,0.01528467408761217,geom2,1
mixture,0.4,5173.222872548344,10352.445745096687,10367.169010933634,65.42501374678807,0.015284674781000955,0.015284673312088508,geom2,1
mixture,0.45,5173.222872548344,10352.445745096687,10367.169010933634,65.42501347456721,0.015284674231785176,0.015284673743539468,geom2,1
mixture,0.3,5173.2228725483465,10352.445745096693,10367.16901093364,65.42501422814902,0.015284675777387714,0.015284672934258716,geom2,1
mixture,0.35000000000000003,5173.222872548347,10352.445745096695,10367.169010933641,65.42501451425079,0.015284674781682713,0.015284673148875293,geom2,1
mixture,0.2,5173.222872548351,10352.445745096702,10367.169010933649,65.42501594349551,0.01528467587260896,0.015284672764917786,geom2,1
mixture,0.25,5173.222872548351,10352.445745096702,10367.169010933649,65.42501580720757,0.015284675444164548,0.015284672743006173,geom2,1
mixture,0.15000000000000002,5173.2228725483565,10352.445745096713,10367.16901093366,65.4250173410434,0.015284675942731644,0.015284672551234594,geom2,1
mixture,0.1,5173.222872548362,10352.445745096724,10367.16901093367,65.42501871555159,0.015284674488779551,0.015284672544407595,geom2,1
mixture,0.05,5173.222872548369,10352.445745096738,10367.169010933685,65.4250205805959,0.015284673693426919,0.015284672229957379,geom2,1
mixture,0.008250000000000006,5173.222872548371,10352.445745096742,10367.169010933689,65.42502088929866,0.015284672422372945,0.01528467222941947,geom2,1
mixture,0.007750000000000005,5173.222872548371,10352.445745096742,10367.169010933689,65.42502086287242,0.015284672446925126,0.01528467223554689,geom2,1
mixture,0.009500000000000007,5173.222872548372,10352.445745096744,10367.16901093369,65.42502070229044,0.015284672412020405,0.015284672273383374,geom2,1
mixture,0.004500000000000002,5173.222872548373,10352.445745096746,10367.169010933692,65.42502086705097,0.015284672385751272,0.01528467223553289,geom2,1
mixture,0.007500000000000005,5173.222872548373,10352.445745096746,10367.169010933692,65.42502126556305,0.015284672624628251,0.01528467213946931,geom2,1
mixture,0.0035000000000000014,5173.222872548373,10352.445745096746,10367.169010933692,65.42502091460277,0.015284672357947927,0.015284672224633162,geom2,1
mixture,0.008750000000000006,5173.222872548373,10352.445745096746,10367.169010933692,65.42502082042412,0.015284672338846695,0.01528467224629204,geom2,1
mixture,0.009000000000000006,5173.222872548373,10352.445745096746,10367.169010933692,65.42502123521427,0.01528467256468531,0.015284672146433854,geom2,1
mixture,0.008000000000000005,5173.222872548373,10352.445745096746,10367.169010933692,65.42502083496596,0.015284672530457724,0.015284672241392084,geom2,1
mixture,0.004000000000000002,5173.222872548373,10352.445745096746,10367.169010933692,65.42502097789774,0.01528467229152386,0.015284672209986564,geom2,1
mixture,0.004250000000000002,5173.222872548373,10352.445745096746,10367.169010933692,65.42502109792349,0.015284672250002677,0.01528467218198307,geom2,1
mixture,0.0037500000000000016,5173.222872548374,10352.445745096747,10367.169010933694,65.42502081764218,0.015284672330557851,0.01528467224744012,geom2,1
mixture,0.002,5173.222872548374,10352.445745096747,10367.169010933694,65.42502097710616,0.015284672260067012,0.015284672210398307,geom2,1
mixture,0.010000000000000007,5173.222872548375,10352.44574509675,10367.169010933696,65.42502065701615,0.015284672637344433,0.015284672281721227,geom2,1
mixture,0.0022500000000000003,5173.222872548375,10352.44574509675,10367.169010933696,65.42502133629962,0.015284672281935162,0.015284672126232104,geom2,1
mixture,0.006250000000000004,5173.222872548375,10352.44574509675,10367.169010933696,65.42502166558243,0.015284672172119197,0.015284672048884774,geom2,1
mixture,0.008500000000000006,5173.222872548375,10352.44574509675,10367.169010933696,65.42502124212915,0.015284672427831564,0.01528467214618869,geom2,1
mixture,0.0027500000000000007,5173.222872548376,10352.445745096751,10367.169010933698,65.42502143469879,0.015284672170222788,0.01528467210341057,geom2,1
mixture,0.0047500000000000025,5173.222872548376,10352.445745096751,10367.169010933698,65.42502151362858,0.015284672224961252,0.015284672084487382,geom2,1
mixture,0.0070000000000000045,5173.222872548376,10352.445745096751,10367.169010933698,65.4250212339223,0.015284672389850885,0.015284672148812684,geom2,1
mixture,0.009750000000000007,5173.222872548376,10352.445745096751,10367.169010933698,65.42502125666195,0.01528467244273677,0.015284672142257814,geom2,1
mixture,0.005250000000000003,5173.222872548376,10352.445745096751,10367.169010933698,65.42502133589463,0.015284672298477428,0.01528467212577034,geom2,1
mixture,0.0025000000000000005,5173.222872548376,10352.445745096751,10367.169010933698,65.42502140398852,0.015284672169809298,0.015284672110620902,geom2,1
mixture,0.003000000000000001,5173.2228725483765,10352.445745096753,10367.1690109337,65.42502146703015,0.01528467216087049,0.01528467209584594,geom2,1
mixture,0.005000000000000003,5173.2228725483765,10352.445745096753,10367.1690109337,65.42502171994136,0.015284672077777447,0.01528467203675046,geom2,1
mixture,0.009250000000000006,5173.2228725483765,10352.445745096753,10367.1690109337,65.42502135098395,0.01528467236485556,0.015284672120895232,geom2,1
mixture,0.006750000000000004,5173.2228725483765,10352.445745096753,10367.1690109337,65.42502090943034,0.015284672413290503,0.015284672225037441,geom2,1
mixture,0.006500000000000004,5173.2228725483765,10352.445745096753,10367.1690109337,65.42502149309989,0.015284672354639973,0.015284672088218834,geom2,1
mixture,0.006000000000000004,5173.2228725483765,10352.445745096753,10367.1690109337,65.42502111786021,0.015284672191982112,0.015284672177527788,geom2,1
mixture,0.007250000000000005,5173.2228725483765,10352.445745096753,10367.1690109337,65.4250215332416,0.015284672258928406,0.015284672079270093,geom2,1
mixture,0.005750000000000003,5173.222872548377,10352.445745096755,10367.169010933701,65.42502152031629,0.015284672242056171,0.015284672082675805,geom2,1
mixture,0.005500000000000003,5173.222872548378,10352.445745096757,10367.169010933703,65.42502208163445,0.015284672269736057,0.015284671950701729,geom2,1
mixture,0.003250000000000001,5173.222872548378,10352.445745096757,10367.169010933703,65.42502106106659,0.015284672250999425,0.015284672190686695,geom2,1
null,,5173.222872548378,10348.445745096757,10353.353500375739,65.42502171471196,0.01528467203817729,,geom2,1
sum,,5167.989860839509,10337.979721679018,10342.887476958,97.6516241636398,0.020480970154152258,,geom2,1
mixture,0.5,5183.093331481202,10372.186662962404,10386.90992879935,66.06901198724478,0.015135688727917698,0.015135688727917698,geom2,2
mixture,0.4,5183.093331481203,10372.186662962406,10386.909928799352,66.06901259601985,0.015135689784023973,0.015135687791407428,geom2,2
mixture,0.45,5183.093331481205,10372.18666296241,10386.909928799356,66.0690129207397,0.015135689150594624,0.015135687993266648,geom2,2
mixture,0.35000000000000003,5183.093331481205,10372.18666296241,10386.909928799356,66.06901340760339,0.015135690093444383,0.015135687492036356,geom2,2
mixture,0.3,5183.093331481208,10372.186662962416,10386.909928799363,66.06901431246408,0.0151356905248422,0.015135687196832677,geom2,2
mixture,0.25,5183.09333148121,10372.18666296242,10386.909928799367,66.06901467936768,0.01513569072979164,0.015135687238312026,geom2,2
mixture,0.2,5183.093331481214,10372.186662962427,10386.909928799374,66.0690162132088,0.01513569060269982,0.015135687049069686,geom2,2
mixture,0.15000000000000002,5183.093331481221,10372.186662962442,10386.909928799389,66.0690173819801,0.015135689983625716,0.015135687052351878,geom2,2
mixture,0.1,5183.093331481223,10372.186662962446,10386.909928799392,66.06901880187543,0.015135689587352522,0.015135686897805808,geom2,2
mixture,0.008250000000000006,5183.093331481232,10372.186662962464,10386.90992879941,66.06902113268697,0.015135686872453064,0.0151356866308035,geom2,2
mixture,0.05,5183.093331481233,10372.186662962466,10386.909928799412,66.06902038049265,0.015135688351138842,0.01513568672374698,geom2,2
mixture,0.004500000000000002,5183.093331481234,10372.186662962467,10386.909928799414,66.06902129483875,0.015135686693616927,0.015135686595207079,geom2,2
mixture,0.009750000000000007,5183.093331481234,10372.186662962467,10386.909928799414,66.0690214182503,0.01513568678594027,0.015135686565225721,geom2,2
mixture,0.007250000000000005,5183.093331481235,10372.18666296247,10386.909928799416,66.06902143495842,0.01513568666663556,0.015135686562797217,geom2,2
mixture,0.002,5183.0933314812355,10372.186662962471,10386.909928799418,66.06902164452579,0.015135686514590537,0.015135686515542366,geom2,2
mixture,0.006250000000000004,5183.093331481236,10372.186662962473,10386.90992879942,66.06902194286302,0.01513568669951769,0.01513568644560775,geom2,2
mixture,0.009500000000000007,5183.093331481236,10372.186662962473,10386.90992879942,66.0690217527233,0.01513568695444497,0.01513568648630629,geom2,2
mixture,0.008750000000000006,5183.093331481236,10372.186662962473,10386.90992879942,66.0690219087789,0.015135686650198637,0.015135686453279942,geom2,2
mixture,0.005000000000000003,5183.093331481236,10372.186662962473,10386.90992879942,66.06902169171083,0.015135686689279714,0.015135686503803506,geom2,2
mixture,0.0070000000000000045,5183.093331481237,10372.186662962475,10386.909928799421,66.06902170723544,0.015135686809875135,0.015135686498998237,geom2,2
mixture,0.004250000000000002,5183.093331481237,10372.186662962475,10386.909928799421,66.06902179353997,0.015135686606070396,0.015135686480870852,geom2,2
mixture,0.009000000000000006,5183.093331481237,10372.186662962475,10386.909928799421,66.06902186597011,0.015135686732859518,0.015135686462375647,geom2,2
mixture,0.007500000000000005,5183.093331481237,10372.186662962475,10386.909928799421,66.0690212689768,0.015135686832387935,0.015135686599830429,geom2,2
mixture,0.005250000000000003,5183.093331481237,10372.186662962475,10386.909928799421,66.06902204840088,0.015135686587598184,0.015135686422148508,geom2,2
mixture,0.006000000000000004,5183.093331481238,10372.186662962476,10386.909928799423,66.06902177942213,0.015135686955643326,0.015135686481794102,geom2,2
mixture,0.010000000000000007,5183.093331481238,10372.186662962476,10386.909928799423,66.06902205744474,0.01513568667339427,0.015135686418395283,geom2,2
mixture,0.009250000000000006,5183.093331481238,10372.186662962476,10386.909928799423,66.0690218014123,0.015135686705662782,0.01513568647748888,geom2,2
mixture,0.005500000000000003,5183.093331481238,10372.186662962476,10386.909928799423,66.0690221518856,0.01513568651408209,0.015135686398675172,geom2,2
mixture,0.008500000000000006,5183.093331481239,10372.186662962478,10386.909928799425,66.06902127119243,0.015135686804538114,0.015135686599322701,geom2,2
mixture,0.0035000000000000014,5183.093331481239,10372.186662962478,10386.909928799425,66.0690219007395,0.015135686639487566,0.015135686456203227,geom2,2
mixture,0.0025000000000000005,5183.093331481239,10372.186662962478,10386.909928799425,66.0690221356311,0.01513568646238361,0.015135686402884891,geom2,2
mixture,0.006750000000000004,5183.093331481239,10372.186662962478,10386.909928799425,66.06902122818379,0.015135686775459106,0.015135686609801654,geom2,2
mixture,0.003250000000000001,5183.093331481239,10372.186662962478,10386.909928799425,66.06902158995631,0.01513568652763012,0.015135686528043077,geom2,2
mixture,0.0047500000000000025,5183.093331481239,10372.186662962478,10386.909928799425,66.069022168767,0.015135686482381696,0.015135686395027633,geom2,2
mixture,0.008000000000000005,5183.093331481239,10372.186662962478,10386.909928799425,66.06902201427262,0.015135686652025327,0.015135686429051743,geom2,2
mixture,0.007750000000000005,5183.09333148124,10372.18666296248,10386.909928799427,66.06902182397094,0.015135686814970942,0.015135686471771758,geom2,2
mixture,0.0037500000000000016,5183.09333148124,10372.18666296248,10386.909928799427,66.0690212869303,0.015135686703534516,0.01513568659706239,geom2,2
mixture,0.0027500000000000007,5183.093331481241,10372.186662962482,10386.909928799429,66.06902205586285,0.015135686530524384,0.01513568642100649,geom2,2
mixture,0.004000000000000002,5183.093331481241,10372.186662962482,10386.909928799429,66.0690221422936,0.01513568651800564,0.015135686401039464,geom2,2
mixture,0.003000000000000001,5183.093331481241,10372.186662962482,10386.909928799429,66.0690218235677,0.015135686465538051,0.015135686474550969,geom2,2
mixture,0.0022500000000000003,5183.093331481243,10372.186662962486,10386.909928799432,66.06902203728282,0.0151356864733247,0.015135686425456443,geom2,2
mixture,0.006500000000000004,5183.093331481243,10372.186662962486,10386.909928799432,66.06902274231717,0.015135686431386299,0.015135686262953722,geom2,2
mixture,0.005750000000000003,5183.093331481245,10372.18666296249,10386.909928799436,66.06902207489331,0.015135686573900119,0.015135686416040302,geom2,2
null,,5183.0933314812355,10368.186662962471,10373.094418241453,66.06902155240633,0.01513568653664402,,geom2,2
sum,,5178.086459353927,10358.172918707854,10363.080673986837,98.55377578647386,0.020293489356848087,,geom2,2
mixture,0.5,5187.385005120541,10380.770010241082,10395.493276078028,66.35101210560686,0.015071360153607922,0.015071360153607922,geom2,3
mixture,0.4,5187.385005120546,10380.770010241093,10395.49327607804,66.35101267895391,0.01507136128353649,0.015071359183266613,geom2,3
mixture,0.45,5187.385005120546,10380.770010241093,10395.49327607804,66.35101318066799,0.015071360274088544,0.015071359611040658,geom2,3
mixture,0.3,5187.385005120549,10380.770010241098,10395.493276078045,66.35101399340802,0.015071362317568589,0.015071358613616085,geom2,3
mixture,0.25,5187.38500512055,10380.7700102411,10395.493276078047,66.3510145677711,0.015071362240587019,0.01507135871225445,geom2,3
mixture,0.35000000000000003,5187.38500512055,10380.7700102411,10395.493276078047,66.35101418410055,0.01507136165666811,0.015071358617927572,geom2,3
mixture,0.2,5187.385005120556,10380.770010241113,10395.49327607806,66.35101608797576,0.015071362158436232,0.015071358521677642,geom2,3
mixture,0.15000000000000002,5187.385005120563,10380.770010241125,10395.493276078072,66.35101742488564,0.015071362692458358,0.015071358284102446,geom2,3
mixture,0.1,5187.38500512057,10380.77001024114,10395.493276078087,66.35101936656702,0.015071361730702115,0.015071358145822954,geom2,3
mixture,0.05,5187.385005120574,10380.770010241147,10395.493276078094,66.351020519342,0.015071359418839284,0.015071358180548198,geom2,3
mixture,0.009750000000000007,5187.385005120576,10380.770010241153,10395.4932760781,66.35102132957427,0.015071358329083698,0.015071358055756927,geom2,3
mixture,0.0047500000000000025,5187.385005120577,10380.770010241155,10395.493276078101,66.35102154937933,0.01507135813769073,0.015071358007877445,geom2,3
mixture,0.006750000000000004,5187.385005120578,10380.770010241156,10395.493276078103,66.35102139500108,0.015071358196193945,0.015071358042523155,geom2,3
mixture,0.003250000000000001,5187.385005120578,10380.770010241156,10395.493276078103,66.35102163292673,0.015071358084971507,0.015071357989205374,geom2,3
mixture,0.0035000000000000014,5187.385005120579,10380.770010241158,10395.493276078105,66.35102210368228,0.015071358192487469,0.01507135788149799,geom2,3
mixture,0.009000000000000006,5187.385005120579,10380.770010241158,10395.493276078105,66.3510218206318,0.015071358392273906,0.015071357942835241,geom2,3
mixture,0.006000000000000004,5187.38500512058,10380.77001024116,10395.493276078107,66.35102142109598,0.015071358263099738,0.015071358036272122,geom2,3
mixture,0.008250000000000006,5187.38500512058,10380.77001024116,10395.493276078107,66.35102201253925,0.015071358136701608,0.015071357901347544,geom2,3
mixture,0.007750000000000005,5187.385005120581,10380.770010241162,10395.493276078108,66.35102226145351,0.01507135801472773,0.015071357845437377,geom2,3
mixture,0.006250000000000004,5187.385005120581,10380.770010241162,10395.493276078108,66.35102219269436,0.015071358171518553,0.015071357860423388,geom2,3
mixture,0.005500000000000003,5187.385005120581,10380.770010241162,10395.493276078108,66.35102196757228,0.015071358229647188,0.015071357911754867,geom2,3
mixture,0.010000000000000007,5187.385005120581,10380.770010241162,10395.493276078108,66.3510220895614,0.01507135821002192,0.015071357882518923,geom2,3
mixture,0.007500000000000005,5187.385005120581,10380.770010241162,10395.493276078108,66.35102141243541,0.015071358190465279,0.01507135803846026,geom2,3
mixture,0.005250000000000003,5187.385005120581,10380.770010241162,10395.493276078108,66.35102216185172,0.015071358067732996,0.015071357868326628,geom2,3
mixture,0.008000000000000005,5187.385005120581,10380.770010241162,10395.493276078108,66.35102217106284,0.015071358089435494,0.015071357865489675,geom2,3
mixture,0.007250000000000005,5187.385005120582,10380.770010241164,10395.49327607811,66.35102202552282,0.01507135835166085,0.015071357897044078,geom2,3
mixture,0.009250000000000006,5187.385005120582,10380.770010241164,10395.49327607811,66.35102137931676,0.015071358331812942,0.015071358044465093,geom2,3
mixture,0.0025000000000000005,5187.385005120582,10380.770010241164,10395.49327607811,66.35102229837737,0.015071357941092947,0.015071357838104807,geom2,3
mixture,0.008750000000000006,5187.385005120583,10380.770010241165,10395.493276078112,66.35102145597763,0.015071358291088013,0.01507135802740262,geom2,3
mixture,0.003000000000000001,5187.385005120583,10380.770010241165,10395.493276078112,66.35102150461721,0.015071358139629863,0.01507135801829759,geom2,3
mixture,0.0022500000000000003,5187.385005120583,10380.770010241165,10395.493276078112,66.35102228057204,0.015071358090050157,0.01507135784184823,geom2,3
mixture,0.006500000000000004,5187.385005120583,10380.770010241165,10395.493276078112,66.3510225301927,0.01507135821671197,0.01507135778288653,geom2,3
mixture,0.005750000000000003,5187.385005120583,10380.770010241165,10395.493276078112,66.35102229902898,0.015071357980834338,0.015071357837389459,geom2,3
mixture,0.004500000000000002,5187.385005120583,10380.770010241165,10395.493276078112,66.3510222602464,0.015071357958440619,0.015071357846519926,geom2,3
mixture,0.004250000000000002,5187.385005120583,10380.770010241165,10395.493276078112,66.35102217426639,0.015071357934883175,0.015071357866261927,geom2,3
mixture,0.009500000000000007,5187.385005120583,10380.770010241165,10395.493276078112,66.35102140587614,0.015071358208968322,0.015071358039480074,geom2,3
mixture,0.008500000000000006,5187.385005120583,10380.770010241165,10395.493276078112,66.35102275411724,0.015071358142900153,0.015071357731344649,geom2,3
mixture,0.0027500000000000007,5187.385005120584,10380.770010241167,10395.493276078114,66.35102279101534,0.015071357928269599,0.015071357725905114,geom2,3
mixture,0.005000000000000003,5187.385005120584,10380.770010241167,10395.493276078114,66.3510216481297,0.01507135807913473,0.015071357985595626,geom2,3
mixture,0.004000000000000002,5187.3850051205845,10380.770010241169,10395.493276078116,66.35102221038079,0.015071358131119521,0.015071357857254875,geom2,3
mixture,0.0070000000000000045,5187.385005120585,10380.77001024117,10395.493276078118,66.3510222725458,0.015071358011894383,0.015071357843047884,geom2,3
mixture,0.0037500000000000016,5187.385005120586,10380.770010241173,10395.49327607812,66.35102228924859,0.015071357997519123,0.01507135783984456,geom2,3
mixture,0.002,5187.385005120588,10380.770010241176,10395.493276078123,66.35102254103823,0.015071357804048115,0.015071357783201183,geom2,3
null,,5187.385005120579,10376.770010241158,10381.67776552014,66.35102156559874,0.015071358004809885,,geom2,3
sum,,5183.98730645523,10369.97461291046,10374.882368189443,99.09663660232029,0.020182319688871974,,geom2,3
mixture,0.5,5176.329385991958,10358.658771983915,10373.382037820862,65.62701181085839,0.015237628110846637,0.015237628110846637,geom2,4
mixture,0.45,5176.32938599196,10358.65877198392,10373.382037820867,65.62701259042738,0.01523762854518139,0.01523762742638285,geom2,4
mixture,0.4,5176.329385991961,10358.658771983923,10373.38203782087,65.62701326845676,0.015237628190729954,0.015237627493536233,geom2,4
mixture,0.35000000000000003,5176.329385991961,10358.658771983923,10373.38203782087,65.62701276200477,0.01523762978845126,0.015237626867764009,geom2,4
mixture,0.3,5176.329385991963,10358.658771983926,10373.382037820873,65.62701363284368,0.01523763021185208,0.015237626606075687,geom2,4
mixture,0.25,5176.32938599197,10358.65877198394,10373.382037820887,65.62701457732577,0.015237630400074875,0.015237626491326728,geom2,4
mixture,0.2,5176.329385991972,10358.658771983944,10373.382037820891,65.62701590079432,0.015237630071252325,0.015237626433716657,geom2,4
mixture,0.15000000000000002,5176.329385991975,10358.65877198395,10373.382037820897,65.62701697462909,0.015237629539794054,0.015237626448148236,geom2,4
mixture,0.1,5176.329385991985,10358.65877198397,10373.382037820917,65.62701877865668,0.015237629400930978,0.015237626169925958,geom2,4
mixture,0.05,5176.329385991989,10358.658771983977,10373.382037820924,65.62701948462113,0.015237627508438349,0.015237626267042049,geom2,4
mixture,0.0070000000000000045,5176.329385991991,10358.658771983983,10373.38203782093,65.6270208710425,0.015237626181561907,0.015237626005976163,geom2,4
mixture,0.006750000000000004,5176.329385991991,10358.658771983983,10373.38203782093,65.62702107826051,0.015237626160470584,0.015237625957723759,geom2,4
mixture,0.004500000000000002,5176.329385991992,10358.658771983984,10373.382037820931,65.62702096904191,0.015237626141907903,0.01523762598373949,geom2,4
mixture,0.007500000000000005,5176.329385991993,10358.658771983986,10373.382037820933,65.62702088865473,0.01523762627278586,0.015237626001078159,geom2,4
mixture,0.006000000000000004,5176.329385991993,10358.658771983986,10373.382037820933,65.62702105194764,0.015237626093032034,0.015237625964430151,geom2,4
mixture,0.0047500000000000025,5176.329385991993,10358.658771983986,10373.382037820933,65.6270211711544,0.015237626032528807,0.015237625937070284,geom2,4
mixture,0.009750000000000007,5176.329385991993,10358.658771983986,10373.382037820933,65.62702087997572,0.015237626311347124,0.015237626002116105,geom2,4
mixture,0.007750000000000005,5176.329385991994,10358.658771983988,10373.382037820935,65.62702101854889,0.015237626178500581,0.015237625971351051,geom2,4
mixture,0.006250000000000004,5176.329385991995,10358.65877198399,10373.382037820937,65.62702146998924,0.015237626082007003,0.015237625866793588,geom2,4
mixture,0.008750000000000006,5176.329385991995,10358.65877198399,10373.382037820937,65.62702102184521,0.015237626144357344,0.015237625970671348,geom2,4
mixture,0.005750000000000003,5176.329385991995,10358.65877198399,10373.382037820937,65.6270218233129,0.015237625945261034,0.015237625785181674,geom2,4
mixture,0.010000000000000007,5176.329385991996,10358.658771983992,10373.382037820938,65.62702096534554,0.015237626306469255,0.015237625982065453,geom2,4
mixture,0.004250000000000002,5176.329385991996,10358.658771983992,10373.382037820938,65.62702107336861,0.015237626009566378,0.015237625960017546,geom2,4
mixture,0.0027500000000000007,5176.329385991996,10358.658771983992,10373.382037820938,65.62702176648837,0.015237625886673127,0.015237625799055,geom2,4
mixture,0.003250000000000001,5176.329385991996,10358.658771983992,10373.382037820938,65.62702164651016,0.015237626121183566,0.015237625826194404,geom2,4
mixture,0.0025000000000000005,5176.329385991996,10358.658771983992,10373.382037820938,65.62702103737927,0.015237626116622185,0.015237625968213304,geom2,4
mixture,0.005000000000000003,5176.329385991996,10358.658771983992,10373.382037820938,65.62702162240528,0.015237625996547802,0.015237625831926812,geom2,4
mixture,0.009500000000000007,5176.329385991997,10358.658771983994,10373.38203782094,65.62702090596373,0.015237626201987486,0.015237625997151127,geom2,4
mixture,0.005250000000000003,5176.329385991997,10358.658771983994,10373.38203782094,65.62702101370563,0.01523762611558032,0.0152376259733342,geom2,4
mixture,0.009250000000000006,5176.329385991997,10358.658771983994,10373.38203782094,65.62702161885493,0.015237626009554297,0.015237625831931242,geom2,4
mixture,0.008500000000000006,5176.329385991997,10358.658771983994,10373.38203782094,65.62702137038421,0.01523762618639958,0.015237625888735343,geom2,4
mixture,0.008000000000000005,5176.329385991997,10358.658771983994,10373.38203782094,65.62702093635653,0.01523762613057224,0.015237625990923119,geom2,4
mixture,0.0035000000000000014,5176.329385991997,10358.658771983994,10373.38203782094,65.62702162440374,0.01523762597489325,0.015237625831785026,geom2,4
mixture,0.003000000000000001,5176.329385991997,10358.658771983994,10373.38203782094,65.62702185633097,0.015237625843261455,0.015237625778240761,geom2,4
mixture,0.002,5176.329385991998,10358.658771983995,10373.382037820942,65.62702198343075,0.015237625760417386,0.015237625748902101,geom2,4
mixture,0.005500000000000003,5176.329385991998,10358.658771983995,10373.382037820942,65.627021001602,0.015237626062278563,0.015237625976419051,geom2,4
mixture,0.004000000000000002,5176.329385991998,10358.658771983995,10373.382037820942,65.62702143795565,0.015237626229419153,0.015237625874155345,geom2,4
mixture,0.007250000000000005,5176.329385991999,10358.658771983997,10373.382037820944,65.62702205947181,0.015237625831357984,0.015237625730538579,geom2,4
mixture,0.006500000000000004,5176.329385991999,10358.658771983997,10373.382037820944,65.62702203344861,0.015237625979889079,0.015237625735724654,geom2,4
mixture,0.008250000000000006,5176.329385991999,10358.658771983997,10373.382037820944,65.62702174472237,0.015237626023597123,0.015237625802525856,geom2,4
mixture,0.009000000000000006,5176.329385992,10358.658771984,10373.382037820948,65.6270216865477,0.015237626048793668,0.015237625815759685,geom2,4
mixture,0.0022500000000000003,5176.329385992001,10358.658771984003,10373.38203782095,65.62702191961004,0.01523762595311839,0.015237625763316302,geom2,4
mixture,0.0037500000000000016,5176.329385992001,10358.658771984003,10373.38203782095,65.62702193785435,0.01523762585036755,0.015237625759165289,geom2,4
null,,5176.329385991996,10354.658771983992,10359.566527262974,65.62702187610822,0.01523762577384384,,geom2,4
sum,,5172.855167149638,10347.710334299276,10352.618089578258,98.02553641632069,0.020402846779699044,,geom2,4
mixture,0.5,5143.4257762828765,10292.851552565753,10307.5748184027,63.51901056052148,0.015743318278662276,0.015743318278662276,geom2,5
mixture,0.45,5143.425776282877,10292.851552565755,10307.574818402702,63.51901076563664,0.015743318814597316,0.015743317747736886,geom2,5
mixture,0.4,5143.42577628288,10292.85155256576,10307.574818402707,63.51901179920616,0.015743319918304726,0.015743316673883317,geom2,5
mixture,0.35000000000000003,5143.425776282882,10292.851552565764,10307.57481840271,63.519011624315795,0.01574332057268591,0.015743316637782785,geom2,5
mixture,0.25,5143.425776282884,10292.851552565768,10307.574818402714,63.51901272726956,0.01574332068771975,0.01574331675959939,geom2,5
mixture,0.3,5143.425776282886,10292.851552565771,10307.574818402718,63.51901236816785,0.015743320329000252,0.015743316759904983,geom2,5
mixture,0.2,5143.425776282888,10292.851552565777,10307.574818402723,63.51901460397192,0.015743320134848415,0.01574331656189403,geom2,5
mixture,0.15000000000000002,5143.425776282893,10292.851552565786,10307.574818402732,63.51901609768218,0.01574332084949115,0.015743316210402532,geom2,5
mixture,0.1,5143.425776282904,10292.851552565808,10307.574818402754,63.519017510908576,0.01574331997420889,0.01574331617619314,geom2,5
mixture,0.05,5143.425776282905,10292.85155256581,10307.574818402756,63.51901817320525,0.015743317598626714,0.015743316328328146,geom2,5
mixture,0.007250000000000005,5143.4257762829075,10292.851552565815,10307.574818402762,63.51901957414607,0.015743316169951265,0.015743316043701768,geom2,5
mixture,0.007500000000000005,5143.425776282908,10292.851552565817,10307.574818402763,63.51901960406294,0.015743316313725848,0.01574331603511252,geom2,5
mixture,0.009250000000000006,5143.425776282908,10292.851552565817,10307.574818402763,63.51901947484862,0.015743316323982015,0.015743316066849675,geom2,5
mixture,0.008250000000000006,5143.425776282909,10292.851552565819,10307.574818402765,63.51901981822887,0.01574331655426184,0.015743315979377875,geom2,5
mixture,0.0027500000000000007,5143.42577628291,10292.85155256582,10307.574818402767,63.519019780468994,0.015743316026950744,0.015743315993387227,geom2,5
mixture,0.006500000000000004,5143.425776282911,10292.851552565822,10307.574818402769,63.51901984858989,0.015743316071891066,0.015743315975972155,geom2,5
mixture,0.007750000000000005,5143.425776282911,10292.851552565822,10307.574818402769,63.519020148808124,0.015743316098768136,0.015743315900650527,geom2,5
mixture,0.008500000000000006,5143.425776282911,10292.851552565822,10307.574818402769,63.51901953397702,0.015743316279851257,0.015743316052641777,geom2,5
mixture,0.008750000000000006,5143.425776282911,10292.851552565822,10307.574818402769,63.51901999384864,0.01574331622527272,0.01574331593808002,geom2,5
mixture,0.006250000000000004,5143.425776282912,10292.851552565824,10307.57481840277,63.51902034040001,0.01574331603083631,0.01574331585359173,geom2,5
mixture,0.009000000000000006,5143.425776282912,10292.851552565824,10307.57481840277,63.519020262358026,0.015743316081522466,0.01574331587215809,geom2,5
mixture,0.009500000000000007,5143.425776282912,10292.851552565824,10307.57481840277,63.51902021389454,0.015743316205128484,0.015743315882993863,geom2,5
mixture,0.005000000000000003,5143.425776282913,10292.851552565826,10307.574818402773,63.51901968437939,0.015743316136939817,0.015743316016694302,geom2,5
mixture,0.0022500000000000003,5143.425776282913,10292.851552565826,10307.574818402773,63.519019812806434,0.01574331594696248,0.015743315985551454,geom2,5
mixture,0.009750000000000007,5143.425776282913,10292.851552565826,10307.574818402773,63.51902014210496,0.01574331619253847,0.01574331590100488,geom2,5
mixture,0.004250000000000002,5143.425776282913,10292.851552565826,10307.574818402773,63.519020397284805,0.015743315975955446,0.015743315840022785,geom2,5
mixture,0.005750000000000003,5143.425776282913,10292.851552565826,10307.574818402773,63.51901957397109,0.015743316201478775,0.015743316043753525,geom2,5
mixture,0.006750000000000004,5143.425776282913,10292.851552565826,10307.574818402773,63.51901953055862,0.015743316347586706,0.015743316053434788,geom2,5
mixture,0.0035000000000000014,5143.425776282913,10292.851552565826,10307.574818402773,63.51901998965709,0.015743315993919454,0.01574331594144819,geom2,5
mixture,0.0037500000000000016,5143.425776282913,10292.851552565826,10307.574818402773,63.51901978890304,0.015743316107310324,0.015743315990952793,geom2,5
mixture,0.004000000000000002,5143.425776282914,10292.851552565828,10307.574818402774,63.51901986656764,0.015743316019485407,0.015743315971949664,geom2,5
mixture,0.006000000000000004,5143.425776282914,10292.851552565828,10307.574818402774,63.519020173211,0.015743315980814895,0.015743315895626508,geom2,5
mixture,0.005250000000000003,5143.425776282914,10292.851552565828,10307.574818402774,63.519020441800414,0.01574331597075293,0.015743315828822078,geom2,5
mixture,0.0047500000000000025,5143.425776282914,10292.851552565828,10307.574818402774,63.51901997017186,0.015743316063380024,0.015743315945903277,geom2,5
mixture,0.0070000000000000045,5143.425776282914,10292.851552565828,10307.574818402774,63.51902025684872,0.015743316179252967,0.015743315873265953,geom2,5
mixture,0.010000000000000007,5143.425776282915,10292.85155256583,10307.574818402776,63.51902011585278,0.01574331616609212,0.015743315907770773,geom2,5
mixture,0.005500000000000003,5143.425776282915,10292.85155256583,10307.574818402776,63.519020659710954,0.015743316174318036,0.015743315773352345,geom2,5
mixture,0.0025000000000000005,5143.425776282915,10292.85155256583,10307.574818402776,63.5190198315412,0.015743315993078457,0.01574331598079046,geom2,5
mixture,0.002,5143.425776282915,10292.85155256583,10307.574818402776,63.51902068350217,0.015743316279059567,0.015743315768640114,geom2,5
mixture,0.003250000000000001,5143.425776282915,10292.85155256583,10307.574818402776,63.51902034268154,0.015743315995949473,0.015743315853671624,geom2,5
mixture,0.003000000000000001,5143.425776282916,10292.851552565831,10307.574818402778,63.51902053566654,0.015743315849882054,0.015743315806171176,geom2,5
mixture,0.004500000000000002,5143.425776282917,10292.851552565833,10307.57481840278,63.51902051864651,0.015743315861134585,0.015743315810291966,geom2,5
mixture,0.008000000000000005,5143.425776282918,10292.851552565837,10307.574818402783,63.519020423721756,0.01574331625894595,0.01574331583062145,geom2,5
null,,5143.425776282915,10288.85155256583,10293.759307844812,63.51901966155188,0.015743316022953372,,geom2,5
sum,,5142.864415821974,10287.728831643948,10292.63658692293,95.17871539282925,0.021013101424467006,,geom2,5
mixture,0.4,5185.986907935661,10377.973815871323,10392.69708170827,66.25901308548526,0.015092287395223218,0.01509228568451265,geom2,6
mixture,0.45,5185.986907935663,10377.973815871326,10392.697081708273,66.25901337197558,0.015092286829920188,0.015092285872866956,geom2,6
mixture,0.5,5185.986907935664,10377.973815871328,10392.697081708275,66.25901332588548,0.015092286314039164,0.015092286314039164,geom2,6
mixture,0.35000000000000003,5185.986907935667,10377.973815871333,10392.69708170828,66.25901414862237,0.015092288204909309,0.015092285007569897,geom2,6
mixture,0.3,5185.98690793567,10377.97381587134,10392.697081708287,66.25901442928651,0.01509228817156378,0.015092285158915239,geom2,6
mixture,0.2,5185.986907935671,10377.973815871343,10392.69708170829,66.25901586246316,0.01509228835520674,0.015092285081529537,geom2,6
mixture,0.25,5185.986907935673,10377.973815871346,10392.697081708293,66.25901508540073,0.01509228827921869,0.015092285124609778,geom2,6
mixture,0.15000000000000002,5185.986907935682,10377.973815871364,10392.697081708311,66.25901773496643,0.01509228762725441,0.015092284900780508,geom2,6
mixture,0.1,5185.986907935683,10377.973815871366,10392.697081708313,66.25901838310247,0.015092287046391753,0.015092284952757612,geom2,6
mixture,0.006500000000000004,5185.986907935694,10377.973815871388,10392.697081708335,66.25902135454089,0.015092284654262728,0.015092284484190019,geom2,6
mixture,0.05,5185.986907935694,10377.973815871388,10392.697081708335,66.25902061356157,0.015092286536779659,0.015092284554983794,geom2,6
mixture,0.007500000000000005,5185.986907935695,10377.97381587139,10392.697081708337,66.25902137726712,0.015092284636755297,0.015092284478935328,geom2,6
mixture,0.003250000000000001,5185.986907935696,10377.973815871392,10392.697081708338,66.25902155604253,0.015092284500274477,0.01509228443919955,geom2,6
mixture,0.009000000000000006,5185.986907935698,10377.973815871395,10392.697081708342,66.2590213762566,0.015092284725576844,0.015092284478122059,geom2,6
mixture,0.004250000000000002,5185.986907935698,10377.973815871395,10392.697081708342,66.25902215723542,0.015092284364455847,0.015092284302195494,geom2,6
mixture,0.0022500000000000003,5185.986907935698,10377.973815871395,10392.697081708342,66.25902170215736,0.015092284426638273,0.015092284406070158,geom2,6
mixture,0.009500000000000007,5185.986907935698,10377.973815871395,10392.697081708342,66.25902126152272,0.015092284710789406,0.015092284504523367,geom2,6
mixture,0.004000000000000002,5185.986907935698,10377.973815871395,10392.697081708342,66.25902224920573,0.015092284319687248,0.015092284281358058,geom2,6
mixture,0.0025000000000000005,5185.986907935698,10377.973815871395,10392.697081708342,66.2590215427189,0.01509228451695326,0.015092284442246091,geom2,6
mixture,0.006750000000000004,5185.9869079356995,10377.973815871399,10392.697081708346,66.25902227044007,0.01509228446809414,0.015092284275373815,geom2,6
mixture,0.005750000000000003,5185.9869079356995,10377.973815871399,10392.697081708346,66.2590220179809,0.015092284796388113,0.015092284331506008,geom2,6
mixture,0.010000000000000007,5185.9869079356995,10377.973815871399,10392.697081708346,66.2590219712378,0.015092284803023326,0.015092284340197831,geom2,6
mixture,0.008000000000000005,5185.9869079356995,10377.973815871399,10392.697081708346,66.25902147470316,0.015092284699943694,0.015092284455973519,geom2,6
mixture,0.008500000000000006,5185.9869079356995,10377.973815871399,10392.697081708346,66.25902204213268,0.015092284536652435,0.01509228432689492,geom2,6
mixture,0.009750000000000007,5185.9869079356995,10377.973815871399,10392.697081708346,66.25902129560114,0.015092284771457805,0.015092284496035242,geom2,6
mixture,0.0070000000000000045,5185.9869079356995,10377.973815871399,10392.697081708346,66.25902206271716,0.015092284535350046,0.015092284322499233,geom2,6
mixture,0.0037500000000000016,5185.9869079356995,10377.973815871399,10392.697081708346,66.25902234064591,0.015092284294520697,0.015092284260556029,geom2,6
mixture,0.003000000000000001,5185.9869079356995,10377.973815871399,10392.697081708346,66.2590215742785,0.015092284471207649,0.01509228443513609,geom2,6
mixture,0.005500000000000003,5185.9869079356995,10377.973815871399,10392.697081708346,66.25902260775992,0.015092284698746366,0.015092284197081807,geom2,6
mixture,0.0027500000000000007,5185.9869079357,10377.9738158714,10392.697081708347,66.25902208001052,0.015092284491679113,0.015092284319576876,geom2,6
mixture,0.009250000000000006,5185.9869079357,10377.9738158714,10392.697081708347,66.25902188034824,0.015092284600012563,0.015092284363339413,geom2,6
mixture,0.008250000000000006,5185.9869079357,10377.9738158714,10392.697081708347,66.25902258487893,0.015092284608518775,0.015092284201696442,geom2,6
mixture,0.0035000000000000014,5185.9869079357,10377.9738158714,10392.697081708347,66.25902210496221,0.015092284263131918,0.015092284314546688,geom2,6
mixture,0.007750000000000005,5185.9869079357,10377.9738158714,10392.697081708347,66.25902144939677,0.015092284598733359,0.015092284462634734,geom2,6
mixture,0.002,5185.986907935701,10377.973815871403,10392.69708170835,66.25902210067237,0.015092284357533087,0.015092284315259316,geom2,6
mixture,0.006250000000000004,5185.986907935701,10377.973815871403,10392.69708170835,66.25902209065406,0.015092284416081538,0.015092284317006589,geom2,6
mixture,0.0047500000000000025,5185.986907935702,10377.973815871404,10392.697081708351,66.25902294330115,0.015092284301827652,0.015092284122560855,geom2,6
mixture,0.004500000000000002,5185.986907935702,10377.973815871404,10392.697081708351,66.25902255729817,0.015092284301388785,0.015092284210927915,geom2,6
mixture,0.005250000000000003,5185.986907935702,10377.973815871404,10392.697081708351,66.2590223065087,0.015092284336824347,0.015092284268098263,geom2,6
mixture,0.005000000000000003,5185.986907935702,10377.973815871404,10392.697081708351,66.25902217957756,0.015092284460178714,0.015092284296552945,geom2,6
mixture,0.007250000000000005,5185.986907935702,10377.973815871404,10392.697081708351,66.25902205104255,0.01509228459841752,0.015092284324663682,geom2,6
mixture,0.008750000000000006,5185.986907935703,10377.973815871406,10392.697081708353,66.259022699505,0.015092284516018037,0.0150922841759681,geom2,6
mixture,0.006000000000000004,5185.986907935705,10377.97381587141,10392.697081708357,66.25902213905736,0.015092284431063599,0.015092284305849359,geom2,6
null,,5185.9869079356995,10373.973815871399,10378.881571150381,66.25902227890164,0.015092284274747328,,geom2,6
sum,,5180.625318906985,10363.25063781397,10368.158393092952,98.8336394331895,0.020236025016077436,,geom2,6
mixture,0.5,5167.507574999472,10341.015149998944,10355.738415835891,65.055012768465,0.015371605621830629,0.015371605621830629,geom2,7
mixture,0.4,5167.507574999473,10341.015149998946,10355.738415835893,65.0550128628261,0.015371606864966905,0.015371604755912842,geom2,7
mixture,0.45,5167.507574999475,10341.01514999895,10355.738415835896,65.05501274157004,0.015371606163894002,0.015371605189878644,geom2,7
mixture,0.35000000000000003,5167.507574999478,10341.015149998955,10355.738415835902,65.05501337735565,0.015371607267814943,0.015371604514189258,geom2,7
mixture,0.25,5167.50757499948,10341.01514999896,10355.738415835907,65.05501529811491,0.015371607987205436,0.015371604036410625,geom2,7
mixture,0.3,5167.50757499948,10341.01514999896,10355.738415835907,65.05501429583727,0.015371607508672534,0.015371604297617055,geom2,7
mixture,0.15000000000000002,5167.507574999487,10341.015149998973,10355.73841583592,65.05501711411613,0.015371607796284594,0.015371604030082916,geom2,7
mixture,0.2,5167.507574999487,10341.015149998973,10355.73841583592,65.05501593906364,0.01537160744977026,0.01537160422838479,geom2,7
mixture,0.1,5167.507574999495,10341.01514999899,10355.738415835936,65.05501854537388,0.015371607046509979,0.015371603946861798,geom2,7
mixture,0.009250000000000006,5167.507574999502,10341.015149999004,10355.738415835951,65.05502062566019,0.015371603913446892,0.015371603763900288,geom2,7
mixture,0.05,5167.507574999502,10341.015149999004,10355.738415835951,65.05502032216673,0.015371605534102393,0.015371603747673473,geom2,7
mixture,0.006000000000000004,5167.507574999502,10341.015149999004,10355.738415835951,65.05502054722999,0.015371604007213975,0.015371603782467087,geom2,7
mixture,0.002,5167.507574999503,10341.015149999006,10355.738415835953,65.05502069393663,0.015371603728244776,0.015371603749192709,geom2,7
mixture,0.010000000000000007,5167.507574999503,10341.015149999006,10355.738415835953,65.05502052464668,0.015371604052618162,0.015371603786490414,geom2,7
mixture,0.009750000000000007,5167.507574999503,10341.015149999006,10355.738415835953,65.05502101098052,0.01537160405494921,0.015371603670489228,geom2,7
mixture,0.0037500000000000016,5167.507574999504,10341.015149999008,10355.738415835955,65.05502078792527,0.015371603800733203,0.015371603726664835,geom2,7
mixture,0.008750000000000006,5167.507574999505,10341.01514999901,10355.738415835956,65.05502091431325,0.015371604141070524,0.015371603693159637,geom2,7
mixture,0.007250000000000005,5167.507574999505,10341.01514999901,10355.738415835956,65.05502060762127,0.015371603893687804,0.015371603768639337,geom2,7
mixture,0.009500000000000007,5167.507574999505,10341.01514999901,10355.738415835956,65.05502083518323,0.01537160421921811,0.015371603710947623,geom2,7
mixture,0.004250000000000002,5167.507574999505,10341.01514999901,10355.738415835956,65.05502098613165,0.015371604125325962,0.015371603678208915,geom2,7
mixture,0.003000000000000001,5167.507574999505,10341.01514999901,10355.738415835956,65.05502082018344,0.015371603853282753,0.015371603718917336,geom2,7
mixture,0.006500000000000004,5167.507574999505,10341.01514999901,10355.738415835956,65.05502069769204,0.015371603863289663,0.015371603747510901,geom2,7
mixture,0.005000000000000003,5167.507574999506,10341.015149999012,10355.738415835958,65.05502140500093,0.015371603609103245,0.015371603580995593,geom2,7
mixture,0.006250000000000004,5167.507574999506,10341.015149999012,10355.738415835958,65.05502108846704,0.01537160419157365,0.015371603652559882,geom2,7
mixture,0.007500000000000005,5167.507574999506,10341.015149999012,10355.738415835958,65.05502081552507,0.015371603861773948,0.015371603719352988,geom2,7
mixture,0.009000000000000006,5167.507574999506,10341.015149999012,10355.738415835958,65.05502040326698,0.015371604048180632,0.015371603815740077,geom2,7
mixture,0.0022500000000000003,5167.507574999507,10341.015149999013,10355.73841583596,65.05502090760702,0.015371603725555029,0.015371603698602807,geom2,7
mixture,0.008250000000000006,5167.507574999507,10341.015149999013,10355.73841583596,65.05502058817488,0.015371604035559674,0.015371603771966206,geom2,7
mixture,0.0047500000000000025,5167.507574999507,10341.015149999013,10355.73841583596,65.05502106266592,0.015371603900458804,0.015371603660887204,geom2,7
mixture,0.0025000000000000005,5167.507574999507,10341.015149999013,10355.73841583596,65.05502155718894,0.01537160358667187,0.015371603545072209,geom2,7
mixture,0.007750000000000005,5167.507574999507,10341.015149999013,10355.73841583596,65.05502089284329,0.015371604005837673,0.015371603699779966,geom2,7
mixture,0.005500000000000003,5167.507574999507,10341.015149999013,10355.73841583596,65.05502130169943,0.015371603728086854,0.015371603604867144,geom2,7
mixture,0.008000000000000005,5167.507574999508,10341.015149999015,10355.738415835962,65.05502061894005,0.015371603964132388,0.015371603765280654,geom2,7
mixture,0.006750000000000004,5167.507574999508,10341.015149999015,10355.738415835962,65.05502075284345,0.015371603902539983,0.01537160373409494,geom2,7
mixture,0.005250000000000003,5167.5075749995085,10341.015149999017,10355.738415835964,65.05502095343117,0.015371603990167305,0.01537160368624022,geom2,7
mixture,0.0035000000000000014,5167.5075749995085,10341.015149999017,10355.738415835964,65.05502137222588,0.015371603739491807,0.015371603588351435,geom2,7
mixture,0.004500000000000002,5167.5075749995085,10341.015149999017,10355.738415835964,65.05502111664758,0.015371603933955773,0.015371603647983175,geom2,7
mixture,0.008500000000000006,5167.5075749995085,10341.015149999017,10355.738415835964,65.05502174567756,0.01537160382605557,0.015371603497849193,geom2,7
mixture,0.003250000000000001,5167.5075749995085,10341.015149999017,10355.738415835964,65.05502071614207,0.015371603927976983,0.015371603743303784,geom2,7
mixture,0.005750000000000003,5167.507574999509,10341.015149999019,10355.738415835965,65.05502098853526,0.01537160402126833,0.015371603677564925,geom2,7
mixture,0.0070000000000000045,5167.507574999509,10341.015149999019,10355.738415835965,65.05502168968545,0.015371603800375468,0.015371603511849428,geom2,7
mixture,0.004000000000000002,5167.50757499951,10341.01514999902,10355.738415835967,65.055021457012,0.015371603645655556,0.015371603568538164,geom2,7
mixture,0.0027500000000000007,5167.50757499951,10341.01514999902,10355.738415835967,65.05502163849454,0.015371603577391516,0.015371603525822999,geom2,7
null,,5167.507574999506,10337.015149999012,10341.922905277994,65.05502142912272,0.015371603575436486,,geom2,7
sum,,5162.242087947656,10326.484175895312,10331.391931174294,97.04848584963398,0.020608255579574745,,geom2,7
mixture,0.5,5209.864020155052,10425.728040310103,10440.45130614705,67.8480124263213,0.014738825268992773,0.014738825268992773,geom2,8
mixture,0.4,5209.864020155055,10425.72804031011,10440.451306147057,67.8480131439619,0.014738826452607635,0.014738824220091007,geom2,8
mixture,0.45,5209.864020155055,10425.72804031011,10440.451306147057,67.84801296128715,0.014738825802490535,0.014738824621199702,geom2,8
mixture,0.35000000000000003,5209.864020155059,10425.728040310118,10440.451306147064,67.84801336783252,0.014738827170098624,0.014738823930663291,geom2,8
mixture,0.25,5209.864020155064,10425.728040310129,10440.451306147075,67.84801522035622,0.014738827489988074,0.014738823719385943,geom2,8
mixture,0.3,5209.864020155064,10425.728040310129,10440.451306147075,67.84801443790143,0.014738827293872306,0.014738823776928202,geom2,8
mixture,0.2,5209.864020155068,10425.728040310136,10440.451306147083,67.84801672049107,0.014738827420275722,0.014738823565128244,geom2,8
mixture,0.15000000000000002,5209.864020155074,10425.728040310149,10440.451306147095,67.84801827318424,0.014738828027054915,0.01473882328800404,geom2,8
mixture,0.1,5209.864020155077,10425.728040310154,10440.4513061471,67.84801983855704,0.014738825778943922,0.014738823423240672,geom2,8
mixture,0.05,5209.864020155086,10425.728040310172,10440.451306147119,67.84802173186371,0.014738824395409422,0.01473882318710733,geom2,8
mixture,0.004000000000000002,5209.86402015509,10425.72804031018,10440.451306147126,67.8480226477197,0.014738823232543328,0.014738823047829515,geom2,8
mixture,0.006250000000000004,5209.86402015509,10425.72804031018,10440.451306147126,67.8480226333197,0.01473882317404331,0.014738823050927047,geom2,8
mixture,0.008000000000000005,5209.86402015509,10425.72804031018,10440.451306147126,67.84802249457486,0.014738823251628678,0.01473882308046718,geom2,8
mixture,0.003250000000000001,5209.864020155091,10425.728040310181,10440.451306147128,67.84802286402658,0.014738823046011673,0.014738823001434526,geom2,8
mixture,0.006500000000000004,5209.864020155092,10425.728040310183,10440.45130614713,67.84802262045329,0.014738823186229356,0.014738823053629635,geom2,8
mixture,0.006750000000000004,5209.864020155092,10425.728040310183,10440.45130614713,67.84802261338618,0.014738823249343414,0.01473882305471299,geom2,8
mixture,0.007250000000000005,5209.864020155092,10425.728040310183,10440.45130614713,67.84802254480142,0.014738823264396916,0.014738823069512698,geom2,8
mixture,0.0070000000000000045,5209.8640201550925,10425.728040310185,10440.451306147132,67.84802266636746,0.014738823227948674,0.014738823043224398,geom2,8
mixture,0.008750000000000006,5209.864020155093,10425.728040310187,10440.451306147133,67.84802252230452,0.01473882330926252,0.01473882307375196,geom2,8
mixture,0.008250000000000006,5209.864020155093,10425.728040310187,10440.451306147133,67.84802324466092,0.01473882324252407,0.01473882291620093,geom2,8
mixture,0.005250000000000003,5209.864020155093,10425.728040310187,10440.451306147133,67.84802272722753,0.014738823197428608,0.014738823030419861,geom2,8
mixture,0.010000000000000007,5209.864020155093,10425.728040310187,10440.451306147133,67.84802310144744,0.014738823244878,0.01473882294702525,geom2,8
mixture,0.004500000000000002,5209.864020155093,10425.728040310187,10440.451306147133,67.84802324531738,0.014738823299550839,0.014738822917029147,geom2,8
mixture,0.0047500000000000025,5209.864020155093,10425.728040310187,10440.451306147133,67.8480233264474,0.014738823273659322,0.014738822899348407,geom2,8
mixture,0.009000000000000006,5209.864020155093,10425.728040310187,10440.451306147133,67.84802325809655,0.014738823378035518,0.014738822911778119,geom2,8
mixture,0.009750000000000007,5209.864020155093,10425.728040310187,10440.451306147133,67.84802255970361,0.014738823291560864,0.014738823065484113,geom2,8
mixture,0.005750000000000003,5209.864020155094,10425.728040310189,10440.451306147135,67.84802339152532,0.014738823089870984,0.014738822885816,geom2,8
mixture,0.0022500000000000003,5209.864020155095,10425.72804031019,10440.451306147137,67.84802357508107,0.014738822948290828,0.014738822846886811,geom2,8
mixture,0.009500000000000007,5209.864020155095,10425.72804031019,10440.451306147137,67.84802335403016,0.014738823330337693,0.014738822890960417,geom2,8
mixture,0.005500000000000003,5209.864020155095,10425.72804031019,10440.451306147137,67.84802271364738,0.014738823089221746,0.014738823033942673,geom2,8
mixture,0.008500000000000006,5209.864020155095,10425.72804031019,10440.451306147137,67.84802336201524,0.014738823064626129,0.01473882289193198,geom2,8
mixture,0.0035000000000000014,5209.864020155097,10425.728040310194,10440.45130614714,67.84802352127731,0.014738822932012967,0.014738822858545782,geom2,8
mixture,0.002,5209.864020155097,10425.728040310194,10440.45130614714,67.84802277318138,0.014738823093833705,0.014738823021168636,geom2,8
mixture,0.0027500000000000007,5209.864020155097,10425.728040310194,10440.45130614714,67.84802351430334,0.014738822955082897,0.01473882286005657,geom2,8
mixture,0.004250000000000002,5209.864020155097,10425.728040310194,10440.45130614714,67.84802334393527,0.014738822975942648,0.014738822896991901,geom2,8
mixture,0.006000000000000004,5209.864020155097,10425.728040310194,10440.45130614714,67.84802272137463,0.014738823171068826,0.014738823031732075,geom2,8
mixture,0.005000000000000003,5209.864020155097,10425.728040310194,10440.45130614714,67.84802356776174,0.014738822997213782,0.014738822847958695,geom2,8
mixture,0.0037500000000000016,5209.864020155098,10425.728040310196,10440.451306147143,67.84802404471209,0.014738822799423254,0.01473882274489117,geom2,8
mixture,0.003000000000000001,5209.864020155099,10425.728040310198,10440.451306147144,67.84802400617387,0.014738823024261936,0.014738822752652604,geom2,8
mixture,0.0025000000000000005,5209.864020155099,10425.728040310198,10440.451306147144,67.84802356920281,0.014738822921143441,0.01473882284820959,geom2,8
mixture,0.007500000000000005,5209.864020155099,10425.728040310198,10440.451306147144,67.84802333089509,0.014738823079014697,0.014738822898808655,geom2,8
mixture,0.007750000000000005,5209.864020155099,10425.728040310198,10440.451306147144,67.84802328620724,0.01473882309931368,0.014738822908388198,geom2,8
mixture,0.009250000000000006,5209.8640201551,10425.7280403102,10440.451306147146,67.84802327821103,0.014738823105572457,0.01473882290979396,geom2,8
null,,5209.864020155099,10421.728040310198,10426.63579558918,67.84802347686758,0.01473882286845017,,geom2,8
sum,,5208.603728992772,10419.207457985543,10424.115213264526,101.52576607882516,0.019699432737569193,,geom2,8
mixture,0.35000000000000003,5201.678772142457,10409.357544284914,10424.08081012186,67.29901378687502,0.014859060519575211,0.014859057804553256,geom2,9
mixture,0.45,5201.678772142459,10409.357544284918,10424.080810121864,67.29901308784787,0.014859059480773257,0.014859058441458592,geom2,9
mixture,0.5,5201.678772142459,10409.357544284918,10424.080810121864,67.29901353690236,0.0148590588100027,0.0148590588100027,geom2,9
mixture,0.4,5201.67877214246,10409.35754428492,10424.080810121866,67.29901412154223,0.014859059377692791,0.014859058216403364,geom2,9
mixture,0.3,5201.678772142463,10409.357544284925,10424.080810121872,67.29901448573898,0.014859060759094017,0.014859057675399212,geom2,9
mixture,0.25,5201.678772142468,10409.357544284936,10424.080810121883,67.29901526077592,0.014859061076870916,0.014859057546891052,geom2,9
mixture,0.2,5201.67877214247,10409.35754428494,10424.080810121886,67.29901709923452,0.014859060676104239,0.014859057360311118,geom2,9
mixture,0.15000000000000002,5201.678772142472,10409.357544284943,10424.08081012189,67.29901772524042,0.01485906020704279,0.014859057475525201,geom2,9
mixture,0.1,5201.678772142484,10409.357544284969,10424.080810121915,67.29902029860479,0.01485905975728064,0.01485905704594171,geom2,9
mixture,0.05,5201.678772142488,10409.357544284976,10424.080810121923,67.29902121805266,0.014859058835679643,0.014859057023458144,geom2,9
mixture,0.005250000000000003,5201.67877214249,10409.35754428498,10424.080810121926,67.29902209073887,0.014859057149306661,0.014859056920184554,geom2,9
mixture,0.006500000000000004,5201.67877214249,10409.35754428498,10424.080810121926,67.29902225170139,0.014859057043972853,0.014859056884813744,geom2,9
mixture,0.009250000000000006,5201.67877214249,10409.35754428498,10424.080810121926,67.29902208756575,0.014859057232455477,0.01485905691919034,geom2,9
mixture,0.007750000000000005,5201.678772142491,10409.357544284981,10424.080810121928,67.29902224264171,0.014859057067183903,0.014859056886447874,geom2,9
mixture,0.008000000000000005,5201.678772142492,10409.357544284983,10424.08081012193,67.29902265564523,0.014859057226411461,0.014859056793195154,geom2,9
mixture,0.0022500000000000003,5201.678772142492,10409.357544284983,10424.08081012193,67.29902243929975,0.014859056818576494,0.014859056844486442,geom2,9
mixture,0.009000000000000006,5201.678772142492,10409.357544284983,10424.08081012193,67.29902259745339,0.014859057142420222,0.014859056806485742,geom2,9
mixture,0.009750000000000007,5201.678772142492,10409.357544284983,10424.08081012193,67.29902206627021,0.014859057163980005,0.014859056924454545,geom2,9
mixture,0.008500000000000006,5201.678772142492,10409.357544284983,10424.08081012193,67.29902215972832,0.014859057094241812,0.014859056904542712,geom2,9
mixture,0.0027500000000000007,5201.678772142492,10409.357544284983,10424.08081012193,67.29902249325052,0.014859056874396441,0.014859056832400777,geom2,9
mixture,0.0037500000000000016,5201.678772142492,10409.357544284983,10424.08081012193,67.29902240118595,0.014859057020768862,0.014859056852211257,geom2,9
mixture,0.003250000000000001,5201.678772142493,10409.357544284985,10424.080810121932,67.29902277446391,0.014859056764307911,0.014859056770446674,geom2,9
mixture,0.005500000000000003,5201.678772142493,10409.357544284985,10424.080810121932,67.29902219089307,0.014859056966202495,0.014859056898904103,geom2,9
mixture,0.008250000000000006,5201.678772142493,10409.357544284985,10424.080810121932,67.29902235683976,0.014859057003723196,0.01485905686146095,geom2,9
mixture,0.008750000000000006,5201.678772142493,10409.357544284985,10424.080810121932,67.29902293883758,0.014859057123562964,0.014859056730696818,geom2,9
mixture,0.006250000000000004,5201.6787721424935,10409.357544284987,10424.080810121934,67.29902296119876,0.014859056965830193,0.014859056727708982,geom2,9
mixture,0.006000000000000004,5201.6787721424935,10409.357544284987,10424.080810121934,67.2990222431807,0.014859056998452358,0.014859056887061226,geom2,9
mixture,0.003000000000000001,5201.6787721424935,10409.357544284987,10424.080810121934,67.29902301734656,0.01485905679868143,0.014859056716553897,geom2,9
mixture,0.0047500000000000025,5201.678772142494,10409.357544284989,10424.080810121935,67.29902240304621,0.014859056913802087,0.014859056852139722,geom2,9
mixture,0.005000000000000003,5201.678772142494,10409.357544284989,10424.080810121935,67.29902291243164,0.014859056964279123,0.014859056738837402,geom2,9
mixture,0.0035000000000000014,5201.678772142495,10409.35754428499,10424.080810121937,67.29902224500299,0.0148590569614222,0.014859056887066985,geom2,9
mixture,0.002,5201.678772142495,10409.35754428499,10424.080810121937,67.29902304018565,0.014859056740676427,0.01485905671169965,geom2,9
mixture,0.005750000000000003,5201.678772142495,10409.35754428499,10424.080810121937,67.29902307576702,0.014859056775772473,0.014859056703485885,geom2,9
mixture,0.004250000000000002,5201.678772142495,10409.35754428499,10424.080810121937,67.29902313414598,0.01485905682574567,0.01485905669043689,geom2,9
mixture,0.010000000000000007,5201.678772142495,10409.35754428499,10424.080810121937,67.2990228971554,0.01485905691437421,0.014859056741609833,geom2,9
mixture,0.007250000000000005,5201.678772142495,10409.35754428499,10424.080810121937,67.29902313167138,0.014859056780888162,0.014859056690905951,geom2,9
mixture,0.009500000000000007,5201.678772142495,10409.35754428499,10424.080810121937,67.29902217708322,0.014859057110602885,0.014859056900325707,geom2,9
mixture,0.007500000000000005,5201.678772142495,10409.35754428499,10424.080810121937,67.29902269540369,0.014859057234250937,0.01485905678450949,geom2,9
mixture,0.0025000000000000005,5201.678772142496,10409.357544284992,10424.080810121939,67.29902305368766,0.014859056782374612,0.014859056708592014,geom2,9
mixture,0.006750000000000004,5201.678772142496,10409.357544284992,10424.080810121939,67.29902213308611,0.014859057157920316,0.014859056910366542,geom2,9
mixture,0.0070000000000000045,5201.678772142499,10409.357544284998,10424.080810121945,67.29902283383177,0.01485905700923452,0.014859056755542957,geom2,9
mixture,0.004000000000000002,5201.678772142499,10409.357544284998,10424.080810121945,67.29902293924349,0.014859056947917474,0.014859056733185853,geom2,9
mixture,0.004500000000000002,5201.678772142499,10409.357544284998,10424.080810121945,67.29902279446196,0.01485905704525705,0.014859056764749034,geom2,9
null,,5201.6787721425,10405.357544285,10410.265299563982,67.29902308573394,0.014859056701700922,,geom2,9
sum,,5196.770169943379,10395.540339886758,10400.44809516574,100.41454941980751,0.019917432399547123,,geom2,9
mixture,0.45,5192.126990082024,10390.253980164049,10404.977246000995,66.6640125109195,0.015000597789289458,0.015000596733889371,geom2,10
mixture,0.5,5192.12699008203,10390.25398016406,10404.977246001006,66.66401297153942,0.015000597105171657,0.015000597105171657,geom2,10
mixture,0.4,5192.126990082031,10390.253980164061,10404.977246001008,66.66401327886783,0.015000598433589517,0.01500059610430257,geom2,10
mixture,0.35000000000000003,5192.126990082033,10390.253980164067,10404.977246001014,66.66401438107114,0.015000599039946902,0.015000595575416218,geom2,10
mixture,0.25,5192.126990082035,10390.25398016407,10404.977246001017,66.66401519385276,0.015000599328041195,0.015000595697468302,geom2,10
mixture,0.3,5192.126990082035,10390.25398016407,10404.977246001017,66.66401473219929,0.015000599051073078,0.0150005957052427,geom2,10
mixture,0.2,5192.126990082037,10390.253980164074,10404.97724600102,66.66401597054703,0.015000598977240777,0.01500059579361651,geom2,10
mixture,0.15000000000000002,5192.126990082047,10390.253980164094,10404.97724600104,66.66401781670407,0.015000598577841048,0.015000595562643314,geom2,10
mixture,0.1,5192.12699008205,10390.2539801641,10404.977246001046,66.66401917860354,0.015000598816491765,0.01500059536313563,geom2,10
mixture,0.05,5192.126990082057,10390.253980164114,10404.97724600106,66.66402066403785,0.015000596547172396,0.015000595312487677,geom2,10
mixture,0.0025000000000000005,5192.126990082061,10390.253980164121,10404.977246001068,66.6640219151141,0.015000595117478529,0.015000595092645331,geom2,10
mixture,0.005000000000000003,5192.126990082061,10390.253980164121,10404.977246001068,66.66402174094328,0.015000595213228624,0.015000595131490265,geom2,10
mixture,0.0070000000000000045,5192.126990082061,10390.253980164121,10404.977246001068,66.66402170160201,0.015000595365988236,0.015000595139163672,geom2,10
mixture,0.007750000000000005,5192.126990082063,10390.253980164125,10404.977246001072,66.66402172223404,0.015000595388514679,0.015000595134137448,geom2,10
mixture,0.006500000000000004,5192.126990082063,10390.253980164125,10404.977246001072,66.6640217829383,0.015000595332306327,0.015000595121076335,geom2,10
mixture,0.003000000000000001,5192.126990082063,10390.253980164125,10404.977246001072,66.66402204972842,0.01500059510630263,0.015000595062284735,geom2,10
mixture,0.0035000000000000014,5192.1269900820635,10390.253980164127,10404.977246001074,66.6640218168103,0.01500059520411705,0.015000595114513912,geom2,10
mixture,0.0047500000000000025,5192.126990082064,10390.253980164129,10404.977246001075,66.66402225802003,0.015000595146241554,0.0150005950149237,geom2,10
mixture,0.006750000000000004,5192.126990082064,10390.253980164129,10404.977246001075,66.6640216879258,0.015000595294919986,0.015000595142802043,geom2,10
mixture,0.009750000000000007,5192.126990082064,10390.253980164129,10404.977246001075,66.66402231513938,0.015000595222514863,0.015000595000530236,geom2,10
mixture,0.003250000000000001,5192.126990082064,10390.253980164129,10404.977246001075,66.6640217604134,0.01500059531363829,0.015000595126910968,geom2,10
mixture,0.004000000000000002,5192.126990082064,10390.253980164129,10404.977246001075,66.66402241759113,0.015000595249108436,0.015000594978558912,geom2,10
mixture,0.005250000000000003,5192.126990082065,10390.25398016413,10404.977246001077,66.6640225855209,0.01500059510340516,0.015000594941001295,geom2,10
mixture,0.004250000000000002,5192.126990082065,10390.25398016413,10404.977246001077,66.6640225338304,0.015000595036543038,0.015000594953130698,geom2,10
mixture,0.009500000000000007,5192.126990082065,10390.25398016413,10404.977246001077,66.66402237152262,0.015000595311557178,0.015000594986923327,geom2,10
mixture,0.008750000000000006,5192.126990082066,10390.253980164132,10404.977246001079,66.6640215637853,0.015000595368274932,0.015000595170028004,geom2,10
mixture,0.009000000000000006,5192.126990082066,10390.253980164132,10404.977246001079,66.66402248991719,0.015000595242527103,0.015000594960831195,geom2,10
mixture,0.008500000000000006,5192.126990082066,10390.253980164132,10404.977246001079,66.66402169306966,0.015000595360126729,0.015000595140807163,geom2,10
mixture,0.007250000000000005,5192.126990082066,10390.253980164132,10404.977246001079,66.66402180157405,0.015000595281463906,0.015000595117064053,geom2,10
mixture,0.007500000000000005,5192.126990082066,10390.253980164132,10404.977246001079,66.66402185365762,0.01500059525662591,0.015000595105402043,geom2,10
mixture,0.008250000000000006,5192.126990082066,10390.253980164132,10404.977246001079,66.66402229197787,0.015000595217621341,0.015000595006161795,geom2,10
mixture,0.005750000000000003,5192.126990082066,10390.253980164132,10404.977246001079,66.66402273124545,0.015000595001671283,0.015000594908527714,geom2,10
mixture,0.004500000000000002,5192.126990082067,10390.253980164134,10404.97724600108,66.66402233531495,0.015000595107762804,0.015000594997659255,geom2,10
mixture,0.0022500000000000003,5192.126990082067,10390.253980164134,10404.97724600108,66.66402266243459,0.015000595006551955,0.015000594924362034,geom2,10
mixture,0.006000000000000004,5192.126990082067,10390.253980164134,10404.97724600108,66.66402183639389,0.01500059526809234,0.015000595109469125,geom2,10
mixture,0.006250000000000004,5192.126990082067,10390.253980164134,10404.97724600108,66.66402244178722,0.015000595131491953,0.015000594973207278,geom2,10
mixture,0.008000000000000005,5192.126990082067,10390.253980164134,10404.97724600108,66.66402178110434,0.01500059527702769,0.015000595121618731,geom2,10
mixture,0.0037500000000000016,5192.126990082068,10390.253980164136,10404.977246001083,66.66402193704043,0.015000595162667918,0.015000595087491688,geom2,10
mixture,0.009250000000000006,5192.126990082068,10390.253980164136,10404.977246001083,66.66402287693613,0.015000595251538773,0.015000594872776739,geom2,10
mixture,0.005500000000000003,5192.126990082068,10390.253980164136,10404.977246001083,66.66402218059297,0.01500059535188952,0.01500059503120617,geom2,10
mixture,0.010000000000000007,5192.126990082068,10390.253980164136,10404.977246001083,66.6640222790069,0.015000595311434703,0.015000595007788574,geom2,10
mixture,0.0027500000000000007,5192.12699008207,10390.25398016414,10404.977246001086,66.66402253167566,0.015000595087873799,0.015000594953600805,geom2,10
mixture,0.002,5192.12699008207,10390.25398016414,10404.977246001086,66.66402312192875,0.015000595047522353,0.015000594820698931,geom2,10
null,,5192.126990082072,10386.253980164143,10391.161735443126,66.66402262755626,0.015000594932395209,,geom2,10
sum,,5186.599904606448,10375.199809212896,10380.107564491878,99.39642483345422,0.02012144806366167,,geom2,10
mixture,0.45,5210.621008266269,10427.242016532538,10441.965282369485,67.89901433896733,0.014727754920184057,0.014727753781959679,geom2,11
mixture,0.5,5210.621008266269,10427.242016532538,10441.965282369485,67.899013691226,0.014727754434660092,0.014727754434660092,geom2,11
mixture,0.4,5210.621008266271,10427.242016532542,10441.965282369489,67.89901529935332,0.014727754214561805,0.014727754000036175,geom2,11
mixture,0.35000000000000003,5210.621008266275,10427.24201653255,10441.965282369496,67.89901597189386,0.014727754130943361,0.014727753837134887,geom2,11
mixture,0.3,5210.621008266276,10427.242016532551,10441.965282369498,67.89901581842253,0.014727756010470069,0.0147277531001656,geom2,11
mixture,0.25,5210.621008266277,10427.242016532555,10441.965282369501,67.89901602934411,0.014727756336439983,0.014727753124528859,geom2,11
mixture,0.2,5210.62100826628,10427.24201653256,10441.965282369507,67.89901772450797,0.014727756085821116,0.014727752928312427,geom2,11
mixture,0.15000000000000002,5210.621008266281,10427.242016532562,10441.965282369509,67.89901809039385,0.01472775578222199,0.014727753074256136,geom2,11
mixture,0.1,5210.621008266289,10427.242016532578,10441.965282369525,67.89902045178641,0.014727754834849996,0.01472775276084897,geom2,11
mixture,0.05,5210.6210082662965,10427.242016532593,10441.96528236954,67.89902188161798,0.014727753702353002,0.014727752603148788,geom2,11
mixture,0.004250000000000002,5210.621008266299,10427.242016532598,10441.965282369545,67.89902273919492,0.014727752556732513,0.014727752471733569,geom2,11
mixture,0.0025000000000000005,5210.6210082663,10427.2420165326,10441.965282369547,67.89902281372459,0.014727752465969269,0.01472775245590367,geom2,11
mixture,0.007250000000000005,5210.6210082663,10427.2420165326,10441.965282369547,67.89902262308247,0.014727752711577294,0.014727752495715384,geom2,11
mixture,0.006750000000000004,5210.6210082663,10427.2420165326,10441.965282369547,67.89902276192892,0.014727752576650892,0.0147277524664196,geom2,11
mixture,0.003250000000000001,5210.6210082663,10427.2420165326,10441.965282369547,67.89902265507875,0.014727752650390816,0.014727752489818315,geom2,11
mixture,0.009750000000000007,5210.621008266301,10427.242016532602,10441.965282369549,67.89902252219218,0.014727752812100713,0.014727752516279906,geom2,11
mixture,0.006250000000000004,5210.621008266302,10427.242016532604,10441.96528236955,67.89902265252057,0.014727752658183118,0.014727752489842934,geom2,11
mixture,0.008750000000000006,5210.621008266302,10427.242016532604,10441.96528236955,67.89902319982093,0.014727752667202682,0.014727752369577731,geom2,11
mixture,0.006500000000000004,5210.621008266302,10427.242016532604,10441.96528236955,67.89902282752801,0.014727752550622175,0.014727752452295654,geom2,11
mixture,0.0037500000000000016,5210.621008266302,10427.242016532604,10441.96528236955,67.89902273658946,0.014727752591773613,0.014727752472211598,geom2,11
mixture,0.005750000000000003,5210.621008266303,10427.242016532606,10441.965282369552,67.89902345322048,0.014727752447959435,0.01472775231646178,geom2,11
mixture,0.003000000000000001,5210.621008266303,10427.242016532606,10441.965282369552,67.89902333332013,0.01472775239293989,0.01472775234307549,geom2,11
mixture,0.009500000000000007,5210.621008266303,10427.242016532606,10441.965282369552,67.89902275764182,0.014727752605796535,0.014727752466772832,geom2,11
mixture,0.008500000000000006,5210.621008266303,10427.242016532606,10441.965282369552,67.89902326863964,0.014727752458284333,0.014727752356388601,geom2,11
mixture,0.009250000000000006,5210.621008266304,10427.242016532608,10441.965282369554,67.89902244260117,0.014727752771226628,0.014727752534235822,geom2,11
mixture,0.0047500000000000025,5210.621008266304,10427.242016532608,10441.965282369554,67.89902337406714,0.014727752533792401,0.014727752333435085,geom2,11
mixture,0.002,5210.621008266304,10427.242016532608,10441.965282369554,67.89902356930416,0.014727752390388819,0.014727752291841473,geom2,11
mixture,0.0022500000000000003,5210.621008266304,10427.242016532608,10441.965282369554,67.89902266692083,0.014727752558015592,0.014727752487613143,geom2,11
mixture,0.008250000000000006,5210.621008266305,10427.24201653261,10441.965282369556,67.8990226392581,0.014727752671132866,0.014727752492296377,geom2,11
mixture,0.005250000000000003,5210.621008266306,10427.242016532611,10441.965282369558,67.89902295295704,0.01472775257206756,0.014727752424956045,geom2,11
mixture,0.009000000000000006,5210.621008266306,10427.242016532611,10441.965282369558,67.89902245677702,0.014727752790754677,0.014727752531015494,geom2,11
mixture,0.0070000000000000045,5210.621008266306,10427.242016532611,10441.965282369558,67.89902335207627,0.014727752537669609,0.01472775233775736,geom2,11
mixture,0.006000000000000004,5210.621008266306,10427.242016532611,10441.965282369558,67.89902333751077,0.0147277525296178,0.014727752341185509,geom2,11
mixture,0.0035000000000000014,5210.621008266306,10427.242016532611,10441.965282369558,67.89902352918608,0.014727752400473772,0.014727752300390156,geom2,11
mixture,0.004000000000000002,5210.6210082663065,10427.242016532613,10441.96528236956,67.89902360286689,0.014727752378565193,0.014727752284381853,geom2,11
mixture,0.008000000000000005,5210.621008266307,10427.242016532615,10441.965282369561,67.89902335267521,0.01472775247275146,0.014727752337948407,geom2,11
mixture,0.005500000000000003,5210.621008266307,10427.242016532615,10441.965282369561,67.89902348560048,0.014727752331643995,0.01472775231007583,geom2,11
mixture,0.005000000000000003,5210.621008266307,10427.242016532615,10441.965282369561,67.89902428014274,0.014727752255755953,0.014727752137260451,geom2,11
mixture,0.007500000000000005,5210.621008266307,10427.242016532615,10441.965282369561,67.89902341435254,0.014727752538553355,0.014727752324039759,geom2,11
mixture,0.007750000000000005,5210.621008266307,10427.242016532615,10441.965282369561,67.89902328052992,0.014727752594152082,0.014727752352805192,geom2,11
mixture,0.010000000000000007,5210.621008266309,10427.242016532618,10441.965282369565,67.89902337169349,0.014727752534109476,0.01472775233288944,geom2,11
mixture,0.004500000000000002,5210.621008266309,10427.242016532618,10441.965282369565,67.89902341171828,0.014727752400568776,0.014727752325883917,geom2,11
mixture,0.0027500000000000007,5210.621008266311,10427.242016532622,10441.965282369569,67.89902429474078,0.014727752344781558,0.014727752134107158,geom2,11
null,,5210.621008266305,10423.24201653261,10428.149771811592,67.89902292931221,0.014727752430857102,,geom2,11
sum,,5203.681542390626,10409.363084781253,10414.270840060235,101.11081479359495,0.01978027774855488,,geom2,11
mixture,0.45,5192.822003857791,10391.644007715582,10406.367273552529,66.71001288034287,0.014990254114593923,0.014990252886369645,geom2,12
mixture,0.5,5192.822003857791,10391.644007715582,10406.367273552529,66.71001311472158,0.014990253386403843,0.014990253386403843,geom2,12
mixture,0.4,5192.822003857794,10391.644007715588,10406.367273552534,66.71001358110485,0.014990253525660269,0.014990253118899717,geom2,12
mixture,0.35000000000000003,5192.822003857795,10391.64400771559,10406.367273552536,66.71001426817449,0.014990254634534864,0.01499025231557997,geom2,12
mixture,0.25,5192.822003857798,10391.644007715597,10406.367273552543,66.71001566843076,0.014990255416544028,0.014990251944573202,geom2,12
mixture,0.3,5192.822003857798,10391.644007715597,10406.367273552543,66.71001434576232,0.014990255294415089,0.014990252173507326,geom2,12
mixture,0.2,5192.822003857803,10391.644007715606,10406.367273552552,66.71001646287166,0.014990255716662876,0.014990251863395466,geom2,12
mixture,0.15000000000000002,5192.822003857805,10391.64400771561,10406.367273552556,66.71001703953944,0.014990254982866488,0.014990252067102606,geom2,12
mixture,0.1,5192.822003857813,10391.644007715626,10406.367273552572,66.71001856426338,0.014990254126074564,0.014990251943602812,geom2,12
mixture,0.05,5192.822003857816,10391.644007715631,10406.367273552578,66.7100201607784,0.014990252931250204,0.014990251743724535,geom2,12
mixture,0.009000000000000006,5192.822003857823,10391.644007715646,10406.367273552592,66.71002167279111,0.014990251583126555,0.01499025146225213,geom2,12
mixture,0.007750000000000005,5192.822003857824,10391.644007715648,10406.367273552594,66.71002181653473,0.01499025155513935,0.014990251430070423,geom2,12
mixture,0.006500000000000004,5192.822003857824,10391.644007715648,10406.367273552594,66.71002177429125,0.014990251621234648,0.014990251439349893,geom2,12
mixture,0.008750000000000006,5192.822003857824,10391.644007715648,10406.367273552594,66.71002181307844,0.014990251649050854,0.014990251429898781,geom2,12
mixture,0.0025000000000000005,5192.822003857825,10391.64400771565,10406.367273552596,66.7100219536832,0.014990251418648782,0.014990251400175219,geom2,12
mixture,0.0035000000000000014,5192.822003857826,10391.644007715651,10406.367273552598,66.71002190625627,0.014990251480153127,0.014990251410635282,geom2,12
mixture,0.004250000000000002,5192.822003857826,10391.644007715651,10406.367273552598,66.71002199036225,0.014990251573880418,0.014990251391202958,geom2,12
mixture,0.006000000000000004,5192.822003857826,10391.644007715651,10406.367273552598,66.71002195360569,0.014990251537261407,0.01499025139941172,geom2,12
mixture,0.006250000000000004,5192.8220038578265,10391.644007715653,10406.3672735526,66.71002238013281,0.014990251331838424,0.014990251304222315,geom2,12
mixture,0.003250000000000001,5192.8220038578265,10391.644007715653,10406.3672735526,66.71002213911099,0.01499025137158792,0.014990251358511866,geom2,12
mixture,0.0027500000000000007,5192.822003857827,10391.644007715655,10406.367273552602,66.71002195383706,0.014990251446521816,0.014990251400059057,geom2,12
mixture,0.005750000000000003,5192.822003857827,10391.644007715655,10406.367273552602,66.7100218645947,0.01499025148749302,0.014990251419851327,geom2,12
mixture,0.008250000000000006,5192.822003857827,10391.644007715655,10406.367273552602,66.71002234656498,0.014990251606551147,0.014990251309487088,geom2,12
mixture,0.006750000000000004,5192.822003857827,10391.644007715655,10406.367273552602,66.71002167942788,0.01499025166160763,0.01499025146049113,geom2,12
mixture,0.009500000000000007,5192.822003857827,10391.644007715655,10406.367273552602,66.71002167636115,0.01499025169938034,0.0149902514602662,geom2,12
mixture,0.008000000000000005,5192.822003857827,10391.644007715655,10406.367273552602,66.71002240973672,0.01499025153569739,0.014990251295823704,geom2,12
mixture,0.005250000000000003,5192.822003857827,10391.644007715655,10406.367273552602,66.71002196410292,0.014990251457366497,0.014990251397566058,geom2,12
mixture,0.002,5192.822003857827,10391.644007715655,10406.367273552602,66.71002180882725,0.014990251529437353,0.01499025143257792,geom2,12
mixture,0.009750000000000007,5192.822003857828,10391.644007715657,10406.367273552603,66.71002253644842,0.014990251501678372,0.01499025126698131,geom2,12
mixture,0.005500000000000003,5192.822003857828,10391.644007715657,10406.367273552603,66.71002197682162,0.014990251486794672,0.01499025139451448,geom2,12
mixture,0.004500000000000002,5192.822003857829,10391.644007715659,10406.367273552605,66.71002248917459,0.014990251438524893,0.014990251279175325,geom2,12
mixture,0.0022500000000000003,5192.822003857829,10391.644007715659,10406.367273552605,66.71002259811279,0.014990251324651295,0.014990251255257015,geom2,12
mixture,0.005000000000000003,5192.822003857829,10391.644007715659,10406.367273552605,66.71002251411225,0.014990251393467546,0.014990251273689827,geom2,12
mixture,0.004000000000000002,5192.822003857829,10391.644007715659,10406.367273552605,66.71002238040928,0.014990251289694025,0.014990251304391581,geom2,12
mixture,0.007250000000000005,5192.822003857829,10391.644007715659,10406.367273552605,66.7100231129117,0.01499025141000365,0.014990251137760141,geom2,12
mixture,0.009250000000000006,5192.822003857829,10391.644007715659,10406.367273552605,66.71002265149235,0.014990251383817842,0.014990251242107535,geom2,12
mixture,0.0070000000000000045,5192.822003857829,10391.644007715659,10406.367273552605,66.71002252601014,0.014990251454309314,0.014990251270327297,geom2,12
mixture,0.008500000000000006,5192.822003857829,10391.644007715659,10406.367273552605,66.71002156617865,0.014990251727549787,0.014990251485236977,geom2,12
mixture,0.007500000000000005,5192.822003857829,10391.644007715659,10406.367273552605,66.71002303149622,0.014990251318493278,0.01499025115681601,geom2,12
mixture,0.010000000000000007,5192.82200385783,10391.64400771566,10406.367273552607,66.71002174900725,0.014990251648882076,0.014990251444166495,geom2,12
mixture,0.003000000000000001,5192.822003857832,10391.644007715664,10406.36727355261,66.7100224750341,0.014990251345994772,0.014990251282880533,geom2,12
mixture,0.0047500000000000025,5192.822003857833,10391.644007715666,10406.367273552612,66.7100225488332,0.014990251301566261,0.014990251266319228,geom2,12
mixture,0.0037500000000000016,5192.822003857835,10391.64400771567,10406.367273552616,66.71002329987697,0.014990251210758553,0.014990251097295902,geom2,12
null,,5192.822003857833,10387.644007715666,10392.551762994648,66.71002264213132,0.014990251245521852,,geom2,12
sum,,5189.532609846299,10381.065219692598,10385.97297497158,99.6819443898246,0.020063814086316693,,geom2,12
mixture,0.5,5193.742908178561,10393.485816357123,10408.20908219407,66.77101279710544,0.014976558810612358,0.014976558810612358,geom2,13
mixture,0.4,5193.742908178563,10393.485816357126,10408.209082194073,66.77101309594836,0.014976559924486788,0.014976557956313401,geom2,13
mixture,0.45,5193.742908178563,10393.485816357126,10408.209082194073,66.7710128519638,0.014976559382114374,0.014976558320647867,geom2,13
mixture,0.35000000000000003,5193.742908178567,10393.485816357133,10408.20908219408,66.77101382589966,0.014976561158991203,0.01497655719109215,geom2,13
mixture,0.3,5193.74290817857,10393.48581635714,10408.209082194087,66.77101528144365,0.014976561840217718,0.014976556716167207,geom2,13
mixture,0.25,5193.742908178575,10393.48581635715,10408.209082194096,66.7710151748584,0.014976560959190404,0.014976557383321779,geom2,13
mixture,0.2,5193.742908178578,10393.485816357155,10408.209082194102,66.77101604892923,0.014976560788593286,0.01497655740439815,geom2,13
mixture,0.15000000000000002,5193.742908178581,10393.485816357163,10408.20908219411,66.77101782581457,0.014976561901714468,0.014976556938152393,geom2,13
mixture,0.1,5193.742908178586,10393.485816357172,10408.209082194118,66.77101923976535,0.014976560844913797,0.014976556978944329,geom2,13
mixture,0.05,5193.742908178591,10393.485816357183,10408.20908219413,66.77102093445654,0.014976558164442407,0.014976556923373126,geom2,13
mixture,0.0047500000000000025,5193.742908178595,10393.48581635719,10408.209082194136,66.77102172812359,0.01497655700497981,0.014976556806466307,geom2,13
mixture,0.005250000000000003,5193.742908178596,10393.485816357192,10408.209082194138,66.7710219463679,0.014976556900039874,0.014976556757710419,geom2,13
mixture,0.009000000000000006,5193.742908178596,10393.485816357192,10408.209082194138,66.77102162196908,0.014976557066232516,0.014976556829085082,geom2,13
mixture,0.006750000000000004,5193.742908178596,10393.485816357192,10408.209082194138,66.77102181900452,0.014976556964269298,0.01497655678582037,geom2,13
mixture,0.009250000000000006,5193.742908178596,10393.485816357192,10408.209082194138,66.77102170347743,0.01497655702557503,0.014976556810952049,geom2,13
mixture,0.0037500000000000016,5193.742908178598,10393.485816357195,10408.209082194142,66.7710217734778,0.014976556928452836,0.014976556796742507,geom2,13
mixture,0.008500000000000006,5193.7429081785995,10393.485816357199,10408.209082194146,66.77102176056223,0.014976556991388416,0.014976556798493742,geom2,13
mixture,0.007500000000000005,5193.7429081785995,10393.485816357199,10408.209082194146,66.77102263800347,0.014976556744515465,0.014976556602258764,geom2,13
mixture,0.009500000000000007,5193.7429081785995,10393.485816357199,10408.209082194146,66.77102217209215,0.01497655733475145,0.014976556701815427,geom2,13
mixture,0.0022500000000000003,5193.7429081785995,10393.485816357199,10408.209082194146,66.77102250104753,0.014976556998544256,0.014976556633222558,geom2,13
mixture,0.0070000000000000045,5193.7429081785995,10393.485816357199,10408.209082194146,66.77102176682908,0.014976556981836028,0.014976556797436919,geom2,13
mixture,0.010000000000000007,5193.7429081786,10393.4858163572,10408.209082194147,66.77102224241399,0.014976557084472625,0.014976556688091511,geom2,13
mixture,0.004500000000000002,5193.7429081786,10393.4858163572,10408.209082194147,66.77102181240517,0.01497655684034347,0.014976556788270794,geom2,13
mixture,0.006250000000000004,5193.7429081786,10393.4858163572,10408.209082194147,66.77102178863478,0.01497655692340131,0.01497655679302188,geom2,13
mixture,0.008750000000000006,5193.742908178601,10393.485816357203,10408.20908219415,66.77102171453681,0.01497655702776902,0.014976556808538455,geom2,13
mixture,0.008250000000000006,5193.742908178601,10393.485816357203,10408.20908219415,66.77102182485548,0.014976556973086273,0.014976556784153855,geom2,13
mixture,0.008000000000000005,5193.742908178601,10393.485816357203,10408.20908219415,66.7710217990532,0.014976556951297756,0.014976556790211237,geom2,13
mixture,0.007250000000000005,5193.742908178601,10393.485816357203,10408.20908219415,66.77102235332318,0.014976556993347812,0.014976556664796702,geom2,13
mixture,0.004250000000000002,5193.742908178601,10393.485816357203,10408.20908219415,66.77102261113374,0.014976556731449429,0.01497655660883137,geom2,13
mixture,0.0035000000000000014,5193.742908178601,10393.485816357203,10408.20908219415,66.77102198709883,0.014976556774569752,0.014976556749233132,geom2,13
mixture,0.0027500000000000007,5193.742908178601,10393.485816357203,10408.20908219415,66.77102253748642,0.014976556588305833,0.014976556625974979,geom2,13
mixture,0.0025000000000000005,5193.742908178601,10393.485816357203,10408.20908219415,66.77102182843328,0.014976556827137385,0.014976556784804227,geom2,13
mixture,0.004000000000000002,5193.742908178601,10393.485816357203,10408.20908219415,66.77102209489337,0.014976556798361662,0.014976556724849745,geom2,13
mixture,0.005750000000000003,5193.742908178601,10393.485816357203,10408.20908219415,66.77102246989094,0.014976556857277137,0.014976556639782273,geom2,13
mixture,0.003000000000000001,5193.742908178601,10393.485816357203,10408.20908219415,66.77102194446009,0.01497655679262687,0.014976556758784034,geom2,13
mixture,0.009750000000000007,5193.742908178601,10393.485816357203,10408.20908219415,66.77102165547485,0.014976557073461093,0.014976556821245051,geom2,13
mixture,0.006500000000000004,5193.742908178602,10393.485816357204,10408.209082194151,66.77102242010304,0.014976556930506807,0.014976556650379329,geom2,13
mixture,0.003250000000000001,5193.742908178602,10393.485816357204,10408.209082194151,66.77102253389465,0.01497655683497182,0.014976556625997846,geom2,13
mixture,0.005000000000000003,5193.742908178603,10393.485816357206,10408.209082194153,66.77102257243803,0.014976556749304547,0.014976556617372176,geom2,13
mixture,0.007750000000000005,5193.742908178603,10393.485816357206,10408.209082194153,66.77102318943288,0.014976556837712884,0.014976556476844862,geom2,13
mixture,0.006000000000000004,5193.742908178603,10393.485816357206,10408.209082194153,66.77102227553182,0.014976556790191166,0.014976556683989875,geom2,13
mixture,0.005500000000000003,5193.742908178605,10393.48581635721,10408.209082194157,66.77102246490502,0.014976556812343559,0.014976556641209962,geom2,13
mixture,0.002,5193.742908178607,10393.485816357213,10408.20908219416,66.77102279088633,0.014976556579457803,0.014976556569013593,geom2,13
null,,5193.7429081786,10389.4858163572,10394.393571636183,66.77102189065263,0.014976556770954429,,geom2,13
sum,,5189.871515891947,10381.743031783893,10386.650787062876,99.71346251794584,0.020057472175736068,,geom2,13
mixture,0.4,5221.863584910254,10449.727169820508,10464.450435657454,68.66101252021829,0.014564307501437388,0.014564305081226088,geom2,14
mixture,0.5,5221.863584910254,10449.727169820508,10464.450435657454,68.66101324758152,0.014564305895022944,0.014564305895022944,geom2,14
mixture,0.45,5221.863584910256,10449.727169820511,10464.450435657458,68.66101302454763,0.014564307122719278,0.014564304976561956,geom2,14
mixture,0.35000000000000003,5221.863584910256,10449.727169820511,10464.450435657458,68.6610133327052,0.014564308355908863,0.014564304542151874,geom2,14
mixture,0.25,5221.863584910261,10449.727169820522,10464.450435657469,68.66101539444395,0.014564310648697953,0.014564303703278355,geom2,14
mixture,0.3,5221.863584910261,10449.727169820522,10464.450435657469,68.66101361554811,0.014564308800028304,0.014564304538517153,geom2,14
mixture,0.2,5221.863584910269,10449.727169820539,10464.450435657485,68.66101674139443,0.014564308560221454,0.01456430430234346,geom2,14
mixture,0.15000000000000002,5221.863584910274,10449.727169820548,10464.450435657494,68.66101771526795,0.01456430784370191,0.014564304436219548,geom2,14
mixture,0.1,5221.863584910279,10449.727169820559,10464.450435657505,68.6610200774749,0.014564306826351323,0.014564304181819783,geom2,14
mixture,0.05,5221.863584910285,10449.72716982057,10464.450435657516,68.66102129348796,0.014564305509421501,0.01456430411880252,geom2,14
mixture,0.007750000000000005,5221.86358491029,10449.72716982058,10464.450435657527,68.66102284280774,0.014564304153180456,0.014564303857401088,geom2,14
mixture,0.005750000000000003,5221.863584910292,10449.727169820584,10464.45043565753,68.66102315187418,0.014564304004736872,0.014564303792916563,geom2,14
mixture,0.008500000000000006,5221.863584910292,10449.727169820584,10464.45043565753,68.6610229147988,0.014564304165802913,0.01456430384166756,geom2,14
mixture,0.004250000000000002,5221.863584910292,10449.727169820584,10464.45043565753,68.66102319459873,0.014564303978159469,0.014564303784247721,geom2,14
mixture,0.007500000000000005,5221.863584910292,10449.727169820584,10464.45043565753,68.66102309530503,0.014564304024874675,0.014564303804480967,geom2,14
mixture,0.003250000000000001,5221.863584910294,10449.727169820588,10464.450435657534,68.66102341945486,0.014564303888336965,0.014564303736883374,geom2,14
mixture,0.0047500000000000025,5221.863584910295,10449.72716982059,10464.450435657536,68.66102323102557,0.014564303985779042,0.014564303776350235,geom2,14
mixture,0.0027500000000000007,5221.863584910296,10449.727169820591,10464.450435657538,68.66102341797524,0.014564303748227338,0.014564303737660395,geom2,14
mixture,0.006750000000000004,5221.863584910296,10449.727169820591,10464.450435657538,68.66102382783399,0.014564303829496207,0.014564303649535919,geom2,14
mixture,0.0035000000000000014,5221.863584910296,10449.727169820591,10464.450435657538,68.66102331509026,0.014564303902943726,0.01456430375900954,geom2,14
mixture,0.009500000000000007,5221.863584910296,10449.727169820591,10464.450435657538,68.66102394773456,0.014564304087454023,0.014564303620885063,geom2,14
mixture,0.010000000000000007,5221.8635849102975,10449.727169820595,10464.450435657542,68.66102390720013,0.014564304167240442,0.014564303628528468,geom2,14
mixture,0.005250000000000003,5221.8635849102975,10449.727169820595,10464.450435657542,68.66102413242353,0.014564303741670148,0.014564303585320605,geom2,14
mixture,0.009250000000000006,5221.8635849102975,10449.727169820595,10464.450435657542,68.66102306564173,0.014564304129162518,0.014564303809468904,geom2,14
mixture,0.008000000000000005,5221.8635849102975,10449.727169820595,10464.450435657542,68.66102388406402,0.014564303850978568,0.014564303637112266,geom2,14
mixture,0.006500000000000004,5221.8635849102975,10449.727169820595,10464.450435657542,68.66102395458405,0.014564304043670625,0.014564303621117972,geom2,14
mixture,0.005000000000000003,5221.8635849102975,10449.727169820595,10464.450435657542,68.66102415424824,0.01456430381968122,0.014564303580315177,geom2,14
mixture,0.0037500000000000016,5221.8635849102975,10449.727169820595,10464.450435657542,68.66102393061776,0.014564303946699346,0.014564303627752212,geom2,14
mixture,0.0070000000000000045,5221.8635849102975,10449.727169820595,10464.450435657542,68.66102325788862,0.01456430402653727,0.014564303769850049,geom2,14
mixture,0.008750000000000006,5221.863584910298,10449.727169820597,10464.450435657543,68.66102368269486,0.014564303985797519,0.01456430367885163,geom2,14
mixture,0.005500000000000003,5221.863584910299,10449.727169820599,10464.450435657545,68.66102392456845,0.014564303814862494,0.014564303629210351,geom2,14
mixture,0.007250000000000005,5221.863584910299,10449.727169820599,10464.450435657545,68.66102320604355,0.014564303940831618,0.014564303781488947,geom2,14
mixture,0.0022500000000000003,5221.863584910299,10449.727169820599,10464.450435657545,68.66102343734487,0.014564303850393099,0.01456430373331737,geom2,14
mixture,0.008250000000000006,5221.863584910299,10449.727169820599,10464.450435657545,68.66102310563086,0.014564304041489841,0.014564303801967556,geom2,14
mixture,0.009000000000000006,5221.8635849103,10449.7271698206,10464.450435657547,68.66102465347022,0.014564303920512675,0.01456430347157715,geom2,14
mixture,0.009750000000000007,5221.863584910301,10449.727169820602,10464.450435657549,68.66102474777472,0.014564304007273661,0.014564303450182156,geom2,14
mixture,0.004500000000000002,5221.863584910301,10449.727169820602,10464.450435657549,68.66102501802962,0.014564303519383107,0.014564303397740229,geom2,14
mixture,0.004000000000000002,5221.863584910301,10449.727169820602,10464.450435657549,68.66102479441979,0.014564303614543642,0.014564303445041489,geom2,14
mixture,0.006000000000000004,5221.863584910301,10449.727169820602,10464.450435657549,68.6610247656434,0.014564303677905685,0.014564303450458832,geom2,14
mixture,0.003000000000000001,5221.863584910301,10449.727169820602,10464.450435657549,68.66102422546692,0.014564303657955052,0.0145643035661297,geom2,14
mixture,0.002,5221.863584910302,10449.727169820604,10464.45043565755,68.6610243021227,0.014564303552475783,0.014564303550140361,geom2,14
mixture,0.0025000000000000005,5221.863584910303,10449.727169820606,10464.450435657553,68.6610241716267,0.014564303526065782,0.014564303577955429,geom2,14
mixture,0.006250000000000004,5221.863584910303,10449.727169820606,10464.450435657553,68.66102406502901,0.014564303790871997,0.014564303599239393,geom2,14
null,,5221.8635849102975,10445.727169820595,10450.634925099577,68.66102347608584,0.014564303725363095,,geom2,14
sum,,5223.8560709799385,10449.712141959877,10454.61989723886,102.99832016454337,0.01941779241452609,,geom2,14
mixture,0.4,5214.737290510053,10435.474581020106,10450.197846857052,68.1770134597987,0.014667701776469972,0.014667699296682563,geom2,15
mixture,0.5,5214.737290510054,10435.474581020108,10450.197846857054,68.17701301028725,0.014667700385305963,0.014667700385305963,geom2,15
mixture,0.35000000000000003,5214.737290510055,10435.47458102011,10450.197846857056,68.17701392431282,0.014667702386725254,0.014667699005088512,geom2,15
mixture,0.45,5214.737290510056,10435.474581020111,10450.197846857058,68.17701286896244,0.014667701146576189,0.014667699817730064,geom2,15
mixture,0.3,5214.737290510058,10435.474581020117,10450.197846857063,68.17701417170919,0.014667702893721605,0.014667698953313893,geom2,15
mixture,0.25,5214.737290510062,10435.474581020124,10450.19784685707,68.17701596130885,0.014667703517956595,0.014667698494573523,geom2,15
mixture,0.2,5214.737290510067,10435.474581020135,10450.197846857081,68.17701624054105,0.014667702669355106,0.014667698945592113,geom2,15
mixture,0.15000000000000002,5214.737290510068,10435.474581020137,10450.197846857083,68.17701821250633,0.014667702114150813,0.014667698763494882,geom2,15
mixture,0.1,5214.737290510078,10435.474581020157,10450.197846857103,68.17701936080722,0.014667701174413966,0.014667698779560838,geom2,15
mixture,0.009000000000000006,5214.737290510087,10435.474581020175,10450.197846857121,68.17702266560667,0.014667698609817197,0.01466769830530639,geom2,15
mixture,0.05,5214.737290510087,10435.474581020175,10450.197846857121,68.17702256519766,0.014667700330454513,0.014667698224343585,geom2,15
mixture,0.0037500000000000016,5214.737290510088,10435.474581020177,10450.197846857123,68.1770229343387,0.014667698388310108,0.014667698249711867,geom2,15
mixture,0.009250000000000006,5214.737290510088,10435.474581020177,10450.197846857123,68.17702275257356,0.014667698607298874,0.0146676982863682,geom2,15
mixture,0.003250000000000001,5214.737290510089,10435.474581020178,10450.197846857125,68.17702290787042,0.014667698350530865,0.014667698255617562,geom2,15
mixture,0.007500000000000005,5214.737290510089,10435.474581020178,10450.197846857125,68.17702284384448,0.014667698542268152,0.014667698267640954,geom2,15
mixture,0.0070000000000000045,5214.737290510091,10435.474581020182,10450.197846857129,68.17702276033322,0.014667698526276831,0.014667698285985348,geom2,15
mixture,0.009750000000000007,5214.737290510091,10435.474581020182,10450.197846857129,68.1770225797375,0.014667698675641824,0.014667698323083556,geom2,15
mixture,0.009500000000000007,5214.737290510091,10435.474581020182,10450.197846857129,68.17702342594167,0.014667698477308446,0.014667698141275156,geom2,15
mixture,0.008750000000000006,5214.737290510092,10435.474581020184,10450.19784685713,68.17702296535342,0.014667698400711186,0.01466769824217184,geom2,15
mixture,0.006250000000000004,5214.737290510092,10435.474581020184,10450.19784685713,68.17702308439665,0.014667698372712056,0.014667698216974575,geom2,15
mixture,0.004250000000000002,5214.737290510093,10435.474581020186,10450.197846857132,68.17702370627056,0.014667698135101673,0.014667698083939694,geom2,15
mixture,0.005750000000000003,5214.737290510093,10435.474581020186,10450.197846857132,68.17702347722903,0.014667698588198996,0.014667698130803415,geom2,15
mixture,0.0025000000000000005,5214.737290510093,10435.474581020186,10450.197846857132,68.17702354076694,0.014667698130312747,0.01466769811973737,geom2,15
mixture,0.0035000000000000014,5214.737290510093,10435.474581020186,10450.197846857132,68.17702376731553,0.01466769826973276,0.01466769807032591,geom2,15
mixture,0.008250000000000006,5214.737290510093,10435.474581020186,10450.197846857132,68.17702362164394,0.014667698505444953,0.014667698099010735,geom2,15
mixture,0.008500000000000006,5214.737290510093,10435.474581020186,10450.197846857132,68.17702345539603,0.014667698610909266,0.014667698134077553,geom2,15
mixture,0.004000000000000002,5214.737290510093,10435.474581020186,10450.197846857132,68.17702366454247,0.014667698207281246,0.01466769809267615,geom2,15
mixture,0.002,5214.737290510094,10435.474581020188,10450.197846857134,68.17702394088968,0.014667698090221132,0.014667698033567543,geom2,15
mixture,0.005250000000000003,5214.737290510094,10435.474581020188,10450.197846857134,68.17702376177465,0.01466769841055367,0.014667698070430257,geom2,15
mixture,0.008000000000000005,5214.737290510094,10435.474581020188,10450.197846857134,68.17702356771126,0.014667698346692537,0.014667698112090148,geom2,15
mixture,0.006750000000000004,5214.737290510094,10435.474581020188,10450.197846857134,68.17702346136937,0.014667698352418903,0.014667698135380498,geom2,15
mixture,0.0027500000000000007,5214.737290510095,10435.47458102019,10450.197846857136,68.17702309889295,0.01466769824343226,0.014667698214750308,geom2,15
mixture,0.0022500000000000003,5214.737290510095,10435.47458102019,10450.197846857136,68.1770229881964,0.014667698345707966,0.014667698238403155,geom2,15
mixture,0.003000000000000001,5214.737290510095,10435.47458102019,10450.197846857136,68.17702363912935,0.014667698230121245,0.01466769809820624,geom2,15
mixture,0.010000000000000007,5214.737290510095,10435.47458102019,10450.197846857136,68.1770233242694,0.014667698767791771,0.014667698160266127,geom2,15
mixture,0.007250000000000005,5214.737290510095,10435.47458102019,10450.197846857136,68.17702360893595,0.014667698511837992,0.014667698102127431,geom2,15
mixture,0.0047500000000000025,5214.737290510095,10435.47458102019,10450.197846857136,68.17702368515697,0.014667698261983829,0.014667698087872508,geom2,15
mixture,0.005000000000000003,5214.737290510096,10435.474581020191,10450.197846857138,68.17702361853071,0.014667698249826368,0.014667698102295951,geom2,15
mixture,0.006500000000000004,5214.737290510096,10435.474581020191,10450.197846857138,68.17702373375258,0.01466769824747463,0.014667698077137421,geom2,15
mixture,0.007750000000000005,5214.7372905100965,10435.474581020193,10450.19784685714,68.17702351386347,0.014667698375225536,0.014667698123601771,geom2,15
mixture,0.005500000000000003,5214.7372905100965,10435.474581020193,10450.19784685714,68.17702375702858,0.014667698170820496,0.014667698072697305,geom2,15
mixture,0.004500000000000002,5214.737290510098,10435.474581020197,10450.197846857143,68.17702372252342,0.01466769818448049,0.014667698080191166,geom2,15
mixture,0.006000000000000004,5214.737290510098,10435.474581020197,10450.197846857143,68.17702433832406,0.01466769812215598,0.014667697947126098,geom2,15
null,,5214.737290510092,10431.474581020184,10436.382336299166,68.17702303516057,0.014667698228540652,,geom2,15
sum,,5213.367305450797,10428.734610901594,10433.642366180577,101.97226531672828,0.019613176129685383,,geom2,15
mixture,0.5,5229.769482662161,10465.538965324322,10480.262231161269,69.20201399054199,0.014450446487535356,0.014450446487535356,geom2,16
mixture,0.4,5229.769482662165,10465.53896532433,10480.262231161276,69.20201493728308,0.014450447332380583,0.014450445594815085,geom2,16
mixture,0.45,5229.769482662166,10465.538965324333,10480.26223116128,69.2020150044478,0.01445044685278515,0.014450445803750744,geom2,16
mixture,0.35000000000000003,5229.769482662166,10465.538965324333,10480.26223116128,69.20201584870506,0.014450447785113054,0.014450445191896663,geom2,16
mixture,0.3,5229.769482662168,10465.538965324336,10480.262231161283,69.20201711272466,0.01445044800650301,0.014450444905178264,geom2,16
mixture,0.25,5229.769482662172,10465.538965324344,10480.26223116129,69.20201744006617,0.014450448238526812,0.014450444943453392,geom2,16
mixture,0.2,5229.769482662176,10465.538965324353,10480.2622311613,69.20201836355754,0.014450448194612558,0.014450444919325017,geom2,16
mixture,0.15000000000000002,5229.769482662182,10465.538965324364,10480.26223116131,69.20201980519897,0.014450447569212007,0.014450444868192679,geom2,16
mixture,0.1,5229.769482662188,10465.538965324376,10480.262231161323,69.20202111180625,0.014450446910545265,0.014450444788279266,geom2,16
mixture,0.05,5229.769482662193,10465.538965324386,10480.262231161332,69.20202299947323,0.014450446045919076,0.014450444530564252,geom2,16
mixture,0.008000000000000005,5229.7694826621955,10465.538965324391,10480.262231161338,69.20202363149279,0.01445044465594709,0.014450444472892164,geom2,16
mixture,0.006250000000000004,5229.7694826621955,10465.538965324391,10480.262231161338,69.20202372710617,0.014450444515679747,0.0144504444540056,geom2,16
mixture,0.006750000000000004,5229.769482662197,10465.538965324395,10480.262231161341,69.2020238371347,0.014450444545996076,0.014450444430636741,geom2,16
mixture,0.007500000000000005,5229.769482662197,10465.538965324395,10480.262231161341,69.20202385133643,0.014450444526087576,0.014450444427712062,geom2,16
mixture,0.002,5229.769482662197,10465.538965324395,10480.262231161341,69.2020239790743,0.014450444479375464,0.01445044440162074,geom2,16
mixture,0.003250000000000001,5229.769482662197,10465.538965324395,10480.262231161341,69.20202399293855,0.014450444389225674,0.014450444398912667,geom2,16
mixture,0.009750000000000007,5229.769482662197,10465.538965324395,10480.262231161341,69.20202357604852,0.014450444724516827,0.014450444483585134,geom2,16
mixture,0.008500000000000006,5229.769482662197,10465.538965324395,10480.262231161341,69.20202367389187,0.01445044462385903,0.01445044446414546,geom2,16
mixture,0.0035000000000000014,5229.769482662197,10465.538965324395,10480.262231161341,69.20202398225206,0.014450444411384957,0.014450444401076606,geom2,16
mixture,0.005250000000000003,5229.769482662197,10465.538965324395,10480.262231161341,69.20202381802986,0.014450444541005546,0.01445044443484747,geom2,16
mixture,0.0047500000000000025,5229.769482662198,10465.538965324396,10480.262231161343,69.20202377135593,0.014450444641284473,0.014450444444214955,geom2,16
mixture,0.0027500000000000007,5229.769482662199,10465.538965324398,10480.262231161345,69.20202374338115,0.014450444450894417,0.014450444450992866,geom2,16
mixture,0.006500000000000004,5229.769482662199,10465.538965324398,10480.262231161345,69.20202376625869,0.014450444614392542,0.014450444445115113,geom2,16
mixture,0.007750000000000005,5229.769482662199,10465.538965324398,10480.262231161345,69.2020236165722,0.014450444596223033,0.014450444476544743,geom2,16
mixture,0.008250000000000006,5229.769482662199,10465.538965324398,10480.262231161345,69.202024514798,0.014450444465711471,0.014450444288446487,geom2,16
mixture,0.009250000000000006,5229.769482662199,10465.538965324398,10480.262231161345,69.20202421934557,0.01445044470667772,0.014450444348288826,geom2,16
mixture,0.0037500000000000016,5229.769482662199,10465.538965324398,10480.262231161345,69.2020245911884,0.014450444463173683,0.0144504442732452,geom2,16
mixture,0.005000000000000003,5229.7694826622,10465.5389653244,10480.262231161347,69.20202365429357,0.014450444583938132,0.014450444469020862,geom2,16
mixture,0.009500000000000007,5229.7694826622,10465.5389653244,10480.262231161347,69.20202435783919,0.01445044452604655,0.01445044432073386,geom2,16
mixture,0.005500000000000003,5229.7694826622,10465.5389653244,10480.262231161347,69.20202379394914,0.01445044453236247,0.014450444439924819,geom2,16
mixture,0.0070000000000000045,5229.7694826622,10465.5389653244,10480.262231161347,69.20202457668395,0.014450444496654734,0.014450444275437666,geom2,16
mixture,0.008750000000000006,5229.7694826622,10465.5389653244,10480.262231161347,69.20202372868728,0.014450444650851426,0.014450444452323784,geom2,16
mixture,0.0025000000000000005,5229.769482662201,10465.538965324402,10480.262231161349,69.20202391832328,0.014450444504620557,0.014450444414236032,geom2,16
mixture,0.004500000000000002,5229.769482662201,10465.538965324402,10480.262231161349,69.20202450548098,0.014450444469314866,0.014450444291052278,geom2,16
mixture,0.006000000000000004,5229.769482662201,10465.538965324402,10480.262231161349,69.20202386840674,0.014450444491567056,0.014450444424482829,geom2,16
mixture,0.005750000000000003,5229.769482662201,10465.538965324402,10480.262231161349,69.20202374006371,0.01445044460431204,0.014450444450802648,geom2,16
mixture,0.004250000000000002,5229.769482662203,10465.538965324406,10480.262231161352,69.2020245293527,0.014450444427591417,0.014450444286269059,geom2,16
mixture,0.003000000000000001,5229.769482662203,10465.538965324406,10480.262231161352,69.20202462406354,0.014450444435256006,0.014450444266586593,geom2,16
mixture,0.010000000000000007,5229.769482662203,10465.538965324406,10480.262231161352,69.20202443618301,0.014450444507356433,0.014450444304294317,geom2,16
mixture,0.009000000000000006,5229.769482662203,10465.538965324406,10480.262231161352,69.20202452827208,0.014450444511411148,0.01445044428505815,geom2,16
mixture,0.007250000000000005,5229.7694826622055,10465.538965324411,10480.262231161358,69.20202451178747,0.014450444430317538,0.014450444289516763,geom2,16
mixture,0.0022500000000000003,5229.769482662206,10465.538965324413,10480.26223116136,69.20202455825972,0.014450444352841842,0.014450444280671064,geom2,16
mixture,0.004000000000000002,5229.769482662207,10465.538965324415,10480.262231161361,69.20202469206706,0.014450444413376924,0.014450444252247908,geom2,16
null,,5229.769482662206,10461.538965324413,10466.446720603395,69.20202474279291,0.014450444242300088,,geom2,16
sum,,5223.655735630212,10449.311471260424,10454.219226539406,103.13754799748428,0.019391579873983274,,geom2,16
mixture,0.5,5179.67116769633,10365.34233539266,10380.065601229606,65.84501303017441,0.015187179012960872,0.015187179012960872,geom2,17
mixture,0.4,5179.671167696331,10365.342335392663,10380.06560122961,65.84501379716991,0.015187180048822396,0.015187178027540259,geom2,17
mixture,0.45,5179.671167696334,10365.342335392668,10380.065601229615,65.84501405739819,0.015187179256521863,0.015187178382902672,geom2,17
mixture,0.35000000000000003,5179.671167696335,10365.34233539267,10380.065601229617,65.84501451308934,0.015187180206845079,0.015187177843892698,geom2,17
mixture,0.3,5179.671167696337,10365.342335392674,10380.06560122962,65.84501494672772,0.015187180567084567,0.015187177715402612,geom2,17
mixture,0.25,5179.671167696339,10365.342335392677,10380.065601229624,65.8450155999739,0.015187181123939261,0.01518717751900126,geom2,17
mixture,0.2,5179.671167696342,10365.342335392685,10380.065601229631,65.84501677029311,0.01518718047084601,0.015187177570164889,geom2,17
mixture,0.15000000000000002,5179.671167696348,10365.342335392696,10380.065601229642,65.84501724628281,0.015187180206372303,0.015187177658303562,geom2,17
mixture,0.1,5179.671167696354,10365.342335392708,10380.065601229655,65.8450190086837,0.015187180212678718,0.015187177347497308,geom2,17
mixture,0.05,5179.67116769636,10365.34233539272,10380.065601229666,65.84502062060132,0.01518717826651713,0.0151871772093686,geom2,17
mixture,0.0047500000000000025,5179.6711676963605,10365.342335392721,10380.065601229668,65.8450212452702,0.015187177249509107,0.01518717711751897,geom2,17
mixture,0.007500000000000005,5179.671167696361,10365.342335392723,10380.06560122967,65.84502145024807,0.015187177507729396,0.01518717706756649,geom2,17
mixture,0.009000000000000006,5179.671167696362,10365.342335392725,10380.065601229671,65.84502157516148,0.015187177463522505,0.015187177038228743,geom2,17
mixture,0.005250000000000003,5179.671167696362,10365.342335392725,10380.065601229671,65.8450211073588,0.015187177308655831,0.015187177149117664,geom2,17
mixture,0.007750000000000005,5179.671167696362,10365.342335392725,10380.065601229671,65.8450210183295,0.01518717745721976,0.015187177168250365,geom2,17
mixture,0.0070000000000000045,5179.671167696363,10365.342335392726,10380.065601229673,65.84502135148233,0.015187177236307373,0.015187177092642407,geom2,17
mixture,0.0022500000000000003,5179.671167696363,10365.342335392726,10380.065601229673,65.84502126702534,0.015187177154765502,0.0151871771130342,geom2,17
mixture,0.008500000000000006,5179.671167696363,10365.342335392726,10380.065601229673,65.84502174847013,0.015187177232241379,0.01518717700010957,geom2,17
mixture,0.006000000000000004,5179.671167696364,10365.342335392728,10380.065601229675,65.84502174240838,0.015187177224759554,0.015187177002145147,geom2,17
mixture,0.006250000000000004,5179.671167696364,10365.342335392728,10380.065601229675,65.84502199425518,0.015187177140974029,0.015187176944162209,geom2,17
mixture,0.004500000000000002,5179.671167696364,10365.342335392728,10380.065601229675,65.84502176420322,0.015187177179188391,0.015187176997636866,geom2,17
mixture,0.005750000000000003,5179.671167696364,10365.342335392728,10380.065601229675,65.8450219012179,0.015187177146629502,0.01518717696581166,geom2,17
mixture,0.008250000000000006,5179.671167696364,10365.342335392728,10380.065601229675,65.84502139664747,0.015187177422878409,0.015187177080405304,geom2,17
mixture,0.0027500000000000007,5179.671167696364,10365.342335392728,10380.065601229675,65.84502191213191,0.01518717701984768,0.015187176964180957,geom2,17
mixture,0.006750000000000004,5179.671167696365,10365.34233539273,10380.065601229677,65.84502209373791,0.01518717700355552,0.01518717692189535,geom2,17
mixture,0.009750000000000007,5179.671167696365,10365.34233539273,10380.065601229677,65.8450216210514,0.015187177284251598,0.015187177028982994,geom2,17
mixture,0.004250000000000002,5179.671167696365,10365.34233539273,10380.065601229677,65.8450212351207,0.015187177149395431,0.015187177120363528,geom2,17
mixture,0.004000000000000002,5179.671167696365,10365.34233539273,10380.065601229677,65.84502198917274,0.015187177057239607,0.015187176946120071,geom2,17
mixture,0.005500000000000003,5179.671167696365,10365.34233539273,10380.065601229677,65.84502169139438,0.015187177227382779,0.015187177014074031,geom2,17
mixture,0.003250000000000001,5179.671167696365,10365.34233539273,10380.065601229677,65.84502187346257,0.015187177098318069,0.015187176972845353,geom2,17
mixture,0.0035000000000000014,5179.671167696365,10365.34233539273,10380.065601229677,65.84502185909723,0.015187177018703181,0.015187176976418512,geom2,17
mixture,0.0037500000000000016,5179.671167696366,10365.342335392732,10380.065601229679,65.84502191660127,0.015187177058830893,0.015187176962943607,geom2,17
mixture,0.005000000000000003,5179.671167696366,10365.342335392732,10380.065601229679,65.8450220102486,0.015187177003391615,0.015187176941393403,geom2,17
mixture,0.007250000000000005,5179.671167696366,10365.342335392732,10380.065601229679,65.84502227644673,0.01518717710316803,0.015187176878677147,geom2,17
mixture,0.010000000000000007,5179.671167696366,10365.342335392732,10380.065601229679,65.84502175263432,0.015187177253804642,0.01518717699856987,geom2,17
mixture,0.009250000000000006,5179.671167696366,10365.342335392732,10380.065601229679,65.84502162145094,0.015187177530983052,0.015187177026715232,geom2,17
mixture,0.009500000000000007,5179.671167696366,10365.342335392732,10380.065601229679,65.84502217868096,0.015187177317184436,0.015187176898880527,geom2,17
mixture,0.006500000000000004,5179.671167696366,10365.342335392732,10380.065601229679,65.84502195826816,0.015187177105673319,0.015187176952698363,geom2,17
mixture,0.003000000000000001,5179.671167696367,10365.342335392734,10380.06560122968,65.84502143563903,0.015187177145810603,0.015187177074021924,geom2,17
mixture,0.008000000000000005,5179.671167696367,10365.342335392734,10380.06560122968,65.84502195142709,0.015187177124847824,0.01518717695390304,geom2,17
mixture,0.002,5179.671167696368,10365.342335392736,10380.065601229682,65.84502199649562,0.015187176971104383,0.015187176944822961,geom2,17
mixture,0.008750000000000006,5179.671167696368,10365.342335392736,10380.065601229682,65.84502187328464,0.01518717713102532,0.015187176971901847,geom2,17
mixture,0.0025000000000000005,5179.67116769637,10365.34233539274,10380.065601229686,65.8450219059047,0.015187176975502911,0.015187176965745957,geom2,17
null,,5179.671167696367,10361.342335392734,10366.250090671716,65.84502200295013,0.015187176943386787,,geom2,17
sum,,5172.90418171421,10347.80836342842,10352.716118707402,98.1525390116259,0.020376446907431556,,geom2,17
mixture,0.4,5200.120620225436,10406.241240450872,10420.964506287819,67.19501329011196,0.014882057912202469,0.014882055947903514,geom2,18
mixture,0.45,5200.120620225439,10406.241240450878,10420.964506287824,67.19501340998991,0.014882057488229397,0.014882056067945086,geom2,18
mixture,0.5,5200.12062022544,10406.24124045088,10420.964506287826,67.19501408719275,0.014882056557089081,0.014882056557089081,geom2,18
mixture,0.3,5200.12062022544,10406.24124045088,10420.964506287826,67.19501430561971,0.014882058849233297,0.014882055505632865,geom2,18
mixture,0.35000000000000003,5200.120620225441,10406.241240450881,10420.964506287828,67.19501444879135,0.014882057913127408,0.014882055703706603,geom2,18
mixture,0.25,5200.120620225445,10406.24124045089,10420.964506287837,67.19501570335011,0.014882058773809433,0.014882055340929928,geom2,18
mixture,0.2,5200.120620225452,10406.241240450903,10420.96450628785,67.19501683888876,0.014882058680303633,0.014882055264493701,geom2,18
mixture,0.15000000000000002,5200.120620225456,10406.241240450912,10420.964506287859,67.19501762318382,0.01488205819714477,0.014882055346331418,geom2,18
mixture,0.1,5200.120620225459,10406.241240450918,10420.964506287864,67.1950189274647,0.014882057428318449,0.014882055269172413,geom2,18
mixture,0.05,5200.120620225465,10406.24124045093,10420.964506287877,67.19502081104977,0.01488205614258057,0.014882055011357774,geom2,18
mixture,0.007500000000000005,5200.12062022547,10406.24124045094,10420.964506287886,67.19502216190696,0.014882055004258446,0.014882054766957305,geom2,18
mixture,0.006000000000000004,5200.120620225471,10406.241240450941,10420.964506287888,67.19502233935278,0.014882054827810881,0.014882054728843347,geom2,18
mixture,0.0070000000000000045,5200.120620225471,10406.241240450941,10420.964506287888,67.19502223853056,0.014882054865448975,0.014882054750965424,geom2,18
mixture,0.008500000000000006,5200.120620225472,10406.241240450943,10420.96450628789,67.1950220935219,0.014882055036760329,0.014882054781714796,geom2,18
mixture,0.005250000000000003,5200.1206202254725,10406.241240450945,10420.964506287892,67.19502228873894,0.014882054848374085,0.014882054740078329,geom2,18
mixture,0.008750000000000006,5200.1206202254725,10406.241240450945,10420.964506287892,67.19502209280365,0.01488205500105496,0.014882054782126128,geom2,18
mixture,0.007250000000000005,5200.1206202254725,10406.241240450945,10420.964506287892,67.19502217793975,0.014882054933211975,0.014882054763959108,geom2,18
mixture,0.004250000000000002,5200.120620225473,10406.241240450947,10420.964506287894,67.19502289235012,0.014882054767981004,0.014882054606274507,geom2,18
mixture,0.0047500000000000025,5200.120620225473,10406.241240450947,10420.964506287894,67.1950228977204,0.014882054776661043,0.014882054604956778,geom2,18
mixture,0.009250000000000006,5200.120620225474,10406.241240450949,10420.964506287895,67.19502275239407,0.014882054883660583,0.014882054635664641,geom2,18
mixture,0.003250000000000001,5200.120620225474,10406.241240450949,10420.964506287895,67.1950230029107,0.01488205461474669,0.014882054582370068,geom2,18
mixture,0.0025000000000000005,5200.120620225474,10406.241240450949,10420.964506287895,67.19502222689452,0.014882054783636925,0.014882054754270489,geom2,18
mixture,0.006500000000000004,5200.120620225474,10406.241240450949,10420.964506287895,67.1950227853506,0.014882054806089886,0.014882054629511778,geom2,18
mixture,0.009500000000000007,5200.120620225474,10406.241240450949,10420.964506287895,67.19502293804885,0.01488205482251848,0.014882054594676106,geom2,18
mixture,0.009750000000000007,5200.120620225474,10406.241240450949,10420.964506287895,67.19502263203165,0.01488205505609329,0.014882054660761448,geom2,18
mixture,0.004000000000000002,5200.120620225474,10406.241240450949,10420.964506287895,67.19502233302433,0.014882054837976751,0.014882054730408477,geom2,18
mixture,0.005000000000000003,5200.120620225474,10406.241240450949,10420.964506287895,67.19502299831485,0.014882054702398095,0.014882054582895649,geom2,18
mixture,0.002,5200.120620225474,10406.241240450949,10420.964506287895,67.19502204289914,0.014882054906065242,0.014882054794872,geom2,18
mixture,0.0035000000000000014,5200.120620225474,10406.241240450949,10420.964506287895,67.19502226556392,0.014882054831079461,0.01488205474547998,geom2,18
mixture,0.003000000000000001,5200.120620225474,10406.241240450949,10420.964506287895,67.19502298779318,0.014882054639155401,0.014882054585662979,geom2,18
mixture,0.0027500000000000007,5200.120620225474,10406.241240450949,10420.964506287895,67.19502232355664,0.014882054812421918,0.01488205473271642,geom2,18
mixture,0.0022500000000000003,5200.120620225476,10406.241240450952,10420.964506287899,67.195022967048,0.01488205464012382,0.014882054590305914,geom2,18
mixture,0.0037500000000000016,5200.120620225476,10406.241240450952,10420.964506287899,67.19502283589644,0.014882054786128333,0.01488205461883753,geom2,18
mixture,0.009000000000000006,5200.120620225476,10406.241240450952,10420.964506287899,67.19502195403201,0.014882055082817187,0.014882054812342005,geom2,18
mixture,0.008250000000000006,5200.120620225476,10406.241240450952,10420.964506287899,67.1950227367595,0.014882054984119313,0.0148820546385705,geom2,18
mixture,0.010000000000000007,5200.120620225478,10406.241240450956,10420.964506287903,67.19502326970326,0.014882055004609622,0.014882054518526434,geom2,18
mixture,0.005500000000000003,5200.120620225478,10406.241240450956,10420.964506287903,67.19502281672162,0.014882054819989398,0.014882054622626126,geom2,18
mixture,0.004500000000000002,5200.120620225478,10406.241240450956,10420.964506287903,67.1950236010205,0.014882054571337962,0.014882054449460152,geom2,18
mixture,0.005750000000000003,5200.120620225478,10406.241240450956,10420.964506287903,67.19502281643481,0.014882054748603565,0.014882054623053231,geom2,18
mixture,0.007750000000000005,5200.120620225478,10406.241240450956,10420.964506287903,67.1950228598245,0.014882054777652835,0.014882054612888466,geom2,18
mixture,0.006750000000000004,5200.120620225479,10406.241240450958,10420.964506287904,67.19502265726592,0.014882054846419442,0.014882054657753668,geom2,18
mixture,0.006250000000000004,5200.12062022548,10406.24124045096,10420.964506287906,67.19502297636942,0.014882054666447738,0.014882054587862382,geom2,18
mixture,0.008000000000000005,5200.12062022548,10406.24124045096,10420.964506287906,67.19502288000075,0.01488205482925683,0.014882054607926196,geom2,18
null,,5200.12062022548,10402.24124045096,10407.148995729942,67.19502301507963,0.014882054579780174,,geom2,18
sum,,5196.397427333567,10394.794854667134,10399.702609946116,100.38455418169416,0.01992338379448334,,geom2,18
mixture,0.4,5235.053833704224,10476.107667408449,10490.830933245395,69.56601495657118,0.014374836522883213,0.014374834305585163,geom2,19
mixture,0.5,5235.053833704224,10476.107667408449,10490.830933245395,69.56601423485307,0.014374835341637164,0.014374835341637164,geom2,19
mixture,0.45,5235.053833704225,10476.10766740845,10490.830933245397,69.56601513973725,0.014374835480921298,0.014374834887710982,geom2,19
mixture,0.35000000000000003,5235.053833704227,10476.107667408454,10490.830933245401,69.56601530104568,0.014374836815764144,0.014374834208932562,geom2,19
mixture,0.3,5235.053833704229,10476.107667408458,10490.830933245405,69.56601572856128,0.014374837261960781,0.01437483407770765,geom2,19
mixture,0.25,5235.053833704231,10476.107667408462,10490.830933245408,69.56601739696232,0.014374838134240222,0.01437483353956287,geom2,19
mixture,0.2,5235.053833704234,10476.107667408469,10490.830933245416,69.56601836452157,0.014374837164626312,0.014374833819217933,geom2,19
mixture,0.15000000000000002,5235.053833704238,10476.107667408476,10490.830933245423,69.56601926268704,0.014374836630537319,0.014374833891912655,geom2,19
mixture,0.1,5235.053833704244,10476.107667408489,10490.830933245436,69.5660208128307,0.014374835849647263,0.01437483377491814,geom2,19
mixture,0.05,5235.053833704249,10476.107667408498,10490.830933245445,69.56602233946651,0.014374834730241672,0.014374833610969747,geom2,19
mixture,0.005000000000000003,5235.053833704257,10476.107667408514,10490.830933245461,69.56602392543637,0.014374833441640884,0.014374833338700427,geom2,19
mixture,0.006750000000000004,5235.053833704257,10476.107667408514,10490.830933245461,69.5660240900455,0.014374833468696157,0.014374833304089889,geom2,19
mixture,0.006500000000000004,5235.053833704258,10476.107667408516,10490.830933245463,69.56602408980218,0.014374833451183887,0.014374833304296493,geom2,19
mixture,0.003000000000000001,5235.053833704259,10476.107667408518,10490.830933245465,69.56602410796772,0.01437483340137422,0.01437483330119708,geom2,19
mixture,0.008750000000000006,5235.05383370426,10476.10766740852,10490.830933245466,69.56602395009087,0.014374833505097336,0.014374833332611373,geom2,19
mixture,0.008500000000000006,5235.05383370426,10476.10766740852,10490.830933245466,69.56602403239296,0.014374833475740114,0.014374833315754185,geom2,19
mixture,0.005750000000000003,5235.05383370426,10476.10766740852,10490.830933245466,69.56602412254283,0.014374833402070726,0.014374833297886814,geom2,19
mixture,0.009750000000000007,5235.05383370426,10476.10766740852,10490.830933245466,69.56602449695079,0.014374833546977765,0.014374833217911375,geom2,19
mixture,0.005500000000000003,5235.053833704261,10476.107667408522,10490.830933245468,69.56602467993031,0.014374833351282753,0.014374833182380687,geom2,19
mixture,0.004250000000000002,5235.053833704261,10476.107667408522,10490.830933245468,69.5660241882784,0.014374833361459907,0.014374833284575788,geom2,19
mixture,0.007750000000000005,5235.053833704262,10476.107667408523,10490.83093324547,69.56602473958225,0.014374833371087525,0.014374833169420497,geom2,19
mixture,0.004500000000000002,5235.053833704262,10476.107667408523,10490.83093324547,69.5660248037195,0.014374833248720603,0.014374833157319057,geom2,19
mixture,0.008250000000000006,5235.053833704262,10476.107667408523,10490.83093324547,69.56602471277529,0.014374833327613783,0.014374833175265828,geom2,19
mixture,0.007500000000000005,5235.053833704262,10476.107667408523,10490.83093324547,69.56602395891211,0.014374833559834354,0.014374833330578422,geom2,19
mixture,0.009250000000000006,5235.053833704262,10476.107667408523,10490.83093324547,69.56602476281559,0.014374833323856017,0.014374833164710483,geom2,19
mixture,0.008000000000000005,5235.053833704262,10476.107667408523,10490.83093324547,69.56602472278706,0.01437483339410169,0.014374833172682552,geom2,19
mixture,0.0022500000000000003,5235.053833704263,10476.107667408525,10490.830933245472,69.56602418024418,0.014374833352124815,0.014374833286414854,geom2,19
mixture,0.004000000000000002,5235.053833704263,10476.107667408525,10490.830933245472,69.56602504732352,0.014374833210461055,0.014374833106979117,geom2,19
mixture,0.007250000000000005,5235.053833704263,10476.107667408525,10490.830933245472,69.56602387853272,0.014374833594111635,0.014374833347116388,geom2,19
mixture,0.005250000000000003,5235.053833704263,10476.107667408525,10490.830933245472,69.56602490657369,0.014374833301260936,0.014374833135607322,geom2,19
mixture,0.009500000000000007,5235.0538337042635,10476.107667408527,10490.830933245474,69.56602483604682,0.014374833359420346,0.01437483314905188,geom2,19
mixture,0.0047500000000000025,5235.0538337042635,10476.107667408527,10490.830933245474,69.56602492116296,0.014374833320508882,0.014374833132569625,geom2,19
mixture,0.006000000000000004,5235.0538337042635,10476.107667408527,10490.830933245474,69.5660249294983,0.014374833258815261,0.014374833130972904,geom2,19
mixture,0.002,5235.0538337042635,10476.107667408527,10490.830933245474,69.56602438788437,0.01437483329998732,0.014374833243543913,geom2,19
mixture,0.0070000000000000045,5235.0538337042635,10476.107667408527,10490.830933245474,69.56602408665867,0.014374833480312536,0.014374833304671335,geom2,19
mixture,0.006250000000000004,5235.053833704264,10476.107667408529,10490.830933245476,69.56602413000203,0.014374833424241196,0.014374833296143924,geom2,19
mixture,0.009000000000000006,5235.053833704264,10476.107667408529,10490.830933245476,69.56602484941739,0.014374833476690555,0.014374833145305075,geom2,19
mixture,0.0037500000000000016,5235.053833704265,10476.10766740853,10490.830933245477,69.56602510505166,0.014374833294007405,0.014374833094717003,geom2,19
mixture,0.010000000000000007,5235.053833704266,10476.107667408533,10490.83093324548,69.56602454464252,0.01437483348178207,0.014374833208532455,geom2,19
mixture,0.0035000000000000014,5235.053833704266,10476.107667408533,10490.83093324548,69.56602499153536,0.014374833381544532,0.014374833117998469,geom2,19
mixture,0.0027500000000000007,5235.053833704267,10476.107667408534,10490.830933245481,69.5660257638588,0.014374833163566018,0.014374832958767991,geom2,19
mixture,0.003250000000000001,5235.053833704267,10476.107667408534,10490.830933245481,69.56602566879162,0.014374833160761677,0.014374832978382738,geom2,19
mixture,0.0025000000000000005,5235.053833704268,10476.107667408536,10490.830933245483,69.56602484598982,0.014374833227160473,0.014374833148799901,geom2,19
null,,5235.053833704263,10472.107667408525,10477.015422687507,69.56602493945788,0.014374833129681951,,geom2,19
sum,,5230.589778430804,10463.179556861607,10468.08731214059,103.80543556802994,0.01926681381428509,,geom2,19
mixture,0.45,5235.3144245741605,10476.628849148321,10491.352114985268,69.58401480474161,0.01437111723315444,0.01437111633659286,geom2,20
mixture,0.5,5235.3144245741605,10476.628849148321,10491.352114985268,69.58401510280991,0.014371116678485809,0.014371116678485809,geom2,20
mixture,0.35000000000000003,5235.314424574163,10476.628849148326,10491.352114985273,69.58401568305041,0.014371118176303765,0.014371115687604777,geom2,20
mixture,0.4,5235.314424574164,10476.628849148328,10491.352114985275,69.58401479141516,0.014371117922279356,0.014371115956476962,geom2,20
mixture,0.25,5235.314424574168,10476.628849148336,10491.352114985282,69.58401737963538,0.014371118773409177,0.014371115353204275,geom2,20
mixture,0.3,5235.314424574168,10476.628849148336,10491.352114985282,69.58401607251109,0.014371118639771266,0.01437111555183309,geom2,20
mixture,0.2,5235.314424574171,10476.628849148343,10491.35211498529,69.58401782660165,0.01437111865842872,0.014371115480322789,geom2,20
mixture,0.15000000000000002,5235.314424574178,10476.628849148356,10491.352114985302,69.58401988304767,0.014371118125539272,0.014371115261643953,geom2,20
mixture,0.1,5235.314424574184,10476.628849148368,10491.352114985315,69.58402068076214,0.014371117377371524,0.014371115320822123,geom2,20
mixture,0.05,5235.314424574192,10476.628849148385,10491.352114985331,69.58402221628118,0.014371116354441528,0.01437111514907981,geom2,20
mixture,0.004500000000000002,5235.314424574195,10476.62884914839,10491.352114985337,69.58402416576648,0.014371114885756472,0.014371114806365486,geom2,20
mixture,0.009250000000000006,5235.314424574195,10476.62884914839,10491.352114985337,69.58402392982582,0.014371115100924505,0.014371114853159497,geom2,20
mixture,0.007250000000000005,5235.314424574196,10476.628849148392,10491.352114985339,69.58402392729388,0.014371115055567424,0.014371114854516621,geom2,20
mixture,0.009500000000000007,5235.314424574196,10476.628849148392,10491.352114985339,69.58402392070005,0.014371115034919234,0.014371114855632836,geom2,20
mixture,0.006500000000000004,5235.314424574196,10476.628849148392,10491.352114985339,69.584024090577,0.01437111493194167,0.014371114821533897,geom2,20
mixture,0.002,5235.314424574196,10476.628849148392,10491.352114985339,69.58402418119054,0.014371114834196216,0.014371114803475788,geom2,20
mixture,0.0047500000000000025,5235.314424574197,10476.628849148394,10491.35211498534,69.58402396673443,0.014371114967979735,0.01437111484725518,geom2,20
mixture,0.008000000000000005,5235.314424574197,10476.628849148394,10491.35211498534,69.5840240619428,0.01437111503049295,0.014371114826533667,geom2,20
mixture,0.009000000000000006,5235.314424574198,10476.628849148396,10491.352114985342,69.58402387623701,0.014371115023250502,0.014371114865095565,geom2,20
mixture,0.005250000000000003,5235.314424574198,10476.628849148396,10491.352114985342,69.5840239630363,0.014371114983277842,0.014371114847881563,geom2,20
mixture,0.005000000000000003,5235.314424574199,10476.628849148397,10491.352114985344,69.58402405805646,0.01437111499799914,0.014371114828118581,geom2,20
mixture,0.0022500000000000003,5235.314424574199,10476.628849148397,10491.352114985344,69.58402498561492,0.01437111467703374,0.014371114637310941,geom2,20
mixture,0.007500000000000005,5235.314424574199,10476.628849148397,10491.352114985344,69.5840239210578,0.014371115074632672,0.014371114855619573,geom2,20
mixture,0.0070000000000000045,5235.314424574199,10476.628849148397,10491.352114985344,69.58402398451008,0.014371115011684952,0.01437111484297648,geom2,20
mixture,0.008500000000000006,5235.314424574199,10476.628849148397,10491.352114985344,69.58402404949112,0.014371115057582418,0.014371114828792258,geom2,20
mixture,0.008250000000000006,5235.314424574199,10476.628849148397,10491.352114985344,69.58402402432084,0.014371115042379614,0.01437111483421803,geom2,20
mixture,0.003250000000000001,5235.3144245742005,10476.628849148401,10491.352114985348,69.58402487088168,0.014371114755123085,0.014371114660789466,geom2,20
mixture,0.0027500000000000007,5235.3144245742005,10476.628849148401,10491.352114985348,69.58402496329134,0.014371114693446888,0.014371114641868944,geom2,20
mixture,0.0035000000000000014,5235.3144245742005,10476.628849148401,10491.352114985348,69.58402475164445,0.014371114807396156,0.014371114685294634,geom2,20
mixture,0.006000000000000004,5235.3144245742005,10476.628849148401,10491.352114985348,69.58402412398524,0.014371114985227758,0.014371114814326371,geom2,20
mixture,0.009750000000000007,5235.3144245742005,10476.628849148401,10491.352114985348,69.58402472486,0.014371114947496846,0.014371114688730785,geom2,20
mixture,0.006250000000000004,5235.314424574201,10476.628849148403,10491.35211498535,69.58402491255501,0.014371114896886463,0.014371114650952215,geom2,20
mixture,0.0037500000000000016,5235.314424574201,10476.628849148403,10491.35211498535,69.58402403903986,0.014371114923876608,0.014371114832552998,geom2,20
mixture,0.0025000000000000005,5235.314424574201,10476.628849148403,10491.35211498535,69.58402508615823,0.014371114600149611,0.014371114616676534,geom2,20
mixture,0.004250000000000002,5235.314424574202,10476.628849148405,10491.352114985351,69.58402426035263,0.014371114858230252,0.01437111478688475,geom2,20
mixture,0.006750000000000004,5235.314424574203,10476.628849148407,10491.352114985353,69.58402480285241,0.014371114827062726,0.014371114674113656,geom2,20
mixture,0.004000000000000002,5235.314424574204,10476.628849148408,10491.352114985355,69.58402486316425,0.014371114840259496,0.014371114661976795,geom2,20
mixture,0.007750000000000005,5235.314424574204,10476.628849148408,10491.352114985355,69.58402484851607,0.0143711148361971,0.014371114664383644,geom2,20
mixture,0.008750000000000006,5235.314424574204,10476.628849148408,10491.352114985355,69.5840247205248,0.014371114924261717,0.014371114690100188,geom2,20
mixture,0.005750000000000003,5235.314424574205,10476.62884914841,10491.352114985357,69.58402462885519,0.014371114872304322,0.014371114710149133,geom2,20
mixture,0.005500000000000003,5235.314424574205,10476.62884914841,10491.352114985357,69.58402487325813,0.01437111481952452,0.01437111465972636,geom2,20
mixture,0.003000000000000001,5235.314424574205,10476.62884914841,10491.352114985357,69.58402499120449,0.01437111473869896,0.014371114635937626,geom2,20
mixture,0.010000000000000007,5235.314424574205,10476.62884914841,10491.352114985357,69.58402565788202,0.014371114803489404,0.014371114495477592,geom2,20
null,,5235.3144245742005,10472.628849148401,10477.536604427383,69.58402494551393,0.014371114645682333,,geom2,20
sum,,5229.989228505741,10461.978457011483,10466.886212290465,103.74964053294808,0.01927717522418648,,geom2,20
mixture,0.5,5206.1151739231855,10418.230347846371,10432.953613683318,67.59601515855348,0.014793771462036571,0.014793771462036571,geom2,21
mixture,0.4,5206.115173923186,10418.230347846373,10432.95361368332,67.59601522810529,0.014793771970662426,0.014793771097583008,geom2,21
mixture,0.45,5206.115173923186,10418.230347846373,10432.95361368332,67.5960146858003,0.01479377183021201,0.014793771348919797,geom2,21
mixture,0.35000000000000003,5206.115173923187,10418.230347846375,10432.953613683321,67.59601557720373,0.014793772207173733,0.014793770919848933,geom2,21
mixture,0.3,5206.11517392319,10418.23034784638,10432.953613683327,67.59601554258829,0.014793773545654558,0.014793770448988778,geom2,21
mixture,0.25,5206.115173923191,10418.230347846382,10432.953613683329,67.59601595961786,0.014793773636147539,0.01479377050357644,geom2,21
mixture,0.15000000000000002,5206.115173923198,10418.230347846396,10432.953613683343,67.59601855642069,0.014793773073907784,0.014793770302715281,geom2,21
mixture,0.2,5206.115173923199,10418.230347846398,10432.953613683345,67.5960182975307,0.014793773135594306,0.014793770184918575,geom2,21
mixture,0.1,5206.115173923206,10418.230347846413,10432.95361368336,67.59602020522965,0.014793772699056268,0.01479377009737484,geom2,21
mixture,0.0035000000000000014,5206.115173923214,10418.230347846427,10432.953613683374,67.59602237716472,0.014793769970126889,0.014793769881893898,geom2,21
mixture,0.008750000000000006,5206.115173923214,10418.230347846427,10432.953613683374,67.59602227801298,0.014793770157748591,0.014793769901661867,geom2,21
mixture,0.006500000000000004,5206.1151739232155,10418.230347846431,10432.953613683378,67.59602244438635,0.014793770001351791,0.014793769866615092,geom2,21
mixture,0.009750000000000007,5206.1151739232155,10418.230347846431,10432.953613683378,67.5960221305519,0.014793770267809626,0.014793769932910046,geom2,21
mixture,0.005250000000000003,5206.1151739232155,10418.230347846431,10432.953613683378,67.5960224955997,0.014793769943342215,0.014793769855823076,geom2,21
mixture,0.004500000000000002,5206.115173923216,10418.230347846433,10432.95361368338,67.59602264568272,0.014793769874090834,0.01479376982320706,geom2,21
mixture,0.006750000000000004,5206.115173923216,10418.230347846433,10432.95361368338,67.59602248545413,0.0147937699915252,0.014793769857598964,geom2,21
mixture,0.0070000000000000045,5206.115173923216,10418.230347846433,10432.95361368338,67.5960225242318,0.01479377003688022,0.014793769848698986,geom2,21
mixture,0.0037500000000000016,5206.115173923217,10418.230347846435,10432.953613683381,67.59602244936846,0.014793769932304187,0.014793769866152448,geom2,21
mixture,0.006000000000000004,5206.115173923217,10418.230347846435,10432.953613683381,67.59602236158156,0.01479377003538096,0.014793769884709141,geom2,21
mixture,0.007250000000000005,5206.115173923217,10418.230347846435,10432.953613683381,67.59602315104297,0.014793769916816503,0.01479376971134544,geom2,21
mixture,0.05,5206.115173923217,10418.230347846435,10432.953613683381,67.59602178552777,0.014793771367537512,0.014793769940325177,geom2,21
mixture,0.003000000000000001,5206.115173923217,10418.230347846435,10432.953613683381,67.59602241995452,0.014793769985237262,0.014793769872499711,geom2,21
mixture,0.006250000000000004,5206.115173923219,10418.230347846438,10432.953613683385,67.59602228407157,0.014793770138229936,0.014793769901094577,geom2,21
mixture,0.005000000000000003,5206.115173923219,10418.230347846438,10432.953613683385,67.59602311808693,0.014793769868082833,0.014793769719303823,geom2,21
mixture,0.008500000000000006,5206.115173923219,10418.230347846438,10432.953613683385,67.59602308925056,0.014793769931102044,0.014793769724603483,geom2,21
mixture,0.0022500000000000003,5206.115173923219,10418.230347846438,10432.953613683385,67.59602321453269,0.0147937697239062,0.014793769698883722,geom2,21
mixture,0.004000000000000002,5206.115173923219,10418.230347846438,10432.953613683385,67.59602322455297,0.014793769556323404,0.014793769697310978,geom2,21
mixture,0.007500000000000005,5206.11517392322,10418.23034784644,10432.953613683387,67.59602226484303,0.014793770152882453,0.014793769904925267,geom2,21
mixture,0.004250000000000002,5206.11517392322,10418.23034784644,10432.953613683387,67.59602297173328,0.014793769996826103,0.014793769751033421,geom2,21
mixture,0.0027500000000000007,5206.11517392322,10418.23034784644,10432.953613683387,67.59602330793565,0.014793769786160734,0.014793769678201372,geom2,21
mixture,0.008000000000000005,5206.11517392322,10418.23034784644,10432.953613683387,67.59602312013666,0.014793769878273227,0.01479376971831949,geom2,21
mixture,0.005500000000000003,5206.11517392322,10418.23034784644,10432.953613683387,67.59602330728916,0.014793769810080333,0.014793769677912825,geom2,21
mixture,0.0047500000000000025,5206.115173923221,10418.230347846442,10432.953613683389,67.5960233589297,0.014793769814512253,0.014793769666635509,geom2,21
mixture,0.003250000000000001,5206.115173923221,10418.230347846442,10432.953613683389,67.5960234539474,0.014793769733221142,0.014793769646260148,geom2,21
mixture,0.009000000000000006,5206.115173923221,10418.230347846442,10432.953613683389,67.59602290597832,0.014793770242667448,0.014793769762144172,geom2,21
mixture,0.009500000000000007,5206.115173923221,10418.230347846442,10432.953613683389,67.59602310619066,0.014793769967177683,0.014793769720306006,geom2,21
mixture,0.007750000000000005,5206.115173923221,10418.230347846442,10432.953613683389,67.59602323315036,0.014793769836153344,0.014793769693761906,geom2,21
mixture,0.005750000000000003,5206.115173923221,10418.230347846442,10432.953613683389,67.59602329557767,0.014793769869648641,0.014793769680113046,geom2,21
mixture,0.009250000000000006,5206.115173923221,10418.230347846442,10432.953613683389,67.59602326858776,0.014793769851828169,0.014793769685571894,geom2,21
mixture,0.002,5206.115173923223,10418.230347846446,10432.953613683392,67.59602339740876,0.014793769738588954,0.014793769658756903,geom2,21
mixture,0.0025000000000000005,5206.115173923223,10418.230347846446,10432.953613683392,67.5960234087554,0.01479376967516238,0.01479376965638635,geom2,21
mixture,0.008250000000000006,5206.115173923224,10418.230347846447,10432.953613683394,67.59602319851962,0.014793769891251914,0.014793769700873953,geom2,21
mixture,0.010000000000000007,5206.115173923225,10418.23034784645,10432.953613683396,67.59602391040251,0.014793770075737553,0.014793769541300633,geom2,21
null,,5206.115173923217,10414.230347846435,10419.138103125417,67.59602264468319,0.014793769823654788,,geom2,21
sum,,5200.015526464946,10402.031052929891,10406.938808208874,100.75728407452384,0.019849681522982752,,geom2,21
mixture,0.45,5248.372443828775,10502.74488765755,10517.468153494498,70.4920141409683,0.014186004724933282,0.01418600354688009,geom2,22
mixture,0.4,5248.37244382878,10502.74488765756,10517.468153494507,70.4920147672471,0.014186005293932064,0.014186003055662028,geom2,22
mixture,0.5,5248.372443828782,10502.744887657564,10517.46815349451,70.49201453355921,0.014186003997997942,0.014186003997997942,geom2,22
mixture,0.35000000000000003,5248.372443828783,10502.744887657565,10517.468153494512,70.49201555657245,0.014186005826446963,0.014186002696719546,geom2,22
mixture,0.3,5248.372443828787,10502.744887657575,10517.468153494521,70.49201720661223,0.014186007678086521,0.014186001652343013,geom2,22
mixture,0.2,5248.37244382879,10502.74488765758,10517.468153494527,70.49201850307523,0.014186006162706403,0.014186002458275879,geom2,22
mixture,0.25,5248.37244382879,10502.74488765758,10517.468153494527,70.49201693023869,0.014186006337780187,0.014186002574985103,geom2,22
mixture,0.15000000000000002,5248.372443828797,10502.744887657595,10517.468153494541,70.49202037937982,0.014186007704140398,0.014186001959939408,geom2,22
mixture,0.1,5248.372443828808,10502.744887657616,10517.468153494563,70.49202159148518,0.01418600474169491,0.01418600233719165,geom2,22
mixture,0.05,5248.372443828814,10502.744887657627,10517.468153494574,70.49202376282634,0.014186003366750938,0.014186002076145182,geom2,22
mixture,0.006500000000000004,5248.372443828815,10502.74488765763,10517.468153494578,70.4920247468028,0.014186002047728498,0.014186001941969999,geom2,22
mixture,0.007250000000000005,5248.372443828816,10502.744887657633,10517.46815349458,70.4920247915315,0.01418600208660904,0.014186001932539098,geom2,22
mixture,0.007750000000000005,5248.372443828816,10502.744887657633,10517.46815349458,70.49202465203734,0.014186002204438762,0.014186001959832583,geom2,22
mixture,0.0027500000000000007,5248.372443828817,10502.744887657635,10517.468153494581,70.4920249830335,0.014186002030648223,0.014186001894743998,geom2,22
mixture,0.005750000000000003,5248.372443828817,10502.744887657635,10517.468153494581,70.49202484724972,0.014186002065991547,0.014186001921613046,geom2,22
mixture,0.007500000000000005,5248.372443828818,10502.744887657636,10517.468153494583,70.49202497624171,0.014186002183661582,0.014186001894314432,geom2,22
mixture,0.008250000000000006,5248.372443828818,10502.744887657636,10517.468153494583,70.49202471846861,0.014186002178909862,0.014186001946441613,geom2,22
mixture,0.0025000000000000005,5248.37244382882,10502.74488765764,10517.468153494587,70.49202485402195,0.014186002052128506,0.014186001920751921,geom2,22
mixture,0.009750000000000007,5248.37244382882,10502.74488765764,10517.468153494587,70.49202543590407,0.014186002075475995,0.01418600180130772,geom2,22
mixture,0.005000000000000003,5248.37244382882,10502.74488765764,10517.468153494587,70.49202491644068,0.014186002039800725,0.014186001907859345,geom2,22
mixture,0.005250000000000003,5248.372443828821,10502.744887657642,10517.468153494588,70.49202488018544,0.01418600211350667,0.014186001914771791,geom2,22
mixture,0.0047500000000000025,5248.372443828821,10502.744887657642,10517.468153494588,70.49202497694226,0.0141860019488257,0.014186001896093071,geom2,22
mixture,0.0070000000000000045,5248.372443828821,10502.744887657642,10517.468153494588,70.4920247643672,0.014186002145385727,0.014186001937668703,geom2,22
mixture,0.006000000000000004,5248.372443828821,10502.744887657642,10517.468153494588,70.49202566535406,0.014186001913719824,0.01418600175686461,geom2,22
mixture,0.009000000000000006,5248.372443828821,10502.744887657642,10517.468153494588,70.49202468477914,0.014186002229006166,0.014186001952652048,geom2,22
mixture,0.005500000000000003,5248.372443828821,10502.744887657642,10517.468153494588,70.49202489290498,0.014186002041289102,0.014186001912547359,geom2,22
mixture,0.0022500000000000003,5248.372443828821,10502.744887657642,10517.468153494588,70.49202491472306,0.014186002017399862,0.014186001908619955,geom2,22
mixture,0.009500000000000007,5248.372443828822,10502.744887657644,10517.46815349459,70.49202555642256,0.014186002041379549,0.014186001777217868,geom2,22
mixture,0.004500000000000002,5248.372443828822,10502.744887657644,10517.46815349459,70.49202493761207,0.014186001982738462,0.014186001903903709,geom2,22
mixture,0.004250000000000002,5248.372443828823,10502.744887657645,10517.468153494592,70.49202487394386,0.014186002056719004,0.014186001916475188,geom2,22
mixture,0.003000000000000001,5248.372443828823,10502.744887657645,10517.468153494592,70.4920258353129,0.01418600176585128,0.014186001723475646,geom2,22
mixture,0.008500000000000006,5248.372443828823,10502.744887657645,10517.468153494592,70.4920256083062,0.0141860019499458,0.014186001767737435,geom2,22
mixture,0.006750000000000004,5248.372443828823,10502.744887657645,10517.468153494592,70.49202487236806,0.01418600210957295,0.01418600191608228,geom2,22
mixture,0.002,5248.372443828824,10502.744887657647,10517.468153494594,70.49202576866065,0.014186001762736775,0.014186001736964503,geom2,22
mixture,0.004000000000000002,5248.372443828824,10502.744887657647,10517.468153494594,70.49202578650585,0.014186001864610845,0.014186001732897982,geom2,22
mixture,0.008750000000000006,5248.372443828824,10502.744887657647,10517.468153494594,70.49202546345555,0.014186001985866272,0.014186001796781842,geom2,22
mixture,0.008000000000000005,5248.3724438288245,10502.744887657649,10517.468153494596,70.49202546422805,0.014186002051040963,0.014186001796242484,geom2,22
mixture,0.0035000000000000014,5248.3724438288245,10502.744887657649,10517.468153494596,70.49202576179992,0.01418600184367022,0.014186001738026968,geom2,22
mixture,0.009250000000000006,5248.3724438288245,10502.744887657649,10517.468153494596,70.4920256258512,0.014186002141660811,0.01418600176224581,geom2,22
mixture,0.0037500000000000016,5248.372443828825,10502.74488765765,10517.468153494598,70.49202585696735,0.014186001801708713,0.01418600171893457,geom2,22
mixture,0.006250000000000004,5248.372443828826,10502.744887657653,10517.4681534946,70.49202560441047,0.01418600190910204,0.014186001769195777,geom2,22
mixture,0.003250000000000001,5248.372443828826,10502.744887657653,10517.4681534946,70.49202569200129,0.01418600188754959,0.014186001752002655,geom2,22
mixture,0.010000000000000007,5248.372443828826,10502.744887657653,10517.4681534946,70.49202548826712,0.01418600208175677,0.014186001790530927,geom2,22
null,,5248.372443828827,10498.744887657655,10503.652642936637,70.4920257529629,0.014186001740175104,,geom2,22
sum,,5248.062920046546,10498.125840093093,10503.033595372075,105.56786442842096,0.018945159218940875,,geom2,22
mixture,0.45,5196.726242396763,10399.452484793526,10414.175750630473,66.96901266328572,0.014932279906336424,0.014932278762274882,geom2,23
mixture,0.5,5196.726242396764,10399.452484793528,10414.175750630475,66.96901295888352,0.014932279211192237,0.014932279211192237,geom2,23
mixture,0.35000000000000003,5196.726242396765,10399.45248479353,10414.175750630477,66.9690134057442,0.014932281063033428,0.014932278060758192,geom2,23
mixture,0.4,5196.726242396766,10399.452484793532,10414.175750630478,66.96901344013386,0.014932279841121448,0.014932278612396448,geom2,23
mixture,0.3,5196.726242396768,10399.452484793535,10414.175750630482,66.96901399774376,0.014932281416431293,0.014932277935178971,geom2,23
mixture,0.25,5196.726242396773,10399.452484793546,10414.175750630493,66.96901527278456,0.01493228157181711,0.014932277736401057,geom2,23
mixture,0.2,5196.726242396776,10399.452484793552,10414.175750630498,66.96901640753822,0.014932282036968975,0.01493227754355243,geom2,23
mixture,0.15000000000000002,5196.726242396781,10399.452484793563,10414.17575063051,66.96901773601346,0.014932280831549322,0.014932277672104928,geom2,23
mixture,0.1,5196.726242396783,10399.452484793566,10414.175750630513,66.96901867326787,0.014932279970720712,0.014932277711074558,geom2,23
mixture,0.05,5196.726242396792,10399.452484793585,10414.175750630531,66.96902041439161,0.014932278693147297,0.014932277488587725,geom2,23
mixture,0.008250000000000006,5196.726242396797,10399.452484793594,10414.17575063054,66.96902183444756,0.014932277440828583,0.014932277230446038,geom2,23
mixture,0.008500000000000006,5196.726242396797,10399.452484793594,10414.17575063054,66.96902184307184,0.014932277471030228,0.01493227722819461,geom2,23
mixture,0.007500000000000005,5196.726242396797,10399.452484793594,10414.17575063054,66.96902175847484,0.014932277537248604,0.014932277246944271,geom2,23
mixture,0.006750000000000004,5196.726242396797,10399.452484793594,10414.17575063054,66.9690218157777,0.014932277445065313,0.014932277234926126,geom2,23
mixture,0.004250000000000002,5196.726242396798,10399.452484793595,10414.175750630542,66.96902196353493,0.014932277363643004,0.014932277202714762,geom2,23
mixture,0.009750000000000007,5196.726242396798,10399.452484793595,10414.175750630542,66.96902183668297,0.01493227749359984,0.014932277229104427,geom2,23
mixture,0.009250000000000006,5196.7262423967995,10399.452484793599,10414.175750630546,66.96902189758568,0.01493227748764138,0.014932277215587101,geom2,23
mixture,0.005500000000000003,5196.7262423967995,10399.452484793599,10414.175750630546,66.96902198661537,0.01493227733993543,0.014932277197468828,geom2,23
mixture,0.008000000000000005,5196.7262423968,10399.4524847936,10414.175750630548,66.96902251025335,0.014932277371439187,0.014932277079157057,geom2,23
mixture,0.006500000000000004,5196.7262423968,10399.4524847936,10414.175750630548,66.96902266820516,0.014932277261511955,0.014932277044868159,geom2,23
mixture,0.002,5196.7262423968,10399.4524847936,10414.175750630548,66.96902224835964,0.014932277154988637,0.01493227713986026,geom2,23
mixture,0.003250000000000001,5196.7262423968,10399.4524847936,10414.175750630548,66.969022665035,0.014932277304628799,0.014932277046143125,geom2,23
mixture,0.004000000000000002,5196.726242396801,10399.452484793603,10414.17575063055,66.9690227524833,0.014932277153293568,0.014932277026979345,geom2,23
mixture,0.010000000000000007,5196.726242396801,10399.452484793603,10414.17575063055,66.96902173056469,0.014932277594165221,0.014932277251922331,geom2,23
mixture,0.007250000000000005,5196.726242396802,10399.452484793605,10414.175750630551,66.96902249067132,0.01493227746168485,0.014932277083116962,geom2,23
mixture,0.008750000000000006,5196.726242396802,10399.452484793605,10414.175750630551,66.96902248280313,0.014932277361454199,0.014932277085198734,geom2,23
mixture,0.007750000000000005,5196.726242396802,10399.452484793605,10414.175750630551,66.96902196242023,0.014932277375113778,0.014932277202308011,geom2,23
mixture,0.004500000000000002,5196.726242396802,10399.452484793605,10414.175750630551,66.96902273276426,0.014932277230087016,0.014932277030985458,geom2,23
mixture,0.003000000000000001,5196.726242396802,10399.452484793605,10414.175750630551,66.96902271337783,0.014932277277652537,0.014932277035477537,geom2,23
mixture,0.0037500000000000016,5196.726242396802,10399.452484793605,10414.175750630551,66.96902259229242,0.014932277021684563,0.014932277063359105,geom2,23
mixture,0.0022500000000000003,5196.726242396802,10399.452484793605,10414.175750630551,66.96902231775633,0.014932277152835367,0.01493227712435285,geom2,23
mixture,0.0070000000000000045,5196.726242396803,10399.452484793606,10414.175750630553,66.96902312536182,0.014932277382113212,0.014932276941256805,geom2,23
mixture,0.006000000000000004,5196.726242396803,10399.452484793606,10414.175750630553,66.96902286566537,0.014932277069245667,0.014932277001843658,geom2,23
mixture,0.0027500000000000007,5196.726242396803,10399.452484793606,10414.175750630553,66.96902209917953,0.014932277303261732,0.014932277172794856,geom2,23
mixture,0.0035000000000000014,5196.726242396803,10399.452484793606,10414.175750630553,66.96902225709965,0.014932277224801099,0.014932277137636656,geom2,23
mixture,0.0025000000000000005,5196.726242396804,10399.452484793608,10414.175750630555,66.96902298655472,0.014932276944471357,0.014932276975370267,geom2,23
mixture,0.005000000000000003,5196.726242396804,10399.452484793608,10414.175750630555,66.96902206626105,0.014932277294629181,0.01493227717992002,geom2,23
mixture,0.005750000000000003,5196.726242396805,10399.45248479361,10414.175750630557,66.96902270768217,0.014932277131834627,0.014932277036928327,geom2,23
mixture,0.0047500000000000025,5196.726242396806,10399.452484793612,10414.175750630558,66.96902247421293,0.014932277458588782,0.01493227708776996,geom2,23
mixture,0.009500000000000007,5196.726242396806,10399.452484793612,10414.175750630558,66.96902246011078,0.01493227755816876,0.014932277088211156,geom2,23
mixture,0.009000000000000006,5196.726242396807,10399.452484793614,10414.17575063056,66.96902257885561,0.014932277337820843,0.014932277063732072,geom2,23
mixture,0.005250000000000003,5196.726242396808,10399.452484793615,10414.175750630562,66.96902355410474,0.014932277116675587,0.01493227684733069,geom2,23
mixture,0.006250000000000004,5196.726242396808,10399.452484793615,10414.175750630562,66.969022690356,0.01493227717865386,0.01493227704047368,geom2,23
null,,5196.7262423968,10395.4524847936,10400.360240072583,66.96902207114042,0.0149322771794056,,geom2,23
sum,,5195.571454991354,10393.142909982707,10398.05066526169,100.27041909008389,0.01994606204052245,,geom2,23
mixture,0.45,5247.943724239561,10501.887448479121,10516.610714316068,70.4620161723159,0.014192043881123818,0.014192043223904147,geom2,24
mixture,0.4,5247.9437242395625,10501.887448479125,10516.610714316072,70.46201642899459,0.014192044383441132,0.014192042857629783,geom2,24
mixture,0.5,5247.943724239563,10501.887448479127,10516.610714316073,70.46201640011853,0.014192043473770328,0.014192043473770328,geom2,24
mixture,0.3,5247.943724239567,10501.887448479134,10516.61071431608,70.46201713690772,0.014192045259856645,0.01419204249630531,geom2,24
mixture,0.35000000000000003,5247.943724239567,10501.887448479134,10516.61071431608,70.4620174120375,0.014192044957087091,0.014192042361500323,geom2,24
mixture,0.2,5247.9437242395725,10501.887448479145,10516.610714316092,70.46202013717098,0.014192045647694771,0.014192041989420645,geom2,24
mixture,0.25,5247.9437242395725,10501.887448479145,10516.610714316092,70.46201907948344,0.014192045330449496,0.014192042135328322,geom2,24
mixture,0.1,5247.943724239578,10501.887448479156,10516.610714316103,70.46202157253913,0.014192044108813962,0.014192042245656223,geom2,24
mixture,0.15000000000000002,5247.943724239582,10501.887448479163,10516.61071431611,70.46202093319143,0.014192044812698498,0.01419204216334222,geom2,24
mixture,0.010000000000000007,5247.943724239592,10501.887448479183,10516.61071431613,70.46202466006555,0.0141920420697782,0.01419204180747774,geom2,24
mixture,0.008750000000000006,5247.9437242395925,10501.887448479185,10516.610714316132,70.46202482985615,0.01419204195344072,0.014192041774335362,geom2,24
mixture,0.008000000000000005,5247.943724239593,10501.887448479187,10516.610714316133,70.46202479795888,0.014192041940826487,0.014192041781048869,geom2,24
mixture,0.005000000000000003,5247.943724239595,10501.88744847919,10516.610714316137,70.46202500170904,0.014192041757981876,0.014192041741205063,geom2,24
mixture,0.05,5247.943724239595,10501.88744847919,10516.610714316137,70.46202436286865,0.014192043501119276,0.014192041784109918,geom2,24
mixture,0.009750000000000007,5247.943724239596,10501.887448479192,10516.610714316139,70.46202459163351,0.01419204206602557,0.014192041821499794,geom2,24
mixture,0.006250000000000004,5247.943724239596,10501.887448479192,10516.610714316139,70.4620250159229,0.014192041779843819,0.014192041738165585,geom2,24
mixture,0.003250000000000001,5247.943724239597,10501.887448479194,10516.61071431614,70.46202491361667,0.01419204186734156,0.014192041758678832,geom2,24
mixture,0.007250000000000005,5247.943724239598,10501.887448479196,10516.610714316143,70.46202480601077,0.014192041955655574,0.014192041779427674,geom2,24
mixture,0.006500000000000004,5247.943724239598,10501.887448479196,10516.610714316143,70.46202488260177,0.014192041852902942,0.014192041764705543,geom2,24
mixture,0.009000000000000006,5247.943724239598,10501.887448479196,10516.610714316143,70.4620256285255,0.014192041773409974,0.014192041613601027,geom2,24
mixture,0.004500000000000002,5247.943724239598,10501.887448479196,10516.610714316143,70.46202566422816,0.01419204167096491,0.014192041607562982,geom2,24
mixture,0.007500000000000005,5247.943724239598,10501.887448479196,10516.610714316143,70.46202481068514,0.01419204193006267,0.014192041778628086,geom2,24
mixture,0.0035000000000000014,5247.943724239598,10501.887448479196,10516.610714316143,70.46202572821656,0.014192041815202889,0.014192041594186569,geom2,24
mixture,0.0027500000000000007,5247.943724239598,10501.887448479196,10516.610714316143,70.46202571982715,0.014192041685161961,0.014192041596405788,geom2,24
mixture,0.004000000000000002,5247.943724239598,10501.887448479196,10516.610714316143,70.46202574939954,0.014192041997865834,0.014192041589058344,geom2,24
mixture,0.005250000000000003,5247.943724239598,10501.887448479196,10516.610714316143,70.46202574809085,0.014192041672790473,0.014192041590525274,geom2,24
mixture,0.005750000000000003,5247.943724239598,10501.887448479196,10516.610714316143,70.4620256564185,0.014192041682444752,0.014192041608998947,geom2,24
mixture,0.009500000000000007,5247.943724239599,10501.887448479198,10516.610714316144,70.46202567088669,0.01419204172542531,0.01419204160536661,geom2,24
mixture,0.004250000000000002,5247.943724239599,10501.887448479198,10516.610714316144,70.4620250659582,0.014192041806893872,0.014192041728013017,geom2,24
mixture,0.0037500000000000016,5247.943724239599,10501.887448479198,10516.610714316144,70.46202469442174,0.014192041948607168,0.014192041802633523,geom2,24
mixture,0.0022500000000000003,5247.9437242396,10501.8874484792,10516.610714316146,70.4620256871579,0.014192041720030647,0.014192041602966521,geom2,24
mixture,0.008500000000000006,5247.9437242396,10501.8874484792,10516.610714316146,70.4620248508566,0.014192041919984072,0.014192041770401296,geom2,24
mixture,0.0047500000000000025,5247.9437242396,10501.8874484792,10516.610714316146,70.46202587538461,0.014192041610817772,0.01419204156510126,geom2,24
mixture,0.005500000000000003,5247.9437242396,10501.8874484792,10516.610714316146,70.4620256032026,0.014192041931546393,0.014192041618417486,geom2,24
mixture,0.003000000000000001,5247.9437242396,10501.8874484792,10516.610714316146,70.46202571049336,0.014192041622357215,0.01419204159845813,geom2,24
mixture,0.009250000000000006,5247.9437242396,10501.8874484792,10516.610714316146,70.46202540158073,0.014192041830486944,0.014192041659164437,geom2,24
mixture,0.0070000000000000045,5247.9437242396,10501.8874484792,10516.610714316146,70.46202484982872,0.014192041934898585,0.014192041770730598,geom2,24
mixture,0.007750000000000005,5247.9437242396,10501.8874484792,10516.610714316146,70.46202559985225,0.014192041771165068,0.014192041619640182,geom2,24
mixture,0.002,5247.943724239601,10501.887448479201,10516.610714316148,70.46202595670394,0.014192041804633989,0.014192041548427146,geom2,24
mixture,0.006750000000000004,5247.943724239602,10501.887448479203,10516.61071431615,70.46202565643019,0.01419204172128014,0.014192041608658716,geom2,24
mixture,0.006000000000000004,5247.943724239603,10501.887448479207,10516.610714316153,70.46202572407921,0.014192041718676687,0.014192041595051694,geom2,24
mixture,0.0025000000000000005,5247.943724239604,10501.887448479209,10516.610714316155,70.46202592525636,0.014192041587940105,0.014192041555191675,geom2,24
mixture,0.008250000000000006,5247.943724239604,10501.887448479209,10516.610714316155,70.46202581536141,0.014192041691321156,0.014192041576460328,geom2,24
null,,5247.943724239598,10497.887448479196,10502.795203758178,70.46202492537297,0.014192041756664104,,geom2,24
sum,,5238.173772349923,10478.347544699845,10483.255299978828,104.59834870151893,0.019120760746493094,,geom2,24
mixture,0.5,5178.7065702474665,10363.413140494933,10378.13640633188,65.78201183808926,0.015201724180484514,0.015201724180484514,geom2,25
mixture,0.35000000000000003,5178.70657024747,10363.41314049494,10378.136406331887,65.7820134328334,0.015201725753899912,0.01520172276628678,geom2,25
mixture,0.45,5178.70657024747,10363.41314049494,10378.136406331887,65.78201249523428,0.01520172460517443,0.015201723556899647,geom2,25
mixture,0.4,5178.706570247473,10363.413140494946,10378.136406331892,65.78201291929034,0.015201725259777322,0.015201723044527155,geom2,25
mixture,0.3,5178.706570247476,10363.413140494951,10378.136406331898,65.78201457938782,0.015201726062612395,0.015201722468868124,geom2,25
mixture,0.25,5178.7065702474765,10363.413140494953,10378.1364063319,65.78201444782376,0.015201726146063514,0.015201722721171932,geom2,25
mixture,0.2,5178.706570247483,10363.413140494966,10378.136406331912,65.78201616423874,0.015201725917697426,0.015201722496506092,geom2,25
mixture,0.15000000000000002,5178.706570247485,10363.41314049497,10378.136406331916,65.78201710991789,0.015201726119559137,0.015201722405024978,geom2,25
mixture,0.1,5178.706570247492,10363.413140494984,10378.13640633193,65.78201874002691,0.015201724574972923,0.015201722364446618,geom2,25
mixture,0.05,5178.706570247499,10363.413140494999,10378.136406331945,65.78202017892927,0.01520172336957985,0.015201722194211453,geom2,25
mixture,0.0047500000000000025,5178.706570247501,10363.413140495002,10378.136406331949,65.78202113125016,0.0152017221666016,0.015201722032267705,geom2,25
mixture,0.009500000000000007,5178.706570247501,10363.413140495002,10378.136406331949,65.7820210557741,0.01520172225040219,0.015201722048428987,geom2,25
mixture,0.008500000000000006,5178.706570247501,10363.413140495002,10378.136406331949,65.7820210647507,0.015201722251837437,0.015201722046528185,geom2,25
mixture,0.003250000000000001,5178.706570247503,10363.413140495006,10378.136406331952,65.78202119285793,0.015201722149058792,0.015201722018243562,geom2,25
mixture,0.005250000000000003,5178.706570247504,10363.413140495008,10378.136406331954,65.78202187762062,0.015201721973790295,0.015201721859826984,geom2,25
mixture,0.0070000000000000045,5178.706570247504,10363.413140495008,10378.136406331954,65.78202097841148,0.015201722275247045,0.015201722066766279,geom2,25
mixture,0.008750000000000006,5178.706570247504,10363.413140495008,10378.136406331954,65.78202171340286,0.01520172216484349,0.015201721896022575,geom2,25
mixture,0.008000000000000005,5178.706570247504,10363.413140495008,10378.136406331954,65.78202170817005,0.015201722065068797,0.015201721898249464,geom2,25
mixture,0.0025000000000000005,5178.706570247504,10363.413140495008,10378.136406331954,65.78202131088906,0.015201721986573697,0.015201721991404694,geom2,25
mixture,0.0022500000000000003,5178.706570247504,10363.413140495008,10378.136406331954,65.78202163682815,0.0152017221140548,0.015201721915624118,geom2,25
mixture,0.009250000000000006,5178.706570247505,10363.41314049501,10378.136406331956,65.78202193364326,0.01520172206291947,0.015201721845467454,geom2,25
mixture,0.010000000000000007,5178.706570247505,10363.41314049501,10378.136406331956,65.78202108103748,0.015201722247685996,0.015201722042457271,geom2,25
mixture,0.006000000000000004,5178.706570247505,10363.41314049501,10378.136406331956,65.78202121364433,0.015201722208327799,0.015201722012691314,geom2,25
mixture,0.006500000000000004,5178.706570247505,10363.41314049501,10378.136406331956,65.78202103196115,0.015201722280806958,0.015201722054378941,geom2,25
mixture,0.009000000000000006,5178.706570247505,10363.41314049501,10378.136406331956,65.78202100430137,0.015201722284162807,0.015201722060227268,geom2,25
mixture,0.005500000000000003,5178.706570247505,10363.41314049501,10378.136406331956,65.78202167941592,0.015201722185698369,0.015201721904683297,geom2,25
mixture,0.0027500000000000007,5178.706570247505,10363.41314049501,10378.136406331956,65.78202117772918,0.015201722126922881,0.015201722021875965,geom2,25
mixture,0.002,5178.706570247505,10363.41314049501,10378.136406331956,65.78202180775858,0.015201721867188218,0.015201721876588673,geom2,25
mixture,0.004000000000000002,5178.706570247506,10363.413140495011,10378.136406331958,65.78202117325432,0.015201722146260128,0.015201722022704733,geom2,25
mixture,0.007250000000000005,5178.706570247506,10363.413140495011,10378.136406331958,65.78202090459251,0.015201722302462918,0.015201722083698601,geom2,25
mixture,0.008250000000000006,5178.706570247506,10363.413140495011,10378.136406331958,65.78202199802396,0.015201722298133553,0.015201721828728405,geom2,25
mixture,0.009750000000000007,5178.706570247506,10363.413140495011,10378.136406331958,65.78202184103586,0.015201722103962083,0.015201721866565127,geom2,25
mixture,0.003000000000000001,5178.7065702475065,10363.413140495013,10378.13640633196,65.78202208873022,0.015201721886599762,0.015201721811413922,geom2,25
mixture,0.005750000000000003,5178.7065702475065,10363.413140495013,10378.13640633196,65.78202141656166,0.015201722082298839,0.015201721966305527,geom2,25
mixture,0.0035000000000000014,5178.7065702475065,10363.413140495013,10378.13640633196,65.7820223714915,0.015201722101219966,0.015201721745048913,geom2,25
mixture,0.006250000000000004,5178.7065702475065,10363.413140495013,10378.13640633196,65.78202166704493,0.015201722503639823,0.015201721905348398,geom2,25
mixture,0.007750000000000005,5178.7065702475065,10363.413140495013,10378.13640633196,65.78202183096947,0.015201722038532392,0.015201721869899104,geom2,25
mixture,0.004500000000000002,5178.7065702475065,10363.413140495013,10378.13640633196,65.78202155869842,0.015201721940989064,0.015201721934094747,geom2,25
mixture,0.006750000000000004,5178.706570247507,10363.413140495015,10378.136406331962,65.78202113263187,0.01520172226983256,0.015201722030974198,geom2,25
mixture,0.0037500000000000016,5178.706570247508,10363.413140495017,10378.136406331963,65.78202188645965,0.015201721973713445,0.01520172185794854,geom2,25
mixture,0.007500000000000005,5178.70657024751,10363.41314049502,10378.136406331967,65.78202184916502,0.015201722025309158,0.015201721865804879,geom2,25
mixture,0.005000000000000003,5178.70657024751,10363.41314049502,10378.136406331967,65.78202168449948,0.015201722050573666,0.01520172190432285,geom2,25
mixture,0.004250000000000002,5178.70657024751,10363.41314049502,10378.136406331967,65.78202192956822,0.015201721953904417,0.015201721847970376,geom2,25
null,,5178.706570247508,10359.413140495017,10364.320895773999,65.7820219223695,0.015201721850084166,,geom2,25
sum,,5174.779007417025,10351.55801483405,10356.465770113033,98.2186930923672,0.02036272258397037,,geom2,25
mixture,0.5,5144.932154603446,10295.864309206892,10310.587575043839,63.61401108774326,0.015719807364775237,0.015719807364775237,geom2,26
mixture,0.45,5144.93215460345,10295.8643092069,10310.587575043846,63.61401113128882,0.015719808053340716,0.01571980678183872,geom2,26
mixture,0.35000000000000003,5144.932154603452,10295.864309206903,10310.58757504385,63.6140124777872,0.015719808959511666,0.015719805977614267,geom2,26
mixture,0.4,5144.932154603453,10295.864309206905,10310.587575043852,63.61401181546221,0.015719807182626475,0.015719807186493854,geom2,26
mixture,0.25,5144.932154603457,10295.864309206914,10310.58757504386,63.61401338702762,0.015719809488595457,0.01571980589926,geom2,26
mixture,0.3,5144.932154603459,10295.864309206918,10310.587575043864,63.614013520348834,0.015719807535907033,0.01571980643268043,geom2,26
mixture,0.2,5144.93215460346,10295.86430920692,10310.587575043866,63.61401410353926,0.015719809385683167,0.01571980592799793,geom2,26
mixture,0.15000000000000002,5144.932154603464,10295.864309206929,10310.587575043875,63.61401592915303,0.015719808838984245,0.015719805697124303,geom2,26
mixture,0.1,5144.932154603466,10295.864309206932,10310.587575043879,63.61401669504922,0.01571980801910929,0.015719805752477712,geom2,26
mixture,0.05,5144.932154603472,10295.864309206943,10310.58757504389,63.614018023292424,0.015719806912829846,0.01571980558449908,geom2,26
mixture,0.0047500000000000025,5144.932154603479,10295.864309206958,10310.587575043905,63.614019690413386,0.015719805598381348,0.015719805237234097,geom2,26
mixture,0.008750000000000006,5144.932154603479,10295.864309206958,10310.587575043905,63.61401947408512,0.01571980555540683,0.015719805290085355,geom2,26
mixture,0.006750000000000004,5144.932154603479,10295.864309206958,10310.587575043905,63.61401941571667,0.015719805498436695,0.015719805305528346,geom2,26
mixture,0.006250000000000004,5144.932154603479,10295.864309206958,10310.587575043905,63.614019492868664,0.015719805459339244,0.015719805286686192,geom2,26
mixture,0.007750000000000005,5144.932154603481,10295.864309206961,10310.587575043908,63.614019594709106,0.015719805507562027,0.01571980526068596,geom2,26
mixture,0.004250000000000002,5144.932154603481,10295.864309206961,10310.587575043908,63.61401966823447,0.01571980539179339,0.015719805243801264,geom2,26
mixture,0.009250000000000006,5144.932154603481,10295.864309206961,10310.587575043908,63.6140197689474,0.015719805679149063,0.015719805215251778,geom2,26
mixture,0.009750000000000007,5144.932154603481,10295.864309206961,10310.587575043908,63.61402011498779,0.015719805446713853,0.015719805130953335,geom2,26
mixture,0.005250000000000003,5144.932154603481,10295.864309206961,10310.587575043908,63.61401980881249,0.015719805362119248,0.015719805208887206,geom2,26
mixture,0.009000000000000006,5144.932154603481,10295.864309206961,10310.587575043908,63.61401963585,0.015719805443998907,0.015719805250693077,geom2,26
mixture,0.004000000000000002,5144.932154603482,10295.864309206963,10310.58757504391,63.614019811409804,0.015719805289638414,0.0157198052087262,geom2,26
mixture,0.008000000000000005,5144.932154603482,10295.864309206963,10310.58757504391,63.61401989356361,0.015719805361136024,0.015719805187358413,geom2,26
mixture,0.007250000000000005,5144.932154603482,10295.864309206963,10310.58757504391,63.61401997427072,0.015719805465659882,0.015719805166637,geom2,26
mixture,0.003250000000000001,5144.932154603482,10295.864309206963,10310.58757504391,63.614020003774925,0.01571980524257765,0.01571980516124975,geom2,26
mixture,0.005750000000000003,5144.932154603483,10295.864309206965,10310.587575043912,63.614019949202486,0.015719805380635558,0.015719805173810338,geom2,26
mixture,0.010000000000000007,5144.932154603483,10295.864309206965,10310.587575043912,63.614020312762214,0.015719805284869583,0.01571980508314224,geom2,26
mixture,0.0035000000000000014,5144.932154603483,10295.864309206965,10310.587575043912,63.614019782816925,0.015719805273675766,0.015719805215913332,geom2,26
mixture,0.002,5144.9321546034835,10295.864309206967,10310.587575043914,63.6140204270837,0.015719805031446262,0.015719805056960297,geom2,26
mixture,0.005000000000000003,5144.9321546034835,10295.864309206967,10310.587575043914,63.61401994309041,0.015719805515885876,0.015719805174804546,geom2,26
mixture,0.006500000000000004,5144.9321546034835,10295.864309206967,10310.587575043914,63.61401972332209,0.015719805364437962,0.01571980522994319,geom2,26
mixture,0.0027500000000000007,5144.932154603484,10295.864309206969,10310.587575043915,63.61401992428543,0.015719805281848902,0.015719805180879228,geom2,26
mixture,0.0070000000000000045,5144.932154603484,10295.864309206969,10310.587575043915,63.614019741993474,0.015719805475998983,0.01571980522444258,geom2,26
mixture,0.0037500000000000016,5144.932154603484,10295.864309206969,10310.587575043915,63.614020196578785,0.015719805141038025,0.0157198051137676,geom2,26
mixture,0.0022500000000000003,5144.932154603484,10295.864309206969,10310.587575043915,63.61402007007292,0.015719805135267204,0.01571980514515326,geom2,26
mixture,0.0025000000000000005,5144.932154603484,10295.864309206969,10310.587575043915,63.614020137868216,0.01571980535450356,0.015719805127811237,geom2,26
mixture,0.008500000000000006,5144.932154603484,10295.864309206969,10310.587575043915,63.61402052876464,0.015719805201162052,0.015719805030330596,geom2,26
mixture,0.007500000000000005,5144.932154603484,10295.864309206969,10310.587575043915,63.61401978462384,0.015719805353693713,0.01571980521462598,geom2,26
mixture,0.009500000000000007,5144.932154603485,10295.86430920697,10310.587575043917,63.61402023740203,0.01571980536600646,0.015719805101266915,geom2,26
mixture,0.003000000000000001,5144.932154603486,10295.864309206972,10310.587575043919,63.61401978838718,0.015719805248952567,0.01571980521463607,geom2,26
mixture,0.006000000000000004,5144.932154603486,10295.864309206972,10310.587575043919,63.61402081187145,0.015719805391737278,0.015719804959228444,geom2,26
mixture,0.004500000000000002,5144.932154603486,10295.864309206972,10310.587575043919,63.61402054091983,0.015719805159626038,0.015719805028187494,geom2,26
mixture,0.008250000000000006,5144.932154603486,10295.864309206972,10310.587575043919,63.61402057411593,0.01571980495751466,0.015719805021100385,geom2,26
mixture,0.005500000000000003,5144.932154603487,10295.864309206974,10310.58757504392,63.61402069104354,0.015719805308256007,0.015719804989930766,geom2,26
null,,5144.932154603488,10291.864309206976,10296.772064485958,63.6140204095084,0.015719805061252343,,geom2,26
sum,,5143.520936134506,10289.041872269012,10293.949627547994,95.27145481315927,0.0209926467893482,,geom2,26
mixture,0.5,5209.641267492852,10425.282534985705,10440.005800822652,67.83301325704018,0.014742084303563106,0.014742084303563106,geom2,27
mixture,0.45,5209.641267492857,10425.282534985714,10440.00580082266,67.8330135805486,0.014742084817332466,0.014742083755374072,geom2,27
mixture,0.4,5209.641267492859,10425.282534985718,10440.005800822664,67.83301511442203,0.014742085047870572,0.014742083134586522,geom2,27
mixture,0.35000000000000003,5209.64126749286,10425.28253498572,10440.005800822666,67.83301458479102,0.014742085707454682,0.014742083103685,geom2,27
mixture,0.3,5209.6412674928615,10425.282534985723,10440.00580082267,67.8330148297242,0.014742086172109752,0.014742083014486292,geom2,27
mixture,0.25,5209.641267492865,10425.28253498573,10440.005800822677,67.83301623997122,0.014742086547676078,0.014742082691155647,geom2,27
mixture,0.2,5209.641267492871,10425.282534985741,10440.005800822688,67.8330175729908,0.014742086032434832,0.014742082698868593,geom2,27
mixture,0.15000000000000002,5209.641267492872,10425.282534985745,10440.005800822692,67.83301846265782,0.014742085633445179,0.014742082737899476,geom2,27
mixture,0.1,5209.641267492876,10425.282534985752,10440.005800822699,67.83301950121471,0.014742084835284143,0.014742082736660363,geom2,27
mixture,0.05,5209.641267492886,10425.282534985772,10440.005800822719,67.8330217974593,0.014742083609539294,0.01474208238632127,geom2,27
mixture,0.005750000000000003,5209.641267492889,10425.282534985778,10440.005800822724,67.83302243385872,0.014742082506946612,0.014742082308030353,geom2,27
mixture,0.0037500000000000016,5209.641267492892,10425.282534985785,10440.005800822732,67.83302276639353,0.014742082427443997,0.014742082236187455,geom2,27
mixture,0.008250000000000006,5209.641267492892,10425.282534985785,10440.005800822732,67.83302314757933,0.014742082444406748,0.014742082151646676,geom2,27
mixture,0.008500000000000006,5209.641267492892,10425.282534985785,10440.005800822732,67.83302259100655,0.01474208247737937,0.014742082273286553,geom2,27
mixture,0.0047500000000000025,5209.641267492892,10425.282534985785,10440.005800822732,67.8330232941063,0.014742082357966703,0.01474208212109223,geom2,27
mixture,0.003250000000000001,5209.641267492892,10425.282534985785,10440.005800822732,67.83302260860007,0.01474208238185443,0.014742082270836955,geom2,27
mixture,0.007750000000000005,5209.641267492892,10425.282534985785,10440.005800822732,67.8330224830693,0.014742082519296507,0.014742082296754536,geom2,27
mixture,0.006500000000000004,5209.641267492892,10425.282534985785,10440.005800822732,67.83302329982413,0.014742082306495473,0.014742082119760962,geom2,27
mixture,0.006250000000000004,5209.641267492893,10425.282534985787,10440.005800822733,67.83302328431593,0.014742082481058112,0.01474208212210164,geom2,27
mixture,0.0070000000000000045,5209.641267492893,10425.282534985787,10440.005800822733,67.83302260482182,0.01474208242262897,0.014742082270957182,geom2,27
mixture,0.009500000000000007,5209.641267492893,10425.282534985787,10440.005800822733,67.8330232730397,0.014742082410536322,0.014742082124074381,geom2,27
mixture,0.009000000000000006,5209.641267492893,10425.282534985787,10440.005800822733,67.83302266749446,0.0147420824628294,0.014742082256541715,geom2,27
mixture,0.004000000000000002,5209.641267492894,10425.282534985789,10440.005800822735,67.83302323020244,0.014742082088228302,0.014742082136297824,geom2,27
mixture,0.005500000000000003,5209.641267492894,10425.282534985789,10440.005800822735,67.83302331044955,0.014742082224328717,0.014742082118081165,geom2,27
mixture,0.008000000000000005,5209.641267492894,10425.282534985789,10440.005800822735,67.83302260330855,0.014742082550577884,0.014742082270103969,geom2,27
mixture,0.007250000000000005,5209.641267492894,10425.282534985789,10440.005800822735,67.83302328791623,0.014742082296321473,0.014742082122301017,geom2,27
mixture,0.006000000000000004,5209.641267492894,10425.282534985789,10440.005800822735,67.8330232869069,0.014742082531323756,0.014742082121322017,geom2,27
mixture,0.006750000000000004,5209.641267492894,10425.282534985789,10440.005800822735,67.8330226294481,0.014742082354732119,0.0147420822660684,geom2,27
mixture,0.0027500000000000007,5209.641267492894,10425.282534985789,10440.005800822735,67.83302359820347,0.014742082088519314,0.014742082056038936,geom2,27
mixture,0.004250000000000002,5209.641267492894,10425.282534985789,10440.005800822735,67.83302281829845,0.014742082348036655,0.01474208222510175,geom2,27
mixture,0.002,5209.641267492894,10425.282534985789,10440.005800822735,67.83302281804625,0.014742082268875235,0.01474208222559247,geom2,27
mixture,0.0022500000000000003,5209.641267492894,10425.282534985789,10440.005800822735,67.83302345374562,0.014742082092473241,0.01474208208751197,geom2,27
mixture,0.010000000000000007,5209.641267492894,10425.282534985789,10440.005800822735,67.83302332121158,0.014742082321779803,0.01474208211425134,geom2,27
mixture,0.005250000000000003,5209.641267492896,10425.282534985792,10440.005800822739,67.83302329140594,0.014742082435823159,0.014742082121152234,geom2,27
mixture,0.005000000000000003,5209.641267492896,10425.282534985792,10440.005800822739,67.83302296549455,0.014742082216126993,0.014742082193521217,geom2,27
mixture,0.009250000000000006,5209.641267492896,10425.282534985792,10440.005800822739,67.83302310772774,0.014742082640161509,0.01474208215826531,geom2,27
mixture,0.008750000000000006,5209.641267492896,10425.282534985792,10440.005800822739,67.83302308822886,0.014742082441929219,0.014742082164533307,geom2,27
mixture,0.009750000000000007,5209.641267492896,10425.282534985792,10440.005800822739,67.83302325421843,0.014742082356386615,0.0147420821286659,geom2,27
mixture,0.003000000000000001,5209.641267492897,10425.282534985794,10440.00580082274,67.8330234055583,0.014742082134556429,0.014742082097885625,geom2,27
mixture,0.007500000000000005,5209.641267492898,10425.282534985796,10440.005800822742,67.83302324188931,0.014742082364306951,0.014742082131822017,geom2,27
mixture,0.004500000000000002,5209.641267492899,10425.282534985798,10440.005800822744,67.8330234446108,0.014742082280464147,0.014742082088645211,geom2,27
mixture,0.0025000000000000005,5209.6412674929,10425.2825349858,10440.005800822746,67.83302362261522,0.014742082028043528,0.014742082050879967,geom2,27
mixture,0.0035000000000000014,5209.6412674929,10425.2825349858,10440.005800822746,67.83302339259156,0.014742082226867962,0.014742082100370946,geom2,27
null,,5209.641267492892,10421.282534985785,10426.190290264767,67.8330226788065,0.014742082255939868,,geom2,27
sum,,5205.15401635319,10412.30803270638,10417.215787985362,101.24743514470444,0.019753586815720994,,geom2,27
mixture,0.45,5187.612770530106,10381.225541060212,10395.948806897159,66.36601385037281,0.015067953793637534,0.015067952967219867,geom2,28
mixture,0.5,5187.612770530106,10381.225541060212,10395.948806897159,66.36601285523577,0.015067953565046928,0.015067953565046928,geom2,28
mixture,0.4,5187.612770530107,10381.225541060214,10395.94880689716,66.36601410304348,0.015067954389485435,0.015067952543244207,geom2,28
mixture,0.3,5187.612770530107,10381.225541060214,10395.94880689716,66.36601495526166,0.01506795421907573,0.01506795260361087,geom2,28
mixture,0.35000000000000003,5187.612770530108,10381.225541060216,10395.948806897162,66.3660135765226,0.015067955046729992,0.015067952515274213,geom2,28
mixture,0.25,5187.612770530111,10381.225541060223,10395.94880689717,66.36601523622703,0.01506795551915183,0.015067952192894923,geom2,28
mixture,0.2,5187.612770530113,10381.225541060227,10395.948806897173,66.36601611185637,0.015067955347784753,0.015067952195120596,geom2,28
mixture,0.15000000000000002,5187.612770530117,10381.225541060234,10395.94880689718,66.36601732601093,0.015067954807612872,0.015067952151583429,geom2,28
mixture,0.1,5187.612770530123,10381.225541060247,10395.948806897193,66.36601871304222,0.015067954029058264,0.015067952035739973,geom2,28
mixture,0.009750000000000007,5187.612770530133,10381.225541060267,10395.948806897213,66.36602144279142,0.015067951826754614,0.015067951613218878,geom2,28
mixture,0.05,5187.612770530136,10381.225541060272,10395.948806897219,66.36602076793864,0.015067952861872116,0.015067951710976803,geom2,28
mixture,0.007250000000000005,5187.612770530137,10381.225541060274,10395.94880689722,66.36602164729925,0.01506795171265159,0.01506795156781871,geom2,28
mixture,0.008250000000000006,5187.612770530137,10381.225541060274,10395.94880689722,66.36602149863131,0.015067951788446917,0.015067951601076986,geom2,28
mixture,0.010000000000000007,5187.612770530137,10381.225541060274,10395.94880689722,66.36602205712136,0.015067951705241521,0.015067951473504065,geom2,28
mixture,0.006000000000000004,5187.612770530137,10381.225541060274,10395.94880689722,66.36602208754645,0.015067951682156392,0.01506795146762645,geom2,28
mixture,0.007500000000000005,5187.612770530137,10381.225541060274,10395.94880689722,66.36602221398759,0.015067951642276612,0.015067951438679054,geom2,28
mixture,0.006500000000000004,5187.612770530138,10381.225541060276,10395.948806897222,66.36602216960753,0.015067951594423066,0.01506795144933918,geom2,28
mixture,0.0070000000000000045,5187.612770530138,10381.225541060276,10395.948806897222,66.36602150040238,0.015067951809067065,0.015067951600762547,geom2,28
mixture,0.008750000000000006,5187.612770530138,10381.225541060276,10395.948806897222,66.3660215584188,0.015067951681486832,0.015067951588232473,geom2,28
mixture,0.005500000000000003,5187.612770530138,10381.225541060276,10395.948806897222,66.36602203714006,0.015067951701370604,0.015067951479135769,geom2,28
mixture,0.009500000000000007,5187.612770530138,10381.225541060276,10395.948806897222,66.36602153809265,0.015067951806201685,0.015067951591624879,geom2,28
mixture,0.0035000000000000014,5187.612770530138,10381.225541060276,10395.948806897222,66.36602226477744,0.015067951553360154,0.015067951428236616,geom2,28
mixture,0.005250000000000003,5187.612770530139,10381.225541060277,10395.948806897224,66.36602224787501,0.015067951687921874,0.01506795143116415,geom2,28
mixture,0.003250000000000001,5187.612770530139,10381.225541060277,10395.948806897224,66.36602184399523,0.015067951469600412,0.015067951524388331,geom2,28
mixture,0.006250000000000004,5187.612770530139,10381.225541060277,10395.948806897224,66.3660223195043,0.015067951520962223,0.015067951415590615,geom2,28
mixture,0.009000000000000006,5187.612770530139,10381.225541060277,10395.948806897224,66.36602157692221,0.015067951769562611,0.01506795158316984,geom2,28
mixture,0.008000000000000005,5187.612770530139,10381.225541060277,10395.948806897224,66.36602129216705,0.015067951900892948,0.015067951647471718,geom2,28
mixture,0.003000000000000001,5187.612770530139,10381.225541060277,10395.948806897224,66.3660218003149,0.015067951596834243,0.015067951533938907,geom2,28
mixture,0.004000000000000002,5187.612770530139,10381.225541060277,10395.948806897224,66.3660216006631,0.015067951611307405,0.015067951579329253,geom2,28
mixture,0.005000000000000003,5187.612770530139,10381.225541060277,10395.948806897224,66.36602242905036,0.015067951510409293,0.015067951390779353,geom2,28
mixture,0.008500000000000006,5187.61277053014,10381.22554106028,10395.948806897226,66.36602220486861,0.01506795163655502,0.015067951440610912,geom2,28
mixture,0.005750000000000003,5187.61277053014,10381.22554106028,10395.948806897226,66.36602167703968,0.01506795167759239,0.015067951561448559,geom2,28
mixture,0.006750000000000004,5187.61277053014,10381.22554106028,10395.948806897226,66.36602151406723,0.015067951754054454,0.01506795159806524,geom2,28
mixture,0.009250000000000006,5187.61277053014,10381.22554106028,10395.948806897226,66.36602149884283,0.015067951836373002,0.015067951600391939,geom2,28
mixture,0.002,5187.612770530141,10381.225541060281,10395.948806897228,66.36602181776642,0.015067951665113244,0.015067951529894905,geom2,28
mixture,0.0022500000000000003,5187.612770530141,10381.225541060281,10395.948806897228,66.36602216332395,0.015067951455388463,0.015067951451700569,geom2,28
mixture,0.0027500000000000007,5187.612770530141,10381.225541060281,10395.948806897228,66.3660223527379,0.015067951498712666,0.015067951408455519,geom2,28
mixture,0.004500000000000002,5187.612770530141,10381.225541060281,10395.948806897228,66.36602226281994,0.015067951566264554,0.01506795142849904,geom2,28
mixture,0.0025000000000000005,5187.6127705301415,10381.225541060283,10395.94880689723,66.36602178971586,0.015067951496808027,0.015067951536633597,geom2,28
mixture,0.007750000000000005,5187.6127705301415,10381.225541060283,10395.94880689723,66.36602205356255,0.015067951600656153,0.015067951475660729,geom2,28
mixture,0.0037500000000000016,5187.612770530142,10381.225541060285,10395.948806897231,66.36602209137958,0.01506795152422656,0.015067951467831865,geom2,28
mixture,0.0047500000000000025,5187.612770530142,10381.225541060285,10395.948806897231,66.36602240216806,0.01506795149815963,0.01506795139700044,geom2,28
mixture,0.004250000000000002,5187.612770530143,10381.225541060287,10395.948806897233,66.36602277947979,0.015067951469310874,0.015067951311142684,geom2,28
null,,5187.612770530139,10377.225541060277,10382.13329633926,66.36602228999116,0.015067951422949944,,geom2,28
sum,,5179.86642719119,10361.73285438238,10366.640609661363,98.76102135343679,0.020250904381016732,,geom2,28
mixture,0.4,5180.971135863494,10367.942271726988,10382.665537563935,65.93001377772148,0.015167599667921302,0.015167598275510112,geom2,29
mixture,0.45,5180.971135863495,10367.94227172699,10382.665537563937,65.93001350613545,0.015167599386275392,0.015167598492964833,geom2,29
mixture,0.5,5180.971135863495,10367.94227172699,10382.665537563937,65.93001318151495,0.015167598969635482,0.015167598969635482,geom2,29
mixture,0.35000000000000003,5180.971135863498,10367.942271726995,10382.665537563942,65.93001386200355,0.015167600241032782,0.01516759804419009,geom2,29
mixture,0.25,5180.971135863502,10367.942271727004,10382.665537563951,65.9300158593412,0.015167600971352084,0.01516759748099665,geom2,29
mixture,0.3,5180.971135863503,10367.942271727006,10382.665537563953,65.93001483579684,0.015167600086187063,0.015167597947431236,geom2,29
mixture,0.2,5180.971135863503,10367.942271727006,10382.665537563953,65.93001637831313,0.015167601058655448,0.015167597528077217,geom2,29
mixture,0.15000000000000002,5180.971135863508,10367.942271727015,10382.665537563962,65.93001750605245,0.015167600777995194,0.015167597480059187,geom2,29
mixture,0.1,5180.971135863516,10367.942271727032,10382.665537563978,65.93001900530344,0.015167599505428822,0.015167597421438802,geom2,29
mixture,0.05,5180.9711358635195,10367.942271727039,10382.665537563986,65.93001973489608,0.015167598577798007,0.015167597403263901,geom2,29
mixture,0.005750000000000003,5180.971135863523,10367.942271727046,10382.665537563993,65.93002123532821,0.015167597271801149,0.015167597115910805,geom2,29
mixture,0.0047500000000000025,5180.971135863523,10367.942271727046,10382.665537563993,65.93002135394391,0.015167597158095054,0.01516759708919163,geom2,29
mixture,0.008750000000000006,5180.971135863523,10367.942271727046,10382.665537563993,65.93002107554088,0.015167597358219887,0.01516759715176069,geom2,29
mixture,0.003000000000000001,5180.971135863525,10367.94227172705,10382.665537563997,65.93002134278301,0.01516759717828662,0.015167597091827176,geom2,29
mixture,0.005500000000000003,5180.971135863525,10367.94227172705,10382.665537563997,65.93002160599785,0.015167597174122376,0.015167597030743819,geom2,29
mixture,0.003250000000000001,5180.971135863525,10367.94227172705,10382.665537563997,65.93002131281061,0.015167597269232084,0.015167597098426766,geom2,29
mixture,0.010000000000000007,5180.971135863525,10367.94227172705,10382.665537563997,65.93002101745265,0.015167597438339064,0.015167597164189259,geom2,29
mixture,0.0070000000000000045,5180.971135863526,10367.942271727052,10382.665537563998,65.93002146494466,0.015167597168886934,0.015167597063243029,geom2,29
mixture,0.009750000000000007,5180.971135863526,10367.942271727052,10382.665537563998,65.9300211297866,0.015167597323387625,0.015167597139292732,geom2,29
mixture,0.009000000000000006,5180.971135863527,10367.942271727054,10382.665537564,65.93002130723748,0.015167597223572724,0.01516759709914416,geom2,29
mixture,0.005250000000000003,5180.971135863527,10367.942271727054,10382.665537564,65.93002185931168,0.01516759705388771,0.015167596972830483,geom2,29
mixture,0.004250000000000002,5180.971135863527,10367.942271727054,10382.665537564,65.93002125158114,0.015167597164323324,0.015167597112849327,geom2,29
mixture,0.0022500000000000003,5180.971135863527,10367.942271727054,10382.665537564,65.93002138320766,0.015167597112587755,0.01516759708271942,geom2,29
mixture,0.008250000000000006,5180.971135863527,10367.942271727054,10382.665537564,65.93002164969622,0.015167597303900061,0.015167597019129977,geom2,29
mixture,0.009250000000000006,5180.971135863528,10367.942271727055,10382.665537564002,65.93002160841218,0.015167597390136442,0.01516759702762373,geom2,29
mixture,0.002,5180.971135863528,10367.942271727055,10382.665537564002,65.93002180241707,0.015167596932436505,0.015167596986453013,geom2,29
mixture,0.008000000000000005,5180.971135863528,10367.942271727055,10382.665537564002,65.93002126141026,0.015167597359299456,0.01516759710880287,geom2,29
mixture,0.006250000000000004,5180.971135863529,10367.942271727057,10382.665537564004,65.9300219749399,0.015167597160851542,0.01516759694530792,geom2,29
mixture,0.0027500000000000007,5180.971135863529,10367.942271727057,10382.665537564004,65.93002224490756,0.015167596883845395,0.015167596884549323,geom2,29
mixture,0.006500000000000004,5180.971135863529,10367.942271727057,10382.665537564004,65.93002129046678,0.015167597328076203,0.01516759710265699,geom2,29
mixture,0.007500000000000005,5180.971135863529,10367.942271727057,10382.665537564004,65.9300211723442,0.015167597287451708,0.015167597130117018,geom2,29
mixture,0.005000000000000003,5180.971135863529,10367.942271727057,10382.665537564004,65.9300211275431,0.015167597299362453,0.01516759714081103,geom2,29
mixture,0.006000000000000004,5180.971135863529,10367.942271727057,10382.665537564004,65.93002163022754,0.015167597276954844,0.015167597024443143,geom2,29
mixture,0.0037500000000000016,5180.971135863529,10367.942271727057,10382.665537564004,65.93002122871646,0.015167597219200791,0.015167597117948553,geom2,29
mixture,0.0025000000000000005,5180.971135863529,10367.942271727057,10382.665537564004,65.93002184739498,0.015167596760513775,0.0151675969765376,geom2,29
mixture,0.008500000000000006,5180.971135863529,10367.942271727057,10382.665537564004,65.93002168520606,0.015167597306471827,0.015167597010796842,geom2,29
mixture,0.006750000000000004,5180.971135863529,10367.942271727057,10382.665537564004,65.9300220427734,0.015167597068067208,0.01516759693011841,geom2,29
mixture,0.0035000000000000014,5180.9711358635295,10367.942271727059,10382.665537564006,65.93002218886453,0.01516759694735122,0.015167596897265125,geom2,29
mixture,0.004500000000000002,5180.9711358635295,10367.942271727059,10382.665537564006,65.93002192775467,0.015167597067359232,0.01516759695701376,geom2,29
mixture,0.004000000000000002,5180.9711358635295,10367.942271727059,10382.665537564006,65.93002123166265,0.015167597219555806,0.0151675971172412,geom2,29
mixture,0.007250000000000005,5180.9711358635295,10367.942271727059,10382.665537564006,65.93002188004193,0.015167597117273085,0.015167596967400335,geom2,29
mixture,0.009500000000000007,5180.97113586353,10367.94227172706,10382.665537564008,65.93002149593109,0.015167597371009641,0.015167597053840817,geom2,29
mixture,0.007750000000000005,5180.971135863532,10367.942271727065,10382.665537564011,65.93002177090203,0.015167597446152222,0.015167596990060494,geom2,29
null,,5180.97113586353,10363.94227172706,10368.850027006043,65.9300219639838,0.015167596949175584,,geom2,29
sum,,5175.696813032395,10353.39362606479,10358.301381343772,98.35468758518778,0.02033456715794805,,geom2,29
mixture,0.4,5189.933019237452,10385.866038474904,10400.58930431185,66.51901367125906,0.015033296649328768,0.015033295012183064,geom2,30
mixture,0.35000000000000003,5189.933019237455,10385.86603847491,10400.589304311856,66.51901478663424,0.01503329704345285,0.015033294538089437,geom2,30
mixture,0.45,5189.933019237455,10385.86603847491,10400.589304311856,66.51901428499713,0.015033295589804447,0.01503329547804457,geom2,30
mixture,0.5,5189.9330192374555,10385.866038474911,10400.589304311858,66.51901404607614,0.015033295582332653,0.015033295582332653,geom2,30
mixture,0.3,5189.933019237456,10385.866038474913,10400.58930431186,66.51901475175728,0.01503329740467646,0.015033294573494149,geom2,30
mixture,0.25,5189.933019237461,10385.866038474922,10400.589304311869,66.5190166954397,0.015033296218039298,0.015033294572089042,geom2,30
mixture,0.2,5189.9330192374655,10385.866038474931,10400.589304311878,66.51901758951337,0.01503329626254219,0.015033294411259456,geom2,30
mixture,0.15000000000000002,5189.933019237469,10385.866038474938,10400.589304311885,66.5190187945761,0.015033295936746054,0.01503329425724702,geom2,30
mixture,0.1,5189.933019237471,10385.866038474942,10400.589304311889,66.51901952022506,0.015033296138626724,0.015033294145902867,geom2,30
mixture,0.05,5189.933019237477,10385.866038474955,10400.589304311901,66.51902094142979,0.01503329500698741,0.015033293972245987,geom2,30
mixture,0.009750000000000007,5189.93301923748,10385.86603847496,10400.589304311907,66.51902158022415,0.015033294115014091,0.015033293877297842,geom2,30
mixture,0.006750000000000004,5189.933019237481,10385.866038474962,10400.589304311909,66.51902157332809,0.01503329400912649,0.015033293880304532,geom2,30
mixture,0.009500000000000007,5189.933019237481,10385.866038474962,10400.589304311909,66.51902174331173,0.015033294050318112,0.01503329384076706,geom2,30
mixture,0.009000000000000006,5189.933019237482,10385.866038474964,10400.58930431191,66.51902145881817,0.015033294104947312,0.015033293905256097,geom2,30
mixture,0.008000000000000005,5189.933019237482,10385.866038474964,10400.58930431191,66.51902175617472,0.015033293974914971,0.01503329383876153,geom2,30
mixture,0.007750000000000005,5189.933019237482,10385.866038474964,10400.58930431191,66.5190217114113,0.015033293984398413,0.015033293848917308,geom2,30
mixture,0.006500000000000004,5189.933019237484,10385.866038474967,10400.589304311914,66.5190221512575,0.015033294100569224,0.01503329374827215,geom2,30
mixture,0.007250000000000005,5189.933019237484,10385.866038474967,10400.589304311914,66.5190216135414,0.015033294047873711,0.015033293870802109,geom2,30
mixture,0.005000000000000003,5189.933019237484,10385.866038474967,10400.589304311914,66.51902232605714,0.015033293913500834,0.015033293710040072,geom2,30
mixture,0.009250000000000006,5189.933019237484,10385.866038474967,10400.589304311914,66.51902229644313,0.01503329392745581,0.015033293715792252,geom2,30
mixture,0.0027500000000000007,5189.933019237484,10385.866038474967,10400.589304311914,66.51902236359479,0.015033293840442889,0.015033293702193687,geom2,30
mixture,0.010000000000000007,5189.933019237484,10385.866038474967,10400.589304311914,66.5190221365587,0.015033294035941107,0.015033293751034946,geom2,30
mixture,0.003250000000000001,5189.933019237484,10385.866038474967,10400.589304311914,66.51902163041589,0.015033294056950131,0.015033293867657041,geom2,30
mixture,0.0047500000000000025,5189.933019237485,10385.86603847497,10400.589304311916,66.51902234119346,0.015033294081417662,0.015033293705852636,geom2,30
mixture,0.008250000000000006,5189.933019237485,10385.86603847497,10400.589304311916,66.51902232213853,0.015033293878983988,0.015033293710553432,geom2,30
mixture,0.007500000000000005,5189.933019237485,10385.86603847497,10400.589304311916,66.51902179008034,0.015033293960816256,0.01503329383121609,geom2,30
mixture,0.004250000000000002,5189.933019237485,10385.86603847497,10400.589304311916,66.51902171587064,0.015033293996037622,0.015033293848331727,geom2,30
mixture,0.0022500000000000003,5189.9330192374855,10385.866038474971,10400.589304311918,66.51902167435883,0.015033293968612948,0.015033293858092472,geom2,30
mixture,0.008750000000000006,5189.9330192374855,10385.866038474971,10400.589304311918,66.51902203487745,0.015033293758795776,0.015033293777023454,geom2,30
mixture,0.0070000000000000045,5189.933019237486,10385.866038474973,10400.58930431192,66.51902225059894,0.015033293823789536,0.015033293727436453,geom2,30
mixture,0.0025000000000000005,5189.933019237487,10385.866038474975,10400.589304311921,66.51902269136482,0.015033293615663725,0.015033293628530035,geom2,30
mixture,0.0037500000000000016,5189.933019237487,10385.866038474975,10400.589304311921,66.5190225889342,0.015033293723783753,0.015033293651375648,geom2,30
mixture,0.003000000000000001,5189.933019237487,10385.866038474975,10400.589304311921,66.51902178572233,0.01503329389846162,0.015033293832976545,geom2,30
mixture,0.004500000000000002,5189.933019237487,10385.866038474975,10400.589304311921,66.51902172998423,0.015033294032297155,0.015033293844926639,geom2,30
mixture,0.006250000000000004,5189.933019237487,10385.866038474975,10400.589304311921,66.51902228048606,0.01503329394272507,0.015033293719964183,geom2,30
mixture,0.008500000000000006,5189.933019237487,10385.866038474975,10400.589304311921,66.51902277479316,0.015033293688100382,0.01503329360897047,geom2,30
mixture,0.005500000000000003,5189.933019237488,10385.866038474976,10400.589304311923,66.51902290148664,0.015033293810743937,0.015033293579739836,geom2,30
mixture,0.006000000000000004,5189.933019237488,10385.866038474976,10400.589304311923,66.51902180631238,0.015033294004777471,0.015033293827455722,geom2,30
mixture,0.002,5189.933019237489,10385.866038474978,10400.589304311925,66.51902254191582,0.015033293732457896,0.01503329366213268,geom2,30
mixture,0.004000000000000002,5189.933019237489,10385.866038474978,10400.589304311925,66.51902255689136,0.015033293734119471,0.015033293658586733,geom2,30
mixture,0.005750000000000003,5189.933019237489,10385.866038474978,10400.589304311925,66.51902303264467,0.015033293767876947,0.015033293550116532,geom2,30
mixture,0.005250000000000003,5189.933019237489,10385.866038474978,10400.589304311925,66.51902234039129,0.015033293844758,0.015033293707095129,geom2,30
mixture,0.0035000000000000014,5189.93301923749,10385.86603847498,10400.589304311927,66.51902239763292,0.015033293790920919,0.015033293694543934,geom2,30
null,,5189.933019237484,10381.866038474967,10386.77379375395,66.51902184490952,0.0150332938197967,,geom2,30
sum,,5183.20410511599,10368.40821023198,10373.315965510963,99.14119548879441,0.02017324877049776,,geom2,30
mixture,0.5,5147.859131907119,10301.718263814239,10316.441529651185,63.79901219291592,0.015674223873187766,0.015674223873187766,geom2,31
mixture,0.45,5147.859131907123,10301.718263814246,10316.441529651192,63.7990128320444,0.015674224265124027,0.01567422326701829,geom2,31
mixture,0.35000000000000003,5147.859131907125,10301.71826381425,10316.441529651196,63.79901354648375,0.015674225034146838,0.0156742227364464,geom2,31
mixture,0.4,5147.859131907126,10301.718263814251,10316.441529651198,63.79901338771074,0.015674224521995753,0.01567422295141795,geom2,31
mixture,0.25,5147.85913190713,10301.71826381426,10316.441529651207,63.799014806139105,0.015674225521979564,0.015674222467563944,geom2,31
mixture,0.3,5147.859131907131,10301.718263814262,10316.441529651209,63.79901409103087,0.015674225064949178,0.015674222696245375,geom2,31
mixture,0.2,5147.859131907133,10301.718263814266,10316.441529651212,63.79901514873872,0.01567422538495089,0.015674222587509164,geom2,31
mixture,0.15000000000000002,5147.8591319071365,10301.718263814273,10316.44152965122,63.79901675024979,0.015674224889979733,0.015674222376516767,geom2,31
mixture,0.1,5147.859131907145,10301.71826381429,10316.441529651236,63.79901822936268,0.01567422466552436,0.015674222137326062,geom2,31
mixture,0.05,5147.859131907145,10301.71826381429,10316.441529651236,63.79901849264765,0.015674223350447308,0.015674222271515065,geom2,31
mixture,0.005750000000000003,5147.859131907149,10301.718263814299,10316.441529651245,63.79901981920767,0.015674222066550936,0.015674221999163282,geom2,31
mixture,0.006500000000000004,5147.85913190715,10301.7182638143,10316.441529651247,63.799019593206154,0.01567422222485509,0.015674222053964307,geom2,31
mixture,0.008750000000000006,5147.85913190715,10301.7182638143,10316.441529651247,63.7990198649769,0.01567422214707361,0.015674221986904643,geom2,31
mixture,0.009250000000000006,5147.859131907151,10301.718263814302,10316.441529651249,63.79901978647068,0.01567422207303143,0.015674222006982676,geom2,31
mixture,0.005500000000000003,5147.859131907151,10301.718263814302,10316.441529651249,63.79902037733895,0.015674222011592954,0.01567422186160344,geom2,31
mixture,0.002,5147.859131907151,10301.718263814302,10316.441529651249,63.799020046024935,0.015674222047435665,0.015674221943618383,geom2,31
mixture,0.006250000000000004,5147.859131907151,10301.718263814302,10316.441529651249,63.79902042032276,0.015674222053222754,0.015674221850601685,geom2,31
mixture,0.003250000000000001,5147.859131907151,10301.718263814302,10316.441529651249,63.79902020577322,0.015674221958420144,0.015674221904403308,geom2,31
mixture,0.004000000000000002,5147.859131907151,10301.718263814302,10316.441529651249,63.7990198681026,0.015674222104522392,0.01567422198706838,geom2,31
mixture,0.006000000000000004,5147.859131907152,10301.718263814304,10316.44152965125,63.799020086666886,0.015674222278700606,0.015674221931759404,geom2,31
mixture,0.008000000000000005,5147.859131907152,10301.718263814304,10316.44152965125,63.79902012960918,0.015674222174984806,0.015674221921261146,geom2,31
mixture,0.0037500000000000016,5147.859131907153,10301.718263814306,10316.441529651252,63.799020225975504,0.015674222026086378,0.015674221899139487,geom2,31
mixture,0.004500000000000002,5147.859131907153,10301.718263814306,10316.441529651252,63.79901980186904,0.015674222069368648,0.015674222003514194,geom2,31
mixture,0.008500000000000006,5147.859131907153,10301.718263814306,10316.441529651252,63.79902043632965,0.01567422203027857,0.015674221846372273,geom2,31
mixture,0.009000000000000006,5147.859131907153,10301.718263814306,10316.441529651252,63.79901960485848,0.01567422218134296,0.015674222051039608,geom2,31
mixture,0.006750000000000004,5147.859131907153,10301.718263814306,10316.441529651252,63.799020282243845,0.015674222105184207,0.0156742218843005,geom2,31
mixture,0.0025000000000000005,5147.859131907153,10301.718263814306,10316.441529651252,63.799020059091355,0.01567422191456177,0.015674221940681143,geom2,31
mixture,0.0022500000000000003,5147.859131907153,10301.718263814306,10316.441529651252,63.79901989708474,0.015674221966554467,0.015674221980449092,geom2,31
mixture,0.009750000000000007,5147.859131907154,10301.718263814308,10316.441529651254,63.79901956464416,0.01567422230092034,0.015674222059740738,geom2,31
mixture,0.009500000000000007,5147.859131907154,10301.718263814308,10316.441529651254,63.799020185683375,0.015674222423970763,0.01567422190458035,geom2,31
mixture,0.0035000000000000014,5147.859131907155,10301.71826381431,10316.441529651256,63.79902009437191,0.015674221926251643,0.01567422193196808,geom2,31
mixture,0.0027500000000000007,5147.859131907155,10301.71826381431,10316.441529651256,63.799020553609,0.015674221932767275,0.015674221818808752,geom2,31
mixture,0.005000000000000003,5147.859131907155,10301.71826381431,10316.441529651256,63.799020341278464,0.015674221830370573,0.01567422187149338,geom2,31
mixture,0.005250000000000003,5147.859131907155,10301.71826381431,10316.441529651256,63.7990200417148,0.01567422227426094,0.015674221943146587,geom2,31
mixture,0.007750000000000005,5147.859131907155,10301.71826381431,10316.441529651256,63.79902080757621,0.015674222017200524,0.015674221754692727,geom2,31
mixture,0.007500000000000005,5147.859131907155,10301.71826381431,10316.441529651256,63.79901974243524,0.015674222219302744,0.015674222016894244,geom2,31
mixture,0.007250000000000005,5147.859131907155,10301.71826381431,10316.441529651256,63.79902072364448,0.015674222276520506,0.01567422177370218,geom2,31
mixture,0.004250000000000002,5147.859131907155,10301.71826381431,10316.441529651256,63.79902056987176,0.015674221826779425,0.01567422181507695,geom2,31
mixture,0.008250000000000006,5147.859131907156,10301.718263814311,10316.441529651258,63.79902079256335,0.01567422215948934,0.015674221757095794,geom2,31
mixture,0.0070000000000000045,5147.859131907156,10301.718263814311,10316.441529651258,63.799020309255724,0.01567422213908707,0.015674221877322803,geom2,31
mixture,0.010000000000000007,5147.859131907156,10301.718263814311,10316.441529651258,63.79901992078615,0.015674222283007338,0.01567422197147956,geom2,31
mixture,0.003000000000000001,5147.859131907157,10301.718263814313,10316.44152965126,63.799020629249995,0.015674221795705358,0.01567422180055311,geom2,31
mixture,0.0047500000000000025,5147.859131907158,10301.718263814317,10316.441529651263,63.79902083194758,0.015674221903724517,0.015674221750009428,geom2,31
null,,5147.859131907156,10297.718263814311,10302.626019093294,63.79901995731507,0.015674221965620367,,geom2,31
sum,,5139.6613984121195,10281.322796824239,10286.230552103221,94.97535720916262,0.021058094002167675,,geom2,31
mixture,0.45,5133.778912859982,10273.557825719963,10288.28109155691,62.91401153108054,0.01589471111070508,0.015894710009574674,geom2,32
mixture,0.5,5133.778912859982,10273.557825719963,10288.28109155691,62.91401108041972,0.015894710618939108,0.015894710618939108,geom2,32
mixture,0.4,5133.7789128599825,10273.557825719965,10288.281091556912,62.91401180115845,0.015894710819676864,0.0158947101816327,geom2,32
mixture,0.3,5133.778912859983,10273.557825719967,10288.281091556913,62.9140121979477,0.015894712819824904,0.015894709272367854,geom2,32
mixture,0.35000000000000003,5133.778912859985,10273.55782571997,10288.281091556917,62.914012145860305,0.015894710657036525,0.015894710184309963,geom2,32
mixture,0.25,5133.778912859989,10273.557825719978,10288.281091556924,62.91401315249813,0.01589471271805766,0.015894709221241577,geom2,32
mixture,0.15000000000000002,5133.778912859995,10273.55782571999,10288.281091556937,62.914015077168536,0.015894712225315757,0.015894709147524666,geom2,32
mixture,0.2,5133.778912859996,10273.557825719992,10288.281091556939,62.914014893998115,0.015894711821103594,0.015894709114061392,geom2,32
mixture,0.1,5133.778912859998,10273.557825719996,10288.281091556943,62.91401660725804,0.015894711661059168,0.015894708951692035,geom2,32
mixture,0.05,5133.778912860004,10273.557825720009,10288.281091556955,62.91401809302008,0.01589471064243407,0.015894708752780477,geom2,32
mixture,0.003000000000000001,5133.778912860009,10273.557825720018,10288.281091556964,62.914019005199094,0.015894708823260932,0.01589470861618741,geom2,32
mixture,0.004250000000000002,5133.778912860011,10273.557825720021,10288.281091556968,62.914019173491916,0.015894708745770876,0.015894708573558937,geom2,32
mixture,0.008000000000000005,5133.778912860011,10273.557825720021,10288.281091556968,62.914019330063745,0.015894709163217186,0.015894708529665843,geom2,32
mixture,0.008500000000000006,5133.778912860011,10273.557825720021,10288.281091556968,62.9140189682515,0.01589470889696867,0.015894708623821387,geom2,32
mixture,0.0035000000000000014,5133.778912860012,10273.557825720023,10288.28109155697,62.914018915423675,0.015894708681576882,0.01589470863934183,geom2,32
mixture,0.005500000000000003,5133.7789128600125,10273.557825720025,10288.281091556972,62.91401951935799,0.015894708650930886,0.015894708486003523,geom2,32
mixture,0.008250000000000006,5133.7789128600125,10273.557825720025,10288.281091556972,62.91401892652084,0.015894708922321,0.015894708634309952,geom2,32
mixture,0.006250000000000004,5133.7789128600125,10273.557825720025,10288.281091556972,62.914019736862215,0.015894708670989986,0.01589470843045664,geom2,32
mixture,0.0047500000000000025,5133.7789128600125,10273.557825720025,10288.281091556972,62.91401931716782,0.01589470862251343,0.01589470853758891,geom2,32
mixture,0.009000000000000006,5133.7789128600125,10273.557825720025,10288.281091556972,62.914019652284416,0.015894708714395037,0.015894708450956915,geom2,32
mixture,0.0027500000000000007,5133.7789128600125,10273.557825720025,10288.281091556972,62.914019619945925,0.015894708425743278,0.015894708461596505,geom2,32
mixture,0.010000000000000007,5133.7789128600125,10273.557825720025,10288.281091556972,62.91401954924371,0.015894708953725592,0.015894708474568673,geom2,32
mixture,0.0037500000000000016,5133.7789128600125,10273.557825720025,10288.281091556972,62.91401918383749,0.01589470858283604,0.015894708571635108,geom2,32
mixture,0.0022500000000000003,5133.7789128600125,10273.557825720025,10288.281091556972,62.91401970355886,0.015894708449618065,0.015894708440352946,geom2,32
mixture,0.009750000000000007,5133.778912860013,10273.557825720027,10288.281091556973,62.91401941651739,0.01589470876449298,0.015894708510415193,geom2,32
mixture,0.008750000000000006,5133.778912860013,10273.557825720027,10288.281091556973,62.91401928840291,0.015894708835804384,0.01589470854269481,geom2,32
mixture,0.007500000000000005,5133.778912860013,10273.557825720027,10288.281091556973,62.91401982101198,0.0158947085766915,0.015894708409445887,geom2,32
mixture,0.004500000000000002,5133.778912860013,10273.557825720027,10288.281091556973,62.91401883658504,0.015894709022988663,0.015894708657764073,geom2,32
mixture,0.0025000000000000005,5133.778912860013,10273.557825720027,10288.281091556973,62.91401964715813,0.015894708341183294,0.015894708454907282,geom2,32
mixture,0.007750000000000005,5133.778912860014,10273.557825720029,10288.281091556975,62.914019750320094,0.0158947086150288,0.01589470842710353,geom2,32
mixture,0.006500000000000004,5133.778912860014,10273.557825720029,10288.281091556975,62.91401909557962,0.01589470871470787,0.01589470859318484,geom2,32
mixture,0.006750000000000004,5133.778912860014,10273.557825720029,10288.281091556975,62.91402017114058,0.01589470865767408,0.01589470831996358,geom2,32
mixture,0.004000000000000002,5133.778912860014,10273.557825720029,10288.281091556975,62.91401971774537,0.015894708606865808,0.01589470843610665,geom2,32
mixture,0.005250000000000003,5133.778912860015,10273.55782572003,10288.281091556977,62.91402004001751,0.01589470849183939,0.015894708354650042,geom2,32
mixture,0.0070000000000000045,5133.778912860015,10273.55782572003,10288.281091556977,62.91402017800775,0.01589470860669583,0.015894708318490755,geom2,32
mixture,0.009500000000000007,5133.778912860015,10273.55782572003,10288.281091556977,62.914019729910336,0.01589470870422272,0.01589470843112185,geom2,32
mixture,0.002,5133.778912860016,10273.557825720032,10288.281091556979,62.914019631631156,0.01589470864140372,0.015894708458179283,geom2,32
mixture,0.007250000000000005,5133.778912860016,10273.557825720032,10288.281091556979,62.9140201770551,0.015894708556408586,0.01589470831902786,geom2,32
mixture,0.006000000000000004,5133.778912860016,10273.557825720032,10288.281091556979,62.91402012522897,0.01589470854766927,0.015894708332551608,geom2,32
mixture,0.009250000000000006,5133.778912860016,10273.557825720032,10288.281091556979,62.914019735181434,0.01589470862955557,0.01589470843054375,geom2,32
mixture,0.003250000000000001,5133.778912860018,10273.557825720036,10288.281091556983,62.91401981538019,0.01589470855491007,0.015894708411657483,geom2,32
mixture,0.005750000000000003,5133.778912860018,10273.557825720036,10288.281091556983,62.91401994566287,0.015894708520301785,0.015894708378392228,geom2,32
mixture,0.005000000000000003,5133.77891286002,10273.55782572004,10288.281091556986,62.91401996304787,0.015894708535318988,0.015894708374009484,geom2,32
null,,5133.77891286002,10269.55782572004,10274.465580999022,62.91402001588576,0.015894708361466975,,geom2,32
sum,,5129.92640421169,10261.85280842338,10266.760563702363,93.98276689845943,0.02128049711667708,,geom2,32
mixture,0.5,5236.168107753796,10478.336215507592,10493.059481344539,69.64301519566114,0.014358941771698327,0.014358941771698327,geom2,33
mixture,0.4,5236.168107753796,10478.336215507592,10493.059481344539,69.64301445983968,0.014358943051845296,0.014358941171118925,geom2,33
mixture,0.45,5236.168107753796,10478.336215507592,10493.059481344539,69.64301478424598,0.014358942441315905,0.014358941378057167,geom2,33
mixture,0.35000000000000003,5236.168107753797,10478.336215507594,10493.05948134454,69.64301485746375,0.014358943793095475,0.014358940790529727,geom2,33
mixture,0.3,5236.168107753804,10478.336215507608,10493.059481344555,69.643016604258,0.014358942932695535,0.014358940859237642,geom2,33
mixture,0.25,5236.168107753807,10478.336215507614,10493.05948134456,69.64301711879912,0.014358944084781689,0.014358940471989358,geom2,33
mixture,0.15000000000000002,5236.1681077538115,10478.336215507623,10493.05948134457,69.64301913244569,0.014358943409783448,0.014358940527703302,geom2,33
mixture,0.2,5236.168107753812,10478.336215507625,10493.059481344571,69.64301814285231,0.014358943967096369,0.01435894046328709,geom2,33
mixture,0.1,5236.168107753823,10478.336215507647,10493.059481344593,69.64302213567706,0.01435894312049869,0.014358940031957411,geom2,33
mixture,0.05,5236.168107753828,10478.336215507656,10493.059481344602,69.64302312505063,0.014358941222585108,0.014358940079677904,geom2,33
mixture,0.003250000000000001,5236.168107753832,10478.336215507665,10493.059481344611,69.64302417397516,0.014358940029181982,0.0143589399202027,geom2,33
mixture,0.006750000000000004,5236.168107753832,10478.336215507665,10493.059481344611,69.64302410875212,0.014358940111628948,0.014358939932797401,geom2,33
mixture,0.006500000000000004,5236.168107753832,10478.336215507665,10493.059481344611,69.64302405002078,0.014358940196251353,0.014358939944477159,geom2,33
mixture,0.006000000000000004,5236.168107753832,10478.336215507665,10493.059481344611,69.6430239541078,0.01435894018116263,0.01435893996458951,geom2,33
mixture,0.008250000000000006,5236.168107753835,10478.33621550767,10493.059481344617,69.64302412396773,0.014358940064505558,0.014358939929755685,geom2,33
mixture,0.0037500000000000016,5236.168107753835,10478.33621550767,10493.059481344617,69.6430241188927,0.014358940002086165,0.014358939931649602,geom2,33
mixture,0.009250000000000006,5236.168107753836,10478.336215507672,10493.059481344619,69.6430247374417,0.014358939979166818,0.014358939802749972,geom2,33
mixture,0.003000000000000001,5236.168107753836,10478.336215507672,10493.059481344619,69.64302420965112,0.014358939940396484,0.014358939913119413,geom2,33
mixture,0.0022500000000000003,5236.168107753836,10478.336215507672,10493.059481344619,69.64302431606774,0.014358939957968598,0.014358939891109927,geom2,33
mixture,0.004500000000000002,5236.168107753837,10478.336215507674,10493.05948134462,69.64302398450252,0.0143589401307336,0.014358939958848712,geom2,33
mixture,0.004250000000000002,5236.168107753837,10478.336215507674,10493.05948134462,69.64302478982727,0.014358939935410243,0.014358939792975672,geom2,33
mixture,0.005500000000000003,5236.168107753837,10478.336215507674,10493.05948134462,69.64302404905762,0.014358940123971134,0.01435893994532975,geom2,33
mixture,0.006250000000000004,5236.168107753837,10478.336215507674,10493.05948134462,69.64302511470804,0.014358939916896645,0.014358939725400524,geom2,33
mixture,0.008500000000000006,5236.168107753838,10478.336215507676,10493.059481344622,69.6430246730837,0.01435894010794482,0.014358939815162456,geom2,33
mixture,0.008750000000000006,5236.168107753838,10478.336215507676,10493.059481344622,69.6430238814658,0.014358940265858105,0.014358939978350527,geom2,33
mixture,0.009000000000000006,5236.168107753838,10478.336215507676,10493.059481344622,69.6430248988436,0.014358940198539158,0.01435893976722227,geom2,33
mixture,0.009500000000000007,5236.168107753838,10478.336215507676,10493.059481344622,69.643024647283,0.01435894011293893,0.014358939820189556,geom2,33
mixture,0.008000000000000005,5236.168107753838,10478.336215507676,10493.059481344622,69.64302420129295,0.014358940125998301,0.014358939913222317,geom2,33
mixture,0.009750000000000007,5236.168107753838,10478.336215507676,10493.059481344622,69.64302531043452,0.014358940054673997,0.01435893968261508,geom2,33
mixture,0.005750000000000003,5236.168107753838,10478.336215507676,10493.059481344622,69.6430247919742,0.014358939890593106,0.014358939792574759,geom2,33
mixture,0.0047500000000000025,5236.168107753838,10478.336215507676,10493.059481344622,69.64302423643474,0.014358940050424655,0.014358939906997742,geom2,33
mixture,0.004000000000000002,5236.168107753838,10478.336215507676,10493.059481344622,69.64302484596124,0.014358939843054884,0.014358939781762194,geom2,33
mixture,0.010000000000000007,5236.168107753838,10478.336215507676,10493.059481344622,69.6430239517526,0.01435894024199883,0.01435893996359046,geom2,33
mixture,0.0070000000000000045,5236.168107753838,10478.336215507676,10493.059481344622,69.64302492163237,0.01435893998178743,0.01435893976488725,geom2,33
mixture,0.0035000000000000014,5236.168107753839,10478.336215507677,10493.059481344624,69.64302435400504,0.014358939950135837,0.014358939883204216,geom2,33
mixture,0.0027500000000000007,5236.168107753839,10478.336215507677,10493.059481344624,69.64302413299549,0.014358940068317222,0.014358939928621873,geom2,33
mixture,0.005000000000000003,5236.16810775384,10478.33621550768,10493.059481344626,69.64302413405011,0.014358940078488897,0.014358939928036333,geom2,33
mixture,0.0025000000000000005,5236.16810775384,10478.33621550768,10493.059481344626,69.64302527226062,0.014358939609958349,0.014358939694324235,geom2,33
mixture,0.007250000000000005,5236.16810775384,10478.33621550768,10493.059481344626,69.64302483053314,0.014358939994752396,0.014358939783657881,geom2,33
mixture,0.007750000000000005,5236.16810775384,10478.33621550768,10493.059481344626,69.64302491843608,0.01435893986459922,0.014358939766302762,geom2,33
mixture,0.005250000000000003,5236.168107753841,10478.336215507681,10493.059481344628,69.643024832252,0.014358939891088723,0.014358939784273142,geom2,33
mixture,0.002,5236.168107753842,10478.336215507685,10493.059481344631,69.64302496015209,0.01435893990562749,0.014358939758168671,geom2,33
mixture,0.007500000000000005,5236.168107753842,10478.336215507685,10493.059481344631,69.64302477810443,0.014358940045622375,0.014358939794111692,geom2,33
null,,5236.168107753833,10474.336215507667,10479.243970786649,69.6430242085842,0.014358939913421222,,geom2,33
sum,,5232.1908850489335,10466.381770097867,10471.28952537685,103.9444070362601,0.01924105449273781,,geom2,33
mixture,0.5,5206.860111081016,10419.720222162032,10434.443487998979,67.6460122311751,0.014782837406328934,0.014782837406328934,geom2,34
mixture,0.45,5206.860111081017,10419.720222162034,10434.44348799898,67.64601240908974,0.014782837939765233,0.014782836899190016,geom2,34
mixture,0.4,5206.8601110810205,10419.720222162041,10434.443487998988,67.6460135242975,0.014782839436575745,0.014782835581849828,geom2,34
mixture,0.35000000000000003,5206.860111081021,10419.720222162043,10434.44348799899,67.64601355481334,0.014782839095355724,0.014782836051841377,geom2,34
mixture,0.3,5206.860111081025,10419.72022216205,10434.443487998997,67.64601402361838,0.014782839573257106,0.014782835918064693,geom2,34
mixture,0.25,5206.860111081029,10419.720222162057,10434.443487999004,67.64601540528629,0.014782839732106166,0.014782835706209162,geom2,34
mixture,0.2,5206.860111081032,10419.720222162065,10434.443487999011,67.64601636002894,0.014782839405547862,0.014782835778664639,geom2,34
mixture,0.15000000000000002,5206.860111081036,10419.720222162072,10434.443487999019,67.64601790142403,0.014782838987216778,0.014782835669546097,geom2,34
mixture,0.1,5206.860111081045,10419.72022216209,10434.443487999037,67.64601955810795,0.014782837944830235,0.014782835567416405,geom2,34
mixture,0.05,5206.860111081045,10419.72022216209,10434.443487999037,67.64602061757739,0.014782836847394872,0.014782835506589258,geom2,34
mixture,0.002,5206.860111081053,10419.720222162106,10434.443487999053,67.64602261477631,0.014782835132590757,0.01478283513718641,geom2,34
mixture,0.009250000000000006,5206.860111081053,10419.720222162106,10434.443487999053,67.64602237398732,0.014782835456383692,0.014782835187308423,geom2,34
mixture,0.008750000000000006,5206.860111081054,10419.720222162108,10434.443487999055,67.64602223709556,0.014782835434723734,0.014782835217814672,geom2,34
mixture,0.008000000000000005,5206.860111081054,10419.720222162108,10434.443487999055,67.64602248783194,0.014782835441437964,0.014782835162688657,geom2,34
mixture,0.0070000000000000045,5206.860111081054,10419.720222162108,10434.443487999055,67.64602234677514,0.014782835381884662,0.014782835194431939,geom2,34
mixture,0.005250000000000003,5206.860111081056,10419.720222162112,10434.443487999059,67.64602239983611,0.0147828353405303,0.01478283518332324,geom2,34
mixture,0.008500000000000006,5206.860111081056,10419.720222162112,10434.443487999059,67.64602227316011,0.014782835501978682,0.014782835209343969,geom2,34
mixture,0.006000000000000004,5206.860111081057,10419.720222162114,10434.44348799906,67.64602254978178,0.014782835400996291,0.014782835149873885,geom2,34
mixture,0.004500000000000002,5206.860111081058,10419.720222162116,10434.443487999062,67.64602327436846,0.014782835061959937,0.014782834992723521,geom2,34
mixture,0.007250000000000005,5206.860111081058,10419.720222162116,10434.443487999062,67.64602305710653,0.014782835634984406,0.014782835036172429,geom2,34
mixture,0.0025000000000000005,5206.860111081058,10419.720222162116,10434.443487999062,67.6460233164783,0.014782835066796644,0.014782834983624801,geom2,34
mixture,0.010000000000000007,5206.860111081058,10419.720222162116,10434.443487999062,67.64602231623878,0.014782835467989232,0.01478283519973474,geom2,34
mixture,0.009750000000000007,5206.860111081059,10419.720222162117,10434.443487999064,67.6460224032187,0.014782835438923166,0.014782835180893586,geom2,34
mixture,0.006750000000000004,5206.860111081059,10419.720222162117,10434.443487999064,67.64602312649885,0.014782835213934361,0.014782835024067761,geom2,34
mixture,0.009000000000000006,5206.86011108106,10419.72022216212,10434.443487999066,67.64602306180822,0.014782835338192489,0.014782835036773573,geom2,34
mixture,0.008250000000000006,5206.86011108106,10419.72022216212,10434.443487999066,67.64602312595525,0.014782835510388335,0.014782835021434284,geom2,34
mixture,0.006500000000000004,5206.86011108106,10419.72022216212,10434.443487999066,67.64602322767146,0.014782835184220341,0.014782835002055817,geom2,34
mixture,0.007750000000000005,5206.86011108106,10419.72022216212,10434.443487999066,67.64602235077294,0.01478283539594198,0.014782835193299983,geom2,34
mixture,0.009500000000000007,5206.86011108106,10419.72022216212,10434.443487999066,67.64602295499249,0.01478283562942385,0.01478283505739475,geom2,34
mixture,0.004250000000000002,5206.86011108106,10419.72022216212,10434.443487999066,67.64602257203241,0.014782835249591854,0.014782835146078204,geom2,34
mixture,0.005500000000000003,5206.86011108106,10419.72022216212,10434.443487999066,67.6460233031185,0.014782835066451387,0.014782834986311508,geom2,34
mixture,0.005000000000000003,5206.86011108106,10419.72022216212,10434.443487999066,67.64602307687652,0.014782835127166943,0.014782835035736285,geom2,34
mixture,0.0037500000000000016,5206.8601110810605,10419.720222162121,10434.443487999068,67.64602391642919,0.014782835177334655,0.014782834851502266,geom2,34
mixture,0.006250000000000004,5206.8601110810605,10419.720222162121,10434.443487999068,67.6460230710042,0.01478283532799511,0.01478283503564957,geom2,34
mixture,0.0047500000000000025,5206.860111081061,10419.720222162123,10434.44348799907,67.64602307662895,0.014782835365479313,0.014782835034676227,geom2,34
mixture,0.004000000000000002,5206.860111081061,10419.720222162123,10434.44348799907,67.64602400571007,0.014782835062287463,0.014782834832293415,geom2,34
mixture,0.005750000000000003,5206.860111081061,10419.720222162123,10434.44348799907,67.64602314670815,0.014782835139278127,0.014782835020248557,geom2,34
mixture,0.0022500000000000003,5206.860111081062,10419.720222162125,10434.443487999071,67.64602347996055,0.01478283494736398,0.01478283494810827,geom2,34
mixture,0.003250000000000001,5206.860111081062,10419.720222162125,10434.443487999071,67.64602403760496,0.014782834978032098,0.01478283482574841,geom2,34
mixture,0.0027500000000000007,5206.860111081062,10419.720222162125,10434.443487999071,67.6460238266701,0.014782835086905111,0.014782834871747707,geom2,34
mixture,0.007500000000000005,5206.860111081063,10419.720222162126,10434.443487999073,67.6460230890821,0.014782835227533063,0.014782835032060076,geom2,34
mixture,0.003000000000000001,5206.860111081063,10419.720222162126,10434.443487999073,67.64602334378284,0.014782835022558284,0.014782834977731328,geom2,34
mixture,0.0035000000000000014,5206.860111081063,10419.720222162126,10434.443487999073,67.64602352444119,0.014782834945084537,0.014782834938362615,geom2,34
null,,5206.8601110810605,10415.720222162121,10420.627977441103,67.64602274315762,0.014782835109121767,,geom2,34
sum,,5205.84829438821,10413.69658877642,10418.604344055402,101.23947925616058,0.019755139148232008,,geom2,34
mixture,0.45,5239.373757183715,10484.74751436743,10499.470780204376,69.86501481177382,0.014313316232255359,0.014313314916155858,geom2,35
mixture,0.5,5239.3737571837155,10484.747514367431,10499.470780204378,69.86501538879193,0.014313315390186324,0.014313315390186324,geom2,35
mixture,0.35000000000000003,5239.373757183716,10484.747514367433,10499.47078020438,69.86501572964666,0.0143133169816854,0.014313314425792756,geom2,35
mixture,0.4,5239.373757183717,10484.747514367435,10499.470780204381,69.86501566387446,0.01431331653786817,0.014313314531137822,geom2,35
mixture,0.25,5239.373757183723,10484.747514367446,10499.470780204392,69.86501767472447,0.01431331749273207,0.014313314064909597,geom2,35
mixture,0.3,5239.373757183723,10484.747514367446,10499.470780204392,69.86501765189631,0.01431331603760276,0.014313314450372996,geom2,35
mixture,0.15000000000000002,5239.373757183726,10484.747514367453,10499.4707802044,69.865019501592,0.014313316915479712,0.01431331412973063,geom2,35
mixture,0.2,5239.373757183726,10484.747514367453,10499.4707802044,69.86501879873458,0.014313317289238885,0.014313314042175436,geom2,35
mixture,0.1,5239.373757183739,10484.747514367478,10499.470780204425,69.86502239585542,0.014313316238649993,0.014313313700863806,geom2,35
mixture,0.008250000000000006,5239.373757183748,10484.747514367496,10499.470780204443,69.86502429921914,0.014313313799306034,0.014313313562746835,geom2,35
mixture,0.05,5239.37375718375,10484.7475143675,10499.470780204447,69.86502413082016,0.01431331522408534,0.014313313513678155,geom2,35
mixture,0.005000000000000003,5239.37375718375,10484.7475143675,10499.470780204447,69.86502434632722,0.014313313749703791,0.014313313554069196,geom2,35
mixture,0.006500000000000004,5239.373757183751,10484.747514367502,10499.470780204449,69.86502410157136,0.014313313859461491,0.01431331360352716,geom2,35
mixture,0.0037500000000000016,5239.373757183751,10484.747514367502,10499.470780204449,69.86502433124583,0.014313313670649034,0.014313313557713602,geom2,35
mixture,0.003250000000000001,5239.373757183751,10484.747514367502,10499.470780204449,69.86502423646557,0.014313313680691135,0.014313313577218543,geom2,35
mixture,0.007500000000000005,5239.373757183752,10484.747514367504,10499.47078020445,69.86502507579435,0.01431331355454654,0.014313313404475218,geom2,35
mixture,0.006250000000000004,5239.373757183752,10484.747514367504,10499.47078020445,69.86502519470292,0.014313313807272307,0.014313313378560394,geom2,35
mixture,0.007250000000000005,5239.373757183752,10484.747514367504,10499.47078020445,69.86502442420989,0.014313313647423586,0.01431331353830033,geom2,35
mixture,0.0047500000000000025,5239.373757183752,10484.747514367504,10499.47078020445,69.86502505947324,0.014313313570114491,0.014313313408175262,geom2,35
mixture,0.0022500000000000003,5239.373757183752,10484.747514367504,10499.47078020445,69.86502463628334,0.014313313511580777,0.01431331349560785,geom2,35
mixture,0.006000000000000004,5239.373757183753,10484.747514367506,10499.470780204452,69.86502442011209,0.01431331371206433,0.01431331353889196,geom2,35
mixture,0.005750000000000003,5239.373757183753,10484.747514367506,10499.470780204452,69.86502509351124,0.014313313492845897,0.014313313401445526,geom2,35
mixture,0.006750000000000004,5239.373757183753,10484.747514367506,10499.470780204452,69.86502494866764,0.014313313601624592,0.014313313430490162,geom2,35
mixture,0.008750000000000006,5239.373757183753,10484.747514367506,10499.470780204452,69.86502501256668,0.014313313610670817,0.014313313416858407,geom2,35
mixture,0.009500000000000007,5239.373757183754,10484.747514367507,10499.470780204454,69.8650250528126,0.014313313654757383,0.014313313407964514,geom2,35
mixture,0.007750000000000005,5239.373757183754,10484.747514367507,10499.470780204454,69.86502442708128,0.014313313691614139,0.014313313537307333,geom2,35
mixture,0.0035000000000000014,5239.373757183754,10484.747514367507,10499.470780204454,69.86502421808595,0.014313313695667403,0.014313313580918662,geom2,35
mixture,0.0025000000000000005,5239.373757183754,10484.747514367507,10499.470780204454,69.86502528910138,0.014313313467405183,0.014313313361635917,geom2,35
mixture,0.003000000000000001,5239.373757183754,10484.747514367507,10499.470780204454,69.86502516143157,0.014313313419773968,0.014313313387960734,geom2,35
mixture,0.010000000000000007,5239.373757183754,10484.747514367507,10499.470780204454,69.86502418973085,0.014313313865026538,0.014313313584322375,geom2,35
mixture,0.004000000000000002,5239.3737571837555,10484.747514367511,10499.470780204458,69.86502511977496,0.014313313587320535,0.014313313395824418,geom2,35
mixture,0.0070000000000000045,5239.3737571837555,10484.747514367511,10499.470780204458,69.86502519170419,0.014313313569244203,0.014313313380533219,geom2,35
mixture,0.008500000000000006,5239.3737571837555,10484.747514367511,10499.470780204458,69.86502496420337,0.014313313658975795,0.01431331342648634,geom2,35
mixture,0.005500000000000003,5239.3737571837555,10484.747514367511,10499.470780204458,69.86502511988053,0.014313313526827468,0.014313313395848392,geom2,35
mixture,0.005250000000000003,5239.3737571837555,10484.747514367511,10499.470780204458,69.86502516176647,0.014313313516283744,0.014313313387310454,geom2,35
mixture,0.009750000000000007,5239.373757183756,10484.747514367513,10499.47078020446,69.86502495400326,0.014313313674790969,0.014313313428147432,geom2,35
mixture,0.004250000000000002,5239.373757183756,10484.747514367513,10499.47078020446,69.86502505773542,0.014313313517559868,0.014313313408838436,geom2,35
mixture,0.009250000000000006,5239.373757183756,10484.747514367513,10499.47078020446,69.86502516228259,0.01431331373511709,0.014313313384639913,geom2,35
mixture,0.009000000000000006,5239.373757183756,10484.747514367513,10499.47078020446,69.8650249847171,0.01431331370024213,0.014313313421753437,geom2,35
mixture,0.008000000000000005,5239.373757183756,10484.747514367513,10499.47078020446,69.86502507599954,0.014313313596832383,0.014313313404016186,geom2,35
mixture,0.0027500000000000007,5239.373757183757,10484.747514367515,10499.470780204461,69.86502536955967,0.014313313380897875,0.01431331334531893,geom2,35
mixture,0.002,5239.373757183757,10484.747514367515,10499.470780204461,69.86502549244119,0.014313313493215128,0.014313313319895283,geom2,35
mixture,0.004500000000000002,5239.373757183759,10484.747514367518,10499.470780204465,69.86502537316069,0.014313313466635719,0.014313313344127745,geom2,35
null,,5239.373757183755,10480.74751436751,10485.655269646491,69.86502517725904,0.014313313384813587,,geom2,35
sum,,5233.289266070603,10468.578532141206,10473.486287420188,104.05808134774718,0.019220035331194384,,geom2,35
mixture,0.5,5215.800621259551,10437.601242519102,10452.324508356049,68.2490135421549,0.01465222642935838,0.01465222642935838,geom2,36
mixture,0.45,5215.800621259552,10437.601242519104,10452.32450835605,68.24901436131981,0.014652226874840808,0.014652225745118869,geom2,36
mixture,0.4,5215.800621259556,10437.601242519111,10452.324508356058,68.24901437195712,0.01465222742322556,0.01465222546986643,geom2,36
mixture,0.3,5215.8006212595565,10437.601242519113,10452.32450835606,68.24901506914901,0.014652228273901597,0.014652225170515901,geom2,36
mixture,0.35000000000000003,5215.800621259557,10437.601242519115,10452.324508356061,68.24901573714237,0.014652227240979305,0.014652225267352001,geom2,36
mixture,0.25,5215.800621259561,10437.601242519122,10452.324508356069,68.2490161791525,0.01465222830492378,0.01465222504932872,geom2,36
mixture,0.15000000000000002,5215.800621259565,10437.60124251913,10452.324508356076,68.24901821671745,0.01465222776790236,0.014652225012472816,geom2,36
mixture,0.2,5215.800621259567,10437.601242519135,10452.324508356081,68.2490183510187,0.014652228335155443,0.014652224662404267,geom2,36
mixture,0.1,5215.8006212595765,10437.601242519153,10452.3245083561,68.24902036684152,0.014652226885643558,0.014652224750686286,geom2,36
mixture,0.05,5215.800621259583,10437.601242519166,10452.324508356112,68.24902205180292,0.014652226389466816,0.014652224508387558,geom2,36
mixture,0.004000000000000002,5215.800621259585,10437.60124251917,10452.324508356116,68.24902274267342,0.014652224724209217,0.01465222445303543,geom2,36
mixture,0.0035000000000000014,5215.8006212595865,10437.601242519173,10452.32450835612,68.24902323576853,0.014652224378634572,0.01465222434815199,geom2,36
mixture,0.008250000000000006,5215.8006212595865,10437.601242519173,10452.32450835612,68.24902294447607,0.014652224580620411,0.014652224409382873,geom2,36
mixture,0.008750000000000006,5215.8006212595865,10437.601242519173,10452.32450835612,68.24902299418113,0.01465222458399249,0.014652224398501472,geom2,36
mixture,0.0047500000000000025,5215.8006212595865,10437.601242519173,10452.32450835612,68.24902289389937,0.01465222460692179,0.014652224420769553,geom2,36
mixture,0.005000000000000003,5215.8006212595865,10437.601242519173,10452.32450835612,68.24902301901768,0.014652224507107006,0.014652224394228022,geom2,36
mixture,0.0070000000000000045,5215.8006212595865,10437.601242519173,10452.32450835612,68.24902284695908,0.014652224566096344,0.01465222443078409,geom2,36
mixture,0.009750000000000007,5215.800621259588,10437.601242519177,10452.324508356123,68.24902293709626,0.014652224593293071,0.014652224410598663,geom2,36
mixture,0.007500000000000005,5215.800621259588,10437.601242519177,10452.324508356123,68.24902363646014,0.014652224447143657,0.014652224260837838,geom2,36
mixture,0.009250000000000006,5215.800621259588,10437.601242519177,10452.324508356123,68.24902366614276,0.01465222445934034,0.014652224253962893,geom2,36
mixture,0.009500000000000007,5215.800621259588,10437.601242519177,10452.324508356123,68.24902299831327,0.014652224560424598,0.014652224397691435,geom2,36
mixture,0.010000000000000007,5215.800621259588,10437.601242519177,10452.324508356123,68.24902347335409,0.014652224598043504,0.01465222429421369,geom2,36
mixture,0.002,5215.800621259588,10437.601242519177,10452.324508356123,68.24902314645244,0.014652224385648557,0.01465222436739724,geom2,36
mixture,0.006500000000000004,5215.800621259589,10437.601242519178,10452.324508356125,68.24902356857349,0.014652224549124938,0.014652224275027926,geom2,36
mixture,0.008500000000000006,5215.800621259589,10437.601242519178,10452.324508356125,68.2490235873767,0.014652224488283372,0.014652224270925194,geom2,36
mixture,0.009000000000000006,5215.800621259589,10437.601242519178,10452.324508356125,68.24902309407966,0.01465222449706281,0.01465222437760239,geom2,36
mixture,0.0022500000000000003,5215.80062125959,10437.60124251918,10452.324508356127,68.24902384756945,0.014652224253015355,0.01465222421683115,geom2,36
mixture,0.007750000000000005,5215.80062125959,10437.60124251918,10452.324508356127,68.24902309903541,0.01465222457516769,0.014652224376070593,geom2,36
mixture,0.006750000000000004,5215.80062125959,10437.60124251918,10452.324508356127,68.24902361425438,0.014652224359141276,0.014652224266376267,geom2,36
mixture,0.003000000000000001,5215.80062125959,10437.60124251918,10452.324508356127,68.24902377404669,0.014652224320803065,0.014652224232431878,geom2,36
mixture,0.006250000000000004,5215.80062125959,10437.60124251918,10452.324508356127,68.24902295831264,0.014652224559454191,0.014652224406871398,geom2,36
mixture,0.0037500000000000016,5215.80062125959,10437.60124251918,10452.324508356127,68.24902382354473,0.014652224339423696,0.01465222422162864,geom2,36
mixture,0.005500000000000003,5215.80062125959,10437.60124251918,10452.324508356127,68.24902364579343,0.014652224417514285,0.014652224259361546,geom2,36
mixture,0.005750000000000003,5215.80062125959,10437.60124251918,10452.324508356127,68.2490238214297,0.014652224323285879,0.014652224221941713,geom2,36
mixture,0.005250000000000003,5215.80062125959,10437.60124251918,10452.324508356127,68.24902309865449,0.014652224538130969,0.014652224376848641,geom2,36
mixture,0.008000000000000005,5215.80062125959,10437.60124251918,10452.324508356127,68.24902363998932,0.014652224625780029,0.014652224258539535,geom2,36
mixture,0.0027500000000000007,5215.800621259591,10437.601242519182,10452.324508356129,68.24902386964314,0.014652224253150232,0.014652224212060616,geom2,36
mixture,0.0025000000000000005,5215.800621259592,10437.601242519184,10452.32450835613,68.24902390010321,0.014652224315278538,0.014652224205359414,geom2,36
mixture,0.004500000000000002,5215.800621259592,10437.601242519184,10452.32450835613,68.24902318388735,0.01465222433636154,0.01465222435950106,geom2,36
mixture,0.007250000000000005,5215.800621259592,10437.601242519184,10452.32450835613,68.24902369752014,0.01465222445687122,0.014652224247609147,geom2,36
mixture,0.004250000000000002,5215.800621259592,10437.601242519184,10452.32450835613,68.24902372202361,0.014652224319741766,0.014652224243541855,geom2,36
mixture,0.006000000000000004,5215.800621259592,10437.601242519184,10452.32450835613,68.24902304034173,0.01465222453337054,0.014652224389350285,geom2,36
mixture,0.003250000000000001,5215.800621259593,10437.601242519186,10452.324508356132,68.24902311600121,0.014652224432743425,0.014652224373779615,geom2,36
null,,5215.800621259586,10433.601242519171,10438.508997798153,68.24902307656825,0.014652224382437018,,geom2,36
sum,,5208.434391262732,10418.868782525464,10423.776537804446,101.56860680807239,0.019691123693163087,,geom2,36
mixture,0.5,5203.862089198998,10413.724178397995,10428.447444234942,67.44501372755688,0.014826892971502458,0.014826892971502458,geom2,37
mixture,0.4,5203.862089198999,10413.724178397997,10428.447444234944,67.44501333841546,0.014826894269789368,0.014826892248557277,geom2,37
mixture,0.45,5203.8620891989995,10413.724178397999,10428.447444234946,67.44501359124676,0.014826893637812455,0.014826892480823367,geom2,37
mixture,0.3,5203.862089199005,10413.72417839801,10428.447444234956,67.44501544111553,0.014826893494674788,0.0148268922091384,geom2,37
mixture,0.35000000000000003,5203.862089199006,10413.724178398012,10428.447444234958,67.44501458555666,0.014826894535263624,0.014826891839292948,geom2,37
mixture,0.25,5203.862089199009,10413.724178398017,10428.447444234964,67.44501629159831,0.014826894949894915,0.014826891560477801,geom2,37
mixture,0.2,5203.862089199012,10413.724178398024,10428.447444234971,67.4450176605108,0.014826894293587425,0.014826891560221597,geom2,37
mixture,0.15000000000000002,5203.862089199015,10413.72417839803,10428.447444234977,67.4450178739425,0.014826894419568774,0.01482689164357565,geom2,37
mixture,0.1,5203.86208919902,10413.72417839804,10428.447444234987,67.44501966909873,0.014826893621233227,0.014826891448011113,geom2,37
mixture,0.003250000000000001,5203.862089199032,10413.724178398064,10428.447444235011,67.4450224199044,0.014826891170993993,0.014826891060245298,geom2,37
mixture,0.0035000000000000014,5203.862089199034,10413.724178398068,10428.447444235015,67.445022684126,0.014826891058734434,0.014826891002322186,geom2,37
mixture,0.002,5203.862089199034,10413.724178398068,10428.447444235015,67.44502249328777,0.01482689110861395,0.014826891044344334,geom2,37
mixture,0.05,5203.862089199034,10413.724178398068,10428.447444235015,67.4450215667476,0.014826892346673467,0.014826891190343937,geom2,37
mixture,0.008000000000000005,5203.862089199034,10413.724178398068,10428.447444235015,67.44502218299128,0.014826891343487787,0.014826891110826138,geom2,37
mixture,0.007500000000000005,5203.862089199035,10413.72417839807,10428.447444235017,67.44502301199897,0.01482689109523735,0.014826890929195806,geom2,37
mixture,0.008500000000000006,5203.862089199035,10413.72417839807,10428.447444235017,67.44502295348497,0.014826891140762674,0.014826890941611864,geom2,37
mixture,0.009250000000000006,5203.862089199035,10413.72417839807,10428.447444235017,67.4450223259451,0.014826891316084532,0.014826891079068536,geom2,37
mixture,0.004000000000000002,5203.862089199035,10413.72417839807,10428.447444235017,67.44502306742103,0.014826890913302285,0.014826890918277214,geom2,37
mixture,0.006250000000000004,5203.862089199035,10413.72417839807,10428.447444235017,67.4450228836211,0.014826891298325734,0.01482689095652704,geom2,37
mixture,0.006000000000000004,5203.862089199036,10413.724178398072,10428.447444235018,67.44502215087145,0.014826891325381704,0.014826891118507301,geom2,37
mixture,0.007750000000000005,5203.862089199036,10413.724178398072,10428.447444235018,67.44502298877507,0.014826891139577573,0.014826890933952994,geom2,37
mixture,0.006500000000000004,5203.862089199036,10413.724178398072,10428.447444235018,67.44502229430088,0.014826891263827994,0.014826891087068559,geom2,37
mixture,0.0027500000000000007,5203.862089199037,10413.724178398073,10428.44744423502,67.44502260923008,0.014826891036059225,0.014826891018937412,geom2,37
mixture,0.0022500000000000003,5203.862089199037,10413.724178398073,10428.44744423502,67.44502317529071,0.014826890903002534,0.014826890894524526,geom2,37
mixture,0.004250000000000002,5203.862089199037,10413.724178398073,10428.44744423502,67.44502244278715,0.014826891141442405,0.01482689105520827,geom2,37
mixture,0.009000000000000006,5203.862089199038,10413.724178398075,10428.447444235022,67.44502249368324,0.014826891228516896,0.01482689104271371,geom2,37
mixture,0.006750000000000004,5203.862089199038,10413.724178398075,10428.447444235022,67.44502297758471,0.014826891184223584,0.014826890936333373,geom2,37
mixture,0.005000000000000003,5203.862089199038,10413.724178398075,10428.447444235022,67.44502312864493,0.014826891001501285,0.014826890904312108,geom2,37
mixture,0.009750000000000007,5203.862089199039,10413.724178398077,10428.447444235024,67.44502363021863,0.014826891224123957,0.014826890790304007,geom2,37
mixture,0.005250000000000003,5203.862089199039,10413.724178398077,10428.447444235024,67.44502291406945,0.014826891201391714,0.014826890950653242,geom2,37
mixture,0.009500000000000007,5203.862089199039,10413.724178398077,10428.447444235024,67.44502296798805,0.014826891153127896,0.014826890938073314,geom2,37
mixture,0.008750000000000006,5203.862089199039,10413.724178398077,10428.447444235024,67.44502371511206,0.014826891292463182,0.014826890771310981,geom2,37
mixture,0.007250000000000005,5203.8620891990395,10413.724178398079,10428.447444235026,67.44502299773907,0.014826891164965699,0.01482689093188614,geom2,37
mixture,0.003000000000000001,5203.8620891990395,10413.724178398079,10428.447444235026,67.44502337390702,0.014826890886466007,0.014826890850773372,geom2,37
mixture,0.008250000000000006,5203.8620891990395,10413.724178398079,10428.447444235026,67.44502368948423,0.0148268910848875,0.014826890778981274,geom2,37
mixture,0.010000000000000007,5203.86208919904,10413.72417839808,10428.447444235027,67.44502338965135,0.01482689125319098,0.01482689084332056,geom2,37
mixture,0.005500000000000003,5203.86208919904,10413.72417839808,10428.447444235027,67.44502307907916,0.014826891116706487,0.014826890914582749,geom2,37
mixture,0.0070000000000000045,5203.86208919904,10413.72417839808,10428.447444235027,67.44502303447145,0.014826891085630959,0.014826890924372029,geom2,37
mixture,0.0025000000000000005,5203.862089199041,10413.724178398083,10428.44744423503,67.44502332478623,0.01482689093442927,0.014826890861496671,geom2,37
mixture,0.0047500000000000025,5203.862089199041,10413.724178398083,10428.44744423503,67.44502312633519,0.014826891023335837,0.014826890904742504,geom2,37
mixture,0.005750000000000003,5203.862089199041,10413.724178398083,10428.44744423503,67.44502316357568,0.014826891036232569,0.014826890896314464,geom2,37
mixture,0.0037500000000000016,5203.862089199041,10413.724178398083,10428.44744423503,67.44502378974444,0.014826890952488408,0.014826890758737558,geom2,37
mixture,0.004500000000000002,5203.862089199042,10413.724178398084,10428.447444235031,67.44502327565937,0.014826890956409926,0.014826890872099492,geom2,37
null,,5203.862089199039,10409.724178398077,10414.63193367706,67.44502315830132,0.014826890898278492,,geom2,37
sum,,5198.564023542243,10399.128047084487,10404.035802363469,100.58609689245077,0.01988346363750898,,geom2,37
mixture,0.45,5177.557025437503,10361.114050875007,10375.837316711953,65.7070123004855,0.015219076352441387,0.015219075326069875,geom2,38
mixture,0.35000000000000003,5177.557025437503,10361.114050875007,10375.837316711953,65.70701240771822,0.015219077829242504,0.0152190746505616,geom2,38
mixture,0.5,5177.557025437504,10361.114050875009,10375.837316711955,65.7070122998683,0.015219075788079996,0.015219075788079996,geom2,38
mixture,0.4,5177.557025437505,10361.11405087501,10375.837316711957,65.7070123296295,0.015219076988299928,0.015219074976444646,geom2,38
mixture,0.3,5177.557025437506,10361.114050875012,10375.837316711959,65.70701356490275,0.01521907791691073,0.015219074457141896,geom2,38
mixture,0.25,5177.557025437509,10361.114050875018,10375.837316711964,65.707014009356,0.01521907823591935,0.015219074444197794,geom2,38
mixture,0.2,5177.557025437513,10361.114050875027,10375.837316711973,65.70701612953151,0.015219077546138176,0.015219074239781137,geom2,38
mixture,0.15000000000000002,5177.557025437518,10361.114050875036,10375.837316711983,65.70701710463375,0.015219077327662887,0.015219074207117251,geom2,38
mixture,0.1,5177.55702543752,10361.11405087504,10375.837316711986,65.70701788874318,0.015219076630699966,0.01521907425612605,geom2,38
mixture,0.05,5177.557025437529,10361.114050875058,10375.837316712004,65.70701932602215,0.015219075346781238,0.015219074098254182,geom2,38
mixture,0.005750000000000003,5177.557025437533,10361.114050875067,10375.837316712013,65.70702101384765,0.01521907397130108,0.015219073768580386,geom2,38
mixture,0.006750000000000004,5177.557025437533,10361.114050875067,10375.837316712013,65.7070210468965,0.01521907400145797,0.015219073760464543,geom2,38
mixture,0.005250000000000003,5177.557025437535,10361.11405087507,10375.837316712017,65.70702112648176,0.015219073918918656,0.015219073742732719,geom2,38
mixture,0.0027500000000000007,5177.557025437535,10361.11405087507,10375.837316712017,65.70702127854615,0.01521907374535827,0.015219073708334693,geom2,38
mixture,0.0047500000000000025,5177.557025437536,10361.114050875072,10375.837316712019,65.7070212658181,0.015219073761053718,0.01521907371114753,geom2,38
mixture,0.004000000000000002,5177.557025437536,10361.114050875072,10375.837316712019,65.70702118400288,0.015219073853800369,0.015219073729838795,geom2,38
mixture,0.009500000000000007,5177.557025437536,10361.114050875072,10375.837316712019,65.7070212800964,0.015219074322426428,0.015219073702185148,geom2,38
mixture,0.006000000000000004,5177.557025437537,10361.114050875074,10375.83731671202,65.70702113180545,0.015219073881089003,0.015219073741587614,geom2,38
mixture,0.005000000000000003,5177.557025437537,10361.114050875074,10375.83731671202,65.70702106127668,0.015219073947765657,0.015219073757810736,geom2,38
mixture,0.003000000000000001,5177.557025437537,10361.114050875074,10375.83731671202,65.70702176438174,0.015219073689436943,0.015219073595625741,geom2,38
mixture,0.008750000000000006,5177.557025437538,10361.114050875076,10375.837316712023,65.70702140128576,0.015219074190630857,0.01521907367550014,geom2,38
mixture,0.004250000000000002,5177.557025437538,10361.114050875076,10375.837316712023,65.70702107950804,0.015219073804318924,0.015219073754325284,geom2,38
mixture,0.005500000000000003,5177.557025437538,10361.114050875076,10375.837316712023,65.70702131767953,0.015219073796503942,0.015219073698835251,geom2,38
mixture,0.008500000000000006,5177.557025437538,10361.114050875076,10375.837316712023,65.70702092113285,0.015219074067232314,0.01521907378885444,geom2,38
mixture,0.0037500000000000016,5177.557025437538,10361.114050875076,10375.837316712023,65.70702128279996,0.015219073770068762,0.015219073707215543,geom2,38
mixture,0.010000000000000007,5177.557025437539,10361.114050875078,10375.837316712024,65.70702095804717,0.015219073996829941,0.015219073780507323,geom2,38
mixture,0.009750000000000007,5177.55702543754,10361.11405087508,10375.837316712026,65.70702162680759,0.01521907396712485,0.015219073624430859,geom2,38
mixture,0.0070000000000000045,5177.55702543754,10361.11405087508,10375.837316712026,65.70702152099551,0.015219073838607728,0.015219073650966851,geom2,38
mixture,0.006500000000000004,5177.55702543754,10361.11405087508,10375.837316712026,65.7070222732266,0.01521907364230848,0.015219073476973748,geom2,38
mixture,0.009000000000000006,5177.55702543754,10361.11405087508,10375.837316712026,65.70702107751829,0.015219073990853723,0.015219073752856648,geom2,38
mixture,0.008250000000000006,5177.55702543754,10361.11405087508,10375.837316712026,65.70702157366023,0.015219073860174678,0.015219073638251259,geom2,38
mixture,0.007750000000000005,5177.55702543754,10361.11405087508,10375.837316712026,65.70702170061688,0.01521907380196947,0.015219073609182303,geom2,38
mixture,0.004500000000000002,5177.557025437541,10361.114050875081,10375.837316712028,65.70702191915079,0.01521907367523467,0.015219073559538901,geom2,38
mixture,0.009250000000000006,5177.557025437541,10361.114050875081,10375.837316712028,65.70702213123285,0.015219073904223543,0.015219073507265181,geom2,38
mixture,0.0022500000000000003,5177.557025437542,10361.114050875083,10375.83731671203,65.70702127551998,0.015219073748099152,0.015219073709049572,geom2,38
mixture,0.008000000000000005,5177.557025437542,10361.114050875083,10375.83731671203,65.70702183122191,0.015219073869048553,0.015219073578098033,geom2,38
mixture,0.0025000000000000005,5177.557025437542,10361.114050875083,10375.83731671203,65.70702185894133,0.015219073628076878,0.015219073573869741,geom2,38
mixture,0.003250000000000001,5177.557025437542,10361.114050875083,10375.83731671203,65.70702177041035,0.015219073748971391,0.015219073594007192,geom2,38
mixture,0.0035000000000000014,5177.5570254375425,10361.114050875085,10375.837316712032,65.70702227110424,0.015219073581584367,0.015219073478178085,geom2,38
mixture,0.007500000000000005,5177.5570254375425,10361.114050875085,10375.837316712032,65.707021772196,0.015219073760457098,0.015219073592840105,geom2,38
mixture,0.006250000000000004,5177.5570254375425,10361.114050875085,10375.837316712032,65.70702152905345,0.01521907384526868,0.015219073649188458,geom2,38
mixture,0.002,5177.557025437543,10361.114050875087,10375.837316712033,65.70702197273955,0.01521907360987863,0.01521907354752258,geom2,38
mixture,0.007250000000000005,5177.557025437543,10361.114050875087,10375.837316712033,65.70702167488784,0.01521907389639662,0.015219073614592689,geom2,38
null,,5177.557025437541,10357.114050875081,10362.021806154064,65.70702200378133,0.015219073540457389,,geom2,38
sum,,5176.114227189425,10354.22845437885,10359.136209657832,98.35813157176013,0.02033385514791769,,geom2,38
mixture,0.5,5172.4986838651175,10350.997367730235,10365.720633567182,65.37801119581992,0.015295662589135733,0.015295662589135733,geom2,39
mixture,0.35000000000000003,5172.49868386512,10350.99736773024,10365.720633567187,65.37801250190691,0.015295663645430366,0.01529566155025631,geom2,39
mixture,0.4,5172.49868386512,10350.99736773024,10365.720633567187,65.37801234724805,0.015295662517501469,0.015295662187916906,geom2,39
mixture,0.45,5172.498683865121,10350.997367730242,10365.720633567189,65.37801166265521,0.01529566280439508,0.015295662214433523,geom2,39
mixture,0.25,5172.498683865126,10350.997367730251,10365.720633567198,65.37801372566861,0.015295664868428907,0.015295661040202878,geom2,39
mixture,0.3,5172.498683865126,10350.997367730251,10365.720633567198,65.37801370415563,0.015295663653562164,0.015295661294605354,geom2,39
mixture,0.2,5172.498683865129,10350.997367730259,10365.720633567205,65.37801470807361,0.015295664779616943,0.015295661014368966,geom2,39
mixture,0.15000000000000002,5172.498683865135,10350.99736773027,10365.720633567216,65.37801666022185,0.015295664191014446,0.015295660802408335,geom2,39
mixture,0.1,5172.498683865142,10350.997367730284,10365.72063356723,65.37801798479612,0.015295663921080354,0.015295660676330475,geom2,39
mixture,0.05,5172.498683865146,10350.997367730291,10365.720633567238,65.3780191297864,0.015295661995158812,0.015295660666493367,geom2,39
mixture,0.009250000000000006,5172.498683865151,10350.997367730302,10365.720633567249,65.37802088831835,0.015295660483538434,0.015295660319992568,geom2,39
mixture,0.008000000000000005,5172.498683865151,10350.997367730302,10365.720633567249,65.37802074527364,0.015295660585250923,0.01529566035311462,geom2,39
mixture,0.008750000000000006,5172.498683865151,10350.997367730302,10365.720633567249,65.37802073645086,0.015295660570991684,0.015295660355147225,geom2,39
mixture,0.010000000000000007,5172.498683865151,10350.997367730302,10365.720633567249,65.37802059762112,0.01529566069782186,0.015295660386401884,geom2,39
mixture,0.009000000000000006,5172.498683865153,10350.997367730306,10365.720633567253,65.37802066257623,0.015295660628540172,0.0152956603720106,geom2,39
mixture,0.0025000000000000005,5172.498683865153,10350.997367730306,10365.720633567253,65.3780211472727,0.015295660231229502,0.015295660260995539,geom2,39
mixture,0.008250000000000006,5172.498683865154,10350.997367730308,10365.720633567254,65.37802143281095,0.01529566042310106,0.01529566019221256,geom2,39
mixture,0.007500000000000005,5172.498683865155,10350.99736773031,10365.720633567256,65.37802153351575,0.015295660282379773,0.015295660169711768,geom2,39
mixture,0.007250000000000005,5172.498683865155,10350.99736773031,10365.720633567256,65.3780212118897,0.015295660632879847,0.015295660242976714,geom2,39
mixture,0.008500000000000006,5172.498683865155,10350.99736773031,10365.720633567256,65.37802143515283,0.015295660416112817,0.015295660191661654,geom2,39
mixture,0.005750000000000003,5172.498683865155,10350.99736773031,10365.720633567256,65.37802096828776,0.015295660413447173,0.01529566030215602,geom2,39
mixture,0.0070000000000000045,5172.498683865155,10350.99736773031,10365.720633567256,65.37802144445266,0.015295660408350252,0.015295660189864325,geom2,39
mixture,0.004250000000000002,5172.498683865155,10350.99736773031,10365.720633567256,65.37802132339569,0.015295660414284292,0.015295660218885437,geom2,39
mixture,0.0022500000000000003,5172.498683865156,10350.997367730311,10365.720633567258,65.37802092820355,0.015295660379009087,0.015295660312023219,geom2,39
mixture,0.006000000000000004,5172.498683865156,10350.997367730311,10365.720633567258,65.3780209388806,0.015295660505794102,0.015295660308492151,geom2,39
mixture,0.005250000000000003,5172.498683865156,10350.997367730311,10365.720633567258,65.37802086748049,0.015295660455022477,0.015295660325701602,geom2,39
mixture,0.002,5172.498683865156,10350.997367730311,10365.720633567258,65.37802105490547,0.01529566031109341,0.015295660282473863,geom2,39
mixture,0.0027500000000000007,5172.498683865157,10350.997367730313,10365.72063356726,65.37802184701007,0.015295660157674213,0.015295660097045787,geom2,39
mixture,0.004500000000000002,5172.498683865157,10350.997367730313,10365.72063356726,65.37802088596638,0.015295660428698656,0.015295660321573566,geom2,39
mixture,0.0037500000000000016,5172.498683865157,10350.997367730313,10365.72063356726,65.37802167285089,0.015295660257601302,0.01529566013750796,geom2,39
mixture,0.006500000000000004,5172.498683865157,10350.997367730313,10365.72063356726,65.37802089175698,0.01529566038507555,0.015295660320279705,geom2,39
mixture,0.006750000000000004,5172.498683865157,10350.997367730313,10365.72063356726,65.37802115408213,0.015295660516986657,0.015295660257576995,geom2,39
mixture,0.005000000000000003,5172.498683865157,10350.997367730313,10365.72063356726,65.37802108349148,0.015295660323088149,0.015295660275605793,geom2,39
mixture,0.0047500000000000025,5172.498683865157,10350.997367730313,10365.72063356726,65.37802201622068,0.015295660204972453,0.015295660056921227,geom2,39
mixture,0.005500000000000003,5172.498683865157,10350.997367730313,10365.72063356726,65.37802169613519,0.015295660261196848,0.015295660131799097,geom2,39
mixture,0.006250000000000004,5172.498683865157,10350.997367730313,10365.72063356726,65.37802195582333,0.01529566025674528,0.015295660070591409,geom2,39
mixture,0.004000000000000002,5172.498683865158,10350.997367730315,10365.720633567262,65.37802168877062,0.015295660259042908,0.015295660133732536,geom2,39
mixture,0.003000000000000001,5172.4986838651585,10350.997367730317,10365.720633567264,65.3780214718219,0.015295660338629655,0.01529566018452819,geom2,39
mixture,0.0035000000000000014,5172.4986838651585,10350.997367730317,10365.720633567264,65.37802163239346,0.015295660232662977,0.015295660147124236,geom2,39
mixture,0.009750000000000007,5172.4986838651585,10350.997367730317,10365.720633567264,65.37802185268993,0.015295660430866104,0.015295660092585435,geom2,39
mixture,0.007750000000000005,5172.498683865159,10350.997367730319,10365.720633567265,65.37802118599404,0.015295660622546994,0.015295660248966739,geom2,39
mixture,0.009500000000000007,5172.498683865159,10350.997367730319,10365.720633567265,65.37802119897455,0.015295660526004501,0.015295660246166643,geom2,39
mixture,0.003250000000000001,5172.49868386516,10350.99736773032,10365.720633567267,65.37802155732372,0.015295660298571835,0.01529566016455116,geom2,39
null,,5172.498683865158,10346.997367730315,10351.905123009297,65.3780216812728,0.015295660135987946,,geom2,39
sum,,5170.760645214084,10343.521290428169,10348.429045707151,97.79693924893053,0.020450537771015888,,geom2,39
mixture,0.5,5189.251151826197,10384.502303652394,10399.225569489341,66.4740131058441,0.015043472678680274,0.015043472678680274,geom2,40
mixture,0.4,5189.251151826201,10384.502303652402,10399.225569489348,66.47401402204738,0.015043473644707957,0.015043471689091311,geom2,40
mixture,0.45,5189.251151826202,10384.502303652403,10399.22556948935,66.47401362819286,0.015043472940337171,0.01504347224966883,geom2,40
mixture,0.3,5189.251151826207,10384.502303652414,10399.225569489361,66.47401446748945,0.01504347455811045,0.0150434714329981,geom2,40
mixture,0.35000000000000003,5189.251151826208,10384.502303652416,10399.225569489363,66.47401502242303,0.015043473713741377,0.015043471454057588,geom2,40
mixture,0.25,5189.251151826209,10384.502303652418,10399.225569489365,66.47401588913537,0.015043474510819822,0.01504347122813302,geom2,40
mixture,0.2,5189.251151826212,10384.502303652424,10399.22556948937,66.47401677902445,0.015043474428788945,0.015043471202074537,geom2,40
mixture,0.15000000000000002,5189.251151826217,10384.502303652434,10399.225569489381,66.47401816431122,0.015043473807772358,0.015043471132650293,geom2,40
mixture,0.1,5189.251151826222,10384.502303652444,10399.22556948939,66.47401876864915,0.015043473197666222,0.01504347119709625,geom2,40
mixture,0.006500000000000004,5189.25115182623,10384.50230365246,10399.225569489407,66.47402159263103,0.015043470911770078,0.015043470757063526,geom2,40
mixture,0.006750000000000004,5189.251151826231,10384.502303652462,10399.225569489408,66.47402147681252,0.015043470945002323,0.015043470783187289,geom2,40
mixture,0.003000000000000001,5189.251151826231,10384.502303652462,10399.225569489408,66.47402173424595,0.015043470801735254,0.015043470725792984,geom2,40
mixture,0.05,5189.251151826231,10384.502303652462,10399.225569489408,66.47402070881894,0.015043472536261468,0.015043470875018995,geom2,40
mixture,0.0070000000000000045,5189.251151826232,10384.502303652464,10399.22556948941,66.47402157509578,0.015043471008487947,0.015043470760300137,geom2,40
mixture,0.009250000000000006,5189.251151826232,10384.502303652464,10399.22556948941,66.47402161298034,0.01504347090028687,0.015043470752093155,geom2,40
mixture,0.0035000000000000014,5189.251151826233,10384.502303652465,10399.225569489412,66.47402168507512,0.01504347081466344,0.015043470736876209,geom2,40
mixture,0.005750000000000003,5189.251151826233,10384.502303652465,10399.225569489412,66.47402215288238,0.015043471018691041,0.015043470629040377,geom2,40
mixture,0.008000000000000005,5189.251151826233,10384.502303652465,10399.225569489412,66.47402171593123,0.015043470934309671,0.015043470728519219,geom2,40
mixture,0.008250000000000006,5189.251151826233,10384.502303652465,10399.225569489412,66.47402171266258,0.015043470863946817,0.015043470729798534,geom2,40
mixture,0.004500000000000002,5189.251151826233,10384.502303652465,10399.225569489412,66.47402205335266,0.015043470869456685,0.015043470652830224,geom2,40
mixture,0.005000000000000003,5189.251151826233,10384.502303652465,10399.225569489412,66.47402153271362,0.015043470904399017,0.015043470770961602,geom2,40
mixture,0.0037500000000000016,5189.2511518262345,10384.502303652469,10399.225569489416,66.47402166594145,0.01504347077587732,0.015043470741349046,geom2,40
mixture,0.007250000000000005,5189.2511518262345,10384.502303652469,10399.225569489416,66.47402174255294,0.015043470806321034,0.015043470723540734,geom2,40
mixture,0.009000000000000006,5189.2511518262345,10384.502303652469,10399.225569489416,66.47402189152356,0.015043470929964092,0.015043470688252536,geom2,40
mixture,0.002,5189.2511518262345,10384.502303652469,10399.225569489416,66.47402185142936,0.015043470724863365,0.015043470699450674,geom2,40
mixture,0.0025000000000000005,5189.2511518262345,10384.502303652469,10399.225569489416,66.47402197760418,0.015043470583817995,0.01504347067116575,geom2,40
mixture,0.0047500000000000025,5189.251151826235,10384.50230365247,10399.225569489417,66.47402210073187,0.015043470759058125,0.01504347064252933,geom2,40
mixture,0.010000000000000007,5189.251151826235,10384.50230365247,10399.225569489417,66.47402126411278,0.015043471141318326,0.015043470829294536,geom2,40
mixture,0.003250000000000001,5189.251151826236,10384.502303652473,10399.22556948942,66.47402159315499,0.01504347086981371,0.015043470757585801,geom2,40
mixture,0.008750000000000006,5189.251151826236,10384.502303652473,10399.22556948942,66.47402159247916,0.01504347090248919,0.015043470756828959,geom2,40
mixture,0.004000000000000002,5189.251151826236,10384.502303652473,10399.22556948942,66.47402244438385,0.015043470656400949,0.015043470564946518,geom2,40
mixture,0.008500000000000006,5189.251151826236,10384.502303652473,10399.22556948942,66.47402235494116,0.015043470811480757,0.015043470583616912,geom2,40
mixture,0.0027500000000000007,5189.251151826236,10384.502303652473,10399.22556948942,66.47402245860744,0.015043470596227118,0.015043470561999325,geom2,40
mixture,0.006250000000000004,5189.251151826237,10384.502303652474,10399.225569489421,66.47402171530896,0.015043470924675189,0.01504347072908392,geom2,40
mixture,0.006000000000000004,5189.251151826237,10384.502303652474,10399.225569489421,66.47402240517175,0.015043470681037034,0.015043470573541294,geom2,40
mixture,0.009500000000000007,5189.251151826237,10384.502303652474,10399.225569489421,66.4740222900064,0.01504347083349255,0.015043470598011812,geom2,40
mixture,0.007500000000000005,5189.251151826238,10384.502303652476,10399.225569489423,66.4740228192725,0.01504347074165381,0.015043470478499122,geom2,40
mixture,0.007750000000000005,5189.251151826238,10384.502303652476,10399.225569489423,66.47402236082193,0.015043470719922953,0.015043470583163009,geom2,40
mixture,0.005250000000000003,5189.251151826239,10384.502303652478,10399.225569489425,66.47402288968385,0.01504347067041984,0.015043470463451688,geom2,40
mixture,0.0022500000000000003,5189.25115182624,10384.50230365248,10399.225569489427,66.47402295158143,0.01504347087319708,0.015043470449577333,geom2,40
mixture,0.004250000000000002,5189.25115182624,10384.50230365248,10399.225569489427,66.47402236398499,0.015043470679185421,0.015043470583098715,geom2,40
mixture,0.005500000000000003,5189.251151826241,10384.502303652482,10399.225569489428,66.47402238216614,0.015043470758485649,0.01504347057840212,geom2,40
mixture,0.009750000000000007,5189.251151826242,10384.502303652484,10399.22556948943,66.47402295454557,0.0150434709222889,0.015043470445208136,geom2,40
null,,5189.251151826239,10380.502303652478,10385.41005893146,66.47402245439935,0.01504347056304577,,geom2,40
sum,,5182.742088374229,10367.484176748458,10372.39193202744,99.05508972209134,0.020190784800772923,,geom2,40
mixture,0.45,5195.7478460001485,10397.495692000297,10412.218957837244,66.9040124386378,0.014946787243575607,0.014946786165726027,geom2,41
mixture,0.4,5195.747846000152,10397.495692000304,10412.21895783725,66.90401285077013,0.014946787825904974,0.014946785713872314,geom2,41
mixture,0.5,5195.747846000154,10397.495692000308,10412.218957837254,66.9040124545056,0.014946786647213349,0.014946786647213349,geom2,41
mixture,0.35000000000000003,5195.747846000155,10397.49569200031,10412.218957837256,66.90401407689814,0.014946788089220755,0.01494678531312813,geom2,41
mixture,0.3,5195.747846000158,10397.495692000315,10412.218957837262,66.90401425887687,0.0149467885461609,0.014946785257510137,geom2,41
mixture,0.25,5195.747846000159,10397.495692000319,10412.218957837265,66.904015215103,0.014946788834914494,0.014946785095666286,geom2,41
mixture,0.2,5195.747846000162,10397.495692000324,10412.21895783727,66.9040160323485,0.014946788575053802,0.014946785166112059,geom2,41
mixture,0.15000000000000002,5195.74784600017,10397.49569200034,10412.218957837287,66.90401777250719,0.014946789942321894,0.014946784667987817,geom2,41
mixture,0.1,5195.747846000177,10397.495692000353,10412.2189578373,66.90401944449543,0.014946788811908914,0.01494678467157116,geom2,41
mixture,0.05,5195.747846000183,10397.495692000366,10412.218957837313,66.90402151102569,0.014946786762592137,0.014946784511367581,geom2,41
mixture,0.005500000000000003,5195.747846000184,10397.495692000368,10412.218957837315,66.90402183442222,0.014946784631888489,0.01494678455123636,geom2,41
mixture,0.0070000000000000045,5195.747846000184,10397.495692000368,10412.218957837315,66.90402191469326,0.014946784726686842,0.014946784532386787,geom2,41
mixture,0.0027500000000000007,5195.747846000185,10397.49569200037,10412.218957837316,66.90402194309087,0.014946784603992022,0.014946784527191477,geom2,41
mixture,0.0025000000000000005,5195.747846000186,10397.495692000371,10412.218957837318,66.90402199483738,0.014946784554988555,0.01494678451574407,geom2,41
mixture,0.007250000000000005,5195.747846000186,10397.495692000371,10412.218957837318,66.90402203028252,0.01494678461787838,0.014946784507120513,geom2,41
mixture,0.009000000000000006,5195.747846000187,10397.495692000373,10412.21895783732,66.90402247719335,0.014946784673115417,0.01494678440567381,geom2,41
mixture,0.007750000000000005,5195.747846000188,10397.495692000375,10412.218957837322,66.90402248125842,0.014946784940274412,0.014946784403008813,geom2,41
mixture,0.004250000000000002,5195.747846000188,10397.495692000375,10412.218957837322,66.90402208204685,0.01494678463784402,0.014946784495755153,geom2,41
mixture,0.009500000000000007,5195.747846000188,10397.495692000375,10412.218957837322,66.90402170720498,0.01494678488282246,0.014946784577197655,geom2,41
mixture,0.0035000000000000014,5195.747846000188,10397.495692000375,10412.218957837322,66.90402210312787,0.01494678458823258,0.014946784491310167,geom2,41
mixture,0.004000000000000002,5195.747846000188,10397.495692000375,10412.218957837322,66.90402247529137,0.014946784549199234,0.014946784407940667,geom2,41
mixture,0.010000000000000007,5195.7478460001885,10397.495692000377,10412.218957837324,66.90402232059579,0.014946784843589484,0.014946784439019983,geom2,41
mixture,0.002,5195.7478460001885,10397.495692000377,10412.218957837324,66.90402210442716,0.014946784560567408,0.014946784491220434,geom2,41
mixture,0.009250000000000006,5195.7478460001885,10397.495692000377,10412.218957837324,66.90402256413624,0.014946784652635107,0.014946784386192596,geom2,41
mixture,0.006250000000000004,5195.7478460001885,10397.495692000377,10412.218957837324,66.90402267846143,0.014946784456222014,0.014946784362530646,geom2,41
mixture,0.008500000000000006,5195.747846000189,10397.495692000379,10412.218957837325,66.90402193850282,0.014946784740196091,0.014946784526612219,geom2,41
mixture,0.0047500000000000025,5195.747846000189,10397.495692000379,10412.218957837325,66.9040228057598,0.014946784452481054,0.01494678433411471,geom2,41
mixture,0.006750000000000004,5195.747846000189,10397.495692000379,10412.218957837325,66.90402319284468,0.01494678468614677,0.014946784245223497,geom2,41
mixture,0.003250000000000001,5195.747846000189,10397.495692000379,10412.218957837325,66.90402278953594,0.01494678446404441,0.014946784337891464,geom2,41
mixture,0.008250000000000006,5195.747846000189,10397.495692000379,10412.218957837325,66.90402173150507,0.014946784822856721,0.01494678457260774,geom2,41
mixture,0.0022500000000000003,5195.747846000189,10397.495692000379,10412.218957837325,66.90402281871847,0.014946784403365984,0.014946784331620474,geom2,41
mixture,0.005250000000000003,5195.74784600019,10397.49569200038,10412.218957837327,66.90402272003358,0.014946784558664312,0.01494678435274767,geom2,41
mixture,0.007500000000000005,5195.74784600019,10397.49569200038,10412.218957837327,66.90402237341652,0.01494678475737032,0.01494678442880092,geom2,41
mixture,0.006500000000000004,5195.74784600019,10397.49569200038,10412.218957837327,66.90402184532724,0.014946784689502926,0.014946784548326049,geom2,41
mixture,0.004500000000000002,5195.74784600019,10397.49569200038,10412.218957837327,66.90402208508216,0.014946784574366628,0.014946784495325235,geom2,41
mixture,0.009750000000000007,5195.74784600019,10397.49569200038,10412.218957837327,66.90402226472268,0.01494678478363286,0.01494678445231776,geom2,41
mixture,0.008000000000000005,5195.747846000191,10397.495692000382,10412.218957837329,66.90402252833968,0.014946784681937995,0.014946784394353695,geom2,41
mixture,0.008750000000000006,5195.747846000192,10397.495692000384,10412.21895783733,66.90402248081735,0.014946784621452996,0.014946784405380527,geom2,41
mixture,0.005000000000000003,5195.747846000192,10397.495692000384,10412.21895783733,66.90402273975613,0.014946784422717201,0.014946784349054278,geom2,41
mixture,0.005750000000000003,5195.747846000193,10397.495692000386,10412.218957837333,66.90402276141256,0.014946784562919292,0.014946784343321718,geom2,41
mixture,0.0037500000000000016,5195.747846000193,10397.495692000386,10412.218957837333,66.90402349042637,0.014946784203228519,0.014946784181637118,geom2,41
mixture,0.003000000000000001,5195.747846000193,10397.495692000386,10412.218957837333,66.90402275459724,0.014946784395711944,0.01494678434595773,geom2,41
mixture,0.006000000000000004,5195.747846000195,10397.49569200039,10412.218957837336,66.90402333647995,0.014946784486074739,0.014946784214481132,geom2,41
null,,5195.747846000185,10393.49569200037,10398.403447279352,66.90402203100228,0.014946784507762712,,geom2,41
sum,,5191.723861976989,10385.447723953977,10390.35547923296,99.87365665013219,0.020025300635644172,,geom2,41
mixture,0.5,5164.373491511395,10334.74698302279,10349.470248859736,64.85301217168937,0.015419484253910034,0.015419484253910034,geom2,42
mixture,0.4,5164.373491511396,10334.746983022793,10349.47024885974,64.85301296106296,0.01541948514081104,0.01541948334983969,geom2,42
mixture,0.45,5164.373491511397,10334.746983022795,10349.470248859741,64.85301284139533,0.015419484611627121,0.015419483671724046,geom2,42
mixture,0.35000000000000003,5164.3734915114,10334.7469830228,10349.470248859747,64.85301431878555,0.015419485350596486,0.015419482878010335,geom2,42
mixture,0.25,5164.373491511402,10334.746983022804,10349.47024885975,64.85301503519165,0.015419485886103215,0.015419482802075547,geom2,42
mixture,0.3,5164.373491511405,10334.74698302281,10349.470248859756,64.8530145822134,0.01541948529283369,0.015419482989903763,geom2,42
mixture,0.2,5164.3734915114055,10334.746983022811,10349.470248859758,64.85301564148638,0.015419485826250865,0.015419482829599181,geom2,42
mixture,0.15000000000000002,5164.373491511407,10334.746983022815,10349.470248859761,64.8530166025432,0.015419485360782253,0.0154194828191892,geom2,42
mixture,0.1,5164.373491511413,10334.746983022826,10349.470248859772,64.85301791312223,0.01541948463679303,0.015419482694605507,geom2,42
mixture,0.05,5164.373491511421,10334.746983022842,10349.470248859789,64.85301976375793,0.015419484173749816,0.015419482358030303,geom2,42
mixture,0.0027500000000000007,5164.3734915114255,10334.746983022851,10349.470248859798,64.85302054994096,0.015419482335716508,0.015419482261689474,geom2,42
mixture,0.003000000000000001,5164.3734915114255,10334.746983022851,10349.470248859798,64.85302089208004,0.015419482308640972,0.015419482180160475,geom2,42
mixture,0.005750000000000003,5164.3734915114255,10334.746983022851,10349.470248859798,64.85302046949018,0.01541948251951942,0.015419482279641766,geom2,42
mixture,0.0047500000000000025,5164.3734915114255,10334.746983022851,10349.470248859798,64.85302053726599,0.015419482398498665,0.015419482264269061,geom2,42
mixture,0.0037500000000000016,5164.3734915114255,10334.746983022851,10349.470248859798,64.85302108566866,0.01541948236174335,0.015419482133662898,geom2,42
mixture,0.0070000000000000045,5164.373491511426,10334.746983022853,10349.4702488598,64.85302059937472,0.015419482344112397,0.015419482249477213,geom2,42
mixture,0.008000000000000005,5164.373491511426,10334.746983022853,10349.4702488598,64.85302045206792,0.015419482445305548,0.015419482283871914,geom2,42
mixture,0.006500000000000004,5164.373491511427,10334.746983022855,10349.470248859801,64.85302047605884,0.01541948246964753,0.01541948227821498,geom2,42
mixture,0.006000000000000004,5164.373491511427,10334.746983022855,10349.470248859801,64.85302115866416,0.015419482245342057,0.015419482116389042,geom2,42
mixture,0.008250000000000006,5164.373491511427,10334.746983022855,10349.470248859801,64.85302082101708,0.015419482660464499,0.015419482193590161,geom2,42
mixture,0.003250000000000001,5164.373491511427,10334.746983022855,10349.470248859801,64.85302096823884,0.015419482331516793,0.015419482161887071,geom2,42
mixture,0.0025000000000000005,5164.373491511427,10334.746983022855,10349.470248859801,64.8530212740179,0.015419482098976792,0.015419482089713046,geom2,42
mixture,0.009250000000000006,5164.373491511427,10334.746983022855,10349.470248859801,64.8530210674378,0.015419482274479888,0.015419482137586512,geom2,42
mixture,0.0035000000000000014,5164.373491511427,10334.746983022855,10349.470248859801,64.85302065940263,0.015419482266772743,0.015419482235758848,geom2,42
mixture,0.008500000000000006,5164.373491511429,10334.746983022858,10349.470248859805,64.85302055123479,0.015419482480569163,0.015419482259708111,geom2,42
mixture,0.004250000000000002,5164.373491511429,10334.746983022858,10349.470248859805,64.85302159038581,0.015419482328379462,0.015419482013176822,geom2,42
mixture,0.005500000000000003,5164.373491511429,10334.746983022858,10349.470248859805,64.85302130961998,0.015419482136577253,0.015419482080965578,geom2,42
mixture,0.004000000000000002,5164.373491511429,10334.746983022858,10349.470248859805,64.85302062608787,0.01541948233698775,0.015419482243414032,geom2,42
mixture,0.007750000000000005,5164.37349151143,10334.74698302286,10349.470248859807,64.8530214802303,0.015419482373260057,0.01541948203810964,geom2,42
mixture,0.010000000000000007,5164.37349151143,10334.74698302286,10349.470248859807,64.85302041028449,0.015419482553265433,0.015419482292490079,geom2,42
mixture,0.007250000000000005,5164.37349151143,10334.74698302286,10349.470248859807,64.85302127978835,0.01541948223666555,0.015419482087281182,geom2,42
mixture,0.006250000000000004,5164.37349151143,10334.74698302286,10349.470248859807,64.85302172788049,0.01541948210367494,0.015419481981059293,geom2,42
mixture,0.006750000000000004,5164.373491511431,10334.746983022862,10349.470248859809,64.85302097293886,0.015419482409814349,0.015419482159632151,geom2,42
mixture,0.008750000000000006,5164.373491511431,10334.746983022862,10349.470248859809,64.85302119204606,0.015419482211545309,0.015419482108322669,geom2,42
mixture,0.002,5164.373491511431,10334.746983022862,10349.470248859809,64.85302186102498,0.015419481848136312,0.015419481950373624,geom2,42
mixture,0.009750000000000007,5164.373491511431,10334.746983022862,10349.470248859809,64.85302099432157,0.01541948236518386,0.015419482154179633,geom2,42
mixture,0.009500000000000007,5164.373491511431,10334.746983022862,10349.470248859809,64.85302082697486,0.015419482728266858,0.015419482190920559,geom2,42
mixture,0.007500000000000005,5164.373491511432,10334.746983022864,10349.47024885981,64.85302079500828,0.015419482273974291,0.015419482203094139,geom2,42
mixture,0.004500000000000002,5164.373491511432,10334.746983022864,10349.47024885981,64.85302113069201,0.015419482333649726,0.015419482122864899,geom2,42
mixture,0.0022500000000000003,5164.373491511433,10334.746983022866,10349.470248859812,64.8530213014569,0.015419482123291844,0.015419482083121912,geom2,42
mixture,0.005000000000000003,5164.373491511433,10334.746983022866,10349.470248859812,64.85302136165046,0.015419482138675169,0.015419482068550023,geom2,42
mixture,0.009000000000000006,5164.373491511433,10334.746983022866,10349.470248859812,64.85302095042721,0.015419482377011903,0.015419482164763024,geom2,42
mixture,0.005250000000000003,5164.373491511434,10334.746983022867,10349.470248859814,64.85302106970924,0.015419482256173797,0.015419482137690678,geom2,42
null,,5164.373491511431,10330.746983022862,10335.654738301844,64.85302127483224,0.015419482089542583,,geom2,42
sum,,5157.887227412173,10317.774454824346,10322.682210103329,96.64456522091453,0.02069438664686741,,geom2,42
mixture,0.4,5135.74772728775,10277.4954545755,10292.218720412448,63.03701185780507,0.015863697341156995,0.01586369529465717,geom2,43
mixture,0.45,5135.74772728775,10277.4954545755,10292.218720412448,63.03701140915206,0.0158636962758319,0.01586369618552598,geom2,43
mixture,0.5,5135.747727287751,10277.495454575503,10292.21872041245,63.03701149543693,0.015863696204449464,0.015863696204449464,geom2,43
mixture,0.3,5135.747727287751,10277.495454575503,10292.21872041245,63.03701259818682,0.015863697809647293,0.01586369512005829,geom2,43
mixture,0.35000000000000003,5135.747727287753,10277.495454575506,10292.218720412453,63.03701235913932,0.01586369785944806,0.015863694978901745,geom2,43
mixture,0.25,5135.747727287757,10277.495454575514,10292.21872041246,63.03701317930896,0.015863698382283294,0.01586369491349447,geom2,43
mixture,0.2,5135.747727287759,10277.495454575517,10292.218720412464,63.03701396993468,0.015863698256638366,0.015863694912997002,geom2,43
mixture,0.15000000000000002,5135.747727287766,10277.495454575532,10292.218720412478,63.037015360194395,0.01586369820974488,0.01586369470634726,geom2,43
mixture,0.1,5135.747727287769,10277.495454575537,10292.218720412484,63.037016665402405,0.015863697428825197,0.015863694622788704,geom2,43
mixture,0.002,5135.747727287777,10277.495454575554,10292.2187204125,63.037019110655294,0.015863694384277694,0.01586369428783489,geom2,43
mixture,0.05,5135.747727287777,10277.495454575554,10292.2187204125,63.037018035683246,0.015863696101610016,0.01586369447733822,geom2,43
mixture,0.008500000000000006,5135.747727287778,10277.495454575555,10292.218720412502,63.03701923337815,0.015863694480519847,0.01586369425522876,geom2,43
mixture,0.007250000000000005,5135.747727287779,10277.495454575557,10292.218720412504,63.03701915661131,0.01586369443854804,0.01586369427527893,geom2,43
mixture,0.008000000000000005,5135.747727287779,10277.495454575557,10292.218720412504,63.037019408207534,0.01586369437716147,0.01586369421182403,geom2,43
mixture,0.004250000000000002,5135.747727287779,10277.495454575557,10292.218720412504,63.0370192086948,0.01586369439466424,0.015863694262795023,geom2,43
mixture,0.003250000000000001,5135.747727287779,10277.495454575557,10292.218720412504,63.037019112898584,0.015863694405938693,0.015863694287076933,geom2,43
mixture,0.006750000000000004,5135.7477272877795,10277.495454575559,10292.218720412506,63.03701926816682,0.015863694333970463,0.015863694247807324,geom2,43
mixture,0.003000000000000001,5135.7477272877795,10277.495454575559,10292.218720412506,63.03701912710015,0.015863694456774005,0.0158636942833691,geom2,43
mixture,0.009750000000000007,5135.74772728778,10277.49545457556,10292.218720412508,63.03701994693201,0.015863694288586336,0.01586369407549542,geom2,43
mixture,0.009250000000000006,5135.74772728778,10277.49545457556,10292.218720412508,63.03701911510165,0.01586369455836694,0.015863694284374386,geom2,43
mixture,0.005500000000000003,5135.74772728778,10277.49545457556,10292.218720412508,63.037019860898795,0.015863694211507132,0.01586369409860293,geom2,43
mixture,0.009000000000000006,5135.74772728778,10277.49545457556,10292.218720412508,63.03701951466336,0.01586369437905865,0.015863694184606328,geom2,43
mixture,0.008750000000000006,5135.74772728778,10277.49545457556,10292.218720412508,63.03701959327491,0.01586369453680281,0.015863694163305162,geom2,43
mixture,0.0022500000000000003,5135.747727287781,10277.495454575563,10292.21872041251,63.03701961984327,0.01586369446889317,0.01586369415919033,geom2,43
mixture,0.007500000000000005,5135.747727287782,10277.495454575565,10292.218720412511,63.03702007128625,0.015863694187911583,0.015863694045208192,geom2,43
mixture,0.005000000000000003,5135.747727287782,10277.495454575565,10292.218720412511,63.03701940360315,0.015863694207569806,0.0158636942143393,geom2,43
mixture,0.004500000000000002,5135.747727287782,10277.495454575565,10292.218720412511,63.037020334914764,0.015863694012975802,0.015863693979785206,geom2,43
mixture,0.005250000000000003,5135.747727287782,10277.495454575565,10292.218720412511,63.037020088554165,0.015863694267517128,0.015863694040742313,geom2,43
mixture,0.0035000000000000014,5135.747727287782,10277.495454575565,10292.218720412511,63.03702005253157,0.015863694172151603,0.015863694050572686,geom2,43
mixture,0.0025000000000000005,5135.747727287782,10277.495454575565,10292.218720412511,63.03701907301629,0.01586369430070027,0.015863694297491866,geom2,43
mixture,0.008250000000000006,5135.747727287783,10277.495454575566,10292.218720412513,63.03701925596772,0.015863694491185278,0.01586369424946472,geom2,43
mixture,0.006000000000000004,5135.747727287783,10277.495454575566,10292.218720412513,63.037019348373576,0.015863694709111965,0.01586369422530149,geom2,43
mixture,0.0037500000000000016,5135.747727287784,10277.495454575568,10292.218720412515,63.03701935805361,0.015863694381459605,0.015863694225182266,geom2,43
mixture,0.0027500000000000007,5135.747727287784,10277.495454575568,10292.218720412515,63.03702044570834,0.015863694166242823,0.01586369395146196,geom2,43
mixture,0.010000000000000007,5135.747727287784,10277.495454575568,10292.218720412515,63.03701985250245,0.015863694336732962,0.015863694098959158,geom2,43
mixture,0.009500000000000007,5135.747727287784,10277.495454575568,10292.218720412515,63.037020199220976,0.015863694352352967,0.01586369401083844,geom2,43
mixture,0.0070000000000000045,5135.747727287784,10277.495454575568,10292.218720412515,63.03701943076285,0.015863694291571126,0.01586369420687768,geom2,43
mixture,0.004000000000000002,5135.747727287784,10277.495454575568,10292.218720412515,63.03702027454255,0.015863694129908436,0.015863693994586352,geom2,43
mixture,0.005750000000000003,5135.747727287784,10277.495454575568,10292.218720412515,63.03701924997727,0.01586369439335099,0.015863694252154573,geom2,43
mixture,0.0047500000000000025,5135.747727287785,10277.49545457557,10292.218720412517,63.03701992688912,0.015863694288483495,0.015863694081634454,geom2,43
mixture,0.006500000000000004,5135.747727287786,10277.495454575572,10292.218720412518,63.03702029161043,0.015863694479137092,0.015863693987637647,geom2,43
mixture,0.006250000000000004,5135.747727287786,10277.495454575572,10292.218720412518,63.03702023716947,0.01586369417042027,0.015863694003489512,geom2,43
mixture,0.007750000000000005,5135.747727287786,10277.495454575572,10292.218720412518,63.03701955930574,0.01586369454479613,0.015863694172234488,geom2,43
null,,5135.747727287779,10273.495454575557,10278.40320985454,63.03701937555591,0.015863694221363734,,geom2,43
sum,,5132.083248249342,10266.166496498685,10271.074251777667,94.18717954804768,0.021234312457352442,,geom2,43
mixture,0.45,5175.791819449418,10357.583638898835,10372.306904735782,65.59201241359662,0.01524575843987638,0.015245759081776418,geom2,44
mixture,0.5,5175.791819449418,10357.583638898835,10372.306904735782,65.592011715096,0.015245758955276103,0.015245758955276103,geom2,44
mixture,0.35000000000000003,5175.791819449418,10357.583638898835,10372.306904735782,65.59201324995405,0.01524575939936581,0.015245758167301825,geom2,44
mixture,0.4,5175.791819449419,10357.583638898837,10372.306904735784,65.59201271233886,0.015245760128013083,0.01524575778713108,geom2,44
mixture,0.3,5175.79181944942,10357.58363889884,10372.306904735786,65.59201372126968,0.015245761093772108,0.015245757372633393,geom2,44
mixture,0.25,5175.791819449427,10357.583638898854,10372.3069047358,65.59201447086346,0.01524576128002952,0.015245757326316252,geom2,44
mixture,0.2,5175.791819449429,10357.583638898857,10372.306904735804,65.59201532671949,0.015245760925162279,0.015245757413478426,geom2,44
mixture,0.15000000000000002,5175.7918194494305,10357.583638898861,10372.306904735808,65.59201652694225,0.01524576048267864,0.015245757369931548,geom2,44
mixture,0.1,5175.791819449438,10357.583638898876,10372.306904735822,65.59201825233335,0.015245759688354862,0.015245757185522258,geom2,44
mixture,0.05,5175.791819449447,10357.583638898894,10372.30690473584,65.592020345945,0.015245758800057966,0.015245756851766231,geom2,44
mixture,0.009750000000000007,5175.791819449448,10357.583638898896,10372.306904735842,65.5920208132047,0.015245757141401226,0.015245756837612246,geom2,44
mixture,0.007500000000000005,5175.791819449448,10357.583638898896,10372.306904735842,65.59202093923595,0.01524575696583101,0.015245756810112464,geom2,44
mixture,0.008500000000000006,5175.79181944945,10357.5836388989,10372.306904735846,65.59202091261524,0.015245757037391026,0.015245756815582516,geom2,44
mixture,0.008250000000000006,5175.79181944945,10357.5836388989,10372.306904735846,65.59202092620906,0.015245757050608641,0.015245756812342538,geom2,44
mixture,0.0035000000000000014,5175.7918194494505,10357.583638898901,10372.306904735848,65.5920214909907,0.015245757107756986,0.015245756681542533,geom2,44
mixture,0.004500000000000002,5175.7918194494505,10357.583638898901,10372.306904735848,65.59202101775433,0.015245756950999945,0.015245756792316002,geom2,44
mixture,0.005750000000000003,5175.7918194494505,10357.583638898901,10372.306904735848,65.59202142196622,0.015245757063617797,0.015245756696969632,geom2,44
mixture,0.010000000000000007,5175.7918194494505,10357.583638898901,10372.306904735848,65.5920210619783,0.01524575727689037,0.01524575677775966,geom2,44
mixture,0.006750000000000004,5175.7918194494505,10357.583638898901,10372.306904735848,65.59202141732159,0.015245756809956539,0.015245756699411245,geom2,44
mixture,0.008750000000000006,5175.791819449451,10357.583638898903,10372.30690473585,65.59202158717916,0.015245756854568745,0.015245756658965375,geom2,44
mixture,0.005000000000000003,5175.791819449451,10357.583638898903,10372.30690473585,65.59202100239062,0.015245756958589379,0.015245756795787106,geom2,44
mixture,0.004000000000000002,5175.791819449452,10357.583638898905,10372.306904735851,65.59202176496213,0.015245756728463327,0.015245756618916069,geom2,44
mixture,0.008000000000000005,5175.791819449452,10357.583638898905,10372.306904735851,65.59202163065697,0.015245756948487671,0.01524575664816867,geom2,44
mixture,0.0070000000000000045,5175.791819449452,10357.583638898905,10372.306904735851,65.59202168025641,0.01524575687161866,0.01524575663740316,geom2,44
mixture,0.003250000000000001,5175.791819449452,10357.583638898905,10372.306904735851,65.5920211242565,0.015245756882651854,0.015245756767902517,geom2,44
mixture,0.002,5175.791819449452,10357.583638898905,10372.306904735851,65.59202116929822,0.015245756744516548,0.015245756757832898,geom2,44
mixture,0.006500000000000004,5175.791819449453,10357.583638898906,10372.306904735853,65.592021010265,0.015245756979849458,0.015245756793559969,geom2,44
mixture,0.005500000000000003,5175.791819449453,10357.583638898906,10372.306904735853,65.59202137980436,0.015245757153424671,0.015245756706419143,geom2,44
mixture,0.0037500000000000016,5175.791819449453,10357.583638898906,10372.306904735853,65.59202178131267,0.015245756656046648,0.015245756615401434,geom2,44
mixture,0.009000000000000006,5175.791819449453,10357.583638898906,10372.306904735853,65.59202075109462,0.015245757076785793,0.015245756852996522,geom2,44
mixture,0.0047500000000000025,5175.791819449453,10357.583638898906,10372.306904735853,65.59202118955712,0.015245756839883207,0.015245756752683227,geom2,44
mixture,0.0025000000000000005,5175.791819449453,10357.583638898906,10372.306904735853,65.5920220314534,0.015245756640532904,0.015245756557204549,geom2,44
mixture,0.0022500000000000003,5175.791819449454,10357.583638898908,10372.306904735855,65.59202191297777,0.015245756639484336,0.015245756584827547,geom2,44
mixture,0.007750000000000005,5175.791819449454,10357.583638898908,10372.306904735855,65.59202156808556,0.01524575679737016,0.015245756664081905,geom2,44
mixture,0.004250000000000002,5175.791819449455,10357.58363889891,10372.306904735857,65.59202178229174,0.01524575669719546,0.015245756614976853,geom2,44
mixture,0.003000000000000001,5175.791819449455,10357.58363889891,10372.306904735857,65.59202200904672,0.015245756617359276,0.015245756562456213,geom2,44
mixture,0.006250000000000004,5175.791819449455,10357.58363889891,10372.306904735857,65.59202170531435,0.015245756837425366,0.015245756631934056,geom2,44
mixture,0.009250000000000006,5175.791819449456,10357.583638898912,10372.306904735859,65.59202181305996,0.015245756817963314,0.01524575660621607,geom2,44
mixture,0.0027500000000000007,5175.791819449456,10357.583638898912,10372.306904735859,65.59202148415609,0.015245756768888341,0.015245756684390507,geom2,44
mixture,0.009500000000000007,5175.791819449456,10357.583638898912,10372.306904735859,65.59202141407994,0.015245757026048575,0.015245756697792458,geom2,44
mixture,0.006000000000000004,5175.791819449456,10357.583638898912,10372.306904735859,65.59202179124878,0.015245756736868463,0.015245756612498149,geom2,44
mixture,0.007250000000000005,5175.791819449457,10357.583638898914,10372.30690473586,65.59202165092341,0.015245756816517578,0.01524575664461433,geom2,44
mixture,0.005250000000000003,5175.791819449458,10357.583638898916,10372.306904735862,65.59202235115806,0.015245756710486436,0.01524575648190286,geom2,44
null,,5175.791819449457,10353.583638898914,10358.491394177896,65.59202179947464,0.01524575661133241,,geom2,44
sum,,5173.082532553079,10348.165065106157,10353.07282038514,98.06060748552987,0.020395549765435894,,geom2,44
mixture,0.45,5155.852667791599,10317.705335583198,10332.428601420144,64.30701221906008,0.015550404310771355,0.015550403179151604,geom2,45
mixture,0.4,5155.8526677916,10317.7053355832,10332.428601420146,64.30701221039746,0.015550404770379849,0.015550402970538895,geom2,45
mixture,0.5,5155.8526677916,10317.7053355832,10332.428601420146,64.30701257414127,0.015550403602516496,0.015550403602516496,geom2,45
mixture,0.35000000000000003,5155.852667791603,10317.705335583207,10332.428601420153,64.30701348213485,0.015550405471944905,0.015550402258106796,geom2,45
mixture,0.3,5155.852667791607,10317.705335583214,10332.42860142016,64.30701392820984,0.01555040539945965,0.0155504023646351,geom2,45
mixture,0.2,5155.852667791609,10317.705335583218,10332.428601420164,64.30701518111327,0.015550406631686477,0.015550402057217963,geom2,45
mixture,0.25,5155.852667791609,10317.705335583218,10332.428601420164,64.30701492214793,0.015550406639802044,0.015550401833043908,geom2,45
mixture,0.15000000000000002,5155.852667791614,10317.705335583229,10332.428601420175,64.30701691649388,0.0155504066239334,0.015550401833977085,geom2,45
mixture,0.1,5155.852667791618,10317.705335583236,10332.428601420183,64.30701714297166,0.015550404510897023,0.015550402274016604,geom2,45
mixture,0.007750000000000005,5155.852667791627,10317.705335583254,10332.4286014202,64.3070201417534,0.015550401957550912,0.015550401771109267,geom2,45
mixture,0.010000000000000007,5155.852667791627,10317.705335583254,10332.4286014202,64.30702001603268,0.015550402013754934,0.015550401800826053,geom2,45
mixture,0.005000000000000003,5155.852667791628,10317.705335583256,10332.428601420203,64.30702017276293,0.015550401830996546,0.015550401764724258,geom2,45
mixture,0.0047500000000000025,5155.852667791628,10317.705335583256,10332.428601420203,64.30702007019413,0.015550401921829176,0.015550401789228441,geom2,45
mixture,0.05,5155.852667791628,10317.705335583256,10332.428601420203,64.30701913596099,0.015550403082382265,0.01555040195963239,geom2,45
mixture,0.006500000000000004,5155.852667791629,10317.705335583258,10332.428601420204,64.3070201027331,0.015550401891746907,0.015550401781271794,geom2,45
mixture,0.005750000000000003,5155.85266779163,10317.70533558326,10332.428601420206,64.30702023510668,0.015550401886633527,0.015550401749189664,geom2,45
mixture,0.004000000000000002,5155.85266779163,10317.70533558326,10332.428601420206,64.30702053060102,0.01555040193139187,0.015550401677509474,geom2,45
mixture,0.0070000000000000045,5155.85266779163,10317.70533558326,10332.428601420206,64.30702012171338,0.015550401890065431,0.01555040177660595,geom2,45
mixture,0.004250000000000002,5155.85266779163,10317.70533558326,10332.428601420206,64.30702055489806,0.015550401805030359,0.015550401672084596,geom2,45
mixture,0.006000000000000004,5155.852667791631,10317.705335583261,10332.428601420208,64.30702014402007,0.015550401887274695,0.015550401771310285,geom2,45
mixture,0.009000000000000006,5155.852667791631,10317.705335583261,10332.428601420208,64.30702002575387,0.015550402001200215,0.01555040179878286,geom2,45
mixture,0.0027500000000000007,5155.852667791631,10317.705335583261,10332.428601420208,64.30702047265943,0.01555040183414698,0.015550401692145645,geom2,45
mixture,0.007500000000000005,5155.852667791631,10317.705335583261,10332.428601420208,64.3070204872213,0.0155504020154338,0.015550401686548232,geom2,45
mixture,0.005500000000000003,5155.852667791632,10317.705335583263,10332.42860142021,64.30702055186723,0.015550401916847591,0.015550401672036054,geom2,45
mixture,0.008500000000000006,5155.8526677916325,10317.705335583265,10332.428601420212,64.30701999404218,0.015550401978411545,0.015550401806814402,geom2,45
mixture,0.008750000000000006,5155.8526677916325,10317.705335583265,10332.428601420212,64.30702076254539,0.01555040185310212,0.015550401620401244,geom2,45
mixture,0.006750000000000004,5155.8526677916325,10317.705335583265,10332.428601420212,64.30702047400524,0.015550402028948463,0.015550401689922286,geom2,45
mixture,0.009250000000000006,5155.8526677916325,10317.705335583265,10332.428601420212,64.30701989081945,0.015550402194738662,0.015550401829858644,geom2,45
mixture,0.007250000000000005,5155.8526677916325,10317.705335583265,10332.428601420212,64.30702088541457,0.015550401727500003,0.01555040159174152,geom2,45
mixture,0.009500000000000007,5155.852667791633,10317.705335583267,10332.428601420213,64.30702054149943,0.015550402140727915,0.01555040167143129,geom2,45
mixture,0.0022500000000000003,5155.852667791633,10317.705335583267,10332.428601420213,64.30702081651997,0.015550401678715717,0.015550401609229172,geom2,45
mixture,0.008000000000000005,5155.852667791633,10317.705335583267,10332.428601420213,64.3070204751184,0.015550401837427891,0.015550401690768255,geom2,45
mixture,0.008250000000000006,5155.852667791633,10317.705335583267,10332.428601420213,64.307020748312,0.015550401861859417,0.015550401623916195,geom2,45
mixture,0.0035000000000000014,5155.852667791633,10317.705335583267,10332.428601420213,64.30702016966535,0.015550401820584482,0.015550401765612258,geom2,45
mixture,0.002,5155.852667791634,10317.705335583269,10332.428601420215,64.3070206276279,0.015550401858203564,0.015550401654655354,geom2,45
mixture,0.009750000000000007,5155.852667791634,10317.705335583269,10332.428601420215,64.30702028356583,0.015550402262998345,0.01555040173309526,geom2,45
mixture,0.004500000000000002,5155.852667791634,10317.705335583269,10332.428601420215,64.30702133284824,0.015550401655835025,0.015550401483755243,geom2,45
mixture,0.006250000000000004,5155.852667791634,10317.705335583269,10332.428601420215,64.30702113265073,0.015550401893446522,0.015550401530673027,geom2,45
mixture,0.003000000000000001,5155.852667791634,10317.705335583269,10332.428601420215,64.30702131045166,0.015550401651525256,0.015550401489459232,geom2,45
mixture,0.0037500000000000016,5155.852667791634,10317.705335583269,10332.428601420215,64.30702134294255,0.015550401538620728,0.015550401481875852,geom2,45
mixture,0.0025000000000000005,5155.852667791636,10317.705335583272,10332.428601420219,64.30702070392583,0.015550401610926549,0.015550401636676842,geom2,45
mixture,0.005250000000000003,5155.852667791636,10317.705335583272,10332.428601420219,64.30702041568681,0.015550401797080407,0.015550401705833942,geom2,45
mixture,0.003250000000000001,5155.852667791639,10317.705335583278,10332.428601420224,64.3070210348263,0.015550401640326362,0.015550401556322759,geom2,45
null,,5155.852667791634,10313.705335583269,10318.61309086225,64.30702095677879,0.015550401575468832,,geom2,45
sum,,5150.226249191267,10302.452498382534,10307.360253661516,95.89870900856808,0.020855338102844637,,geom2,45
mixture,0.45,5225.758584286466,10457.517168572933,10472.24043440988,68.92701447295619,0.014508100365734715,0.014508099208144092,geom2,46
mixture,0.35000000000000003,5225.758584286468,10457.517168572936,10472.240434409883,68.92701550485857,0.014508101271123968,0.014508098564564075,geom2,46
mixture,0.4,5225.758584286468,10457.517168572936,10472.240434409883,68.92701465664919,0.01450810082616233,0.01450809893321727,geom2,46
mixture,0.5,5225.758584286469,10457.517168572938,10472.240434409885,68.92701468435952,0.014508099684562629,0.014508099684562629,geom2,46
mixture,0.3,5225.758584286474,10457.517168572947,10472.240434409894,68.92701603611633,0.014508101741118481,0.014508098396718253,geom2,46
mixture,0.25,5225.758584286477,10457.517168572955,10472.240434409901,68.92701723091199,0.014508103269965782,0.014508097774747479,geom2,46
mixture,0.2,5225.758584286478,10457.517168572957,10472.240434409903,68.9270175342215,0.01450810163771005,0.014508098446459599,geom2,46
mixture,0.1,5225.758584286485,10457.51716857297,10472.240434409916,68.92702037806954,0.014508100348502258,0.014508098279191356,geom2,46
mixture,0.15000000000000002,5225.758584286486,10457.517168572973,10472.24043440992,68.92701937664894,0.014508101107943738,0.01450809827142926,geom2,46
mixture,0.05,5225.7585842864955,10457.517168572991,10472.240434409938,68.92702252793426,0.014508100091937806,0.014508097925275215,geom2,46
mixture,0.009250000000000006,5225.758584286497,10457.517168572995,10472.240434409941,68.92702337193258,0.014508098169471847,0.014508097853032358,geom2,46
mixture,0.0025000000000000005,5225.758584286498,10457.517168572997,10472.240434409943,68.92702362375249,0.014508097874557658,0.014508097802775677,geom2,46
mixture,0.009750000000000007,5225.758584286498,10457.517168572997,10472.240434409943,68.92702333817793,0.014508098044104292,0.014508097861281745,geom2,46
mixture,0.009500000000000007,5225.7585842865,10457.517168573,10472.240434409947,68.92702336909127,0.014508098123093208,0.0145080978540011,geom2,46
mixture,0.006750000000000004,5225.758584286501,10457.517168573002,10472.240434409949,68.9270234337981,0.014508098008240898,0.014508097841814283,geom2,46
mixture,0.004250000000000002,5225.758584286501,10457.517168573002,10472.240434409949,68.9270234818225,0.014508098003986645,0.01450809783209873,geom2,46
mixture,0.0070000000000000045,5225.758584286502,10457.517168573004,10472.24043440995,68.92702339898374,0.014508098086117591,0.01450809784860296,geom2,46
mixture,0.008000000000000005,5225.758584286502,10457.517168573004,10472.24043440995,68.92702353145515,0.014508098068401093,0.014508097820398308,geom2,46
mixture,0.003000000000000001,5225.758584286502,10457.517168573004,10472.24043440995,68.92702435324182,0.014508097824985005,0.014508097648880329,geom2,46
mixture,0.006500000000000004,5225.758584286503,10457.517168573006,10472.240434409952,68.92702347923041,0.014508098012137876,0.014508097832205287,geom2,46
mixture,0.002,5225.758584286503,10457.517168573006,10472.240434409952,68.92702438273183,0.014508097554737613,0.014508097643378725,geom2,46
mixture,0.010000000000000007,5225.758584286503,10457.517168573006,10472.240434409952,68.92702420494457,0.014508097899045155,0.014508097678416692,geom2,46
mixture,0.006250000000000004,5225.758584286503,10457.517168573006,10472.240434409952,68.92702429261344,0.014508097846105909,0.014508097661013172,geom2,46
mixture,0.0022500000000000003,5225.758584286503,10457.517168573006,10472.240434409952,68.92702375257035,0.0145080977805546,0.014508097775830286,geom2,46
mixture,0.008500000000000006,5225.758584286503,10457.517168573006,10472.240434409952,68.92702346381444,0.014508098028251435,0.014508097834976846,geom2,46
mixture,0.003250000000000001,5225.758584286505,10457.51716857301,10472.240434409956,68.927024379183,0.014508097700386472,0.014508097643764397,geom2,46
mixture,0.007250000000000005,5225.758584286505,10457.51716857301,10472.240434409956,68.92702348315987,0.014508097983994335,0.014508097831441752,geom2,46
mixture,0.004500000000000002,5225.758584286505,10457.51716857301,10472.240434409956,68.92702429249107,0.014508097750662374,0.01450809766179586,geom2,46
mixture,0.005000000000000003,5225.758584286505,10457.51716857301,10472.240434409956,68.92702365120917,0.014508097939250092,0.014508097796461976,geom2,46
mixture,0.009000000000000006,5225.758584286505,10457.51716857301,10472.240434409956,68.9270241811846,0.014508097929591532,0.01450809768340844,geom2,46
mixture,0.004000000000000002,5225.758584286505,10457.51716857301,10472.240434409956,68.92702420907358,0.01450809801344104,0.01450809767841377,geom2,46
mixture,0.0037500000000000016,5225.758584286505,10457.51716857301,10472.240434409956,68.92702445476918,0.014508097618961295,0.014508097628072836,geom2,46
mixture,0.007500000000000005,5225.7585842865055,10457.517168573011,10472.240434409958,68.92702404740822,0.014508097968391209,0.014508097711857999,geom2,46
mixture,0.0027500000000000007,5225.758584286506,10457.517168573013,10472.24043440996,68.92702516965481,0.014508097655278955,0.01450809747707598,geom2,46
mixture,0.0035000000000000014,5225.758584286506,10457.517168573013,10472.24043440996,68.92702435762514,0.014508097769265055,0.01450809764806181,geom2,46
mixture,0.007750000000000005,5225.758584286506,10457.517168573013,10472.24043440996,68.92702406510789,0.014508097888242573,0.014508097708664756,geom2,46
mixture,0.0047500000000000025,5225.758584286506,10457.517168573013,10472.24043440996,68.92702364989357,0.014508097919648464,0.014508097796869627,geom2,46
mixture,0.005500000000000003,5225.758584286506,10457.517168573013,10472.24043440996,68.92702416808478,0.014508097859132197,0.014508097687437082,geom2,46
mixture,0.005750000000000003,5225.758584286506,10457.517168573013,10472.24043440996,68.92702431607782,0.014508097774807417,0.01450809765655113,geom2,46
mixture,0.008750000000000006,5225.758584286506,10457.517168573013,10472.24043440996,68.92702409551812,0.01450809796107797,0.014508097701383262,geom2,46
mixture,0.005250000000000003,5225.758584286507,10457.517168573015,10472.240434409961,68.9270243218431,0.01450809768404737,0.014508097655869665,geom2,46
mixture,0.006000000000000004,5225.758584286508,10457.517168573017,10472.240434409963,68.92702510909218,0.014508097740688288,0.014508097488802241,geom2,46
mixture,0.008250000000000006,5225.758584286508,10457.517168573017,10472.240434409963,68.92702419352503,0.014508097881996076,0.014508097681371464,geom2,46
null,,5225.758584286505,10453.51716857301,10458.424923851991,68.92702436019314,0.014508097647945495,,geom2,46
sum,,5220.108388068742,10442.216776137484,10447.124531416466,102.73262542223007,0.019468012150765348,,geom2,46
mixture,0.45,5219.469281078678,10444.938562157357,10459.661827994303,68.49801517140706,0.014598963596337864,0.014598962802452362,geom2,47
mixture,0.4,5219.46928107868,10444.93856215736,10459.661827994307,68.49801424781435,0.014598964625156557,0.014598962510805565,geom2,47
mixture,0.5,5219.46928107868,10444.93856215736,10459.661827994307,68.49801376859709,0.014598963458681337,0.014598963458681337,geom2,47
mixture,0.3,5219.469281078681,10444.938562157362,10459.661827994309,68.49801546205629,0.01459896530543316,0.014598962151607189,geom2,47
mixture,0.35000000000000003,5219.469281078682,10444.938562157364,10459.66182799431,68.49801543074976,0.014598964514731123,0.014598962345032874,geom2,47
mixture,0.25,5219.469281078687,10444.938562157375,10459.661827994321,68.49801620354418,0.014598965296233994,0.014598962154217807,geom2,47
mixture,0.2,5219.469281078691,10444.938562157382,10459.661827994329,68.49801774672791,0.014598965189912641,0.01459896196605126,geom2,47
mixture,0.1,5219.469281078699,10444.938562157398,10459.661827994345,68.49802010858407,0.014598963899252655,0.014598961908351646,geom2,47
mixture,0.15000000000000002,5219.4692810787,10444.9385621574,10459.661827994347,68.4980199413854,0.014598965170336563,0.01459896160885453,geom2,47
mixture,0.05,5219.469281078707,10444.938562157415,10459.661827994361,68.49802238647801,0.01459896266251067,0.014598961567188809,geom2,47
mixture,0.007250000000000005,5219.46928107871,10444.93856215742,10459.661827994367,68.4980231188474,0.014598961611146568,0.014598961464804263,geom2,47
mixture,0.007500000000000005,5219.46928107871,10444.93856215742,10459.661827994367,68.49802298925201,0.014598961734992694,0.014598961491660881,geom2,47
mixture,0.008500000000000006,5219.469281078711,10444.938562157422,10459.661827994369,68.49802309117405,0.014598961607537587,0.014598961470599284,geom2,47
mixture,0.007750000000000005,5219.469281078711,10444.938562157422,10459.661827994369,68.49802320112236,0.014598961586981369,0.014598961447247068,geom2,47
mixture,0.0047500000000000025,5219.469281078711,10444.938562157422,10459.661827994369,68.49802324650396,0.014598961530007722,0.01459896143822186,geom2,47
mixture,0.002,5219.469281078712,10444.938562157424,10459.66182799437,68.49802361558886,0.014598961343271634,0.014598961360028416,geom2,47
mixture,0.006500000000000004,5219.469281078713,10444.938562157426,10459.661827994372,68.49802331864052,0.014598961534290066,0.014598961422557141,geom2,47
mixture,0.008250000000000006,5219.469281078713,10444.938562157426,10459.661827994372,68.49802390101334,0.014598961466155068,0.014598961297773327,geom2,47
mixture,0.009500000000000007,5219.469281078713,10444.938562157426,10459.661827994372,68.49802381834748,0.014598961552136247,0.014598961314523705,geom2,47
mixture,0.009250000000000006,5219.469281078713,10444.938562157426,10459.661827994372,68.49802318749033,0.014598961624967554,0.014598961449613375,geom2,47
mixture,0.005750000000000003,5219.469281078713,10444.938562157426,10459.661827994372,68.49802306104301,0.014598961633299875,0.014598961477288008,geom2,47
mixture,0.0037500000000000016,5219.469281078713,10444.938562157426,10459.661827994372,68.49802318669852,0.014598961567434125,0.014598961450967408,geom2,47
mixture,0.004250000000000002,5219.469281078713,10444.938562157426,10459.661827994372,68.49802322039021,0.014598961555030201,0.014598961443750521,geom2,47
mixture,0.004000000000000002,5219.469281078714,10444.938562157427,10459.661827994374,68.49802322910946,0.014598961527556152,0.014598961442022995,geom2,47
mixture,0.006750000000000004,5219.469281078714,10444.938562157427,10459.661827994374,68.49802311946378,0.014598961666245963,0.014598961464371224,geom2,47
mixture,0.009750000000000007,5219.469281078715,10444.93856215743,10459.661827994376,68.49802278650203,0.01459896186091518,0.014598961533505666,geom2,47
mixture,0.0022500000000000003,5219.469281078715,10444.93856215743,10459.661827994376,68.49802408777316,0.014598961341050294,0.014598961259174197,geom2,47
mixture,0.005500000000000003,5219.469281078715,10444.93856215743,10459.661827994376,68.49802312000082,0.014598961604194605,0.014598961464853039,geom2,47
mixture,0.008000000000000005,5219.469281078715,10444.93856215743,10459.661827994376,68.49802376566343,0.014598961524337371,0.014598961326426269,geom2,47
mixture,0.0035000000000000014,5219.469281078715,10444.93856215743,10459.661827994376,68.49802320136547,0.014598961513019088,0.014598961448050809,geom2,47
mixture,0.005250000000000003,5219.4692810787155,10444.938562157431,10459.661827994378,68.49802398824538,0.014598961406327368,0.014598961279907032,geom2,47
mixture,0.003000000000000001,5219.469281078716,10444.938562157433,10459.66182799438,68.49802390056192,0.014598961412612408,0.014598961298917603,geom2,47
mixture,0.006250000000000004,5219.469281078716,10444.938562157433,10459.66182799438,68.49802291473397,0.014598961678836614,0.014598961508302038,geom2,47
mixture,0.009000000000000006,5219.469281078716,10444.938562157433,10459.66182799438,68.49802386490738,0.014598961556285012,0.014598961304592494,geom2,47
mixture,0.0070000000000000045,5219.469281078716,10444.938562157433,10459.66182799438,68.49802388997232,0.014598961445703783,0.014598961300499213,geom2,47
mixture,0.010000000000000007,5219.469281078717,10444.938562157435,10459.661827994381,68.4980238388439,0.014598961575571405,0.014598961309754457,geom2,47
mixture,0.006000000000000004,5219.469281078717,10444.938562157435,10459.661827994381,68.49802374753584,0.014598961540627928,0.014598961330612998,geom2,47
mixture,0.0025000000000000005,5219.469281078718,10444.938562157437,10459.661827994383,68.49802412947516,0.014598961302625179,0.014598961250339772,geom2,47
mixture,0.004500000000000002,5219.469281078718,10444.938562157437,10459.661827994383,68.49802393879085,0.014598961421733066,0.01459896129052051,geom2,47
mixture,0.0027500000000000007,5219.469281078718,10444.938562157437,10459.661827994383,68.49802395153154,0.014598961408010586,0.014598961288065699,geom2,47
mixture,0.008750000000000006,5219.469281078718,10444.938562157437,10459.661827994383,68.49802374294481,0.014598961531264186,0.014598961331100136,geom2,47
mixture,0.005000000000000003,5219.46928107872,10444.93856215744,10459.661827994387,68.49802474884038,0.01459896135965981,0.014598961117253348,geom2,47
mixture,0.003250000000000001,5219.46928107872,10444.93856215744,10459.661827994387,68.49802483494344,0.014598961152882386,0.01459896109994221,geom2,47
null,,5219.469281078717,10440.938562157435,10445.846317436417,68.49802405839235,0.014598961265620339,,geom2,47
sum,,5213.8067296484605,10429.613459296921,10434.521214575903,102.11332866512404,0.019586081720623445,,geom2,47
mixture,0.4,5164.171456254223,10334.342912508446,10349.066178345392,64.8400115210152,0.015422577218857446,0.01542257504544485,geom2,48
mixture,0.35000000000000003,5164.171456254224,10334.342912508448,10349.066178345394,64.84001206169214,0.015422577989804643,0.01542257459965414,geom2,48
mixture,0.5,5164.171456254224,10334.342912508448,10349.066178345394,64.8400109395227,0.015422576053121207,0.015422576053121207,geom2,48
mixture,0.45,5164.171456254225,10334.34291250845,10349.066178345396,64.84001128499898,0.015422576587608655,0.015422575466406878,geom2,48
mixture,0.3,5164.171456254226,10334.342912508451,10349.066178345398,64.84001283131181,0.015422578340224584,0.015422574430115635,geom2,48
mixture,0.25,5164.17145625423,10334.34291250846,10349.066178345407,64.84001349009814,0.015422579381773641,0.015422574134678482,geom2,48
mixture,0.2,5164.171456254236,10334.342912508471,10349.066178345418,64.84001541000637,0.015422579406419166,0.015422573885633827,geom2,48
mixture,0.15000000000000002,5164.1714562542375,10334.342912508475,10349.066178345422,64.84001558310764,0.015422577729107052,0.0154225744579429,geom2,48
mixture,0.1,5164.171456254242,10334.342912508484,10349.06617834543,64.84001745843727,0.015422577595084518,0.01542257415894556,geom2,48
mixture,0.05,5164.171456254251,10334.342912508502,10349.066178345449,64.84001937719238,0.015422575335408324,0.01542257397831784,geom2,48
mixture,0.005250000000000003,5164.171456254254,10334.342912508508,10349.066178345454,64.84002057062692,0.015422573932478877,0.015422573761408931,geom2,48
mixture,0.009250000000000006,5164.171456254254,10334.342912508508,10349.066178345454,64.84002043099039,0.015422573976327342,0.015422573793832325,geom2,48
mixture,0.007750000000000005,5164.171456254255,10334.34291250851,10349.066178345456,64.84002048964501,0.01542257389169532,0.01542257378070892,geom2,48
mixture,0.009500000000000007,5164.171456254255,10334.34291250851,10349.066178345456,64.84002017878565,0.015422574151197957,0.015422573852672775,geom2,48
mixture,0.006250000000000004,5164.171456254255,10334.34291250851,10349.066178345456,64.84002076748294,0.01542257419818121,0.01542257371244787,geom2,48
mixture,0.007500000000000005,5164.171456254256,10334.342912508511,10349.066178345458,64.84002058953278,0.015422573935649046,0.015422573756466312,geom2,48
mixture,0.005500000000000003,5164.171456254257,10334.342912508513,10349.06617834546,64.84002085651882,0.015422574017086936,0.015422573692520897,geom2,48
mixture,0.005750000000000003,5164.171456254257,10334.342912508513,10349.06617834546,64.84002107796552,0.015422573842014333,0.01542257364047478,geom2,48
mixture,0.0035000000000000014,5164.171456254257,10334.342912508513,10349.06617834546,64.84002054762261,0.015422573882382839,0.01542257376737623,geom2,48
mixture,0.003250000000000001,5164.171456254257,10334.342912508513,10349.06617834546,64.84002088488914,0.015422573617782752,0.015422573687785471,geom2,48
mixture,0.003000000000000001,5164.171456254257,10334.342912508513,10349.06617834546,64.84002064529095,0.015422573784228425,0.015422573744428379,geom2,48
mixture,0.006750000000000004,5164.1714562542575,10334.342912508515,10349.066178345462,64.84002105867138,0.015422573820962423,0.015422573645035347,geom2,48
mixture,0.005000000000000003,5164.1714562542575,10334.342912508515,10349.066178345462,64.84002082033591,0.015422573668619226,0.01542257370308465,geom2,48
mixture,0.008250000000000006,5164.171456254258,10334.342912508517,10349.066178345463,64.84002024825233,0.015422574104660915,0.015422573836775658,geom2,48
mixture,0.008000000000000005,5164.171456254258,10334.342912508517,10349.066178345463,64.84002104531413,0.015422573897835377,0.01542257364739644,geom2,48
mixture,0.0027500000000000007,5164.171456254258,10334.342912508517,10349.066178345463,64.84002060085926,0.015422573858906602,0.015422573754829898,geom2,48
mixture,0.004000000000000002,5164.171456254258,10334.342912508517,10349.066178345463,64.84002130952581,0.015422573733431418,0.015422573585965816,geom2,48
mixture,0.009000000000000006,5164.171456254259,10334.342912508519,10349.066178345465,64.84002086775429,0.015422574035444179,0.01542257368851119,geom2,48
mixture,0.0022500000000000003,5164.171456254259,10334.342912508519,10349.066178345465,64.84002126259739,0.015422573687035536,0.015422573597516457,geom2,48
mixture,0.008750000000000006,5164.171456254259,10334.342912508519,10349.066178345465,64.8400215179224,0.0154225739532954,0.015422573533312493,geom2,48
mixture,0.007250000000000005,5164.171456254259,10334.342912508519,10349.066178345465,64.84002107205947,0.01542257389162169,0.015422573641223028,geom2,48
mixture,0.0047500000000000025,5164.17145625426,10334.34291250852,10349.066178345467,64.84002118882678,0.015422573809563479,0.015422573614337312,geom2,48
mixture,0.006500000000000004,5164.17145625426,10334.34291250852,10349.066178345467,64.84002044761705,0.015422574005440188,0.015422573790166379,geom2,48
mixture,0.008500000000000006,5164.17145625426,10334.34291250852,10349.066178345467,64.8400216611431,0.015422573813370451,0.015422573500260038,geom2,48
mixture,0.010000000000000007,5164.17145625426,10334.34291250852,10349.066178345467,64.84002099653269,0.015422573983897361,0.01542257365774134,geom2,48
mixture,0.0070000000000000045,5164.17145625426,10334.34291250852,10349.066178345467,64.84002044284256,0.01542257398368503,0.015422573791354987,geom2,48
mixture,0.004500000000000002,5164.171456254261,10334.342912508522,10349.066178345469,64.84002154721698,0.015422573578236733,0.0154225735298015,geom2,48
mixture,0.009750000000000007,5164.171456254261,10334.342912508522,10349.066178345469,64.84002083010017,0.01542257400754341,0.01542257369756757,geom2,48
mixture,0.0025000000000000005,5164.171456254261,10334.342912508522,10349.066178345469,64.84002178529066,0.015422573664961936,0.015422573472912135,geom2,48
mixture,0.0037500000000000016,5164.171456254262,10334.342912508524,10349.06617834547,64.84002131478243,0.015422573675430177,0.015422573584966119,geom2,48
mixture,0.004250000000000002,5164.171456254262,10334.342912508524,10349.06617834547,64.84002111858524,0.015422573751925791,0.015422573631460016,geom2,48
mixture,0.002,5164.171456254263,10334.342912508526,10349.066178345473,64.84002127114358,0.015422573661792928,0.01542257359555263,geom2,48
mixture,0.006000000000000004,5164.171456254264,10334.342912508528,10349.066178345474,64.84002121782832,0.015422573740257618,0.015422573607570331,geom2,48
null,,5164.171456254262,10330.342912508524,10335.250667787506,64.840021307005,0.015422573587155266,,geom2,48
sum,,5163.351379322784,10328.702758645568,10333.61051392455,97.07489922346481,0.02060264822316254,,geom2,48
mixture,0.5,5183.383066200129,10372.766132400258,10387.489398237205,66.08801252644957,0.015131337163449764,0.015131337163449764,geom2,49
mixture,0.4,5183.383066200131,10372.766132400262,10387.489398237209,66.08801263493237,0.015131338419595306,0.01513133628462297,geom2,49
mixture,0.35000000000000003,5183.383066200133,10372.766132400266,10387.489398237212,66.08801357919805,0.015131338781862317,0.015131335921174712,geom2,49
mixture,0.3,5183.383066200133,10372.766132400266,10387.489398237212,66.08801364072269,0.015131339267856063,0.015131335897102959,geom2,49
mixture,0.45,5183.383066200134,10372.766132400267,10387.489398237214,66.08801278565815,0.01513133810396708,0.01513133628603076,geom2,49
mixture,0.25,5183.383066200139,10372.766132400278,10387.489398237225,66.08801509447727,0.0151313408219602,0.015131335159988372,geom2,49
mixture,0.2,5183.383066200142,10372.766132400284,10387.48939823723,66.08801556502988,0.015131339231304794,0.015131335776854535,geom2,49
mixture,0.15000000000000002,5183.38306620015,10372.7661324003,10387.489398237247,66.08801733402886,0.015131338593816988,0.015131335616054929,geom2,49
mixture,0.1,5183.383066200156,10372.766132400311,10387.489398237258,66.08801890844003,0.01513133777820076,0.015131335471584606,geom2,49
mixture,0.05,5183.38306620016,10372.76613240032,10387.489398237267,66.08801988745431,0.015131336526067664,0.015131335422937188,geom2,49
mixture,0.006250000000000004,5183.383066200163,10372.766132400326,10387.489398237272,66.08802136348973,0.015131335277187534,0.015131335139282706,geom2,49
mixture,0.003250000000000001,5183.383066200164,10372.766132400327,10387.489398237274,66.08802146926519,0.015131335222621611,0.015131335115578659,geom2,49
mixture,0.009500000000000007,5183.383066200164,10372.766132400327,10387.489398237274,66.08802161768854,0.015131335574693454,0.01513133507721792,geom2,49
mixture,0.010000000000000007,5183.383066200164,10372.766132400327,10387.489398237274,66.08802110072055,0.015131335471418615,0.015131335197569038,geom2,49
mixture,0.006500000000000004,5183.383066200165,10372.76613240033,10387.489398237276,66.08802135513892,0.015131335315622628,0.015131335140921033,geom2,49
mixture,0.002,5183.383066200165,10372.76613240033,10387.489398237276,66.08802154206789,0.015131335127073608,0.015131335099202094,geom2,49
mixture,0.009250000000000006,5183.383066200165,10372.76613240033,10387.489398237276,66.08802114019414,0.01513133544691302,0.015131335188882992,geom2,49
mixture,0.008000000000000005,5183.383066200165,10372.76613240033,10387.489398237276,66.08802138673862,0.015131335337719681,0.015131335133185335,geom2,49
mixture,0.008500000000000006,5183.383066200166,10372.766132400331,10387.489398237278,66.08802186246201,0.015131335220971619,0.015131335024228951,geom2,49
mixture,0.005750000000000003,5183.383066200166,10372.766132400331,10387.489398237278,66.08802143311179,0.015131335281575571,0.015131335123294017,geom2,49
mixture,0.005000000000000003,5183.383066200166,10372.766132400331,10387.489398237278,66.08802133928373,0.015131335240489919,0.015131335145210355,geom2,49
mixture,0.006000000000000004,5183.383066200166,10372.766132400331,10387.489398237278,66.08802121226539,0.015131335326311873,0.015131335173853783,geom2,49
mixture,0.008250000000000006,5183.383066200166,10372.766132400331,10387.489398237278,66.088021336491,0.015131335349647581,0.015131335144634814,geom2,49
mixture,0.005500000000000003,5183.383066200166,10372.766132400331,10387.489398237278,66.08802147694365,0.015131335274880907,0.015131335113279703,geom2,49
mixture,0.008750000000000006,5183.383066200166,10372.766132400331,10387.489398237278,66.08802192142349,0.015131335205582857,0.015131335010696346,geom2,49
mixture,0.005250000000000003,5183.383066200166,10372.766132400331,10387.489398237278,66.0880220052783,0.015131335207197793,0.01513133499207303,geom2,49
mixture,0.0047500000000000025,5183.383066200166,10372.766132400331,10387.489398237278,66.08802191157265,0.01513133517115457,0.015131335013910114,geom2,49
mixture,0.009000000000000006,5183.383066200166,10372.766132400331,10387.489398237278,66.08802187220418,0.015131335246112368,0.015131335021650568,geom2,49
mixture,0.0027500000000000007,5183.3830662001665,10372.766132400333,10387.48939823728,66.08802144754175,0.01513133520159579,0.015131335120677764,geom2,49
mixture,0.0035000000000000014,5183.383066200167,10372.766132400335,10387.489398237281,66.08802142573019,0.015131335268944637,0.01513133512539177,geom2,49
mixture,0.007250000000000005,5183.383066200167,10372.766132400335,10387.489398237281,66.0880219587641,0.015131335289607204,0.015131335001765346,geom2,49
mixture,0.007750000000000005,5183.383066200167,10372.766132400335,10387.489398237281,66.08802178769263,0.015131335395257926,0.015131335040269096,geom2,49
mixture,0.0022500000000000003,5183.383066200167,10372.766132400335,10387.489398237281,66.0880221715643,0.015131335009644191,0.015131334955007108,geom2,49
mixture,0.004000000000000002,5183.383066200167,10372.766132400335,10387.489398237281,66.08802201885533,0.015131335153574335,0.015131334989437325,geom2,49
mixture,0.004250000000000002,5183.383066200167,10372.766132400335,10387.489398237281,66.08802184438413,0.015131335301927324,0.015131335028879879,geom2,49
mixture,0.003000000000000001,5183.383066200168,10372.766132400337,10387.489398237283,66.08802227055683,0.015131334961303616,0.015131334932378204,geom2,49
mixture,0.0025000000000000005,5183.383066200168,10372.766132400337,10387.489398237283,66.08802188225735,0.015131335224292847,0.015131335020860398,geom2,49
mixture,0.0037500000000000016,5183.383066200168,10372.766132400337,10387.489398237283,66.08802193475505,0.0151313351467296,0.01513133500883213,geom2,49
mixture,0.004500000000000002,5183.383066200169,10372.766132400338,10387.489398237285,66.08802252849253,0.01513133530737116,0.015131334871447062,geom2,49
mixture,0.009750000000000007,5183.383066200169,10372.766132400338,10387.489398237285,66.08802171881747,0.015131335516234417,0.015131335054285731,geom2,49
mixture,0.006750000000000004,5183.383066200171,10372.766132400342,10387.489398237289,66.08802254754904,0.015131335291426982,0.015131334866175138,geom2,49
mixture,0.007500000000000005,5183.383066200171,10372.766132400342,10387.489398237289,66.08802257465008,0.015131335153318095,0.015131334860645568,geom2,49
mixture,0.0070000000000000045,5183.383066200172,10372.766132400344,10387.48939823729,66.08802208785725,0.01513133512737947,0.015131334973216238,geom2,49
null,,5183.383066200168,10368.766132400337,10373.673887679319,66.08802233964234,0.015131334916647346,,geom2,49
sum,,5179.446409725597,10360.892819451194,10365.800574730176,98.6604335674911,0.020271550891085947,,geom2,49
mixture,0.5,5181.643397329577,10369.286794659154,10384.0100604961,65.97401235911258,0.015157483442976866,0.015157483442976866,geom2,50
mixture,0.45,5181.643397329581,10369.286794659161,10384.010060496108,65.97401327879402,0.015157483275795157,0.01515748319558705,geom2,50
mixture,0.35000000000000003,5181.6433973295825,10369.286794659165,10384.010060496112,65.97401436663587,0.015157483746647538,0.015157482569881817,geom2,50
mixture,0.4,5181.643397329583,10369.286794659167,10384.010060496114,65.97401399054965,0.01515748329953455,0.015157482913902544,geom2,50
mixture,0.25,5181.643397329584,10369.286794659169,10384.010060496115,65.97401497123472,0.015157485346107877,0.015157482008422415,geom2,50
mixture,0.3,5181.643397329586,10369.286794659172,10384.010060496119,65.97401473071073,0.015157483649130395,0.015157482576235365,geom2,50
mixture,0.2,5181.64339732959,10369.28679465918,10384.010060496126,65.97401626198891,0.015157484483638956,0.015157482061957587,geom2,50
mixture,0.15000000000000002,5181.643397329593,10369.286794659187,10384.010060496134,65.97401772445403,0.015157484390482296,0.015157481825554367,geom2,50
mixture,0.1,5181.643397329601,10369.286794659201,10384.010060496148,65.9740188752407,0.015157484189456116,0.015157481696617263,geom2,50
mixture,0.05,5181.643397329608,10369.286794659216,10384.010060496163,65.97401982690812,0.015157482824425934,0.015157481669510458,geom2,50
mixture,0.0027500000000000007,5181.64339732961,10369.28679465922,10384.010060496166,65.97402125110668,0.015157481495125203,0.0151574813997855,geom2,50
mixture,0.003250000000000001,5181.643397329611,10369.286794659221,10384.010060496168,65.97402140805514,0.015157481415263387,0.015157481363821706,geom2,50
mixture,0.010000000000000007,5181.643397329611,10369.286794659221,10384.010060496168,65.97402125386452,0.015157481639337052,0.015157481396990607,geom2,50
mixture,0.0037500000000000016,5181.643397329612,10369.286794659223,10384.01006049617,65.97402150999048,0.01515748142823295,0.015157481340239348,geom2,50
mixture,0.0035000000000000014,5181.643397329612,10369.286794659223,10384.01006049617,65.9740213788778,0.015157481455233948,0.015157481370395432,geom2,50
mixture,0.0025000000000000005,5181.643397329612,10369.286794659223,10384.01006049617,65.9740213085215,0.015157481436852355,0.015157481386731366,geom2,50
mixture,0.009500000000000007,5181.643397329612,10369.286794659223,10384.01006049617,65.97402113141723,0.015157481616423722,0.0151574814257347,geom2,50
mixture,0.009250000000000006,5181.643397329612,10369.286794659223,10384.01006049617,65.97402129161556,0.015157481656368682,0.0151574813882608,geom2,50
mixture,0.007250000000000005,5181.643397329612,10369.286794659223,10384.01006049617,65.97402124388846,0.015157481538347308,0.01515748140070818,geom2,50
mixture,0.007500000000000005,5181.643397329612,10369.286794659223,10384.01006049617,65.97402115492632,0.01515748151918703,0.01515748142141173,geom2,50
mixture,0.005000000000000003,5181.643397329612,10369.286794659223,10384.01006049617,65.97402167907732,0.015157481545528885,0.01515748130049659,geom2,50
mixture,0.005750000000000003,5181.6433973296125,10369.286794659225,10384.010060496172,65.97402174687146,0.01515748150137089,0.0151574812849014,geom2,50
mixture,0.004000000000000002,5181.6433973296125,10369.286794659225,10384.010060496172,65.9740218853847,0.015157481375277924,0.015157481253837026,geom2,50
mixture,0.007750000000000005,5181.6433973296125,10369.286794659225,10384.010060496172,65.97402125059944,0.015157481578591914,0.015157481398770604,geom2,50
mixture,0.0070000000000000045,5181.643397329613,10369.286794659227,10384.010060496174,65.97402166028097,0.015157481401537979,0.015157481305367001,geom2,50
mixture,0.0022500000000000003,5181.643397329613,10369.286794659227,10384.010060496174,65.97402121632297,0.015157481545467292,0.015157481407729304,geom2,50
mixture,0.009000000000000006,5181.643397329613,10369.286794659227,10384.010060496174,65.97402166271748,0.015157481662867092,0.01515748130223472,geom2,50
mixture,0.003000000000000001,5181.643397329613,10369.286794659227,10384.010060496174,65.9740220233051,0.015157481260353618,0.015157481222522189,geom2,50
mixture,0.005250000000000003,5181.643397329614,10369.286794659229,10384.010060496175,65.97402171337647,0.015157481619648205,0.015157481292122034,geom2,50
mixture,0.0047500000000000025,5181.643397329615,10369.28679465923,10384.010060496177,65.97402184691354,0.015157481246852926,0.015157481263239342,geom2,50
mixture,0.008250000000000006,5181.643397329615,10369.28679465923,10384.010060496177,65.9740212813836,0.015157481575057459,0.015157481391577876,geom2,50
mixture,0.004250000000000002,5181.643397329615,10369.28679465923,10384.010060496177,65.97402140708107,0.015157481411872953,0.015157481364009264,geom2,50
mixture,0.006750000000000004,5181.643397329615,10369.28679465923,10384.010060496177,65.97402119135151,0.015157481680122827,0.015157481411966331,geom2,50
mixture,0.004500000000000002,5181.643397329615,10369.28679465923,10384.010060496177,65.97402199949055,0.015157481444885695,0.015157481227127146,geom2,50
mixture,0.005500000000000003,5181.643397329615,10369.28679465923,10384.010060496177,65.97402109321898,0.015157481605608553,0.01515748143538604,geom2,50
mixture,0.006250000000000004,5181.643397329615,10369.28679465923,10384.010060496177,65.97402143094806,0.015157481504063213,0.015157481357815212,geom2,50
mixture,0.008000000000000005,5181.643397329615,10369.28679465923,10384.010060496177,65.97402160626527,0.015157481650324134,0.015157481315773864,geom2,50
mixture,0.006000000000000004,5181.643397329616,10369.286794659232,10384.010060496179,65.97402242024936,0.015157481283086865,0.015157481130522656,geom2,50
mixture,0.006500000000000004,5181.643397329616,10369.286794659232,10384.010060496179,65.97402173361867,0.0151574814686435,0.015157481288016849,geom2,50
mixture,0.008750000000000006,5181.643397329616,10369.286794659232,10384.010060496179,65.97402242804992,0.015157481355715931,0.015157481127650294,geom2,50
mixture,0.008500000000000006,5181.643397329617,10369.286794659234,10384.01006049618,65.97402180933165,0.015157481455238032,0.015157481270223297,geom2,50
mixture,0.009750000000000007,5181.643397329618,10369.286794659236,10384.010060496183,65.97402176066211,0.01515748155733909,0.015157481280276344,geom2,50
mixture,0.002,5181.643397329619,10369.286794659238,10384.010060496184,65.97402266909837,0.015157480947216325,0.015157481074519778,geom2,50
null,,5181.643397329617,10365.286794659234,10370.194549938216,65.9740220995914,0.015157481205108963,,geom2,50
sum,,5176.697234932756,10355.394469865512,10360.302225144495,98.46556255077492,0.020311669869033416,,geom2,50
mixture,0.4,5185.652290544031,10377.304581088061,10392.027846925008,66.23701260141337,0.015097300256493576,0.015097298562156816,geom2,51
mixture,0.45,5185.652290544031,10377.304581088061,10392.027846925008,66.23701241965584,0.015097299730915262,0.01509729891346787,geom2,51
mixture,0.5,5185.6522905440315,10377.304581088063,10392.02784692501,66.23701302442377,0.015097299143475372,0.015097299143475372,geom2,51
mixture,0.35000000000000003,5185.652290544032,10377.304581088065,10392.027846925012,66.2370131990695,0.015097301164876951,0.015097297993787478,geom2,51
mixture,0.3,5185.652290544035,10377.30458108807,10392.027846925017,66.23701342927046,0.015097301569685249,0.01509729797184843,geom2,51
mixture,0.25,5185.652290544038,10377.304581088076,10392.027846925022,66.23701477287722,0.015097301600033902,0.015097297793259759,geom2,51
mixture,0.2,5185.65229054404,10377.30458108808,10392.027846925026,66.23701535122068,0.01509730149318211,0.015097297893119893,geom2,51
mixture,0.15000000000000002,5185.652290544045,10377.30458108809,10392.027846925037,66.23701725928578,0.015097301724699863,0.015097297552382476,geom2,51
mixture,0.1,5185.652290544051,10377.304581088101,10392.027846925048,66.23701865069314,0.015097299980925624,0.01509729762555127,geom2,51
mixture,0.05,5185.652290544057,10377.304581088114,10392.02784692506,66.2370202543972,0.015097298688896811,0.015097297432751728,geom2,51
mixture,0.009250000000000006,5185.6522905440615,10377.304581088123,10392.02784692507,66.23702117505368,0.015097297580681467,0.015097297282961318,geom2,51
mixture,0.009750000000000007,5185.652290544062,10377.304581088125,10392.027846925072,66.23702135837502,0.01509729745832938,0.015097297241820126,geom2,51
mixture,0.0047500000000000025,5185.652290544063,10377.304581088127,10392.027846925073,66.23702142988944,0.015097297369603777,0.015097297226953335,geom2,51
mixture,0.005500000000000003,5185.652290544063,10377.304581088127,10392.027846925073,66.23702177961653,0.015097297294737237,0.015097297147106226,geom2,51
mixture,0.004500000000000002,5185.652290544063,10377.304581088127,10392.027846925073,66.23702144837102,0.015097297385311723,0.015097297222686637,geom2,51
mixture,0.010000000000000007,5185.652290544064,10377.304581088129,10392.027846925075,66.2370213781874,0.01509729747545608,0.015097297237031033,geom2,51
mixture,0.008000000000000005,5185.652290544065,10377.30458108813,10392.027846925077,66.23702122825875,0.015097297535840222,0.015097297271473348,geom2,51
mixture,0.006750000000000004,5185.652290544065,10377.30458108813,10392.027846925077,66.23702133654446,0.01509729743101943,0.01509729724766928,geom2,51
mixture,0.006500000000000004,5185.652290544065,10377.30458108813,10392.027846925077,66.23702204646935,0.015097297300514113,0.015097297085698564,geom2,51
mixture,0.0070000000000000045,5185.652290544065,10377.30458108813,10392.027846925077,66.23702170361528,0.015097297509916964,0.015097297162811297,geom2,51
mixture,0.006250000000000004,5185.652290544065,10377.30458108813,10392.027846925077,66.23702137927,0.015097297471883625,0.015097297237704916,geom2,51
mixture,0.0027500000000000007,5185.652290544065,10377.30458108813,10392.027846925077,66.23702148007938,0.015097297292910823,0.015097297215979653,geom2,51
mixture,0.004250000000000002,5185.652290544065,10377.30458108813,10392.027846925077,66.23702190902937,0.015097297253774832,0.01509729711784363,geom2,51
mixture,0.0022500000000000003,5185.652290544065,10377.30458108813,10392.027846925077,66.23702153528087,0.015097297291149003,0.01509729720341182,geom2,51
mixture,0.005750000000000003,5185.652290544065,10377.30458108813,10392.027846925077,66.2370214204102,0.01509729736884246,0.015097297228987346,geom2,51
mixture,0.005250000000000003,5185.652290544065,10377.30458108813,10392.027846925077,66.23702190745593,0.015097297341528265,0.01509729711760437,geom2,51
mixture,0.007750000000000005,5185.652290544065,10377.30458108813,10392.027846925077,66.23702133336452,0.015097297569325718,0.015097297247134715,geom2,51
mixture,0.003000000000000001,5185.652290544065,10377.30458108813,10392.027846925077,66.23702165349609,0.015097297317190294,0.01509729717624178,geom2,51
mixture,0.0035000000000000014,5185.652290544065,10377.30458108813,10392.027846925077,66.23702165027798,0.015097297208858707,0.015097297177287625,geom2,51
mixture,0.006000000000000004,5185.652290544065,10377.30458108813,10392.027846925077,66.23702185489832,0.01509729728607544,0.015097297129821819,geom2,51
mixture,0.009000000000000006,5185.652290544067,10377.304581088134,10392.02784692508,66.23702186768674,0.015097297587839393,0.015097297123666944,geom2,51
mixture,0.008750000000000006,5185.652290544067,10377.304581088134,10392.02784692508,66.23702138490289,0.01509729740233223,0.01509729723643302,geom2,51
mixture,0.0037500000000000016,5185.652290544067,10377.304581088134,10392.02784692508,66.2370216238252,0.015097297219857786,0.015097297183290332,geom2,51
mixture,0.008500000000000006,5185.652290544067,10377.304581088134,10392.02784692508,66.23702135582252,0.015097297423979094,0.015097297242974338,geom2,51
mixture,0.007250000000000005,5185.652290544068,10377.304581088136,10392.027846925082,66.23702216505433,0.015097297256062668,0.01509729705863463,geom2,51
mixture,0.003250000000000001,5185.652290544069,10377.304581088138,10392.027846925084,66.23702225802202,0.015097297123561712,0.01509729703859988,geom2,51
mixture,0.004000000000000002,5185.652290544069,10377.304581088138,10392.027846925084,66.2370215846423,0.015097297350725708,0.015097297191722338,geom2,51
mixture,0.005000000000000003,5185.652290544069,10377.304581088138,10392.027846925084,66.2370222120287,0.0150972971688043,0.015097297048758961,geom2,51
mixture,0.009500000000000007,5185.652290544069,10377.304581088138,10392.027846925084,66.23702131478717,0.015097297523904863,0.015097297251276025,geom2,51
mixture,0.008250000000000006,5185.65229054407,10377.30458108814,10392.027846925086,66.23702186080241,0.015097297366187668,0.015097297127443992,geom2,51
mixture,0.002,5185.6522905440725,10377.304581088145,10392.027846925092,66.2370220837326,0.015097297309917762,0.015097297078137955,geom2,51
mixture,0.007500000000000005,5185.6522905440725,10377.304581088145,10392.027846925092,66.23702207242957,0.015097297257134984,0.015097297079848141,geom2,51
mixture,0.0025000000000000005,5185.652290544074,10377.304581088149,10392.027846925095,66.23702232314643,0.015097297050153518,0.015097297023966838,geom2,51
null,,5185.652290544069,10373.304581088138,10378.21233636712,66.23702161929442,0.015097297184460153,,geom2,51
sum,,5183.876904707229,10369.753809414458,10374.66156469344,99.1017194160809,0.020181284560795085,,geom2,51
mixture,0.45,5263.657056743296,10533.314113486593,10548.03737932354,71.57000809497032,0.013972333949196803,0.013972332581187474,geom2,52
mixture,0.3,5263.657056743298,10533.314113486596,10548.037379323543,71.57000966158903,0.013972335782139047,0.013972331651864763,geom2,52
mixture,0.5,5263.657056743298,10533.314113486596,10548.037379323543,71.57000757962038,0.013972333297401395,0.013972333297401395,geom2,52
mixture,0.35000000000000003,5263.657056743299,10533.314113486598,10548.037379323545,71.57000911615566,0.013972335438176713,0.01397233168318153,geom2,52
mixture,0.4,5263.6570567433,10533.3141134866,10548.037379323547,71.57000912743015,0.013972334583776414,0.01397233193619682,geom2,52
mixture,0.25,5263.657056743301,10533.314113486602,10548.037379323549,71.57001128972844,0.013972336040221188,0.013972331417382003,geom2,52
mixture,0.2,5263.657056743304,10533.314113486607,10548.037379323554,71.57001191997489,0.013972336019683137,0.013972331557643217,geom2,52
mixture,0.15000000000000002,5263.657056743305,10533.31411348661,10548.037379323556,71.57001345999488,0.013972335511620018,0.013972331556065955,geom2,52
mixture,0.1,5263.657056743306,10533.314113486613,10548.03737932356,71.57001471451767,0.0139723344340994,0.013972331623414989,geom2,52
mixture,0.004000000000000002,5263.657056743316,10533.314113486633,10548.03737932358,71.57001853231789,0.013972331282047838,0.01397233115865576,geom2,52
mixture,0.05,5263.657056743316,10533.314113486633,10548.03737932358,71.57001727839477,0.01397233284038634,0.01397233132834575,geom2,52
mixture,0.004500000000000002,5263.657056743317,10533.314113486635,10548.037379323581,71.57001832633394,0.013972331341573397,0.013972331198719918,geom2,52
mixture,0.007250000000000005,5263.657056743317,10533.314113486635,10548.037379323581,71.5700184854668,0.013972331386276803,0.013972331166703976,geom2,52
mixture,0.005750000000000003,5263.657056743318,10533.314113486636,10548.037379323583,71.5700185233359,0.013972331351666608,0.013972331159799607,geom2,52
mixture,0.008500000000000006,5263.657056743319,10533.314113486638,10548.037379323585,71.57001908961016,0.01397233136580827,0.013972331047646997,geom2,52
mixture,0.009500000000000007,5263.657056743319,10533.314113486638,10548.037379323585,71.57001840316167,0.013972331485818655,0.013972331181472697,geom2,52
mixture,0.007500000000000005,5263.657056743319,10533.314113486638,10548.037379323585,71.57001855397885,0.013972331382973734,0.013972331153197218,geom2,52
mixture,0.010000000000000007,5263.657056743319,10533.314113486638,10548.037379323585,71.57001904181304,0.013972331417052399,0.013972331056072812,geom2,52
mixture,0.0047500000000000025,5263.657056743319,10533.314113486638,10548.037379323585,71.57001839886551,0.013972331383441729,0.013972331184256575,geom2,52
mixture,0.005250000000000003,5263.65705674332,10533.31411348664,10548.037379323587,71.57001933947578,0.013972331164308852,0.013972331000712209,geom2,52
mixture,0.0035000000000000014,5263.657056743321,10533.314113486642,10548.037379323589,71.5700186494599,0.013972331252573337,0.013972331135871702,geom2,52
mixture,0.007750000000000005,5263.657056743321,10533.314113486642,10548.037379323589,71.57001900915688,0.013972331388630329,0.013972331063538478,geom2,52
mixture,0.009250000000000006,5263.657056743321,10533.314113486642,10548.037379323589,71.57001844163663,0.01397233146789169,0.013972331174135424,geom2,52
mixture,0.008000000000000005,5263.657056743321,10533.314113486642,10548.037379323589,71.57001916931661,0.013972331310964746,0.01397233103256338,geom2,52
mixture,0.008250000000000006,5263.657056743322,10533.314113486644,10548.03737932359,71.57001845101786,0.013972331437950498,0.013972331172834,geom2,52
mixture,0.0070000000000000045,5263.657056743322,10533.314113486644,10548.03737932359,71.57001832496613,0.013972331450232148,0.013972331197863206,geom2,52
mixture,0.005000000000000003,5263.657056743322,10533.314113486644,10548.03737932359,71.57001857302537,0.013972331302489394,0.013972331150441929,geom2,52
mixture,0.0025000000000000005,5263.657056743322,10533.314113486644,10548.03737932359,71.57001865038636,0.013972331144778825,0.013972331136077536,geom2,52
mixture,0.006750000000000004,5263.657056743322,10533.314113486644,10548.03737932359,71.57001907386856,0.01397233129048346,0.013972331051813513,geom2,52
mixture,0.0027500000000000007,5263.657056743323,10533.314113486646,10548.037379323592,71.57001935990596,0.013972331057217303,0.013972330997418141,geom2,52
mixture,0.0022500000000000003,5263.657056743323,10533.314113486646,10548.037379323592,71.57001861907702,0.01397233118010529,0.013972331142126234,geom2,52
mixture,0.005500000000000003,5263.657056743323,10533.314113486646,10548.037379323592,71.57001913364448,0.013972331240448567,0.013972331040655862,geom2,52
mixture,0.002,5263.657056743323,10533.314113486646,10548.037379323592,71.57001875856504,0.013972331215500112,0.01397233111477855,geom2,52
mixture,0.0037500000000000016,5263.657056743323,10533.314113486646,10548.037379323592,71.57001929235372,0.013972331145824687,0.013972331010262184,geom2,52
mixture,0.003250000000000001,5263.657056743323,10533.314113486646,10548.037379323592,71.57001938941434,0.013972331080981958,0.013972330991531067,geom2,52
mixture,0.009750000000000007,5263.657056743323,10533.314113486646,10548.037379323592,71.5700180684201,0.013972331586061898,0.013972331246402578,geom2,52
mixture,0.006500000000000004,5263.657056743323,10533.314113486646,10548.037379323592,71.570019260047,0.013972331204202378,0.013972331015853389,geom2,52
mixture,0.006250000000000004,5263.657056743323,10533.314113486646,10548.037379323592,71.57001847490778,0.013972331394274676,0.01397233116894899,geom2,52
mixture,0.008750000000000006,5263.657056743323,10533.314113486646,10548.037379323592,71.57001810935724,0.013972331547807427,0.013972331239020372,geom2,52
mixture,0.009000000000000006,5263.657056743324,10533.314113486647,10548.037379323594,71.57001898800155,0.013972331396468442,0.013972331067224819,geom2,52
mixture,0.003000000000000001,5263.657056743324,10533.314113486647,10548.037379323594,71.57001861243151,0.013972331230121022,0.013972331143248444,geom2,52
mixture,0.006000000000000004,5263.657056743325,10533.31411348665,10548.037379323596,71.57001921911234,0.013972331303694312,0.013972331023387328,geom2,52
mixture,0.004250000000000002,5263.657056743326,10533.314113486653,10548.0373793236,71.57001913130856,0.01397233125505498,0.013972331041302303,geom2,52
null,,5263.657056743357,10529.314113486715,10534.221868765697,71.5700268338928,0.013972329538465935,,geom2,52
sum,,5260.385837812226,10522.771675624452,10527.679430903434,106.88822701760112,0.018711134573040144,,geom2,52
mixture,0.5,5190.750646868083,10387.501293736166,10402.224559573113,66.57301276942047,0.015021101770826543,0.015021101770826543,geom2,53
mixture,0.4,5190.750646868088,10387.501293736175,10402.224559573122,66.57301335622255,0.01502110286562442,0.015021100820291065,geom2,53
mixture,0.45,5190.750646868088,10387.501293736175,10402.224559573122,66.57301355778486,0.015021102075118161,0.015021101198439949,geom2,53
mixture,0.35000000000000003,5190.7506468680895,10387.501293736179,10402.224559573126,66.57301442514097,0.01502110316017881,0.015021100447966266,geom2,53
mixture,0.3,5190.750646868091,10387.501293736183,10402.22455957313,66.57301466064835,0.015021103669300418,0.015021100347588886,geom2,53
mixture,0.25,5190.750646868095,10387.50129373619,10402.224559573137,66.57301576473677,0.015021103555538469,0.015021100274797866,geom2,53
mixture,0.2,5190.7506468681,10387.5012937362,10402.224559573147,66.57301730430353,0.01502110299366926,0.015021100186089145,geom2,53
mixture,0.15000000000000002,5190.750646868102,10387.501293736204,10402.224559573151,66.57301741492877,0.01502110302936141,0.01502110031557668,geom2,53
mixture,0.1,5190.750646868111,10387.501293736223,10402.22455957317,66.57301891982041,0.01502110219478453,0.015021100181791099,geom2,53
mixture,0.009750000000000007,5190.750646868117,10387.501293736233,10402.22455957318,66.57302146347371,0.015021100062130253,0.015021099806666377,geom2,53
mixture,0.05,5190.750646868118,10387.501293736235,10402.224559573182,66.57302038446936,0.015021101074018191,0.015021099998858645,geom2,53
mixture,0.0047500000000000025,5190.750646868119,10387.501293736237,10402.224559573184,66.57302157392837,0.015021100006585748,0.01502109978317368,geom2,53
mixture,0.008000000000000005,5190.750646868119,10387.501293736237,10402.224559573184,66.57302170285783,0.015021099938651509,0.015021099753664193,geom2,53
mixture,0.010000000000000007,5190.7506468681195,10387.501293736239,10402.224559573186,66.57302204433647,0.01502110002022809,0.015021099674639203,geom2,53
mixture,0.006250000000000004,5190.7506468681195,10387.501293736239,10402.224559573186,66.57302161825685,0.01502109995456471,0.01502109977309874,geom2,53
mixture,0.005250000000000003,5190.75064686812,10387.50129373624,10402.224559573187,66.57302245950062,0.015021099704476713,0.015021099583786555,geom2,53
mixture,0.003250000000000001,5190.75064686812,10387.50129373624,10402.224559573187,66.5730216747714,0.015021099879152022,0.015021099761097655,geom2,53
mixture,0.009000000000000006,5190.750646868121,10387.501293736243,10402.22455957319,66.5730217389468,0.015021099945292589,0.015021099745200378,geom2,53
mixture,0.0070000000000000045,5190.750646868121,10387.501293736243,10402.22455957319,66.57302156800344,0.015021099995764842,0.015021099784090025,geom2,53
mixture,0.005750000000000003,5190.750646868121,10387.501293736243,10402.22455957319,66.57302169917807,0.015021099819085252,0.015021099755609382,geom2,53
mixture,0.007500000000000005,5190.750646868121,10387.501293736243,10402.22455957319,66.57302232430582,0.015021099819365497,0.015021099613379753,geom2,53
mixture,0.003000000000000001,5190.750646868122,10387.501293736244,10402.224559573191,66.57302183187532,0.015021099814716906,0.01502109972576658,geom2,53
mixture,0.009500000000000007,5190.750646868122,10387.501293736244,10402.224559573191,66.573022216717,0.015021099866925302,0.015021099637016143,geom2,53
mixture,0.008250000000000006,5190.750646868122,10387.501293736244,10402.224559573191,66.5730217020829,0.015021099925886605,0.015021099753900055,geom2,53
mixture,0.0037500000000000016,5190.750646868122,10387.501293736244,10402.224559573191,66.5730218111892,0.015021099801031465,0.01502109973043618,geom2,53
mixture,0.002,5190.750646868122,10387.501293736244,10402.224559573191,66.57302228430731,0.015021099662862879,0.015021099623871664,geom2,53
mixture,0.008500000000000006,5190.750646868122,10387.501293736244,10402.224559573191,66.57302157918431,0.015021100037020516,0.015021099780871709,geom2,53
mixture,0.005500000000000003,5190.750646868123,10387.501293736246,10402.224559573193,66.57302192563563,0.015021099827659604,0.015021099704198937,geom2,53
mixture,0.007250000000000005,5190.750646868123,10387.501293736246,10402.224559573193,66.57302257257741,0.01502109976062095,0.01502109955743316,geom2,53
mixture,0.008750000000000006,5190.750646868124,10387.501293736248,10402.224559573195,66.57302220843674,0.015021099984997805,0.01502109963803264,geom2,53
mixture,0.007750000000000005,5190.750646868124,10387.501293736248,10402.224559573195,66.57302283847291,0.015021099986742106,0.015021099495101144,geom2,53
mixture,0.006500000000000004,5190.750646868124,10387.501293736248,10402.224559573195,66.573022460528,0.015021099715747275,0.015021099583327641,geom2,53
mixture,0.004500000000000002,5190.750646868124,10387.501293736248,10402.224559573195,66.57302305730519,0.015021099596625804,0.015021099448870588,geom2,53
mixture,0.004250000000000002,5190.750646868124,10387.501293736248,10402.224559573195,66.57302182868231,0.01502109982651189,0.015021099726328101,geom2,53
mixture,0.004000000000000002,5190.750646868124,10387.501293736248,10402.224559573195,66.57302195575484,0.015021099726207325,0.015021099697969116,geom2,53
mixture,0.009250000000000006,5190.750646868124,10387.501293736248,10402.224559573195,66.57302223741684,0.015021099910947765,0.015021099631948967,geom2,53
mixture,0.005000000000000003,5190.750646868125,10387.50129373625,10402.224559573197,66.57302321600967,0.015021099677097,0.015021099412402978,geom2,53
mixture,0.006000000000000004,5190.750646868125,10387.50129373625,10402.224559573197,66.57302236131913,0.015021099840538761,0.015021099605160938,geom2,53
mixture,0.0027500000000000007,5190.750646868125,10387.50129373625,10402.224559573197,66.57302250931558,0.015021099642891106,0.015021099572988025,geom2,53
mixture,0.006750000000000004,5190.750646868125,10387.50129373625,10402.224559573197,66.5730223478083,0.015021099823075939,0.015021099608171091,geom2,53
mixture,0.0022500000000000003,5190.750646868126,10387.501293736252,10402.224559573198,66.57302246933754,0.015021099873807751,0.015021099581543044,geom2,53
mixture,0.0035000000000000014,5190.750646868126,10387.501293736252,10402.224559573198,66.57302312361112,0.015021099523143648,0.015021099434263569,geom2,53
mixture,0.0025000000000000005,5190.750646868126,10387.501293736252,10402.224559573198,66.57302215889528,0.015021099852467093,0.015021099651744987,geom2,53
null,,5190.750646868121,10383.501293736243,10388.409049015225,66.57302183068627,0.015021099726301721,,geom2,53
sum,,5185.578050965599,10373.156101931198,10378.06385721018,99.3222016411709,0.020136484763251188,,geom2,53
mixture,0.5,5194.074829626966,10394.149659253932,10408.872925090878,66.79301324416973,0.014971625794817525,0.014971625794817525,geom2,54
mixture,0.4,5194.0748296269685,10394.149659253937,10408.872925090884,66.7930139385072,0.014971626774060992,0.014971624882596221,geom2,54
mixture,0.45,5194.0748296269685,10394.149659253937,10408.872925090884,66.79301280005811,0.014971626426168788,0.014971625459252765,geom2,54
mixture,0.3,5194.074829626971,10394.149659253942,10408.87292509089,66.79301443407239,0.014971627762677556,0.014971624570426034,geom2,54
mixture,0.35000000000000003,5194.074829626972,10394.149659253944,10408.872925090891,66.79301470113091,0.014971627565621213,0.014971624338881582,geom2,54
mixture,0.25,5194.074829626976,10394.149659253952,10408.872925090898,66.79301568270391,0.014971628949881832,0.01497162401433464,geom2,54
mixture,0.2,5194.074829626978,10394.149659253955,10408.872925090902,66.7930163151005,0.01497162764569218,0.014971624471664235,geom2,54
mixture,0.15000000000000002,5194.074829626983,10394.149659253966,10408.872925090913,66.79301813702443,0.014971627151117333,0.014971624265198533,geom2,54
mixture,0.1,5194.0748296269885,10394.149659253977,10408.872925090924,66.79301928352841,0.01497162765691837,0.014971624083784645,geom2,54
mixture,0.005750000000000003,5194.074829626998,10394.149659253995,10408.872925090942,66.79302175309552,0.014971624070034587,0.014971623886490253,geom2,54
mixture,0.009250000000000006,5194.0748296269985,10394.149659253997,10408.872925090944,66.79302182351256,0.014971624038406201,0.014971623870205836,geom2,54
mixture,0.006000000000000004,5194.074829626999,10394.149659253999,10408.872925090946,66.79302187578105,0.014971624045314985,0.014971623858927405,geom2,54
mixture,0.05,5194.074829626999,10394.149659253999,10408.872925090946,66.79302103396272,0.014971625134646081,0.014971623991585905,geom2,54
mixture,0.002,5194.074829627,10394.149659254,10408.872925090947,66.79302205540671,0.014971623859009473,0.014971623819704115,geom2,54
mixture,0.005500000000000003,5194.074829627001,10394.149659254002,10408.87292509095,66.79302240739791,0.014971623985857954,0.01497162373952926,geom2,54
mixture,0.005000000000000003,5194.074829627002,10394.149659254004,10408.872925090951,66.79302233741511,0.014971624072543004,0.014971623754982875,geom2,54
mixture,0.004500000000000002,5194.074829627003,10394.149659254006,10408.872925090953,66.79302195085467,0.014971623935487713,0.014971623842800926,geom2,54
mixture,0.005250000000000003,5194.074829627003,10394.149659254006,10408.872925090953,66.79302235310132,0.014971623831957635,0.014971623752638195,geom2,54
mixture,0.003250000000000001,5194.074829627003,10394.149659254006,10408.872925090953,66.79302245977523,0.014971623959917505,0.014971623728391257,geom2,54
mixture,0.009000000000000006,5194.074829627003,10394.149659254006,10408.872925090953,66.79302173550997,0.01497162413482384,0.014971623889277507,geom2,54
mixture,0.006500000000000004,5194.074829627003,10394.149659254006,10408.872925090953,66.79302257558251,0.014971623842323123,0.014971623702275257,geom2,54
mixture,0.010000000000000007,5194.074829627003,10394.149659254006,10408.872925090953,66.79302227216725,0.014971624259652462,0.01497162376626205,geom2,54
mixture,0.0047500000000000025,5194.074829627003,10394.149659254006,10408.872925090953,66.79302184963561,0.014971624020762063,0.014971623865167141,geom2,54
mixture,0.0035000000000000014,5194.074829627003,10394.149659254006,10408.872925090953,66.79302205523692,0.014971623943702096,0.014971623819385677,geom2,54
mixture,0.003000000000000001,5194.074829627003,10394.149659254006,10408.872925090953,66.79302257450293,0.014971623808178656,0.01497162370311236,geom2,54
mixture,0.008250000000000006,5194.074829627003,10394.149659254006,10408.872925090953,66.79302231344265,0.01497162423982213,0.014971623757968806,geom2,54
mixture,0.007250000000000005,5194.074829627004,10394.149659254008,10408.872925090955,66.79302250698514,0.014971623952294148,0.014971623716854702,geom2,54
mixture,0.004250000000000002,5194.074829627004,10394.149659254008,10408.872925090955,66.7930226213121,0.014971623822583238,0.014971623692381949,geom2,54
mixture,0.007500000000000005,5194.074829627004,10394.149659254008,10408.872925090955,66.79302182848484,0.014971624074699635,0.014971623869105197,geom2,54
mixture,0.004000000000000002,5194.074829627005,10394.14965925401,10408.872925090956,66.79302259934892,0.014971623807500542,0.01497162369741801,geom2,54
mixture,0.006750000000000004,5194.074829627005,10394.14965925401,10408.872925090956,66.79302247232894,0.01497162404978711,0.014971623724131633,geom2,54
mixture,0.007750000000000005,5194.074829627005,10394.14965925401,10408.872925090956,66.79302310010706,0.014971623939601716,0.014971623582848812,geom2,54
mixture,0.008750000000000006,5194.074829627005,10394.14965925401,10408.872925090956,66.79302321652392,0.014971623799197054,0.014971623557403167,geom2,54
mixture,0.008500000000000006,5194.074829627006,10394.149659254012,10408.872925090958,66.7930218562238,0.014971624038277256,0.014971623862939107,geom2,54
mixture,0.0022500000000000003,5194.074829627006,10394.149659254012,10408.872925090958,66.7930228437191,0.014971623610911828,0.014971623643155433,geom2,54
mixture,0.0070000000000000045,5194.074829627007,10394.149659254013,10408.87292509096,66.79302236258604,0.014971624086485719,0.014971623748563166,geom2,54
mixture,0.006250000000000004,5194.074829627007,10394.149659254013,10408.87292509096,66.793022473964,0.014971624007477796,0.014971623724192779,geom2,54
mixture,0.009750000000000007,5194.074829627007,10394.149659254013,10408.87292509096,66.79302293308312,0.014971624077777084,0.014971623618574757,geom2,54
mixture,0.008000000000000005,5194.074829627007,10394.149659254013,10408.87292509096,66.7930231953714,0.014971623762345369,0.014971623562662727,geom2,54
mixture,0.0037500000000000016,5194.074829627008,10394.149659254015,10408.872925090962,66.7930233651503,0.014971623581774864,0.014971623525995159,geom2,54
mixture,0.0025000000000000005,5194.0748296270085,10394.149659254017,10408.872925090964,66.79302269394844,0.01497162378065984,0.014971623676393238,geom2,54
mixture,0.009500000000000007,5194.0748296270085,10394.149659254017,10408.872925090964,66.79302261115507,0.014971623930235562,0.014971623692957863,geom2,54
mixture,0.0027500000000000007,5194.074829627009,10394.149659254019,10408.872925090966,66.79302283776367,0.014971623639095977,0.014971623644432464,geom2,54
null,,5194.074829627004,10390.149659254008,10395.05741453299,66.79302189558761,0.0149716238556061,,geom2,54
sum,,5189.844409866586,10381.688819733172,10386.596575012154,99.6897151183453,0.020062250129070255,,geom2,54
mixture,0.4,5177.311618089052,10360.623236178104,10375.34650201505,65.69101331719799,0.015222783301058466,0.015222781764708076,geom2,55
mixture,0.45,5177.311618089054,10360.623236178108,10375.346502015054,65.69101340125042,0.01522278285224292,0.015222781956838481,geom2,55
mixture,0.5,5177.311618089054,10360.623236178108,10375.346502015054,65.6910134566529,0.015222782346931875,0.015222782346931875,geom2,55
mixture,0.35000000000000003,5177.311618089056,10360.623236178111,10375.346502015058,65.69101413895875,0.015222783899496193,0.015222781267685321,geom2,55
mixture,0.3,5177.311618089059,10360.623236178119,10375.346502015065,65.6910142522661,0.015222784261958902,0.015222781262820593,geom2,55
mixture,0.25,5177.311618089061,10360.623236178122,10375.346502015069,65.6910153468795,0.015222784360833883,0.015222781091593966,geom2,55
mixture,0.2,5177.311618089063,10360.623236178126,10375.346502015072,65.6910159693191,0.015222784064573853,0.015222781189686601,geom2,55
mixture,0.15000000000000002,5177.311618089073,10360.623236178146,10375.346502015092,65.69101763398433,0.01522278370286534,0.015222780968795558,geom2,55
mixture,0.1,5177.311618089074,10360.623236178148,10375.346502015094,65.69101870262159,0.015222783661876174,0.01522278085008867,geom2,55
mixture,0.05,5177.3116180890775,10360.623236178155,10375.346502015102,65.69101976957735,0.015222781941531729,0.015222780828359858,geom2,55
mixture,0.003000000000000001,5177.311618089083,10360.623236178166,10375.346502015112,65.69102105677524,0.01522278072641332,0.015222780585308834,geom2,55
mixture,0.004500000000000002,5177.311618089083,10360.623236178166,10375.346502015112,65.69102103795339,0.015222780718669495,0.01522278058951259,geom2,55
mixture,0.008500000000000006,5177.311618089083,10360.623236178166,10375.346502015112,65.69102098166788,0.015222780749204525,0.015222780601884794,geom2,55
mixture,0.009250000000000006,5177.311618089084,10360.623236178168,10375.346502015114,65.69102138677746,0.015222781013209985,0.015222780504554667,geom2,55
mixture,0.008750000000000006,5177.311618089084,10360.623236178168,10375.346502015114,65.69102095862578,0.015222780854739165,0.015222780606302805,geom2,55
mixture,0.0025000000000000005,5177.311618089084,10360.623236178168,10375.346502015114,65.69102110564035,0.015222780682468432,0.015222780574137663,geom2,55
mixture,0.009000000000000006,5177.311618089085,10360.62323617817,10375.346502015116,65.69102152068744,0.015222780782500432,0.015222780475465046,geom2,55
mixture,0.009500000000000007,5177.311618089085,10360.62323617817,10375.346502015116,65.6910213941876,0.015222780915343744,0.01522278050363129,geom2,55
mixture,0.0027500000000000007,5177.311618089085,10360.62323617817,10375.346502015116,65.69102118990429,0.015222780642176914,0.015222780554641026,geom2,55
mixture,0.003250000000000001,5177.311618089085,10360.62323617817,10375.346502015116,65.69102158160129,0.01522278063696035,0.015222780463549022,geom2,55
mixture,0.006750000000000004,5177.311618089086,10360.623236178171,10375.346502015118,65.69102107173936,0.01522278071719072,0.015222780581347527,geom2,55
mixture,0.002,5177.311618089086,10360.623236178171,10375.346502015118,65.69102123828259,0.015222780576026695,0.015222780543606058,geom2,55
mixture,0.006000000000000004,5177.311618089086,10360.623236178171,10375.346502015118,65.69102151688753,0.015222780718293446,0.015222780477665157,geom2,55
mixture,0.009750000000000007,5177.311618089086,10360.623236178171,10375.346502015118,65.69102135435183,0.015222780860197424,0.01522278051339247,geom2,55
mixture,0.005000000000000003,5177.311618089086,10360.623236178171,10375.346502015118,65.69102117798704,0.015222780638990662,0.015222780557234592,geom2,55
mixture,0.006500000000000004,5177.311618089087,10360.623236178173,10375.34650201512,65.6910211262541,0.015222780726741826,0.015222780568603706,geom2,55
mixture,0.007500000000000005,5177.311618089087,10360.623236178173,10375.34650201512,65.6910215776523,0.01522278083541544,0.015222780462228823,geom2,55
mixture,0.005750000000000003,5177.311618089087,10360.623236178173,10375.34650201512,65.69102171371908,0.015222780571457543,0.015222780432698688,geom2,55
mixture,0.004250000000000002,5177.311618089087,10360.623236178173,10375.34650201512,65.69102166956073,0.015222780733548751,0.015222780442492513,geom2,55
mixture,0.005500000000000003,5177.311618089087,10360.623236178173,10375.34650201512,65.69102178345773,0.015222780455003602,0.015222780417127485,geom2,55
mixture,0.004000000000000002,5177.3116180890875,10360.623236178175,10375.346502015122,65.69102195348415,0.015222780420618205,0.015222780377763645,geom2,55
mixture,0.010000000000000007,5177.3116180890875,10360.623236178175,10375.346502015122,65.6910209476065,0.015222780773025845,0.015222780609393836,geom2,55
mixture,0.0047500000000000025,5177.311618089088,10360.623236178177,10375.346502015123,65.69102118472362,0.015222780539014085,0.01522278055616374,geom2,55
mixture,0.0037500000000000016,5177.311618089088,10360.623236178177,10375.346502015123,65.69102193193156,0.015222780497084176,0.015222780382499818,geom2,55
mixture,0.0022500000000000003,5177.311618089088,10360.623236178177,10375.346502015123,65.69102133279618,0.015222780478610353,0.015222780521866302,geom2,55
mixture,0.008250000000000006,5177.311618089088,10360.623236178177,10375.346502015123,65.69102162967278,0.015222780661157228,0.015222780451241051,geom2,55
mixture,0.007750000000000005,5177.311618089088,10360.623236178177,10375.346502015123,65.69102095792498,0.015222780777100894,0.015222780607323246,geom2,55
mixture,0.007250000000000005,5177.311618089088,10360.623236178177,10375.346502015123,65.69102108781851,0.015222780705524004,0.015222780577611028,geom2,55
mixture,0.005250000000000003,5177.311618089088,10360.623236178177,10375.346502015123,65.69102144580421,0.015222780719627071,0.015222780494398834,geom2,55
mixture,0.0035000000000000014,5177.311618089089,10360.623236178179,10375.346502015125,65.69102200363898,0.015222780426904961,0.015222780366099715,geom2,55
mixture,0.006250000000000004,5177.311618089089,10360.623236178179,10375.346502015125,65.69102120873364,0.01522278064525973,0.015222780549922509,geom2,55
mixture,0.008000000000000005,5177.311618089089,10360.623236178179,10375.346502015125,65.69102191292326,0.015222780577422153,0.015222780385801396,geom2,55
mixture,0.0070000000000000045,5177.311618089092,10360.623236178184,10375.34650201513,65.69102171817487,0.015222780676387403,0.015222780430744499,geom2,55
null,,5177.311618089088,10356.623236178177,10361.530991457159,65.69102194773843,0.015222780379266537,,geom2,55
sum,,5170.508319287324,10343.016638574649,10347.924393853631,97.88522197882864,0.02043209342093105,,geom2,55
mixture,0.5,5163.238456514615,10332.47691302923,10347.200178866176,64.78001277352477,0.015436860185502993,0.015436860185502993,geom2,56
mixture,0.45,5163.238456514617,10332.476913029233,10347.20017886618,64.78001328900197,0.015436860449128986,0.015436859746469944,geom2,56
mixture,0.4,5163.238456514619,10332.476913029239,10347.200178866186,64.78001356632245,0.015436860799056948,0.015436859461598685,geom2,56
mixture,0.35000000000000003,5163.23845651462,10332.47691302924,10347.200178866187,64.7800135674523,0.015436861418647582,0.015436859230440218,geom2,56
mixture,0.3,5163.238456514623,10332.476913029246,10347.200178866193,64.78001419843625,0.015436861658218684,0.015436859069265504,geom2,56
mixture,0.25,5163.238456514626,10332.476913029252,10347.200178866198,64.78001518871605,0.015436860660813933,0.015436859259690081,geom2,56
mixture,0.2,5163.238456514627,10332.476913029253,10347.2001788662,64.78001604319704,0.015436861090705568,0.015436858985262513,geom2,56
mixture,0.15000000000000002,5163.238456514633,10332.476913029266,10347.200178866213,64.78001675370601,0.015436861318009842,0.015436858869809134,geom2,56
mixture,0.1,5163.238456514635,10332.47691302927,10347.200178866216,64.78001775330009,0.015436860694935654,0.015436858810384174,geom2,56
mixture,0.05,5163.238456514642,10332.476913029284,10347.200178866231,64.78001987269921,0.015436859486630325,0.015436858441539119,geom2,56
mixture,0.006250000000000004,5163.238456514644,10332.476913029288,10347.200178866235,64.7800203225222,0.015436858567961873,0.015436858385461761,geom2,56
mixture,0.008750000000000006,5163.238456514645,10332.47691302929,10347.200178866236,64.78002027174797,0.015436858614085064,0.015436858396800474,geom2,56
mixture,0.006750000000000004,5163.238456514648,10332.476913029295,10347.200178866242,64.78002076994015,0.015436858560172004,0.015436858278080093,geom2,56
mixture,0.010000000000000007,5163.238456514648,10332.476913029295,10347.200178866242,64.78002039355245,0.015436858619669194,0.015436858367150943,geom2,56
mixture,0.004000000000000002,5163.238456514648,10332.476913029295,10347.200178866242,64.78002087682376,0.015436858414422187,0.015436858253872013,geom2,56
mixture,0.009750000000000007,5163.238456514648,10332.476913029295,10347.200178866242,64.78002046027176,0.015436858548686394,0.015436858351858063,geom2,56
mixture,0.005500000000000003,5163.2384565146485,10332.476913029297,10347.200178866244,64.78002119185052,0.01543685827696029,0.01543685817890511,geom2,56
mixture,0.0025000000000000005,5163.2384565146485,10332.476913029297,10347.200178866244,64.7800205440418,0.015436858459397124,0.01543685833350028,geom2,56
mixture,0.0022500000000000003,5163.238456514649,10332.476913029299,10347.200178866246,64.78002079942348,0.015436858404281368,0.015436858272662293,geom2,56
mixture,0.009500000000000007,5163.238456514649,10332.476913029299,10347.200178866246,64.78002020185869,0.01543685862100708,0.015436858413383672,geom2,56
mixture,0.0037500000000000016,5163.238456514649,10332.476913029299,10347.200178866246,64.78002125577578,0.015436858326062529,0.015436858163602012,geom2,56
mixture,0.0070000000000000045,5163.238456514649,10332.476913029299,10347.200178866246,64.7800209652187,0.015436858486415444,0.01543685823166676,geom2,56
mixture,0.009000000000000006,5163.238456514649,10332.476913029299,10347.200178866246,64.78002103225182,0.015436858412570685,0.015436858215704438,geom2,56
mixture,0.002,5163.238456514649,10332.476913029299,10347.200178866246,64.78002115489736,0.015436858394975623,0.015436858187835948,geom2,56
mixture,0.005750000000000003,5163.23845651465,10332.4769130293,10347.200178866247,64.78002101673765,0.015436858292348348,0.015436858220761586,geom2,56
mixture,0.006000000000000004,5163.23845651465,10332.4769130293,10347.200178866247,64.78002078556045,0.015436858306371133,0.015436858276080205,geom2,56
mixture,0.008000000000000005,5163.23845651465,10332.4769130293,10347.200178866247,64.78002062680636,0.015436858730612377,0.015436858310733477,geom2,56
mixture,0.0035000000000000014,5163.238456514651,10332.476913029303,10347.20017886625,64.7800205865592,0.015436858377787297,0.015436858323493242,geom2,56
mixture,0.004250000000000002,5163.238456514651,10332.476913029303,10347.20017886625,64.78002125539373,0.015436858264726796,0.015436858163873654,geom2,56
mixture,0.007750000000000005,5163.238456514651,10332.476913029303,10347.20017886625,64.78002093221896,0.015436858391692855,0.015436858240139186,geom2,56
mixture,0.007500000000000005,5163.238456514651,10332.476913029303,10347.20017886625,64.78002114282447,0.015436858290942532,0.015436858190372884,geom2,56
mixture,0.005250000000000003,5163.238456514651,10332.476913029303,10347.20017886625,64.78002050723131,0.015436858510742996,0.015436858341699354,geom2,56
mixture,0.005000000000000003,5163.238456514651,10332.476913029303,10347.20017886625,64.780020932572,0.015436858619638352,0.015436858239328048,geom2,56
mixture,0.004500000000000002,5163.238456514651,10332.476913029303,10347.20017886625,64.78002051301628,0.015436858410448118,0.015436858340895311,geom2,56
mixture,0.003000000000000001,5163.238456514652,10332.476913029304,10347.200178866251,64.78002174552107,0.015436858089370623,0.015436858047380637,geom2,56
mixture,0.008500000000000006,5163.238456514653,10332.476913029306,10347.200178866253,64.78002153312235,0.015436858242832106,0.015436858096879906,geom2,56
mixture,0.006500000000000004,5163.238456514653,10332.476913029306,10347.200178866253,64.78002109861482,0.015436858362172469,0.015436858200612016,geom2,56
mixture,0.0027500000000000007,5163.238456514653,10332.476913029306,10347.200178866253,64.78002082289426,0.015436858107114175,0.015436858267807335,geom2,56
mixture,0.003250000000000001,5163.238456514653,10332.476913029306,10347.200178866253,64.7800208540124,0.01543685844817659,0.01543685825933635,geom2,56
mixture,0.007250000000000005,5163.238456514653,10332.476913029306,10347.200178866253,64.78002154995258,0.01543685824517661,0.015436858093006682,geom2,56
mixture,0.008250000000000006,5163.238456514653,10332.476913029306,10347.200178866253,64.78002070238176,0.015436858605567635,0.015436858293508663,geom2,56
mixture,0.0047500000000000025,5163.238456514654,10332.476913029308,10347.200178866255,64.78002112050568,0.015436858333641232,0.015436858195790852,geom2,56
mixture,0.009250000000000006,5163.238456514654,10332.476913029308,10347.200178866255,64.78002097721222,0.015436858486398643,0.015436858228203685,geom2,56
null,,5163.23845651465,10328.4769130293,10333.384668308283,64.78002126728423,0.015436858161468815,,geom2,56
sum,,5154.473204808233,10310.946409616467,10315.854164895449,96.38022440690936,0.020751144877564975,,geom2,56
mixture,0.5,5231.54372435201,10469.08744870402,10483.810714540967,69.32401448690942,0.014425015738072006,0.014425015738072006,geom2,57
mixture,0.35000000000000003,5231.543724352013,10469.087448704026,10483.810714540972,69.32401523555218,0.014425017200091173,0.014425014711171998,geom2,57
mixture,0.4,5231.543724352014,10469.087448704027,10483.810714540974,69.32401559992793,0.01442501606411719,0.014425015134711755,geom2,57
mixture,0.45,5231.5437243520155,10469.087448704031,10483.810714540978,69.32401522669781,0.014425016186930211,0.01442501509094085,geom2,57
mixture,0.3,5231.54372435202,10469.08744870404,10483.810714540987,69.32401641837527,0.014425017348796388,0.014425014473616746,geom2,57
mixture,0.25,5231.543724352021,10469.087448704042,10483.810714540989,69.32401709164623,0.014425017527735057,0.014425014418855922,geom2,57
mixture,0.2,5231.5437243520255,10469.087448704051,10483.810714540998,69.32401874066572,0.014425017277248708,0.014425014246870272,geom2,57
mixture,0.15000000000000002,5231.543724352029,10469.087448704058,10483.810714541005,69.32401973741159,0.014425016927515846,0.014425014242840725,geom2,57
mixture,0.1,5231.543724352035,10469.08744870407,10483.810714541016,69.3240213977277,0.014425016197451837,0.014425014089240516,geom2,57
mixture,0.05,5231.543724352043,10469.087448704086,10483.810714541032,69.32402312540995,0.014425015396002095,0.014425013863961705,geom2,57
mixture,0.004500000000000002,5231.543724352046,10469.087448704093,10483.81071454104,69.3240239214986,0.014425013917968514,0.014425013774266119,geom2,57
mixture,0.0047500000000000025,5231.543724352046,10469.087448704093,10483.81071454104,69.32402403097738,0.01442501380066548,0.014425013751900684,geom2,57
mixture,0.009500000000000007,5231.543724352046,10469.087448704093,10483.81071454104,69.32402376554477,0.014425014005565796,0.014425013805462832,geom2,57
mixture,0.007500000000000005,5231.543724352046,10469.087448704093,10483.81071454104,69.32402372727255,0.014425014004212658,0.014425013813900189,geom2,57
mixture,0.004000000000000002,5231.543724352046,10469.087448704093,10483.81071454104,69.32402394616,0.014425013819413697,0.01442501376958188,geom2,57
mixture,0.003250000000000001,5231.543724352047,10469.087448704095,10483.810714541041,69.32402422020476,0.014425013771090602,0.014425013712567492,geom2,57
mixture,0.009750000000000007,5231.543724352048,10469.087448704096,10483.810714541043,69.32402359399065,0.014425014120981816,0.014425013840324555,geom2,57
mixture,0.010000000000000007,5231.543724352048,10469.087448704096,10483.810714541043,69.3240242804765,0.014425014068623529,0.014425013696495001,geom2,57
mixture,0.008000000000000005,5231.543724352048,10469.087448704096,10483.810714541043,69.32402400196453,0.014425013901264295,0.01442501375701535,geom2,57
mixture,0.009000000000000006,5231.543724352049,10469.087448704098,10483.810714541045,69.32402374710865,0.014425014030554644,0.014425013809207892,geom2,57
mixture,0.005750000000000003,5231.543724352049,10469.087448704098,10483.810714541045,69.32402468078963,0.014425013860655582,0.014425013615509128,geom2,57
mixture,0.0070000000000000045,5231.543724352049,10469.087448704098,10483.810714541045,69.32402441317342,0.014425013878561745,0.014425013671152714,geom2,57
mixture,0.006500000000000004,5231.543724352049,10469.087448704098,10483.810714541045,69.3240246913777,0.014425013768186863,0.014425013613711455,geom2,57
mixture,0.008500000000000006,5231.543724352049,10469.087448704098,10483.810714541045,69.32402393906371,0.014425013968892939,0.01442501376956351,geom2,57
mixture,0.009250000000000006,5231.54372435205,10469.0874487041,10483.810714541047,69.32402454841991,0.014425013866066124,0.014425013642393375,geom2,57
mixture,0.008750000000000006,5231.54372435205,10469.0874487041,10483.810714541047,69.32402462235524,0.01442501369141039,0.014425013628527586,geom2,57
mixture,0.005250000000000003,5231.54372435205,10469.0874487041,10483.810714541047,69.32402395516249,0.014425013865330752,0.01442501376739379,geom2,57
mixture,0.004250000000000002,5231.54372435205,10469.0874487041,10483.810714541047,69.32402476378655,0.014425013702172569,0.014425013599211051,geom2,57
mixture,0.0035000000000000014,5231.54372435205,10469.0874487041,10483.810714541047,69.32402476950406,0.014425013508578681,0.014425013598774619,geom2,57
mixture,0.006750000000000004,5231.543724352051,10469.087448704102,10483.810714541049,69.32402483377358,0.014425013700911512,0.014425013584298528,geom2,57
mixture,0.005000000000000003,5231.543724352051,10469.087448704102,10483.810714541049,69.32402470145713,0.01442501370358001,0.01442501361216111,geom2,57
mixture,0.003000000000000001,5231.543724352052,10469.087448704104,10483.81071454105,69.32402386898512,0.014425013832864566,0.014425013785698333,geom2,57
mixture,0.006000000000000004,5231.543724352052,10469.087448704104,10483.81071454105,69.32402377419021,0.014425013980730612,0.014425013804507517,geom2,57
mixture,0.007250000000000005,5231.543724352053,10469.087448704106,10483.810714541052,69.3240244420761,0.014425013816387148,0.014425013665496521,geom2,57
mixture,0.0025000000000000005,5231.543724352053,10469.087448704106,10483.810714541052,69.32402463966577,0.014425013688267442,0.014425013625318447,geom2,57
mixture,0.002,5231.543724352054,10469.087448704107,10483.810714541054,69.32402483812399,0.014425013542061056,0.014425013584264838,geom2,57
mixture,0.006250000000000004,5231.543724352054,10469.087448704107,10483.810714541054,69.32402450798418,0.014425013872560392,0.014425013651494598,geom2,57
mixture,0.008250000000000006,5231.543724352054,10469.087448704107,10483.810714541054,69.32402447025929,0.014425013884114046,0.014425013658867811,geom2,57
mixture,0.0037500000000000016,5231.543724352055,10469.08744870411,10483.810714541056,69.32402459924175,0.014425013779430132,0.014425013633339446,geom2,57
mixture,0.0027500000000000007,5231.5437243520555,10469.087448704111,10483.810714541058,69.32402467563938,0.014425013690099313,0.014425013617791546,geom2,57
mixture,0.005500000000000003,5231.5437243520555,10469.087448704111,10483.810714541058,69.32402462223193,0.014425013649032993,0.01442501362899325,geom2,57
mixture,0.007750000000000005,5231.5437243520555,10469.087448704111,10483.810714541058,69.32402465883925,0.01442501386737256,0.014425013619565677,geom2,57
mixture,0.0022500000000000003,5231.543724352056,10469.087448704113,10483.81071454106,69.32402574717024,0.01442501330784259,0.014425013395221767,geom2,57
null,,5231.5437243520455,10465.087448704091,10469.995203983073,69.32402402837756,0.01442501375267329,,geom2,57
sum,,5225.74089396775,10453.4817879355,10458.389543214482,103.3237426592229,0.01935663525658665,,geom2,57
mixture,0.5,5192.006068795827,10390.012137591653,10404.7354034286,66.65601335533509,0.01500239737814984,0.01500239737814984,geom2,58
mixture,0.4,5192.0060687958285,10390.012137591657,10404.735403428604,66.65601330240531,0.015002398461827516,0.015002396675553158,geom2,58
mixture,0.45,5192.00606879583,10390.01213759166,10404.735403428607,66.65601296486213,0.015002398103973703,0.015002396944084005,geom2,58
mixture,0.35000000000000003,5192.006068795832,10390.012137591664,10404.73540342861,66.6560147955145,0.015002398022244484,0.015002396532646704,geom2,58
mixture,0.3,5192.006068795834,10390.012137591668,10404.735403428615,66.65601504187973,0.015002398339056188,0.015002396424055993,geom2,58
mixture,0.25,5192.006068795838,10390.012137591675,10404.735403428622,66.65601633630712,0.015002398531660327,0.015002396099068992,geom2,58
mixture,0.15000000000000002,5192.006068795843,10390.012137591686,10404.735403428633,66.65601724065174,0.015002398919509167,0.015002396077350448,geom2,58
mixture,0.2,5192.006068795843,10390.012137591686,10404.735403428633,66.65601662872666,0.015002399068510686,0.015002396034624114,geom2,58
mixture,0.1,5192.006068795852,10390.012137591704,10404.73540342865,66.65601922379902,0.015002398683589449,0.015002395765516197,geom2,58
mixture,0.05,5192.006068795855,10390.01213759171,10404.735403428656,66.6560202706332,0.015002396880025939,0.015002395766009721,geom2,58
mixture,0.008500000000000006,5192.006068795859,10390.012137591719,10404.735403428665,66.65602165923097,0.015002395750291534,0.01500239550710918,geom2,58
mixture,0.009250000000000006,5192.006068795859,10390.012137591719,10404.735403428665,66.65602161110415,0.015002395719083862,0.015002395518149577,geom2,58
mixture,0.004500000000000002,5192.006068795861,10390.012137591722,10404.735403428669,66.6560217953938,0.01500239556127637,0.015002395478155765,geom2,58
mixture,0.006750000000000004,5192.006068795861,10390.012137591722,10404.735403428669,66.65602161093744,0.015002395828080842,0.015002395517952372,geom2,58
mixture,0.009000000000000006,5192.006068795862,10390.012137591724,10404.73540342867,66.6560215198498,0.015002395791419662,0.015002395538268648,geom2,58
mixture,0.003250000000000001,5192.006068795862,10390.012137591724,10404.73540342867,66.65602201428221,0.015002395498784417,0.015002395429037503,geom2,58
mixture,0.009500000000000007,5192.006068795863,10390.012137591726,10404.735403428673,66.65602179460161,0.01500239567598231,0.015002395476816026,geom2,58
mixture,0.009750000000000007,5192.006068795863,10390.012137591726,10404.735403428673,66.65602258099138,0.015002395446773818,0.015002395300285628,geom2,58
mixture,0.007750000000000005,5192.006068795863,10390.012137591726,10404.735403428673,66.65602240434458,0.015002395498157182,0.015002395340248319,geom2,58
mixture,0.008750000000000006,5192.006068795863,10390.012137591726,10404.735403428673,66.6560223286832,0.015002395667784725,0.015002395355771242,geom2,58
mixture,0.0037500000000000016,5192.006068795863,10390.012137591726,10404.735403428673,66.65602174310057,0.015002395569658574,0.015002395490000821,geom2,58
mixture,0.010000000000000007,5192.006068795863,10390.012137591726,10404.735403428673,66.65602159370883,0.01500239581046161,0.015002395521029095,geom2,58
mixture,0.003000000000000001,5192.006068795863,10390.012137591726,10404.735403428673,66.6560217582274,0.015002395572989751,0.015002395486635855,geom2,58
mixture,0.008250000000000006,5192.006068795864,10390.012137591728,10404.735403428675,66.65602225481277,0.015002395549136493,0.015002395373680004,geom2,58
mixture,0.008000000000000005,5192.006068795864,10390.012137591728,10404.735403428675,66.65602233681447,0.015002395587865576,0.01500239535480677,geom2,58
mixture,0.002,5192.006068795865,10390.01213759173,10404.735403428676,66.65602178649361,0.015002395618403757,0.015002395480256694,geom2,58
mixture,0.007500000000000005,5192.006068795865,10390.01213759173,10404.735403428676,66.65602233239576,0.01500239553621139,0.015002395356316558,geom2,58
mixture,0.0070000000000000045,5192.006068795865,10390.01213759173,10404.735403428676,66.65602160504372,0.015002395684346066,0.015002395520223396,geom2,58
mixture,0.0027500000000000007,5192.006068795865,10390.01213759173,10404.735403428676,66.65602206595474,0.015002395480040316,0.015002395417462056,geom2,58
mixture,0.004250000000000002,5192.006068795865,10390.01213759173,10404.735403428676,66.6560224927138,0.015002395739830938,0.015002395319797546,geom2,58
mixture,0.005000000000000003,5192.006068795865,10390.01213759173,10404.735403428676,66.6560223424798,0.015002395458320664,0.015002395354878927,geom2,58
mixture,0.007250000000000005,5192.006068795867,10390.012137591733,10404.73540342868,66.65602227907982,0.015002395595705046,0.015002395368014936,geom2,58
mixture,0.005500000000000003,5192.006068795867,10390.012137591733,10404.73540342868,66.65602224091171,0.015002395530698424,0.015002395377413187,geom2,58
mixture,0.004000000000000002,5192.006068795867,10390.012137591733,10404.73540342868,66.65602241113001,0.01500239537236142,0.01500239533981472,geom2,58
mixture,0.0035000000000000014,5192.006068795867,10390.012137591733,10404.73540342868,66.65602258849219,0.015002395351766637,0.01500239529984394,geom2,58
mixture,0.006250000000000004,5192.006068795867,10390.012137591733,10404.73540342868,66.65602252349355,0.015002395469954705,0.015002395313678307,geom2,58
mixture,0.005250000000000003,5192.006068795868,10390.012137591735,10404.735403428682,66.65602190775199,0.015002395577178924,0.01500239545258703,geom2,58
mixture,0.005750000000000003,5192.006068795868,10390.012137591735,10404.735403428682,66.65602314977389,0.015002395244605513,0.01500239517328687,geom2,58
mixture,0.0047500000000000025,5192.006068795868,10390.012137591735,10404.735403428682,66.65602264403937,0.01500239540544065,0.015002395286960783,geom2,58
mixture,0.006500000000000004,5192.006068795868,10390.012137591735,10404.735403428682,66.65602305842927,0.015002395385529057,0.015002395193004645,geom2,58
mixture,0.0022500000000000003,5192.0060687958685,10390.012137591737,10404.735403428684,66.65602303081305,0.0150023953400094,0.015002395200157023,geom2,58
mixture,0.006000000000000004,5192.006068795869,10390.012137591739,10404.735403428685,66.65602246827952,0.01500239545731203,0.015002395326296065,geom2,58
mixture,0.0025000000000000005,5192.00606879587,10390.01213759174,10404.735403428687,66.65602338977186,0.01500239510572463,0.015002395119715139,geom2,58
null,,5192.006068795867,10386.012137591733,10390.919892870716,66.65602253103793,0.015002395312957006,,geom2,58
sum,,5187.71769492173,10377.43538984346,10382.343145122442,99.55784470239753,0.020088823798651765,,geom2,58
mixture,0.45,5190.326775252528,10386.653550505056,10401.376816342003,66.54501305566896,0.015027422733130059,0.015027421586423137,geom2,59
mixture,0.5,5190.326775252528,10386.653550505056,10401.376816342003,66.54501397056235,0.015027421895836885,0.015027421895836885,geom2,59
mixture,0.4,5190.326775252531,10386.653550505062,10401.376816342008,66.54501307798097,0.015027423100786594,0.01502742142848011,geom2,59
mixture,0.35000000000000003,5190.326775252532,10386.653550505063,10401.37681634201,66.54501420502248,0.01502742364811415,0.015027420870846863,geom2,59
mixture,0.3,5190.326775252534,10386.653550505069,10401.376816342015,66.54501478733943,0.015027424014505431,0.015027420724340036,geom2,59
mixture,0.2,5190.326775252537,10386.653550505074,10401.37681634202,66.54501593012735,0.015027423993809958,0.01502742081819921,geom2,59
mixture,0.25,5190.326775252538,10386.653550505076,10401.376816342023,66.54501545351036,0.015027424206817516,0.015027420678997726,geom2,59
mixture,0.15000000000000002,5190.326775252546,10386.653550505092,10401.37681634204,66.54501837418185,0.015027424803760644,0.015027420212744313,geom2,59
mixture,0.1,5190.326775252548,10386.653550505096,10401.376816342043,66.54501864831465,0.015027422698004823,0.01502742063298948,geom2,59
mixture,0.006750000000000004,5190.326775252557,10386.653550505114,10401.376816342061,66.5450214723917,0.015027420425993507,0.01502742020022446,geom2,59
mixture,0.05,5190.326775252557,10386.653550505114,10401.376816342061,66.54502088985684,0.015027421405116922,0.015027420276886878,geom2,59
mixture,0.005000000000000003,5190.326775252558,10386.653550505116,10401.376816342063,66.54502144728143,0.015027420420613316,0.015027420206347553,geom2,59
mixture,0.006250000000000004,5190.326775252559,10386.653550505118,10401.376816342065,66.54502167139323,0.01502742036154615,0.015027420155521552,geom2,59
mixture,0.008000000000000005,5190.326775252559,10386.653550505118,10401.376816342065,66.54502157652915,0.015027420353168123,0.01502742017682095,geom2,59
mixture,0.005750000000000003,5190.32677525256,10386.65355050512,10401.376816342066,66.54502168067087,0.015027420325997482,0.01502742015372352,geom2,59
mixture,0.005500000000000003,5190.326775252561,10386.653550505122,10401.376816342068,66.54502181956104,0.015027420215766514,0.015027420122838347,geom2,59
mixture,0.0070000000000000045,5190.326775252561,10386.653550505122,10401.376816342068,66.54502181029359,0.015027420241436431,0.015027420124624576,geom2,59
mixture,0.008500000000000006,5190.326775252561,10386.653550505122,10401.376816342068,66.54502149506577,0.015027420450468168,0.015027420194451925,geom2,59
mixture,0.009500000000000007,5190.326775252561,10386.653550505122,10401.376816342068,66.54502208071806,0.015027420466297063,0.015027420060519213,geom2,59
mixture,0.004000000000000002,5190.326775252561,10386.653550505122,10401.376816342068,66.54502163048802,0.015027420231178852,0.01502742016578498,geom2,59
mixture,0.0037500000000000016,5190.326775252561,10386.653550505122,10401.376816342068,66.54502207365171,0.015027420395191383,0.015027420064730615,geom2,59
mixture,0.006500000000000004,5190.326775252562,10386.653550505123,10401.37681634207,66.54502153720978,0.015027420340779729,0.015027420186105582,geom2,59
mixture,0.006000000000000004,5190.326775252563,10386.653550505125,10401.376816342072,66.54502230423456,0.015027420438515798,0.01502742001133577,geom2,59
mixture,0.003250000000000001,5190.326775252563,10386.653550505125,10401.376816342072,66.54502174621814,0.015027420261305095,0.01502742013951618,geom2,59
mixture,0.007250000000000005,5190.326775252563,10386.653550505125,10401.376816342072,66.54502218285367,0.015027420275858972,0.01502742003959659,geom2,59
mixture,0.004250000000000002,5190.326775252563,10386.653550505125,10401.376816342072,66.54502250153962,0.015027420198601161,0.015027419968364259,geom2,59
mixture,0.004500000000000002,5190.326775252563,10386.653550505125,10401.376816342072,66.54502245995911,0.015027420089422643,0.015027419978232258,geom2,59
mixture,0.009000000000000006,5190.3267752525635,10386.653550505127,10401.376816342074,66.54502237394001,0.015027420251479238,0.015027419995857135,geom2,59
mixture,0.009750000000000007,5190.326775252564,10386.653550505129,10401.376816342075,66.54502224627248,0.015027420261079777,0.015027420024683179,geom2,59
mixture,0.008250000000000006,5190.326775252564,10386.653550505129,10401.376816342075,66.54502164768925,0.015027420379327746,0.015027420160355597,geom2,59
mixture,0.009250000000000006,5190.326775252564,10386.653550505129,10401.376816342075,66.54502149772078,0.015027420354399254,0.015027420194549895,geom2,59
mixture,0.007750000000000005,5190.326775252564,10386.653550505129,10401.376816342075,66.54502167453148,0.015027420377372118,0.015027420154372265,geom2,59
mixture,0.0022500000000000003,5190.326775252564,10386.653550505129,10401.376816342075,66.54502170320589,0.01502742028101673,0.015027420149328865,geom2,59
mixture,0.002,5190.326775252564,10386.653550505129,10401.376816342075,66.54502187538415,0.01502742007611284,0.015027420110812689,geom2,59
mixture,0.0027500000000000007,5190.326775252565,10386.65355050513,10401.376816342077,66.54502236806728,0.015027420088160005,0.015027419999239405,geom2,59
mixture,0.003000000000000001,5190.326775252565,10386.65355050513,10401.376816342077,66.54502242730196,0.015027420157085775,0.015027419985592882,geom2,59
mixture,0.008750000000000006,5190.326775252565,10386.65355050513,10401.376816342077,66.54502230903027,0.015027420259718567,0.015027420010636398,geom2,59
mixture,0.0035000000000000014,5190.326775252566,10386.653550505132,10401.37681634208,66.54502278994069,0.015027419889127902,0.01502741990426806,geom2,59
mixture,0.0025000000000000005,5190.326775252566,10386.653550505132,10401.37681634208,66.54502266094356,0.015027419989983077,0.015027419933203685,geom2,59
mixture,0.010000000000000007,5190.326775252567,10386.653550505134,10401.376816342081,66.54502232988287,0.015027420204555728,0.015027420006122534,geom2,59
mixture,0.0047500000000000025,5190.326775252569,10386.653550505138,10401.376816342085,66.54502253058287,0.015027420107996283,0.015027419962091068,geom2,59
mixture,0.007500000000000005,5190.326775252569,10386.653550505138,10401.376816342085,66.5450224190094,0.015027420257898586,0.015027419985940326,geom2,59
mixture,0.005250000000000003,5190.32677525257,10386.65355050514,10401.376816342086,66.54502304024795,0.015027420159675139,0.015027419846043274,geom2,59
null,,5190.326775252566,10382.653550505132,10387.561305784115,66.54502177870648,0.015027420132575365,,geom2,59
sum,,5186.012946205966,10374.025892411932,10378.933647690914,99.33486127549644,0.020133918488627847,,geom2,59
mixture,0.45,5221.43802349967,10448.87604699934,10463.599312836286,68.6320146980304,0.014570460092057683,0.014570459265643267,geom2,60
mixture,0.4,5221.4380234996715,10448.876046999343,10463.59931283629,68.63201595565293,0.014570460210847874,0.01457045881033252,geom2,60
mixture,0.5,5221.4380234996715,10448.876046999343,10463.59931283629,68.63201477089297,0.014570459622061143,0.014570459622061143,geom2,60
mixture,0.3,5221.438023499674,10448.876046999349,10463.599312836295,68.63201670117196,0.014570460459876238,0.014570458677576274,geom2,60
mixture,0.35000000000000003,5221.438023499675,10448.87604699935,10463.599312836297,68.63201564986659,0.014570461103116281,0.014570458537486076,geom2,60
mixture,0.25,5221.438023499681,10448.876046999361,10463.599312836308,68.6320171708154,0.014570461552909362,0.014570458299112693,geom2,60
mixture,0.2,5221.438023499683,10448.876046999367,10463.599312836313,68.63201798518529,0.014570461532037312,0.014570458291581318,geom2,60
mixture,0.15000000000000002,5221.438023499689,10448.876046999378,10463.599312836324,68.63201966922254,0.014570460767113023,0.014570458196573308,geom2,60
mixture,0.1,5221.438023499692,10448.876046999383,10463.59931283633,68.63202094309466,0.014570460533513562,0.01457045806484673,geom2,60
mixture,0.05,5221.4380234997,10448.8760469994,10463.599312836346,68.63202169568483,0.014570459227811892,0.014570458095314954,geom2,60
mixture,0.005500000000000003,5221.4380234997025,10448.876046999405,10463.599312836352,68.63202308195909,0.014570458060667047,0.014570457856513355,geom2,60
mixture,0.009500000000000007,5221.4380234997025,10448.876046999405,10463.599312836352,68.63202321287831,0.01457045803401332,0.014570457827884055,geom2,60
mixture,0.008750000000000006,5221.438023499703,10448.876046999407,10463.599312836353,68.63202319104201,0.014570458049170313,0.014570457832582949,geom2,60
mixture,0.010000000000000007,5221.438023499703,10448.876046999407,10463.599312836353,68.6320236500209,0.014570457955262956,0.014570457734833384,geom2,60
mixture,0.0037500000000000016,5221.438023499703,10448.876046999407,10463.599312836353,68.63202331437394,0.014570457889262171,0.01457045780799017,geom2,60
mixture,0.005250000000000003,5221.438023499704,10448.876046999409,10463.599312836355,68.63202316096907,0.014570457969687789,0.01457045784018262,geom2,60
mixture,0.0070000000000000045,5221.438023499704,10448.876046999409,10463.599312836355,68.63202404670372,0.014570457776212235,0.0145704576519528,geom2,60
mixture,0.007500000000000005,5221.438023499704,10448.876046999409,10463.599312836355,68.63202316262922,0.01457045814754959,0.014570457838189877,geom2,60
mixture,0.0035000000000000014,5221.438023499704,10448.876046999409,10463.599312836355,68.63202407234328,0.014570457754828835,0.014570457647001987,geom2,60
mixture,0.003250000000000001,5221.438023499704,10448.876046999409,10463.599312836355,68.63202341874043,0.014570457871913713,0.014570457785858438,geom2,60
mixture,0.006000000000000004,5221.438023499704,10448.876046999409,10463.599312836355,68.63202392186552,0.014570457828101267,0.014570457678427504,geom2,60
mixture,0.009750000000000007,5221.438023499705,10448.87604699941,10463.599312836357,68.63202394149236,0.01457045794003009,0.014570457672550878,geom2,60
mixture,0.006250000000000004,5221.438023499706,10448.876046999412,10463.599312836359,68.63202335992509,0.01457045798505086,0.014570457797452018,geom2,60
mixture,0.008250000000000006,5221.438023499706,10448.876046999412,10463.599312836359,68.63202324259622,0.014570458001795706,0.014570457822050322,geom2,60
mixture,0.0027500000000000007,5221.438023499706,10448.876046999412,10463.599312836359,68.63202420154568,0.014570457679651802,0.01457045761978531,geom2,60
mixture,0.004000000000000002,5221.438023499706,10448.876046999412,10463.599312836359,68.63202407256708,0.014570457846443183,0.014570457646532227,geom2,60
mixture,0.0022500000000000003,5221.438023499706,10448.876046999412,10463.599312836359,68.6320235307261,0.014570457794214182,0.01457045776229193,geom2,60
mixture,0.009000000000000006,5221.438023499707,10448.876046999414,10463.59931283636,68.63202317678787,0.014570458085697211,0.014570457835250196,geom2,60
mixture,0.002,5221.438023499707,10448.876046999414,10463.59931283636,68.63202349145993,0.014570457807565778,0.014570457770626015,geom2,60
mixture,0.006500000000000004,5221.438023499707,10448.876046999414,10463.59931283636,68.63202405111619,0.014570457951145081,0.014570457649927945,geom2,60
mixture,0.004250000000000002,5221.438023499708,10448.876046999416,10463.599312836363,68.63202398917224,0.014570457852281844,0.014570457664237257,geom2,60
mixture,0.007750000000000005,5221.438023499708,10448.876046999416,10463.599312836363,68.63202396164114,0.01457045822600868,0.014570457666545411,geom2,60
mixture,0.004500000000000002,5221.438023499708,10448.876046999416,10463.599312836363,68.63202458830193,0.014570457686574957,0.01457045753716995,geom2,60
mixture,0.009250000000000006,5221.438023499708,10448.876046999416,10463.599312836363,68.6320232599444,0.014570457939245846,0.014570457818735514,geom2,60
mixture,0.005000000000000003,5221.438023499709,10448.876046999418,10463.599312836364,68.63202405360249,0.014570457788893505,0.014570457650666885,geom2,60
mixture,0.008000000000000005,5221.43802349971,10448.87604699942,10463.599312836366,68.63202379614187,0.014570457927756525,0.01457045770422823,geom2,60
mixture,0.005750000000000003,5221.43802349971,10448.87604699942,10463.599312836366,68.63202418183764,0.014570457740130674,0.014570457623463083,geom2,60
mixture,0.008500000000000006,5221.43802349971,10448.87604699942,10463.599312836366,68.6320248548729,0.014570457989132897,0.01457045747689571,geom2,60
mixture,0.006750000000000004,5221.43802349971,10448.87604699942,10463.599312836366,68.63202399606539,0.0145704578361113,0.014570457662400496,geom2,60
mixture,0.007250000000000005,5221.43802349971,10448.87604699942,10463.599312836366,68.6320247872878,0.014570457902104558,0.014570457492629226,geom2,60
mixture,0.003000000000000001,5221.438023499711,10448.876046999421,10463.599312836368,68.63202359670125,0.014570457733078749,0.014570457748403322,geom2,60
mixture,0.0047500000000000025,5221.438023499712,10448.876046999423,10463.59931283637,68.63202395882206,0.01457045797611821,0.014570457670025797,geom2,60
mixture,0.0025000000000000005,5221.438023499712,10448.876046999423,10463.59931283637,68.63202403400211,0.014570457798939167,0.014570457655159694,geom2,60
null,,5221.438023499701,10444.876046999401,10449.783802278384,68.6320232751449,0.014570457816623193,,geom2,60
sum,,5215.9594987112905,10433.918997422581,10438.826752701563,102.38119996683979,0.01953483648021101,,geom2,60
mixture,0.45,5166.655208116773,10339.310416233546,10354.033682070492,65.00001285316473,0.015384612610793363,0.015384612122890566,geom2,61
mixture,0.5,5166.655208116773,10339.310416233546,10354.033682070492,65.00001329195757,0.015384612238590568,0.015384612238590568,geom2,61
mixture,0.4,5166.655208116774,10339.310416233548,10354.033682070494,65.00001238248514,0.01538461369710473,0.015384611625014009,geom2,61
mixture,0.35000000000000003,5166.655208116776,10339.310416233551,10354.033682070498,65.00001353390938,0.0153846137462813,0.015384611338654644,geom2,61
mixture,0.25,5166.655208116776,10339.310416233551,10354.033682070498,65.00001418257527,0.015384614532384088,0.01538461119293024,geom2,61
mixture,0.3,5166.655208116777,10339.310416233555,10354.033682070502,65.00001435279401,0.015384614193813312,0.015384611041944668,geom2,61
mixture,0.2,5166.655208116783,10339.310416233566,10354.033682070512,65.00001583410477,0.015384614263134035,0.015384610980340623,geom2,61
mixture,0.15000000000000002,5166.6552081167865,10339.310416233573,10354.03368207052,65.00001684867627,0.015384613830516394,0.015384610967278417,geom2,61
mixture,0.1,5166.65520811679,10339.31041623358,10354.033682070527,65.00001771314425,0.015384612971778594,0.01538461099442057,geom2,61
mixture,0.009750000000000007,5166.655208116799,10339.310416233599,10354.033682070545,65.00002048420404,0.015384610825866996,0.015384610533433367,geom2,61
mixture,0.009000000000000006,5166.655208116799,10339.310416233599,10354.033682070545,65.00002047145492,0.015384610748849361,0.015384610537399087,geom2,61
mixture,0.0035000000000000014,5166.6552081168,10339.3104162336,10354.033682070547,65.00002069641769,0.015384610528491025,0.015384610485907502,geom2,61
mixture,0.05,5166.6552081168,10339.3104162336,10354.033682070547,65.00001973131405,0.01538461187173931,0.015384610653575093,geom2,61
mixture,0.004000000000000002,5166.655208116801,10339.310416233602,10354.033682070549,65.00002065345055,0.015384610600457758,0.015384610495807676,geom2,61
mixture,0.005250000000000003,5166.655208116801,10339.310416233602,10354.033682070549,65.00002073780868,0.015384610559033987,0.015384610475823011,geom2,61
mixture,0.003000000000000001,5166.655208116801,10339.310416233602,10354.033682070549,65.00002083761122,0.015384610483073687,0.015384610452546398,geom2,61
mixture,0.0047500000000000025,5166.655208116801,10339.310416233602,10354.033682070549,65.00002071822624,0.015384610579370633,0.015384610480424768,geom2,61
mixture,0.0037500000000000016,5166.655208116802,10339.310416233604,10354.03368207055,65.00002064173941,0.015384610641611552,0.015384610498461328,geom2,61
mixture,0.008500000000000006,5166.655208116802,10339.310416233604,10354.03368207055,65.00002058376342,0.015384610713596373,0.015384610510998176,geom2,61
mixture,0.008750000000000006,5166.655208116803,10339.310416233606,10354.033682070552,65.00002104044349,0.015384610793251376,0.015384610401199924,geom2,61
mixture,0.0025000000000000005,5166.655208116803,10339.310416233606,10354.033682070552,65.00002106363934,0.015384610626344273,0.0153846103985708,geom2,61
mixture,0.009250000000000006,5166.655208116803,10339.310416233606,10354.033682070552,65.00002120470293,0.015384610552665528,0.015384610364007335,geom2,61
mixture,0.005750000000000003,5166.655208116803,10339.310416233606,10354.033682070552,65.00002088368197,0.015384610808105199,0.015384610439614844,geom2,61
mixture,0.009500000000000007,5166.655208116804,10339.310416233608,10354.033682070554,65.00002088993806,0.015384610788163205,0.01538461043691609,geom2,61
mixture,0.0070000000000000045,5166.655208116805,10339.31041623361,10354.033682070556,65.00002053922698,0.015384610705667729,0.015384610521975576,geom2,61
mixture,0.0027500000000000007,5166.655208116805,10339.31041623361,10354.033682070556,65.0000208464547,0.01538461042659077,0.015384610450610904,geom2,61
mixture,0.006000000000000004,5166.655208116805,10339.31041623361,10354.033682070556,65.00002129886113,0.015384610577482184,0.015384610342053903,geom2,61
mixture,0.006750000000000004,5166.655208116805,10339.31041623361,10354.033682070556,65.0000210115266,0.015384610863567984,0.015384610408402234,geom2,61
mixture,0.0022500000000000003,5166.655208116805,10339.31041623361,10354.033682070556,65.00002078845779,0.015384610463809404,0.015384610464272964,geom2,61
mixture,0.003250000000000001,5166.655208116805,10339.31041623361,10354.033682070556,65.00002150980478,0.015384610281890709,0.015384610293576996,geom2,61
mixture,0.005000000000000003,5166.655208116805,10339.31041623361,10354.033682070556,65.00002142048632,0.015384610422564518,0.015384610314137329,geom2,61
mixture,0.007500000000000005,5166.655208116806,10339.310416233611,10354.033682070558,65.00002077099741,0.015384610940106357,0.015384610464840055,geom2,61
mixture,0.005500000000000003,5166.6552081168065,10339.310416233613,10354.03368207056,65.00002053018915,0.0153846106493158,0.01538461052471525,geom2,61
mixture,0.006500000000000004,5166.6552081168065,10339.310416233613,10354.03368207056,65.00002164813547,0.01538461058999433,0.015384610258644271,geom2,61
mixture,0.010000000000000007,5166.6552081168065,10339.310416233613,10354.03368207056,65.00002106366964,0.015384610655843407,0.01538461039654003,geom2,61
mixture,0.008250000000000006,5166.6552081168065,10339.310416233613,10354.03368207056,65.00002104072775,0.015384610966471155,0.015384610399888789,geom2,61
mixture,0.007750000000000005,5166.6552081168065,10339.310416233613,10354.03368207056,65.00002055484886,0.015384610690736152,0.01538461051822699,geom2,61
mixture,0.007250000000000005,5166.6552081168065,10339.310416233613,10354.03368207056,65.00002079550536,0.015384610854295185,0.015384610459743353,geom2,61
mixture,0.004500000000000002,5166.655208116808,10339.310416233617,10354.033682070563,65.00002184084215,0.01538461033867662,0.015384610214628815,geom2,61
mixture,0.006250000000000004,5166.655208116808,10339.310416233617,10354.033682070563,65.00002123583053,0.01538461055817176,0.01538461035712843,geom2,61
mixture,0.008000000000000005,5166.655208116811,10339.310416233622,10354.033682070569,65.00002139490665,0.015384610465597819,0.015384610319565563,geom2,61
mixture,0.004250000000000002,5166.655208116812,10339.310416233624,10354.03368207057,65.00002153375061,0.015384610407603899,0.01538461028736033,geom2,61
mixture,0.002,5166.655208116812,10339.310416233624,10354.03368207057,65.0000215009246,0.015384610324842923,0.015384610295582307,geom2,61
null,,5166.655208116805,10335.31041623361,10340.218171512592,65.00002068966127,0.015384610487655697,,geom2,61
sum,,5160.3719053251225,10322.743810650245,10327.651565929227,96.88110738163061,0.02064385982007484,,geom2,61
mixture,0.5,5165.755560729861,10337.511121459722,10352.234387296669,64.9420116031774,0.015398352704415969,0.015398352704415969,geom2,62
mixture,0.45,5165.755560729864,10337.511121459727,10352.234387296674,64.9420116926586,0.015398353594434715,0.015398351937642859,geom2,62
mixture,0.4,5165.7555607298655,10337.511121459731,10352.234387296678,64.94201158508808,0.015398354231528669,0.01539835169348958,geom2,62
mixture,0.35000000000000003,5165.755560729867,10337.511121459735,10352.234387296681,64.94201253783015,0.015398354709225117,0.015398351283957732,geom2,62
mixture,0.25,5165.75556072987,10337.51112145974,10352.234387296687,64.94201337810878,0.015398355163537185,0.015398351323572252,geom2,62
mixture,0.3,5165.755560729871,10337.511121459742,10352.234387296689,64.94201331084568,0.015398355343375868,0.015398350994999291,geom2,62
mixture,0.15000000000000002,5165.755560729875,10337.51112145975,10352.234387296696,64.94201556048523,0.015398354615610791,0.01539835126324723,geom2,62
mixture,0.2,5165.755560729875,10337.51112145975,10352.234387296696,64.94201452996838,0.015398355034429259,0.015398351254451298,geom2,62
mixture,0.1,5165.755560729883,10337.511121459765,10352.234387296712,64.94201731377112,0.015398353475086267,0.015398351114303122,geom2,62
mixture,0.05,5165.755560729893,10337.511121459785,10352.234387296732,64.94201928312154,0.015398352803787586,0.01539835078235884,geom2,62
mixture,0.008000000000000005,5165.7555607298955,10337.511121459791,10352.234387296738,64.94202034284406,0.015398350868692309,0.015398350630252784,geom2,62
mixture,0.0037500000000000016,5165.755560729896,10337.511121459793,10352.23438729674,64.94202071092262,0.0153983506252814,0.015398350544582868,geom2,62
mixture,0.008750000000000006,5165.755560729896,10337.511121459793,10352.23438729674,64.94202046301733,0.015398350961446441,0.015398350600507902,geom2,62
mixture,0.005000000000000003,5165.755560729896,10337.511121459793,10352.23438729674,64.9420205533477,0.015398350722364043,0.015398350581543851,geom2,62
mixture,0.004000000000000002,5165.755560729898,10337.511121459796,10352.234387296743,64.94202098188597,0.01539835067658383,0.01539835047985065,geom2,62
mixture,0.005750000000000003,5165.755560729898,10337.511121459796,10352.234387296743,64.94202095216535,0.015398350683113876,0.0153983504865544,geom2,62
mixture,0.0035000000000000014,5165.755560729898,10337.511121459796,10352.234387296743,64.94202113241022,0.015398350706861585,0.015398350444026982,geom2,62
mixture,0.0025000000000000005,5165.755560729898,10337.511121459796,10352.234387296743,64.94202069976434,0.015398350628179699,0.015398350547329093,geom2,62
mixture,0.009500000000000007,5165.7555607299,10337.5111214598,10352.234387296747,64.94202052164923,0.015398350809081637,0.01539835058766045,geom2,62
mixture,0.007250000000000005,5165.7555607299,10337.5111214598,10352.234387296747,64.94202063659502,0.015398350671796191,0.015398350561711129,geom2,62
mixture,0.009750000000000007,5165.7555607299,10337.5111214598,10352.234387296747,64.94202086284932,0.015398350864749439,0.015398350505358205,geom2,62
mixture,0.007500000000000005,5165.755560729901,10337.511121459802,10352.234387296749,64.94202065142291,0.015398350772632513,0.015398350557379016,geom2,62
mixture,0.009250000000000006,5165.755560729901,10337.511121459802,10352.234387296749,64.94202118948508,0.015398350682310973,0.01539835042907146,geom2,62
mixture,0.006000000000000004,5165.755560729901,10337.511121459802,10352.234387296749,64.942021093649,0.015398350643970778,0.015398350452991668,geom2,62
mixture,0.0027500000000000007,5165.755560729901,10337.511121459802,10352.234387296749,64.94202134521277,0.015398350517524058,0.015398350394150183,geom2,62
mixture,0.008500000000000006,5165.755560729902,10337.511121459804,10352.23438729675,64.94202163687807,0.015398350481285161,0.01539835032399598,geom2,62
mixture,0.006250000000000004,5165.755560729902,10337.511121459804,10352.23438729675,64.94202130133961,0.01539835055913202,0.015398350403922128,geom2,62
mixture,0.0070000000000000045,5165.755560729902,10337.511121459804,10352.23438729675,64.94202087114797,0.015398350921506163,0.015398350503971845,geom2,62
mixture,0.004500000000000002,5165.755560729902,10337.511121459804,10352.23438729675,64.94202129287166,0.01539835048744413,0.015398350406535933,geom2,62
mixture,0.004250000000000002,5165.755560729902,10337.511121459804,10352.23438729675,64.94202163136293,0.015398350587299959,0.015398350325528094,geom2,62
mixture,0.006750000000000004,5165.755560729902,10337.511121459804,10352.23438729675,64.94202171727008,0.015398350598497356,0.015398350304285319,geom2,62
mixture,0.003250000000000001,5165.755560729902,10337.511121459804,10352.23438729675,64.94202188432553,0.015398350462414553,0.015398350266022596,geom2,62
mixture,0.005250000000000003,5165.755560729902,10337.511121459804,10352.23438729675,64.94202145290971,0.015398350478461525,0.015398350368375573,geom2,62
mixture,0.0047500000000000025,5165.755560729903,10337.511121459806,10352.234387296752,64.94202164750332,0.015398350515472215,0.015398350321894093,geom2,62
mixture,0.006500000000000004,5165.755560729903,10337.511121459806,10352.234387296752,64.94202176381197,0.015398350505652345,0.015398350293859086,geom2,62
mixture,0.009000000000000006,5165.755560729903,10337.511121459806,10352.234387296752,64.94202100966072,0.015398350713052029,0.015398350471881398,geom2,62
mixture,0.005500000000000003,5165.755560729903,10337.511121459806,10352.234387296752,64.94202168956858,0.01539835078824783,0.015398350310210328,geom2,62
mixture,0.008250000000000006,5165.755560729903,10337.511121459806,10352.234387296752,64.94202074174741,0.015398350860999136,0.015398350534886217,geom2,62
mixture,0.007750000000000005,5165.755560729903,10337.511121459806,10352.234387296752,64.94202146359329,0.015398350605763752,0.01539835036455095,geom2,62
mixture,0.002,5165.755560729904,10337.511121459807,10352.234387296754,64.94202112033375,0.01539835058006842,0.0153983504475453,geom2,62
mixture,0.0022500000000000003,5165.755560729904,10337.511121459807,10352.234387296754,64.94202126010265,0.015398350512502365,0.015398350414449235,geom2,62
mixture,0.003000000000000001,5165.755560729904,10337.511121459807,10352.234387296754,64.94202169724878,0.015398350476846255,0.015398350310519508,geom2,62
mixture,0.010000000000000007,5165.755560729904,10337.511121459807,10352.234387296754,64.94202146562098,0.015398351133285462,0.015398350358188595,geom2,62
null,,5165.755560729899,10333.511121459798,10338.41887673878,64.94202067553127,0.015398350553277103,,geom2,62
sum,,5164.654655150996,10331.309310301993,10336.217065580975,97.17815450020011,0.020580757170027154,,geom2,62
mixture,0.5,5189.463338182912,10384.926676365823,10399.64994220277,66.48801198555098,0.01504030531424699,0.01504030531424699,geom2,63
mixture,0.4,5189.463338182917,10384.926676365834,10399.649942202781,66.48801310844904,0.015040305394467464,0.01504030483741394,geom2,63
mixture,0.45,5189.463338182917,10384.926676365834,10399.649942202781,66.4880126482538,0.015040305359693579,0.015040305004498836,geom2,63
mixture,0.3,5189.463338182921,10384.926676365842,10399.649942202788,66.48801362638378,0.015040307373371361,0.015040303901516693,geom2,63
mixture,0.35000000000000003,5189.463338182921,10384.926676365842,10399.649942202788,66.48801314831618,0.015040306913687101,0.015040304048348625,geom2,63
mixture,0.25,5189.4633381829235,10384.926676365847,10399.649942202794,66.48801428768411,0.015040307607990444,0.015040303855309642,geom2,63
mixture,0.2,5189.463338182927,10384.926676365854,10399.649942202801,66.48801621496825,0.015040307280812942,0.015040303626681009,geom2,63
mixture,0.15000000000000002,5189.463338182932,10384.926676365863,10399.64994220281,66.4880168616034,0.01504030676158483,0.015040303761169159,geom2,63
mixture,0.1,5189.463338182941,10384.926676365882,10399.649942202828,66.48801896425614,0.01504030574208363,0.015040303512644952,geom2,63
mixture,0.05,5189.463338182947,10384.926676365894,10399.649942202841,66.48802123401387,0.015040304760370342,0.015040303141186033,geom2,63
mixture,0.0025000000000000005,5189.46333818295,10384.9266763659,10399.649942202846,66.48802187220195,0.015040303090826549,0.01504030307774756,geom2,63
mixture,0.0047500000000000025,5189.46333818295,10384.9266763659,10399.649942202846,66.48802177864128,0.015040303206061933,0.015040303098433447,geom2,63
mixture,0.009750000000000007,5189.46333818295,10384.9266763659,10399.649942202846,66.48802145886158,0.01504030351475828,0.015040303167900414,geom2,63
mixture,0.005000000000000003,5189.463338182951,10384.926676365902,10399.649942202848,66.48802179877316,0.015040303210085539,0.015040303093809257,geom2,63
mixture,0.008000000000000005,5189.463338182951,10384.926676365902,10399.649942202848,66.48802198822203,0.01504030352110178,0.015040303047748445,geom2,63
mixture,0.005750000000000003,5189.463338182952,10384.926676365903,10399.64994220285,66.48802217414153,0.015040303263689228,0.01504030300800812,geom2,63
mixture,0.007250000000000005,5189.463338182952,10384.926676365903,10399.64994220285,66.48802203480892,0.015040303152732899,0.015040303040180815,geom2,63
mixture,0.007500000000000005,5189.463338182952,10384.926676365903,10399.64994220285,66.4880215354426,0.015040303319795001,0.015040303152705664,geom2,63
mixture,0.009500000000000007,5189.463338182952,10384.926676365903,10399.64994220285,66.4880217692153,0.01504030338241732,0.015040303098378574,geom2,63
mixture,0.008250000000000006,5189.463338182952,10384.926676365903,10399.64994220285,66.48802212327999,0.015040303280711233,0.015040303018823139,geom2,63
mixture,0.006750000000000004,5189.463338182952,10384.926676365903,10399.64994220285,66.48802218264287,0.015040303221198547,0.015040303006103303,geom2,63
mixture,0.010000000000000007,5189.463338182952,10384.926676365903,10399.64994220285,66.4880216708282,0.015040303397925382,0.015040303120559498,geom2,63
mixture,0.0037500000000000016,5189.463338182952,10384.926676365903,10399.64994220285,66.48802172950167,0.015040303220053623,0.015040303109646564,geom2,63
mixture,0.002,5189.463338182952,10384.926676365903,10399.64994220285,66.48802196585429,0.015040303021235352,0.015040303056665955,geom2,63
mixture,0.003250000000000001,5189.463338182952,10384.926676365903,10399.64994220285,66.48802190764178,0.015040303085223184,0.015040303069712978,geom2,63
mixture,0.006000000000000004,5189.463338182952,10384.926676365903,10399.64994220285,66.48802185491176,0.015040303210602308,0.015040303080913347,geom2,63
mixture,0.0035000000000000014,5189.463338182953,10384.926676365905,10399.649942202852,66.48802167012178,0.01504030323303371,0.01504030312310822,geom2,63
mixture,0.009250000000000006,5189.4633381829535,10384.926676365907,10399.649942202854,66.48802227648315,0.015040303211736366,0.01504030298422302,geom2,63
mixture,0.0022500000000000003,5189.4633381829535,10384.926676365907,10399.649942202854,66.48802250668346,0.01504030303028529,0.015040302934037185,geom2,63
mixture,0.006500000000000004,5189.4633381829535,10384.926676365907,10399.649942202854,66.48802200691621,0.015040303223265503,0.015040303046155232,geom2,63
mixture,0.004250000000000002,5189.4633381829535,10384.926676365907,10399.649942202854,66.48802214099844,0.015040303363668277,0.01504030301549588,geom2,63
mixture,0.005500000000000003,5189.4633381829535,10384.926676365907,10399.649942202854,66.48802181457043,0.015040303117108519,0.015040303090671722,geom2,63
mixture,0.0027500000000000007,5189.463338182955,10384.92667636591,10399.649942202857,66.48802179867201,0.015040303148211667,0.015040303094265165,geom2,63
mixture,0.003000000000000001,5189.463338182955,10384.92667636591,10399.649942202857,66.48802232147021,0.015040303161466229,0.015040302975593344,geom2,63
mixture,0.004000000000000002,5189.463338182956,10384.926676365912,10399.64994220286,66.48802309836123,0.015040302921946896,0.015040302799921794,geom2,63
mixture,0.008750000000000006,5189.463338182956,10384.926676365912,10399.64994220286,66.48802210714712,0.015040303328555996,0.015040303021950344,geom2,63
mixture,0.007750000000000005,5189.463338182956,10384.926676365912,10399.64994220286,66.4880222202973,0.01504030330265856,0.015040302996665917,geom2,63
mixture,0.006250000000000004,5189.463338182956,10384.926676365912,10399.64994220286,66.4880223952648,0.015040303123597085,0.015040302958425513,geom2,63
mixture,0.004500000000000002,5189.463338182956,10384.926676365912,10399.64994220286,66.48802161636789,0.015040303241871633,0.015040303135172519,geom2,63
mixture,0.005250000000000003,5189.463338182957,10384.926676365914,10399.649942202861,66.48802244187145,0.015040303022987896,0.015040302948523978,geom2,63
mixture,0.0070000000000000045,5189.463338182957,10384.926676365914,10399.649942202861,66.48802227218187,0.01504030318547608,0.015040302985903505,geom2,63
mixture,0.008500000000000006,5189.463338182957,10384.926676365914,10399.649942202861,66.48802218772273,0.015040303267924332,0.015040303004164111,geom2,63
mixture,0.009000000000000006,5189.463338182958,10384.926676365916,10399.649942202863,66.48802262795718,0.015040303391849325,0.015040302902415422,geom2,63
null,,5189.463338182957,10380.926676365914,10385.834431644897,66.48802243807475,0.015040302949773767,,geom2,63
sum,,5188.3866968055645,10378.773393611129,10383.681148890111,99.51694799247791,0.020097079345230442,,geom2,63
mixture,0.45,5183.062828205773,10372.125656411547,10386.848922248493,66.0670130736141,0.01513614720200951,0.015136146236617574,geom2,64
mixture,0.4,5183.062828205775,10372.12565641155,10386.848922248497,66.06701362030826,0.015136147760967809,0.015136145735679394,geom2,64
mixture,0.5,5183.062828205775,10372.12565641155,10386.848922248497,66.06701405982406,0.015136146445100338,0.015136146445100338,geom2,64
mixture,0.35000000000000003,5183.062828205777,10372.125656411554,10386.8489222485,66.06701392044657,0.015136148105755979,0.015136145600027124,geom2,64
mixture,0.3,5183.062828205779,10372.125656411557,10386.848922248504,66.06701423906897,0.015136148547942345,0.015136145485217472,geom2,64
mixture,0.25,5183.0628282057805,10372.125656411561,10386.848922248508,66.06701568157868,0.015136148405194444,0.015136145296337493,geom2,64
mixture,0.15000000000000002,5183.062828205788,10372.125656411576,10386.848922248522,66.06701721950832,0.015136147951043573,0.01513614532770703,geom2,64
mixture,0.2,5183.062828205788,10372.125656411576,10386.848922248522,66.06701650539655,0.015136148542596737,0.015136145220366633,geom2,64
mixture,0.1,5183.062828205796,10372.125656411592,10386.848922248539,66.06701923941901,0.015136147111166747,0.015136145052581564,geom2,64
mixture,0.007250000000000005,5183.062828205802,10372.125656411605,10386.848922248551,66.06702109418373,0.015136145020627332,0.015136144832141584,geom2,64
mixture,0.05,5183.062828205802,10372.125656411605,10386.848922248551,66.06702053929702,0.015136146045566247,0.015136144903532567,geom2,64
mixture,0.006000000000000004,5183.062828205805,10372.12565641161,10386.848922248557,66.0670213518915,0.015136144911239283,0.015136144773640921,geom2,64
mixture,0.008250000000000006,5183.062828205805,10372.12565641161,10386.848922248557,66.06702132523966,0.015136145033194808,0.015136144778471054,geom2,64
mixture,0.010000000000000007,5183.062828205807,10372.125656411614,10386.84892224856,66.06702182304852,0.015136144926423012,0.015136144663897831,geom2,64
mixture,0.009750000000000007,5183.062828205807,10372.125656411614,10386.84892224856,66.06702180555676,0.015136144969361345,0.015136144667588206,geom2,64
mixture,0.0022500000000000003,5183.062828205808,10372.125656411616,10386.848922248562,66.06702140994005,0.015136144833635354,0.015136144761004002,geom2,64
mixture,0.008000000000000005,5183.062828205808,10372.125656411616,10386.848922248562,66.06702178765512,0.015136144974998125,0.015136144672209502,geom2,64
mixture,0.0070000000000000045,5183.062828205808,10372.125656411616,10386.848922248562,66.06702187576413,0.015136144891151839,0.015136144652777165,geom2,64
mixture,0.008500000000000006,5183.062828205808,10372.125656411616,10386.848922248562,66.06702204260218,0.015136144781453972,0.015136144614806205,geom2,64
mixture,0.007500000000000005,5183.062828205808,10372.125656411616,10386.848922248562,66.06702195394706,0.015136144696480997,0.01513614463608085,geom2,64
mixture,0.005750000000000003,5183.062828205808,10372.125656411616,10386.848922248562,66.06702177919946,0.015136144988831675,0.015136144674763133,geom2,64
mixture,0.0037500000000000016,5183.062828205808,10372.125656411616,10386.848922248562,66.06702131239463,0.015136144903187624,0.015136144783064898,geom2,64
mixture,0.005000000000000003,5183.062828205808,10372.125656411616,10386.848922248562,66.06702128002097,0.015136144997260502,0.015136144789895433,geom2,64
mixture,0.004000000000000002,5183.062828205808,10372.125656411616,10386.848922248562,66.06702219911128,0.015136144641579061,0.015136144580120187,geom2,64
mixture,0.006250000000000004,5183.062828205808,10372.125656411616,10386.848922248562,66.067021349563,0.015136144922338328,0.01513614477407332,geom2,64
mixture,0.009500000000000007,5183.062828205808,10372.125656411616,10386.848922248562,66.06702134083618,0.015136144879131464,0.015136144776019758,geom2,64
mixture,0.009250000000000006,5183.062828205808,10372.125656411616,10386.848922248562,66.0670219108172,0.015136144920749047,0.015136144643853744,geom2,64
mixture,0.008750000000000006,5183.062828205808,10372.125656411616,10386.848922248562,66.06702200065601,0.015136144833127118,0.015136144624002859,geom2,64
mixture,0.006500000000000004,5183.062828205809,10372.125656411617,10386.848922248564,66.06702181331873,0.015136144956205345,0.015136144666871538,geom2,64
mixture,0.0035000000000000014,5183.06282820581,10372.12565641162,10386.848922248566,66.06702196486036,0.01513614480276253,0.015136144633440957,geom2,64
mixture,0.004250000000000002,5183.06282820581,10372.12565641162,10386.848922248566,66.06702124702666,0.015136144993691106,0.01513614479765821,geom2,64
mixture,0.003000000000000001,5183.06282820581,10372.12565641162,10386.848922248566,66.06702164311912,0.015136144799453173,0.015136144707469476,geom2,64
mixture,0.009000000000000006,5183.06282820581,10372.12565641162,10386.848922248566,66.06702117086456,0.015136145052937892,0.015136144813787956,geom2,64
mixture,0.004500000000000002,5183.06282820581,10372.12565641162,10386.848922248566,66.06702215034518,0.0151361446930968,0.0151361445910794,geom2,64
mixture,0.0047500000000000025,5183.062828205811,10372.125656411621,10386.848922248568,66.06702130361178,0.015136144875219498,0.015136144785099464,geom2,64
mixture,0.002,5183.0628282058115,10372.125656411623,10386.84892224857,66.06702285897698,0.015136144123975952,0.015136144429800545,geom2,64
mixture,0.0025000000000000005,5183.0628282058115,10372.125656411623,10386.84892224857,66.06702209216517,0.015136144628349528,0.015136144604808832,geom2,64
mixture,0.007750000000000005,5183.0628282058115,10372.125656411623,10386.84892224857,66.06702211447396,0.015136144739445617,0.015136144598665633,geom2,64
mixture,0.0027500000000000007,5183.062828205812,10372.125656411625,10386.848922248571,66.06702283552694,0.01513614441599601,0.015136144434612564,geom2,64
mixture,0.006750000000000004,5183.062828205812,10372.125656411625,10386.848922248571,66.06702193598095,0.015136144763767715,0.015136144639813245,geom2,64
mixture,0.003250000000000001,5183.062828205813,10372.125656411627,10386.848922248573,66.06702205487657,0.01513614465693522,0.015136144613268693,geom2,64
mixture,0.005250000000000003,5183.062828205813,10372.125656411627,10386.848922248573,66.06702275843278,0.015136144501713309,0.015136144451962671,geom2,64
mixture,0.005500000000000003,5183.062828205815,10372.12565641163,10386.848922248577,66.06702203247274,0.015136144778748846,0.01513614461765739,geom2,64
null,,5183.06282820581,10368.12565641162,10373.033411690601,66.06702225123126,0.015136144568425184,,geom2,64
sum,,5176.775052324834,10355.550104649668,10360.45785992865,98.47637019687281,0.020309440691219868,,geom2,64
mixture,0.5,5149.895047252765,10305.79009450553,10320.513360342477,63.928011492222836,0.0156425951106215,0.0156425951106215,geom2,65
mixture,0.45,5149.895047252766,10305.790094505532,10320.513360342478,63.928012262677626,0.015642595045200536,0.015642594821378322,geom2,65
mixture,0.35000000000000003,5149.895047252769,10305.790094505537,10320.513360342484,63.92801300981789,0.015642595414155396,0.01564259437588556,geom2,65
mixture,0.3,5149.895047252769,10305.790094505537,10320.513360342484,63.928013093702944,0.015642595668121356,0.01564259431188244,geom2,65
mixture,0.4,5149.8950472527695,10305.790094505539,10320.513360342486,63.928012501933765,0.015642595360445478,0.015642594532293944,geom2,65
mixture,0.25,5149.895047252772,10305.790094505544,10320.513360342491,63.92801356954992,0.015642597290573188,0.015642593706234116,geom2,65
mixture,0.2,5149.895047252777,10305.790094505553,10320.5133603425,63.928014566483085,0.015642596831839814,0.01564259374001316,geom2,65
mixture,0.15000000000000002,5149.895047252781,10305.790094505563,10320.51336034251,63.928016286654646,0.015642596421811757,0.015642593499054853,geom2,65
mixture,0.1,5149.895047252784,10305.790094505568,10320.513360342515,63.9280173358076,0.015642596052554414,0.01564259341721656,geom2,65
mixture,0.05,5149.895047252792,10305.790094505584,10320.513360342531,63.92801902630053,0.015642594430683027,0.015642593205861272,geom2,65
mixture,0.008500000000000006,5149.895047252794,10305.790094505588,10320.513360342535,63.92801981090574,0.015642593299077474,0.015642593073196757,geom2,65
mixture,0.003000000000000001,5149.895047252796,10305.790094505592,10320.513360342538,63.92802006125069,0.01564259305300559,0.015642593013741865,geom2,65
mixture,0.007250000000000005,5149.895047252796,10305.790094505592,10320.513360342538,63.92801987626528,0.0156425932737176,0.015642593057556702,geom2,65
mixture,0.005000000000000003,5149.895047252796,10305.790094505592,10320.513360342538,63.92801995646633,0.01564259318928031,0.01564259303874675,geom2,65
mixture,0.0047500000000000025,5149.895047252797,10305.790094505594,10320.51336034254,63.928019986134885,0.015642593110509435,0.015642593031866242,geom2,65
mixture,0.008250000000000006,5149.895047252797,10305.790094505594,10320.51336034254,63.928020112342445,0.015642593327204694,0.01564259299864738,geom2,65
mixture,0.0022500000000000003,5149.895047252797,10305.790094505594,10320.51336034254,63.92802017551574,0.015642593065474986,0.015642592985720613,geom2,65
mixture,0.009750000000000007,5149.895047252798,10305.790094505595,10320.513360342542,63.928020509724256,0.015642593137646703,0.015642592901823058,geom2,65
mixture,0.007750000000000005,5149.895047252798,10305.790094505595,10320.513360342542,63.92801982320363,0.01564259332337383,0.01564259307014504,geom2,65
mixture,0.002,5149.895047252798,10305.790094505595,10320.513360342542,63.92802003989798,0.01564259310396599,0.015642593018914363,geom2,65
mixture,0.008000000000000005,5149.895047252798,10305.790094505595,10320.513360342542,63.92801981241903,0.015642593310611175,0.015642593072844317,geom2,65
mixture,0.010000000000000007,5149.895047252798,10305.790094505595,10320.513360342542,63.92802033178913,0.01564259325474651,0.015642592944559542,geom2,65
mixture,0.007500000000000005,5149.895047252799,10305.790094505597,10320.513360342544,63.928019780476276,0.015642593264276305,0.0156425930811894,geom2,65
mixture,0.006000000000000004,5149.895047252799,10305.790094505597,10320.513360342544,63.92801992659719,0.015642593199645546,0.01564259304588556,geom2,65
mixture,0.0025000000000000005,5149.895047252799,10305.790094505597,10320.513360342544,63.928019882193226,0.01564259313157105,0.01564259305748815,geom2,65
mixture,0.004500000000000002,5149.895047252799,10305.790094505597,10320.513360342544,63.928020254431615,0.0156425932791397,0.015642592965177247,geom2,65
mixture,0.006750000000000004,5149.8950472527995,10305.790094505599,10320.513360342546,63.92801968725827,0.015642593366919286,0.015642593103594688,geom2,65
mixture,0.008750000000000006,5149.8950472527995,10305.790094505599,10320.513360342546,63.92802040798566,0.015642593175502772,0.015642592926841038,geom2,65
mixture,0.009000000000000006,5149.8950472527995,10305.790094505599,10320.513360342546,63.92802031548515,0.015642593215206155,0.015642592949257305,geom2,65
mixture,0.009500000000000007,5149.8950472528,10305.7900945056,10320.513360342547,63.92802038444743,0.015642593165105,0.01564259293256731,geom2,65
mixture,0.005250000000000003,5149.8950472528,10305.7900945056,10320.513360342547,63.928020793349255,0.01564259295584691,0.015642592834082675,geom2,65
mixture,0.006250000000000004,5149.8950472528,10305.7900945056,10320.513360342547,63.92802068007614,0.015642593041849923,0.015642592861310443,geom2,65
mixture,0.005500000000000003,5149.8950472528,10305.7900945056,10320.513360342547,63.92802090872042,0.01564259285028153,0.01564259280624951,geom2,65
mixture,0.004250000000000002,5149.895047252801,10305.790094505603,10320.51336034255,63.928020975202045,0.015642593012816328,0.015642592789274195,geom2,65
mixture,0.0037500000000000016,5149.895047252801,10305.790094505603,10320.51336034255,63.928021179351354,0.015642592785978,0.01564259274009876,geom2,65
mixture,0.0070000000000000045,5149.895047252801,10305.790094505603,10320.51336034255,63.92802021598644,0.01564259310081771,0.015642592975117352,geom2,65
mixture,0.006500000000000004,5149.895047252801,10305.790094505603,10320.51336034255,63.92802096446177,0.015642592938205323,0.01564259279190132,geom2,65
mixture,0.0027500000000000007,5149.895047252802,10305.790094505604,10320.513360342551,63.9280209347118,0.015642592821230077,0.015642592800073653,geom2,65
mixture,0.0035000000000000014,5149.895047252803,10305.790094505606,10320.513360342553,63.928020948454076,0.01564259286446255,0.01564259279653147,geom2,65
mixture,0.005750000000000003,5149.895047252803,10305.790094505606,10320.513360342553,63.9280205364519,0.015642593076585973,0.015642592896547108,geom2,65
mixture,0.009250000000000006,5149.895047252803,10305.790094505606,10320.513360342553,63.928020433273524,0.01564259312073089,0.01564259292098144,geom2,65
mixture,0.003250000000000001,5149.895047252803,10305.790094505606,10320.513360342553,63.9280207161709,0.015642592949519904,0.01564259285329403,geom2,65
mixture,0.004000000000000002,5149.895047252803,10305.790094505606,10320.513360342553,63.928021014979606,0.01564259310326204,0.01564259277919478,geom2,65
null,,5149.8950472527995,10301.790094505599,10306.697849784581,63.92802069109277,0.01564259285974315,,geom2,65
sum,,5146.97824141748,10295.95648283496,10300.864238113942,95.59925349963534,0.02092066545276558,,geom2,65
mixture,0.5,5160.262597788886,10326.525195577771,10341.248461414718,64.58901327254253,0.015482509320592306,0.015482509320592306,geom2,66
mixture,0.45,5160.2625977888865,10326.525195577773,10341.24846141472,64.58901302265205,0.015482509775341168,0.015482509057435567,geom2,66
mixture,0.4,5160.262597788887,10326.525195577775,10341.248461414722,64.5890128771784,0.015482509891154605,0.015482509098170762,geom2,66
mixture,0.35000000000000003,5160.262597788889,10326.525195577779,10341.248461414725,64.58901332718122,0.015482511125080577,0.015482508328795207,geom2,66
mixture,0.25,5160.262597788892,10326.525195577784,10341.24846141473,64.58901434108544,0.01548251133262062,0.015482508308398507,geom2,66
mixture,0.3,5160.262597788895,10326.52519557779,10341.248461414736,64.58901453271774,0.015482510579747626,0.015482508349419848,geom2,66
mixture,0.2,5160.262597788898,10326.525195577797,10341.248461414743,64.58901616472968,0.01548251092397108,0.015482508053146918,geom2,66
mixture,0.15000000000000002,5160.262597788903,10326.525195577806,10341.248461414752,64.58901735926577,0.015482510908727336,0.015482507887838476,geom2,66
mixture,0.1,5160.262597788907,10326.525195577815,10341.248461414762,64.58901828649732,0.015482509984140356,0.015482507911436487,geom2,66
mixture,0.05,5160.262597788914,10326.525195577828,10341.248461414774,64.58901931769569,0.015482509174336708,0.015482507802951016,geom2,66
mixture,0.009500000000000007,5160.262597788915,10326.52519557783,10341.248461414776,64.5890201554241,0.015482507921017864,0.015482507668309326,geom2,66
mixture,0.006500000000000004,5160.262597788915,10326.52519557783,10341.248461414776,64.5890203308267,0.015482507707767247,0.01548250762814711,geom2,66
mixture,0.008000000000000005,5160.262597788916,10326.525195577831,10341.248461414778,64.58902028552905,0.015482507768568177,0.015482507638482164,geom2,66
mixture,0.007250000000000005,5160.2625977889165,10326.525195577833,10341.24846141478,64.58902046935259,0.015482507704226217,0.015482507594664548,geom2,66
mixture,0.006000000000000004,5160.2625977889165,10326.525195577833,10341.24846141478,64.58902074447833,0.015482507721712375,0.01548250752834884,geom2,66
mixture,0.0047500000000000025,5160.2625977889165,10326.525195577833,10341.24846141478,64.58902061845576,0.015482507850357404,0.015482507558330515,geom2,66
mixture,0.009750000000000007,5160.2625977889165,10326.525195577833,10341.24846141478,64.58902062988959,0.015482507855419414,0.015482507554038398,geom2,66
mixture,0.006250000000000004,5160.2625977889165,10326.525195577833,10341.24846141478,64.58902054302442,0.015482507709624333,0.015482507576970055,geom2,66
mixture,0.008750000000000006,5160.262597788917,10326.525195577835,10341.248461414782,64.58902026597134,0.015482507875341736,0.015482507642170745,geom2,66
mixture,0.002,5160.262597788917,10326.525195577835,10341.248461414782,64.58902047096673,0.01548250762540908,0.015482507595011153,geom2,66
mixture,0.0022500000000000003,5160.262597788917,10326.525195577835,10341.248461414782,64.58902076386784,0.015482507554604204,0.015482507524794128,geom2,66
mixture,0.004250000000000002,5160.262597788918,10326.525195577837,10341.248461414783,64.58902077191865,0.015482507449960624,0.015482507523242803,geom2,66
mixture,0.008250000000000006,5160.262597788918,10326.525195577837,10341.248461414783,64.58902034431412,0.015482507850212811,0.015482507623561726,geom2,66
mixture,0.0037500000000000016,5160.262597788919,10326.525195577839,10341.248461414785,64.58902072577295,0.01548250774812787,0.01548250753318682,geom2,66
mixture,0.0025000000000000005,5160.26259778892,10326.52519557784,10341.248461414787,64.58902058053651,0.015482507596675752,0.015482507568737343,geom2,66
mixture,0.008500000000000006,5160.26259778892,10326.52519557784,10341.248461414787,64.58902093296311,0.015482507731089274,0.015482507482212249,geom2,66
mixture,0.0070000000000000045,5160.26259778892,10326.52519557784,10341.248461414787,64.58902036740406,0.015482507751908457,0.015482507618966159,geom2,66
mixture,0.007750000000000005,5160.26259778892,10326.52519557784,10341.248461414787,64.5890209571339,0.015482507629476408,0.015482507477354829,geom2,66
mixture,0.005750000000000003,5160.26259778892,10326.52519557784,10341.248461414787,64.58902147203342,0.015482507389398789,0.015482507354909907,geom2,66
mixture,0.010000000000000007,5160.26259778892,10326.52519557784,10341.248461414787,64.58902025103002,0.015482507885038216,0.015482507645396128,geom2,66
mixture,0.004000000000000002,5160.26259778892,10326.52519557784,10341.248461414787,64.58902108314949,0.015482507564071749,0.01548250744786198,geom2,66
mixture,0.009000000000000006,5160.262597788921,10326.525195577842,10341.248461414789,64.58902157744014,0.015482507704479533,0.015482507326439016,geom2,66
mixture,0.005000000000000003,5160.262597788921,10326.525195577842,10341.248461414789,64.58902138282872,0.015482507446285364,0.015482507376140578,geom2,66
mixture,0.003250000000000001,5160.262597788921,10326.525195577842,10341.248461414789,64.58902145929395,0.015482507608157017,0.01548250735734684,geom2,66
mixture,0.0027500000000000007,5160.262597788922,10326.525195577844,10341.24846141479,64.58902126740087,0.015482507443146727,0.015482507404052777,geom2,66
mixture,0.007500000000000005,5160.262597788922,10326.525195577844,10341.24846141479,64.58902058884699,0.015482507700631847,0.015482507565803895,geom2,66
mixture,0.0035000000000000014,5160.262597788922,10326.525195577844,10341.24846141479,64.58902144906563,0.015482507555709362,0.015482507359928548,geom2,66
mixture,0.005250000000000003,5160.262597788922,10326.525195577844,10341.24846141479,64.58902063938804,0.015482507609899667,0.015482507554408678,geom2,66
mixture,0.005500000000000003,5160.262597788922,10326.525195577844,10341.24846141479,64.58902093166104,0.01548250758440652,0.015482507484088071,geom2,66
mixture,0.003000000000000001,5160.262597788922,10326.525195577844,10341.24846141479,64.589020703304,0.01548250760749734,0.015482507539173867,geom2,66
mixture,0.006750000000000004,5160.262597788922,10326.525195577844,10341.24846141479,64.58902043530476,0.015482507759666225,0.015482507602559942,geom2,66
mixture,0.004500000000000002,5160.262597788924,10326.525195577848,10341.248461414794,64.58902147361476,0.015482507622303751,0.015482507353519628,geom2,66
mixture,0.009250000000000006,5160.262597788924,10326.525195577848,10341.248461414794,64.58902095592565,0.01548250775151951,0.015482507476277408,geom2,66
null,,5160.262597788926,10322.525195577851,10327.432950856833,64.58902114106884,0.015482507434443087,,geom2,66
sum,,5153.138793196915,10308.27758639383,10313.185341672812,96.18459753005169,0.020793349989067893,,geom2,66
mixture,0.4,5075.387545755739,10156.775091511478,10171.498357348424,59.374010031552565,0.016842386435042815,0.016842385841362273,geom2,67
mixture,0.45,5075.3875457557415,10156.775091511483,10171.49835734843,59.374009831028104,0.016842386974348134,0.016842385449563322,geom2,67
mixture,0.5,5075.3875457557415,10156.775091511483,10171.49835734843,59.37400907511797,0.016842386350142437,0.016842386350142437,geom2,67
mixture,0.35000000000000003,5075.387545755744,10156.775091511488,10171.498357348435,59.374010381509905,0.016842387487574616,0.016842385167557622,geom2,67
mixture,0.3,5075.387545755746,10156.775091511492,10171.498357348439,59.374011386480035,0.016842388162756638,0.01684238463665835,geom2,67
mixture,0.25,5075.387545755748,10156.775091511496,10171.498357348442,59.374011820935145,0.016842388421195533,0.016842384621265114,geom2,67
mixture,0.2,5075.387545755752,10156.775091511505,10171.498357348451,59.37401230562631,0.016842388334480794,0.016842384708576432,geom2,67
mixture,0.15000000000000002,5075.387545755755,10156.77509151151,10171.498357348457,59.374013211552565,0.016842387819239257,0.016842384710459925,geom2,67
mixture,0.1,5075.387545755759,10156.775091511518,10171.498357348464,59.37401442215022,0.016842387437203465,0.016842384544056822,geom2,67
mixture,0.008250000000000006,5075.387545755766,10156.775091511532,10171.498357348479,59.374016879700676,0.016842384601955182,0.016842384132374096,geom2,67
mixture,0.008500000000000006,5075.387545755767,10156.775091511534,10171.49835734848,59.37401681850446,0.016842384459082108,0.016842384150988626,geom2,67
mixture,0.006250000000000004,5075.387545755767,10156.775091511534,10171.49835734848,59.37401698469381,0.016842384449368888,0.016842384104308543,geom2,67
mixture,0.006000000000000004,5075.387545755768,10156.775091511536,10171.498357348482,59.37401712259765,0.016842384393229316,0.016842384065379454,geom2,67
mixture,0.005750000000000003,5075.387545755768,10156.775091511536,10171.498357348482,59.37401722291496,0.016842384312424227,0.016842384037308034,geom2,67
mixture,0.0047500000000000025,5075.387545755768,10156.775091511536,10171.498357348482,59.374017049779766,0.016842384347916975,0.016842384086762016,geom2,67
mixture,0.002,5075.387545755768,10156.775091511536,10171.498357348482,59.374017022822486,0.01684238431631074,0.016842384095207157,geom2,67
mixture,0.009750000000000007,5075.387545755768,10156.775091511536,10171.498357348482,59.37401706888524,0.016842384249602434,0.016842384080938456,geom2,67
mixture,0.007750000000000005,5075.387545755768,10156.775091511536,10171.498357348482,59.37401696955134,0.016842384285480724,0.016842384109395914,geom2,67
mixture,0.006500000000000004,5075.387545755768,10156.775091511536,10171.498357348482,59.37401724154331,0.016842384251739503,0.01684238403217858,geom2,67
mixture,0.004250000000000002,5075.387545755768,10156.775091511536,10171.498357348482,59.37401717572184,0.01684238406845229,0.016842384052207993,geom2,67
mixture,0.05,5075.387545755768,10156.775091511536,10171.498357348482,59.3740163089923,0.016842386104664053,0.016842384203058374,geom2,67
mixture,0.0022500000000000003,5075.387545755769,10156.775091511538,10171.498357348484,59.374017226366355,0.016842384106952348,0.016842384037755214,geom2,67
mixture,0.006750000000000004,5075.38754575577,10156.77509151154,10171.498357348486,59.3740169952227,0.016842384331748783,0.016842384101927184,geom2,67
mixture,0.010000000000000007,5075.38754575577,10156.77509151154,10171.498357348486,59.37401750449388,0.016842384453880834,0.016842383954016975,geom2,67
mixture,0.007500000000000005,5075.38754575577,10156.77509151154,10171.498357348486,59.37401760104023,0.016842384268313526,0.01684238392908449,geom2,67
mixture,0.009000000000000006,5075.38754575577,10156.77509151154,10171.498357348486,59.37401698841688,0.016842384583299754,0.016842384101068985,geom2,67
mixture,0.0037500000000000016,5075.38754575577,10156.77509151154,10171.498357348486,59.374017183898786,0.016842384193468698,0.016842384049417316,geom2,67
mixture,0.003250000000000001,5075.38754575577,10156.77509151154,10171.498357348486,59.37401704653735,0.01684238429836443,0.01684238408823936,geom2,67
mixture,0.004000000000000002,5075.38754575577,10156.77509151154,10171.498357348486,59.37401728363709,0.016842384060635304,0.016842384021508647,geom2,67
mixture,0.005000000000000003,5075.387545755771,10156.775091511541,10171.498357348488,59.3740170573761,0.016842384327391397,0.016842384084633892,geom2,67
mixture,0.008000000000000005,5075.387545755771,10156.775091511541,10171.498357348488,59.374017558059776,0.01684238423765926,0.01684238394145113,geom2,67
mixture,0.0070000000000000045,5075.387545755771,10156.775091511541,10171.498357348488,59.374017811419236,0.01684238423868156,0.01684238386936615,geom2,67
mixture,0.005500000000000003,5075.3875457557715,10156.775091511543,10171.49835734849,59.37401794029747,0.016842384035762555,0.016842383834284873,geom2,67
mixture,0.004500000000000002,5075.3875457557715,10156.775091511543,10171.49835734849,59.374017660673445,0.016842384091905672,0.016842383913911827,geom2,67
mixture,0.0027500000000000007,5075.3875457557715,10156.775091511543,10171.49835734849,59.37401727557185,0.01684238434800673,0.016842384023059383,geom2,67
mixture,0.007250000000000005,5075.3875457557715,10156.775091511543,10171.49835734849,59.37401682163565,0.016842384389227097,0.016842384150992006,geom2,67
mixture,0.009500000000000007,5075.3875457557715,10156.775091511543,10171.49835734849,59.374017514984146,0.01684238447315269,0.016842383951080196,geom2,67
mixture,0.0035000000000000014,5075.387545755773,10156.775091511547,10171.498357348493,59.3740176554277,0.01684238406207413,0.01684238391568849,geom2,67
mixture,0.003000000000000001,5075.387545755773,10156.775091511547,10171.498357348493,59.37401719872998,0.016842384133605615,0.016842384045486047,geom2,67
mixture,0.008750000000000006,5075.387545755773,10156.775091511547,10171.498357348493,59.37401759414015,0.016842384331075176,0.016842383930077292,geom2,67
mixture,0.009250000000000006,5075.387545755773,10156.775091511547,10171.498357348493,59.37401777073347,0.016842384221760334,0.016842383880334332,geom2,67
mixture,0.005250000000000003,5075.387545755774,10156.775091511548,10171.498357348495,59.374017934668274,0.016842384136970322,0.0168423838354066,geom2,67
mixture,0.0025000000000000005,5075.387545755776,10156.775091511552,10171.498357348499,59.37401785763663,0.0168423839144904,0.016842383858701588,geom2,67
null,,5075.387545755771,10152.775091511541,10157.682846790523,59.374017159548394,0.016842384056864886,,geom2,67
sum,,5074.159630568689,10150.319261137378,10155.22701641636,88.95093017539823,0.022484306752681423,,geom2,67
mixture,0.5,5220.601047027914,10447.202094055829,10461.925359892775,68.5750138531901,0.014582570878379488,0.014582570878379488,geom2,68
mixture,0.4,5220.601047027919,10447.202094055838,10461.925359892784,68.57501444060028,0.014582571813906427,0.01458257004650565,geom2,68
mixture,0.45,5220.60104702792,10447.20209405584,10461.925359892786,68.57501471855404,0.014582571174367606,0.014582570301624093,geom2,68
mixture,0.35000000000000003,5220.601047027921,10447.202094055841,10461.925359892788,68.57501533147482,0.014582572301610867,0.014582569628394661,geom2,68
mixture,0.3,5220.601047027923,10447.202094055847,10461.925359892793,68.57501554865948,0.014582572504492297,0.014582569666411476,geom2,68
mixture,0.25,5220.601047027929,10447.202094055858,10461.925359892804,68.57501698328652,0.014582572706458167,0.014582569381527757,geom2,68
mixture,0.2,5220.6010470279325,10447.202094055865,10461.925359892812,68.57501831111858,0.014582573814883072,0.01458256895927323,geom2,68
mixture,0.1,5220.601047027936,10447.202094055872,10461.925359892819,68.57501998386074,0.014582571457437927,0.014582569365489231,geom2,68
mixture,0.15000000000000002,5220.601047027936,10447.202094055872,10461.925359892819,68.5750184147651,0.014582572283706583,0.014582569489174644,geom2,68
mixture,0.05,5220.601047027945,10447.20209405589,10461.925359892837,68.57502228582463,0.014582570131726019,0.014582569030086418,geom2,68
mixture,0.009250000000000006,5220.601047027951,10447.202094055901,10461.925359892848,68.57502305346902,0.014582569140670056,0.014582568919885549,geom2,68
mixture,0.007750000000000005,5220.601047027951,10447.202094055901,10461.925359892848,68.5750231345805,0.01458256914941657,0.01458256890276781,geom2,68
mixture,0.005750000000000003,5220.601047027952,10447.202094055903,10461.92535989285,68.57502338987607,0.01458256896070488,0.014582568849752425,geom2,68
mixture,0.007500000000000005,5220.6010470279525,10447.202094055905,10461.925359892852,68.57502377502352,0.014582569166133699,0.014582568765483412,geom2,68
mixture,0.006250000000000004,5220.6010470279525,10447.202094055905,10461.925359892852,68.5750231822504,0.014582569039616793,0.014582568893629856,geom2,68
mixture,0.003000000000000001,5220.6010470279525,10447.202094055905,10461.925359892852,68.57502400948314,0.0145825686439259,0.014582568718854931,geom2,68
mixture,0.009750000000000007,5220.6010470279525,10447.202094055905,10461.925359892852,68.57502312420644,0.014582569168872853,0.014582568904305869,geom2,68
mixture,0.0035000000000000014,5220.601047027953,10447.202094055907,10461.925359892854,68.575024028752,0.01458256893067468,0.014582568713773445,geom2,68
mixture,0.009500000000000007,5220.601047027953,10447.202094055907,10461.925359892854,68.57502382662199,0.014582569168149373,0.014582568753577378,geom2,68
mixture,0.005000000000000003,5220.601047027953,10447.202094055907,10461.925359892854,68.57502409253345,0.014582568911084302,0.014582568699913534,geom2,68
mixture,0.008250000000000006,5220.601047027954,10447.202094055909,10461.925359892855,68.57502315581118,0.01458256907345238,0.014582568898723093,geom2,68
mixture,0.008000000000000005,5220.601047027954,10447.202094055909,10461.925359892855,68.57502388236634,0.014582568908454534,0.014582568744348854,geom2,68
mixture,0.007250000000000005,5220.601047027954,10447.202094055909,10461.925359892855,68.57502412149144,0.0145825688138225,0.014582568693942304,geom2,68
mixture,0.005250000000000003,5220.601047027955,10447.20209405591,10461.925359892857,68.57502400255154,0.014582569086134188,0.014582568718172357,geom2,68
mixture,0.006750000000000004,5220.601047027955,10447.20209405591,10461.925359892857,68.57502332044947,0.014582569018784405,0.014582568864110005,geom2,68
mixture,0.0047500000000000025,5220.601047027955,10447.20209405591,10461.925359892857,68.57502417638018,0.014582568777631368,0.01458256868268829,geom2,68
mixture,0.005500000000000003,5220.601047027955,10447.20209405591,10461.925359892857,68.57502401368015,0.014582568890011482,0.014582568716784898,geom2,68
mixture,0.002,5220.601047027956,10447.202094055912,10461.925359892859,68.57502408570456,0.014582568742450243,0.014582568702341344,geom2,68
mixture,0.0070000000000000045,5220.601047027956,10447.202094055912,10461.925359892859,68.57502388495442,0.014582568906385306,0.014582568743974464,geom2,68
mixture,0.0027500000000000007,5220.601047027956,10447.202094055912,10461.925359892859,68.57502395318801,0.014582568797674158,0.014582568730416419,geom2,68
mixture,0.006000000000000004,5220.601047027956,10447.202094055912,10461.925359892859,68.57502312663225,0.014582569129056429,0.014582568905025363,geom2,68
mixture,0.006500000000000004,5220.601047027956,10447.202094055912,10461.925359892859,68.5750239530107,0.014582568927831803,0.014582568729348946,geom2,68
mixture,0.0025000000000000005,5220.601047027956,10447.202094055912,10461.925359892859,68.57502414167101,0.014582568749076076,0.014582568690373467,geom2,68
mixture,0.004000000000000002,5220.601047027956,10447.202094055912,10461.925359892859,68.57502414504702,0.014582568780903967,0.014582568689436437,geom2,68
mixture,0.008500000000000006,5220.601047027956,10447.202094055912,10461.925359892859,68.57502394238557,0.014582568865910335,0.014582568731758238,geom2,68
mixture,0.0037500000000000016,5220.601047027957,10447.202094055914,10461.92535989286,68.57502389019142,0.014582569014416385,0.014582568742979796,geom2,68
mixture,0.008750000000000006,5220.601047027957,10447.202094055914,10461.92535989286,68.57502369729649,0.01458256898821492,0.014582568783223369,geom2,68
mixture,0.004500000000000002,5220.601047027958,10447.202094055916,10461.925359892863,68.57502422709979,0.014582568759502878,0.014582568671959737,geom2,68
mixture,0.010000000000000007,5220.601047027958,10447.202094055916,10461.925359892863,68.57502404443359,0.014582569148559623,0.014582568706780092,geom2,68
mixture,0.009000000000000006,5220.601047027958,10447.202094055916,10461.925359892863,68.57502394372092,0.014582568910489969,0.01458256873099915,geom2,68
mixture,0.0022500000000000003,5220.60104702796,10447.20209405592,10461.925359892866,68.57502497873773,0.014582568507207414,0.014582568512528864,geom2,68
mixture,0.003250000000000001,5220.60104702796,10447.20209405592,10461.925359892866,68.57502407950999,0.014582568842360113,0.014582568703286856,geom2,68
mixture,0.004250000000000002,5220.601047027961,10447.202094055921,10461.925359892868,68.57502491805481,0.014582568680480988,0.014582568524759375,geom2,68
null,,5220.6010470279525,10443.202094055905,10448.109849334887,68.57502328169275,0.014582568873395726,,geom2,68
sum,,5215.183173326894,10432.366346653787,10437.27410193277,102.25638058180814,0.01955868170397387,,geom2,68
mixture,0.5,5177.925023573458,10361.850047146916,10376.573312983863,65.73101235942309,0.015213518917553103,0.015213518917553103,geom2,69
mixture,0.45,5177.925023573462,10361.850047146923,10376.57331298387,65.7310126285333,0.015213519400044912,0.015213518409540067,geom2,69
mixture,0.4,5177.9250235734635,10361.850047146927,10376.573312983874,65.73101335660327,0.015213519908391556,0.015213517872330069,geom2,69
mixture,0.35000000000000003,5177.9250235734635,10361.850047146927,10376.573312983874,65.7310141976765,0.015213519998736798,0.015213517680814515,geom2,69
mixture,0.3,5177.925023573464,10361.850047146929,10376.573312983875,65.73101378753601,0.015213520808409237,0.015213517634988698,geom2,69
mixture,0.2,5177.925023573468,10361.850047146936,10376.573312983883,65.73101558655055,0.015213520766161477,0.015213517521748208,geom2,69
mixture,0.25,5177.92502357347,10361.85004714694,10376.573312983886,65.73101514921692,0.015213520763352957,0.01521351744135202,geom2,69
mixture,0.15000000000000002,5177.925023573474,10361.850047146949,10376.573312983895,65.73101725875802,0.015213520240054358,0.015213517350103954,geom2,69
mixture,0.1,5177.925023573482,10361.850047146963,10376.57331298391,65.73101869757406,0.015213519375925818,0.015213517236653677,geom2,69
mixture,0.05,5177.925023573489,10361.850047146978,10376.573312983925,65.73102034350356,0.01521351815350207,0.015213517012582695,geom2,69
mixture,0.0035000000000000014,5177.925023573491,10361.850047146982,10376.573312983928,65.73102098546674,0.015213517113158468,0.015213516920370816,geom2,69
mixture,0.003000000000000001,5177.925023573491,10361.850047146982,10376.573312983928,65.7310211097713,0.015213516966833221,0.015213516892050798,geom2,69
mixture,0.008500000000000006,5177.925023573491,10361.850047146982,10376.573312983928,65.731021040276,0.015213517139581705,0.015213516906377678,geom2,69
mixture,0.009000000000000006,5177.925023573491,10361.850047146982,10376.573312983928,65.73102116659071,0.015213517057053542,0.015213516877508326,geom2,69
mixture,0.0037500000000000016,5177.925023573492,10361.850047146983,10376.57331298393,65.73102121749696,0.015213516947722097,0.015213516867039365,geom2,69
mixture,0.007250000000000005,5177.925023573492,10361.850047146983,10376.57331298393,65.73102123088235,0.01521351704553853,0.015213516862919876,geom2,69
mixture,0.009500000000000007,5177.925023573492,10361.850047146983,10376.57331298393,65.7310209453273,0.015213517144224026,0.015213516928284465,geom2,69
mixture,0.003250000000000001,5177.925023573492,10361.850047146983,10376.57331298393,65.73102103741586,0.015213517034670273,0.015213516908612206,geom2,69
mixture,0.0022500000000000003,5177.925023573492,10361.850047146983,10376.57331298393,65.73102129067286,0.015213516864855142,0.015213516850372697,geom2,69
mixture,0.006500000000000004,5177.925023573493,10361.850047146985,10376.573312983932,65.73102104204148,0.015213517124667777,0.015213516906533418,geom2,69
mixture,0.008000000000000005,5177.9250235734935,10361.850047146987,10376.573312983934,65.73102156092352,0.015213517149122892,0.015213516784942024,geom2,69
mixture,0.009750000000000007,5177.925023573494,10361.850047146989,10376.573312983935,65.7310217761744,0.015213516973811786,0.015213516735713967,geom2,69
mixture,0.006000000000000004,5177.925023573494,10361.850047146989,10376.573312983935,65.7310211527636,0.0152135170250338,0.015213516881463107,geom2,69
mixture,0.0070000000000000045,5177.925023573494,10361.850047146989,10376.573312983935,65.73102161382269,0.015213516871868856,0.015213516774933352,geom2,69
mixture,0.008750000000000006,5177.925023573494,10361.850047146989,10376.573312983935,65.73102107622623,0.01521351706603949,0.01521351689857387,geom2,69
mixture,0.009250000000000006,5177.925023573494,10361.850047146989,10376.573312983935,65.73102129750772,0.015213517321031555,0.015213516844414639,geom2,69
mixture,0.006250000000000004,5177.925023573495,10361.85004714699,10376.573312983937,65.73102179615232,0.015213516892150357,0.015213516732413153,geom2,69
mixture,0.007500000000000005,5177.925023573495,10361.85004714699,10376.573312983937,65.73102102311447,0.015213517110310052,0.015213516910835913,geom2,69
mixture,0.005250000000000003,5177.925023573496,10361.850047146992,10376.57331298394,65.73102099710643,0.015213517142950682,0.01521351691716619,geom2,69
mixture,0.006750000000000004,5177.925023573496,10361.850047146992,10376.57331298394,65.73102175491383,0.015213516901677143,0.015213516741877554,geom2,69
mixture,0.0025000000000000005,5177.925023573496,10361.850047146992,10376.57331298394,65.73102122477493,0.015213516904654827,0.015213516865559693,geom2,69
mixture,0.0027500000000000007,5177.925023573496,10361.850047146992,10376.57331298394,65.73102203126152,0.015213516654486598,0.015213516679062816,geom2,69
mixture,0.010000000000000007,5177.925023573496,10361.850047146992,10376.57331298394,65.73102204286688,0.015213517001450811,0.015213516673024894,geom2,69
mixture,0.005000000000000003,5177.925023573496,10361.850047146992,10376.57331298394,65.73102146289283,0.015213517148035973,0.015213516808848849,geom2,69
mixture,0.002,5177.925023573497,10361.850047146994,10376.573312983941,65.73102197468522,0.015213516704961075,0.015213516692064083,geom2,69
mixture,0.005750000000000003,5177.925023573497,10361.850047146994,10376.573312983941,65.73102169964024,0.01521351687922618,0.015213516755035237,geom2,69
mixture,0.008250000000000006,5177.925023573498,10361.850047146996,10376.573312983943,65.73102138678226,0.015213517188422288,0.015213516825163774,geom2,69
mixture,0.007750000000000005,5177.925023573498,10361.850047146996,10376.573312983943,65.73102229147901,0.01521351728464178,0.015213516613566777,geom2,69
mixture,0.004000000000000002,5177.925023573498,10361.850047146996,10376.573312983943,65.73102245468746,0.015213516744868837,0.015213516580334699,geom2,69
mixture,0.005500000000000003,5177.925023573499,10361.850047146998,10376.573312983945,65.73102171069118,0.015213516989393354,0.015213516751885292,geom2,69
mixture,0.004250000000000002,5177.9250235735,10361.850047147,10376.573312983946,65.7310219220837,0.015213516820394188,0.015213516703768895,geom2,69
mixture,0.0047500000000000025,5177.9250235735,10361.850047147,10376.573312983946,65.73102182123073,0.015213516831553798,0.01521351672711098,geom2,69
mixture,0.004500000000000002,5177.925023573502,10361.850047147003,10376.57331298395,65.7310222425869,0.015213516642590456,0.015213516630027204,geom2,69
null,,5177.9250235735,10357.850047147,10362.757802425982,65.73102199581066,0.01521351668720037,,geom2,69
sum,,5171.979663438647,10345.959326877293,10350.867082156276,98.01056474694745,0.02040596343020552,,geom2,69
mixture,0.4,5248.529594969874,10503.059189939748,10517.782455776694,70.50301575277705,0.014183791665362676,0.0141837896035793,geom2,70
mixture,0.5,5248.529594969874,10503.059189939748,10517.782455776694,70.50301474479885,0.014183790631077548,0.014183790631077548,geom2,70
mixture,0.45,5248.5295949698775,10503.059189939755,10517.782455776702,70.50301596183795,0.01418379091345554,0.014183789954870454,geom2,70
mixture,0.35000000000000003,5248.529594969878,10503.059189939757,10517.782455776704,70.50301671738973,0.014183791886320131,0.01418378934464607,geom2,70
mixture,0.3,5248.529594969884,10503.059189939768,10517.782455776714,70.5030171798038,0.014183792287273619,0.014183789221459317,geom2,70
mixture,0.25,5248.529594969887,10503.059189939773,10517.78245577672,70.50301810176214,0.014183792559587138,0.01418378908776981,geom2,70
mixture,0.2,5248.529594969888,10503.059189939777,10517.782455776724,70.50301858932524,0.01418379238342553,0.01418378922618887,geom2,70
mixture,0.15000000000000002,5248.529594969895,10503.05918993979,10517.782455776736,70.50301991256761,0.014183792001746973,0.014183789166075718,geom2,70
mixture,0.1,5248.529594969901,10503.059189939802,10517.782455776749,70.5030223736857,0.014183791965883933,0.014183788777456184,geom2,70
mixture,0.05,5248.529594969907,10503.059189939813,10517.78245577676,70.50302383067566,0.014183789887009874,0.014183788746138265,geom2,70
mixture,0.007500000000000005,5248.529594969909,10503.059189939819,10517.782455776765,70.50302480128981,0.014183788785300569,0.014183788606573367,geom2,70
mixture,0.0025000000000000005,5248.52959496991,10503.05918993982,10517.782455776767,70.50302501222737,0.014183788599710085,0.014183788565391636,geom2,70
mixture,0.009500000000000007,5248.52959496991,10503.05918993982,10517.782455776767,70.50302484982998,0.014183788789108143,0.014183788596317,geom2,70
mixture,0.003000000000000001,5248.52959496991,10503.05918993982,10517.782455776767,70.50302493452477,0.0141837887061956,0.014183788580733242,geom2,70
mixture,0.0027500000000000007,5248.529594969911,10503.059189939822,10517.782455776769,70.50302503903224,0.014183788604275457,0.014183788559962973,geom2,70
mixture,0.002,5248.529594969911,10503.059189939822,10517.782455776769,70.50302504361417,0.014183788616438663,0.014183788559048258,geom2,70
mixture,0.006500000000000004,5248.529594969912,10503.059189939824,10517.78245577677,70.50302492987844,0.014183788756418462,0.014183788580903535,geom2,70
mixture,0.008500000000000006,5248.529594969912,10503.059189939824,10517.78245577677,70.50302487154683,0.014183788735064692,0.014183788592568304,geom2,70
mixture,0.004000000000000002,5248.529594969912,10503.059189939824,10517.78245577677,70.50302503958552,0.014183788627266129,0.014183788559703273,geom2,70
mixture,0.004250000000000002,5248.529594969913,10503.059189939826,10517.782455776773,70.50302581591109,0.0141837884760236,0.014183788403484165,geom2,70
mixture,0.009250000000000006,5248.529594969913,10503.059189939826,10517.782455776773,70.50302568313107,0.014183788610768975,0.014183788428822114,geom2,70
mixture,0.008000000000000005,5248.529594969913,10503.059189939826,10517.782455776773,70.50302490009634,0.01418378874356071,0.014183788586781706,geom2,70
mixture,0.005250000000000003,5248.529594969914,10503.059189939828,10517.782455776774,70.50302578986208,0.014183788530926951,0.014183788408389674,geom2,70
mixture,0.005500000000000003,5248.529594969914,10503.059189939828,10517.782455776774,70.50302503212372,0.014183788650280258,0.014183788560983557,geom2,70
mixture,0.007250000000000005,5248.529594969914,10503.059189939828,10517.782455776774,70.50302586150602,0.014183788845276567,0.014183788391328554,geom2,70
mixture,0.0047500000000000025,5248.529594969914,10503.059189939828,10517.782455776774,70.5030248994091,0.014183788716639112,0.014183788587561075,geom2,70
mixture,0.007750000000000005,5248.529594969914,10503.059189939828,10517.782455776774,70.50302564906042,0.014183788594210052,0.014183788436134362,geom2,70
mixture,0.004500000000000002,5248.529594969914,10503.059189939828,10517.782455776774,70.50302568614997,0.014183788483534255,0.014183788429655326,geom2,70
mixture,0.0022500000000000003,5248.529594969914,10503.059189939828,10517.782455776774,70.50302575795794,0.014183788440308324,0.014183788415395412,geom2,70
mixture,0.006000000000000004,5248.529594969915,10503.05918993983,10517.782455776776,70.50302561615419,0.014183788555274907,0.014183788443307718,geom2,70
mixture,0.008750000000000006,5248.529594969916,10503.059189939831,10517.782455776778,70.50302464429795,0.014183788872142786,0.014183788637443805,geom2,70
mixture,0.0070000000000000045,5248.529594969916,10503.059189939831,10517.782455776778,70.50302580669502,0.014183788733693945,0.014183788403334025,geom2,70
mixture,0.006750000000000004,5248.529594969916,10503.059189939831,10517.782455776778,70.50302475693408,0.014183788797801874,0.014183788615607488,geom2,70
mixture,0.006250000000000004,5248.529594969916,10503.059189939831,10517.782455776778,70.50302573521411,0.014183788508369637,0.014183788419471452,geom2,70
mixture,0.010000000000000007,5248.529594969917,10503.059189939833,10517.78245577678,70.50302496805668,0.014183788725359001,0.01418378857283848,geom2,70
mixture,0.009000000000000006,5248.529594969917,10503.059189939833,10517.78245577678,70.50302570007376,0.014183788749076113,0.014183788424172462,geom2,70
mixture,0.008250000000000006,5248.529594969917,10503.059189939833,10517.78245577678,70.50302493215538,0.014183788751155372,0.014183788580175721,geom2,70
mixture,0.0035000000000000014,5248.5295949699175,10503.059189939835,10517.782455776782,70.50302553628985,0.01418378858167846,0.01418378845961941,geom2,70
mixture,0.005000000000000003,5248.529594969918,10503.059189939837,10517.782455776784,70.50302565485245,0.014183788653983394,0.014183788435099792,geom2,70
mixture,0.005750000000000003,5248.529594969919,10503.059189939839,10517.782455776785,70.50302555695973,0.014183788630946458,0.014183788454875846,geom2,70
mixture,0.009750000000000007,5248.529594969919,10503.059189939839,10517.782455776785,70.50302545359148,0.01418378868404938,0.014183788474642144,geom2,70
mixture,0.003250000000000001,5248.529594969919,10503.059189939839,10517.782455776785,70.50302583480179,0.014183788471918167,0.014183788399757508,geom2,70
mixture,0.0037500000000000016,5248.529594969919,10503.059189939839,10517.782455776785,70.50302567616099,0.014183788563989474,0.01418378843141019,geom2,70
null,,5248.529594969914,10499.059189939828,10503.96694521881,70.50302501643374,0.014183788564631197,,geom2,70
sum,,5241.831267390062,10485.662534780124,10490.570290059106,104.94586152893369,0.019057445151837625,,geom2,70
mixture,0.4,5175.592078251156,10357.184156502311,10371.907422339258,65.57901310022689,0.015248781848803551,0.015248780206378019,geom2,71
mixture,0.45,5175.592078251157,10357.184156502313,10371.90742233926,65.57901266569215,0.015248781473111588,0.015248780548160581,geom2,71
mixture,0.35000000000000003,5175.5920782511585,10357.184156502317,10371.907422339264,65.5790139497417,0.015248781211965764,0.015248780371733052,geom2,71
mixture,0.5,5175.59207825116,10357.18415650232,10371.907422339267,65.57901362681338,0.015248780740903498,0.015248780740903498,geom2,71
mixture,0.3,5175.592078251161,10357.184156502322,10371.907422339269,65.57901446949303,0.015248781346388747,0.015248780201489348,geom2,71
mixture,0.2,5175.592078251164,10357.184156502328,10371.907422339274,65.57901554403631,0.015248782798123185,0.015248779669345146,geom2,71
mixture,0.25,5175.592078251164,10357.184156502328,10371.907422339274,65.57901583118765,0.015248781706413212,0.01524877973563659,geom2,71
mixture,0.15000000000000002,5175.592078251172,10357.184156502344,10371.90742233929,65.57901739550616,0.015248782219377376,0.015248779449035927,geom2,71
mixture,0.1,5175.592078251176,10357.184156502351,10371.907422339298,65.57901845714916,0.015248781696329069,0.015248779386772623,geom2,71
mixture,0.010000000000000007,5175.592078251184,10357.184156502368,10371.907422339315,65.57902077157898,0.015248779350363699,0.01524877907682947,geom2,71
mixture,0.008750000000000006,5175.592078251186,10357.184156502371,10371.907422339318,65.57902083074332,0.015248779289155807,0.015248779063836065,geom2,71
mixture,0.05,5175.592078251186,10357.184156502371,10371.907422339318,65.57902012406339,0.01524878056167487,0.015248779160047172,geom2,71
mixture,0.0025000000000000005,5175.592078251187,10357.184156502373,10371.90742233932,65.57902112308241,0.015248779038922697,0.015248778997728403,geom2,71
mixture,0.0027500000000000007,5175.592078251187,10357.184156502373,10371.90742233932,65.57902094331952,0.015248779142996263,0.01524877903934576,geom2,71
mixture,0.008250000000000006,5175.592078251188,10357.184156502375,10371.907422339322,65.57902164057914,0.01524877904209436,0.01524877887613113,geom2,71
mixture,0.0037500000000000016,5175.592078251188,10357.184156502375,10371.907422339322,65.57902115323706,0.01524877915403958,0.015248778990205289,geom2,71
mixture,0.009250000000000006,5175.5920782511885,10357.184156502377,10371.907422339324,65.57902162530686,0.015248779072609403,0.015248778879263061,geom2,71
mixture,0.007750000000000005,5175.5920782511885,10357.184156502377,10371.907422339324,65.57902144063166,0.015248779109833188,0.015248778922541657,geom2,71
mixture,0.004250000000000002,5175.5920782511885,10357.184156502377,10371.907422339324,65.57902126828888,0.015248779026161993,0.015248778963802185,geom2,71
mixture,0.004000000000000002,5175.5920782511885,10357.184156502377,10371.907422339324,65.57902126290237,0.015248779042495017,0.015248778965009771,geom2,71
mixture,0.0035000000000000014,5175.592078251189,10357.184156502379,10371.907422339325,65.57902105501057,0.015248779073169296,0.015248779013450793,geom2,71
mixture,0.009500000000000007,5175.592078251189,10357.184156502379,10371.907422339325,65.57902124253212,0.015248779051413303,0.01524877896927601,geom2,71
mixture,0.006750000000000004,5175.592078251189,10357.184156502379,10371.907422339325,65.57902102457098,0.015248779164165692,0.015248779019763068,geom2,71
mixture,0.008000000000000005,5175.592078251189,10357.184156502379,10371.907422339325,65.57902142161205,0.01524877914210234,0.015248778926692427,geom2,71
mixture,0.006250000000000004,5175.59207825119,10357.18415650238,10371.907422339327,65.57902175453926,0.015248779033434691,0.015248778849854344,geom2,71
mixture,0.008500000000000006,5175.59207825119,10357.18415650238,10371.907422339327,65.57902100979784,0.015248779138609071,0.015248779023191866,geom2,71
mixture,0.009000000000000006,5175.59207825119,10357.18415650238,10371.907422339327,65.57902138137528,0.015248779257792465,0.015248778934865426,geom2,71
mixture,0.007500000000000005,5175.59207825119,10357.18415650238,10371.907422339327,65.57902141081436,0.015248779050720347,0.015248778930021198,geom2,71
mixture,0.003000000000000001,5175.59207825119,10357.18415650238,10371.907422339327,65.57902187895678,0.015248778877944444,0.015248778821903381,geom2,71
mixture,0.005750000000000003,5175.59207825119,10357.18415650238,10371.907422339327,65.57902137536428,0.01524877923976737,0.015248778937431045,geom2,71
mixture,0.002,5175.59207825119,10357.18415650238,10371.907422339327,65.57902186080182,0.015248778906298034,0.015248778826132662,geom2,71
mixture,0.004500000000000002,5175.592078251191,10357.184156502382,10371.907422339329,65.57902135719229,0.015248779014695825,0.015248778943072626,geom2,71
mixture,0.007250000000000005,5175.592078251191,10357.184156502382,10371.907422339329,65.57902222099872,0.015248778854551288,0.01524877874172009,geom2,71
mixture,0.005250000000000003,5175.592078251191,10357.184156502382,10371.907422339329,65.57902211799416,0.01524877873277033,0.015248778766667238,geom2,71
mixture,0.0047500000000000025,5175.592078251191,10357.184156502382,10371.907422339329,65.5790216107139,0.015248779076262374,0.015248778883529268,geom2,71
mixture,0.009750000000000007,5175.592078251191,10357.184156502382,10371.907422339329,65.57902091738433,0.015248779249616616,0.015248779043653246,geom2,71
mixture,0.005000000000000003,5175.592078251192,10357.184156502384,10371.90742233933,65.57902091827401,0.015248779173164655,0.015248779044812755,geom2,71
mixture,0.0022500000000000003,5175.592078251192,10357.184156502384,10371.90742233933,65.57902230990236,0.01524877860106127,0.015248778722138197,geom2,71
mixture,0.003250000000000001,5175.592078251193,10357.184156502386,10371.907422339333,65.57902231309389,0.015248778767503789,0.015248778720972437,geom2,71
mixture,0.005500000000000003,5175.592078251193,10357.184156502386,10371.907422339333,65.5790211574073,0.015248779162320356,0.01524877898889615,geom2,71
mixture,0.006000000000000004,5175.592078251193,10357.184156502386,10371.907422339333,65.5790212524906,0.015248779036247108,0.015248778967327193,geom2,71
mixture,0.006500000000000004,5175.592078251193,10357.184156502386,10371.907422339333,65.57902231350535,0.015248778981936896,0.015248778719320987,geom2,71
mixture,0.0070000000000000045,5175.592078251195,10357.18415650239,10371.907422339336,65.57902164785948,0.015248779040570246,0.015248778874645996,geom2,71
null,,5175.59207825119,10353.18415650238,10358.091911781363,65.57902111652358,0.015248778999356482,,geom2,71
sum,,5169.159352689163,10340.318705378326,10345.226460657308,97.69853158934934,0.020471136745498754,,geom2,71
mixture,0.45,5178.584015076574,10363.168030153149,10377.891295990095,65.77401297313355,0.01520357339385222,0.015203572463802037,geom2,72
mixture,0.4,5178.584015076576,10363.168030153152,10377.891295990099,65.7740137560161,0.015203573821125365,0.015203571954853815,geom2,72
mixture,0.5,5178.584015076576,10363.168030153152,10377.891295990099,65.77401308568426,0.015203572856308663,0.015203572856308663,geom2,72
mixture,0.3,5178.58401507658,10363.16803015316,10377.891295990106,65.77401430449477,0.015203574578765245,0.0152035717156469,geom2,72
mixture,0.35000000000000003,5178.58401507658,10363.16803015316,10377.891295990106,65.77401421022924,0.015203573631132585,0.015203572039192724,geom2,72
mixture,0.25,5178.58401507658,10363.16803015316,10377.891295990106,65.77401495687434,0.01520357485494032,0.015203571613400944,geom2,72
mixture,0.2,5178.584015076585,10363.16803015317,10377.891295990117,65.7740158686912,0.015203574645107397,0.015203571604998843,geom2,72
mixture,0.15000000000000002,5178.584015076591,10363.168030153181,10377.891295990128,65.77401759880213,0.01520357461399593,0.01520357131883345,geom2,72
mixture,0.1,5178.584015076596,10363.168030153192,10377.891295990139,65.77401940721978,0.015203573899664152,0.015203571116809082,geom2,72
mixture,0.05,5178.584015076596,10363.168030153192,10377.891295990139,65.77401947112352,0.015203572530828267,0.015203571319770395,geom2,72
mixture,0.0047500000000000025,5178.5840150766035,10363.168030153207,10377.891295990154,65.77402098225964,0.015203571171633906,0.015203571030355243,geom2,72
mixture,0.009500000000000007,5178.5840150766035,10363.168030153207,10377.891295990154,65.77402079838993,0.015203571345779853,0.015203571070916341,geom2,72
mixture,0.008750000000000006,5178.5840150766035,10363.168030153207,10377.891295990154,65.77402116306659,0.015203571095651605,0.015203570988293667,geom2,72
mixture,0.006000000000000004,5178.584015076604,10363.168030153209,10377.891295990155,65.77402113739075,0.015203571031629049,0.015203570994947901,geom2,72
mixture,0.007750000000000005,5178.584015076604,10363.168030153209,10377.891295990155,65.77402098151195,0.015203571253746016,0.015203571029460938,geom2,72
mixture,0.005250000000000003,5178.584015076604,10363.168030153209,10377.891295990155,65.77402125239125,0.015203571138561538,0.015203570967688701,geom2,72
mixture,0.009000000000000006,5178.584015076604,10363.168030153209,10377.891295990155,65.77402108511649,0.015203571209247908,0.015203571005416625,geom2,72
mixture,0.0070000000000000045,5178.584015076605,10363.16803015321,10377.891295990157,65.7740210547535,0.015203571236263543,0.015203571012704553,geom2,72
mixture,0.004500000000000002,5178.584015076605,10363.16803015321,10377.891295990157,65.77402115704452,0.015203571073427843,0.015203570990250749,geom2,72
mixture,0.003250000000000001,5178.584015076605,10363.16803015321,10377.891295990157,65.77402137228196,0.015203570951516199,0.015203570940838514,geom2,72
mixture,0.008500000000000006,5178.584015076605,10363.16803015321,10377.891295990157,65.77402118331142,0.015203571165246477,0.015203570983004434,geom2,72
mixture,0.0037500000000000016,5178.584015076605,10363.16803015321,10377.891295990157,65.77402114892882,0.015203571114442146,0.015203570992041978,geom2,72
mixture,0.006250000000000004,5178.584015076607,10363.168030153214,10377.89129599016,65.77402157425612,0.015203571225882543,0.015203570892101044,geom2,72
mixture,0.010000000000000007,5178.584015076607,10363.168030153214,10377.89129599016,65.77402146661498,0.015203571410257705,0.015203570914106764,geom2,72
mixture,0.006500000000000004,5178.584015076607,10363.168030153214,10377.89129599016,65.77402169674792,0.015203571064687423,0.015203570864572628,geom2,72
mixture,0.005500000000000003,5178.584015076607,10363.168030153214,10377.89129599016,65.77402174489454,0.01520357098301856,0.015203570854034947,geom2,72
mixture,0.009250000000000006,5178.584015076607,10363.168030153214,10377.89129599016,65.77402148818405,0.015203571167480955,0.015203570911716797,geom2,72
mixture,0.0035000000000000014,5178.584015076608,10363.168030153216,10377.891295990163,65.7740217416038,0.015203571090909538,0.015203570854678192,geom2,72
mixture,0.004250000000000002,5178.584015076608,10363.168030153216,10377.891295990163,65.77402114943001,0.015203571150724585,0.015203570991709313,geom2,72
mixture,0.0025000000000000005,5178.584015076608,10363.168030153216,10377.891295990163,65.77402163859624,0.015203571081367082,0.015203570878808659,geom2,72
mixture,0.008000000000000005,5178.584015076608,10363.168030153216,10377.891295990163,65.77402170529574,0.015203570976849105,0.015203570862986661,geom2,72
mixture,0.005750000000000003,5178.584015076608,10363.168030153216,10377.891295990163,65.77402166152363,0.015203571099742403,0.01520357087270998,geom2,72
mixture,0.007500000000000005,5178.584015076609,10363.168030153218,10377.891295990165,65.77402169215257,0.01520357098292572,0.015203570866059085,geom2,72
mixture,0.009750000000000007,5178.584015076609,10363.168030153218,10377.891295990165,65.77402135484327,0.015203571238229342,0.015203570942016067,geom2,72
mixture,0.004000000000000002,5178.584015076609,10363.168030153218,10377.891295990165,65.77402169404932,0.015203570953875296,0.015203570866146234,geom2,72
mixture,0.002,5178.58401507661,10363.16803015322,10377.891295990166,65.774021877443,0.01520357092432438,0.01520357082390513,geom2,72
mixture,0.0022500000000000003,5178.58401507661,10363.16803015322,10377.891295990166,65.77402122928541,0.01520357106354625,0.01520357097372457,geom2,72
mixture,0.007250000000000005,5178.58401507661,10363.16803015322,10377.891295990166,65.77402161655654,0.01520357112802958,0.015203570882630356,geom2,72
mixture,0.006750000000000004,5178.58401507661,10363.16803015322,10377.891295990166,65.77402179426089,0.015203571058509663,0.015203570841871083,geom2,72
mixture,0.003000000000000001,5178.584015076611,10363.168030153221,10377.891295990168,65.77402123214185,0.015203571063711915,0.01520357097299425,geom2,72
mixture,0.005000000000000003,5178.584015076611,10363.168030153221,10377.891295990168,65.77402181015744,0.015203570994373194,0.01520357083888147,geom2,72
mixture,0.008250000000000006,5178.584015076611,10363.168030153221,10377.891295990168,65.77402163220721,0.015203571050549834,0.015203570879379716,geom2,72
mixture,0.0027500000000000007,5178.584015076613,10363.168030153225,10377.891295990172,65.77402268256274,0.015203570616282679,0.015203570638063595,geom2,72
null,,5178.584015076609,10359.168030153218,10364.0757854322,65.7740211235047,0.015203570998377727,,geom2,72
sum,,5173.566869243281,10349.133738486562,10354.041493765544,98.20765621208353,0.02036501100974161,,geom2,72
mixture,0.5,5211.584967187727,10429.169934375454,10443.8932002124,67.96401333296252,0.014713669057489288,0.014713669057489288,geom2,73
mixture,0.45,5211.584967187728,10429.169934375455,10443.893200212402,67.96401304396304,0.014713669690510614,0.014713668653319313,geom2,73
mixture,0.35000000000000003,5211.584967187728,10429.169934375455,10443.893200212402,67.96401390221091,0.014713671120250267,0.014713667757175558,geom2,73
mixture,0.4,5211.584967187728,10429.169934375455,10443.893200212402,67.96401379042953,0.014713670378964431,0.014713668011442717,geom2,73
mixture,0.3,5211.584967187733,10429.169934375466,10443.893200212413,67.9640152383175,0.014713671988349622,0.014713667212129314,geom2,73
mixture,0.25,5211.584967187734,10429.169934375468,10443.893200212415,67.96401582780231,0.014713671338755034,0.014713667576916974,geom2,73
mixture,0.2,5211.58496718774,10429.16993437548,10443.893200212427,67.96401652583877,0.014713671193380726,0.014713667659476206,geom2,73
mixture,0.15000000000000002,5211.584967187742,10429.169934375484,10443.893200212431,67.96401797108945,0.014713670631216891,0.014713667598457955,geom2,73
mixture,0.1,5211.5849671877495,10429.169934375499,10443.893200212446,67.9640198183692,0.014713669714648736,0.014713667424428385,geom2,73
mixture,0.05,5211.584967187757,10429.169934375514,10443.89320021246,67.96402161211417,0.014713669584209131,0.014713667143061573,geom2,73
mixture,0.005250000000000003,5211.58496718776,10429.16993437552,10443.893200212467,67.96402262265194,0.014713667221063171,0.01471366704542348,geom2,73
mixture,0.006000000000000004,5211.584967187761,10429.169934375523,10443.89320021247,67.96402289449968,0.014713667219832777,0.014713666986090276,geom2,73
mixture,0.0070000000000000045,5211.584967187761,10429.169934375523,10443.89320021247,67.96402275636633,0.014713667226098435,0.014713667015926286,geom2,73
mixture,0.007750000000000005,5211.584967187764,10429.169934375528,10443.893200212475,67.96402337580086,0.014713667293585428,0.01471366688009029,geom2,73
mixture,0.006250000000000004,5211.584967187764,10429.169934375528,10443.893200212475,67.96402264773411,0.014713667161272875,0.014713667040158536,geom2,73
mixture,0.003250000000000001,5211.584967187764,10429.169934375528,10443.893200212475,67.96402280908262,0.014713667069172605,0.014713667005778811,geom2,73
mixture,0.008000000000000005,5211.584967187765,10429.16993437553,10443.893200212477,67.96402330483492,0.014713667236757882,0.014713666895931826,geom2,73
mixture,0.008250000000000006,5211.584967187765,10429.16993437553,10443.893200212477,67.96402341299978,0.014713667117770304,0.014713666873224104,geom2,73
mixture,0.007500000000000005,5211.584967187765,10429.16993437553,10443.893200212477,67.96402265616479,0.0147136672645919,0.014713667037386283,geom2,73
mixture,0.0025000000000000005,5211.584967187765,10429.16993437553,10443.893200212477,67.96402310834844,0.014713666944885802,0.014713666941186936,geom2,73
mixture,0.0037500000000000016,5211.584967187765,10429.16993437553,10443.893200212477,67.96402289830517,0.014713667063913553,0.014713666986378111,geom2,73
mixture,0.010000000000000007,5211.584967187766,10429.169934375532,10443.893200212478,67.96402344858444,0.014713667318645993,0.014713666862981164,geom2,73
mixture,0.0035000000000000014,5211.584967187766,10429.169934375532,10443.893200212478,67.96402365031709,0.014713666969884966,0.014713666823351445,geom2,73
mixture,0.008750000000000006,5211.584967187766,10429.169934375532,10443.893200212478,67.96402273275658,0.014713667187256209,0.014713667021054554,geom2,73
mixture,0.009500000000000007,5211.584967187766,10429.169934375532,10443.893200212478,67.96402318914363,0.014713667174428442,0.014713666921299952,geom2,73
mixture,0.0027500000000000007,5211.584967187766,10429.169934375532,10443.893200212478,67.96402280617099,0.014713667092114293,0.014713667006379416,geom2,73
mixture,0.0047500000000000025,5211.584967187766,10429.169934375532,10443.893200212478,67.96402347443879,0.01471366704170662,0.014713666861082593,geom2,73
mixture,0.002,5211.584967187766,10429.169934375532,10443.893200212478,67.96402290416619,0.014713667059704337,0.014713666985251101,geom2,73
mixture,0.007250000000000005,5211.584967187767,10429.169934375534,10443.89320021248,67.96402336455964,0.014713667182554468,0.014713666883560808,geom2,73
mixture,0.009750000000000007,5211.584967187767,10429.169934375534,10443.89320021248,67.96402320457776,0.014713667185229394,0.014713666917755438,geom2,73
mixture,0.009000000000000006,5211.584967187768,10429.169934375535,10443.893200212482,67.9640232006183,0.014713667209353428,0.01471366691860375,geom2,73
mixture,0.006500000000000004,5211.584967187768,10429.169934375535,10443.893200212482,67.96402347843812,0.014713667069617175,0.014713666859710338,geom2,73
mixture,0.005750000000000003,5211.584967187768,10429.169934375535,10443.893200212482,67.9640227560642,0.014713667240235094,0.014713667016174554,geom2,73
mixture,0.003000000000000001,5211.584967187768,10429.169934375535,10443.893200212482,67.9640236846902,0.014713667178765296,0.01471366681533251,geom2,73
mixture,0.004000000000000002,5211.584967187768,10429.169934375535,10443.893200212482,67.96402270087363,0.014713667215245415,0.014713667028664897,geom2,73
mixture,0.008500000000000006,5211.584967187768,10429.169934375535,10443.893200212482,67.96402334534817,0.014713667238644843,0.014713666886897793,geom2,73
mixture,0.004250000000000002,5211.584967187769,10429.169934375537,10443.893200212484,67.96402354225599,0.014713666931136205,0.014713666846900673,geom2,73
mixture,0.006750000000000004,5211.584967187769,10429.169934375537,10443.893200212484,67.96402350768379,0.01471366702533056,0.014713666853583988,geom2,73
mixture,0.005500000000000003,5211.584967187769,10429.169934375537,10443.893200212484,67.96402346210746,0.01471366705090963,0.014713666863579876,geom2,73
mixture,0.0022500000000000003,5211.5849671877695,10429.169934375539,10443.893200212486,67.96402355161004,0.014713666924660872,0.014713666845054481,geom2,73
mixture,0.004500000000000002,5211.5849671877695,10429.169934375539,10443.893200212486,67.96402340482723,0.01471366704611041,0.014713666876246513,geom2,73
mixture,0.009250000000000006,5211.5849671877695,10429.169934375539,10443.893200212486,67.96402407632179,0.014713667266716047,0.014713666726642023,geom2,73
mixture,0.005000000000000003,5211.584967187771,10429.169934375543,10443.89320021249,67.96402436476296,0.01471366692898741,0.014713666667887003,geom2,73
null,,5211.584967187762,10425.169934375524,10430.077689654507,67.96402285836218,0.014713666995316206,,geom2,73
sum,,5210.181568178649,10422.363136357299,10427.27089163628,101.70838632262036,0.01966406185676738,,geom2,73
mixture,0.4,5193.320303293763,10392.640606587525,10407.363872424472,66.74301414406912,0.01498284256769286,0.014982840734445271,geom2,74
mixture,0.5,5193.320303293764,10392.640606587527,10407.363872424474,66.74301392403324,0.014982841517139129,0.014982841517139129,geom2,74
mixture,0.45,5193.3203032937645,10392.640606587529,10407.363872424476,66.74301410914828,0.014982842008880299,0.014982841039249748,geom2,74
mixture,0.35000000000000003,5193.3203032937645,10392.640606587529,10407.363872424476,66.74301486770415,0.014982842904707135,0.014982840444078844,geom2,74
mixture,0.25,5193.320303293767,10392.640606587534,10407.363872424481,66.74301562395115,0.01498284348414816,0.014982840352660303,geom2,74
mixture,0.3,5193.320303293767,10392.640606587534,10407.363872424481,66.74301543116981,0.014982843311362843,0.014982840264857205,geom2,74
mixture,0.2,5193.320303293775,10392.64060658755,10407.363872424497,66.74301654330762,0.014982843218844757,0.014982840356726326,geom2,74
mixture,0.1,5193.320303293779,10392.640606587558,10407.363872424505,66.74301873227832,0.014982842273314968,0.014982840233806935,geom2,74
mixture,0.15000000000000002,5193.320303293779,10392.640606587558,10407.363872424505,66.74301794381988,0.014982842525978151,0.014982840277480619,geom2,74
mixture,0.05,5193.320303293789,10392.640606587578,10407.363872424525,66.74302103203907,0.014982841090442536,0.014982839859971208,geom2,74
mixture,0.0047500000000000025,5193.320303293793,10392.640606587585,10407.363872424532,66.74302190557114,0.01498283985566127,0.014982839724777798,geom2,74
mixture,0.004000000000000002,5193.320303293793,10392.640606587585,10407.363872424532,66.74302188674895,0.01498283987552927,0.014982839729038844,geom2,74
mixture,0.008000000000000005,5193.320303293793,10392.640606587585,10407.363872424532,66.74302185927307,0.014982839946049117,0.014982839734097123,geom2,74
mixture,0.006500000000000004,5193.320303293793,10392.640606587585,10407.363872424532,66.7430219102098,0.01498283982735196,0.014982839723684343,geom2,74
mixture,0.006000000000000004,5193.3203032937945,10392.640606587589,10407.363872424536,66.7430216677424,0.014982839950417343,0.014982839777752607,geom2,74
mixture,0.006250000000000004,5193.3203032937945,10392.640606587589,10407.363872424536,66.7430224487693,0.014982839833398636,0.014982839602013236,geom2,74
mixture,0.007750000000000005,5193.3203032937945,10392.640606587589,10407.363872424536,66.74302224349573,0.014982839702008144,0.014982839649130528,geom2,74
mixture,0.005750000000000003,5193.3203032937945,10392.640606587589,10407.363872424536,66.74302188281546,0.014982839889743202,0.014982839729586916,geom2,74
mixture,0.0027500000000000007,5193.3203032937945,10392.640606587589,10407.363872424536,66.74302190241936,0.014982839858756968,0.01498283972574123,geom2,74
mixture,0.005000000000000003,5193.320303293795,10392.64060658759,10407.363872424537,66.743021911617,0.014982839867550505,0.01498283972332114,geom2,74
mixture,0.0035000000000000014,5193.320303293795,10392.64060658759,10407.363872424537,66.74302204108312,0.014982839805162632,0.014982839694592026,geom2,74
mixture,0.010000000000000007,5193.320303293795,10392.64060658759,10407.363872424537,66.74302172265094,0.01498283997192298,0.014982839764387065,geom2,74
mixture,0.004500000000000002,5193.320303293796,10392.640606587593,10407.36387242454,66.74302255789125,0.014982839691722608,0.014982839578453389,geom2,74
mixture,0.008500000000000006,5193.320303293796,10392.640606587593,10407.36387242454,66.74302233858035,0.014982839846262792,0.01498283962632575,geom2,74
mixture,0.009250000000000006,5193.320303293796,10392.640606587593,10407.36387242454,66.74302249814903,0.014982839773502524,0.014982839590683283,geom2,74
mixture,0.009750000000000007,5193.320303293796,10392.640606587593,10407.36387242454,66.74302225897937,0.014982839963939867,0.014982839642934677,geom2,74
mixture,0.008750000000000006,5193.320303293796,10392.640606587593,10407.36387242454,66.7430225691676,0.014982839767017574,0.014982839574749374,geom2,74
mixture,0.007500000000000005,5193.320303293796,10392.640606587593,10407.36387242454,66.7430222959335,0.01498283955134871,0.014982839638421862,geom2,74
mixture,0.003250000000000001,5193.320303293796,10392.640606587593,10407.36387242454,66.74302189673733,0.014982839858716622,0.014982839726954328,geom2,74
mixture,0.008250000000000006,5193.320303293796,10392.640606587593,10407.36387242454,66.7430217819728,0.014982839993501735,0.014982839751146095,geom2,74
mixture,0.0025000000000000005,5193.320303293796,10392.640606587593,10407.36387242454,66.7430225716122,0.014982839577496136,0.014982839575878903,geom2,74
mixture,0.005500000000000003,5193.320303293798,10392.640606587596,10407.363872424543,66.74302309688404,0.014982839926278413,0.014982839455377088,geom2,74
mixture,0.009500000000000007,5193.320303293798,10392.640606587596,10407.363872424543,66.74302238505534,0.014982839876765313,0.014982839615278125,geom2,74
mixture,0.003000000000000001,5193.320303293799,10392.640606587598,10407.363872424545,66.74302196405736,0.014982839813558574,0.014982839711965406,geom2,74
mixture,0.0037500000000000016,5193.320303293799,10392.640606587598,10407.363872424545,66.74302200049534,0.014982839786560835,0.014982839703779961,geom2,74
mixture,0.005250000000000003,5193.320303293799,10392.640606587598,10407.363872424545,66.74302271243083,0.014982839659367645,0.014982839543663763,geom2,74
mixture,0.004250000000000002,5193.320303293799,10392.640606587598,10407.363872424545,66.74302266539199,0.014982839685107774,0.014982839554274704,geom2,74
mixture,0.002,5193.3203032938,10392.6406065876,10407.363872424547,66.74302269496661,0.014982839590797369,0.014982839548106289,geom2,74
mixture,0.0070000000000000045,5193.320303293801,10392.640606587602,10407.363872424548,66.7430225683917,0.014982839709118703,0.014982839575671775,geom2,74
mixture,0.009000000000000006,5193.320303293801,10392.640606587602,10407.363872424548,66.74302256936227,0.014982839788186911,0.014982839574464519,geom2,74
mixture,0.006750000000000004,5193.320303293802,10392.640606587604,10407.36387242455,66.74302242531735,0.014982839818818552,0.01498283960729624,geom2,74
mixture,0.007250000000000005,5193.320303293802,10392.640606587604,10407.36387242455,66.7430225226987,0.014982839784776138,0.014982839585417969,geom2,74
mixture,0.0022500000000000003,5193.320303293802,10392.640606587604,10407.36387242455,66.7430226623918,0.014982839644127085,0.014982839555304394,geom2,74
null,,5193.320303293796,10388.640606587593,10393.548361866575,66.74302268771508,0.014982839549819533,,geom2,74
sum,,5187.20673877161,10376.41347754322,10381.321232822202,99.5321263810863,0.020094014593262544,,geom2,74
mixture,0.45,5144.837082024406,10295.674164048813,10310.39742988576,63.6080111279673,0.015721290538865854,0.015721289865932155,geom2,75
mixture,0.4,5144.837082024407,10295.674164048814,10310.397429885761,63.608011329112784,0.01572129173297257,0.01572128904308081,geom2,75
mixture,0.5,5144.837082024409,10295.674164048818,10310.397429885765,63.60801074016612,0.01572129026460085,0.01572129026460085,geom2,75
mixture,0.35000000000000003,5144.837082024409,10295.674164048818,10310.397429885765,63.608011096253904,0.015721292446189142,0.01572128895449929,geom2,75
mixture,0.25,5144.837082024411,10295.674164048822,10310.397429885768,63.60801287392174,0.015721292739087914,0.015721288736602994,geom2,75
mixture,0.3,5144.837082024412,10295.674164048824,10310.39742988577,63.60801215245431,0.01572129244035499,0.01572128883347835,geom2,75
mixture,0.2,5144.837082024418,10295.674164048836,10310.397429885783,63.60801455959785,0.01572129252855884,0.015721288518603126,geom2,75
mixture,0.15000000000000002,5144.837082024422,10295.674164048844,10310.39742988579,63.60801509863284,0.015721291957730265,0.01572128869847922,geom2,75
mixture,0.1,5144.837082024426,10295.674164048853,10310.3974298858,63.6080164628697,0.01572129097581398,0.01572128861400234,geom2,75
mixture,0.05,5144.837082024431,10295.674164048862,10310.397429885808,63.608018168373974,0.015721289696893594,0.015721288361903375,geom2,75
mixture,0.002,5144.837082024438,10295.674164048876,10310.397429885823,63.60801991319652,0.015721288065460273,0.01572128799726807,geom2,75
mixture,0.003250000000000001,5144.837082024438,10295.674164048876,10310.397429885823,63.60801985571295,0.015721288107494326,0.015721288011299395,geom2,75
mixture,0.008000000000000005,5144.837082024438,10295.674164048876,10310.397429885823,63.60801967439455,0.01572128823040812,0.01572128805502341,geom2,75
mixture,0.006500000000000004,5144.837082024439,10295.674164048878,10310.397429885825,63.608020037722895,0.015721288139249893,0.015721287965497262,geom2,75
mixture,0.009500000000000007,5144.837082024439,10295.674164048878,10310.397429885825,63.60801972109347,0.0157212887037445,0.01572128803856523,geom2,75
mixture,0.005750000000000003,5144.83708202444,10295.67416404888,10310.397429885827,63.6080196420549,0.015721288251532965,0.015721288063337394,geom2,75
mixture,0.007500000000000005,5144.83708202444,10295.67416404888,10310.397429885827,63.60801984947762,0.0157212882846635,0.015721288011101432,geom2,75
mixture,0.005000000000000003,5144.83708202444,10295.67416404888,10310.397429885827,63.60801988694835,0.01572128804948158,0.01572128800366283,geom2,75
mixture,0.0025000000000000005,5144.83708202444,10295.67416404888,10310.397429885827,63.608019952082515,0.015721288030461262,0.0157212879876865,geom2,75
mixture,0.005500000000000003,5144.83708202444,10295.67416404888,10310.397429885827,63.60801993163775,0.015721288306270006,0.015721287991113178,geom2,75
mixture,0.006000000000000004,5144.837082024441,10295.674164048882,10310.397429885828,63.6080202847487,0.015721288096091662,0.01572128790442201,geom2,75
mixture,0.010000000000000007,5144.837082024441,10295.674164048882,10310.397429885828,63.60802019850943,0.01572128826029715,0.01572128792351905,geom2,75
mixture,0.009750000000000007,5144.837082024441,10295.674164048882,10310.397429885828,63.60801986227468,0.015721288201493676,0.015721288008104697,geom2,75
mixture,0.008500000000000006,5144.837082024441,10295.674164048882,10310.397429885828,63.608019845813125,0.015721288465425098,0.015721288010189356,geom2,75
mixture,0.006750000000000004,5144.837082024441,10295.674164048882,10310.397429885828,63.6080195655904,0.015721288272319046,0.015721288082033973,geom2,75
mixture,0.009000000000000006,5144.837082024442,10295.674164048884,10310.39742988583,63.60801942823263,0.015721288378955648,0.015721288114891013,geom2,75
mixture,0.0047500000000000025,5144.837082024442,10295.674164048884,10310.39742988583,63.60801954637874,0.015721288259910357,0.015721288087246578,geom2,75
mixture,0.004500000000000002,5144.837082024442,10295.674164048884,10310.39742988583,63.60802039256469,0.0157212880370114,0.01572128787820974,geom2,75
mixture,0.004250000000000002,5144.837082024442,10295.674164048884,10310.39742988583,63.6080197651181,0.015721288216650125,0.01572128803322379,geom2,75
mixture,0.007250000000000005,5144.837082024442,10295.674164048884,10310.39742988583,63.60801965097531,0.015721288277212867,0.015721288060644642,geom2,75
mixture,0.0027500000000000007,5144.837082024442,10295.674164048884,10310.39742988583,63.608020615756,0.01572128816859284,0.015721287822809727,geom2,75
mixture,0.0022500000000000003,5144.837082024442,10295.674164048884,10310.39742988583,63.60802045150132,0.015721287988535677,0.015721287864077605,geom2,75
mixture,0.0037500000000000016,5144.837082024442,10295.674164048884,10310.39742988583,63.60802000570435,0.015721288339303703,0.01572128797316731,geom2,75
mixture,0.007750000000000005,5144.837082024443,10295.674164048885,10310.397429885832,63.60802042843699,0.015721288411436055,0.01572128786582974,geom2,75
mixture,0.0035000000000000014,5144.837082024443,10295.674164048885,10310.397429885832,63.60802021976334,0.015721288019206713,0.015721287921291034,geom2,75
mixture,0.008750000000000006,5144.837082024444,10295.674164048887,10310.397429885834,63.60802056764925,0.015721288240548872,0.01572128783207651,geom2,75
mixture,0.0070000000000000045,5144.837082024444,10295.674164048887,10310.397429885834,63.6080205706509,0.015721288116027188,0.015721287832927058,geom2,75
mixture,0.003000000000000001,5144.837082024444,10295.674164048887,10310.397429885834,63.60802079833799,0.01572128772525475,0.015721287778794488,geom2,75
mixture,0.004000000000000002,5144.837082024444,10295.674164048887,10310.397429885834,63.608020389956216,0.015721288096825704,0.01572128787869654,geom2,75
mixture,0.005250000000000003,5144.837082024444,10295.674164048887,10310.397429885834,63.60802041742146,0.01572128803224329,0.01572128787193918,geom2,75
mixture,0.008250000000000006,5144.837082024444,10295.674164048887,10310.397429885834,63.60802010325906,0.015721288316102255,0.015721287947386905,geom2,75
mixture,0.009250000000000006,5144.837082024444,10295.674164048887,10310.397429885834,63.60801975246995,0.015721288553849085,0.015721288032305176,geom2,75
mixture,0.006250000000000004,5144.8370820244445,10295.674164048889,10310.397429885836,63.60802036007204,0.015721288010709936,0.015721287886176865,geom2,75
null,,5144.837082024444,10291.674164048887,10296.58191932787,63.608020423528004,0.01572128787127149,,geom2,75
sum,,5144.8495985607915,10291.699197121583,10296.606952400565,95.3537465837319,0.020974529807738205,,geom2,75
mixture,0.5,5231.064117023613,10468.128234047226,10482.851499884173,69.29101342066909,0.014431885906025817,0.014431885906025817,geom2,76
mixture,0.45,5231.064117023614,10468.128234047228,10482.851499884175,69.29101419328374,0.01443188646435658,0.01443188515662859,geom2,76
mixture,0.35000000000000003,5231.064117023614,10468.128234047228,10482.851499884175,69.29101516903592,0.01443188665991994,0.014431884939854188,geom2,76
mixture,0.4,5231.064117023614,10468.128234047228,10482.851499884175,69.29101464248356,0.014431886907287078,0.014431884814387272,geom2,76
mixture,0.25,5231.0641170236195,10468.128234047239,10482.851499884186,69.2910166647336,0.014431888045975396,0.014431884291814131,geom2,76
mixture,0.3,5231.0641170236195,10468.128234047239,10482.851499884186,69.29101562891549,0.014431887944286046,0.01443188437544017,geom2,76
mixture,0.2,5231.064117023624,10468.128234047248,10482.851499884195,69.29101811304928,0.014431887707112375,0.014431884234097175,geom2,76
mixture,0.15000000000000002,5231.06411702363,10468.12823404726,10482.851499884207,69.2910189562266,0.014431887229124665,0.01443188431613538,geom2,76
mixture,0.1,5231.064117023638,10468.128234047275,10482.851499884222,69.29102092689648,0.014431886313866174,0.014431884123608203,geom2,76
mixture,0.05,5231.064117023645,10468.12823404729,10482.851499884237,69.29102284644543,0.014431885125735252,0.01443188388057362,geom2,76
mixture,0.005000000000000003,5231.064117023649,10468.128234047297,10482.851499884244,69.29102393194746,0.014431883828314552,0.014431883716183468,geom2,76
mixture,0.005500000000000003,5231.064117023649,10468.128234047297,10482.851499884244,69.29102383973849,0.01443188387633882,0.014431883735172929,geom2,76
mixture,0.006250000000000004,5231.064117023649,10468.128234047297,10482.851499884244,69.29102381416985,0.014431883927426132,0.014431883740103997,geom2,76
mixture,0.006000000000000004,5231.064117023649,10468.128234047297,10482.851499884244,69.29102386900024,0.014431883903792408,0.014431883728804797,geom2,76
mixture,0.005750000000000003,5231.0641170236495,10468.128234047299,10482.851499884246,69.29102392902632,0.014431883874772719,0.014431883716442138,geom2,76
mixture,0.009250000000000006,5231.0641170236495,10468.128234047299,10482.851499884246,69.29102351150435,0.014431884026148204,0.014431883802242583,geom2,76
mixture,0.009750000000000007,5231.06411702365,10468.1282340473,10482.851499884247,69.29102380377685,0.014431883950925707,0.014431883741396494,geom2,76
mixture,0.008000000000000005,5231.06411702365,10468.1282340473,10482.851499884247,69.29102371532419,0.014431883974440046,0.014431883760147927,geom2,76
mixture,0.009000000000000006,5231.06411702365,10468.1282340473,10482.851499884247,69.29102371032704,0.014431884005150105,0.014431883760703042,geom2,76
mixture,0.008500000000000006,5231.06411702365,10468.1282340473,10482.851499884247,69.29102387090259,0.014431883905821705,0.014431883727946569,geom2,76
mixture,0.007250000000000005,5231.06411702365,10468.1282340473,10482.851499884247,69.29102376110549,0.014431883960343637,0.01443188375080783,geom2,76
mixture,0.0027500000000000007,5231.06411702365,10468.1282340473,10482.851499884247,69.29102395083895,0.014431883777205896,0.014431883712631838,geom2,76
mixture,0.004000000000000002,5231.06411702365,10468.1282340473,10482.851499884247,69.29102370325371,0.014431883888109464,0.01443188376387937,geom2,76
mixture,0.0022500000000000003,5231.06411702365,10468.1282340473,10482.851499884247,69.29102406327016,0.014431883668621274,0.01443188368943917,geom2,76
mixture,0.009500000000000007,5231.064117023651,10468.128234047303,10482.85149988425,69.29102443005996,0.014431883804012969,0.014431883611165567,geom2,76
mixture,0.006750000000000004,5231.064117023652,10468.128234047304,10482.851499884251,69.29102454889674,0.014431883694439158,0.014431883587524709,geom2,76
mixture,0.0047500000000000025,5231.064117023652,10468.128234047304,10482.851499884251,69.29102447652497,0.014431883737233678,0.014431883602680795,geom2,76
mixture,0.004250000000000002,5231.064117023652,10468.128234047304,10482.851499884251,69.29102376069275,0.014431883896662234,0.014431883751797256,geom2,76
mixture,0.004500000000000002,5231.064117023652,10468.128234047304,10482.851499884251,69.29102454724439,0.01443188362506341,0.014431883588425662,geom2,76
mixture,0.0025000000000000005,5231.064117023652,10468.128234047304,10482.851499884251,69.29102478265467,0.014431883576779776,0.014431883539466167,geom2,76
mixture,0.008250000000000006,5231.064117023653,10468.128234047306,10482.851499884253,69.2910237782246,0.014431883990577299,0.014431883746749835,geom2,76
mixture,0.0037500000000000016,5231.064117023653,10468.128234047306,10482.851499884253,69.29102466457316,0.014431883682334059,0.014431883563708538,geom2,76
mixture,0.010000000000000007,5231.064117023653,10468.128234047306,10482.851499884253,69.29102359544926,0.014431884047340734,0.0144318837841983,geom2,76
mixture,0.0070000000000000045,5231.064117023653,10468.128234047306,10482.851499884253,69.29102461632039,0.014431883656929032,0.014431883573620272,geom2,76
mixture,0.007500000000000005,5231.064117023654,10468.128234047308,10482.851499884255,69.29102435533582,0.01443188381602105,0.014431883627144535,geom2,76
mixture,0.0035000000000000014,5231.064117023655,10468.12823404731,10482.851499884257,69.29102452031117,0.014431883725997924,0.014431883593737252,geom2,76
mixture,0.008750000000000006,5231.064117023655,10468.12823404731,10482.851499884257,69.29102447691358,0.014431884004504084,0.014431883599696918,geom2,76
mixture,0.003250000000000001,5231.064117023655,10468.12823404731,10482.851499884257,69.29102412257508,0.014431883795866659,0.0144318836766529,geom2,76
mixture,0.002,5231.064117023656,10468.128234047312,10482.851499884258,69.29102470033246,0.014431883589572222,0.014431883556639597,geom2,76
mixture,0.005250000000000003,5231.064117023656,10468.128234047312,10482.851499884258,69.29102455026151,0.014431883719927537,0.014431883587265652,geom2,76
mixture,0.006500000000000004,5231.064117023657,10468.128234047314,10482.85149988426,69.29102460806476,0.014431883736382439,0.0144318835748731,geom2,76
mixture,0.003000000000000001,5231.064117023658,10468.128234047315,10482.851499884262,69.29102461461754,0.014431883635689011,0.014431883574374155,geom2,76
mixture,0.007750000000000005,5231.064117023658,10468.128234047315,10482.851499884262,69.29102456604434,0.014431884019435338,0.014431883581279179,geom2,76
null,,5231.064117023656,10464.128234047312,10469.035989326294,69.29102459241547,0.014431883579182334,,geom2,76
sum,,5229.037885086676,10460.075770173353,10464.983525452335,103.6459677190002,0.019296457392556754,,geom2,76
mixture,0.5,5213.06616880621,10432.13233761242,10446.855603449367,68.06401443862539,0.014692051420236442,0.014692051420236442,geom2,77
mixture,0.4,5213.066168806214,10432.132337612427,10446.855603449374,68.06401618291406,0.0146920512546888,0.01469205090307518,geom2,77
mixture,0.45,5213.066168806215,10432.13233761243,10446.855603449376,68.06401494687654,0.014692051828313311,0.014692050886884038,geom2,77
mixture,0.35000000000000003,5213.0661688062155,10432.132337612431,10446.855603449378,68.06401553939574,0.014692052675867493,0.014692050378576321,geom2,77
mixture,0.25,5213.066168806216,10432.132337612433,10446.85560344938,68.0640165762255,0.014692053078849214,0.014692050252146196,geom2,77
mixture,0.3,5213.066168806217,10432.132337612435,10446.855603449381,68.06401656622889,0.014692051763872921,0.014692050616882602,geom2,77
mixture,0.15000000000000002,5213.066168806225,10432.13233761245,10446.855603449396,68.06401939010144,0.014692051706827448,0.01469205011224089,geom2,77
mixture,0.2,5213.0661688062255,10432.132337612451,10446.855603449398,68.0640180833399,0.014692052152228319,0.014692050253820001,geom2,77
mixture,0.1,5213.066168806233,10432.132337612466,10446.855603449412,68.06402062460538,0.014692051649278252,0.014692049911139492,geom2,77
mixture,0.05,5213.066168806239,10432.132337612478,10446.855603449425,68.0640221667327,0.014692050804458316,0.014692049696686835,geom2,77
mixture,0.008750000000000006,5213.06616880624,10432.13233761248,10446.855603449427,68.06402275887427,0.014692049906038743,0.014692049621770556,geom2,77
mixture,0.004000000000000002,5213.066168806241,10432.132337612482,10446.855603449429,68.0640230320508,0.014692049632867965,0.014692049565019627,geom2,77
mixture,0.006000000000000004,5213.066168806241,10432.132337612482,10446.855603449429,68.06402281324836,0.014692049654484398,0.01469204961226761,geom2,77
mixture,0.007750000000000005,5213.066168806241,10432.132337612482,10446.855603449429,68.06402287079536,0.014692049763823274,0.014692049598820254,geom2,77
mixture,0.005250000000000003,5213.066168806242,10432.132337612484,10446.85560344943,68.06402281423742,0.01469204975770359,0.014692049611540059,geom2,77
mixture,0.005750000000000003,5213.066168806243,10432.132337612486,10446.855603449432,68.06402284231584,0.014692049732353505,0.014692049605517203,geom2,77
mixture,0.0070000000000000045,5213.066168806243,10432.132337612486,10446.855603449432,68.06402280184,0.01469204971252978,0.014692049614295839,geom2,77
mixture,0.009000000000000006,5213.066168806243,10432.132337612486,10446.855603449432,68.06402278589533,0.014692049771544965,0.014692049617034643,geom2,77
mixture,0.009250000000000006,5213.066168806243,10432.132337612486,10446.855603449432,68.064022764303,0.01469204988131361,0.014692049620675171,geom2,77
mixture,0.003250000000000001,5213.066168806243,10432.132337612486,10446.855603449432,68.06402296432019,0.014692049635708736,0.014692049579729168,geom2,77
mixture,0.0037500000000000016,5213.066168806243,10432.132337612486,10446.855603449432,68.06402293117681,0.014692049583203682,0.014692049587079847,geom2,77
mixture,0.0035000000000000014,5213.066168806244,10432.132337612487,10446.855603449434,68.06402285909371,0.014692049682236707,0.014692049602345282,geom2,77
mixture,0.006750000000000004,5213.066168806244,10432.132337612487,10446.855603449434,68.0640227630239,0.014692049760026516,0.014692049622433423,geom2,77
mixture,0.007250000000000005,5213.066168806244,10432.132337612487,10446.855603449434,68.06402354587809,0.01469204959766507,0.014692049453331739,geom2,77
mixture,0.009750000000000007,5213.066168806245,10432.13233761249,10446.855603449436,68.06402279923513,0.014692049858928767,0.014692049613149407,geom2,77
mixture,0.007500000000000005,5213.066168806245,10432.13233761249,10446.855603449436,68.06402286150018,0.014692049755549297,0.014692049600945925,geom2,77
mixture,0.006250000000000004,5213.066168806245,10432.13233761249,10446.855603449436,68.06402363115951,0.014692049593605538,0.0146920494349782,geom2,77
mixture,0.008250000000000006,5213.066168806245,10432.13233761249,10446.855603449436,68.06402252806768,0.014692049889646602,0.014692049672285736,geom2,77
mixture,0.0047500000000000025,5213.066168806245,10432.13233761249,10446.855603449436,68.06402357562074,0.014692049821334895,0.01469204944617601,geom2,77
mixture,0.005500000000000003,5213.066168806245,10432.13233761249,10446.855603449436,68.0640236397608,0.014692049493872924,0.014692049433782479,geom2,77
mixture,0.004250000000000002,5213.066168806245,10432.13233761249,10446.855603449436,68.06402294984538,0.014692049605217177,0.014692049582940906,geom2,77
mixture,0.003000000000000001,5213.066168806245,10432.13233761249,10446.855603449436,68.06402354648529,0.014692049558693025,0.014692049453932805,geom2,77
mixture,0.010000000000000007,5213.066168806245,10432.13233761249,10446.855603449436,68.06402358612637,0.014692049694609936,0.01469204944317597,geom2,77
mixture,0.002,5213.0661688062455,10432.132337612491,10446.855603449438,68.06402300044084,0.014692049548297397,0.014692049572161959,geom2,77
mixture,0.0027500000000000007,5213.066168806246,10432.132337612493,10446.85560344944,68.06402367972841,0.014692049493228217,0.014692049425298913,geom2,77
mixture,0.008500000000000006,5213.066168806246,10432.132337612493,10446.85560344944,68.06402336551686,0.014692049814168136,0.014692049490559593,geom2,77
mixture,0.0025000000000000005,5213.066168806246,10432.132337612493,10446.85560344944,68.06402364847986,0.014692049590723765,0.014692049431833689,geom2,77
mixture,0.0022500000000000003,5213.066168806246,10432.132337612493,10446.85560344944,68.06402305893367,0.014692049611420743,0.01469204955937107,geom2,77
mixture,0.008000000000000005,5213.066168806246,10432.132337612493,10446.85560344944,68.06402286971196,0.01469204974396566,0.014692049599174554,geom2,77
mixture,0.006500000000000004,5213.066168806246,10432.132337612493,10446.85560344944,68.06402276416004,0.01469204976894802,0.01469204962216283,geom2,77
mixture,0.005000000000000003,5213.066168806247,10432.132337612495,10446.855603449441,68.06402272988333,0.0146920497903353,0.014692049629712664,geom2,77
mixture,0.004500000000000002,5213.06616880625,10432.1323376125,10446.855603449447,68.06402435965184,0.01469204948186184,0.01469204927780168,geom2,77
mixture,0.009500000000000007,5213.06616880625,10432.1323376125,10446.855603449447,68.06402350797428,0.014692049679809244,0.014692049460476267,geom2,77
null,,5213.066168806246,10428.132337612493,10433.040092891475,68.06402280654838,0.014692049613967145,,geom2,77
sum,,5204.14916184997,10410.29832369994,10415.206078978923,101.21249210313597,0.01976040663006293,,geom2,77
mixture,0.45,5201.8584027698125,10409.716805539625,10424.440071376572,67.31101330520805,0.01485641000310946,0.014856409695529734,geom2,78
mixture,0.5,5201.8584027698125,10409.716805539625,10424.440071376572,67.31101344716758,0.014856409802608307,0.014856409802608307,geom2,78
mixture,0.35000000000000003,5201.858402769815,10409.71680553963,10424.440071376577,67.31101377517592,0.014856411851765736,0.014856408587838132,geom2,78
mixture,0.4,5201.858402769816,10409.716805539632,10424.440071376579,67.31101319751204,0.014856411130100907,0.014856409009450363,geom2,78
mixture,0.3,5201.858402769818,10409.716805539636,10424.440071376583,67.31101462506774,0.014856412055735273,0.014856408465585906,geom2,78
mixture,0.25,5201.858402769822,10409.716805539643,10424.44007137659,67.31101539768237,0.014856412299672184,0.014856408396248888,geom2,78
mixture,0.2,5201.858402769826,10409.716805539652,10424.440071376599,67.31101610629896,0.01485641213939947,0.014856408484779936,geom2,78
mixture,0.15000000000000002,5201.858402769831,10409.716805539661,10424.440071376608,67.3110179602497,0.014856411457257744,0.014856408338734467,geom2,78
mixture,0.1,5201.858402769838,10409.716805539676,10424.440071376623,67.31101937588473,0.01485641136984262,0.014856408174533108,geom2,78
mixture,0.05,5201.858402769843,10409.716805539687,10424.440071376634,67.31102124840025,0.014856409933466113,0.014856407983265716,geom2,78
mixture,0.007750000000000005,5201.858402769844,10409.716805539689,10424.440071376635,67.31102200272467,0.014856408256516556,0.014856407911613629,geom2,78
mixture,0.005750000000000003,5201.858402769847,10409.716805539694,10424.44007137664,67.31102229544426,0.014856407978195508,0.014856407848936411,geom2,78
mixture,0.009250000000000006,5201.858402769847,10409.716805539694,10424.44007137664,67.31102200497796,0.014856408218792036,0.01485640791094168,geom2,78
mixture,0.006750000000000004,5201.858402769849,10409.716805539698,10424.440071376644,67.31102268141512,0.014856408060879496,0.014856407762476698,geom2,78
mixture,0.005000000000000003,5201.858402769849,10409.716805539698,10424.440071376644,67.31102236162273,0.014856407955141787,0.01485640783446985,geom2,78
mixture,0.002,5201.858402769849,10409.716805539698,10424.440071376644,67.31102254117725,0.014856407853744565,0.014856407795326383,geom2,78
mixture,0.0047500000000000025,5201.858402769849,10409.716805539698,10424.440071376644,67.3110228199913,0.014856408005641862,0.01485640773260847,geom2,78
mixture,0.0025000000000000005,5201.858402769849,10409.716805539698,10424.440071376644,67.31102305616318,0.014856407701648512,0.01485640768172941,geom2,78
mixture,0.006000000000000004,5201.85840276985,10409.7168055397,10424.440071376646,67.31102314746529,0.014856407745655132,0.014856407661120452,geom2,78
mixture,0.0027500000000000007,5201.85840276985,10409.7168055397,10424.440071376646,67.31102231792939,0.014856407865465002,0.014856407844659678,geom2,78
mixture,0.003000000000000001,5201.85840276985,10409.7168055397,10424.440071376646,67.31102305128168,0.014856407826863557,0.014856407682423294,geom2,78
mixture,0.008500000000000006,5201.85840276985,10409.7168055397,10424.440071376646,67.3110228457212,0.014856407953827526,0.01485640772629241,geom2,78
mixture,0.005500000000000003,5201.858402769851,10409.716805539701,10424.440071376648,67.31102235826175,0.014856407996001145,0.014856407834929126,geom2,78
mixture,0.010000000000000007,5201.858402769851,10409.716805539701,10424.440071376648,67.31102209734392,0.014856408123398274,0.014856407891079757,geom2,78
mixture,0.008000000000000005,5201.858402769851,10409.716805539701,10424.440071376648,67.31102267964093,0.014856407974204573,0.014856407763194426,geom2,78
mixture,0.006500000000000004,5201.858402769851,10409.716805539701,10424.440071376648,67.31102200370516,0.014856408167825528,0.01485640791241002,geom2,78
mixture,0.0070000000000000045,5201.858402769851,10409.716805539701,10424.440071376648,67.31102287250886,0.014856408112685475,0.014856407719562216,geom2,78
mixture,0.0037500000000000016,5201.858402769851,10409.716805539701,10424.440071376648,67.31102232778949,0.01485640798386587,0.014856407842008675,geom2,78
mixture,0.008750000000000006,5201.858402769851,10409.716805539701,10424.440071376648,67.31102289336204,0.014856407936457405,0.014856407715780591,geom2,78
mixture,0.004250000000000002,5201.858402769851,10409.716805539701,10424.440071376648,67.31102298928421,0.014856407920722098,0.014856407695583416,geom2,78
mixture,0.004500000000000002,5201.858402769852,10409.716805539703,10424.44007137665,67.31102310936899,0.014856407783246253,0.014856407669524254,geom2,78
mixture,0.0035000000000000014,5201.858402769852,10409.716805539703,10424.44007137665,67.31102324727352,0.014856407702988376,0.014856407639376056,geom2,78
mixture,0.004000000000000002,5201.858402769853,10409.716805539705,10424.440071376652,67.31102309957848,0.014856407743908187,0.014856407671908897,geom2,78
mixture,0.0022500000000000003,5201.858402769853,10409.716805539705,10424.440071376652,67.31102300172971,0.014856407833116933,0.014856407693479191,geom2,78
mixture,0.009750000000000007,5201.858402769853,10409.716805539705,10424.440071376652,67.31102277781297,0.01485640804599087,0.014856407740233543,geom2,78
mixture,0.009500000000000007,5201.858402769853,10409.716805539705,10424.440071376652,67.31102293532626,0.014856407896764082,0.014856407706643322,geom2,78
mixture,0.007500000000000005,5201.858402769853,10409.716805539705,10424.440071376652,67.31102269349459,0.01485640802077044,0.01485640775986806,geom2,78
mixture,0.006250000000000004,5201.858402769853,10409.716805539705,10424.440071376652,67.31102358437201,0.014856407859234238,0.014856407563347438,geom2,78
mixture,0.003250000000000001,5201.8584027698535,10409.716805539707,10424.440071376654,67.31102301490134,0.014856407947378787,0.014856407690049908,geom2,78
mixture,0.005250000000000003,5201.8584027698535,10409.716805539707,10424.440071376654,67.31102364806154,0.014856407764635827,0.014856407550012867,geom2,78
mixture,0.009000000000000006,5201.858402769854,10409.716805539709,10424.440071376655,67.31102343773873,0.014856408010331118,0.014856407593811908,geom2,78
mixture,0.008250000000000006,5201.858402769854,10409.716805539709,10424.440071376655,67.3110229342405,0.014856407890534416,0.014856407707176406,geom2,78
mixture,0.007250000000000005,5201.858402769854,10409.716805539709,10424.440071376655,67.3110227791489,0.014856408007927785,0.014856407740984479,geom2,78
null,,5201.858402769847,10405.716805539694,10410.624560818676,67.31102228824126,0.014856407851269442,,geom2,78
sum,,5200.090464902552,10402.180929805105,10407.088685084087,100.68517504617127,0.019863897530921097,,geom2,78
mixture,0.4,5162.9428250285,10331.885650057,10346.608915893947,64.76101247432456,0.0154413903724533,0.015441388454340413,geom2,79
mixture,0.5,5162.9428250285,10331.885650057,10346.608915893947,64.7610128286123,0.015441389137110384,0.015441389137110384,geom2,79
mixture,0.45,5162.942825028504,10331.885650057007,10346.608915893954,64.76101326210657,0.015441389572241613,0.015441388593165122,geom2,79
mixture,0.3,5162.942825028505,10331.88565005701,10346.608915893956,64.76101365318047,0.015441390931648667,0.015441388087155354,geom2,79
mixture,0.35000000000000003,5162.9428250285055,10331.885650057011,10346.608915893958,64.76101380313365,0.015441390078678044,0.01544138827263332,geom2,79
mixture,0.25,5162.942825028509,10331.885650057018,10346.608915893965,64.76101495372568,0.015441391082853894,0.015441387812923282,geom2,79
mixture,0.2,5162.942825028511,10331.885650057022,10346.608915893969,64.76101553546891,0.0154413909667479,0.015441387872934394,geom2,79
mixture,0.15000000000000002,5162.942825028514,10331.885650057027,10346.608915893974,64.76101692524996,0.015441390523063524,0.015441387743368281,geom2,79
mixture,0.1,5162.942825028522,10331.885650057044,10346.60891589399,64.76101807128654,0.015441390361695343,0.015441387612106783,geom2,79
mixture,0.05,5162.942825028528,10331.885650057056,10346.608915894003,64.76101907585748,0.015441388720336676,0.015441387591076241,geom2,79
mixture,0.006500000000000004,5162.94282502853,10331.88565005706,10346.608915894007,64.76102038164466,0.015441387558173224,0.015441387334739686,geom2,79
mixture,0.002,5162.942825028531,10331.885650057062,10346.608915894009,64.76102054189285,0.01544138733948915,0.015441387297899817,geom2,79
mixture,0.008000000000000005,5162.942825028531,10331.885650057062,10346.608915894009,64.76102042641166,0.015441387542453082,0.01544138732376844,geom2,79
mixture,0.008250000000000006,5162.942825028531,10331.885650057062,10346.608915894009,64.761020343739,0.015441387491841877,0.015441387344010482,geom2,79
mixture,0.0070000000000000045,5162.942825028531,10331.885650057062,10346.608915894009,64.76102051270539,0.015441387424407833,0.015441387304100196,geom2,79
mixture,0.003250000000000001,5162.942825028531,10331.885650057062,10346.608915894009,64.76102042510828,0.015441387498423796,0.015441387325265926,geom2,79
mixture,0.009250000000000006,5162.942825028531,10331.885650057062,10346.608915894009,64.76102057669497,0.015441387772017881,0.015441387285181664,geom2,79
mixture,0.007250000000000005,5162.942825028532,10331.885650057064,10346.60891589401,64.76102068612366,0.015441387770756817,0.015441387259889324,geom2,79
mixture,0.009750000000000007,5162.942825028532,10331.885650057064,10346.60891589401,64.76102029837755,0.015441387611802214,0.01544138735352774,geom2,79
mixture,0.009500000000000007,5162.942825028532,10331.885650057064,10346.60891589401,64.76102045312088,0.015441387561923248,0.015441387316820997,geom2,79
mixture,0.005750000000000003,5162.942825028533,10331.885650057066,10346.608915894012,64.76102119307726,0.015441387225694167,0.015441387142237022,geom2,79
mixture,0.005500000000000003,5162.942825028533,10331.885650057066,10346.608915894012,64.76102028657914,0.0154413874151412,0.015441387358547824,geom2,79
mixture,0.0047500000000000025,5162.942825028533,10331.885650057066,10346.608915894012,64.7610204428733,0.015441387379824638,0.015441387321314943,geom2,79
mixture,0.004250000000000002,5162.942825028533,10331.885650057066,10346.608915894012,64.76102041578957,0.015441387440461878,0.015441387327570825,geom2,79
mixture,0.008750000000000006,5162.942825028533,10331.885650057066,10346.608915894012,64.76102072828547,0.015441387585041638,0.015441387250613958,geom2,79
mixture,0.007500000000000005,5162.942825028533,10331.885650057066,10346.608915894012,64.76102107695688,0.015441387368049833,0.01544138716891069,geom2,79
mixture,0.008500000000000006,5162.942825028533,10331.885650057066,10346.608915894012,64.76102071315725,0.01544138742006712,0.015441387255750628,geom2,79
mixture,0.006000000000000004,5162.942825028533,10331.885650057066,10346.608915894012,64.76102072062392,0.015441387504209625,0.015441387253864926,geom2,79
mixture,0.007750000000000005,5162.942825028534,10331.885650057067,10346.608915894014,64.76102101152514,0.015441387351689333,0.015441387184711466,geom2,79
mixture,0.0025000000000000005,5162.942825028534,10331.885650057067,10346.608915894014,64.7610204819454,0.015441387389994371,0.015441387312081873,geom2,79
mixture,0.0027500000000000007,5162.942825028535,10331.88565005707,10346.608915894016,64.76102055168793,0.015441387386448924,0.015441387295397097,geom2,79
mixture,0.003000000000000001,5162.942825028535,10331.88565005707,10346.608915894016,64.76102070980275,0.01544138727771489,0.015441387257887674,geom2,79
mixture,0.005250000000000003,5162.942825028535,10331.88565005707,10346.608915894016,64.76102098556352,0.01544138740664861,0.01544138719106392,geom2,79
mixture,0.004000000000000002,5162.942825028535,10331.88565005707,10346.608915894016,64.76102082862144,0.015441387470384395,0.015441387228649508,geom2,79
mixture,0.009000000000000006,5162.942825028535,10331.88565005707,10346.608915894016,64.76102021022848,0.015441387579555283,0.015441387375224892,geom2,79
mixture,0.0035000000000000014,5162.942825028535,10331.88565005707,10346.608915894016,64.76102118741389,0.015441387232906022,0.015441387143755229,geom2,79
mixture,0.005000000000000003,5162.942825028535,10331.88565005707,10346.608915894016,64.76102115638616,0.015441387224217997,0.015441387151099805,geom2,79
mixture,0.0022500000000000003,5162.942825028536,10331.885650057073,10346.60891589402,64.76102083661954,0.015441387280214337,0.015441387227591011,geom2,79
mixture,0.0037500000000000016,5162.942825028536,10331.885650057073,10346.60891589402,64.76102122530486,0.015441387244497933,0.015441387134620626,geom2,79
mixture,0.004500000000000002,5162.942825028536,10331.885650057073,10346.60891589402,64.76102153246502,0.015441387306766459,0.015441387060687137,geom2,79
mixture,0.006750000000000004,5162.942825028537,10331.885650057075,10346.608915894021,64.76102117073027,0.015441387250287104,0.015441387147350416,geom2,79
mixture,0.006250000000000004,5162.942825028538,10331.885650057076,10346.608915894023,64.76102103825515,0.015441387379723564,0.015441387178373697,geom2,79
mixture,0.010000000000000007,5162.942825028538,10331.885650057076,10346.608915894023,64.76102108238626,0.015441387402190188,0.015441387166755322,geom2,79
null,,5162.94282502854,10327.88565005708,10332.793405336062,64.76102121629121,0.01544138713718185,,geom2,79
sum,,5155.879534563213,10313.759069126427,10318.666824405409,96.43752593142993,0.020738814903049897,,geom2,79
mixture,0.4,5193.033433945109,10392.066867890218,10406.790133727165,66.7240129117875,0.014987109360998228,0.014987107399844874,geom2,80
mixture,0.45,5193.033433945109,10392.066867890218,10406.790133727165,66.72401335919277,0.014987108661830575,0.014987107610889443,geom2,80
mixture,0.5,5193.033433945113,10392.066867890226,10406.790133727172,66.72401313555795,0.014987108134044311,0.014987108134044311,geom2,80
mixture,0.35000000000000003,5193.033433945113,10392.066867890226,10406.790133727172,66.72401477092893,0.014987109035193267,0.014987107083693045,geom2,80
mixture,0.3,5193.033433945114,10392.066867890228,10406.790133727174,66.72401483144013,0.014987109730304293,0.014987106905764665,geom2,80
mixture,0.25,5193.033433945119,10392.066867890238,10406.790133727185,66.72401518081655,0.014987110226614477,0.014987106823997788,geom2,80
mixture,0.2,5193.03343394512,10392.06686789024,10406.790133727187,66.72401667340388,0.014987110259221831,0.014987106609440613,geom2,80
mixture,0.15000000000000002,5193.033433945126,10392.066867890251,10406.790133727198,66.72401846494913,0.014987110153044153,0.014987106369453152,geom2,80
mixture,0.1,5193.03343394513,10392.06686789026,10406.790133727207,66.72401932230292,0.014987109348143492,0.01498710645511584,geom2,80
mixture,0.007250000000000005,5193.033433945139,10392.066867890278,10406.790133727225,66.72402163896314,0.014987106427799478,0.01498710622257786,geom2,80
mixture,0.05,5193.033433945139,10392.066867890278,10406.790133727225,66.72402076564124,0.014987108278965405,0.014987106322397074,geom2,80
mixture,0.008500000000000006,5193.033433945141,10392.066867890282,10406.790133727229,66.72402175155958,0.014987106353164597,0.014987106197451493,geom2,80
mixture,0.006750000000000004,5193.033433945141,10392.066867890282,10406.790133727229,66.72402179379355,0.01498710639995541,0.014987106187857072,geom2,80
mixture,0.006500000000000004,5193.033433945141,10392.066867890282,10406.790133727229,66.72402176943612,0.014987106338757824,0.014987106193817632,geom2,80
mixture,0.009750000000000007,5193.033433945142,10392.066867890284,10406.79013372723,66.72402176465884,0.014987106421351145,0.014987106193612326,geom2,80
mixture,0.0027500000000000007,5193.033433945143,10392.066867890286,10406.790133727232,66.72402201775864,0.014987106170600603,0.014987106138896,geom2,80
mixture,0.008750000000000006,5193.033433945143,10392.066867890286,10406.790133727232,66.72402165692247,0.014987106466716957,0.014987106217854259,geom2,80
mixture,0.007750000000000005,5193.033433945143,10392.066867890286,10406.790133727232,66.7240218249939,0.014987106301922369,0.014987106181346257,geom2,80
mixture,0.0070000000000000045,5193.033433945144,10392.066867890288,10406.790133727234,66.72402222680448,0.014987106529070912,0.014987106088947842,geom2,80
mixture,0.0035000000000000014,5193.033433945144,10392.066867890288,10406.790133727234,66.72402199510014,0.01498710624347631,0.014987106143723457,geom2,80
mixture,0.005000000000000003,5193.033433945144,10392.066867890288,10406.790133727234,66.72402179710517,0.014987106285532317,0.014987106188057531,geom2,80
mixture,0.008250000000000006,5193.033433945144,10392.066867890288,10406.790133727234,66.72402156947706,0.01498710645073022,0.014987106237917516,geom2,80
mixture,0.0047500000000000025,5193.033433945144,10392.066867890288,10406.790133727234,66.72402257199904,0.014987106168970735,0.014987106013756125,geom2,80
mixture,0.004000000000000002,5193.033433945144,10392.066867890288,10406.790133727234,66.724022498845,0.01498710633508343,0.014987106029703249,geom2,80
mixture,0.009000000000000006,5193.033433945144,10392.066867890288,10406.790133727234,66.72402219496547,0.01498710645054039,0.014987106095989208,geom2,80
mixture,0.009500000000000007,5193.033433945144,10392.066867890288,10406.790133727234,66.72402167494572,0.014987106410549067,0.014987106214117451,geom2,80
mixture,0.007500000000000005,5193.033433945145,10392.06686789029,10406.790133727236,66.72402190941922,0.014987106428024267,0.01498710616131737,geom2,80
mixture,0.006000000000000004,5193.033433945145,10392.06686789029,10406.790133727236,66.7240224874604,0.014987106172883105,0.014987106032640448,geom2,80
mixture,0.008000000000000005,5193.033433945146,10392.066867890291,10406.790133727238,66.72402176610585,0.014987106287952212,0.014987106194762246,geom2,80
mixture,0.005750000000000003,5193.033433945146,10392.066867890291,10406.790133727238,66.7240230214707,0.014987106188208059,0.014987105911947568,geom2,80
mixture,0.004500000000000002,5193.033433945146,10392.066867890291,10406.790133727238,66.7240226918687,0.014987106056586959,0.014987105987257087,geom2,80
mixture,0.003000000000000001,5193.0334339451465,10392.066867890293,10406.79013372724,66.72402190931281,0.014987106250034974,0.014987106163080707,geom2,80
mixture,0.005250000000000003,5193.0334339451465,10392.066867890293,10406.79013372724,66.72402251431124,0.014987106100223052,0.014987106027066778,geom2,80
mixture,0.004250000000000002,5193.0334339451465,10392.066867890293,10406.79013372724,66.72402242388281,0.014987106151748609,0.01498710604731845,geom2,80
mixture,0.009250000000000006,5193.033433945147,10392.066867890295,10406.790133727241,66.72402231566268,0.014987106362018129,0.014987106069362906,geom2,80
mixture,0.006250000000000004,5193.033433945147,10392.066867890295,10406.790133727241,66.7240225077087,0.014987106353131633,0.014987106026894887,geom2,80
mixture,0.0025000000000000005,5193.033433945147,10392.066867890295,10406.790133727241,66.72402255403026,0.01498710607038537,0.01498710601839946,geom2,80
mixture,0.005500000000000003,5193.033433945147,10392.066867890295,10406.790133727241,66.7240231588065,0.014987105962701634,0.014987105882246105,geom2,80
mixture,0.0022500000000000003,5193.033433945147,10392.066867890295,10406.790133727241,66.72402256055081,0.014987106177445189,0.014987106016703155,geom2,80
mixture,0.003250000000000001,5193.033433945147,10392.066867890295,10406.790133727241,66.72402263935587,0.01498710607032903,0.014987105999132765,geom2,80
mixture,0.010000000000000007,5193.033433945147,10392.066867890295,10406.790133727241,66.72402226784656,0.014987106178605807,0.01498710608184247,geom2,80
mixture,0.002,5193.033433945149,10392.066867890298,10406.790133727245,66.72402324712941,0.014987106032637473,0.014987105862509854,geom2,80
mixture,0.0037500000000000016,5193.033433945149,10392.066867890298,10406.790133727245,66.72402225575766,0.014987106599245343,0.014987106083591729,geom2,80
null,,5193.033433945145,10388.06686789029,10392.974623169272,66.72402253776157,0.014987106022183588,,geom2,80
sum,,5188.455673831078,10378.911347662155,10383.819102941137,99.54927458372555,0.0200905532296763,,geom2,80
mixture,0.4,5199.295615025509,10404.591230051017,10419.314495887964,67.1400141082001,0.014894248705703916,0.014894247011930092,geom2,81
mixture,0.45,5199.2956150255095,10404.591230051019,10419.314495887966,67.14001410366171,0.01489424835248649,0.01489424714877722,geom2,81
mixture,0.35000000000000003,5199.295615025511,10404.591230051023,10419.31449588797,67.14001468729188,0.014894248962858177,0.014894246806114415,geom2,81
mixture,0.5,5199.295615025513,10404.591230051026,10419.314495887973,67.1400144027405,0.014894247624099143,0.014894247624099143,geom2,81
mixture,0.3,5199.295615025514,10404.591230051028,10419.314495887975,67.14001584063048,0.014894248647111726,0.01489424672998024,geom2,81
mixture,0.25,5199.295615025517,10404.591230051034,10419.31449588798,67.14001670277773,0.014894249275745348,0.014894246393234483,geom2,81
mixture,0.2,5199.2956150255195,10404.591230051039,10419.314495887986,67.14001686109722,0.014894249413994757,0.014894246494927326,geom2,81
mixture,0.15000000000000002,5199.295615025522,10404.591230051044,10419.314495887991,67.1400178442682,0.014894249010740018,0.014894246481205301,geom2,81
mixture,0.1,5199.295615025532,10404.591230051064,10419.314495888011,67.1400198635744,0.014894248132307088,0.014894246221605269,geom2,81
mixture,0.05,5199.295615025536,10404.591230051072,10419.314495888018,67.14002122571523,0.014894247542861897,0.014894246035112595,geom2,81
mixture,0.009250000000000006,5199.2956150255395,10404.591230051079,10419.314495888026,67.14002205979898,0.01489424611530469,0.01489424592369573,geom2,81
mixture,0.009000000000000006,5199.2956150255395,10404.591230051079,10419.314495888026,67.14002259561599,0.014894246157556943,0.01489424580341597,geom2,81
mixture,0.007250000000000005,5199.2956150255395,10404.591230051079,10419.314495888026,67.14002258570831,0.014894246161501215,0.014894245806225392,geom2,81
mixture,0.003250000000000001,5199.29561502554,10404.59123005108,10419.314495888028,67.14002261835974,0.01489424582583828,0.014894245801478627,geom2,81
mixture,0.005750000000000003,5199.29561502554,10404.59123005108,10419.314495888028,67.14002213951491,0.014894246014527065,0.01489424590716672,geom2,81
mixture,0.006000000000000004,5199.295615025541,10404.591230051083,10419.31449588803,67.14002222342454,0.014894246021556425,0.014894245888370537,geom2,81
mixture,0.009500000000000007,5199.295615025541,10404.591230051083,10419.31449588803,67.14002294291328,0.014894245930965552,0.014894245727627596,geom2,81
mixture,0.006500000000000004,5199.295615025541,10404.591230051083,10419.31449588803,67.14002274536459,0.01489424598056559,0.014894245772027727,geom2,81
mixture,0.003000000000000001,5199.295615025541,10404.591230051083,10419.31449588803,67.14002244266872,0.014894245880426886,0.014894245840412794,geom2,81
mixture,0.002,5199.295615025541,10404.591230051083,10419.31449588803,67.14002277676398,0.014894245787285277,0.01489424576637581,geom2,81
mixture,0.004000000000000002,5199.295615025542,10404.591230051084,10419.314495888031,67.14002229721879,0.014894245960555733,0.014894245872446806,geom2,81
mixture,0.006250000000000004,5199.295615025542,10404.591230051084,10419.314495888031,67.14002300417738,0.01489424573132371,0.014894245715871992,geom2,81
mixture,0.007500000000000005,5199.295615025543,10404.591230051086,10419.314495888033,67.14002214890145,0.014894246073602957,0.014894245904432973,geom2,81
mixture,0.010000000000000007,5199.295615025543,10404.591230051086,10419.314495888033,67.14002278257026,0.01489424596834634,0.014894245763076876,geom2,81
mixture,0.0070000000000000045,5199.295615025543,10404.591230051086,10419.314495888033,67.14002281987986,0.014894245971075585,0.014894245755342733,geom2,81
mixture,0.0047500000000000025,5199.295615025543,10404.591230051086,10419.314495888033,67.1400227795569,0.014894246082051983,0.014894245764288674,geom2,81
mixture,0.008250000000000006,5199.295615025543,10404.591230051086,10419.314495888033,67.14002202439015,0.014894246112106135,0.014894245931835927,geom2,81
mixture,0.008500000000000006,5199.295615025543,10404.591230051086,10419.314495888033,67.14002202564237,0.0148942461371907,0.014894245931295255,geom2,81
mixture,0.005000000000000003,5199.295615025544,10404.591230051088,10419.314495888035,67.14002275829797,0.014894245899909439,0.014894245769863873,geom2,81
mixture,0.0037500000000000016,5199.295615025544,10404.591230051088,10419.314495888035,67.140023127096,0.014894245826761953,0.014894245688180797,geom2,81
mixture,0.0022500000000000003,5199.295615025544,10404.591230051088,10419.314495888035,67.14002301271032,0.014894245848382408,0.014894245713772764,geom2,81
mixture,0.0025000000000000005,5199.295615025544,10404.591230051088,10419.314495888035,67.14002218850757,0.014894245979859836,0.014894245896707702,geom2,81
mixture,0.007750000000000005,5199.295615025545,10404.59123005109,10419.314495888037,67.14002282938633,0.014894245935495208,0.014894245753332197,geom2,81
mixture,0.004250000000000002,5199.295615025545,10404.59123005109,10419.314495888037,67.14002286014221,0.014894245851561959,0.014894245747478769,geom2,81
mixture,0.005250000000000003,5199.295615025545,10404.59123005109,10419.314495888037,67.14002212208284,0.01489424597645683,0.014894245911309122,geom2,81
mixture,0.008750000000000006,5199.295615025545,10404.59123005109,10419.314495888037,67.14002230859423,0.014894246018938555,0.014894245868963447,geom2,81
mixture,0.008000000000000005,5199.295615025545,10404.59123005109,10419.314495888037,67.14002276685385,0.014894245969996934,0.01489424576699204,geom2,81
mixture,0.009750000000000007,5199.295615025546,10404.591230051092,10419.314495888038,67.1400227513637,0.014894245997261515,0.014894245769834981,geom2,81
mixture,0.004500000000000002,5199.295615025546,10404.591230051092,10419.314495888038,67.14002284714218,0.014894245807156942,0.0148942457505503,geom2,81
mixture,0.005500000000000003,5199.295615025547,10404.591230051094,10419.31449588804,67.1400229513892,0.01489424580281633,0.01489424572726348,geom2,81
mixture,0.006750000000000004,5199.295615025547,10404.591230051094,10419.31449588804,67.14002333582044,0.01489424587778662,0.014894245640797672,geom2,81
mixture,0.0027500000000000007,5199.295615025547,10404.591230051094,10419.31449588804,67.140023636195,0.014894245842960393,0.014894245575025873,geom2,81
mixture,0.0035000000000000014,5199.295615025547,10404.591230051094,10419.31449588804,67.1400229066092,0.014894245862940116,0.014894245737172768,geom2,81
null,,5199.295615025542,10400.591230051084,10405.498985330067,67.1400222464309,0.014894245884065953,,geom2,81
sum,,5191.130644601549,10384.261289203097,10389.16904448208,99.91055444760632,0.020017905125817432,,geom2,81
mixture,0.5,5160.96451420252,10327.92902840504,10342.652294241987,64.63401173731866,0.015471730333932154,0.015471730333932154,geom2,82
mixture,0.4,5160.964514202522,10327.929028405044,10342.65229424199,64.63401236477483,0.015471731570296226,0.015471729259361298,geom2,82
mixture,0.45,5160.964514202525,10327.92902840505,10342.652294241996,64.63401226017268,0.015471731035165725,0.015471729532635866,geom2,82
mixture,0.35000000000000003,5160.964514202526,10327.929028405051,10342.652294241998,64.6340135420839,0.015471730966473416,0.015471729328695139,geom2,82
mixture,0.25,5160.964514202527,10327.929028405055,10342.652294242002,64.63401377165378,0.015471732616445997,0.015471728923804008,geom2,82
mixture,0.3,5160.964514202528,10327.929028405057,10342.652294242003,64.6340136256026,0.0154717322331738,0.015471728874247529,geom2,82
mixture,0.2,5160.964514202529,10327.929028405058,10342.652294242005,64.63401486184564,0.015471732358163702,0.0154717288929596,geom2,82
mixture,0.15000000000000002,5160.964514202539,10327.929028405078,10342.652294242025,64.63401707551249,0.015471732223595597,0.015471728497136327,geom2,82
mixture,0.1,5160.964514202543,10327.929028405086,10342.652294242032,64.63401732616626,0.015471730986823673,0.015471728774914078,geom2,82
mixture,0.05,5160.964514202547,10327.929028405095,10342.652294242042,64.63401896084329,0.015471729689308171,0.015471728547726086,geom2,82
mixture,0.009000000000000006,5160.964514202552,10327.929028405104,10342.65229424205,64.63402021147517,0.01547172861505865,0.015471728302624041,geom2,82
mixture,0.0047500000000000025,5160.964514202553,10327.929028405106,10342.652294242052,64.63402016206682,0.015471728507326041,0.015471728316355939,geom2,82
mixture,0.006250000000000004,5160.964514202553,10327.929028405106,10342.652294242052,64.63402040486983,0.01547172839100094,0.01547172825831293,geom2,82
mixture,0.007750000000000005,5160.964514202553,10327.929028405106,10342.652294242052,64.63402026514706,0.015471728457105007,0.015471728291303315,geom2,82
mixture,0.004500000000000002,5160.964514202555,10327.92902840511,10342.652294242056,64.63402060268973,0.015471728199083452,0.015471728211846647,geom2,82
mixture,0.0035000000000000014,5160.964514202555,10327.92902840511,10342.652294242056,64.63402043733598,0.015471728345339067,0.01547172825104062,geom2,82
mixture,0.006750000000000004,5160.964514202555,10327.92902840511,10342.652294242056,64.63402050124972,0.015471728450632877,0.01547172823461322,geom2,82
mixture,0.0037500000000000016,5160.964514202555,10327.92902840511,10342.652294242056,64.63402041803832,0.015471728365042028,0.015471728255579544,geom2,82
mixture,0.004000000000000002,5160.964514202555,10327.92902840511,10342.652294242056,64.6340207252954,0.015471728376655348,0.01547172818166058,geom2,82
mixture,0.008750000000000006,5160.964514202556,10327.929028405111,10342.652294242058,64.63402052660776,0.015471728668640284,0.015471728226129319,geom2,82
mixture,0.009750000000000007,5160.964514202556,10327.929028405111,10342.652294242058,64.63402035081532,0.015471728464678999,0.015471728270185179,geom2,82
mixture,0.008500000000000006,5160.964514202556,10327.929028405111,10342.652294242058,64.63402052440321,0.01547172864062781,0.015471728227013275,geom2,82
mixture,0.006000000000000004,5160.9645142025565,10327.929028405113,10342.65229424206,64.63402026295748,0.015471728495973744,0.015471728291887895,geom2,82
mixture,0.005250000000000003,5160.9645142025565,10327.929028405113,10342.65229424206,64.63402040404858,0.015471728365482369,0.01547172825877862,geom2,82
mixture,0.006500000000000004,5160.9645142025565,10327.929028405113,10342.65229424206,64.63402036344499,0.015471728418283965,0.015471728268081963,geom2,82
mixture,0.009500000000000007,5160.9645142025565,10327.929028405113,10342.65229424206,64.63402103160487,0.01547172828702042,0.015471728107411637,geom2,82
mixture,0.002,5160.9645142025565,10327.929028405113,10342.65229424206,64.63402057944256,0.015471728335192562,0.015471728217117838,geom2,82
mixture,0.003250000000000001,5160.964514202557,10327.929028405115,10342.652294242062,64.63402085707533,0.015471728288145357,0.015471728150448305,geom2,82
mixture,0.009250000000000006,5160.964514202557,10327.929028405115,10342.652294242062,64.63402078968477,0.01547172848444833,0.01547172816406384,geom2,82
mixture,0.005500000000000003,5160.964514202557,10327.929028405115,10342.652294242062,64.63402028245618,0.015471728404548033,0.015471728287802822,geom2,82
mixture,0.007500000000000005,5160.964514202557,10327.929028405115,10342.652294242062,64.63402024746561,0.015471728431066548,0.015471728295806314,geom2,82
mixture,0.008250000000000006,5160.964514202557,10327.929028405115,10342.652294242062,64.6340204263972,0.015471728408981842,0.015471728252699804,geom2,82
mixture,0.005000000000000003,5160.964514202557,10327.929028405115,10342.652294242062,64.63402111429727,0.015471728177839327,0.01547172808887868,geom2,82
mixture,0.0027500000000000007,5160.964514202558,10327.929028405117,10342.652294242063,64.63402104897492,0.015471728235433439,0.015471728104600185,geom2,82
mixture,0.004250000000000002,5160.964514202558,10327.929028405117,10342.652294242063,64.63402106698241,0.01547172821106335,0.015471728100178184,geom2,82
mixture,0.0022500000000000003,5160.964514202558,10327.929028405117,10342.652294242063,64.63402061987838,0.015471728303625578,0.015471728207458317,geom2,82
mixture,0.003000000000000001,5160.964514202558,10327.929028405117,10342.652294242063,64.63402108818013,0.015471728196209164,0.015471728095272445,geom2,82
mixture,0.010000000000000007,5160.964514202559,10327.929028405119,10342.652294242065,64.63402114867662,0.015471728629177034,0.01547172807555775,geom2,82
mixture,0.0025000000000000005,5160.96451420256,10327.92902840512,10342.652294242067,64.63402156254166,0.01547172793697268,0.015471727982138176,geom2,82
mixture,0.005750000000000003,5160.96451420256,10327.92902840512,10342.652294242067,64.63402055264619,0.015471728289806003,0.015471728223386442,geom2,82
mixture,0.0070000000000000045,5160.96451420256,10327.92902840512,10342.652294242067,64.63402067755388,0.015471728529397474,0.015471728191503397,geom2,82
mixture,0.008000000000000005,5160.96451420256,10327.92902840512,10342.652294242067,64.63402058344717,0.015471728260039098,0.015471728216043425,geom2,82
mixture,0.007250000000000005,5160.964514202562,10327.929028405124,10342.65229424207,64.63402100204242,0.015471728283177841,0.015471728114974947,geom2,82
null,,5160.964514202563,10323.929028405126,10328.836783684108,64.63402123740244,0.01547172805985526,,geom2,82
sum,,5158.341874999092,10318.683749998185,10323.591505277167,96.6696403782979,0.02068901872576941,,geom2,82
mixture,0.5,5208.02110607209,10422.04221214418,10436.765477981127,67.7240130099813,0.014765811350438108,0.014765811350438108,geom2,83
mixture,0.35000000000000003,5208.021106072091,10422.042212144182,10436.76547798113,67.72401382823661,0.014765812046930542,0.014765810700936783,geom2,83
mixture,0.45,5208.021106072092,10422.042212144184,10436.765477981131,67.72401394896687,0.014765811219797155,0.014765811085096607,geom2,83
mixture,0.4,5208.021106072092,10422.042212144184,10436.765477981131,67.72401310544967,0.014765812531612852,0.014765810528296903,geom2,83
mixture,0.3,5208.021106072096,10422.042212144192,10436.765477981138,67.72401497928804,0.01476581355110523,0.01476580979391487,geom2,83
mixture,0.25,5208.021106072098,10422.042212144195,10436.765477981142,67.72401572581748,0.014765813461531586,0.014765809857231802,geom2,83
mixture,0.2,5208.021106072101,10422.042212144202,10436.76547798115,67.72401620431242,0.014765813617847044,0.01476580991301434,geom2,83
mixture,0.15000000000000002,5208.0211060721085,10422.042212144217,10436.765477981164,67.72401821717642,0.014765813183733543,0.014765809691244426,geom2,83
mixture,0.1,5208.021106072113,10422.042212144226,10436.765477981173,67.72401959979344,0.01476581208119964,0.014765809672829948,geom2,83
mixture,0.05,5208.021106072123,10422.042212144246,10436.765477981193,67.72402208940073,0.014765811229336043,0.014765809273045438,geom2,83
mixture,0.008250000000000006,5208.021106072125,10422.04221214425,10436.765477981196,67.72402253947033,0.014765809485709883,0.014765809270959988,geom2,83
mixture,0.005250000000000003,5208.021106072126,10422.042212144252,10436.765477981198,67.72402254113085,0.014765809388342559,0.014765809271757562,geom2,83
mixture,0.008500000000000006,5208.021106072126,10422.042212144252,10436.765477981198,67.72402239199265,0.01476580950798137,0.014765809303144996,geom2,83
mixture,0.009750000000000007,5208.021106072127,10422.042212144253,10436.7654779812,67.72402303340405,0.014765809428694232,0.014765809162443798,geom2,83
mixture,0.0035000000000000014,5208.021106072127,10422.042212144253,10436.7654779812,67.72402256052024,0.014765809388814057,0.014765809267718349,geom2,83
mixture,0.0027500000000000007,5208.021106072127,10422.042212144253,10436.7654779812,67.72402291120379,0.014765809249171357,0.014765809191524426,geom2,83
mixture,0.006750000000000004,5208.021106072128,10422.042212144255,10436.765477981202,67.72402317331195,0.014765809343247727,0.014765809133117366,geom2,83
mixture,0.007750000000000005,5208.021106072128,10422.042212144255,10436.765477981202,67.7240225899229,0.014765809449375214,0.014765809260265949,geom2,83
mixture,0.008750000000000006,5208.0211060721285,10422.042212144257,10436.765477981204,67.72402237504163,0.014765809555950091,0.014765809306398345,geom2,83
mixture,0.0070000000000000045,5208.0211060721285,10422.042212144257,10436.765477981204,67.72402331238895,0.01476580941847341,0.014765809101997578,geom2,83
mixture,0.005750000000000003,5208.0211060721285,10422.042212144257,10436.765477981204,67.72402321740009,0.014765809469742566,0.01476580912292907,geom2,83
mixture,0.005500000000000003,5208.0211060721285,10422.042212144257,10436.765477981204,67.72402320426104,0.014765809473533162,0.014765809125875827,geom2,83
mixture,0.008000000000000005,5208.0211060721285,10422.042212144257,10436.765477981204,67.72402313860594,0.014765809400925175,0.014765809140015386,geom2,83
mixture,0.003000000000000001,5208.0211060721285,10422.042212144257,10436.765477981204,67.72402282107082,0.014765809224075244,0.014765809211296234,geom2,83
mixture,0.004500000000000002,5208.0211060721285,10422.042212144257,10436.765477981204,67.72402257573792,0.014765809441758782,0.01476580926402448,geom2,83
mixture,0.009500000000000007,5208.0211060721285,10422.042212144257,10436.765477981204,67.72402244710614,0.01476580947082332,0.014765809291162987,geom2,83
mixture,0.005000000000000003,5208.021106072129,10422.042212144259,10436.765477981206,67.72402330510864,0.014765809150213641,0.014765809105577045,geom2,83
mixture,0.009250000000000006,5208.021106072129,10422.042212144259,10436.765477981206,67.72402249998562,0.014765809514445317,0.014765809279164141,geom2,83
mixture,0.009000000000000006,5208.02110607213,10422.04221214426,10436.765477981207,67.72402297394677,0.014765809457191375,0.014765809175467645,geom2,83
mixture,0.0025000000000000005,5208.02110607213,10422.04221214426,10436.765477981207,67.7240233047725,0.014765809235550575,0.01476580910554851,geom2,83
mixture,0.006000000000000004,5208.02110607213,10422.04221214426,10436.765477981207,67.72402331418647,0.014765809277559503,0.014765809102772273,geom2,83
mixture,0.006250000000000004,5208.02110607213,10422.04221214426,10436.765477981207,67.72402309395108,0.014765809329484875,0.014765809150721456,geom2,83
mixture,0.0022500000000000003,5208.02110607213,10422.04221214426,10436.765477981207,67.72402345186522,0.014765809139185349,0.01476580907365558,geom2,83
mixture,0.0047500000000000025,5208.02110607213,10422.04221214426,10436.765477981207,67.72402276849647,0.01476580931374449,0.014765809222363247,geom2,83
mixture,0.0037500000000000016,5208.021106072131,10422.042212144263,10436.76547798121,67.72402331672673,0.014765809259189362,0.014765809102680237,geom2,83
mixture,0.010000000000000007,5208.021106072132,10422.042212144264,10436.765477981211,67.7240230294961,0.014765809523461378,0.014765809162279974,geom2,83
mixture,0.004250000000000002,5208.021106072132,10422.042212144264,10436.765477981211,67.7240234345984,0.014765809140683211,0.014765809077298306,geom2,83
mixture,0.003250000000000001,5208.021106072133,10422.042212144266,10436.765477981213,67.72402356758596,0.014765809061314698,0.01476580904853098,geom2,83
mixture,0.007250000000000005,5208.021106072133,10422.042212144266,10436.765477981213,67.72402380955187,0.014765809371676967,0.014765808993072033,geom2,83
mixture,0.007500000000000005,5208.021106072133,10422.042212144266,10436.765477981213,67.72402320690652,0.01476580932057462,0.014765809125749966,geom2,83
mixture,0.004000000000000002,5208.021106072136,10422.042212144272,10436.765477981218,67.7240233849242,0.014765809125986986,0.014765809088247154,geom2,83
mixture,0.006500000000000004,5208.021106072136,10422.042212144272,10436.765477981218,67.72402342288505,0.014765809215891382,0.014765809079233264,geom2,83
mixture,0.002,5208.021106072137,10422.042212144273,10436.76547798122,67.72402362126985,0.014765809029253956,0.014765809036883135,geom2,83
null,,5208.021106072127,10418.042212144253,10422.949967423236,67.72402272498981,0.014765809232283026,,geom2,83
sum,,5205.817516199524,10413.635032399048,10418.54278767803,101.2625395082685,0.019750640362290062,,geom2,83
mixture,0.5,5174.577391637147,10355.154783274294,10369.878049111241,65.51301182148042,0.015264143293014043,0.015264143293014043,geom2,84
mixture,0.4,5174.577391637147,10355.154783274294,10369.878049111241,65.51301237549421,0.015264144387659884,0.015264142348113708,geom2,84
mixture,0.45,5174.577391637147,10355.154783274294,10369.878049111241,65.51301262982686,0.015264143637303624,0.015264142668886368,geom2,84
mixture,0.35000000000000003,5174.577391637149,10355.154783274298,10369.878049111245,65.51301279835688,0.015264144904673694,0.015264142075033765,geom2,84
mixture,0.3,5174.577391637151,10355.154783274302,10369.878049111248,65.51301366576796,0.015264144829693675,0.015264142020568569,geom2,84
mixture,0.2,5174.577391637155,10355.15478327431,10369.878049111257,65.51301562664813,0.015264145587623621,0.01526414161113503,geom2,84
mixture,0.25,5174.577391637157,10355.154783274314,10369.878049111261,65.51301532792661,0.015264144986438409,0.015264141639231267,geom2,84
mixture,0.15000000000000002,5174.577391637158,10355.154783274316,10369.878049111263,65.51301639444287,0.015264144746583072,0.015264141783004226,geom2,84
mixture,0.1,5174.577391637171,10355.154783274342,10369.878049111288,65.51301900657123,0.01526414425266656,0.015264141326293409,geom2,84
mixture,0.05,5174.5773916371745,10355.154783274349,10369.878049111296,65.51302002817035,0.015264142586771164,0.015264141317437512,geom2,84
mixture,0.008000000000000005,5174.577391637177,10355.154783274354,10369.878049111301,65.51302078031702,0.01526414142447243,0.015264141203893893,geom2,84
mixture,0.0047500000000000025,5174.577391637178,10355.154783274356,10369.878049111303,65.51302104530099,0.015264141241776543,0.015264141143451801,geom2,84
mixture,0.009250000000000006,5174.577391637178,10355.154783274356,10369.878049111303,65.51302073595397,0.015264141544302645,0.015264141212929648,geom2,84
mixture,0.008250000000000006,5174.577391637178,10355.154783274356,10369.878049111303,65.51302072790301,0.015264141411948508,0.015264141216256211,geom2,84
mixture,0.006000000000000004,5174.577391637178,10355.154783274356,10369.878049111303,65.51302100367661,0.01526414131303743,0.01526414115265478,geom2,84
mixture,0.005750000000000003,5174.577391637179,10355.154783274358,10369.878049111305,65.51302085160005,0.015264141318924744,0.015264141188298904,geom2,84
mixture,0.006500000000000004,5174.577391637179,10355.154783274358,10369.878049111305,65.513021111436,0.015264141297054607,0.015264141127407076,geom2,84
mixture,0.006750000000000004,5174.57739163718,10355.15478327436,10369.878049111307,65.51302144922818,0.015264141336264147,0.015264141047859501,geom2,84
mixture,0.009000000000000006,5174.57739163718,10355.15478327436,10369.878049111307,65.51302140743152,0.01526414131978826,0.015264141057181137,geom2,84
mixture,0.004500000000000002,5174.57739163718,10355.15478327436,10369.878049111307,65.5130209883625,0.015264141301144164,0.015264141156534428,geom2,84
mixture,0.004250000000000002,5174.57739163718,10355.15478327436,10369.878049111307,65.51302145923397,0.015264141191900121,0.015264141046858517,geom2,84
mixture,0.010000000000000007,5174.57739163718,10355.15478327436,10369.878049111307,65.51302143427563,0.015264141341198665,0.015264141050381918,geom2,84
mixture,0.008750000000000006,5174.57739163718,10355.15478327436,10369.878049111307,65.51302076421983,0.015264141430953056,0.01526414120745345,geom2,84
mixture,0.003250000000000001,5174.57739163718,10355.15478327436,10369.878049111307,65.513020919125,0.015264141333108187,0.015264141172796078,geom2,84
mixture,0.0027500000000000007,5174.577391637181,10355.154783274362,10369.878049111308,65.51302166555976,0.015264141240609012,0.015264140998737121,geom2,84
mixture,0.007250000000000005,5174.577391637182,10355.154783274364,10369.87804911131,65.51302156917734,0.01526414119806601,0.015264141020571968,geom2,84
mixture,0.009750000000000007,5174.577391637182,10355.154783274364,10369.87804911131,65.51302123622085,0.015264141515214432,0.015264141095341905,geom2,84
mixture,0.007500000000000005,5174.577391637182,10355.154783274364,10369.87804911131,65.51302136819436,0.01526414142942302,0.015264141065960659,geom2,84
mixture,0.005000000000000003,5174.577391637182,10355.154783274364,10369.87804911131,65.51302163542022,0.015264141123317195,0.015264141005837204,geom2,84
mixture,0.009500000000000007,5174.577391637182,10355.154783274364,10369.87804911131,65.5130218091133,0.01526414148427627,0.01526414096098388,geom2,84
mixture,0.003000000000000001,5174.577391637182,10355.154783274364,10369.87804911131,65.51302178809243,0.015264141027274582,0.01526414097068312,geom2,84
mixture,0.002,5174.577391637182,10355.154783274364,10369.87804911131,65.51302134307923,0.015264141392849878,0.015264141073900402,geom2,84
mixture,0.005250000000000003,5174.577391637182,10355.154783274364,10369.87804911131,65.51302083830132,0.015264141342910122,0.015264141191352852,geom2,84
mixture,0.004000000000000002,5174.577391637182,10355.154783274364,10369.87804911131,65.51302180152697,0.015264141101249034,0.015264140967186476,geom2,84
mixture,0.0022500000000000003,5174.577391637184,10355.154783274367,10369.878049111314,65.51302171374655,0.015264141077212145,0.015264140987974252,geom2,84
mixture,0.006250000000000004,5174.577391637184,10355.154783274367,10369.878049111314,65.51302094885942,0.015264141303037802,0.015264141165529726,geom2,84
mixture,0.008500000000000006,5174.577391637184,10355.154783274367,10369.878049111314,65.5130207992815,0.015264141436444301,0.015264141199223535,geom2,84
mixture,0.005500000000000003,5174.577391637184,10355.154783274367,10369.878049111314,65.51302100392226,0.015264141291992373,0.015264141152794251,geom2,84
mixture,0.0025000000000000005,5174.5773916371845,10355.154783274369,10369.878049111316,65.51302125224615,0.015264141177098971,0.015264141095497862,geom2,84
mixture,0.0037500000000000016,5174.5773916371845,10355.154783274369,10369.878049111316,65.51302098731031,0.015264141257747716,0.01526414115705272,geom2,84
mixture,0.0070000000000000045,5174.577391637187,10355.154783274374,10369.878049111321,65.51302209428214,0.015264141277445725,0.01526414089684835,geom2,84
mixture,0.007750000000000005,5174.577391637187,10355.154783274374,10369.878049111321,65.51302204613624,0.015264141241499747,0.01526414090814675,geom2,84
mixture,0.0035000000000000014,5174.577391637187,10355.154783274374,10369.878049111321,65.51302178560533,0.01526414108789736,0.015264140971023316,geom2,84
null,,5174.577391637185,10351.15478327437,10356.062538553353,65.51302172366528,0.015264140985864033,,geom2,84
sum,,5172.1087803983055,10346.217560796611,10351.125316075593,97.98019830695907,0.020412287733224045,,geom2,84
mixture,0.5,5147.558917883971,10301.117835767942,10315.841101604889,63.780011708222744,0.015678893327501168,0.015678893327501168,geom2,85
mixture,0.45,5147.558917883973,10301.117835767946,10315.841101604892,63.780011868423585,0.015678894019140317,0.015678892690011364,geom2,85
mixture,0.4,5147.558917883974,10301.117835767947,10315.841101604894,63.78001195219255,0.01567889435991951,0.0156788925392648,geom2,85
mixture,0.3,5147.558917883976,10301.117835767953,10315.8411016049,63.78001336914218,0.01567889519956123,0.015678891941904218,geom2,85
mixture,0.35000000000000003,5147.558917883976,10301.117835767953,10315.8411016049,63.78001264677799,0.01567889407414389,0.015678892570504567,geom2,85
mixture,0.25,5147.558917883981,10301.117835767962,10315.841101604909,63.78001433261913,0.015678895191031557,0.015678891846125496,geom2,85
mixture,0.15000000000000002,5147.558917883984,10301.117835767967,10315.841101604914,63.7800159864918,0.015678895061822164,0.015678891784130563,geom2,85
mixture,0.2,5147.558917883984,10301.117835767967,10315.841101604914,63.780014879766725,0.0156788951985407,0.015678891885174788,geom2,85
mixture,0.1,5147.558917883989,10301.117835767978,10315.841101604925,63.780017366845975,0.01567889443720039,0.01567889165859443,geom2,85
mixture,0.05,5147.558917883994,10301.117835767987,10315.841101604934,63.780018393972895,0.01567889275803926,0.015678891627428238,geom2,85
mixture,0.005250000000000003,5147.558917884,10301.117835768,10315.841101604947,63.7800197736117,0.015678891504807523,0.015678891343960992,geom2,85
mixture,0.009500000000000007,5147.558917884001,10301.117835768002,10315.841101604949,63.78002000592305,0.015678891621905514,0.015678891284491455,geom2,85
mixture,0.006000000000000004,5147.558917884002,10301.117835768004,10315.84110160495,63.780020133604125,0.015678891452177504,0.01567889125512705,geom2,85
mixture,0.008250000000000006,5147.558917884002,10301.117835768004,10315.84110160495,63.78001965800761,0.015678891534647254,0.015678891371881297,geom2,85
mixture,0.004500000000000002,5147.558917884004,10301.117835768007,10315.841101604954,63.780020512552184,0.015678891224370353,0.015678891162876726,geom2,85
mixture,0.002,5147.558917884004,10301.117835768007,10315.841101604954,63.78002026362385,0.0156788915108868,0.01567889122377268,geom2,85
mixture,0.006500000000000004,5147.558917884004,10301.117835768007,10315.841101604954,63.780020063403356,0.01567889165689137,0.015678891271058728,geom2,85
mixture,0.0070000000000000045,5147.558917884004,10301.117835768007,10315.841101604954,63.78001959653535,0.015678891602376187,0.015678891386826852,geom2,85
mixture,0.009250000000000006,5147.558917884004,10301.117835768007,10315.841101604954,63.780020207798046,0.015678891423739186,0.015678891236336964,geom2,85
mixture,0.008750000000000006,5147.558917884004,10301.117835768007,10315.841101604954,63.78001998487295,0.015678891417244815,0.01567889129177371,geom2,85
mixture,0.004250000000000002,5147.558917884004,10301.117835768007,10315.841101604954,63.78002039062101,0.015678891372157736,0.015678891192363372,geom2,85
mixture,0.005750000000000003,5147.558917884004,10301.117835768007,10315.841101604954,63.78002002243793,0.015678891407453995,0.015678891282921006,geom2,85
mixture,0.0037500000000000016,5147.558917884004,10301.117835768007,10315.841101604954,63.78002052385085,0.015678891211273797,0.015678891160184335,geom2,85
mixture,0.0027500000000000007,5147.558917884004,10301.117835768007,10315.841101604954,63.78001987262904,0.015678891387191432,0.01567889132028023,geom2,85
mixture,0.003250000000000001,5147.558917884004,10301.117835768007,10315.841101604954,63.78002014384542,0.015678891319507768,0.015678891253577482,geom2,85
mixture,0.008000000000000005,5147.558917884005,10301.11783576801,10315.841101604956,63.780019791112096,0.015678891528708327,0.015678891338985573,geom2,85
mixture,0.008500000000000006,5147.558917884005,10301.11783576801,10315.841101604956,63.78002038310029,0.015678891410914927,0.015678891193125086,geom2,85
mixture,0.007750000000000005,5147.558917884005,10301.11783576801,10315.841101604956,63.780020017993,0.015678891405266928,0.0156788912837883,geom2,85
mixture,0.003000000000000001,5147.558917884005,10301.11783576801,10315.841101604956,63.7800203229566,0.015678891206201966,0.01567889120977199,geom2,85
mixture,0.0035000000000000014,5147.558917884005,10301.11783576801,10315.841101604956,63.780019832785996,0.015678891410288005,0.015678891329977674,geom2,85
mixture,0.007500000000000005,5147.558917884005,10301.11783576801,10315.841101604956,63.78001960449882,0.015678891575223466,0.015678891384951012,geom2,85
mixture,0.004000000000000002,5147.558917884005,10301.11783576801,10315.841101604956,63.78002059170347,0.01567889125870306,0.015678891143233998,geom2,85
mixture,0.006250000000000004,5147.558917884005,10301.11783576801,10315.841101604956,63.780020510665054,0.01567889131043353,0.015678891162693984,geom2,85
mixture,0.0025000000000000005,5147.5589178840055,10301.117835768011,10315.841101604958,63.78002005275845,0.015678891299865005,0.0156788912761241,geom2,85
mixture,0.010000000000000007,5147.5589178840055,10301.117835768011,10315.841101604958,63.780019917823516,0.015678891701829737,0.015678891305389787,geom2,85
mixture,0.009750000000000007,5147.5589178840055,10301.117835768011,10315.841101604958,63.780019918740976,0.01567889174385571,0.015678891304848327,geom2,85
mixture,0.006750000000000004,5147.5589178840055,10301.117835768011,10315.841101604958,63.78002021067501,0.01567889163435852,0.015678891234665267,geom2,85
mixture,0.0047500000000000025,5147.5589178840055,10301.117835768011,10315.841101604958,63.78002081589085,0.015678891244124176,0.01567889108784208,geom2,85
mixture,0.005000000000000003,5147.558917884006,10301.117835768013,10315.84110160496,63.78002048765917,0.015678891182977658,0.015678891169203967,geom2,85
mixture,0.007250000000000005,5147.558917884007,10301.117835768015,10315.841101604961,63.78002081307464,0.015678891285149175,0.01567889108784628,geom2,85
mixture,0.009000000000000006,5147.558917884007,10301.117835768015,10315.841101604961,63.78002046223462,0.015678891395494013,0.015678891173525174,geom2,85
mixture,0.0022500000000000003,5147.558917884008,10301.117835768016,10315.841101604963,63.78002095857266,0.015678891092348136,0.01567889105342171,geom2,85
mixture,0.005500000000000003,5147.558917884009,10301.117835768018,10315.841101604965,63.78002092807208,0.01567889129610444,0.015678891059706993,geom2,85
null,,5147.558917884006,10297.117835768013,10302.025591046995,63.7800198688285,0.015678891321398516,,geom2,85
sum,,5143.317698611462,10288.635397222924,10293.543152501907,95.27820335115662,0.02099115988395389,,geom2,85
mixture,0.5,5236.86209242362,10479.72418484724,10494.447450684187,69.69101508853525,0.014349052008061627,0.014349052008061627,geom2,86
mixture,0.4,5236.862092423622,10479.724184847244,10494.44745068419,69.69101411023156,0.014349053479102826,0.014349051363081169,geom2,86
mixture,0.45,5236.862092423622,10479.724184847244,10494.44745068419,69.69101430592687,0.014349052949766534,0.014349051530549285,geom2,86
mixture,0.35000000000000003,5236.862092423623,10479.724184847246,10494.447450684193,69.69101515980455,0.01434905406248243,0.014349050879259884,geom2,86
mixture,0.3,5236.8620924236275,10479.724184847255,10494.447450684202,69.6910161231767,0.01434905431009159,0.0143490507171522,geom2,86
mixture,0.25,5236.862092423629,10479.724184847259,10494.447450684205,69.69101662509395,0.01434905440846073,0.014349050786101894,geom2,86
mixture,0.15000000000000002,5236.862092423634,10479.724184847268,10494.447450684214,69.6910191895587,0.014349053760325473,0.014349050705448839,geom2,86
mixture,0.2,5236.862092423635,10479.72418484727,10494.447450684216,69.69101820586175,0.01434905419735367,0.014349050658435263,geom2,86
mixture,0.1,5236.862092423643,10479.724184847286,10494.447450684233,69.69102067254391,0.014349052930843325,0.014349050628062578,geom2,86
mixture,0.05,5236.862092423653,10479.724184847306,10494.447450684253,69.6910231923969,0.014349052145941196,0.014349050244439792,geom2,86
mixture,0.009000000000000006,5236.862092423655,10479.72418484731,10494.447450684256,69.69102401754212,0.014349050364365309,0.014349050167852762,geom2,86
mixture,0.007250000000000005,5236.862092423656,10479.724184847311,10494.447450684258,69.69102401206797,0.014349050395112568,0.014349050169109959,geom2,86
mixture,0.006750000000000004,5236.862092423657,10479.724184847313,10494.44745068426,69.69102415379241,0.014349050343767286,0.014349050140193968,geom2,86
mixture,0.010000000000000007,5236.862092423657,10479.724184847313,10494.44745068426,69.6910239220264,0.014349050510464605,0.014349050186043393,geom2,86
mixture,0.0027500000000000007,5236.8620924236575,10479.724184847315,10494.447450684262,69.69102435312439,0.014349050088161308,0.01434905010056068,geom2,86
mixture,0.0022500000000000003,5236.8620924236575,10479.724184847315,10494.447450684262,69.69102439229682,0.014349050133225794,0.014349050092369238,geom2,86
mixture,0.004000000000000002,5236.862092423658,10479.724184847317,10494.447450684263,69.69102428077804,0.014349050209004089,0.014349050115046521,geom2,86
mixture,0.0070000000000000045,5236.862092423658,10479.724184847317,10494.447450684263,69.69102482419345,0.014349050154643292,0.014349050002470496,geom2,86
mixture,0.009250000000000006,5236.862092423659,10479.724184847319,10494.447450684265,69.6910239437593,0.014349050423259584,0.01434905018258668,geom2,86
mixture,0.004250000000000002,5236.862092423659,10479.724184847319,10494.447450684265,69.6910249342876,0.014349050074631654,0.014349049980467649,geom2,86
mixture,0.005000000000000003,5236.86209242366,10479.72418484732,10494.447450684267,69.69102509076727,0.014349050300817703,0.014349049946879739,geom2,86
mixture,0.006000000000000004,5236.86209242366,10479.72418484732,10494.447450684267,69.69102497135576,0.0143490500801766,0.014349049972590169,geom2,86
mixture,0.008250000000000006,5236.86209242366,10479.72418484732,10494.447450684267,69.6910239765162,0.014349050400072397,0.014349050176221647,geom2,86
mixture,0.007750000000000005,5236.86209242366,10479.72418484732,10494.447450684267,69.69102395093893,0.014349050384900692,0.014349050181760317,geom2,86
mixture,0.005750000000000003,5236.86209242366,10479.72418484732,10494.447450684267,69.69102502757295,0.014349050305278698,0.014349049959673605,geom2,86
mixture,0.004500000000000002,5236.86209242366,10479.72418484732,10494.447450684267,69.69102424973637,0.014349050236620408,0.014349050121294716,geom2,86
mixture,0.009500000000000007,5236.86209242366,10479.72418484732,10494.447450684267,69.69102453996672,0.01434905036258714,0.014349050059174213,geom2,86
mixture,0.008500000000000006,5236.862092423661,10479.724184847322,10494.447450684269,69.69102423931588,0.01434905035031631,0.014349050122018682,geom2,86
mixture,0.009750000000000007,5236.862092423662,10479.724184847324,10494.44745068427,69.69102474805429,0.014349050488864853,0.0143490500145882,geom2,86
mixture,0.003250000000000001,5236.862092423662,10479.724184847324,10494.44745068427,69.6910241291471,0.014349050266610534,0.014349050146251274,geom2,86
mixture,0.007500000000000005,5236.862092423662,10479.724184847324,10494.44745068427,69.69102405372261,0.014349050376027522,0.014349050160555946,geom2,86
mixture,0.008000000000000005,5236.862092423662,10479.724184847324,10494.44745068427,69.69102506382048,0.014349050084790083,0.01434904995314448,geom2,86
mixture,0.003000000000000001,5236.862092423662,10479.724184847324,10494.44745068427,69.6910251904039,0.014349049977911378,0.01434904992798494,geom2,86
mixture,0.0035000000000000014,5236.862092423662,10479.724184847324,10494.44745068427,69.69102522376333,0.014349050262066168,0.014349049920069183,geom2,86
mixture,0.005500000000000003,5236.862092423664,10479.724184847328,10494.447450684274,69.69102495584448,0.014349050141547916,0.014349049975516212,geom2,86
mixture,0.0047500000000000025,5236.862092423664,10479.724184847328,10494.447450684274,69.69102487676498,0.014349050139872038,0.014349049992009127,geom2,86
mixture,0.008750000000000006,5236.862092423664,10479.724184847328,10494.447450684274,69.69102473314601,0.014349050238465185,0.014349050020373639,geom2,86
mixture,0.006250000000000004,5236.862092423664,10479.724184847328,10494.447450684274,69.69102496889147,0.014349050113940207,0.014349049972861332,geom2,86
mixture,0.006500000000000004,5236.862092423664,10479.724184847328,10494.447450684274,69.69102481084109,0.014349050215378176,0.014349050004916897,geom2,86
mixture,0.002,5236.862092423665,10479.72418484733,10494.447450684276,69.6910250380261,0.014349049964390606,0.014349049959498799,geom2,86
mixture,0.0037500000000000016,5236.862092423666,10479.724184847331,10494.447450684278,69.69102508341366,0.014349049946099148,0.014349049950178798,geom2,86
mixture,0.005250000000000003,5236.862092423666,10479.724184847331,10494.447450684278,69.69102478609749,0.014349050193170667,0.01434905001042004,geom2,86
mixture,0.0025000000000000005,5236.8620924236675,10479.724184847335,10494.447450684282,69.6910258300875,0.014349049809933435,0.014349049796393069,geom2,86
null,,5236.862092423667,10475.724184847333,10480.631940126315,69.69102510431448,0.014349049945860122,,geom2,86
sum,,5234.8139763026065,10471.627952605213,10476.535707884195,104.21509659681713,0.019191077543568507,,geom2,86
mixture,0.45,5250.841147092242,10507.682294184484,10522.40556002143,70.66501598667858,0.014151274927683857,0.014151273152428165,geom2,87
mixture,0.35000000000000003,5250.841147092243,10507.682294184486,10522.405560021432,70.66501642549626,0.014151275720241514,0.014151272863587349,geom2,87
mixture,0.3,5250.841147092244,10507.682294184488,10522.405560021434,70.66501751843542,0.014151275830825033,0.014151272707569143,geom2,87
mixture,0.4,5250.841147092244,10507.682294184488,10522.405560021434,70.66501543991504,0.01415127525667443,0.014151273263529239,geom2,87
mixture,0.5,5250.841147092244,10507.682294184488,10522.405560021434,70.66501601460165,0.014151273945701336,0.014151273945701336,geom2,87
mixture,0.25,5250.841147092248,10507.682294184497,10522.405560021443,70.66501838708697,0.014151275902260167,0.014151272660034625,geom2,87
mixture,0.2,5250.841147092257,10507.682294184515,10522.405560021461,70.66501955846988,0.014151275734360569,0.014151272611424303,geom2,87
mixture,0.1,5250.841147092259,10507.682294184518,10522.405560021465,70.66502165967131,0.01415127468951509,0.014151272606973839,geom2,87
mixture,0.15000000000000002,5250.841147092259,10507.682294184518,10522.405560021465,70.66502098447225,0.014151275280425089,0.01415127253926895,geom2,87
mixture,0.009750000000000007,5250.841147092274,10507.682294184548,10522.405560021494,70.66502495491993,0.014151272339055544,0.014151272153517351,geom2,87
mixture,0.006750000000000004,5250.841147092274,10507.682294184548,10522.405560021494,70.66502496937218,0.014151272307883664,0.014151272151375733,geom2,87
mixture,0.0025000000000000005,5250.841147092275,10507.68229418455,10522.405560021496,70.66502517775827,0.014151272195542169,0.014151272110488444,geom2,87
mixture,0.05,5250.841147092275,10507.68229418455,10522.405560021496,70.66502504452906,0.01415127416287961,0.014151272030776204,geom2,87
mixture,0.009500000000000007,5250.841147092275,10507.68229418455,10522.405560021496,70.66502473657573,0.01415127242461864,0.014151272196888194,geom2,87
mixture,0.007750000000000005,5250.841147092276,10507.682294184551,10522.405560021498,70.66502499616854,0.01415127229839595,0.014151272145883995,geom2,87
mixture,0.0037500000000000016,5250.841147092276,10507.682294184551,10522.405560021498,70.66502513878628,0.014151272224624853,0.014151272118106102,geom2,87
mixture,0.008500000000000006,5250.841147092276,10507.682294184551,10522.405560021498,70.66502503876924,0.01415127232417232,0.014151272136943366,geom2,87
mixture,0.009000000000000006,5250.8411470922765,10507.682294184553,10522.4055600215,70.66502495795883,0.014151272357610555,0.014151272152875163,geom2,87
mixture,0.007500000000000005,5250.8411470922765,10507.682294184553,10522.4055600215,70.66502487647256,0.014151272366501516,0.014151272169559035,geom2,87
mixture,0.006500000000000004,5250.841147092277,10507.682294184555,10522.405560021502,70.66502512262902,0.014151272328105443,0.014151272120391037,geom2,87
mixture,0.008750000000000006,5250.841147092277,10507.682294184555,10522.405560021502,70.66502561058498,0.0141512722923123,0.014151272021655602,geom2,87
mixture,0.006250000000000004,5250.841147092278,10507.682294184557,10522.405560021503,70.66502573551507,0.014151272144998136,0.014151271998087344,geom2,87
mixture,0.009250000000000006,5250.841147092278,10507.682294184557,10522.405560021503,70.66502568183363,0.014151272249060622,0.014151272007521466,geom2,87
mixture,0.005000000000000003,5250.841147092278,10507.682294184557,10522.405560021503,70.66502497739842,0.014151272233929826,0.01415127215040723,geom2,87
mixture,0.008250000000000006,5250.84114709228,10507.68229418456,10522.405560021507,70.6650249315683,0.014151272409213144,0.014151272157929624,geom2,87
mixture,0.003000000000000001,5250.84114709228,10507.68229418456,10522.405560021507,70.6650261530341,0.014151272141851957,0.01415127191471238,geom2,87
mixture,0.0035000000000000014,5250.841147092281,10507.682294184562,10522.405560021509,70.6650249545103,0.014151272266036194,0.014151272155019825,geom2,87
mixture,0.005250000000000003,5250.841147092281,10507.682294184562,10522.405560021509,70.66502591977022,0.014151272077806776,0.014151271961496247,geom2,87
mixture,0.0047500000000000025,5250.841147092282,10507.682294184564,10522.40556002151,70.66502589107617,0.014151272103158264,0.014151271967207339,geom2,87
mixture,0.004000000000000002,5250.841147092282,10507.682294184564,10522.40556002151,70.66502592123169,0.01415127204936523,0.014151271961462595,geom2,87
mixture,0.0027500000000000007,5250.841147092282,10507.682294184564,10522.40556002151,70.66502618558212,0.01415127198101497,0.014151271908676854,geom2,87
mixture,0.002,5250.841147092282,10507.682294184564,10522.40556002151,70.66502588606917,0.014151272004417377,0.014151271968784532,geom2,87
mixture,0.005750000000000003,5250.841147092282,10507.682294184564,10522.40556002151,70.66502523354929,0.014151272150554735,0.014151272099233354,geom2,87
mixture,0.003250000000000001,5250.841147092282,10507.682294184564,10522.40556002151,70.66502609578335,0.01415127223446427,0.014151271925855772,geom2,87
mixture,0.010000000000000007,5250.841147092283,10507.682294184566,10522.405560021512,70.66502597862554,0.014151272411212638,0.014151271945665124,geom2,87
mixture,0.006000000000000004,5250.841147092283,10507.682294184566,10522.405560021512,70.66502575014638,0.014151272107303499,0.014151271995404094,geom2,87
mixture,0.0070000000000000045,5250.841147092283,10507.682294184566,10522.405560021512,70.66502586690558,0.014151272117663281,0.014151271971671528,geom2,87
mixture,0.0022500000000000003,5250.841147092283,10507.682294184566,10522.405560021512,70.6650259026559,0.01415127208923285,0.014151271965255218,geom2,87
mixture,0.004250000000000002,5250.841147092284,10507.682294184568,10522.405560021514,70.66502591710706,0.014151272042419763,0.014151271962299688,geom2,87
mixture,0.005500000000000003,5250.841147092284,10507.682294184568,10522.405560021514,70.66502683662674,0.014151272161890556,0.014151271776378252,geom2,87
mixture,0.008000000000000005,5250.841147092284,10507.682294184568,10522.405560021514,70.66502570900239,0.014151272182082914,0.014151272002881311,geom2,87
mixture,0.007250000000000005,5250.841147092284,10507.682294184568,10522.405560021514,70.66502571772439,0.014151272176275967,0.014151272001299694,geom2,87
mixture,0.004500000000000002,5250.841147092284,10507.682294184568,10522.405560021514,70.6650269071876,0.014151272057050758,0.014151271763045134,geom2,87
null,,5250.841147092278,10503.682294184557,10508.590049463539,70.6650258832493,0.014151271969420502,,geom2,87
sum,,5244.978261624685,10491.95652324937,10496.864278528352,105.28748859816926,0.01899560932289894,,geom2,87
mixture,0.4,5213.110570975217,10432.221141950435,10446.944407787381,68.06701439770856,0.014691404994653875,0.014691403151037705,geom2,88
mixture,0.5,5213.110570975217,10432.221141950435,10446.944407787381,68.06701411691999,0.014691403949088779,0.014691403949088779,geom2,88
mixture,0.45,5213.110570975219,10432.221141950438,10446.944407787385,68.06701458443385,0.014691404340620554,0.014691403445277442,geom2,88
mixture,0.35000000000000003,5213.110570975221,10432.221141950442,10446.944407787389,68.06701531715264,0.014691405546775217,0.014691402690250077,geom2,88
mixture,0.3,5213.110570975224,10432.221141950447,10446.944407787394,68.06701512592807,0.014691405921455764,0.014691402792672231,geom2,88
mixture,0.25,5213.110570975226,10432.221141950453,10446.9444077874,68.06701616291869,0.014691406187576913,0.014691402614122386,geom2,88
mixture,0.2,5213.110570975228,10432.221141950457,10446.944407787403,68.06701768022478,0.014691405795952347,0.014691402526005254,geom2,88
mixture,0.15000000000000002,5213.110570975234,10432.221141950467,10446.944407787414,68.06701821318644,0.014691405387005132,0.014691402655189213,geom2,88
mixture,0.1,5213.11057097524,10432.22114195048,10446.944407787427,68.0670194685741,0.014691404730466288,0.014691402578839366,geom2,88
mixture,0.05,5213.110570975248,10432.221141950497,10446.944407787443,68.06702193464825,0.014691403992491147,0.014691402170638605,geom2,88
mixture,0.0037500000000000016,5213.11057097525,10432.2211419505,10446.944407787447,68.06702274065516,0.014691402274748896,0.01469140208706104,geom2,88
mixture,0.005000000000000003,5213.110570975251,10432.221141950502,10446.944407787449,68.0670227942578,0.014691402227850963,0.014691402075433334,geom2,88
mixture,0.008000000000000005,5213.110570975252,10432.221141950504,10446.94440778745,68.06702278517481,0.014691402286551223,0.01469140207647526,geom2,88
mixture,0.007250000000000005,5213.110570975252,10432.221141950504,10446.94440778745,68.06702290552674,0.014691402214140094,0.014691402050996645,geom2,88
mixture,0.007750000000000005,5213.110570975253,10432.221141950506,10446.944407787452,68.06702294976417,0.014691402143342362,0.01469140204184474,geom2,88
mixture,0.008750000000000006,5213.110570975253,10432.221141950506,10446.944407787452,68.06702275862874,0.014691402256264396,0.01469140208236387,geom2,88
mixture,0.004500000000000002,5213.110570975253,10432.221141950506,10446.944407787452,68.06702305576206,0.014691402066189421,0.01469140201954314,geom2,88
mixture,0.006250000000000004,5213.110570975254,10432.221141950507,10446.944407787454,68.06702298494841,0.014691402142700233,0.014691402034360151,geom2,88
mixture,0.0025000000000000005,5213.110570975254,10432.221141950507,10446.944407787454,68.06702320079175,0.014691402021367102,0.014691401988367736,geom2,88
mixture,0.0022500000000000003,5213.110570975254,10432.221141950507,10446.944407787454,68.067023019048,0.014691402031576024,0.014691402027668523,geom2,88
mixture,0.009000000000000006,5213.110570975254,10432.221141950507,10446.944407787454,68.0670235534134,0.014691402087837077,0.014691401910747524,geom2,88
mixture,0.010000000000000007,5213.110570975254,10432.221141950507,10446.944407787454,68.06702339026914,0.014691402216398896,0.01469140194483834,geom2,88
mixture,0.0047500000000000025,5213.110570975255,10432.22114195051,10446.944407787456,68.0670229513621,0.014691402202141499,0.014691402041523515,geom2,88
mixture,0.009750000000000007,5213.110570975255,10432.22114195051,10446.944407787456,68.06702341396759,0.014691402483704097,0.01469140193710964,geom2,88
mixture,0.005750000000000003,5213.110570975255,10432.22114195051,10446.944407787456,68.06702369994545,0.014691402004023963,0.01469140188000112,geom2,88
mixture,0.008500000000000006,5213.1105709752555,10432.221141950511,10446.944407787458,68.06702332235746,0.01469140240034341,0.014691401958455775,geom2,88
mixture,0.009500000000000007,5213.1105709752555,10432.221141950511,10446.944407787458,68.06702276159095,0.014691402280634995,0.014691402081352967,geom2,88
mixture,0.0070000000000000045,5213.1105709752555,10432.221141950511,10446.944407787458,68.06702266097136,0.01469140230980901,0.014691402103519576,geom2,88
mixture,0.0027500000000000007,5213.1105709752555,10432.221141950511,10446.944407787458,68.06702271843974,0.01469140223149774,0.014691402092176651,geom2,88
mixture,0.008250000000000006,5213.1105709752555,10432.221141950511,10446.944407787458,68.06702264100633,0.014691402302226172,0.014691402107667693,geom2,88
mixture,0.004250000000000002,5213.1105709752555,10432.221141950511,10446.944407787458,68.06702338894716,0.0146914022431831,0.014691401946578708,geom2,88
mixture,0.002,5213.1105709752555,10432.221141950511,10446.944407787458,68.06702380088215,0.014691401902716197,0.014691401858840592,geom2,88
mixture,0.0035000000000000014,5213.1105709752555,10432.221141950511,10446.944407787458,68.06702277339012,0.014691402272301915,0.01469140208002648,geom2,88
mixture,0.006750000000000004,5213.1105709752555,10432.221141950511,10446.944407787458,68.06702291633329,0.014691402182292892,0.014691402048946891,geom2,88
mixture,0.005250000000000003,5213.110570975256,10432.221141950513,10446.94440778746,68.0670236274068,0.014691402010768854,0.014691401895767037,geom2,88
mixture,0.009250000000000006,5213.110570975257,10432.221141950515,10446.944407787461,68.06702401910819,0.014691402279867673,0.014691401807457233,geom2,88
mixture,0.003000000000000001,5213.110570975257,10432.221141950515,10446.944407787461,68.0670238569171,0.014691401938655044,0.014691401846557624,geom2,88
mixture,0.003250000000000001,5213.110570975257,10432.221141950515,10446.944407787461,68.06702300703347,0.014691402124660137,0.014691402029962731,geom2,88
mixture,0.004000000000000002,5213.110570975257,10432.221141950515,10446.944407787461,68.06702372814021,0.014691401944861973,0.014691401874346708,geom2,88
mixture,0.005500000000000003,5213.110570975257,10432.221141950515,10446.944407787461,68.06702278008704,0.01469140217134469,0.014691402078744698,geom2,88
mixture,0.007500000000000005,5213.110570975258,10432.221141950517,10446.944407787463,68.06702328940526,0.014691402355281057,0.014691401966407582,geom2,88
mixture,0.006000000000000004,5213.110570975259,10432.221141950518,10446.944407787465,68.06702364269046,0.01469140205172432,0.014691401892114353,geom2,88
mixture,0.006500000000000004,5213.110570975261,10432.221141950522,10446.944407787469,68.06702350319343,0.014691402141335767,0.01469140192175339,geom2,88
null,,5213.110570975252,10428.221141950504,10433.128897229486,68.06702300164133,0.014691402031434318,,geom2,88
sum,,5208.660867008584,10419.321734017169,10424.22948929615,101.58881268010458,0.019687207156341587,,geom2,88
mixture,0.45,5182.513610078144,10371.027220156288,10385.750485993234,66.03101325326196,0.015144399313462497,0.015144398438393453,geom2,89
mixture,0.5,5182.513610078147,10371.027220156295,10385.750485993241,66.03101405494225,0.01514439864830688,0.01514439864830688,geom2,89
mixture,0.4,5182.513610078149,10371.027220156298,10385.750485993245,66.03101392708636,0.015144399760493001,0.015144397955723064,geom2,89
mixture,0.35000000000000003,5182.513610078149,10371.027220156298,10385.750485993245,66.03101391856,0.015144400157879614,0.015144397883582681,geom2,89
mixture,0.3,5182.513610078151,10371.027220156302,10385.750485993249,66.03101486474688,0.015144400569775635,0.015144397559490501,geom2,89
mixture,0.2,5182.513610078157,10371.027220156315,10385.750485993261,66.03101653397411,0.015144400940620641,0.015144397364512481,geom2,89
mixture,0.25,5182.513610078158,10371.027220156317,10385.750485993263,66.03101573704402,0.015144400761837819,0.01514439742940374,geom2,89
mixture,0.15000000000000002,5182.513610078163,10371.027220156326,10385.750485993272,66.03101796004769,0.01514440006658126,0.015144397344321056,geom2,89
mixture,0.1,5182.513610078164,10371.027220156328,10385.750485993274,66.03101851441694,0.015144399471093622,0.015144397420449509,geom2,89
mixture,0.05,5182.513610078171,10371.027220156342,10385.750485993289,66.03102025570684,0.015144398677488057,0.015144397149757719,geom2,89
mixture,0.003000000000000001,5182.5136100781765,10371.027220156353,10385.7504859933,66.03102132516491,0.015144397064767097,0.015144396980608585,geom2,89
mixture,0.006000000000000004,5182.5136100781765,10371.027220156353,10385.7504859933,66.03102144085128,0.01514439712475746,0.015144396953299326,geom2,89
mixture,0.008500000000000006,5182.5136100781765,10371.027220156353,10385.7504859933,66.03102135198328,0.015144397105121846,0.015144396973592196,geom2,89
mixture,0.002,5182.513610078177,10371.027220156355,10385.750485993301,66.03102146418686,0.015144397087919361,0.015144396948697552,geom2,89
mixture,0.006250000000000004,5182.513610078178,10371.027220156357,10385.750485993303,66.0310218117436,0.015144396985087629,0.015144396868534443,geom2,89
mixture,0.007500000000000005,5182.513610078178,10371.027220156357,10385.750485993303,66.0310216308651,0.015144397290564106,0.015144396907877737,geom2,89
mixture,0.0025000000000000005,5182.513610078178,10371.027220156357,10385.750485993303,66.03102202385739,0.015144396843558821,0.015144396820556514,geom2,89
mixture,0.008750000000000006,5182.513610078178,10371.027220156357,10385.750485993303,66.03102190338547,0.015144397063554546,0.015144396846343992,geom2,89
mixture,0.005500000000000003,5182.513610078179,10371.027220156358,10385.750485993305,66.03102136281655,0.015144397136113213,0.015144396971319191,geom2,89
mixture,0.0047500000000000025,5182.513610078179,10371.027220156358,10385.750485993305,66.0310214843703,0.015144397042487465,0.015144396943878478,geom2,89
mixture,0.007750000000000005,5182.513610078179,10371.027220156358,10385.750485993305,66.03102134276031,0.015144397165387432,0.01514439697535274,geom2,89
mixture,0.010000000000000007,5182.513610078179,10371.027220156358,10385.750485993305,66.0310219166187,0.015144397128470212,0.015144396842348288,geom2,89
mixture,0.0037500000000000016,5182.513610078179,10371.027220156358,10385.750485993305,66.03102151818257,0.015144397051580768,0.0151443969361591,geom2,89
mixture,0.008250000000000006,5182.51361007818,10371.02722015636,10385.750485993307,66.03102197000662,0.015144396965312784,0.015144396831863886,geom2,89
mixture,0.009000000000000006,5182.51361007818,10371.02722015636,10385.750485993307,66.03102180259951,0.015144397165752171,0.01514439686868653,geom2,89
mixture,0.009500000000000007,5182.51361007818,10371.02722015636,10385.750485993307,66.03102190689916,0.015144397088043283,0.015144396845131046,geom2,89
mixture,0.0027500000000000007,5182.51361007818,10371.02722015636,10385.750485993307,66.03102229501195,0.015144396797875034,0.015144396758315184,geom2,89
mixture,0.004500000000000002,5182.51361007818,10371.02722015636,10385.750485993307,66.03102214799401,0.015144396898722455,0.015144396791661168,geom2,89
mixture,0.008000000000000005,5182.51361007818,10371.02722015636,10385.750485993307,66.03102161022476,0.015144397392150065,0.015144396911637702,geom2,89
mixture,0.004250000000000002,5182.513610078181,10371.027220156362,10385.750485993309,66.0310221389311,0.015144396946285424,0.015144396793572512,geom2,89
mixture,0.005250000000000003,5182.513610078181,10371.027220156362,10385.750485993309,66.03102151814122,0.015144396981034784,0.015144396936366909,geom2,89
mixture,0.005750000000000003,5182.513610078181,10371.027220156362,10385.750485993309,66.03102207382398,0.015144397066799245,0.015144396807664015,geom2,89
mixture,0.0022500000000000003,5182.513610078181,10371.027220156362,10385.750485993309,66.0310221698889,0.015144396832878382,0.015144396787018101,geom2,89
mixture,0.0035000000000000014,5182.513610078182,10371.027220156364,10385.75048599331,66.03102224577316,0.015144396844093978,0.015144396769455792,geom2,89
mixture,0.005000000000000003,5182.513610078182,10371.027220156364,10385.75048599331,66.03102184159957,0.015144397057313318,0.015144396861435963,geom2,89
mixture,0.009250000000000006,5182.513610078182,10371.027220156364,10385.75048599331,66.0310217625621,0.015144397253601298,0.015144396877059802,geom2,89
mixture,0.007250000000000005,5182.513610078182,10371.027220156364,10385.75048599331,66.03102182605639,0.015144396916239491,0.015144396865613183,geom2,89
mixture,0.006500000000000004,5182.513610078182,10371.027220156364,10385.75048599331,66.03102198907415,0.01514439698914995,0.015144396827541194,geom2,89
mixture,0.0070000000000000045,5182.513610078182,10371.027220156364,10385.75048599331,66.03102262394673,0.015144396845968185,0.015144396681832926,geom2,89
mixture,0.004000000000000002,5182.513610078183,10371.027220156366,10385.750485993312,66.03102209465617,0.015144396917569627,0.015144396803921531,geom2,89
mixture,0.009750000000000007,5182.513610078184,10371.027220156368,10385.750485993314,66.03102186782785,0.015144397100135695,0.015144396853999998,geom2,89
mixture,0.006750000000000004,5182.513610078184,10371.027220156368,10385.750485993314,66.03102190077038,0.015144397014222362,0.015144396847720473,geom2,89
mixture,0.003250000000000001,5182.513610078184,10371.027220156368,10385.750485993314,66.03102261246613,0.01514439687333219,0.01514439668500291,geom2,89
null,,5182.513610078186,10367.027220156371,10371.934975435353,66.03102206098,0.015144396812099843,,geom2,89
sum,,5175.983837245009,10353.967674490019,10358.875429769001,98.37267736366213,0.02033084849979675,,geom2,89
mixture,0.5,5134.819826200325,10275.63965240065,10290.362918237597,62.97901066114929,0.015878305954667583,0.015878305954667583,geom2,90
mixture,0.4,5134.819826200328,10275.639652400656,10290.362918237603,62.979011428466094,0.01587830703028205,0.0158783049151641,geom2,90
mixture,0.45,5134.819826200328,10275.639652400656,10290.362918237603,62.97901109684546,0.015878306598290967,0.01587830522834309,geom2,90
mixture,0.3,5134.8198262003325,10275.639652400665,10290.362918237612,62.97901264562675,0.0158783081331781,0.015878304306266734,geom2,90
mixture,0.35000000000000003,5134.8198262003325,10275.639652400665,10290.362918237612,62.97901146592548,0.015878307692790833,0.015878304706600406,geom2,90
mixture,0.25,5134.819826200334,10275.639652400669,10290.362918237615,62.979012868667624,0.015878308155691856,0.015878304478911934,geom2,90
mixture,0.2,5134.819826200339,10275.639652400678,10290.362918237624,62.97901377968,0.01587830806630083,0.015878304443952194,geom2,90
mixture,0.15000000000000002,5134.819826200341,10275.639652400681,10290.362918237628,62.97901477436091,0.015878307630513594,0.015878304438900367,geom2,90
mixture,0.1,5134.819826200345,10275.63965240069,10290.362918237637,62.97901622941276,0.015878306612808743,0.015878304321681042,geom2,90
mixture,0.05,5134.819826200355,10275.63965240071,10290.362918237657,62.97901839788806,0.015878305214113063,0.015878303940390477,geom2,90
mixture,0.0027500000000000007,5134.819826200358,10275.639652400716,10290.362918237663,62.979019032063796,0.01587830384048001,0.0158783038441981,geom2,90
mixture,0.002,5134.819826200359,10275.639652400718,10290.362918237664,62.97901899725814,0.015878303966660377,0.015878303852735247,geom2,90
mixture,0.008000000000000005,5134.819826200359,10275.639652400718,10290.362918237664,62.97901928296616,0.015878303914669385,0.015878303779851697,geom2,90
mixture,0.008250000000000006,5134.819826200359,10275.639652400718,10290.362918237664,62.97901928435506,0.015878304073391736,0.015878303778144278,geom2,90
mixture,0.0025000000000000005,5134.819826200359,10275.639652400718,10290.362918237664,62.979019568415325,0.015878303906353697,0.01587830370846793,geom2,90
mixture,0.0035000000000000014,5134.819826200359,10275.639652400718,10290.362918237664,62.97901962224358,0.015878303905010677,0.015878303694655194,geom2,90
mixture,0.009500000000000007,5134.819826200359,10275.639652400718,10290.362918237664,62.97901910962665,0.015878304081558034,0.01587830382216849,geom2,90
mixture,0.009750000000000007,5134.819826200359,10275.639652400718,10290.362918237664,62.979019023857624,0.01587830413728113,0.015878303843391395,geom2,90
mixture,0.006500000000000004,5134.819826200359,10275.639652400718,10290.362918237664,62.97901928766116,0.015878304018180835,0.01587830377818657,geom2,90
mixture,0.006250000000000004,5134.819826200359,10275.639652400718,10290.362918237664,62.979019582697255,0.015878303938080266,0.015878303703898238,geom2,90
mixture,0.0047500000000000025,5134.81982620036,10275.63965240072,10290.362918237666,62.979019673111175,0.015878303726886995,0.015878303682355144,geom2,90
mixture,0.010000000000000007,5134.81982620036,10275.63965240072,10290.362918237666,62.97901922844143,0.015878304284996207,0.015878303789724324,geom2,90
mixture,0.005500000000000003,5134.819826200361,10275.639652400721,10290.362918237668,62.97902009708062,0.01587830417597563,0.01587830357235536,geom2,90
mixture,0.006750000000000004,5134.819826200361,10275.639652400721,10290.362918237668,62.97901922066942,0.01587830392946488,0.01587830379573384,geom2,90
mixture,0.004000000000000002,5134.819826200361,10275.639652400721,10290.362918237668,62.979019600041426,0.015878303989780428,0.01587830369982925,geom2,90
mixture,0.003000000000000001,5134.819826200361,10275.639652400721,10290.362918237668,62.97901980191431,0.015878303828719357,0.015878303649555264,geom2,90
mixture,0.004500000000000002,5134.819826200361,10275.639652400721,10290.362918237668,62.97901991376524,0.01587830376947833,0.015878303621225706,geom2,90
mixture,0.008500000000000006,5134.819826200362,10275.639652400723,10290.36291823767,62.979020001526706,0.015878304295614064,0.015878303593800963,geom2,90
mixture,0.0037500000000000016,5134.819826200362,10275.639652400723,10290.36291823767,62.97901971330887,0.015878303829037863,0.015878303671842522,geom2,90
mixture,0.007500000000000005,5134.819826200362,10275.639652400723,10290.36291823767,62.979019886004934,0.015878303835741226,0.015878303627328692,geom2,90
mixture,0.005250000000000003,5134.819826200362,10275.639652400723,10290.36291823767,62.97901949443794,0.015878304009028614,0.015878303726128636,geom2,90
mixture,0.0070000000000000045,5134.819826200362,10275.639652400723,10290.36291823767,62.979019502650566,0.015878304243801548,0.01587830372188991,geom2,90
mixture,0.005000000000000003,5134.8198262003625,10275.639652400725,10290.362918237672,62.979019411318475,0.01587830381031802,0.015878303748259694,geom2,90
mixture,0.006000000000000004,5134.8198262003625,10275.639652400725,10290.362918237672,62.979019589222084,0.01587830388000125,0.01587830370265274,geom2,90
mixture,0.003250000000000001,5134.8198262003625,10275.639652400725,10290.362918237672,62.97901962375427,0.015878304066297463,0.015878303693799944,geom2,90
mixture,0.009000000000000006,5134.8198262003625,10275.639652400725,10290.362918237672,62.979019114537124,0.015878304108022004,0.015878303820809746,geom2,90
mixture,0.009250000000000006,5134.8198262003625,10275.639652400725,10290.362918237672,62.979019760330566,0.015878303886658802,0.01587830365846609,geom2,90
mixture,0.005750000000000003,5134.819826200363,10275.639652400727,10290.362918237674,62.97901989710765,0.01587830382609191,0.015878303624935915,geom2,90
mixture,0.007250000000000005,5134.819826200363,10275.639652400727,10290.362918237674,62.97901921012659,0.015878303982890214,0.015878303797953804,geom2,90
mixture,0.004250000000000002,5134.819826200364,10275.639652400729,10290.362918237675,62.979019633345104,0.015878303858415016,0.01587830369188476,geom2,90
mixture,0.0022500000000000003,5134.819826200364,10275.639652400729,10290.362918237675,62.97901999380445,0.01587830364919317,0.015878303601606244,geom2,90
mixture,0.007750000000000005,5134.819826200364,10275.639652400729,10290.362918237675,62.97901982667264,0.01587830388802797,0.01587830364194352,geom2,90
mixture,0.008750000000000006,5134.819826200366,10275.639652400732,10290.362918237679,62.97901989913181,0.01587830384175706,0.015878303623674,geom2,90
null,,5134.819826200359,10271.639652400718,10276.5474076797,62.979019293274774,0.015878303778331226,,geom2,90
sum,,5131.889456448727,10265.778912897455,10270.686668176437,94.14605008834225,0.021243589063198016,,geom2,90
mixture,0.5,5242.224205644474,10490.448411288948,10505.171677125894,70.06301537639035,0.014272865571483486,0.014272865571483486,geom2,91
mixture,0.45,5242.224205644477,10490.448411288953,10505.1716771259,70.06301570022413,0.014272866113695626,0.014272865007910506,geom2,91
mixture,0.35000000000000003,5242.224205644478,10490.448411288957,10505.171677125903,70.06301610917149,0.014272867200953563,0.01427286446441781,geom2,91
mixture,0.4,5242.224205644479,10490.448411288959,10505.171677125905,70.06301514948046,0.014272866688032375,0.014272864904159117,geom2,91
mixture,0.3,5242.224205644483,10490.448411288966,10505.171677125913,70.06301682453906,0.014272867515261179,0.014272864316994458,geom2,91
mixture,0.25,5242.224205644487,10490.448411288973,10505.17167712592,70.06301797885453,0.014272867441500256,0.014272864241264517,geom2,91
mixture,0.2,5242.22420564449,10490.44841128898,10505.171677125927,70.06301908763717,0.014272867369070557,0.014272864177042538,geom2,91
mixture,0.15000000000000002,5242.224205644491,10490.448411288982,10505.171677125929,70.06301963767228,0.014272867062800544,0.014272864287032696,geom2,91
mixture,0.1,5242.2242056445,10490.448411289,10505.171677125947,70.06302128435559,0.01427286611136108,0.014272864174231322,geom2,91
mixture,0.009750000000000007,5242.224205644508,10490.448411289017,10505.171677125963,70.06302415447767,0.014272864033300225,0.014272863780796447,geom2,91
mixture,0.05,5242.224205644508,10490.448411289017,10505.171677125963,70.06302369060779,0.01427286545860897,0.014272863794552637,geom2,91
mixture,0.007250000000000005,5242.22420564451,10490.44841128902,10505.171677125967,70.06302436472096,0.014272863947285686,0.014272863738918059,geom2,91
mixture,0.006750000000000004,5242.224205644512,10490.448411289024,10505.17167712597,70.06302435289906,0.014272863929912442,0.014272863741565675,geom2,91
mixture,0.009250000000000006,5242.224205644512,10490.448411289024,10505.17167712597,70.06302438334497,0.014272863969313081,0.014272863734462373,geom2,91
mixture,0.002,5242.224205644512,10490.448411289024,10505.17167712597,70.06302476569664,0.014272863662363683,0.014272863658736855,geom2,91
mixture,0.006000000000000004,5242.224205644513,10490.448411289026,10505.171677125973,70.06302449432229,0.01427286384496394,0.014272863713236673,geom2,91
mixture,0.008000000000000005,5242.224205644513,10490.448411289026,10505.171677125973,70.06302424009021,0.01427286394889036,0.01427286376434144,geom2,91
mixture,0.009500000000000007,5242.224205644513,10490.448411289026,10505.171677125973,70.06302502495353,0.014272864100312062,0.014272863601188008,geom2,91
mixture,0.008500000000000006,5242.224205644514,10490.448411289028,10505.171677125974,70.06302521336247,0.01427286374132988,0.01427286356605822,geom2,91
mixture,0.0022500000000000003,5242.224205644514,10490.448411289028,10505.171677125974,70.06302462312516,0.01427286368541969,0.014272863687793345,geom2,91
mixture,0.008750000000000006,5242.224205644514,10490.448411289028,10505.171677125974,70.06302511460382,0.014272863771597446,0.014272863586043008,geom2,91
mixture,0.005250000000000003,5242.224205644514,10490.448411289028,10505.171677125974,70.06302445937384,0.01427286389326213,0.014272863720238171,geom2,91
mixture,0.005000000000000003,5242.224205644514,10490.448411289028,10505.171677125974,70.06302524701684,0.014272863800375993,0.014272863559487696,geom2,91
mixture,0.010000000000000007,5242.224205644515,10490.44841128903,10505.171677125976,70.06302431678621,0.014272864008420566,0.014272863747585383,geom2,91
mixture,0.003000000000000001,5242.224205644516,10490.448411289031,10505.171677125978,70.063025464406,0.014272863577973817,0.014272863516221531,geom2,91
mixture,0.006500000000000004,5242.224205644516,10490.448411289031,10505.171677125978,70.06302468810364,0.014272863817653414,0.014272863673614689,geom2,91
mixture,0.0070000000000000045,5242.224205644516,10490.448411289031,10505.171677125978,70.0630253554581,0.014272863689435006,0.014272863537537789,geom2,91
mixture,0.007750000000000005,5242.224205644516,10490.448411289031,10505.171677125978,70.06302509187576,0.014272863742274393,0.014272863591125241,geom2,91
mixture,0.0047500000000000025,5242.224205644516,10490.448411289031,10505.171677125978,70.0630246390142,0.014272863770510432,0.014272863684140918,geom2,91
mixture,0.0035000000000000014,5242.224205644516,10490.448411289031,10505.171677125978,70.06302534974458,0.014272863619514228,0.014272863539484893,geom2,91
mixture,0.0027500000000000007,5242.224205644516,10490.448411289031,10505.171677125978,70.06302544779223,0.014272863537717603,0.014272863519741823,geom2,91
mixture,0.003250000000000001,5242.224205644516,10490.448411289031,10505.171677125978,70.06302472134162,0.014272863700456787,0.014272863667673328,geom2,91
mixture,0.005500000000000003,5242.224205644516,10490.448411289031,10505.171677125978,70.0630245453119,0.01427286380687359,0.014272863703068779,geom2,91
mixture,0.005750000000000003,5242.224205644516,10490.448411289031,10505.171677125978,70.06302527185585,0.014272863746140832,0.014272863554530309,geom2,91
mixture,0.004000000000000002,5242.224205644516,10490.448411289031,10505.171677125978,70.06302533572041,0.014272863627373154,0.014272863542281555,geom2,91
mixture,0.008250000000000006,5242.224205644516,10490.448411289031,10505.171677125978,70.06302434170495,0.014272863941596303,0.014272863743482989,geom2,91
mixture,0.009000000000000006,5242.224205644516,10490.448411289031,10505.171677125978,70.06302499553728,0.014272863831644677,0.014272863609926746,geom2,91
mixture,0.006250000000000004,5242.224205644517,10490.448411289033,10505.17167712598,70.06302521117543,0.014272863697181143,0.01427286356718106,geom2,91
mixture,0.004250000000000002,5242.224205644517,10490.448411289033,10505.17167712598,70.06302559002121,0.014272863523034541,0.01427286349067962,geom2,91
mixture,0.0025000000000000005,5242.2242056445175,10490.448411289035,10505.171677125982,70.06302557404202,0.014272863623286832,0.01427286349374848,geom2,91
mixture,0.0037500000000000016,5242.2242056445175,10490.448411289035,10505.171677125982,70.0630252648769,0.014272863677857725,0.014272863556599062,geom2,91
mixture,0.007500000000000005,5242.224205644518,10490.448411289037,10505.171677125983,70.06302519827388,0.01427286381993885,0.014272863568737788,geom2,91
mixture,0.004500000000000002,5242.224205644519,10490.448411289039,10505.171677125985,70.0630252036737,0.014272863725253139,0.014272863568817814,geom2,91
null,,5242.224205644514,10486.448411289028,10491.35616656801,70.06302459931231,0.014272863692639031,,geom2,91
sum,,5236.984873719719,10475.969747439438,10480.87750271842,104.53142709202051,0.019133001965422048,,geom2,91
mixture,0.5,5150.620031163625,10307.24006232725,10321.963328164196,63.97401099099766,0.01563134755050326,0.01563134755050326,geom2,92
mixture,0.45,5150.620031163628,10307.240062327255,10321.963328164202,63.97401199013951,0.015631347404410793,0.015631347226161933,geom2,92
mixture,0.4,5150.620031163629,10307.240062327259,10321.963328164205,63.97401146495389,0.015631348808778932,0.015631346518642942,geom2,92
mixture,0.35000000000000003,5150.620031163629,10307.240062327259,10321.963328164205,63.97401203388897,0.01563134930311231,0.015631346214761612,geom2,92
mixture,0.3,5150.620031163633,10307.240062327266,10321.963328164213,63.97401324949841,0.015631347624536475,0.015631346730432105,geom2,92
mixture,0.25,5150.620031163634,10307.240062327268,10321.963328164215,63.97401390388548,0.01563134750185704,0.015631346617742493,geom2,92
mixture,0.2,5150.620031163636,10307.240062327272,10321.963328164218,63.97401442694793,0.01563134948286084,0.01563134601799315,geom2,92
mixture,0.15000000000000002,5150.620031163642,10307.240062327284,10321.963328164231,63.97401563884652,0.015631348983793886,0.015631345961509967,geom2,92
mixture,0.1,5150.62003116365,10307.2400623273,10321.963328164247,63.97401759759602,0.015631347952488255,0.01563134571222758,geom2,92
mixture,0.05,5150.620031163655,10307.24006232731,10321.963328164256,63.974018675485375,0.015631347194293953,0.015631345592809,geom2,92
mixture,0.009500000000000007,5150.620031163657,10307.240062327313,10321.96332816426,63.974019696339894,0.0156313457018612,0.01563134542077842,geom2,92
mixture,0.007750000000000005,5150.620031163657,10307.240062327313,10321.96332816426,63.97401975056777,0.01563134564033687,0.01563134540840122,geom2,92
mixture,0.009250000000000006,5150.620031163658,10307.240062327315,10321.963328164262,63.97401986875866,0.015631345646436437,0.015631345378844863,geom2,92
mixture,0.008250000000000006,5150.620031163658,10307.240062327315,10321.963328164262,63.974019805156935,0.01563134567526546,0.015631345394544516,geom2,92
mixture,0.008000000000000005,5150.6200311636585,10307.240062327317,10321.963328164264,63.97401977529117,0.01563134560467269,0.01563134540254078,geom2,92
mixture,0.004000000000000002,5150.620031163659,10307.240062327319,10321.963328164265,63.97402020854323,0.015631345565113725,0.015631345297225926,geom2,92
mixture,0.007500000000000005,5150.620031163659,10307.240062327319,10321.963328164265,63.97402004875105,0.01563134579076367,0.015631345333914564,geom2,92
mixture,0.005750000000000003,5150.62003116366,10307.24006232732,10321.963328164267,63.97402021071767,0.015631345408672604,0.015631345297124778,geom2,92
mixture,0.004500000000000002,5150.62003116366,10307.24006232732,10321.963328164267,63.97402028821183,0.015631345451277454,0.01563134527805182,geom2,92
mixture,0.0027500000000000007,5150.62003116366,10307.24006232732,10321.963328164267,63.97402033913579,0.01563134538086164,0.015631345266072957,geom2,92
mixture,0.008750000000000006,5150.620031163661,10307.240062327322,10321.96332816427,63.97402041939794,0.015631345426854574,0.015631345245187875,geom2,92
mixture,0.006000000000000004,5150.620031163661,10307.240062327322,10321.96332816427,63.97402057841378,0.015631345328727522,0.015631345207194496,geom2,92
mixture,0.004250000000000002,5150.620031163662,10307.240062327324,10321.963328164271,63.97402055898603,0.01563134530644287,0.015631345212270418,geom2,92
mixture,0.0037500000000000016,5150.620031163662,10307.240062327324,10321.963328164271,63.974020322598385,0.01563134530630396,0.015631345270294323,geom2,92
mixture,0.007250000000000005,5150.620031163662,10307.240062327324,10321.963328164271,63.974019727605864,0.015631345597599645,0.015631345414481607,geom2,92
mixture,0.006250000000000004,5150.620031163662,10307.240062327324,10321.963328164271,63.97401980820988,0.015631345579097927,0.01563134539496367,geom2,92
mixture,0.009000000000000006,5150.620031163662,10307.240062327324,10321.963328164271,63.974020358111105,0.01563134540623099,0.0156313452604401,geom2,92
mixture,0.0022500000000000003,5150.620031163663,10307.240062327326,10321.963328164273,63.97402083562382,0.01563134512113461,0.015631345145131256,geom2,92
mixture,0.005000000000000003,5150.620031163663,10307.240062327326,10321.963328164273,63.974019982814966,0.015631345420335466,0.015631345353115587,geom2,92
mixture,0.010000000000000007,5150.620031163663,10307.240062327326,10321.963328164273,63.9740205876977,0.01563134545304629,0.01563134520315637,geom2,92
mixture,0.0025000000000000005,5150.620031163664,10307.240062327328,10321.963328164275,63.974020772980076,0.015631345155416553,0.015631345160396017,geom2,92
mixture,0.005500000000000003,5150.620031163664,10307.240062327328,10321.963328164275,63.97402017490958,0.015631345568083866,0.015631345305068906,geom2,92
mixture,0.002,5150.620031163664,10307.240062327328,10321.963328164275,63.97402075527412,0.015631345292705337,0.01563134516445332,geom2,92
mixture,0.0035000000000000014,5150.620031163664,10307.240062327328,10321.963328164275,63.974020101452915,0.015631345317598393,0.015631345324487927,geom2,92
mixture,0.003250000000000001,5150.620031163664,10307.240062327328,10321.963328164275,63.97402073804412,0.01563134522569063,0.015631345168734677,geom2,92
mixture,0.009750000000000007,5150.620031163664,10307.240062327328,10321.963328164275,63.974020726817336,0.015631345769761683,0.015631345165774045,geom2,92
mixture,0.006750000000000004,5150.620031163664,10307.240062327328,10321.963328164275,63.97401999486894,0.015631345527642986,0.015631345349302633,geom2,92
mixture,0.0047500000000000025,5150.620031163664,10307.240062327328,10321.963328164275,63.974020192549865,0.015631345607743888,0.015631345300747043,geom2,92
mixture,0.0070000000000000045,5150.620031163664,10307.240062327328,10321.963328164275,63.9740202792795,0.015631345610192835,0.015631345278693354,geom2,92
mixture,0.008500000000000006,5150.620031163664,10307.240062327328,10321.963328164275,63.9740206042137,0.015631345665409756,0.015631345197643757,geom2,92
mixture,0.005250000000000003,5150.620031163665,10307.24006232733,10321.963328164276,63.97402071768313,0.015631345223962426,0.015631345173630525,geom2,92
mixture,0.006500000000000004,5150.620031163666,10307.240062327332,10321.963328164278,63.97402088023216,0.01563134566312287,0.01563134513071707,geom2,92
mixture,0.003000000000000001,5150.620031163667,10307.240062327333,10321.96332816428,63.974020340997896,0.01563134528811088,0.01563134526586691,geom2,92
null,,5150.620031163666,10303.240062327332,10308.147817606314,63.97402080603159,0.015631345152307796,,geom2,92
sum,,5147.772358669128,10297.544717338256,10302.452472617239,95.64422954490504,0.020910827652817238,,geom2,92
mixture,0.45,5236.760916317956,10479.521832635912,10494.245098472858,69.68401543908988,0.014350493848572251,0.01435049293790372,geom2,93
mixture,0.35000000000000003,5236.760916317956,10479.521832635912,10494.245098472858,69.68401536400155,0.014350495011333796,0.014350492475694239,geom2,93
mixture,0.5,5236.760916317957,10479.521832635914,10494.24509847286,69.68401502457117,0.014350493433069144,0.014350493433069144,geom2,93
mixture,0.4,5236.760916317959,10479.521832635917,10494.245098472864,69.68401528249858,0.014350494571559801,0.014350492585547632,geom2,93
mixture,0.3,5236.76091631796,10479.52183263592,10494.245098472868,69.68401669468275,0.014350495319287261,0.01435049213335131,geom2,93
mixture,0.25,5236.760916317961,10479.521832635923,10494.24509847287,69.68401731671577,0.01435049534486581,0.01435049216642164,geom2,93
mixture,0.2,5236.760916317966,10479.521832635932,10494.245098472878,69.68401807137917,0.014350495289764086,0.014350492184583738,geom2,93
mixture,0.15000000000000002,5236.760916317976,10479.521832635952,10494.245098472898,69.68401955818362,0.014350494751669331,0.014350492101978649,geom2,93
mixture,0.1,5236.7609163179795,10479.521832635959,10494.245098472906,69.68402176638217,0.01435049506536164,0.014350491709052367,geom2,93
mixture,0.05,5236.760916317982,10479.521832635965,10494.245098472911,69.68402256154302,0.01435049292250369,0.014350491826110848,geom2,93
mixture,0.009750000000000007,5236.760916317988,10479.521832635975,10494.245098472922,69.68402415305276,0.014350491809769739,0.014350491550653982,geom2,93
mixture,0.0025000000000000005,5236.7609163179895,10479.521832635979,10494.245098472926,69.68402419970883,0.014350491614304668,0.014350491543394897,geom2,93
mixture,0.0070000000000000045,5236.7609163179895,10479.521832635979,10494.245098472926,69.68402422284083,0.014350491652578389,0.014350491538006438,geom2,93
mixture,0.007500000000000005,5236.7609163179895,10479.521832635979,10494.245098472926,69.68402407438545,0.014350491782101116,0.014350491567773386,geom2,93
mixture,0.0035000000000000014,5236.7609163179895,10479.521832635979,10494.245098472926,69.68402424938968,0.014350491623875956,0.01435049153302308,geom2,93
mixture,0.0037500000000000016,5236.7609163179895,10479.521832635979,10494.245098472926,69.68402400626219,0.01435049173484569,0.014350491582839891,geom2,93
mixture,0.006250000000000004,5236.7609163179895,10479.521832635979,10494.245098472926,69.68402417868437,0.01435049168289676,0.014350491547052853,geom2,93
mixture,0.005750000000000003,5236.7609163179895,10479.521832635979,10494.245098472926,69.68402391617842,0.014350491776596402,0.014350491600951502,geom2,93
mixture,0.003250000000000001,5236.760916317991,10479.521832635983,10494.24509847293,69.6840241865476,0.014350491649319808,0.014350491545946588,geom2,93
mixture,0.003000000000000001,5236.760916317991,10479.521832635983,10494.24509847293,69.68402424895521,0.014350491636674644,0.014350491533119875,geom2,93
mixture,0.002,5236.760916317991,10479.521832635983,10494.24509847293,69.6840243232564,0.014350491573362704,0.014350491518018515,geom2,93
mixture,0.008750000000000006,5236.760916317991,10479.521832635983,10494.24509847293,69.6840240963459,0.014350491812809481,0.014350491562669659,geom2,93
mixture,0.009500000000000007,5236.760916317991,10479.521832635983,10494.24509847293,69.68402406246703,0.014350491765546293,0.014350491569977374,geom2,93
mixture,0.009250000000000006,5236.760916317992,10479.521832635985,10494.245098472931,69.68402410991598,0.0143504917552387,0.014350491560260253,geom2,93
mixture,0.008250000000000006,5236.760916317993,10479.521832635986,10494.245098472933,69.68402419271325,0.014350491803495534,0.014350491542862595,geom2,93
mixture,0.005250000000000003,5236.760916317993,10479.521832635986,10494.245098472933,69.68402494168525,0.014350491473711815,0.014350491390334333,geom2,93
mixture,0.0047500000000000025,5236.760916317993,10479.521832635986,10494.245098472933,69.68402509308659,0.01435049160288187,0.01435049135843185,geom2,93
mixture,0.006750000000000004,5236.760916317993,10479.521832635986,10494.245098472933,69.68402501900351,0.01435049145558857,0.014350491374300712,geom2,93
mixture,0.005000000000000003,5236.760916317993,10479.521832635986,10494.245098472933,69.68402498659448,0.014350491474009809,0.014350491381058856,geom2,93
mixture,0.0027500000000000007,5236.760916317993,10479.521832635986,10494.245098472933,69.68402504977888,0.01435049155534199,0.01435049136799643,geom2,93
mixture,0.004000000000000002,5236.760916317995,10479.52183263599,10494.245098472937,69.68402438536376,0.014350491574833407,0.014350491505059931,geom2,93
mixture,0.004500000000000002,5236.760916317995,10479.52183263599,10494.245098472937,69.68402408895153,0.014350491672987943,0.014350491565899254,geom2,93
mixture,0.010000000000000007,5236.760916317995,10479.52183263599,10494.245098472937,69.68402412719497,0.01435049177289328,0.014350491556339894,geom2,93
mixture,0.008500000000000006,5236.760916317996,10479.521832635992,10494.245098472938,69.68402401432392,0.014350491799023384,0.014350491579887052,geom2,93
mixture,0.0022500000000000003,5236.760916317997,10479.521832635994,10494.24509847294,69.6840252521326,0.014350491533491236,0.014350491326373577,geom2,93
mixture,0.009000000000000006,5236.760916317997,10479.521832635994,10494.24509847294,69.68402549765132,0.01435049174867805,0.014350491271988092,geom2,93
mixture,0.007250000000000005,5236.760916317997,10479.521832635994,10494.24509847294,69.6840249157229,0.01435049153604386,0.014350491395096795,geom2,93
mixture,0.008000000000000005,5236.760916317997,10479.521832635994,10494.24509847294,69.68402486644777,0.014350491806840449,0.014350491403035777,geom2,93
mixture,0.004250000000000002,5236.760916317997,10479.521832635994,10494.24509847294,69.68402423270255,0.014350491572781473,0.014350491536623884,geom2,93
mixture,0.005500000000000003,5236.760916317997,10479.521832635994,10494.24509847294,69.6840249236876,0.01435049190105442,0.014350491391676864,geom2,93
mixture,0.006500000000000004,5236.760916317999,10479.521832635997,10494.245098472944,69.68402580293026,0.014350491443906961,0.014350491211902164,geom2,93
mixture,0.006000000000000004,5236.760916317999,10479.521832635997,10494.245098472944,69.6840249811933,0.014350491442861574,0.014350491382272373,geom2,93
mixture,0.007750000000000005,5236.760916317999,10479.521832635997,10494.245098472944,69.68402478933712,0.014350491628579494,0.014350491420533767,geom2,93
null,,5236.760916317993,10475.521832635986,10480.429587914969,69.6840250579165,0.014350491366835796,,geom2,93
sum,,5231.573181480506,10465.146362961012,10470.054118239994,103.96216929596783,0.01923776709878225,,geom2,93
mixture,0.5,5197.793859539663,10401.587719079325,10416.310984916272,67.04001252596683,0.01491646499338983,0.01491646499338983,geom2,94
mixture,0.4,5197.793859539663,10401.587719079325,10416.310984916272,67.04001329912516,0.014916466158389265,0.0149164639300096,geom2,94
mixture,0.45,5197.793859539663,10401.587719079325,10416.310984916272,67.04001346450683,0.01491646552815032,0.01491646417617491,geom2,94
mixture,0.3,5197.793859539668,10401.587719079336,10416.310984916283,67.04001433168949,0.014916466914856442,0.014916463595940134,geom2,94
mixture,0.35000000000000003,5197.793859539668,10401.587719079336,10416.310984916283,67.04001398637912,0.01491646651485578,0.01491646367422669,geom2,94
mixture,0.25,5197.793859539674,10401.587719079347,10416.310984916294,67.04001566567828,0.014916467109067872,0.014916463356712482,geom2,94
mixture,0.15000000000000002,5197.793859539675,10401.58771907935,10416.310984916297,67.04001722966584,0.01491646650592306,0.014916463495204861,geom2,94
mixture,0.2,5197.793859539675,10401.58771907935,10416.310984916297,67.04001665018187,0.014916468073019107,0.014916463076430828,geom2,94
mixture,0.1,5197.793859539686,10401.587719079373,10416.31098491632,67.0400195232328,0.014916465467673622,0.014916463210804991,geom2,94
mixture,0.0070000000000000045,5197.7938595396945,10401.587719079389,10416.310984916336,67.0400218618975,0.014916463168004114,0.014916462914361382,geom2,94
mixture,0.05,5197.793859539695,10401.58771907939,10416.310984916337,67.04002124136188,0.01491646423526961,0.014916462992045392,geom2,94
mixture,0.005500000000000003,5197.793859539695,10401.58771907939,10416.310984916337,67.0400218877274,0.014916463011898968,0.01491646290982832,geom2,94
mixture,0.006250000000000004,5197.793859539696,10401.587719079393,10416.31098491634,67.04002211918741,0.014916463064862637,0.014916462857594228,geom2,94
mixture,0.007500000000000005,5197.793859539697,10401.587719079394,10416.310984916341,67.04002189696672,0.014916463184160837,0.014916462906249619,geom2,94
mixture,0.006500000000000004,5197.793859539697,10401.587719079394,10416.310984916341,67.04002205412547,0.014916463057782289,0.014916462872159445,geom2,94
mixture,0.004000000000000002,5197.793859539697,10401.587719079394,10416.310984916341,67.04002218424554,0.014916462931569636,0.014916462844064143,geom2,94
mixture,0.008000000000000005,5197.793859539697,10401.587719079394,10416.310984916341,67.04002252461713,0.014916463190309705,0.014916462765280965,geom2,94
mixture,0.009250000000000006,5197.793859539697,10401.587719079394,10416.310984916341,67.0400220157487,0.014916463050773116,0.014916462880328241,geom2,94
mixture,0.009750000000000007,5197.793859539699,10401.587719079398,10416.310984916345,67.04002237286365,0.014916463261514575,0.014916462797926489,geom2,94
mixture,0.006750000000000004,5197.793859539699,10401.587719079398,10416.310984916345,67.04002260727677,0.01491646312645268,0.014916462747732994,geom2,94
mixture,0.008750000000000006,5197.793859539699,10401.587719079398,10416.310984916345,67.04002192158356,0.014916463205659095,0.014916462900183773,geom2,94
mixture,0.009500000000000007,5197.793859539699,10401.587719079398,10416.310984916345,67.04002247221015,0.014916463061177207,0.014916462777648265,geom2,94
mixture,0.0035000000000000014,5197.793859539699,10401.587719079398,10416.310984916345,67.04002275153096,0.01491646263083489,0.014916462718499498,geom2,94
mixture,0.004500000000000002,5197.793859539699,10401.587719079398,10416.310984916345,67.04002201899176,0.01491646293415341,0.014916462880943832,geom2,94
mixture,0.006000000000000004,5197.793859539699,10401.587719079398,10416.310984916345,67.04002281716674,0.014916462867781892,0.014916462702597548,geom2,94
mixture,0.007750000000000005,5197.793859539699,10401.587719079398,10416.310984916345,67.04002244870686,0.014916463167486545,0.014916462782588333,geom2,94
mixture,0.007250000000000005,5197.793859539699,10401.587719079398,10416.310984916345,67.0400227380712,0.014916462878900132,0.014916462720035712,geom2,94
mixture,0.003250000000000001,5197.793859539701,10401.587719079402,10416.310984916348,67.04002293493193,0.014916462761751877,0.014916462677110715,geom2,94
mixture,0.005750000000000003,5197.793859539701,10401.587719079402,10416.310984916348,67.04002275709999,0.014916462854722702,0.0149164627161568,geom2,94
mixture,0.008250000000000006,5197.793859539701,10401.587719079402,10416.310984916348,67.04002326133961,0.014916463062548308,0.014916462600951636,geom2,94
mixture,0.002,5197.793859539701,10401.587719079402,10416.310984916348,67.04002285886371,0.014916462536470351,0.014916462694627357,geom2,94
mixture,0.005250000000000003,5197.793859539701,10401.587719079402,10416.310984916348,67.04002186340207,0.014916463071425317,0.014916462914980782,geom2,94
mixture,0.010000000000000007,5197.793859539701,10401.587719079402,10416.310984916348,67.04002245912962,0.014916463353246567,0.014916462777494702,geom2,94
mixture,0.009000000000000006,5197.793859539701,10401.587719079402,10416.310984916348,67.04002254733649,0.014916463020490277,0.014916462761293344,geom2,94
mixture,0.0022500000000000003,5197.793859539702,10401.587719079404,10416.31098491635,67.04002277310133,0.01491646286194079,0.01491646271305826,geom2,94
mixture,0.0037500000000000016,5197.793859539702,10401.587719079404,10416.31098491635,67.04002291981755,0.014916462744422394,0.014916462680509085,geom2,94
mixture,0.0025000000000000005,5197.793859539702,10401.587719079404,10416.31098491635,67.04002237251544,0.014916462830240748,0.014916462802454487,geom2,94
mixture,0.0047500000000000025,5197.793859539703,10401.587719079405,10416.310984916352,67.04002340559599,0.014916462739230139,0.01491646257186767,geom2,94
mixture,0.005000000000000003,5197.793859539703,10401.587719079405,10416.310984916352,67.04002279688915,0.014916462893707233,0.014916462707167738,geom2,94
mixture,0.003000000000000001,5197.793859539704,10401.587719079407,10416.310984916354,67.04002276894965,0.014916462798698371,0.01491646271406309,geom2,94
mixture,0.004250000000000002,5197.793859539704,10401.587719079407,10416.310984916354,67.0400228224416,0.014916462779519581,0.0149164627020859,geom2,94
mixture,0.008500000000000006,5197.7938595397045,10401.587719079409,10416.310984916356,67.04002314436175,0.01491646312397741,0.014916462626559431,geom2,94
mixture,0.0027500000000000007,5197.793859539705,10401.58771907941,10416.310984916357,67.04002294850709,0.01491646273163126,0.014916462674207397,geom2,94
null,,5197.793859539703,10397.587719079405,10402.495474358388,67.04002282663204,0.014916462701482617,,geom2,94
sum,,5195.135964612058,10392.271929224116,10397.179684503099,100.21258506634716,0.01995757317981441,,geom2,94
mixture,0.4,5147.448289993765,10300.89657998753,10315.619845824476,63.77301280384388,0.015680615180119137,0.015680613281356642,geom2,95
mixture,0.45,5147.448289993765,10300.89657998753,10315.619845824476,63.77301272663584,0.015680614551608123,0.015680613657494517,geom2,95
mixture,0.35000000000000003,5147.448289993767,10300.896579987533,10315.61984582448,63.77301307226115,0.01568061546459032,0.015680613172701793,geom2,95
mixture,0.5,5147.4482899937675,10300.896579987535,10315.619845824482,63.77301209214999,0.01568061421585406,0.01568061421585406,geom2,95
mixture,0.3,5147.44828999377,10300.89657998754,10315.619845824487,63.773013440714735,0.01568061595463113,0.01568061299696786,geom2,95
mixture,0.25,5147.448289993772,10300.896579987544,10315.61984582449,63.77301417563308,0.015680616056008907,0.015680612919415575,geom2,95
mixture,0.2,5147.448289993774,10300.896579987548,10315.619845824494,63.77301518160229,0.015680616320035267,0.015680612740259385,geom2,95
mixture,0.15000000000000002,5147.448289993782,10300.896579987564,10315.61984582451,63.7730163542049,0.015680615968392864,0.015680612673687228,geom2,95
mixture,0.1,5147.448289993783,10300.896579987566,10315.619845824513,63.773017678772,0.015680614757803295,0.01568061262936219,geom2,95
mixture,0.05,5147.448289993788,10300.896579987577,10315.619845824524,63.77301849610468,0.015680613687464526,0.015680612586174706,geom2,95
mixture,0.009500000000000007,5147.448289993791,10300.896579987582,10315.619845824529,63.773019630624404,0.015680612553153655,0.015680612360450985,geom2,95
mixture,0.009750000000000007,5147.448289993791,10300.896579987582,10315.619845824529,63.77301958740368,0.01568061263713026,0.015680612370307316,geom2,95
mixture,0.010000000000000007,5147.448289993792,10300.896579987584,10315.61984582453,63.77301980134351,0.015680612745323227,0.01568061231601186,geom2,95
mixture,0.005500000000000003,5147.448289993793,10300.896579987586,10315.619845824533,63.77302008779925,0.0156806125799823,0.015680612248045123,geom2,95
mixture,0.006500000000000004,5147.448289993793,10300.896579987586,10315.619845824533,63.77301976376008,0.015680612448795397,0.015680612328765855,geom2,95
mixture,0.005250000000000003,5147.448289993794,10300.896579987588,10315.619845824534,63.773020025341125,0.01568061243615705,0.015680612264325967,geom2,95
mixture,0.007500000000000005,5147.448289993794,10300.896579987588,10315.619845824534,63.773019621738015,0.01568061254853267,0.015680612363075733,geom2,95
mixture,0.004500000000000002,5147.448289993794,10300.896579987588,10315.619845824534,63.773020061667204,0.015680612463683782,0.015680612255358703,geom2,95
mixture,0.0047500000000000025,5147.448289993794,10300.896579987588,10315.619845824534,63.7730201907519,0.015680612252734757,0.015680612224422127,geom2,95
mixture,0.005000000000000003,5147.448289993794,10300.896579987588,10315.619845824534,63.77301987122305,0.015680612347543237,0.01568061230289966,geom2,95
mixture,0.006250000000000004,5147.448289993796,10300.896579987591,10315.619845824538,63.7730203821673,0.01568061222472668,0.01568061217719401,geom2,95
mixture,0.0070000000000000045,5147.448289993796,10300.896579987591,10315.619845824538,63.77301974977288,0.015680612481519654,0.01568061233193817,geom2,95
mixture,0.009250000000000006,5147.448289993796,10300.896579987591,10315.619845824538,63.773020132232155,0.015680612522407805,0.015680612236299036,geom2,95
mixture,0.007250000000000005,5147.448289993796,10300.896579987591,10315.619845824538,63.77302011392963,0.01568061267828585,0.015680612240270182,geom2,95
mixture,0.0027500000000000007,5147.448289993796,10300.896579987591,10315.619845824538,63.77302016469526,0.015680612534263047,0.015680612230127088,geom2,95
mixture,0.0037500000000000016,5147.448289993797,10300.896579987593,10315.61984582454,63.77302043094399,0.01568061230760622,0.015680612164962887,geom2,95
mixture,0.008250000000000006,5147.448289993797,10300.896579987593,10315.61984582454,63.773020788661846,0.015680612426071446,0.01568061207464227,geom2,95
mixture,0.003000000000000001,5147.4482899937975,10300.896579987595,10315.619845824542,63.77302017359477,0.015680612484240446,0.015680612228006534,geom2,95
mixture,0.009000000000000006,5147.4482899937975,10300.896579987595,10315.619845824542,63.77302020263419,0.015680612463038163,0.015680612219442617,geom2,95
mixture,0.008500000000000006,5147.4482899937975,10300.896579987595,10315.619845824542,63.77302076845756,0.01568061233561446,0.015680612080339586,geom2,95
mixture,0.006000000000000004,5147.4482899937975,10300.896579987595,10315.619845824542,63.773019935525475,0.01568061232545983,0.015680612287081827,geom2,95
mixture,0.006750000000000004,5147.4482899937975,10300.896579987595,10315.619845824542,63.77302078668969,0.01568061248827934,0.01568061207523845,geom2,95
mixture,0.003250000000000001,5147.4482899937975,10300.896579987595,10315.619845824542,63.77302022854372,0.015680612510171103,0.01568061221430273,geom2,95
mixture,0.005750000000000003,5147.4482899937975,10300.896579987595,10315.619845824542,63.77302074875616,0.015680612424149937,0.015680612085405856,geom2,95
mixture,0.0022500000000000003,5147.448289993798,10300.896579987597,10315.619845824544,63.77302051040814,0.015680612171444945,0.015680612145901555,geom2,95
mixture,0.008000000000000005,5147.448289993798,10300.896579987597,10315.619845824544,63.773020464760855,0.01568061233720988,0.015680612155731022,geom2,95
mixture,0.004000000000000002,5147.448289993799,10300.896579987599,10315.619845824545,63.77302056211948,0.0156806122043302,0.015680612132958675,geom2,95
mixture,0.007750000000000005,5147.448289993799,10300.896579987599,10315.619845824545,63.77302006654184,0.01568061243776362,0.015680612253670862,geom2,95
mixture,0.0025000000000000005,5147.448289993799,10300.896579987599,10315.619845824545,63.77302034665462,0.015680612175533,0.015680612186249797,geom2,95
mixture,0.008750000000000006,5147.448289993799,10300.896579987599,10315.619845824545,63.77302096841463,0.015680612475953544,0.015680612029436637,geom2,95
mixture,0.002,5147.4482899938,10300.8965799876,10315.619845824547,63.773020696568715,0.015680612116647674,0.015680612100152577,geom2,95
mixture,0.004250000000000002,5147.448289993801,10300.896579987602,10315.619845824549,63.773020824110446,0.01568061233565514,0.015680612067686537,geom2,95
mixture,0.0035000000000000014,5147.448289993803,10300.896579987606,10315.619845824553,63.77302069281828,0.01568061217642151,0.01568061210084321,geom2,95
null,,5147.448289993796,10296.896579987591,10301.804335266574,63.77302056890274,0.01568061213157628,,geom2,95
sum,,5139.9483012409,10281.8966024818,10286.804357760782,94.96478908326303,0.0210604374453614,,geom2,95
mixture,0.4,5173.6232623680025,10353.246524736005,10367.969790572952,65.45101248911574,0.015278603687530284,0.015278601630806559,geom2,96
mixture,0.45,5173.623262368003,10353.246524736007,10367.969790572954,65.45101278692798,0.01527860301075336,0.015278601871158159,geom2,96
mixture,0.5,5173.623262368004,10353.246524736009,10367.969790572955,65.45101334012175,0.015278602254840809,0.015278602254840809,geom2,96
mixture,0.35000000000000003,5173.623262368005,10353.24652473601,10367.969790572957,65.45101335195127,0.015278604215468158,0.015278601194870236,geom2,96
mixture,0.3,5173.623262368008,10353.246524736016,10367.969790572963,65.45101405494012,0.015278605410659408,0.015278600663970257,geom2,96
mixture,0.25,5173.623262368011,10353.246524736021,10367.969790572968,65.4510142379938,0.015278604719328015,0.015278601153884777,geom2,96
mixture,0.2,5173.623262368012,10353.246524736023,10367.96979057297,65.45101544887498,0.015278604437524122,0.015278601093847322,geom2,96
mixture,0.15000000000000002,5173.623262368015,10353.24652473603,10367.969790572977,65.45101637152895,0.015278604142211374,0.015278601089259517,geom2,96
mixture,0.1,5173.6232623680235,10353.246524736047,10367.969790572994,65.45101849419154,0.015278603009007416,0.015278600834218187,geom2,96
mixture,0.05,5173.62326236803,10353.24652473606,10367.969790573006,65.45101994200306,0.015278602764089112,0.015278600605812447,geom2,96
mixture,0.002,5173.6232623680335,10353.246524736067,10367.969790573014,65.45102095099145,0.015278600517621699,0.015278600478113403,geom2,96
mixture,0.005500000000000003,5173.6232623680335,10353.246524736067,10367.969790573014,65.45102085652839,0.015278600667485586,0.015278600499318545,geom2,96
mixture,0.006500000000000004,5173.6232623680335,10353.246524736067,10367.969790573014,65.4510208147518,0.01527860068777589,0.015278600508832478,geom2,96
mixture,0.006250000000000004,5173.623262368034,10353.246524736069,10367.969790573015,65.45102089196108,0.015278600669666105,0.015278600490854638,geom2,96
mixture,0.009750000000000007,5173.623262368034,10353.246524736069,10367.969790573015,65.4510209837875,0.015278601022454853,0.015278600465102465,geom2,96
mixture,0.004250000000000002,5173.623262368035,10353.24652473607,10367.969790573017,65.45102128730048,0.015278600578280116,0.015278600398923644,geom2,96
mixture,0.006750000000000004,5173.623262368035,10353.24652473607,10367.969790573017,65.45102092262229,0.015278600647004469,0.015278600483712568,geom2,96
mixture,0.009250000000000006,5173.623262368035,10353.24652473607,10367.969790573017,65.45102069339943,0.015278600810856356,0.015278600535779112,geom2,96
mixture,0.007500000000000005,5173.623262368035,10353.24652473607,10367.969790573017,65.45102156185479,0.015278600464203634,0.015278600334623298,geom2,96
mixture,0.007750000000000005,5173.623262368035,10353.24652473607,10367.969790573017,65.45102136840114,0.015278600686216372,0.0152786003783683,geom2,96
mixture,0.006000000000000004,5173.623262368035,10353.24652473607,10367.969790573017,65.4510213091948,0.015278600732485978,0.01527860039253529,geom2,96
mixture,0.005250000000000003,5173.623262368035,10353.24652473607,10367.969790573017,65.4510216103551,0.015278600416260566,0.015278600323787972,geom2,96
mixture,0.003250000000000001,5173.623262368035,10353.24652473607,10367.969790573017,65.45102097938334,0.015278600597448379,0.015278600471154284,geom2,96
mixture,0.0027500000000000007,5173.623262368035,10353.24652473607,10367.969790573017,65.45102128562672,0.015278600705622106,0.015278600399234055,geom2,96
mixture,0.008750000000000006,5173.623262368036,10353.246524736072,10367.969790573019,65.45102133903498,0.015278600646864274,0.015278600385320723,geom2,96
mixture,0.0037500000000000016,5173.623262368036,10353.246524736072,10367.969790573019,65.4510209522407,0.015278600629870643,0.015278600477328767,geom2,96
mixture,0.005000000000000003,5173.623262368036,10353.246524736072,10367.969790573019,65.45102138404336,0.01527860068036479,0.015278600375578743,geom2,96
mixture,0.008000000000000005,5173.623262368037,10353.246524736074,10367.96979057302,65.45102153614957,0.015278600490919931,0.015278600340391435,geom2,96
mixture,0.009500000000000007,5173.623262368037,10353.246524736074,10367.96979057302,65.45102086955009,0.01527860072479057,0.015278600495020923,geom2,96
mixture,0.004000000000000002,5173.623262368037,10353.246524736074,10367.96979057302,65.45102100144298,0.015278600566479438,0.015278600466013368,geom2,96
mixture,0.010000000000000007,5173.623262368038,10353.246524736076,10367.969790573023,65.45102121599547,0.015278600768713157,0.015278600412771624,geom2,96
mixture,0.0035000000000000014,5173.623262368039,10353.246524736078,10367.969790573025,65.45102097363514,0.015278600638187565,0.015278600472326063,geom2,96
mixture,0.007250000000000005,5173.623262368039,10353.246524736078,10367.969790573025,65.4510215056584,0.015278600531579013,0.01527860034737793,geom2,96
mixture,0.005750000000000003,5173.623262368039,10353.246524736078,10367.969790573025,65.4510216700341,0.015278600388670144,0.015278600309889256,geom2,96
mixture,0.0025000000000000005,5173.623262368039,10353.246524736078,10367.969790573025,65.45102139307907,0.015278600682072175,0.015278600374223794,geom2,96
mixture,0.0070000000000000045,5173.623262368039,10353.246524736078,10367.969790573025,65.45102145220497,0.01527860059640385,0.015278600359533228,geom2,96
mixture,0.009000000000000006,5173.623262368039,10353.246524736078,10367.969790573025,65.4510221002398,0.015278600541901496,0.01527860020690191,geom2,96
mixture,0.008500000000000006,5173.623262368039,10353.246524736078,10367.969790573025,65.45102088632669,0.01527860071160171,0.015278600491415899,geom2,96
mixture,0.008250000000000006,5173.623262368039,10353.246524736078,10367.969790573025,65.45102076332502,0.015278600708397021,0.015278600520449886,geom2,96
mixture,0.0022500000000000003,5173.62326236804,10353.24652473608,10367.969790573026,65.45102106853795,0.015278600528249536,0.015278600450578118,geom2,96
mixture,0.003000000000000001,5173.623262368041,10353.246524736081,10367.969790573028,65.45102154730503,0.01527860068351398,0.015278600337954903,geom2,96
mixture,0.0047500000000000025,5173.623262368041,10353.246524736081,10367.969790573028,65.45102188766896,0.015278600333158988,0.01527860025918715,geom2,96
mixture,0.004500000000000002,5173.623262368043,10353.246524736085,10367.969790573032,65.451021823749,0.015278600314307524,0.015278600274279583,geom2,96
null,,5173.623262368039,10349.246524736078,10354.15428001506,65.45102160622842,0.015278600325236764,,geom2,96
sum,,5169.108228017773,10340.216456035547,10345.124211314529,97.66383132723975,0.02047841020386196,,geom2,96
mixture,0.4,5155.836995086337,10317.673990172674,10332.39725600962,64.30601110210061,0.015550648967791732,0.015550643650309146,geom2,97
mixture,0.45,5155.836995086338,10317.673990172676,10332.397256009623,64.30601072856061,0.015550646568522463,0.015550645294176492,geom2,97
mixture,0.35000000000000003,5155.83699508634,10317.67399017268,10332.397256009626,64.30601087060127,0.015550648306933899,0.015550644501318246,geom2,97
mixture,0.3,5155.83699508634,10317.67399017268,10332.397256009626,64.30601226389142,0.015550650856022629,0.015550643199354995,geom2,97
mixture,0.5,5155.83699508634,10317.67399017268,10332.397256009626,64.30601037953211,0.01555064595203513,0.01555064595203513,geom2,97
mixture,0.25,5155.836995086343,10317.673990172687,10332.397256009634,64.3060123299496,0.015550648972952913,0.015550644316189561,geom2,97
mixture,0.2,5155.836995086347,10317.673990172694,10332.39725600964,64.30601429974641,0.015550648552054945,0.015550644117035035,geom2,97
mixture,0.15000000000000002,5155.836995086358,10317.673990172716,10332.397256009663,64.30601602606988,0.015550650721029482,0.01555064350402455,geom2,97
mixture,0.1,5155.83699508636,10317.67399017272,10332.397256009666,64.30601737163383,0.015550649037602067,0.015550643730474586,geom2,97
mixture,0.05,5155.836995086365,10317.67399017273,10332.397256009677,64.30601823291941,0.015550645465667104,0.015550643978553217,geom2,97
mixture,0.0037500000000000016,5155.836995086371,10317.673990172741,10332.397256009688,64.30602004090768,0.015550643736415572,0.015550643615242218,geom2,97
mixture,0.009250000000000006,5155.836995086371,10317.673990172741,10332.397256009688,64.30601988937391,0.01555064402395055,0.015550643648871416,geom2,97
mixture,0.009750000000000007,5155.836995086372,10317.673990172743,10332.39725600969,64.30602009377318,0.015550643744800486,0.015550643601515523,geom2,97
mixture,0.008750000000000006,5155.836995086372,10317.673990172743,10332.39725600969,64.30602009147427,0.015550643829377443,0.015550643601474328,geom2,97
mixture,0.006250000000000004,5155.836995086372,10317.673990172743,10332.39725600969,64.30601999825352,0.015550643801211867,0.015550643624909469,geom2,97
mixture,0.0027500000000000007,5155.836995086373,10317.673990172745,10332.397256009692,64.30602016936948,0.015550643707179164,0.015550643584293729,geom2,97
mixture,0.007500000000000005,5155.836995086373,10317.673990172745,10332.397256009692,64.30601986209267,0.01555064386013014,0.015550643657417774,geom2,97
mixture,0.010000000000000007,5155.836995086373,10317.673990172745,10332.397256009692,64.30602032402794,0.015550643985422734,0.015550643542805595,geom2,97
mixture,0.008500000000000006,5155.836995086373,10317.673990172745,10332.397256009692,64.3060203057292,0.015550644164468483,0.015550643546403262,geom2,97
mixture,0.006000000000000004,5155.8369950863735,10317.673990172747,10332.397256009694,64.30602036308333,0.015550643878203442,0.015550643535732468,geom2,97
mixture,0.006750000000000004,5155.8369950863735,10317.673990172747,10332.397256009694,64.30601998090067,0.01555064385833715,0.015550643628657329,geom2,97
mixture,0.005000000000000003,5155.836995086374,10317.673990172749,10332.397256009695,64.30602002570414,0.015550643778931941,0.015550643618571374,geom2,97
mixture,0.005500000000000003,5155.836995086374,10317.673990172749,10332.397256009695,64.30602035503775,0.015550643888189357,0.015550643537805789,geom2,97
mixture,0.004000000000000002,5155.836995086374,10317.673990172749,10332.397256009695,64.30602048155488,0.015550643796316852,0.015550643507984878,geom2,97
mixture,0.009500000000000007,5155.836995086374,10317.673990172749,10332.397256009695,64.30602024892033,0.015550644041089162,0.015550643560832035,geom2,97
mixture,0.005250000000000003,5155.836995086374,10317.673990172749,10332.397256009695,64.30602092144844,0.015550643625486289,0.01555064340158657,geom2,97
mixture,0.009000000000000006,5155.836995086374,10317.673990172749,10332.397256009695,64.30602002374725,0.015550643874701234,0.015550643617531876,geom2,97
mixture,0.005750000000000003,5155.836995086375,10317.67399017275,10332.397256009697,64.30602072473795,0.015550643593284128,0.01555064344950433,geom2,97
mixture,0.007250000000000005,5155.836995086375,10317.67399017275,10332.397256009697,64.30602064689157,0.015550643696724027,0.015550643467494159,geom2,97
mixture,0.003000000000000001,5155.836995086375,10317.67399017275,10332.397256009697,64.30602062965215,0.015550643704929602,0.015550643472628047,geom2,97
mixture,0.008000000000000005,5155.836995086376,10317.673990172752,10332.397256009699,64.3060206796116,0.01555064367046196,0.015550643459556387,geom2,97
mixture,0.006500000000000004,5155.836995086376,10317.673990172752,10332.397256009699,64.30602006264951,0.015550643852945455,0.015550643608852352,geom2,97
mixture,0.002,5155.836995086376,10317.673990172752,10332.397256009699,64.30602089818608,0.015550643410250649,0.015550643408383674,geom2,97
mixture,0.004500000000000002,5155.836995086376,10317.673990172752,10332.397256009699,64.30602115972339,0.015550643754633053,0.015550643343290758,geom2,97
mixture,0.0035000000000000014,5155.836995086376,10317.673990172752,10332.397256009699,64.30602019515668,0.01555064373056551,0.015550643577861276,geom2,97
mixture,0.008250000000000006,5155.836995086376,10317.673990172752,10332.397256009699,64.30602048745148,0.015550643975201131,0.015550643503823413,geom2,97
mixture,0.007750000000000005,5155.836995086376,10317.673990172752,10332.397256009699,64.30602035067174,0.015550643891271941,0.015550643538051235,geom2,97
mixture,0.003250000000000001,5155.836995086377,10317.673990172754,10332.3972560097,64.30602069448764,0.015550643559842054,0.015550643457313053,geom2,97
mixture,0.0047500000000000025,5155.836995086377,10317.673990172754,10332.3972560097,64.30602119555033,0.01555064365050487,0.015550643334979289,geom2,97
mixture,0.0022500000000000003,5155.836995086378,10317.673990172756,10332.397256009703,64.30602071157226,0.015550643318061726,0.015550643453820281,geom2,97
mixture,0.0070000000000000045,5155.836995086378,10317.673990172756,10332.397256009703,64.30602088130658,0.015550643528492997,0.015550643411651355,geom2,97
mixture,0.004250000000000002,5155.83699508638,10317.67399017276,10332.397256009706,64.30602075881181,0.015550643610841358,0.015550643441370993,geom2,97
mixture,0.0025000000000000005,5155.83699508638,10317.67399017276,10332.397256009706,64.30602098666688,0.015550643491804884,0.015550643386728062,geom2,97
null,,5155.836995086372,10313.673990172743,10318.581745451726,64.30602024160883,0.015550643567162565,,geom2,97
sum,,5158.76420562024,10319.52841124048,10324.436166519463,96.56644744525781,0.02071112744552162,,geom2,97
mixture,0.5,5153.891673454291,10313.783346908582,10328.506612745528,64.18201149705686,0.015580689614968769,0.015580689614968769,geom2,98
mixture,0.35000000000000003,5153.891673454296,10313.783346908593,10328.50661274554,64.18201270404859,0.0155806910373594,0.015580688398286652,geom2,98
mixture,0.4,5153.891673454296,10313.783346908593,10328.50661274554,64.18201280671992,0.015580690724224688,0.015580688345579914,geom2,98
mixture,0.45,5153.891673454298,10313.783346908596,10328.506612745543,64.18201292812101,0.015580689869264445,0.015580688775268515,geom2,98
mixture,0.3,5153.891673454301,10313.783346908602,10328.506612745548,64.18201353456755,0.015580691456830682,0.015580688118997054,geom2,98
mixture,0.25,5153.891673454303,10313.783346908605,10328.506612745552,64.18201440534568,0.015580691445660898,0.015580688063391548,geom2,98
mixture,0.2,5153.8916734543045,10313.783346908609,10328.506612745556,64.18201507098877,0.015580692467975785,0.015580687817217146,geom2,98
mixture,0.15000000000000002,5153.891673454309,10313.783346908618,10328.506612745565,64.18201653258836,0.015580690857289243,0.015580687957600646,geom2,98
mixture,0.1,5153.891673454312,10313.783346908624,10328.50661274557,64.18201715341888,0.015580690238999266,0.0155806880199361,geom2,98
mixture,0.05,5153.891673454321,10313.783346908642,10328.506612745588,64.1820189405904,0.01558068966810773,0.015580687710091702,geom2,98
mixture,0.0070000000000000045,5153.891673454324,10313.783346908647,10328.506612745594,64.18201999259759,0.015580687709789789,0.015580687551501493,geom2,98
mixture,0.006750000000000004,5153.891673454324,10313.783346908647,10328.506612745594,64.18201996848579,0.015580687789926518,0.015580687556889839,geom2,98
mixture,0.008000000000000005,5153.8916734543245,10313.783346908649,10328.506612745596,64.18202009715988,0.015580687693826705,0.015580687525882646,geom2,98
mixture,0.0035000000000000014,5153.891673454325,10313.78334690865,10328.506612745598,64.18202048505705,0.015580687618737323,0.015580687432408974,geom2,98
mixture,0.007250000000000005,5153.891673454325,10313.78334690865,10328.506612745598,64.18202003963164,0.01558068773061771,0.015580687539808258,geom2,98
mixture,0.002,5153.891673454325,10313.78334690865,10328.506612745598,64.1820200626338,0.015580687679727458,0.015580687535318856,geom2,98
mixture,0.004250000000000002,5153.891673454325,10313.78334690865,10328.506612745598,64.18202005194124,0.015580687667051561,0.015580687537653433,geom2,98
mixture,0.010000000000000007,5153.891673454325,10313.78334690865,10328.506612745598,64.18202015713379,0.015580687888134504,0.015580687508874461,geom2,98
mixture,0.006500000000000004,5153.891673454325,10313.78334690865,10328.506612745598,64.18202025049708,0.015580687651577945,0.015580687488945283,geom2,98
mixture,0.007500000000000005,5153.891673454326,10313.783346908653,10328.5066127456,64.18202032533749,0.015580687696017045,0.01558068747014022,geom2,98
mixture,0.008500000000000006,5153.891673454326,10313.783346908653,10328.5066127456,64.18202050466407,0.015580687729553238,0.015580687425718774,geom2,98
mixture,0.005000000000000003,5153.891673454327,10313.783346908654,10328.506612745601,64.18202015831194,0.01558068762648989,0.015580687511807642,geom2,98
mixture,0.009500000000000007,5153.891673454327,10313.783346908654,10328.506612745601,64.18202034514553,0.015580687844854942,0.015580687463401936,geom2,98
mixture,0.003000000000000001,5153.891673454327,10313.783346908654,10328.506612745601,64.18202050572022,0.015580687482457962,0.015580687427881247,geom2,98
mixture,0.009750000000000007,5153.891673454327,10313.783346908654,10328.506612745601,64.18202092137507,0.015580687705164704,0.015580687323419495,geom2,98
mixture,0.0027500000000000007,5153.891673454327,10313.783346908654,10328.506612745601,64.18202058473534,0.015580687342261243,0.015580687409047101,geom2,98
mixture,0.0047500000000000025,5153.891673454328,10313.783346908656,10328.506612745603,64.18201998309083,0.01558068768662669,0.015580687554288748,geom2,98
mixture,0.005500000000000003,5153.891673454328,10313.783346908656,10328.506612745603,64.18201999461053,0.015580687666996674,0.015580687551485542,geom2,98
mixture,0.008750000000000006,5153.891673454328,10313.783346908656,10328.506612745603,64.18202088036395,0.015580687448086276,0.015580687336117557,geom2,98
mixture,0.009250000000000006,5153.891673454328,10313.783346908656,10328.506612745603,64.18202029048025,0.015580687804929133,0.015580687477265273,geom2,98
mixture,0.004500000000000002,5153.891673454328,10313.783346908656,10328.506612745603,64.18202060686401,0.01558068743549665,0.015580687403346857,geom2,98
mixture,0.003250000000000001,5153.891673454329,10313.783346908658,10328.506612745605,64.18202058818913,0.015580687288889243,0.015580687408413457,geom2,98
mixture,0.005250000000000003,5153.891673454329,10313.783346908658,10328.506612745605,64.18202057710506,0.015580687634522647,0.015580687409534562,geom2,98
mixture,0.004000000000000002,5153.891673454329,10313.783346908658,10328.506612745605,64.18202052062625,0.015580687677900338,0.015580687423408455,geom2,98
mixture,0.0025000000000000005,5153.891673454329,10313.783346908658,10328.506612745605,64.18202011808008,0.01558068761490499,0.015580687521915184,geom2,98
mixture,0.009000000000000006,5153.891673454329,10313.783346908658,10328.506612745605,64.18202011658033,0.015580687744075734,0.015580687520499544,geom2,98
mixture,0.006000000000000004,5153.891673454329,10313.783346908658,10328.506612745605,64.18202011597891,0.015580687597114715,0.015580687522208288,geom2,98
mixture,0.005750000000000003,5153.891673454329,10313.783346908658,10328.506612745605,64.18202012722944,0.015580687656785174,0.015580687519135087,geom2,98
mixture,0.007750000000000005,5153.891673454329,10313.783346908658,10328.506612745605,64.18202084925876,0.015580687537229982,0.015580687343144146,geom2,98
mixture,0.008250000000000006,5153.891673454329,10313.783346908658,10328.506612745605,64.18201994970431,0.015580687803776085,0.015580687561019447,geom2,98
mixture,0.006250000000000004,5153.89167345433,10313.78334690866,10328.506612745607,64.18202028357895,0.01558068795082844,0.015580687479022722,geom2,98
mixture,0.0037500000000000016,5153.891673454331,10313.783346908662,10328.506612745608,64.18202113108948,0.015580687552669248,0.015580687275191156,geom2,98
mixture,0.0022500000000000003,5153.891673454333,10313.783346908665,10328.506612745612,64.18202083825163,0.015580687337011762,0.015580687347343622,geom2,98
null,,5153.891673454333,10309.783346908665,10314.691102187648,64.18202087920197,0.015580687337379362,,geom2,98
sum,,5148.298701977765,10298.59740395553,10303.505159234512,95.69405683760377,0.020899939516558184,,geom2,98
mixture,0.4,5122.272985600484,10250.545971200969,10265.269237037915,62.20001239822618,0.016077168134003103,0.016077166599615476,geom2,99
mixture,0.5,5122.272985600484,10250.545971200969,10265.269237037915,62.200011934983046,0.016077167333107403,0.016077167333107403,geom2,99
mixture,0.45,5122.272985600486,10250.545971200972,10265.269237037919,62.20001263757118,0.01607716770030331,0.01607716670248954,geom2,99
mixture,0.35000000000000003,5122.272985600488,10250.545971200976,10265.269237037923,62.20001284259035,0.016077168309141066,0.01607716644663693,geom2,99
mixture,0.3,5122.272985600493,10250.545971200985,10265.269237037932,62.20001362248812,0.016077168811853584,0.0160771660762472,geom2,99
mixture,0.2,5122.2729856004935,10250.545971200987,10265.269237037934,62.2000145440408,0.016077168693251872,0.01607716615010014,geom2,99
mixture,0.25,5122.2729856004935,10250.545971200987,10265.269237037934,62.20001422953919,0.016077168779727244,0.01607716606011945,geom2,99
mixture,0.15000000000000002,5122.272985600499,10250.545971200998,10265.269237037945,62.200015891627615,0.01607716838296064,0.016077165944668813,geom2,99
mixture,0.1,5122.272985600501,10250.545971201002,10265.269237037948,62.200016608784765,0.016077168244044832,0.016077165889600772,geom2,99
mixture,0.005750000000000003,5122.272985600509,10250.545971201018,10265.269237037965,62.20001851952316,0.016077165882657188,0.016077165629712103,geom2,99
mixture,0.05,5122.272985600509,10250.545971201018,10265.269237037965,62.20001775981561,0.01607716708197482,0.01607716576150885,geom2,99
mixture,0.0035000000000000014,5122.27298560051,10250.54597120102,10265.269237037966,62.20001860993045,0.016077165770139422,0.016077165607228303,geom2,99
mixture,0.008750000000000006,5122.27298560051,10250.54597120102,10265.269237037966,62.20001854951423,0.01607716587015735,0.016077165621236532,geom2,99
mixture,0.010000000000000007,5122.27298560051,10250.54597120102,10265.269237037966,62.2000188498485,0.016077166169847668,0.016077165539481957,geom2,99
mixture,0.009000000000000006,5122.27298560051,10250.54597120102,10265.269237037966,62.200018486821016,0.01607716592148029,0.016077165637059448,geom2,99
mixture,0.004500000000000002,5122.272985600512,10250.545971201023,10265.26923703797,62.20001844537331,0.01607716579042378,0.01607716564969918,geom2,99
mixture,0.009500000000000007,5122.272985600512,10250.545971201023,10265.26923703797,62.200019032727,0.016077165869488427,0.01607716549495801,geom2,99
mixture,0.0070000000000000045,5122.272985600512,10250.545971201023,10265.26923703797,62.20001875740537,0.016077165840677532,0.01607716556776952,geom2,99
mixture,0.009750000000000007,5122.272985600512,10250.545971201023,10265.26923703797,62.20001901038053,0.01607716591310647,0.01607716550026687,geom2,99
mixture,0.003250000000000001,5122.272985600512,10250.545971201023,10265.26923703797,62.20001916389328,0.016077165530390396,0.016077165464398337,geom2,99
mixture,0.004250000000000002,5122.272985600512,10250.545971201023,10265.26923703797,62.20001846705779,0.016077165810433818,0.016077165644020282,geom2,99
mixture,0.005250000000000003,5122.272985600512,10250.545971201023,10265.26923703797,62.200019023148656,0.016077165581682,0.016077165500565954,geom2,99
mixture,0.0025000000000000005,5122.272985600513,10250.545971201025,10265.269237037972,62.20001867858866,0.016077165802963173,0.01607716558951843,geom2,99
mixture,0.007500000000000005,5122.272985600513,10250.545971201025,10265.269237037972,62.20001900057212,0.016077165868133573,0.016077165504097015,geom2,99
mixture,0.008250000000000006,5122.272985600513,10250.545971201025,10265.269237037972,62.200019198749736,0.016077165881123245,0.016077165452063537,geom2,99
mixture,0.007250000000000005,5122.2729856005135,10250.545971201027,10265.269237037974,62.20001844334708,0.01607716591318093,0.016077165648940427,geom2,99
mixture,0.0047500000000000025,5122.2729856005135,10250.545971201027,10265.269237037974,62.200019221521146,0.016077165357933732,0.016077165450155487,geom2,99
mixture,0.005500000000000003,5122.2729856005135,10250.545971201027,10265.269237037974,62.200019018536814,0.016077165739085405,0.016077165500873694,geom2,99
mixture,0.006500000000000004,5122.2729856005135,10250.545971201027,10265.269237037974,62.20001888723407,0.01607716582442956,0.01607716553423611,geom2,99
mixture,0.004000000000000002,5122.272985600514,10250.545971201029,10265.269237037975,62.20001919186005,0.01607716559545542,0.01607716545682959,geom2,99
mixture,0.009250000000000006,5122.272985600514,10250.545971201029,10265.269237037975,62.200019721924036,0.01607716558821829,0.016077165317874998,geom2,99
mixture,0.008500000000000006,5122.272985600514,10250.545971201029,10265.269237037975,62.200019607286556,0.01607716565939266,0.0160771653473543,geom2,99
mixture,0.0027500000000000007,5122.272985600515,10250.54597120103,10265.269237037977,62.20001867225469,0.01607716579774214,0.01607716559112101,geom2,99
mixture,0.003000000000000001,5122.272985600515,10250.54597120103,10265.269237037977,62.20001918437762,0.016077165757808456,0.016077165458419952,geom2,99
mixture,0.002,5122.272985600515,10250.54597120103,10265.269237037977,62.20001978233271,0.016077165487713412,0.01607716530439489,geom2,99
mixture,0.006750000000000004,5122.272985600515,10250.54597120103,10265.269237037977,62.20001962075234,0.016077165814637234,0.016077165343344826,geom2,99
mixture,0.006000000000000004,5122.272985600515,10250.54597120103,10265.269237037977,62.200019064635214,0.016077165893726854,0.016077165487833202,geom2,99
mixture,0.0037500000000000016,5122.272985600515,10250.54597120103,10265.269237037977,62.200019787954545,0.0160771655234546,0.016077165302479764,geom2,99
mixture,0.007750000000000005,5122.272985600515,10250.54597120103,10265.269237037977,62.200018957235734,0.016077165967412457,0.016077165514518744,geom2,99
mixture,0.006250000000000004,5122.272985600516,10250.545971201032,10265.26923703798,62.200018942357,0.01607716558267912,0.016077165521492038,geom2,99
mixture,0.0022500000000000003,5122.272985600516,10250.545971201032,10265.26923703798,62.20001931371972,0.016077165488733128,0.01607716542574466,geom2,99
mixture,0.005000000000000003,5122.272985600517,10250.545971201034,10265.269237037981,62.20001933005372,0.01607716578848311,0.01607716541982114,geom2,99
mixture,0.008000000000000005,5122.272985600517,10250.545971201034,10265.269237037981,62.20001897425556,0.01607716590740525,0.016077165510453854,geom2,99
null,,5122.272985600514,10246.545971201029,10251.453726480011,62.200019517797855,0.016077165373137237,,geom2,99
sum,,5112.3995992642895,10226.799198528579,10231.706953807561,92.45780829907223,0.02163148831660191,,geom2,99
