model,w1,NLL,AIC,BIC,mean,phi1,phi2,distribution,iteration
mixture,0.009000000000000006,6679.526949940739,13365.053899881477,13379.777165718424,108.75435718716098,0.0005,0.010919585909867443,mixture,0
mixture,0.010000000000000007,6681.812301060196,13369.624602120392,13384.347867957338,78.85917957689365,0.0009195594330260243,0.014562162830516673,mixture,0
mixture,0.009750000000000007,6683.1634271874545,13372.326854374909,13387.050120211856,77.78195164499415,0.0009170337944631949,0.014746869219342455,mixture,0
mixture,0.008250000000000006,6684.467642140719,13374.935284281439,13389.658550118385,103.20008925844708,0.0005,0.011438857889103905,mixture,0
mixture,0.25,6690.438006076449,13386.876012152898,13401.599277989844,155.02650110693378,0.0025621329948904707,0.013054477926325204,mixture,0
mixture,0.008750000000000006,6694.843539216809,13395.687078433619,13410.410344270565,61.941837471662,0.0011225851451865372,0.01830653566287484,mixture,0
mixture,0.008500000000000006,6698.40681993321,13402.81363986642,13417.536905703366,58.1833462395086,0.0011853353809449228,0.019436458365837468,mixture,0
mixture,0.009500000000000007,6700.544873077015,13407.08974615403,13421.813011990977,21.70183973097742,0.002138111085864683,0.0573914592562901,mixture,0
mixture,0.008000000000000005,6700.581028215691,13407.162056431382,13421.885322268328,57.66897331780911,0.001131097180811685,0.01960621755568766,mixture,0
mixture,0.009250000000000006,6701.407529643751,13408.815059287503,13423.53832512445,21.08364885119316,0.0021599949325326003,0.05896889201678638,mixture,0
mixture,0.007500000000000005,6703.659976977193,13413.319953954386,13428.043219791332,56.82833925397124,0.001087188631725264,0.01987790365751396,mixture,0
mixture,0.007750000000000005,6704.009943126052,13414.019886252105,13428.743152089051,53.97968896130531,0.0011885952773860735,0.020907349644411283,mixture,0
mixture,0.007250000000000005,6709.062047937121,13424.124095874242,13438.847361711189,16.44297394565357,0.0023305917825927405,0.07446271305330539,mixture,0
mixture,0.0070000000000000045,6710.04187254494,13426.08374508988,13440.807010926826,14.867992452443966,0.0024112240359981034,0.08299273568155084,mixture,0
mixture,0.006750000000000004,6710.954846899663,13427.909693799325,13442.632959636272,13.768897509901326,0.0024644077606988312,0.09005065816102459,mixture,0
mixture,0.006500000000000004,6711.826623869394,13429.653247738788,13444.376513575735,12.881863325077195,0.002505346233210955,0.09657434193893753,mixture,0
mixture,0.006250000000000004,6712.670756226435,13431.34151245287,13446.064778289816,12.119530599999532,0.0025390717684213348,0.10289396193430077,mixture,0
mixture,0.006000000000000004,6713.496067345111,13432.992134690223,13447.71540052717,11.439679224944879,0.002568109378118121,0.10919081093403937,mixture,0
mixture,0.005750000000000003,6714.309069979896,13434.618139959792,13449.341405796738,10.820030988722202,0.0025936883071612394,0.11556866166066553,mixture,0
mixture,0.005500000000000003,6715.115060535945,13436.23012107189,13450.953386908837,10.245206021440694,0.00261672229498058,0.12212433902602901,mixture,0
mixture,0.005250000000000003,6715.918727791905,13437.83745558381,13452.560721420758,9.708002863276707,0.0026375930794363123,0.1288945028486923,mixture,0
mixture,0.005000000000000003,6716.724551745253,13439.449103490506,13454.172369327453,9.200725433125026,0.0026567489729955023,0.1359526230209557,mixture,0
mixture,0.0047500000000000025,6717.537104433198,13441.074208866396,13455.797474703342,8.718946264879461,0.0026744127405816556,0.14334880112754594,mixture,0
mixture,0.004500000000000002,6718.361305541115,13442.72261108223,13457.445876919177,8.259323444717193,0.002690747943675604,0.15113271362409517,mixture,0
mixture,0.004250000000000002,6719.202661527416,13444.405323054832,13459.12858889178,7.818910635786477,0.0027058956808855145,0.1593642089535795,mixture,0
mixture,0.004000000000000002,6720.067509856008,13446.135019712015,13460.858285548962,7.395294605428243,0.0027199552495721217,0.1681102834829831,mixture,0
mixture,0.0037500000000000016,6720.963288799148,13447.926577598297,13462.649843435243,6.98603806619135,0.0027330533360541464,0.17745983807612087,mixture,0
mixture,0.0035000000000000014,6721.898856521344,13449.797713042688,13464.520978879635,6.588873883753807,0.002745302604942485,0.1875246205990176,mixture,0
mixture,0.003250000000000001,6722.884887753953,13451.769775507906,13466.493041344853,6.201549235365244,0.0027568199710615478,0.19845083120711587,mixture,0
mixture,0.003000000000000001,6723.934381171882,13453.868762343764,13468.59202818071,5.821362515728985,0.0027677879396722917,0.21045012811529126,mixture,0
mixture,0.0027500000000000007,6725.063311985727,13456.126623971453,13470.8498898084,5.445728707176032,0.0027783895871735446,0.2238020482163617,mixture,0
mixture,0.0025000000000000005,6726.291450671446,13458.582901342892,13473.306167179839,5.071328948145538,0.002788916568037805,0.23892653350053328,mixture,0
mixture,0.0022500000000000003,6727.643307622662,13461.286615245324,13476.009881082271,4.694244299361089,0.0027997758878782453,0.25645088364832563,mixture,0
mixture,0.002,6729.148944609265,13464.29788921853,13479.021155055476,4.309128394005921,0.002811632013037491,0.27739191258318435,mixture,0
mixture,0.05,6733.6200851738695,13473.240170347739,13487.963436184686,19.648274771662336,0.003038671126684763,0.29745936091521513,mixture,0
mixture,0.1,6734.458780521207,13474.917561042414,13489.64082687936,35.91302877185719,0.003040678681177444,0.2974583125809074,mixture,0
mixture,0.15000000000000002,6734.757284564221,13475.514569128442,13490.237834965388,52.17920925702584,0.0030412599331557954,0.2974580868527424,mixture,0
mixture,0.2,6734.910321351469,13475.820642702938,13490.543908539885,68.44579056315074,0.0030415320327402844,0.29745799987100946,mixture,0
mixture,0.3,6735.065949085532,13476.131898171065,13490.855164008011,100.97235890195824,0.003042008686807411,0.2974532310643773,mixture,0
mixture,0.35000000000000003,6735.110909944904,13476.221819889808,13490.945085726755,117.24540845649909,0.003041885273775468,0.2974576823256413,mixture,0
mixture,0.4,6735.1447681920135,13476.289536384027,13491.012802220974,133.51171598589275,0.003041949491957716,0.2974577001676749,mixture,0
mixture,0.45,6735.171187804845,13476.34237560969,13491.065641446638,149.77992322897202,0.0030419603579896113,0.29745786421452863,mixture,0
mixture,0.5,6735.192377338491,13476.384754676981,13491.108020513928,166.04683560736734,0.0030419930360732444,0.29745786260210033,mixture,0
null,,6735.288328187102,13472.576656374204,13477.484411653186,328.71635568258375,0.0030421364276915492,,mixture,0
sum,,6768.153016344647,13538.306032689294,13543.213787968276,485.8776209797029,0.004116262848178283,,mixture,0
mixture,0.010000000000000007,6692.13571998101,13390.27143996202,13404.994705798967,62.99683133441573,0.0010487133425220014,0.018518055349003682,mixture,1
mixture,0.009750000000000007,6693.3024166171035,13392.604833234207,13407.328099071154,62.020521257397675,0.0010506474577526592,0.018775882872121334,mixture,1
mixture,0.009500000000000007,6693.856711063995,13393.71342212799,13408.436687964937,70.9675076023338,0.0008572594561483121,0.01653984677124081,mixture,1
mixture,0.009250000000000006,6695.041002459802,13396.082004919605,13410.805270756551,70.6910776737623,0.0008433132957484313,0.016589242495918952,mixture,1
mixture,0.009000000000000006,6696.290094014719,13398.580188029438,13413.303453866385,70.37253535334298,0.0008296037982529793,0.01664875139867835,mixture,1
mixture,0.008750000000000006,6697.609230161782,13401.218460323564,13415.94172616051,70.0069522766231,0.0008161915068156711,0.016719677939064537,mixture,1
mixture,0.008500000000000006,6699.004218791092,13404.008437582184,13418.731703419131,69.58916102870245,0.0008031355560906239,0.016803477721392193,mixture,1
mixture,0.008250000000000006,6700.4814982276985,13406.962996455397,13421.686262292344,69.11037225000274,0.0007905515016134914,0.016902538240588415,mixture,1
mixture,0.008000000000000005,6702.048213907222,13410.096427814444,13424.81969365139,68.57189153705494,0.0007783975425126384,0.0170170816579516,mixture,1
mixture,0.007750000000000005,6703.712306124862,13413.424612249724,13428.147878086671,67.9660965856754,0.0007667851709802923,0.017149460430910642,mixture,1
mixture,0.007500000000000005,6705.482612725771,13416.965225451542,13431.688491288489,67.287573739081,0.00075577501323236,0.017301796425063878,mixture,1
mixture,0.007250000000000005,6707.36898970302,13420.73797940604,13435.461245242986,66.5349014397805,0.0007453792426580321,0.017475436515902748,mixture,1
mixture,0.006750000000000004,6712.088972321331,13430.177944642663,13444.90121047961,56.6838170888541,0.0008875163189460046,0.02023805901681933,mixture,1
mixture,0.0070000000000000045,6713.074436609417,13432.148873218834,13446.87213905578,47.3054859210871,0.0011740790654786283,0.024018363580045436,mixture,1
mixture,0.006500000000000004,6713.841581512285,13433.68316302457,13448.406428861517,63.801559600314526,0.0007182316298432746,0.018145603558903423,mixture,1
mixture,0.006250000000000004,6718.248929752979,13442.497859505958,13457.221125342905,49.06414090744953,0.0010174928747321882,0.023152682821716748,mixture,1
mixture,0.005750000000000003,6721.847781429451,13449.695562858902,13464.418828695849,60.32161333916698,0.0006976305500609357,0.019091031337995834,mixture,1
mixture,0.006000000000000004,6726.42268350606,13458.84536701212,13473.568632849066,40.15127586849921,0.0013078617005049986,0.027949898949854998,mixture,1
mixture,0.005250000000000003,6728.302779853204,13462.605559706408,13477.328825543354,57.57600361323893,0.0006877152688306034,0.019918092911991928,mixture,1
mixture,0.005500000000000003,6743.182955740174,13492.365911480349,13507.089177317295,13.228127833706669,0.002298482469460618,0.09178380647221049,mixture,1
mixture,0.005000000000000003,6745.93872935836,13497.87745871672,13512.600724553668,8.970797305031642,0.0026101197814904823,0.1410312007257799,mixture,1
mixture,0.0047500000000000025,6746.748664110868,13499.497328221736,13514.220594058683,8.03788247450827,0.0026645082969704794,0.15910788742238866,mixture,1
mixture,0.004500000000000002,6747.473733357925,13500.94746671585,13515.670732552797,7.347341930023668,0.0027006086036154803,0.17523166479991692,mixture,1
mixture,0.004250000000000002,6748.144909135943,13502.289818271885,13517.013084108832,6.765152119635761,0.002728745284937626,0.19120872918108556,mixture,1
mixture,0.004000000000000002,6748.777052343443,13503.554104686886,13518.277370523832,6.246049126857672,0.0027523750271638927,0.20781350394347337,mixture,1
mixture,0.0037500000000000016,6749.378488428454,13504.756976856908,13519.480242693855,5.768087081203785,0.0027732116978743384,0.2256070226513518,mixture,1
mixture,0.0035000000000000014,6750.324639591276,13506.649279182551,13521.372545019498,4.574674617509946,0.0028531004485977795,0.297645807224639,mixture,1
mixture,0.003250000000000001,6750.624157234754,13507.248314469509,13521.971580306456,4.491460450216641,0.002843884651752662,0.2976566053896905,mixture,1
mixture,0.003000000000000001,6751.034062485707,13508.068124971414,13522.791390808361,4.408348673826087,0.002832907253400064,0.29766828460744216,mixture,1
mixture,0.0027500000000000007,6751.592497177826,13509.184994355652,13523.908260192598,4.325225290286721,0.0028200089411473533,0.2976820284259579,mixture,1
mixture,0.0025000000000000005,6752.321344339349,13510.642688678698,13525.365954515644,4.215445261368534,0.002807584147460932,0.3,mixture,1
mixture,0.0022500000000000003,6753.342146229428,13512.684292458856,13527.407558295803,4.132448695920895,0.0027894336065980314,0.3,mixture,1
mixture,0.05,6754.465680632159,13514.931361264318,13529.654627101265,20.097011386640602,0.0029578497612832754,0.2975407694555568,mixture,1
mixture,0.002,6754.764403048541,13515.528806097082,13530.252071934028,4.049437839695078,0.002767127515088905,0.3,mixture,1
mixture,0.1,6755.221015778798,13516.442031557595,13531.165297394542,36.80801277799236,0.002960051019214632,0.29753922279069506,mixture,1
mixture,0.15000000000000002,6755.494299086144,13516.988598172287,13531.711864009234,53.520636525302564,0.0029606899371508602,0.2975388359014605,mixture,1
mixture,0.2,6755.635276339524,13517.270552679049,13531.993818515995,70.2337198155286,0.002960989247743705,0.2975386696610231,mixture,1
mixture,0.25,6755.721292742476,13517.442585484952,13532.165851321899,86.94699810596657,0.002961161994630944,0.2975385791242124,mixture,1
mixture,0.3,6755.779243152874,13517.558486305748,13532.281752142695,103.66038560981643,0.0029612739671170903,0.29753852298751965,mixture,1
mixture,0.35000000000000003,6755.8209356638135,13517.641871327627,13532.365137164574,120.37200864394083,0.0029613982886715702,0.29753778027670014,mixture,1
mixture,0.4,6755.852371844101,13517.704743688202,13532.428009525149,137.08652674899216,0.002961427852548094,0.29753831316053486,mixture,1
mixture,0.45,6755.876920404952,13517.753840809904,13532.477106646851,153.80067024046986,0.0029614582122278197,0.297538412989992,mixture,1
mixture,0.5,6755.896621578413,13517.793243156826,13532.516508993773,170.51415503168278,0.002961494067716838,0.2975384000433043,mixture,1
null,,6755.985968872352,13513.971937744704,13518.879693023686,337.64946742729876,0.002961651346941087,,mixture,1
sum,,6786.789035539298,13575.578071078597,13580.485826357579,498.0924540399053,0.004015318810350352,,mixture,1
mixture,0.010000000000000007,6726.583412698702,13459.166825397404,13473.89009123435,17.347016933083495,0.0024262995739871896,0.07485531186067568,mixture,2
mixture,0.009750000000000007,6727.013266116643,13460.026532233285,13474.749798070232,16.917180046445093,0.0024346021558737043,0.07668973597130092,mixture,2
mixture,0.009500000000000007,6727.451461650945,13460.90292330189,13475.626189138837,16.49033785753946,0.0024428131874178467,0.07860250854786321,mixture,2
mixture,0.009250000000000006,6727.898497086296,13461.796994172591,13476.520260009538,16.066576366216598,0.0024510725324591604,0.08059649467558601,mixture,2
mixture,0.009000000000000006,6728.354878829268,13462.709757658537,13477.433023495483,15.64618631657844,0.0024593144930055095,0.08267544787714458,mixture,2
mixture,0.008750000000000006,6728.821123526786,13463.642247053573,13478.36551289052,15.228133759977595,0.002467586959391094,0.08485160688177715,mixture,2
mixture,0.008500000000000006,6729.297756750588,13464.595513501175,13479.318779338122,14.811784612954373,0.00247600501568857,0.08713545664400674,mixture,2
mixture,0.008250000000000006,6729.785307926508,13465.570615853016,13480.293881689962,14.395785051974796,0.002484402311066759,0.0895479922892863,mixture,2
mixture,0.008000000000000005,6730.284313652883,13466.568627305765,13481.291893142712,13.979835373325823,0.0024930287217223815,0.0921001197915189,mixture,2
mixture,0.007750000000000005,6730.795306567667,13467.590613135333,13482.31387897228,13.566356388535391,0.0025017214333238375,0.09478444815549661,mixture,2
mixture,0.007500000000000005,6731.318815214581,13468.637630429163,13483.36089626611,13.15192350692966,0.0025106384334935457,0.09764245818815098,mixture,2
mixture,0.007250000000000005,6731.855355538981,13469.710711077962,13484.433976914908,12.735994924039947,0.0025197942258745557,0.10069708600045628,mixture,2
mixture,0.0070000000000000045,6732.405422264405,13470.81084452881,13485.534110365757,12.321577235401989,0.0025291699716951297,0.10393692991086032,mixture,2
mixture,0.006750000000000004,6732.969485432096,13471.938970864192,13486.662236701139,11.904720289356696,0.002538850181638745,0.10742440910238006,mixture,2
mixture,0.006500000000000004,6733.547978329178,13473.095956658355,13487.819222495302,11.486852074090255,0.0025488323746333114,0.1111712285539279,mixture,2
mixture,0.006250000000000004,6734.141294298339,13474.282588596678,13489.005854433624,11.066708641186318,0.002559180334290883,0.1152237977917643,mixture,2
mixture,0.006000000000000004,6734.749783578745,13475.49956715749,13490.222832994437,10.64695828102722,0.0025698538533772517,0.11958333276749941,mixture,2
mixture,0.005750000000000003,6735.373763557346,13476.747527114692,13491.470792951639,10.22467568869074,0.002580930257902078,0.12433103193585646,mixture,2
mixture,0.005500000000000003,6736.01353649064,13478.02707298128,13492.750338818227,9.801470823998258,0.0025923763356779455,0.12949445901023313,mixture,2
mixture,0.005250000000000003,6736.6694317933125,13479.338863586625,13494.062129423572,9.377854293648896,0.002604172901705936,0.13512211843826227,mixture,2
mixture,0.005000000000000003,6737.341874006295,13480.68374801259,13495.407013849537,8.954442799961718,0.002616289166978559,0.1412682239041624,mixture,2
mixture,0.0047500000000000025,6738.031484290104,13482.062968580209,13496.786234417155,8.532367621256801,0.0026286409794741726,0.14798485847102527,mixture,2
mixture,0.004500000000000002,6738.739218153384,13483.478436306768,13498.201702143715,8.112609789821889,0.0026411600646021652,0.1553329762747616,mixture,2
mixture,0.004250000000000002,6739.466537958175,13484.93307591635,13499.656341753296,7.696781296094554,0.002653694821293171,0.1633651647038531,mixture,2
mixture,0.004000000000000002,6740.21561303232,13486.43122606464,13501.154491901587,7.284678724324957,0.0026662951587307533,0.17218518686561754,mixture,2
mixture,0.0037500000000000016,6740.989542436685,13487.97908487337,13502.702350710317,6.878491231310276,0.002678697859576332,0.18184531870811263,mixture,2
mixture,0.0035000000000000014,6741.792591630523,13489.585183261046,13504.308449097993,6.478136933391533,0.0026909045391169425,0.1924689290482452,mixture,2
mixture,0.003250000000000001,6742.630451342575,13491.26090268515,13505.984168522096,6.083339273551948,0.002702890359596212,0.20421343438675765,mixture,2
mixture,0.003000000000000001,6743.510529856754,13493.021059713508,13507.744325550455,5.693719618972566,0.0027146599622899837,0.21727718267543616,mixture,2
mixture,0.0027500000000000007,6744.442300014689,13494.884600029378,13509.607865866325,5.308124439160275,0.00272627945436265,0.231949689309827,mixture,2
mixture,0.0025000000000000005,6745.437721632037,13496.875443264074,13511.598709101021,4.924780992400236,0.002737896872123676,0.24864948045340576,mixture,2
mixture,0.0022500000000000003,6746.511745379753,13499.023490759506,13513.746756596453,4.541414463804151,0.002749743796412937,0.26798498086393835,mixture,2
mixture,0.002,6747.697509117224,13501.395018234449,13516.118284071395,4.073419479686635,0.00277248132857504,0.2977287872148235,mixture,2
mixture,0.05,6754.497788786524,13514.995577573049,13529.718843409995,20.101554770271733,0.0029570545537102367,0.2975409992603574,mixture,2
mixture,0.1,6755.501387792543,13517.002775585086,13531.726041422033,36.8239724931811,0.0029586523071906796,0.29754034394791645,mixture,2
mixture,0.15000000000000002,6755.859018427295,13517.71803685459,13532.441302691537,53.54817113831622,0.0029590809437849037,0.297540267621357,mixture,2
mixture,0.2,6756.042474752774,13518.084949505548,13532.808215342495,70.2728689811447,0.002959273419726711,0.29754025922484884,mixture,2
mixture,0.25,6756.15407721122,13518.30815442244,13533.031420259387,86.9977792617156,0.0029593814708977783,0.2975402642915106,mixture,2
mixture,0.3,6756.229126285618,13518.458252571236,13533.181518408182,103.7228070905856,0.0029594500771250713,0.29754027226844243,mixture,2
mixture,0.35000000000000003,6756.283047394201,13518.566094788403,13533.28936062535,120.44246048010325,0.002959634266773919,0.29753656145978086,mixture,2
mixture,0.4,6756.32367416693,13518.64734833386,13533.370614170806,137.16991413111475,0.0029596005240455853,0.29753950387996136,mixture,2
mixture,0.45,6756.355374886494,13518.710749772988,13533.434015609935,153.89697176193067,0.002959582333308996,0.29754013106057375,mixture,2
mixture,0.5,6756.380801578967,13518.761603157935,13533.484868994881,170.62317903065266,0.0029595827381143675,0.2975402727502174,mixture,2
null,,6756.495959038214,13514.991918076428,13519.89967335541,337.87504540973293,0.0029596740380377134,,mixture,2
sum,,6788.77769600376,13579.55539200752,13584.463147286502,498.2216946949594,0.004014277220955859,,mixture,2
mixture,0.010000000000000007,6812.714378629152,13631.428757258303,13646.15202309525,7.017455453077515,0.002707833029579761,0.2977922258453232,mixture,3
mixture,0.009750000000000007,6812.7366972394375,13631.473394478875,13646.196660315822,6.927246007559985,0.0027068654500502854,0.2977932361431709,mixture,3
mixture,0.009500000000000007,6812.761652209958,13631.523304419916,13646.246570256862,6.837040841969843,0.0027058438943990777,0.29779430392037787,mixture,3
mixture,0.009250000000000006,6812.789543613904,13631.579087227808,13646.302353064755,6.746840065241115,0.002704763927885139,0.2977954339666579,mixture,3
mixture,0.009000000000000006,6812.820711890632,13631.641423781264,13646.36468961821,6.656643988195304,0.002703620461441312,0.29779663173002485,mixture,3
mixture,0.008750000000000006,6812.855544348895,13631.71108869779,13646.434354534736,6.566452631055916,0.002702408073668571,0.2977979030561164,mixture,3
mixture,0.008500000000000006,6812.894482913851,13631.788965827702,13646.512231664648,6.47626621163678,0.002701120538680064,0.29779925467149315,mixture,3
mixture,0.05,6812.909231523789,13631.818463047577,13646.541728884524,21.468383270033847,0.0027355382839334033,0.2977641087926732,mixture,3
mixture,0.008250000000000006,6812.938033394939,13631.876066789879,13646.599332626825,6.386084909244433,0.002699750916914993,0.2978006940373572,mixture,3
mixture,0.008000000000000005,6812.986776626196,13631.973553252392,13646.696819089339,6.295908899819312,0.002698291411554506,0.29780222956570096,mixture,3
mixture,0.007750000000000005,6813.041381922774,13632.082763845548,13646.806029682495,6.205738367264633,0.0026967332209452406,0.29780387075939707,mixture,3
mixture,0.1,6813.0995321095015,13632.199064219003,13646.92233005595,39.54012316094835,0.002738407932498624,0.2977613912268406,mixture,3
mixture,0.007500000000000005,6813.102623421284,13632.205246842568,13646.928512679515,6.115573491304589,0.0026950663848803536,0.2978056283538195,mixture,3
mixture,0.007250000000000005,6813.171400031204,13632.342800062408,13647.066065899355,6.025414454460112,0.0026932795791601524,0.29780751458766386,mixture,3
mixture,0.15000000000000002,6813.17438124887,13632.34876249774,13647.072028334687,57.61287308285758,0.002739314237913329,0.29776055188729933,mixture,3
mixture,0.2,6813.2140893181695,13632.428178636339,13647.151444473286,75.68590234527105,0.0027397569492363183,0.29776014600825884,mixture,3
mixture,0.25,6813.238664727947,13632.477329455895,13647.200595292841,93.75905164707451,0.002740018983656186,0.2977599071674271,mixture,3
mixture,0.0070000000000000045,6813.24875994124,13632.49751988248,13647.220785719426,5.935261429909381,0.0026913598875201107,0.29780954342348454,mixture,3
mixture,0.3,6813.255365828373,13632.510731656746,13647.233997493693,111.832261143459,0.0027401921716513514,0.29775974991107534,mixture,3
mixture,0.35000000000000003,6813.267452221443,13632.534904442886,13647.258170279832,129.9055076951879,0.002740315084704297,0.2977596385961169,mixture,3
mixture,0.4,6813.276603488062,13632.553206976125,13647.276472813071,147.97877978851838,0.0027404067912303225,0.2977595556962511,mixture,3
mixture,0.45,6813.283772645216,13632.567545290432,13647.29081112738,166.05207233825942,0.0027404777778566205,0.2977594916331181,mixture,3
mixture,0.5,6813.289540548406,13632.579081096812,13647.302346933759,184.1254217847468,0.002740533712898253,0.29775944141526395,mixture,3
mixture,0.006750000000000004,6813.315680051133,13632.631360102267,13647.354625939213,362.4183509192767,0.29998195287305013,0.0027407874598741446,mixture,3
mixture,0.006500000000000004,6813.315686648328,13632.631373296656,13647.354639133602,362.50872370237914,0.29998357933291014,0.002740787523215482,mixture,3
mixture,0.006250000000000004,6813.315693241892,13632.631386483785,13647.354652320731,362.5990961946322,0.2999851336501958,0.0027407875888297243,mixture,3
mixture,0.006000000000000004,6813.315699848188,13632.631399696376,13647.354665533323,362.6894734382016,0.2999970862376671,0.00274078761333019,mixture,3
mixture,0.005750000000000003,6813.315706432735,13632.63141286547,13647.354678702417,362.7798409595773,0.2999977064124672,0.0027407877172452764,mixture,3
mixture,0.005500000000000003,6813.315713013906,13632.631426027812,13647.354691864759,362.87021921951333,0.2999982905182428,0.0027407877400374976,mixture,3
mixture,0.005250000000000003,6813.315719591706,13632.631439183411,13647.354705020358,362.96058666558866,0.29999888156358856,0.0027407878445012677,mixture,3
mixture,0.005000000000000003,6813.3157261660435,13632.631452332087,13647.354718169034,363.05095939351787,0.2999993754899646,0.00274078790910184,mixture,3
mixture,0.0047500000000000025,6813.315732737033,13632.631465474065,13647.354731311012,363.14133816154686,0.2999998333381976,0.002740787928115758,mixture,3
mixture,0.004500000000000002,6813.315739304335,13632.63147860867,13647.354744445616,363.2317053802416,0.2999999999353796,0.0027407880343990436,mixture,3
mixture,0.004250000000000002,6813.31574586649,13632.63149173298,13647.354757569927,363.32208379517084,0.29999844722242647,0.002740788056784263,mixture,3
mixture,0.004000000000000002,6813.315752427641,13632.631504855282,13647.354770692229,363.41245674026277,0.2999988965651625,0.0027407881196760773,mixture,3
mixture,0.0037500000000000016,6813.315758983661,13632.631517967322,13647.354783804269,363.5028297633387,0.299997449866758,0.0027407881825628347,mixture,3
mixture,0.0035000000000000014,6813.315765538328,13632.631531076657,13647.354796913603,363.5932026640134,0.2999979087361857,0.0027407882457215144,mixture,3
mixture,0.003250000000000001,6813.315772089715,13632.63154417943,13647.354810016377,363.68357558190945,0.2999984296766324,0.0027407883087210475,mixture,3
mixture,0.003000000000000001,6813.315778637604,13632.631557275208,13647.354823112155,363.7739429005093,0.2999987182602375,0.002740788413957187,mixture,3
mixture,0.0027500000000000007,6813.315785182909,13632.631570365818,13647.354836202765,363.86431588482225,0.2999999999638815,0.002740788476246312,mixture,3
mixture,0.0025000000000000005,6813.315791724046,13632.631583448092,13647.354849285039,363.95469412097134,0.29999999996262205,0.0027407884992757,mixture,3
mixture,0.0022500000000000003,6813.315798261852,13632.631596523705,13647.354862360651,364.0450617192334,0.29999999996737714,0.002740788602384729,mixture,3
mixture,0.002,6813.315804796512,13632.631609593023,13647.35487542997,364.13544027273457,0.29999999997362736,0.002740788622982281,mixture,3
null,,6813.315856957099,13628.631713914197,13633.53946919318,364.85843126577447,0.002740789068600605,,mixture,3
sum,,6839.780730556975,13681.56146111395,13686.469216392932,531.7662873779934,0.00376105076134386,,mixture,3
mixture,0.010000000000000007,6790.25659435405,13586.5131887081,13601.236454545047,77.28798196444147,0.0006712459865272707,0.015867847756378853,mixture,4
mixture,0.009750000000000007,6791.319644988688,13588.639289977376,13603.362555814323,76.63336424177459,0.0006639124334745685,0.015985260443335113,mixture,4
mixture,0.009500000000000007,6792.444333209718,13590.888666419436,13605.611932256383,75.94929456402858,0.0006566961613760457,0.016110160184090033,mixture,4
mixture,0.009250000000000006,6793.635352320418,13593.270704640836,13607.993970477783,75.23347875457594,0.0006496202236494806,0.01624329712072041,mixture,4
mixture,0.009000000000000006,6794.8978563684805,13595.795712736961,13610.518978573908,74.48696197678873,0.0006426690905551683,0.016384805732405684,mixture,4
mixture,0.008750000000000006,6796.237516271918,13598.475032543836,13613.198298380783,73.70514170048354,0.0006358857104882042,0.016536044475080745,mixture,4
mixture,0.008500000000000006,6797.660584871535,13601.32116974307,13616.044435580017,72.89265743285812,0.0006292177684388712,0.016696466909211956,mixture,4
mixture,0.008250000000000006,6799.173971058111,13604.347942116223,13619.07120795317,72.03808899128154,0.0006227916948810718,0.016868997050941612,mixture,4
mixture,0.007500000000000005,6804.336912117826,13614.673824235651,13629.397090072598,69.25363772133736,0.0006045270695822731,0.017459069356599285,mixture,4
mixture,0.007750000000000005,6805.167441745492,13616.334883490985,13631.058149327931,59.4241217630477,0.0008412682485990516,0.019761275360712954,mixture,4
mixture,0.008000000000000005,6806.139757038171,13618.279514076343,13633.00277991329,56.452958053116056,0.00095310995409061,0.020641130607928982,mixture,4
mixture,0.006750000000000004,6810.64597069547,13627.29194139094,13642.015207227887,66.0916206376317,0.0005882003143589281,0.018186083260676666,mixture,4
mixture,0.007250000000000005,6812.534656818263,13631.069313636526,13645.792579473473,53.40210077869351,0.0009551625592368395,0.021670195348750608,mixture,4
mixture,0.006500000000000004,6813.062817058646,13632.125634117292,13646.848899954239,64.94702205109814,0.0005832297517989371,0.018465792470630862,mixture,4
mixture,0.006250000000000004,6815.663268340169,13637.326536680339,13652.049802517286,63.75272836618788,0.0005785352200684766,0.01876785313577374,mixture,4
mixture,0.0070000000000000045,6815.903901393958,13637.807802787916,13652.531068624863,51.542194725305364,0.0009835004891358523,0.022352399604853298,mixture,4
mixture,0.006000000000000004,6821.423661351404,13648.847322702808,13663.570588539755,52.9005678601147,0.0008001193852274701,0.021893459631595252,mixture,4
mixture,0.005750000000000003,6853.847130438824,13713.694260877648,13728.417526714595,10.176972991367236,0.0022631775880231444,0.13020053366847134,mixture,4
mixture,0.005500000000000003,6854.400011981587,13714.800023963175,13729.523289800121,9.465472885629456,0.0022901218071544214,0.14078716991798373,mixture,4
mixture,0.005250000000000003,6854.920710042754,13715.841420085508,13730.564685922454,8.8748662078817,0.0023102838083915696,0.1506644960119959,mixture,4
mixture,0.005000000000000003,6855.421455271033,13716.842910542066,13731.566176379012,8.349938575091928,0.0023268636122429766,0.16045479936886828,mixture,4
mixture,0.0047500000000000025,6855.909400303954,13717.818800607907,13732.542066444854,7.866232940156435,0.002341264187934562,0.1704950030661737,mixture,4
mixture,0.004500000000000002,6856.389277753592,13718.778555507184,13733.50182134413,7.410878307752736,0.0023542192351802753,0.1810192023230652,mixture,4
mixture,0.003250000000000001,6858.762410997408,13723.524821994815,13738.248087831762,5.361579772133165,0.0024085754926559304,0.2484276541629742,mixture,4
mixture,0.004250000000000002,6858.817006406534,13723.634012813069,13738.357278650015,5.055062486821193,0.002479836522955544,0.29801811557068336,mixture,4
mixture,0.004000000000000002,6858.842209851551,13723.684419703102,13738.407685540049,4.958146992021759,0.002475056732571144,0.2980231352487982,mixture,4
mixture,0.0037500000000000016,6858.900806630043,13723.801613260086,13738.524879097033,4.861246015672356,0.0024696254333416595,0.29802885511461685,mixture,4
mixture,0.0035000000000000014,6859.003701363331,13724.007402726662,13738.730668563609,4.764359161964318,0.002463406388552056,0.2980354192720388,mixture,4
mixture,0.003000000000000001,6859.407958577481,13724.815917154961,13739.539182991908,4.570684420033261,0.0024477361334678477,0.2980512664575005,mixture,4
mixture,0.0027500000000000007,6859.7596458808575,13725.519291761715,13740.242557598662,4.47376945294934,0.00243795714678847,0.29806240365750003,mixture,4
mixture,0.0025000000000000005,6860.263784924133,13726.527569848266,13741.250835685212,4.376927879811253,0.0024261185010097594,0.29807481071485264,mixture,4
mixture,0.0022500000000000003,6860.984522432066,13727.969044864132,13742.692310701079,4.280072351277864,0.0024117630036933216,0.2980898767966668,mixture,4
mixture,0.002,6861.974340511373,13729.948681022746,13744.671946859693,4.161241992290176,0.0023964283853057907,0.3,mixture,4
mixture,0.05,6863.38695875316,13732.77391750632,13747.497183343266,22.861482148862034,0.002541541639741052,0.29795665122452814,mixture,4
mixture,0.1,6864.006110949038,13734.012221898076,13748.735487735023,42.34012264819025,0.002543264715965237,0.2979558097269056,mixture,4
mixture,0.15000000000000002,6864.227429456893,13734.454858913787,13749.178124750733,61.818905755889126,0.0025438330438638758,0.29795583262811864,mixture,4
mixture,0.2,6864.341062382203,13734.682124764406,13749.405390601352,81.2990853112541,0.0025440721607561567,0.2979556881493017,mixture,4
mixture,0.25,6864.410218091101,13734.820436182203,13749.54370201915,100.77943012649405,0.0025442113554554713,0.29795560711473495,mixture,4
mixture,0.3,6864.456734302862,13734.913468605724,13749.63673444267,120.25986112701317,0.002544302293670231,0.2979555555586344,mixture,4
mixture,0.35000000000000003,6864.490164010763,13734.980328021526,13749.703593858472,139.74033688716474,0.002544366422396422,0.2979555198597279,mixture,4
mixture,0.4,6864.515348484199,13735.030696968399,13749.753962805346,159.22084566434165,0.0025444139849747573,0.29795549378545055,mixture,4
mixture,0.45,6864.535003209651,13735.070006419302,13749.79327225625,178.70137582744084,0.0025444506706616844,0.2979554739190851,mixture,4
mixture,0.5,6864.550769230257,13735.101538460514,13749.824804297461,198.18193008368257,0.002544479707394843,0.29795545833209935,mixture,4
null,,6864.62218398121,13731.24436796242,13736.152123241402,392.9876751350646,0.002544609063519138,,mixture,4
sum,,6893.510942610196,13789.021885220393,13793.929640499375,571.1351428995717,0.0035017981731018774,,mixture,4
mixture,0.05,6719.427620873055,13444.85524174611,13459.578507583057,122.62652856725296,0.0014183453937920846,0.010872776744683425,mixture,5
mixture,0.010000000000000007,6736.082348175517,13478.164696351034,13492.88796218798,102.18588594854646,0.0005,0.012045863940918063,mixture,5
mixture,0.009750000000000007,6737.2461900957405,13480.492380191481,13495.215646028428,100.73016536765446,0.0005,0.012190668275979083,mixture,5
mixture,0.009500000000000007,6738.48648112718,13482.97296225436,13497.696228091307,99.25836639215447,0.0005,0.012341392486862592,mixture,5
mixture,0.009250000000000006,6739.8085896428565,13485.617179285713,13500.34044512266,97.7697196120495,0.0005,0.012498467319536223,mixture,5
mixture,0.008750000000000006,6742.722319316504,13491.444638633007,13506.167904469954,94.73829533581385,0.0005,0.012833659723978624,mixture,5
mixture,0.008250000000000006,6746.04159414939,13498.08318829878,13512.806454135727,91.62791520097845,0.0005,0.013200818861363582,mixture,5
mixture,0.008000000000000005,6747.87333778274,13501.74667556548,13516.469941402427,90.04018257883473,0.0005,0.013398130115951054,mixture,5
mixture,0.007500000000000005,6751.928793893927,13509.857587787854,13524.5808536248,86.79279869073483,0.0005,0.013824506330717634,mixture,5
mixture,0.009000000000000006,6758.94354693699,13523.88709387398,13538.610359710927,66.01067055613065,0.001045293970599237,0.017264612116509516,mixture,5
mixture,0.008500000000000006,6767.58927814038,13541.17855628076,13555.901822117707,62.12758031019007,0.0011182895781396344,0.01818375658300344,mixture,5
mixture,0.007750000000000005,6789.394322378446,13584.788644756893,13599.51191059384,17.34839428084854,0.0021185237847589993,0.07247892447529501,mixture,5
mixture,0.007250000000000005,6791.138492038327,13588.276984076654,13603.0002499136,12.391874171324313,0.0023940885371903546,0.10602246221985547,mixture,5
mixture,0.0070000000000000045,6791.619783448389,13589.239566896778,13603.962832733725,11.305516272515998,0.002444534174502598,0.1176263636257569,mixture,5
mixture,0.006750000000000004,6792.04122904474,13590.08245808948,13604.805723926427,10.56800838974325,0.002474684619135569,0.1266837799946269,mixture,5
mixture,0.006500000000000004,6792.426669178434,13590.853338356868,13605.576604193815,9.975838718294028,0.0024964924060001392,0.1347632901659182,mixture,5
mixture,0.006250000000000004,6792.7878227797755,13591.575645559551,13606.298911396498,9.467136976249565,0.0025135548339632256,0.1423584413987143,mixture,5
mixture,0.006000000000000004,6793.13206640711,13592.26413281422,13606.987398651167,9.013400050938174,0.002527510333108287,0.14970956083943635,mixture,5
mixture,0.005750000000000003,6793.46471000936,13592.92942001872,13607.652685855666,8.598816415141695,0.0025392569443740964,0.1569610399208247,mixture,5
mixture,0.005500000000000003,6793.789955738613,13593.579911477225,13608.303177314172,8.213475769826758,0.0025493457979115213,0.16421569065507283,mixture,5
mixture,0.005250000000000003,6794.111392404502,13594.222784809004,13608.94605064595,7.8508252018201095,0.0025581341328964947,0.17155156357220594,mixture,5
mixture,0.005000000000000003,6794.43229206736,13594.86458413472,13609.587849971667,7.505801152071583,0.002565912877065174,0.1790477455822598,mixture,5
mixture,0.0047500000000000025,6794.755814534266,13595.511629068533,13610.23489490548,7.175100747424135,0.0025728309033420083,0.18676513614902132,mixture,5
mixture,0.004500000000000002,6795.08516898422,13596.17033796844,13610.893603805387,6.855903893754762,0.0025790445241940054,0.1947732422583328,mixture,5
mixture,0.004250000000000002,6795.423760962964,13596.847521925927,13611.570787762874,6.545964377140938,0.002584691181974659,0.20314515996469867,mixture,5
mixture,0.004000000000000002,6795.775343167235,13597.55068633447,13612.273952171417,6.24349010123044,0.002589775917680441,0.21196202466674016,mixture,5
mixture,0.0037500000000000016,6796.144186805812,13598.288373611624,13613.01163944857,5.946379905507165,0.002594466821863156,0.2213398878520533,mixture,5
mixture,0.0035000000000000014,6796.535290201282,13599.070580402564,13613.79384623951,5.653592656210718,0.0025987974152088386,0.2313774322680234,mixture,5
mixture,0.003250000000000001,6796.954646250306,13599.909292500612,13614.632558337558,5.36350693950378,0.0026028297936344915,0.2422314639148498,mixture,5
mixture,0.003000000000000001,6797.409597879941,13600.819195759883,13615.54246159683,5.074636497135567,0.00260663718753626,0.2540950630190081,mixture,5
mixture,0.0027500000000000007,6797.9093220147815,13601.818644029563,13616.54190986651,4.785430344528078,0.0026103000877082563,0.2672222977378666,mixture,5
mixture,0.0025000000000000005,6798.548016590406,13603.096033180813,13617.81929901776,4.298403503561453,0.0026327176670111175,0.2978666118201182,mixture,5
mixture,0.0022500000000000003,6799.0935386430265,13604.187077286053,13618.910343123,4.209377223769991,0.0026165018767659804,0.297884686729218,mixture,5
mixture,0.002,6799.923562287423,13605.847124574846,13620.570390411793,4.096114490089562,0.0025992665637846416,0.3,mixture,5
mixture,0.1,6806.818890161387,13619.637780322773,13634.36104615972,39.23555584663445,0.002761457436468379,0.29773777057700257,mixture,5
mixture,0.15000000000000002,6807.136319222522,13620.272638445043,13634.99590428199,57.16687621593206,0.0027618198714862477,0.29773767938600726,mixture,5
mixture,0.2,6807.298971707457,13620.597943414914,13635.32120925186,75.09868547791066,0.0027619824487242852,0.2977376584868568,mixture,5
mixture,0.25,6807.397856785025,13620.79571357005,13635.518979406997,93.03070204567297,0.00276207367301862,0.2977376543075985,mixture,5
mixture,0.3,6807.464327183203,13620.928654366406,13635.651920203352,110.9628235903658,0.00276213182175432,0.29773765506978106,mixture,5
mixture,0.35000000000000003,6807.512076540856,13621.024153081711,13635.747418918658,128.89500852737334,0.002762171975945577,0.29773765744670994,mixture,5
mixture,0.4,6807.548037489765,13621.09607497953,13635.819340816477,146.8272360482565,0.002762201280084472,0.29773766028973775,mixture,5
mixture,0.45,6807.576095815137,13621.152191630274,13635.87545746722,164.7594935641697,0.0027622235640973295,0.2977376631802788,mixture,5
mixture,0.5,6807.598598572811,13621.197197145622,13635.920462982569,182.6918296732799,0.00276224019224299,0.29773766659519196,mixture,5
null,,6807.700482264864,13617.400964529728,13622.30871980871,362.0147030236547,0.0027623187446468387,,mixture,5
sum,,6839.181209247849,13680.362418495699,13685.270173774681,530.2509133370335,0.003771799255211801,,mixture,5
mixture,0.010000000000000007,6739.258553497879,13484.517106995758,13499.240372832704,64.42635339823525,0.0009488174417270727,0.018371805888916334,mixture,6
mixture,0.009750000000000007,6739.999281993342,13485.998563986685,13500.721829823631,68.68499311846428,0.0008421059631103044,0.017340293133722758,mixture,6
mixture,0.009500000000000007,6741.0663684044175,13488.132736808835,13502.856002645782,68.20395054923314,0.0008320925341620593,0.017442387392253164,mixture,6
mixture,0.009250000000000006,6742.19291631885,13490.3858326377,13505.109098474646,67.69696304497778,0.0008221344185625259,0.017552247906858255,mixture,6
mixture,0.009000000000000006,6743.3834702532,13492.7669405064,13507.490206343347,67.16219445668716,0.0008122431300997606,0.017670626827762246,mixture,6
mixture,0.008750000000000006,6744.64304089772,13495.28608179544,13510.009347632387,66.59722562289416,0.0008024501924938431,0.017798427584382364,mixture,6
mixture,0.008500000000000006,6745.977164563904,13497.954329127808,13512.677594964754,66.00289030837925,0.0007927174186993551,0.01793587154014709,mixture,6
mixture,0.008250000000000006,6747.391971657731,13500.783943315462,13515.507209152409,65.37346646422453,0.0007831339662056168,0.018084799938598232,mixture,6
mixture,0.008000000000000005,6748.894266569388,13503.788533138775,13518.511798975722,64.7082374417457,0.0007736937803588195,0.018245950126611385,mixture,6
mixture,0.007750000000000005,6750.491620496059,13506.983240992118,13521.706506829065,64.00471868409034,0.0007644263782043793,0.01842057465480529,mixture,6
mixture,0.007500000000000005,6752.192480507328,13510.384961014655,13525.108226851602,63.261139484436185,0.000755343546842508,0.0186098811600135,mixture,6
mixture,0.007250000000000005,6754.006297987691,13514.012595975382,13528.735861812329,62.475439079591,0.0007464641397387832,0.01881527425504893,mixture,6
mixture,0.0070000000000000045,6755.943680924873,13517.887361849746,13532.610627686692,61.64459536082347,0.000737822491297985,0.01903859192934959,mixture,6
mixture,0.006500000000000004,6760.238484150011,13526.476968300021,13541.200234136968,59.83817721737071,0.0007213598360229518,0.019546536982265987,mixture,6
mixture,0.006250000000000004,6762.6247275900805,13531.249455180161,13545.972721017108,58.86492087524683,0.0007134618443084631,0.01983342247697655,mixture,6
mixture,0.006000000000000004,6765.192765348375,13536.38553069675,13551.108796533697,57.83501737001967,0.000705930779026807,0.020147722754277973,mixture,6
mixture,0.006750000000000004,6766.520171363014,13539.040342726028,13553.763608562975,44.606263587465946,0.0012231443342735513,0.02541080709429347,mixture,6
mixture,0.005750000000000003,6772.772102300858,13551.544204601716,13566.267470438663,43.76135090180382,0.0010725026308075526,0.025891887509489054,mixture,6
mixture,0.005500000000000003,6773.256558652196,13552.513117304392,13567.236383141339,46.22545932275113,0.0009433383427389565,0.02461932167080303,mixture,6
mixture,0.005250000000000003,6774.203167918406,13554.406335836811,13569.129601673758,54.402151729049756,0.0006854162423582297,0.021281455991527202,mixture,6
mixture,0.0047500000000000025,6782.475097325336,13570.950194650672,13585.673460487618,46.272534056164076,0.0008206903609436165,0.024583346604377276,mixture,6
mixture,0.004500000000000002,6786.644295559761,13579.288591119523,13594.01185695647,45.16353274851734,0.0008105962488335562,0.025131232948776932,mixture,6
mixture,0.005000000000000003,6786.674047354058,13579.348094708115,13594.071360545062,37.853186333976915,0.001188767193673606,0.029571599660657175,mixture,6
mixture,0.004250000000000002,6805.956430491129,13617.912860982258,13632.636126819205,9.933524534412006,0.0023001784368236783,0.12314735132068415,mixture,6
mixture,0.004000000000000002,6807.312636938796,13620.625273877591,13635.348539714538,8.487686460833745,0.0023907284181360028,0.1461577198850763,mixture,6
mixture,0.0037500000000000016,6808.483880468082,13622.967760936164,13637.691026773111,7.4116436414698645,0.0024547705137765263,0.16931492102025428,mixture,6
mixture,0.0035000000000000014,6809.5097032239155,13625.019406447831,13639.742672284778,6.514253134032413,0.002506179062151222,0.19471619092305215,mixture,6
mixture,0.003250000000000001,6811.006566469633,13628.013132939266,13642.736398776213,4.577961618739464,0.0026388661525381116,0.2978598858960876,mixture,6
mixture,0.003000000000000001,6811.4184752203655,13628.836950440731,13643.560216277678,4.487982301656953,0.0026295366529798503,0.29787007427486917,mixture,6
mixture,0.0027500000000000007,6811.96350187377,13629.92700374754,13644.650269584487,4.397992236789235,0.0026185673945682444,0.29788222019696187,mixture,6
mixture,0.05,6812.556156926239,13631.112313852478,13645.835579689425,21.463903531780478,0.002736210972630211,0.2977628176444008,mixture,6
mixture,0.0025000000000000005,6812.690416277639,13631.380832555278,13646.104098392225,4.308042053012984,0.0026053476570877827,0.2978966066249512,mixture,6
mixture,0.1,6813.03182864138,13632.06365728276,13646.786923119707,39.5408948978907,0.0027383502479140145,0.29776114712473617,mixture,6
mixture,0.15000000000000002,6813.203943953105,13632.40788790621,13647.131153743157,57.619103480140886,0.002739002536679996,0.2977606712359654,mixture,6
mixture,0.2,6813.292712765189,13632.585425530378,13647.308691367325,75.69765126231496,0.0027393159646236,0.2977604501441308,mixture,6
mixture,0.25,6813.3468651759085,13632.693730351817,13647.416996188764,93.77633965539906,0.0027394998033894954,0.2977603230956358,mixture,6
mixture,0.3,6813.383343741674,13632.766687483349,13647.489953320295,111.85510145490848,0.002739620527334739,0.2977602408178466,mixture,6
mixture,0.35000000000000003,6813.409586312708,13632.819172625415,13647.542438462362,129.9339072248594,0.00273970581638127,0.29776018328799536,mixture,6
mixture,0.4,6813.429370913925,13632.85874182785,13647.582007664796,148.0127406224001,0.0027397692650646547,0.29776014082860325,mixture,6
mixture,0.45,6813.444820093693,13632.889640187386,13647.612906024333,166.0915994945182,0.002739818189293209,0.2977601083243054,mixture,6
mixture,0.5,6813.457218119955,13632.91443623991,13647.637702076856,184.1705183253499,0.0027398564285564964,0.2977600832510132,mixture,6
mixture,0.0022500000000000003,6813.51331299187,13633.02662598374,13647.749891820687,364.1456493679853,0.2999999999365811,0.0027400315010436137,mixture,6
mixture,0.002,6813.513326878587,13633.026653757173,13647.74991959412,364.2360499694741,0.2999999999453237,0.0027400315453690385,mixture,6
null,,6813.5134377239465,13629.026875447893,13633.934630726875,364.95926845266376,0.0027400317965337625,,mixture,6
sum,,6844.462087002462,13690.924174004924,13695.831929283906,535.1557732304299,0.003737229606862207,,mixture,6
mixture,0.05,6717.445180354256,13440.890360708512,13455.613626545459,112.53115696388933,0.0015107844390290085,0.011959348220622118,mixture,7
mixture,0.009500000000000007,6744.062717072093,13494.125434144185,13508.848699981132,93.68953083391462,0.0005424108063018665,0.013002931446660244,mixture,7
mixture,0.009750000000000007,6745.525688919217,13497.051377838434,13511.77464367538,69.40746662768707,0.0008874080055438778,0.016950411022968674,mixture,7
mixture,0.009000000000000006,6746.735184814741,13499.470369629482,13514.193635466429,87.10647473765746,0.0005664412261782417,0.01391506042246981,mixture,7
mixture,0.008750000000000006,6749.0225848933815,13504.045169786763,13518.76843562371,75.67518274995865,0.0007032550036874262,0.015676140496289296,mixture,7
mixture,0.008500000000000006,6749.859566176536,13505.719132353071,13520.442398190018,84.55889393660762,0.0005602888735408148,0.014289183739762247,mixture,7
mixture,0.009250000000000006,6750.364835724177,13506.729671448355,13521.452937285301,61.484445597491806,0.0010015505095207372,0.018962170464417213,mixture,7
mixture,0.010000000000000007,6750.595837167602,13507.191674335205,13521.914940172152,57.02492886820064,0.0011943538343103398,0.020348514268702683,mixture,7
mixture,0.008000000000000005,6753.382350186745,13512.76470037349,13527.487966210436,81.786309957122,0.0005555370724218112,0.014721195648461628,mixture,7
mixture,0.007750000000000005,6755.312904880652,13516.625809761304,13531.349075598251,80.31266749160532,0.0005537102840629188,0.014962412269063839,mixture,7
mixture,0.007500000000000005,6757.368376398314,13520.736752796627,13535.460018633574,78.78343342975195,0.0005522613701545815,0.015221713907939438,mixture,7
mixture,0.008250000000000006,6757.997496758163,13521.994993516326,13536.718259353273,54.879635614354,0.0010531640659829685,0.02108038786756449,mixture,7
mixture,0.0070000000000000045,6761.896348818162,13529.792697636323,13544.51596347327,75.53958995878017,0.000550625112445658,0.0158053654473263,mixture,7
mixture,0.007250000000000005,6767.9718992781845,13541.943798556369,13556.667064393316,46.37842567647353,0.0011587070115623944,0.02474362133222011,mixture,7
mixture,0.006750000000000004,6773.709835311836,13553.419670623673,13568.14293646062,41.587285063693855,0.0012330612947218157,0.027503866252541195,mixture,7
mixture,0.006500000000000004,6778.14008716096,13562.28017432192,13577.003440158867,14.212462521988474,0.0022380830015295734,0.08785666704183541,mixture,7
mixture,0.006250000000000004,6778.950602479948,13563.901204959897,13578.624470796844,12.793210672598619,0.002309479371507262,0.09851815768901279,mixture,7
mixture,0.006000000000000004,6779.683898658193,13565.367797316387,13580.091063153333,11.882962324901886,0.0023500740756623286,0.10653974716117824,mixture,7
mixture,0.005750000000000003,6780.375696866978,13566.751393733955,13581.474659570902,11.152895618073435,0.0023799054053859708,0.11379981474208099,mixture,7
mixture,0.005500000000000003,6781.042062936639,13568.084125873278,13582.807391710225,10.520603662716223,0.0024039262639466864,0.12079906068486221,mixture,7
mixture,0.005250000000000003,6781.692788902053,13569.385577804105,13584.108843641052,9.949964867051033,0.0024243569025917816,0.1277869349705486,mixture,7
mixture,0.005000000000000003,6782.334806029068,13570.669612058136,13585.392877895083,9.422142914274797,0.002442314944311324,0.1349169940042698,mixture,7
mixture,0.0047500000000000025,6782.973551689462,13571.947103378923,13586.67036921587,8.925625332365332,0.002458490084158142,0.14230979859023826,mixture,7
mixture,0.004500000000000002,6783.613669644785,13573.22733928957,13587.950605126516,8.453199440605776,0.0024733125266704864,0.1500653369821312,mixture,7
mixture,0.004250000000000002,6784.259451522679,13574.518903045358,13589.242168882305,7.999661186415855,0.002487092757906207,0.15828573033642068,mixture,7
mixture,0.004000000000000002,6784.915179515152,13575.830359030304,13590.55362486725,7.561650945726417,0.002500006808309714,0.16706769334572608,mixture,7
mixture,0.0037500000000000016,6785.58544807629,13577.17089615258,13591.894161989527,7.136631826535616,0.002512193774449607,0.17651761716871558,mixture,7
mixture,0.0035000000000000014,6786.275510924898,13578.551021849797,13593.274287686743,6.722821091242778,0.0025237299955864416,0.18675090197213218,mixture,7
mixture,0.003250000000000001,6786.991686543593,13579.983373087185,13594.706638924132,6.318664243528915,0.0025346751275548826,0.19790730956858915,mixture,7
mixture,0.003000000000000001,6787.741852620662,13581.483705241324,13596.20697107827,5.922738367747035,0.002545098584963352,0.2101601092071008,mixture,7
mixture,0.0027500000000000007,6788.536064439695,13583.07212887939,13597.795394716337,5.533543284669543,0.0025550298348487417,0.22373736618501722,mixture,7
mixture,0.0025000000000000005,6789.387341344136,13584.774682688272,13599.497948525219,5.149081212844494,0.0025645883437525187,0.2389641735710247,mixture,7
mixture,0.0022500000000000003,6790.312668883113,13586.625337766225,13601.348603603172,4.766981573708622,0.002573930213169589,0.2563044077267175,mixture,7
mixture,0.002,6791.334221329424,13588.668442658847,13603.391708495794,4.383339222472433,0.0025833657342691388,0.2765189895642856,mixture,7
mixture,0.1,6803.1850564519045,13612.370112903809,13627.093378740756,39.06027418047349,0.0027748994594657245,0.29772414878394715,mixture,7
mixture,0.15000000000000002,6803.588824625956,13613.177649251911,13627.900915088858,56.906819314701266,0.0027751142502616434,0.2977242682505887,mixture,7
mixture,0.2,6803.795753070477,13613.591506140954,13628.3147719779,74.75394367539577,0.002775199368344818,0.297724357684475,mixture,7
mixture,0.25,6803.921573107515,13613.84314621503,13628.566412051976,92.60131005292767,0.00277524299549025,0.29772442130046683,mixture,7
mixture,0.3,6804.006157800455,13614.01231560091,13628.735581437857,110.44880363997423,0.0027752688203296428,0.29772446806373604,mixture,7
mixture,0.35000000000000003,6804.066924375682,13614.133848751364,13628.85711458831,128.29637438772238,0.00277528557186665,0.29772450372477727,mixture,7
mixture,0.4,6804.11269160773,13614.22538321546,13628.948649052407,146.14399411664766,0.0027752971942560487,0.2977245317462466,mixture,7
mixture,0.45,6804.148402954803,13614.296805909606,13629.020071746552,163.9916522268582,0.002775305578125807,0.2977245544032975,mixture,7
mixture,0.5,6804.177044136093,13614.354088272186,13629.077354109133,181.83690670027002,0.002775349356713633,0.2977240796440968,mixture,7
null,,6804.3067358154,13610.6134716308,13615.521226909783,360.31632461091004,0.002775339144236267,,mixture,7
sum,,6835.733646633931,13673.467293267862,13678.375048546844,528.2433213607723,0.0037861340013687897,,mixture,7
mixture,0.010000000000000007,6719.926476444343,13445.852952888687,13460.576218725633,65.32247608569321,0.0010679146297652609,0.017691703824354574,mixture,8
mixture,0.35000000000000003,6728.689500106486,13463.379000212972,13478.102266049918,207.85594467560338,0.0025376060667768605,0.009294919518581904,mixture,8
mixture,0.009750000000000007,6731.533721381182,13469.067442762363,13483.79070859931,19.627550005827395,0.0022742967491978256,0.06455130679422184,mixture,8
mixture,0.009500000000000007,6732.111116272327,13470.222232544655,13484.945498381601,18.40296448366921,0.002322131327377134,0.06920816438386956,mixture,8
mixture,0.009250000000000006,6732.658976966667,13471.317953933334,13486.04121977028,17.454448401569543,0.0023571328016947944,0.07322513992020292,mixture,8
mixture,0.009000000000000006,6733.186710941756,13472.373421883512,13487.09668772046,16.648437001631645,0.002385624659959583,0.07696585122453813,mixture,8
mixture,0.008750000000000006,6733.699754175788,13473.399508351577,13488.122774188523,15.933695669920905,0.0024099304372049756,0.08057052973459634,mixture,8
mixture,0.008500000000000006,6734.201861429214,13474.403722858427,13489.126988695374,15.284869358359314,0.002431211197133313,0.08410618277079773,mixture,8
mixture,0.008250000000000006,6734.695913949574,13475.391827899148,13490.115093736094,14.686799627719138,0.0024502094058221945,0.08761243263283992,mixture,8
mixture,0.008000000000000005,6735.184286899303,13476.368573798605,13491.091839635552,14.125307846404823,0.002467464542079563,0.09115038772766061,mixture,8
mixture,0.007750000000000005,6735.669053231522,13477.338106463045,13492.061372299991,13.596522568740998,0.0024832453240218396,0.09472005187102395,mixture,8
mixture,0.007500000000000005,6736.152097429223,13478.304194858447,13493.027460695394,13.093485965865272,0.002497841907588839,0.09835600277618177,mixture,8
mixture,0.007250000000000005,6736.635195067694,13479.270390135389,13493.993655972336,12.613552162677788,0.002511384641793131,0.10206443655767786,mixture,8
mixture,0.0070000000000000045,6737.120068360913,13480.240136721826,13494.963402558773,12.153146560950654,0.002523999275680281,0.10586613338291245,mixture,8
mixture,0.006750000000000004,6737.608428181939,13481.216856363879,13495.940122200825,11.708578148778958,0.0025358706389503444,0.10979056072311107,mixture,8
mixture,0.006500000000000004,6738.102007767188,13482.204015534377,13496.927281371323,11.27801581807087,0.0025470682073467366,0.11385433434724364,mixture,8
mixture,0.006250000000000004,6738.602593659727,13483.205187319454,13497.9284531564,10.85928651366924,0.002557711994016459,0.11808292085041622,mixture,8
mixture,0.006000000000000004,6739.112053720923,13484.224107441845,13498.947373278792,10.450666782181477,0.0025678768291201694,0.12250271145719145,mixture,8
mixture,0.005750000000000003,6739.63236489502,13485.26472979004,13499.987995626987,10.050581404841658,0.002577648352843139,0.1271441231189277,mixture,8
mixture,0.005500000000000003,6740.165641407037,13486.331282814073,13501.05454865102,9.657978281659698,0.0025870633755679124,0.13203636888697348,mixture,8
mixture,0.005250000000000003,6740.714164180069,13487.428328360138,13502.151594197085,9.271313805411156,0.0025962093484891554,0.1372232722148686,mixture,8
mixture,0.005000000000000003,6741.2804121248455,13488.560824249691,13503.284090086638,8.889422791907643,0.0026051580997782124,0.14275151949053347,mixture,8
mixture,0.0047500000000000025,6741.867095527288,13489.734191054577,13504.457456891523,8.511167059647287,0.0026139686593184236,0.14867776976839595,mixture,8
mixture,0.004500000000000002,6742.477191473726,13490.954382947451,13505.677648784398,8.135437673433282,0.002622737106607542,0.15507020672279342,mixture,8
mixture,0.004250000000000002,6743.113980772969,13492.227961545937,13506.951227382884,7.760995760055587,0.0026314946679293428,0.16201742061919014,mixture,8
mixture,0.004000000000000002,6743.7810854060135,13493.562170812027,13508.285436648974,7.386862614151711,0.002640367718231466,0.16962077854579133,mixture,8
mixture,0.0037500000000000016,6744.482503682444,13494.965007364888,13509.688273201835,7.011718675840203,0.0026494604304852444,0.178018255793014,mixture,8
mixture,0.0035000000000000014,6745.222639970155,13496.44527994031,13511.168545777256,6.634516349388134,0.002658866428347055,0.1873766289886419,mixture,8
mixture,0.003250000000000001,6746.006323032243,13498.012646064486,13512.735911901433,6.254137006132986,0.002668721074349622,0.19791215977378637,mixture,8
mixture,0.003000000000000001,6746.838806077316,13499.677612154632,13514.400877991578,5.868906262183637,0.0026791913216945296,0.20993162292475742,mixture,8
mixture,0.0027500000000000007,6747.725743701828,13501.451487403656,13516.174753240603,5.478045334607028,0.002690432717058851,0.2238041468191842,mixture,8
mixture,0.0025000000000000005,6748.673151807447,13503.346303614893,13518.06956945184,5.080400336194985,0.002702619912795779,0.24005071023351243,mixture,8
mixture,0.0022500000000000003,6749.687404075914,13505.374808151828,13520.098073988775,4.675273198828563,0.00271593604847999,0.25936943394493234,mixture,8
mixture,0.002,6750.845922199211,13507.691844398421,13522.415110235368,4.078202381815551,0.002753461131769062,0.2977465676430779,mixture,8
mixture,0.05,6761.377362297733,13528.754724595467,13543.477990432413,20.256888776873144,0.0029300870709016344,0.2975678251218251,mixture,8
mixture,0.1,6762.590901992043,13531.181803984085,13545.905069821032,37.14194128364316,0.0029310538896555882,0.2975678665078152,mixture,8
mixture,0.15000000000000002,6763.022694899688,13532.045389799376,13546.768655636322,54.02919219579999,0.0029312502964195554,0.2975680483044057,mixture,8
mixture,0.2,6763.244077319634,13532.488154639268,13547.211420476215,70.91705775980436,0.002931322132453848,0.2975681743591486,mixture,8
mixture,0.25,6763.378714218439,13532.757428436878,13547.480694273825,87.80518455304299,0.002931356273019804,0.2975682619303974,mixture,8
mixture,0.3,6763.469237752779,13532.938475505558,13547.661741342505,104.69345083323067,0.0029313750467293556,0.29756832558539653,mixture,8
mixture,0.4,6763.583263091614,13533.166526183228,13547.889792020174,138.46814370154658,0.0029314381655685053,0.29756759719945336,mixture,8
mixture,0.45,6763.621490195817,13533.242980391635,13547.966246228581,155.3577012510632,0.0029314168464002984,0.29756827428846216,mixture,8
mixture,0.5,6763.652149993932,13533.304299987863,13548.02756582481,172.24692114451378,0.0029314056572485926,0.29756843844395403,mixture,8
null,,6763.790991150532,13529.581982301064,13534.489737580046,341.1316587264661,0.0029314195103827714,,mixture,8
sum,,6793.736959701086,13589.473919402171,13594.381674681154,502.0364761038217,0.0039837742777606416,,mixture,8
mixture,0.05,6738.82058733686,13483.64117467372,13498.364440510666,97.40217420954004,0.0016376363684771314,0.014206591962873388,mixture,9
mixture,0.010000000000000007,6769.154376114237,13544.308752228473,13559.03201806542,61.02373735139653,0.0009423514156243862,0.01963818729045398,mixture,9
mixture,0.009750000000000007,6770.82600878832,13547.65201757664,13562.375283413587,51.44974990066129,0.001137435704250308,0.023094681859210556,mixture,9
mixture,0.009500000000000007,6771.600666181275,13549.20133236255,13563.924598199497,59.855521984415866,0.0009272004284319685,0.019965883604536386,mixture,9
mixture,0.009250000000000006,6772.915224349341,13551.830448698682,13566.553714535628,59.214172961898115,0.0009201510985917611,0.02015297499697607,mixture,9
mixture,0.009000000000000006,6774.296452936325,13554.59290587265,13569.316171709597,58.53072761790903,0.0009135181933052046,0.020357977016982273,mixture,9
mixture,0.008750000000000006,6775.749141523061,13557.498283046121,13572.221548883068,57.79858423643227,0.0009074201140932522,0.02058420213639671,mixture,9
mixture,0.008500000000000006,6779.643128661039,13565.286257322077,13580.009523159024,17.755473262698814,0.002161239127996181,0.07173064377644095,mixture,9
mixture,0.008250000000000006,6780.204781627713,13566.409563255425,13581.132829092372,16.66071634807748,0.002202767178176086,0.07678801361796224,mixture,9
mixture,0.008000000000000005,6780.734952335674,13567.469904671349,13582.193170508295,15.816689002383292,0.0022321596380445474,0.08109401087773578,mixture,9
mixture,0.007750000000000005,6781.24561365591,13568.49122731182,13583.214493148767,15.103290730562566,0.002255251919068976,0.08504853567396832,mixture,9
mixture,0.007500000000000005,6781.744011062245,13569.48802212449,13584.211287961436,14.472634798987052,0.0022743329513560313,0.08881459903201923,mixture,9
mixture,0.007250000000000005,6782.235331191898,13570.470662383796,13585.193928220742,13.89949922607972,0.002290613316641707,0.09248297582174055,mixture,9
mixture,0.0070000000000000045,6782.723702700361,13571.447405400722,13586.170671237669,13.369021207103566,0.0023047957132710504,0.0961103318615031,mixture,9
mixture,0.006750000000000004,6783.212677454958,13572.425354909916,13587.148620746862,12.8714168904855,0.002317342485949392,0.09973793945520437,mixture,9
mixture,0.006500000000000004,6783.705503033975,13573.41100606795,13588.134271904897,12.399410793408517,0.0023285936917644572,0.10340312928503279,mixture,9
mixture,0.006250000000000004,6784.205299074065,13574.41059814813,13589.133863985076,11.948392638542188,0.0023387852154208625,0.10713055406253427,mixture,9
mixture,0.006000000000000004,6784.71518628998,13575.43037257996,13590.153638416907,11.514355134233373,0.0023480622531747626,0.11094918168076609,mixture,9
mixture,0.005750000000000003,6785.238392604547,13576.476785209094,13591.20005104604,11.094293119995207,0.0023565806505942014,0.11488485746771208,mixture,9
mixture,0.005500000000000003,6785.778350867024,13577.556701734047,13592.279967570994,10.68572334630855,0.002364446082544098,0.11896506297440826,mixture,9
mixture,0.005250000000000003,6786.338797469569,13578.677594939138,13593.400860776084,10.28651132443811,0.0023717518878653464,0.12322001893327202,mixture,9
mixture,0.005000000000000003,6786.9238796928075,13579.847759385615,13594.571025222562,9.895001550150623,0.0023785668699486686,0.12768039944922938,mixture,9
mixture,0.0047500000000000025,6787.538279145718,13581.076558291436,13595.799824128382,9.509377305453569,0.0023849737608133896,0.13238684090139266,mixture,9
mixture,0.004500000000000002,6788.187359574327,13582.374719148655,13597.097984985601,9.128349030356018,0.002391019466981282,0.1373803304024612,mixture,9
mixture,0.004250000000000002,6788.877348928489,13583.754697856977,13598.477963693924,8.7503654809909,0.002396783456860711,0.14271574988971913,mixture,9
mixture,0.004000000000000002,6789.615568794716,13585.231137589431,13599.954403426378,8.37419137389794,0.00240230659803498,0.14845453079854512,mixture,9
mixture,0.0037500000000000016,6790.410728260714,13586.821456521428,13601.544722358374,7.998400971435312,0.002407672179446291,0.15467606998800965,mixture,9
mixture,0.0035000000000000014,6791.273305862281,13588.546611724561,13603.269877561508,7.621422754731864,0.0024129462341073563,0.16148337576495908,mixture,9
mixture,0.003250000000000001,6792.216051529136,13590.432103058272,13605.155368895219,7.241833403415219,0.002418222892403807,0.1690016540783747,mixture,9
mixture,0.003000000000000001,6793.2546517648825,13592.509303529765,13607.232569366712,6.857638856975078,0.0024236671308984444,0.17740702440494563,mixture,9
mixture,0.0027500000000000007,6794.4086136280075,13594.817227256015,13609.540493092962,6.466723155366688,0.0024293495694036097,0.18693531909813585,mixture,9
mixture,0.0025000000000000005,6795.702432091084,13597.404864182168,13612.128130019115,6.066243155982736,0.002435619104915344,0.19792412479265636,mixture,9
mixture,0.0022500000000000003,6797.167082022717,13600.334164045435,13615.057429882381,5.652849272353942,0.0024428018130508815,0.21086163982445877,mixture,9
mixture,0.002,6798.841744595666,13603.683489191331,13618.406755028278,5.221405709669587,0.002451527038593779,0.2265305054268188,mixture,9
mixture,0.1,6813.567679368482,13633.135358736963,13647.85862457391,39.58259561521486,0.0027352248461047614,0.2977637994559629,mixture,9
mixture,0.15000000000000002,6813.943787487917,13633.887574975834,13648.61084081278,57.68933100478083,0.0027354931264108886,0.2977638763459836,mixture,9
mixture,0.2,6814.136161165278,13634.272322330557,13648.995588167503,75.7965764082495,0.0027356082101717095,0.2977639403870854,mixture,9
mixture,0.25,6814.253006654839,13634.506013309678,13649.229279146624,93.9040366289496,0.0027356708408434226,0.29776398745368343,mixture,9
mixture,0.3,6814.331505237376,13634.663010474753,13649.3862763117,112.01160721754364,0.002735709846547043,0.29776402254504414,mixture,9
mixture,0.35000000000000003,6814.387873333597,13634.775746667194,13649.49901250414,130.1192452090772,0.0027357362692410577,0.2977640495561338,mixture,9
mixture,0.4,6814.430313374673,13634.860626749345,13649.583892586292,148.2269226177643,0.002735755350361191,0.2977640708414259,mixture,9
mixture,0.45,6814.46341998378,13634.92683996756,13649.650105804507,166.33463658501162,0.0027357695841770217,0.29776408818885414,mixture,9
mixture,0.5,6814.48996707016,13634.97993414032,13649.703199977266,184.44240826038904,0.0027357801080318636,0.2977641027512247,mixture,9
null,,6814.6101137211435,13631.220227442287,13636.12798272127,365.5199020104001,0.002735829142270746,,mixture,9
sum,,6841.6052764051165,13685.210552810233,13690.118308089215,532.8507444067504,0.003753396276525241,,mixture,9
mixture,0.010000000000000007,6696.807990463172,13399.615980926344,13414.339246763291,63.666259797922045,0.0010882847430469676,0.01817264403621969,mixture,10
mixture,0.009750000000000007,6698.070111206974,13402.140222413947,13416.863488250894,62.42545287332884,0.001092820925241448,0.01850810434250205,mixture,10
mixture,0.009500000000000007,6699.388274521278,13404.776549042555,13419.499814879502,61.16886831512561,0.0010974137976530866,0.018862300696833225,mixture,10
mixture,0.009250000000000006,6700.780595738004,13407.561191476008,13422.284457312955,59.859085457407666,0.0011028877002794478,0.019248324647789986,mixture,10
mixture,0.008750000000000006,6701.9287737316,13409.8575474632,13424.580813300146,61.68125131089511,0.0010149899218992535,0.018681513503658796,mixture,10
mixture,0.009000000000000006,6702.240599265499,13410.481198530999,13425.204464367946,58.51753683853248,0.0011087776865351814,0.019662507103370787,mixture,10
mixture,0.008500000000000006,6703.297860571426,13412.595721142852,13427.318986979799,60.86555043038339,0.0010076281730057096,0.01891096527326404,mixture,10
mixture,0.008250000000000006,6704.796357286677,13415.592714573355,13430.315980410302,59.886586797847336,0.0010030518098652285,0.019197011277957355,mixture,10
mixture,0.008000000000000005,6706.412745705969,13418.825491411939,13433.548757248886,58.79035494084268,0.0010003296615125566,0.019530253552002528,mixture,10
mixture,0.0070000000000000045,6707.383241018826,13420.766482037652,13435.489747874599,85.11094099199238,0.0005,0.013964095906308137,mixture,10
mixture,0.007750000000000005,6708.144518290355,13422.28903658071,13437.012302417657,57.59965665041409,0.000999008515734432,0.01990792296365968,mixture,10
mixture,0.006750000000000004,6709.623686921872,13425.247373843744,13439.97063968069,83.18244106203463,0.0005,0.014253949558336535,mixture,10
mixture,0.007500000000000005,6709.990152251337,13425.980304502675,13440.703570339621,56.33595008140446,0.0009986555224501751,0.020327345874267825,mixture,10
mixture,0.007250000000000005,6711.95120448263,13429.90240896526,13444.625674802206,55.01344073783706,0.0009989767589088621,0.020787957442803925,mixture,10
mixture,0.006500000000000004,6712.033730838548,13430.067461677096,13444.790727514042,81.2160090111091,0.0005,0.01456402997481437,mixture,10
mixture,0.005750000000000003,6720.44826388794,13446.89652777588,13461.619793612826,75.07051130644047,0.0005,0.015640113309884143,mixture,10
mixture,0.006250000000000004,6721.493106009129,13448.986212018259,13463.709477855205,47.860558863511145,0.0010365933378903975,0.023756195259987,mixture,10
mixture,0.005500000000000003,6723.7151302631355,13453.430260526271,13468.153526363218,72.93251535908848,0.0005,0.01605780088591314,mixture,10
mixture,0.006000000000000004,6724.622917830728,13455.245835661455,13469.969101498402,44.50014133829132,0.0010836601754963785,0.0255111532649306,mixture,10
mixture,0.005250000000000003,6727.253913544491,13460.507827088983,13475.23109292593,70.70175152391137,0.0005005865293258311,0.01652022958899362,mixture,10
mixture,0.005000000000000003,6731.606965068688,13469.213930137375,13483.937195974322,61.417135291737836,0.0006066041993559217,0.018711966638029952,mixture,10
mixture,0.0047500000000000025,6740.024102300164,13486.048204600327,13500.771470437274,22.855460500564117,0.0015968994725000828,0.0500604941049722,mixture,10
mixture,0.004500000000000002,6742.979323451178,13491.958646902356,13506.681912739303,20.79004102617466,0.0016689060871229937,0.05501925972206205,mixture,10
mixture,0.004250000000000002,6746.060498236424,13498.120996472848,13512.844262309794,19.050025139910144,0.0017301690010152128,0.06000801138007278,mixture,10
mixture,0.004000000000000002,6749.284150879551,13504.568301759102,13519.291567596048,17.377107423591653,0.0017940263022185033,0.06575348669311747,mixture,10
mixture,0.0037500000000000016,6752.6371448479495,13511.274289695899,13525.997555532846,15.54334368689408,0.001877079650606503,0.07354808771794917,mixture,10
mixture,0.0035000000000000014,6755.752431392624,13517.504862785248,13532.228128622195,8.67785669738977,0.002424917021072483,0.1377426015998018,mixture,10
mixture,0.003250000000000001,6757.21396953304,13520.42793906608,13535.151204903026,7.362175659316488,0.002521883913827053,0.16411577037970773,mixture,10
mixture,0.003000000000000001,6758.510898063649,13523.021796127297,13537.745061964244,6.616822934361163,0.0025656081236775344,0.18301941404518315,mixture,10
mixture,0.0027500000000000007,6759.763384455392,13525.526768910784,13540.25003474773,6.027990473704283,0.002594916722697066,0.20072556221755353,mixture,10
mixture,0.0025000000000000005,6761.026724069507,13528.053448139013,13542.77671397596,5.515323211280755,0.0026171995102066813,0.21874502479016214,mixture,10
mixture,0.0022500000000000003,6762.343157008092,13530.686314016184,13545.40957985313,5.0458315260029165,0.0026353991087431413,0.23800885634971172,mixture,10
mixture,0.002,6763.754504040979,13533.509008081957,13548.232273918904,4.601415790158818,0.0026511549700140398,0.25942106576862717,mixture,10
mixture,0.05,6773.5321028421695,13553.064205684339,13567.787471521286,20.52916676913199,0.0028839865092615546,0.2976140342708229,mixture,10
mixture,0.1,6774.554365564472,13555.108731128945,13569.831996965891,37.68338978812805,0.0028852254914779637,0.297613762641087,mixture,10
mixture,0.15000000000000002,6774.916520929421,13555.833041858841,13570.556307695788,54.839382635969464,0.0028855402932078315,0.29761380492437817,mixture,10
mixture,0.2,6775.101887228781,13556.203774457563,13570.92704029451,71.9958671376516,0.0028856772489039713,0.2976138536910699,mixture,10
mixture,0.25,6775.214518068339,13556.429036136678,13571.152301973625,89.15255940227482,0.0028857525126123867,0.2976138922732938,mixture,10
mixture,0.3,6775.290202561357,13556.580405122713,13571.30367095966,106.30936345901519,0.002885799590425025,0.297613922152521,mixture,10
mixture,0.35000000000000003,6775.344558457686,13556.689116915371,13571.412382752318,123.46623367324365,0.0028858316461247533,0.29761394559926285,mixture,10
mixture,0.4,6775.385488174283,13556.770976348565,13571.494242185512,140.62315722584884,0.002885854579016865,0.2976139646135918,mixture,10
mixture,0.45,6775.41741872523,13556.83483745046,13571.558103287407,157.7774886989024,0.0028859204626563253,0.2976133462428541,mixture,10
mixture,0.5,6775.443025690109,13556.886051380217,13571.609317217164,174.93691534984987,0.002885888172223696,0.2976139671186075,mixture,10
null,,6775.558934069445,13553.11786813889,13558.025623417872,346.50661805845266,0.0028859477651630556,,mixture,10
sum,,6810.627709299465,13623.25541859893,13628.163173877912,511.4815649468569,0.003910209354676938,,mixture,10
mixture,0.05,6709.066768813519,13424.133537627038,13438.856803463985,109.53228674478054,0.001552198458400739,0.012286615283583135,mixture,11
mixture,0.009250000000000006,6728.671451385227,13463.342902770453,13478.0661686074,86.14854053393502,0.0005971113001801194,0.014021907469718079,mixture,11
mixture,0.009000000000000006,6729.87160675887,13465.74321351774,13480.466479354687,85.41417318134444,0.000589066878151632,0.01412973678983866,mixture,11
mixture,0.010000000000000007,6730.975920705844,13467.951841411688,13482.675107248635,67.99087686141502,0.0009971606500699265,0.017080037353003473,mixture,11
mixture,0.008750000000000006,6731.150279121578,13468.300558243156,13483.023824080103,84.63254214845541,0.0005812903228776773,0.014246227683525247,mixture,11
mixture,0.009750000000000007,6732.249128585561,13470.498257171123,13485.22152300807,67.20373228937493,0.0009947314738633763,0.017251113398726585,mixture,11
mixture,0.009500000000000007,6733.694683483017,13473.389366966034,13488.11263280298,66.27455018776027,0.0009956677704132705,0.01745890835151823,mixture,11
mixture,0.008250000000000006,6733.970759738646,13473.941519477292,13488.664785314239,82.92157591136757,0.0005665796899805766,0.014507643260766418,mixture,11
mixture,0.008000000000000005,6735.52822676803,13477.05645353606,13491.779719373008,81.99133629935102,0.0005596464137536618,0.01465361709217503,mixture,11
mixture,0.007250000000000005,6740.902842424866,13487.805684849733,13502.52895068668,78.8886680374702,0.0005405698844501159,0.015161836601130832,mixture,11
mixture,0.0070000000000000045,6742.966615473879,13491.933230947758,13506.656496784704,77.75083424918822,0.0005347594783741765,0.015357054488832565,mixture,11
mixture,0.006750000000000004,6747.9182641004445,13501.836528200889,13516.559794037836,65.0123864510401,0.0007437327614995323,0.017756727468071873,mixture,11
mixture,0.008500000000000006,6748.171538169056,13502.343076338111,13517.066342175058,57.46642526977304,0.0011763414248675392,0.01973502245803812,mixture,11
mixture,0.007750000000000005,6750.851706286087,13507.703412572175,13522.426678409121,56.025769857285006,0.0011100857160770538,0.020231697748015275,mixture,11
mixture,0.007500000000000005,6754.947221131773,13515.894442263547,13530.617708100493,54.107523575785876,0.0011464889698186334,0.020865826846186163,mixture,11
mixture,0.006500000000000004,6767.223674620374,13540.447349240749,13555.170615077695,18.473339273362853,0.0019995282504404435,0.06526492155217883,mixture,11
mixture,0.006250000000000004,6768.381802896629,13542.763605793258,13557.486871630204,15.865018576968389,0.0021295503463113854,0.07685539535597821,mixture,11
mixture,0.006000000000000004,6769.405658364582,13544.811316729165,13559.534582566112,14.309055135714871,0.0022047030277077533,0.08578135121274665,mixture,11
mixture,0.005750000000000003,6770.345360994186,13546.690721988372,13561.413987825319,13.148095717186182,0.002258558547641266,0.09377749294667746,mixture,11
mixture,0.005500000000000003,6771.227612260449,13548.455224520898,13563.178490357845,12.215533262921646,0.0022997014523667243,0.10123251760224203,mixture,11
mixture,0.005250000000000003,6772.07094028095,13550.1418805619,13564.865146398846,11.428101516228484,0.00233246342697341,0.10839289108510003,mixture,11
mixture,0.005000000000000003,6772.889510150801,13551.779020301601,13566.502286138548,10.740931607704546,0.002359318984774077,0.11540679567935383,mixture,11
mixture,0.0047500000000000025,6773.694947455697,13553.389894911394,13568.11316074834,10.125633796268845,0.002381842514687803,0.12239620805584327,mixture,11
mixture,0.004500000000000002,6774.497438962823,13554.994877925647,13569.718143762593,9.561843348503281,0.0024011675069140815,0.12949163929362015,mixture,11
mixture,0.004250000000000002,6775.306488750203,13556.612977500406,13571.336243337353,9.038703667130525,0.0024179415447446854,0.13675986839989993,mixture,11
mixture,0.004000000000000002,6776.131492972503,13558.262985945006,13572.986251781953,8.545779605663228,0.0024327510823370447,0.1443153957806677,mixture,11
mixture,0.0037500000000000016,6776.982240339714,13559.964480679428,13574.687746516374,8.07603708493705,0.002445998055309046,0.15226380764735223,mixture,11
mixture,0.0035000000000000014,6777.869402026161,13561.738804052322,13576.462069889269,7.623872729634192,0.002458008843129631,0.1607269480086401,mixture,11
mixture,0.003250000000000001,6778.805070023289,13563.610140046578,13578.333405883524,7.1845988015202735,0.0024690483140525515,0.16985321692374555,mixture,11
mixture,0.003000000000000001,6779.803401833464,13565.606803666928,13580.330069503874,6.754126388626879,0.0024793723465879472,0.1798294248333956,mixture,11
mixture,0.0027500000000000007,6780.881439834386,13567.762879668771,13582.486145505718,6.328745664873428,0.0024892157588098265,0.19089850882213033,mixture,11
mixture,0.0025000000000000005,6782.060190380559,13570.120380761118,13584.843646598065,5.90477791456297,0.002498845466351581,0.20339228198879544,mixture,11
mixture,0.0022500000000000003,6783.366063934913,13572.732127869825,13587.455393706772,5.478211723917443,0.0025085922683869477,0.21778779634704243,mixture,11
mixture,0.002,6784.832762723479,13575.665525446959,13590.388791283905,5.044549914750539,0.0025188951031249493,0.2347930896552523,mixture,11
mixture,0.1,6801.374670620682,13608.749341241364,13623.47260707831,38.967523407119714,0.0027820654743876236,0.297716877405595,mixture,11
mixture,0.15000000000000002,6801.783855987044,13609.567711974089,13624.290977811035,56.76956868594462,0.0027821824034970784,0.29771713469604494,mixture,11
mixture,0.2,6801.992768739328,13609.985537478657,13624.708803315603,74.57215810757303,0.002782219857613497,0.2977172913386862,mixture,11
mixture,0.25,6802.119532897957,13610.239065795913,13624.96233163286,92.37497617343988,0.0027822352703827163,0.297717394741907,mixture,11
mixture,0.3,6802.204640699256,13610.409281398512,13625.132547235458,110.17791376957479,0.0027822424706232494,0.2977174677778753,mixture,11
mixture,0.35000000000000003,6802.265727676535,13610.53145535307,13625.254721190016,127.98092034935993,0.002782246092846323,0.29771752200939144,mixture,11
mixture,0.4,6802.31170562904,13610.62341125808,13625.346677095027,145.7839745433493,0.002782247890876753,0.2977175639085162,mixture,11
mixture,0.45,6802.347563134081,13610.695126268161,13625.418392105108,163.5870628569132,0.002782248704143395,0.29771759728796904,mixture,11
mixture,0.5,6802.376309880679,13610.752619761359,13625.475885598305,181.38762726007403,0.0027822884782523452,0.2977170853118062,mixture,11
null,,6802.506351065684,13607.012702131367,13611.92045741035,359.4214228331058,0.002782249294206209,,mixture,11
sum,,6834.3623518477,13670.7247036954,13675.632458974382,527.5531356169043,0.0037910873141930278,,mixture,11
mixture,0.010000000000000007,6768.4453182907055,13542.890636581411,13557.613902418358,18.811694579363973,0.0022517086063058127,0.0688905434122922,mixture,12
mixture,0.009750000000000007,6768.9659820136,13543.9319640272,13558.655229864147,18.11450339046079,0.0022718334746027777,0.07163880566241153,mixture,12
mixture,0.009500000000000007,6769.482982417054,13544.965964834108,13559.689230671054,17.461453957433058,0.00229025268094644,0.07439850235448897,mixture,12
mixture,0.009250000000000006,6769.9977552861355,13545.995510572271,13560.718776409218,16.845386500419142,0.002307428463201935,0.07718168353898343,mixture,12
mixture,0.009000000000000006,6770.511485592483,13547.022971184966,13561.746237021913,16.257266737685224,0.002323553424852026,0.080023326781717,mixture,12
mixture,0.008750000000000006,6771.025201058542,13548.050402117084,13562.77366795403,15.692160864699147,0.002338772351172107,0.08294367021311719,mixture,12
mixture,0.008500000000000006,6771.539836251176,13549.079672502352,13563.802938339299,15.149144574454828,0.002353285533925183,0.08593959572069496,mixture,12
mixture,0.008250000000000006,6772.056269287792,13550.112538575584,13564.83580441253,14.624314531749725,0.00236718457655792,0.08903273204676544,mixture,12
mixture,0.008000000000000005,6772.575361419087,13551.150722838174,13565.873988675121,14.115639961028085,0.002380533644438641,0.09223574954352332,mixture,12
mixture,0.007750000000000005,6773.097984899372,13552.195969798744,13566.91923563569,13.621519951711628,0.0023933888175780575,0.09556087625907943,mixture,12
mixture,0.007500000000000005,6773.625049251056,13553.250098502112,13567.97336433906,13.138989375048585,0.0024058456290468578,0.09903625621727885,mixture,12
mixture,0.007250000000000005,6774.15752125968,13554.31504251936,13569.038308356307,12.670679634177734,0.0024177866289699025,0.10264091069026376,mixture,12
mixture,0.0070000000000000045,6774.696450291578,13555.392900583156,13570.116166420103,12.215156513411316,0.0024293230376601256,0.10638873065378952,mixture,12
mixture,0.006750000000000004,6775.242990802087,13556.485981604174,13571.20924744112,11.76841386600827,0.002440528374970332,0.11032900110304021,mixture,12
mixture,0.006500000000000004,6775.798417745444,13557.596835490887,13572.320101327834,11.331428713429085,0.0024513766283933277,0.11446040605567157,mixture,12
mixture,0.006250000000000004,6776.364152080366,13558.728304160732,13573.451569997678,10.90344542375935,0.0024618898677564874,0.11880218212949416,mixture,12
mixture,0.006000000000000004,6776.941782450953,13559.883564901906,13574.606830738852,10.483572201387389,0.0024720990694486757,0.12337886800510045,mixture,12
mixture,0.005750000000000003,6777.533089863888,13561.066179727775,13575.789445564722,10.071155762135627,0.0024820455579829632,0.12821557392450714,mixture,12
mixture,0.005500000000000003,6778.140075556819,13562.280151113639,13577.003416950585,9.665433769213797,0.002491734228754149,0.1333443144322503,mixture,12
mixture,0.005250000000000003,6778.764993081324,13563.529986162648,13578.253251999595,9.265623993010525,0.0025012115812871262,0.13880281826736218,mixture,12
mixture,0.005000000000000003,6779.41038657133,13564.82077314266,13579.544038979606,8.871025754415765,0.0025104911416424314,0.1446350514321638,mixture,12
mixture,0.0047500000000000025,6780.079137165036,13566.158274330071,13580.881540167018,8.480642998252064,0.0025196453543034443,0.15089932228595807,mixture,12
mixture,0.004500000000000002,6780.774520786472,13567.549041572944,13582.27230740989,8.093933120938164,0.0025286781993967863,0.15765683464147728,mixture,12
mixture,0.004250000000000002,6781.5002814322925,13569.000562864585,13583.723828701532,7.7098945773456276,0.0025376851148408283,0.16499203257551387,mixture,12
mixture,0.004000000000000002,6782.260726490201,13570.521452980402,13585.244718817348,7.327537552268643,0.002546694791952338,0.17301055281537048,mixture,12
mixture,0.0037500000000000016,6783.060853002368,13572.121706004737,13586.844971841683,6.94620524020992,0.0025557711684754637,0.1818326926063887,mixture,12
mixture,0.0035000000000000014,6783.9065177844295,13573.813035568859,13588.536301405806,6.565100799546083,0.0025649754885238747,0.19161378318155264,mixture,12
mixture,0.003250000000000001,6784.804668216036,13575.609336432071,13590.332602269018,6.183221144574185,0.0025743880890690095,0.20255913535174977,mixture,12
mixture,0.003000000000000001,6785.763651486206,13577.527302972412,13592.250568809359,5.799648977398616,0.0025840967805911145,0.21493082641116928,mixture,12
mixture,0.0027500000000000007,6786.793610214094,13579.587220428188,13594.310486265134,5.413249163890869,0.0025942262015574576,0.2290842033368658,mixture,12
mixture,0.0025000000000000005,6787.906927252767,13581.813854505534,13596.53712034248,5.022313678340746,0.002604955618716108,0.24553214995465306,mixture,12
mixture,0.0022500000000000003,6789.1185333032645,13584.237066606529,13598.960332443476,4.624296394213985,0.0026166220996484257,0.26504823563130736,mixture,12
mixture,0.002,6790.465827072475,13586.93165414495,13601.654919981896,4.107558076474226,0.002642101199178352,0.29785845140490375,mixture,12
mixture,0.05,6792.343738347816,13590.687476695632,13605.410742532578,20.966863727440725,0.0028128479429911364,0.29768572652093567,mixture,12
mixture,0.1,6792.983924036638,13591.967848073276,13606.691113910223,38.549159745790554,0.002814853795977192,0.29768441827024966,mixture,12
mixture,0.15000000000000002,6793.211871201116,13592.423742402232,13607.147008239179,56.13269944694492,0.0028154567591925253,0.29768407264363267,mixture,12
mixture,0.2,6793.32873492894,13592.65746985788,13607.380735694827,73.71658288094464,0.0028157446273254323,0.297683918530398,mixture,12
mixture,0.25,6793.399800308816,13592.799600617633,13607.52286645458,91.30060891940872,0.002815912829673018,0.29768383227204487,mixture,12
mixture,0.3,6793.447577202188,13592.895154404376,13607.618420241322,108.88471039984096,0.0028160229724089095,0.2976837774964184,mixture,12
mixture,0.35000000000000003,6793.481901169987,13592.963802339975,13607.687068176921,126.46885827825,0.00281610059552568,0.2976837398019632,mixture,12
mixture,0.4,6793.507752879497,13593.015505758995,13607.738771595941,144.0530399328833,0.002816158143768458,0.2976837124091709,mixture,12
mixture,0.45,6793.5279244930225,13593.055848986045,13607.779114822992,161.63724825190872,0.0028162024339173156,0.29768369170731224,mixture,12
mixture,0.5,6793.5441026421,13593.0882052842,13607.811471121147,179.22060038806438,0.002816251456132991,0.2976835783731622,mixture,12
null,,6793.6173575995945,13589.234715199189,13594.142470478171,355.06355982068015,0.0028163971557797593,,mixture,12
sum,,6822.035244117056,13646.070488234112,13650.978243513095,519.4352576945977,0.003850335475640549,,mixture,12
mixture,0.05,6735.876117525925,13477.75223505185,13492.475500888797,107.39854356204589,0.001534544594172072,0.012697888759524661,mixture,13
mixture,0.010000000000000007,6760.677986041458,13527.355972082916,13542.079237919863,78.01175597397928,0.0007053910777580355,0.015508679319310787,mixture,13
mixture,0.009750000000000007,6761.819845114689,13529.639690229378,13544.362956066325,77.3219808934593,0.000697991243367658,0.015630592574315497,mixture,13
mixture,0.009500000000000007,6764.313652446571,13534.627304893142,13549.350570730088,64.82693966201522,0.0009027519830046853,0.018240055761783256,mixture,13
mixture,0.008750000000000006,6768.220480896576,13542.440961793152,13557.164227630099,63.56080447691234,0.0008648222849846799,0.018547757340396036,mixture,13
mixture,0.008500000000000006,6768.557098062709,13543.114196125418,13557.837461962365,73.27342929295452,0.0006644401095025963,0.01639365846453427,mixture,13
mixture,0.009250000000000006,6769.279722976624,13544.559445953248,13559.282711790194,56.26728393528516,0.0010995301012399817,0.020703339171248884,mixture,13
mixture,0.008250000000000006,6770.148985336889,13546.297970673779,13561.021236510725,72.34064153355217,0.0006584353506755042,0.01658141536834344,mixture,13
mixture,0.008000000000000005,6771.838033714206,13549.676067428412,13564.399333265359,71.366168413064,0.0006526650813584098,0.016782630037329067,mixture,13
mixture,0.009000000000000006,6773.186262367815,13552.37252473563,13567.095790572577,53.21376761444963,0.0011789310274601,0.02174211935356514,mixture,13
mixture,0.007750000000000005,6773.632429048363,13553.264858096725,13567.988123933672,70.35012475598037,0.0006471252599271674,0.016998126081759643,mixture,13
mixture,0.007500000000000005,6790.619971001681,13587.239942003362,13601.963207840308,18.273863950361505,0.002050505338247023,0.06790397169444684,mixture,13
mixture,0.007250000000000005,6791.519581605129,13589.039163210258,13603.762429047205,17.081655954462775,0.002095386120937255,0.0728801807902791,mixture,13
mixture,0.0070000000000000045,6792.398068757866,13590.796137515732,13605.519403352679,16.147002226728922,0.0021279386484985125,0.07723158625517684,mixture,13
mixture,0.006750000000000004,6793.268705459265,13592.53741091853,13607.260676755477,15.3376822966619,0.002154640916693834,0.081381183775969,mixture,13
mixture,0.006500000000000004,6794.139185161603,13594.278370323205,13609.001636160152,14.604558072441856,0.0021778759369228406,0.08549914884646286,mixture,13
mixture,0.006250000000000004,6795.014935340574,13596.029870681148,13610.753136518095,13.923168402223702,0.0021988408518846553,0.08968246298801144,mixture,13
mixture,0.006000000000000004,6795.900238378703,13597.800476757406,13612.523742594352,13.279870446712257,0.002218226896569106,0.0939952062464448,mixture,13
mixture,0.005750000000000003,6796.798735257865,13599.59747051573,13614.320736352676,12.664659007267954,0.0022365217045789967,0.09850201139544727,mixture,13
mixture,0.005500000000000003,6797.713690638434,13601.427381276868,13616.150647113815,12.070631532726471,0.0022540411303084997,0.10326492027804154,mixture,13
mixture,0.005250000000000003,6798.648151234569,13603.296302469138,13618.019568306085,11.493164865368222,0.0022710644000963247,0.10834317625839542,mixture,13
mixture,0.005000000000000003,6799.605048411788,13605.210096823575,13619.933362660522,10.928902939900253,0.002287805791502918,0.11380008777574091,mixture,13
mixture,0.0047500000000000025,6800.587272623279,13607.174545246558,13621.897811083505,10.375353238784994,0.002304345248786927,0.11970728739525366,mixture,13
mixture,0.004500000000000002,6801.597734842795,13609.19546968559,13623.918735522537,9.830489747464924,0.0023208667063769873,0.12614744563213567,mixture,13
mixture,0.004250000000000002,6802.639426041,13611.278852082,13626.002117918946,9.292323636399827,0.002337469543935466,0.1332264198823866,mixture,13
mixture,0.004000000000000002,6803.715483664392,13613.430967328784,13628.154233165731,8.759127848665939,0.0023543021665321717,0.14107427731069766,mixture,13
mixture,0.0037500000000000016,6804.8292760189315,13615.658552037863,13630.38181787481,8.230262273219635,0.0023714168201343323,0.14983615852003998,mixture,13
mixture,0.0035000000000000014,6805.984511597311,13617.969023194622,13632.692289031569,7.704887223596983,0.0023888907284420674,0.15970134620055204,mixture,13
mixture,0.003250000000000001,6807.185373194645,13620.37074638929,13635.094012226236,7.18252080392501,0.0024067873523764285,0.17090542390946387,mixture,13
mixture,0.003000000000000001,6808.4366521238335,13622.873304247667,13637.596570084614,6.662386858489271,0.0024251968985655446,0.1837661365102227,mixture,13
mixture,0.0027500000000000007,6809.743794493788,13625.487588987577,13640.210854824523,6.143453758804368,0.0024442720732469154,0.19871972792086615,mixture,13
mixture,0.0025000000000000005,6811.112608014299,13628.225216028599,13642.948481865546,5.623778750462736,0.002464208297431311,0.21641245480228316,mixture,13
mixture,0.0022500000000000003,6812.547933823131,13631.095867646261,13645.819133483208,5.09929016113099,0.0024856182322428315,0.2378946852411439,mixture,13
mixture,0.002,6814.273361274842,13634.546722549683,13649.26998838663,4.131925927712305,0.0025566109048210336,0.2979424399404075,mixture,13
mixture,0.1,6818.8546422035515,13643.709284407103,13658.43255024405,39.84607423461424,0.0027156389823805006,0.2977836679337084,mixture,13
mixture,0.15000000000000002,6819.120534307168,13644.241068614336,13658.964334451282,58.08101247493532,0.002716082988267114,0.2977834683386316,mixture,13
mixture,0.2,6819.257088565769,13644.514177131538,13659.237442968484,76.31640007480962,0.002716288419462094,0.2977833901873232,mixture,13
mixture,0.25,6819.340210796265,13644.68042159253,13659.403687429476,94.55197478421877,0.0027164061582522704,0.297783350528599,mixture,13
mixture,0.3,6819.396129773628,13644.792259547256,13659.515525384202,112.78764820267475,0.0027164822241627605,0.2977833272493166,mixture,13
mixture,0.35000000000000003,6819.436321563335,13644.87264312667,13659.595908963616,131.02338155907492,0.0027165352939686987,0.29778331226309634,mixture,13
mixture,0.4,6819.466603001713,13644.933206003427,13659.656471840373,149.2591489779042,0.002716574468365256,0.2977833018744656,mixture,13
mixture,0.45,6819.490237241403,13644.980474482805,13659.703740319752,167.49494668477215,0.002716604440910839,0.29778329442192664,mixture,13
mixture,0.5,6819.509196530639,13645.018393061278,13659.741658898225,185.73079911759828,0.0027166276113510927,0.29778328920193514,mixture,13
null,,6819.59508870373,13641.19017740746,13646.097932686442,368.0891234698435,0.0027167333567842495,,mixture,13
sum,,6849.10543062767,13700.21086125534,13705.118616534322,537.8521868680187,0.003718493758752294,,mixture,13
mixture,0.05,6730.137280437649,13466.274560875298,13480.997826712244,99.68279031756056,0.0016232520897370047,0.013792016630465715,mixture,14
mixture,0.010000000000000007,6756.013443245982,13518.026886491964,13532.75015232891,58.2013615498738,0.0010178216118694892,0.020464499834536968,mixture,14
mixture,0.009750000000000007,6757.1223068141235,13520.244613628247,13534.967879465194,59.493637990496,0.0009704467462491292,0.020026606886011666,mixture,14
mixture,0.009500000000000007,6758.315960649425,13522.63192129885,13537.355187135796,58.80959548558181,0.0009647130335202271,0.02022992984627138,mixture,14
mixture,0.009250000000000006,6759.570151984406,13525.140303968812,13539.863569805759,58.09022231188427,0.0009593149692824417,0.02044979215955619,mixture,14
mixture,0.009000000000000006,6761.1110587247185,13528.222117449437,13542.945383286384,52.15735707159311,0.0010743026663564807,0.022635994862085864,mixture,14
mixture,0.008750000000000006,6762.277268612792,13530.554537225584,13545.27780306253,56.536643755402935,0.0009496746709222288,0.02094649096204805,mixture,14
mixture,0.008500000000000006,6763.739734973025,13533.47946994605,13548.202735782997,55.6949205746457,0.0009456170467970767,0.0212284991650367,mixture,14
mixture,0.008250000000000006,6765.281905598695,13536.56381119739,13551.287077034336,54.80772431185314,0.0009420996323419157,0.0215360514099461,mixture,14
mixture,0.008000000000000005,6766.90972882829,13539.81945765658,13554.542723493527,53.869057911740896,0.0009392627663048485,0.021873471882325787,mixture,14
mixture,0.007750000000000005,6768.62971538909,13543.25943077818,13557.982696615127,52.86852583087378,0.0009373256641650646,0.022247597413605182,mixture,14
mixture,0.007500000000000005,6770.448996487387,13546.897992974775,13561.621258811721,51.80752061664603,0.0009363200036740787,0.022661142549947156,mixture,14
mixture,0.007250000000000005,6772.3753821637665,13550.750764327533,13565.47403016448,50.676461092752135,0.0009364833982403192,0.023122305293813282,mixture,14
mixture,0.0070000000000000045,6774.417418581312,13554.834837162623,13569.55810299957,49.46409574701082,0.0009381167701592671,0.023641541050668024,mixture,14
mixture,0.006750000000000004,6778.385738656754,13562.771477313509,13577.494743150455,16.78488891960532,0.0020852958352691143,0.0733137389948495,mixture,14
mixture,0.006500000000000004,6779.274931336101,13564.549862672202,13579.273128509149,15.141142774186152,0.0021616706741745648,0.08187595737250934,mixture,14
mixture,0.006250000000000004,6780.08591144634,13566.17182289268,13580.895088729627,14.014633323334074,0.002210432504097213,0.08882973461169714,mixture,14
mixture,0.006000000000000004,6780.849317783899,13567.698635567798,13582.421901404745,13.11898559282896,0.0022467173096665863,0.09513397703285192,mixture,14
mixture,0.005750000000000003,6781.5819067396715,13569.163813479343,13583.88707931629,12.358807499184277,0.0022755678542042954,0.10112423411870858,mixture,14
mixture,0.005500000000000003,6782.2950498062855,13570.590099612571,13585.313365449518,11.685558957157069,0.002299688477154102,0.10700531719876491,mixture,14
mixture,0.005250000000000003,6782.99746557821,13571.99493115642,13586.718196993366,11.075943729120302,0.002320233284992353,0.11286995195485466,mixture,14
mixture,0.005000000000000003,6783.696441554551,13573.392883109102,13588.116148946048,10.512388179990548,0.0023381771406053554,0.11882058023986823,mixture,14
mixture,0.0047500000000000025,6784.398500142584,13574.797000285169,13589.520266122116,9.983646161475736,0.0023541572149800355,0.12493819081443747,mixture,14
mixture,0.004500000000000002,6785.109815129621,13576.219630259242,13590.942896096189,9.48134692040231,0.0023686151899216103,0.13130642381907315,mixture,14
mixture,0.004250000000000002,6785.836508362786,13577.673016725572,13592.396282562519,8.999489616023526,0.0023818898516877766,0.13800741238086128,mixture,14
mixture,0.004000000000000002,6786.584889464731,13579.169778929461,13593.893044766408,8.53332102746344,0.002394240138021951,0.1451335489582338,mixture,14
mixture,0.0037500000000000016,6787.361675739251,13580.723351478502,13595.446617315449,8.078784832336526,0.002405918893491121,0.1527960613619479,mixture,14
mixture,0.0035000000000000014,6788.174221598232,13582.348443196464,13597.071709033411,7.632298291307253,0.0024171481845143374,0.16113355389800627,mixture,14
mixture,0.003250000000000001,6789.030790951945,13584.06158190389,13598.784847740837,7.19166008526496,0.002428060134117178,0.17029312317398035,mixture,14
mixture,0.003000000000000001,6789.940923648993,13585.881847297986,13600.605113134932,6.753877692672994,0.0024388690390420658,0.18049171193555974,mixture,14
mixture,0.0027500000000000007,6790.915986766946,13587.831973533892,13602.555239370839,6.317293933217222,0.002449691613822465,0.19197437755659247,mixture,14
mixture,0.0025000000000000005,6791.9700752199315,13589.940150439863,13604.66341627681,5.880392989180303,0.002460635821598457,0.2050614542525794,mixture,14
mixture,0.0022500000000000003,6793.121552797541,13592.243105595082,13606.966371432029,5.442127861920751,0.002471783625850998,0.2201637558493281,mixture,14
mixture,0.002,6794.395719521493,13594.791439042987,13609.514704879934,5.001805998718807,0.0024830827755001205,0.23782541186238912,mixture,14
mixture,0.1,6813.837610171278,13633.675220342557,13648.398486179503,39.59968584345512,0.0027339459759889045,0.29776494586814334,mixture,14
mixture,0.15000000000000002,6814.302937037759,13634.605874075518,13649.329139912465,57.71993220177009,0.002733966713803087,0.2977653167986514,mixture,14
mixture,0.2,6814.540574811347,13635.081149622694,13649.804415459641,75.84080116640364,0.0027339538820708325,0.29776553301342096,mixture,14
mixture,0.25,6814.684790486984,13635.369580973967,13650.092846810914,93.96192860095854,0.0027339384819851558,0.297765673003303,mixture,14
mixture,0.3,6814.781624560148,13635.563249120296,13650.286514957243,112.08319087709674,0.002733924868080155,0.2977657707902064,mixture,14
mixture,0.35000000000000003,6814.851133024336,13635.702266048673,13650.42553188562,130.20453206247515,0.0027339134652037624,0.2977658429088546,mixture,14
mixture,0.4,6814.903452232424,13635.806904464847,13650.530170301794,148.32592730869044,0.0027339039065802186,0.2977658983427713,mixture,14
mixture,0.45,6814.94425681844,13635.88851363688,13650.611779473827,166.4473555953671,0.0027338959255908007,0.2977659422256458,mixture,14
mixture,0.5,6814.976971230715,13635.95394246143,13650.677208298377,184.56885617141913,0.00273388846164059,0.29776597814773026,mixture,14
null,,6815.124969440335,13632.24993888067,13637.157694159652,365.7836627375925,0.002733856379795137,,mixture,14
sum,,6844.668239929677,13691.336479859354,13696.244235138336,534.8339021527186,0.003739478727788113,,mixture,14
mixture,0.010000000000000007,6706.309139110299,13418.618278220598,13433.341544057545,79.0881508372234,0.0007610406529661054,0.015011770977775752,mixture,15
mixture,0.009500000000000007,6708.265992057402,13422.531984114805,13437.255249951751,78.23467594979554,0.00073899447187885,0.015150038909218056,mixture,15
mixture,0.009250000000000006,6709.332445601907,13424.664891203814,13439.388157040761,77.7476164141004,0.0007282341557046637,0.01523160855418676,mixture,15
mixture,0.009750000000000007,6710.635864960137,13427.271729920274,13441.99499575722,64.21189637432171,0.001055413222614823,0.018013123438439346,mixture,15
mixture,0.009000000000000006,6711.063615511052,13428.127231022105,13442.850496859051,70.33460512710533,0.0008436847112391084,0.016608814301215347,mixture,15
mixture,0.008750000000000006,6711.665983658075,13429.33196731615,13444.055233153096,76.69637972943866,0.0007068310557704525,0.01541189987862093,mixture,15
mixture,0.008500000000000006,6715.929711289398,13437.859422578797,13452.582688415743,62.57909203147054,0.0009770189267759928,0.018402291959279646,mixture,15
mixture,0.008000000000000005,6717.063304704235,13440.12660940847,13454.849875245416,65.48582473443136,0.0008564347629028856,0.017668607735777792,mixture,15
mixture,0.008250000000000006,6717.165081824438,13440.330163648876,13455.053429485823,62.302629158588104,0.0009585805412061182,0.018469665581829872,mixture,15
mixture,0.007500000000000005,6721.286907557003,13448.573815114007,13463.297080950953,61.709311506731616,0.0008941155850898657,0.018613632542378335,mixture,15
mixture,0.007750000000000005,6722.548241211266,13451.096482422532,13465.819748259479,57.84624202595828,0.0010306122581270896,0.019716276319061178,mixture,15
mixture,0.007250000000000005,6722.823801575057,13451.647603150113,13466.37086898706,61.617317862249735,0.000868927295086327,0.018634899732848806,mixture,15
mixture,0.0070000000000000045,6724.37351032315,13454.7470206463,13469.470286483247,61.81159721161401,0.0008363780408530685,0.01858083019340362,mixture,15
mixture,0.006750000000000004,6725.880532710873,13457.761065421746,13472.484331258693,62.61986947341981,0.0007895619763082209,0.018369425462457036,mixture,15
mixture,0.006500000000000004,6726.914222113675,13459.82844422735,13474.551710064297,69.58911404041677,0.0006226169079520336,0.016796477256654754,mixture,15
mixture,0.006250000000000004,6729.298062002711,13464.596124005422,13479.319389842369,68.52355073235123,0.0006147289465352461,0.01702896066996497,mixture,15
mixture,0.006000000000000004,6731.875994314674,13469.751988629348,13484.475254466295,67.39190800357385,0.0006072231771590355,0.017283691484036138,mixture,15
mixture,0.005500000000000003,6737.705595305599,13481.411190611198,13496.134456448144,64.92957032268451,0.0005933088538946717,0.017867561769981166,mixture,15
mixture,0.005250000000000003,6741.012027903444,13488.024055806887,13502.747321643834,63.59404197006614,0.0005869211038798718,0.018202509623476942,mixture,15
mixture,0.005000000000000003,6744.623590024024,13495.247180048049,13509.970445884996,62.18637035719304,0.0005809207761790149,0.018570589184324374,mixture,15
mixture,0.005750000000000003,6748.900005390403,13503.800010780806,13518.523276617752,46.28512334736347,0.0011647772706124674,0.02404557901008512,mixture,15
mixture,0.0047500000000000025,6762.543342418437,13531.086684836873,13545.80995067382,41.974904334101076,0.0011273976140636552,0.026356096696171716,mixture,15
mixture,0.004500000000000002,6776.307568363183,13558.615136726366,13573.338402563313,11.206365596597589,0.0022939242190198137,0.10768376697806177,mixture,15
mixture,0.004250000000000002,6777.849900055131,13561.699800110262,13576.423065947209,10.13879601065167,0.0023508406043071715,0.11952444141072587,mixture,15
mixture,0.004000000000000002,6779.350640551784,13564.701281103567,13579.424546940514,9.287228578950819,0.0023930195757280214,0.13078245816113857,mixture,15
mixture,0.0037500000000000016,6780.838798929992,13567.677597859984,13582.40086369693,8.530887153462757,0.0024293107694128417,0.14258134528008712,mixture,15
mixture,0.0035000000000000014,6782.325931208696,13570.651862417391,13585.375128254338,7.8168328843654145,0.00246384039964896,0.15579352599400068,mixture,15
mixture,0.003250000000000001,6783.80995431,13573.61990862,13588.343174456946,7.106964933245292,0.002499867832088045,0.17164935712225088,mixture,15
mixture,0.003000000000000001,6785.270350930423,13576.540701860846,13591.263967697792,6.370060766814884,0.0025406170460819185,0.19212813225753617,mixture,15
mixture,0.0027500000000000007,6786.659756776498,13579.319513552997,13594.042779389943,5.584878614192096,0.002588384136964436,0.22051150782061485,mixture,15
mixture,0.0025000000000000005,6788.077944406542,13582.155888813084,13596.87915465003,4.279222267465216,0.0026887984101370116,0.2978110738327211,mixture,15
mixture,0.05,6788.818196731595,13583.63639346319,13598.359659300137,20.87980157948338,0.0028267160389574032,0.29767208303844733,mixture,15
mixture,0.0022500000000000003,6789.021240646777,13584.042481293554,13598.765747130501,4.192097989518619,0.0026721312591021706,0.2978292877837668,mixture,15
mixture,0.1,6789.340315580084,13584.680631160169,13599.403896997115,38.37155013172605,0.0028290086454736993,0.2976703733838161,mixture,15
mixture,0.15000000000000002,6789.528281014418,13585.056562028836,13599.779827865783,55.86444537845427,0.0028297117304888824,0.29766988781796944,mixture,15
mixture,0.2,6789.625041997835,13585.25008399567,13599.973349832617,73.35765690322964,0.002830050622334558,0.29766966245381704,mixture,15
mixture,0.25,6789.684010865227,13585.368021730454,13600.0912875674,90.85100195342613,0.0028302496838914413,0.2976695330992551,mixture,15
mixture,0.3,6789.723709132068,13585.447418264135,13600.170684101082,108.34441761613039,0.0028303805080145818,0.2976694494313588,mixture,15
mixture,0.35000000000000003,6789.752255737154,13585.504511474308,13600.227777311255,125.83787564279893,0.002830472985105879,0.29766939097597145,mixture,15
mixture,0.4,6789.773770675503,13585.547541351007,13600.270807187953,143.33137050975077,0.0028305416055517843,0.29766934807056633,mixture,15
mixture,0.45,6789.7905670377695,13585.581134075539,13600.304399912486,160.82489279198475,0.002830594489195991,0.29766931531527596,mixture,15
mixture,0.5,6789.804043656146,13585.608087312292,13600.331353149239,178.3183003282725,0.0028306386366182836,0.29766927293382056,mixture,15
mixture,0.002,6789.865006297744,13585.730012595488,13600.453278432435,352.55373906454577,0.29999999993377796,0.002830827648665529,mixture,15
null,,6789.865126361541,13581.730252723082,13586.638008002064,353.253541298752,0.002830827955251224,,mixture,15
sum,,6822.823027930915,13647.64605586183,13652.553811140811,520.6689219789921,0.0038412125548002185,,mixture,15
mixture,0.010000000000000007,6694.419883982591,13394.839767965183,13409.56303380213,23.966872695609677,0.002127289973993611,0.05138571145735194,mixture,16
mixture,0.009750000000000007,6695.016050139755,13396.03210027951,13410.755366116457,23.26380213938631,0.002142679305796242,0.05291655730695745,mixture,16
mixture,0.009500000000000007,6695.62327536199,13397.24655072398,13411.969816560926,22.588097571135695,0.0021572336507604396,0.054470036632336225,mixture,16
mixture,0.009250000000000006,6696.242883107852,13398.485766215705,13413.209032052651,21.935710394290247,0.0021710878710771084,0.05605319804262822,mixture,16
mixture,0.009000000000000006,6696.876227131176,13399.752454262352,13414.475720099299,21.303333266120486,0.0021843507893031834,0.05767289264033286,mixture,16
mixture,0.008750000000000006,6697.524709573603,13401.049419147206,13415.772684984153,20.689004923229753,0.0021970872913441002,0.05933333760589554,mixture,16
mixture,0.008500000000000006,6698.189796858761,13402.379593717522,13417.102859554469,20.08818834113031,0.0022094312518666,0.06104902948907372,mixture,16
mixture,0.008250000000000006,6698.8730366409045,13403.746073281809,13418.469339118756,19.501132665546766,0.0022214030982178603,0.06281962587679304,mixture,16
mixture,0.008000000000000005,6699.576072705304,13405.152145410608,13419.875411247554,18.925643295110206,0.0022330570059297563,0.06465442592245378,mixture,16
mixture,0.007750000000000005,6700.300662039953,13406.601324079906,13421.324589916852,18.359876861897206,0.002244454102631428,0.06656303953130899,mixture,16
mixture,0.007500000000000005,6701.048692759733,13408.097385519466,13422.820651356413,17.802545544861523,0.0022556547033625277,0.06855432917913669,mixture,16
mixture,0.007250000000000005,6701.8222035979015,13409.644407195803,13424.36767303275,17.252407568754663,0.002266705831872634,0.0706385870875037,mixture,16
mixture,0.0070000000000000045,6702.62340587499,13411.24681174998,13425.970077586926,16.708634672344015,0.0022776509987334683,0.0728257184242499,mixture,16
mixture,0.006750000000000004,6703.4547084122305,13412.909416824461,13427.632682661408,16.17006862203595,0.0022885355886931927,0.07512905502039373,mixture,16
mixture,0.006500000000000004,6704.3187463688655,13414.637492737731,13429.360758574678,15.63577014683973,0.0022994054968604525,0.07756293879562524,mixture,16
mixture,0.006250000000000004,6705.218415216255,13416.43683043251,13431.160096269457,15.10378818888652,0.0023103546911215755,0.08015033431347741,mixture,16
mixture,0.006000000000000004,6706.156909762073,13418.313819524146,13433.037085361093,14.57536648967932,0.0023213338693731326,0.08289795462342688,mixture,16
mixture,0.005750000000000003,6707.137773243357,13420.275546486713,13434.99881232366,14.049154589779189,0.0023324152024324332,0.08583034211104787,mixture,16
mixture,0.005500000000000003,6708.164956082352,13422.329912164703,13437.05317800165,13.525604318568757,0.002343655989117033,0.08896269083633943,mixture,16
mixture,0.005250000000000003,6709.242885582146,13424.485771164293,13439.20903700124,13.000000345476652,0.0023551292902712446,0.09235598489486302,mixture,16
mixture,0.005000000000000003,6710.376560118735,13426.75312023747,13441.476386074417,12.47499483513334,0.002366887767734154,0.09601915087441146,mixture,16
mixture,0.0047500000000000025,6711.571657520204,13429.143315040408,13443.866580877355,11.94928278814566,0.0023789680251261706,0.099998807253546,mixture,16
mixture,0.3,6712.267958248796,13430.535916497593,13445.25918233454,166.34658015347298,0.0026182259658686534,0.013522603708572764,mixture,16
mixture,0.004500000000000002,6712.834681274297,13431.669362548593,13446.39262838554,11.422212387779291,0.0023914309686047146,0.10434470335465527,mixture,16
mixture,0.004250000000000002,6714.173143604118,13434.346287208236,13449.069553045183,10.893288954301163,0.0024043405554229165,0.1091154850954612,mixture,16
mixture,0.004000000000000002,6715.595801538294,13437.191603076588,13451.914868913535,10.362046365054912,0.002417748167897236,0.11438264962466031,mixture,16
mixture,0.0037500000000000016,6717.1129611713395,13440.225922342679,13454.949188179626,9.827898577515874,0.0024317328105734454,0.12023599397544561,mixture,16
mixture,0.0035000000000000014,6718.736869730308,13443.473739460616,13458.197005297563,9.290058576923752,0.002446407465832317,0.12679102178962803,mixture,16
mixture,0.003250000000000001,6720.482218502031,13446.964437004062,13461.687702841009,8.747807496869472,0.002461876348976619,0.13419405642058377,mixture,16
mixture,0.003000000000000001,6722.366780368973,13450.733560737946,13465.456826574893,8.199941105351636,0.002478328081293246,0.1426436042415645,mixture,16
mixture,0.0027500000000000007,6724.412198583388,13454.824397166776,13469.547663003723,7.644891140063244,0.0024960080947447503,0.15241172214792462,mixture,16
mixture,0.0025000000000000005,6726.64491440832,13459.28982881664,13474.013094653586,7.080917176217504,0.002515227314996159,0.1638746040894049,mixture,16
mixture,0.0022500000000000003,6729.09714129907,13464.19428259814,13478.917548435087,6.5046654474853,0.002536560994534725,0.17761024371977746,mixture,16
mixture,0.002,6731.807580655752,13469.615161311503,13484.33842714845,5.912056708894844,0.0025608501124529327,0.19450149130997424,mixture,16
mixture,0.05,6748.51190619664,13503.02381239328,13517.747078230226,19.96972198627518,0.002980336342499601,0.29751726374708054,mixture,16
mixture,0.1,6749.635906079753,13505.271812159506,13519.995077996453,36.56576276844169,0.00298144981723024,0.2975173284940677,mixture,16
mixture,0.15000000000000002,6750.032980851132,13506.065961702265,13520.789227539211,53.163624905428,0.0029817131484961602,0.2975174973197732,mixture,16
mixture,0.2,6750.235989861398,13506.471979722795,13521.195245559742,69.761994694524,0.00298182229313406,0.2975176123938546,mixture,16
mixture,0.25,6750.359263646244,13506.718527292487,13521.441793129434,86.36057943288039,0.0029818801541215798,0.2975176918141334,mixture,16
mixture,0.35000000000000003,6750.501510839165,13507.00302167833,13521.726287515277,119.55169639084943,0.0029821009073263877,0.2975133474483378,mixture,16
mixture,0.4,6750.546275998169,13507.092551996338,13521.815817833285,136.1531494831468,0.0029820379052125506,0.297516889832659,mixture,16
mixture,0.45,6750.58118954959,13507.16237909918,13521.885644936126,152.75424610336185,0.0029819963690581957,0.29751765943768604,mixture,16
mixture,0.5,6750.609183384085,13507.21836676817,13521.941632605116,169.35433433293707,0.002981981148674008,0.29751784465616227,mixture,16
null,,6750.735859590755,13503.47171918151,13508.379474460493,335.34291119317913,0.002982022182732038,,mixture,16
sum,,6780.957301681097,13563.914603362195,13568.822358641177,495.17423958586176,0.00403898232200588,,mixture,16
mixture,0.009750000000000007,6749.5100189028135,13505.020037805627,13519.743303642574,75.87841439141084,0.0008015643480656561,0.015541939363309028,mixture,17
mixture,0.009000000000000006,6752.906759056345,13511.81351811269,13526.536783949638,83.31235642761696,0.0006348972032307555,0.014333893425078759,mixture,17
mixture,0.010000000000000007,6753.992338777714,13513.984677555429,13528.707943392375,62.75884320001818,0.0011090039867813009,0.01842143450427709,mixture,17
mixture,0.008750000000000006,6754.448811049118,13514.897622098237,13529.620887935183,82.33865316952536,0.0006291775716174315,0.01448526504144702,mixture,17
mixture,0.009500000000000007,6755.2351325343425,13516.470265068685,13531.193530905632,63.13611364249308,0.0010455521752251115,0.0183256225140234,mixture,17
mixture,0.008500000000000006,6756.0820144740255,13518.164028948051,13532.887294784998,81.32744587068323,0.0006236463781980401,0.014645943266691077,mixture,17
mixture,0.009250000000000006,6757.144176791451,13520.288353582902,13535.011619419849,61.82038087843005,0.0010561368537786633,0.018671537763672377,mixture,17
mixture,0.008250000000000006,6757.813614472454,13521.627228944908,13536.350494781855,80.24022119749876,0.0006186475713141145,0.014823327692935742,mixture,17
mixture,0.007750000000000005,6765.009054024802,13536.018108049604,13550.74137388655,61.395149529791084,0.0009082266106688466,0.018770559345983165,mixture,17
mixture,0.007500000000000005,6775.100667281622,13556.201334563244,13570.92460040019,51.907699743892614,0.0011630756587196341,0.021832725886204062,mixture,17
mixture,0.008000000000000005,6789.98023517195,13585.9604703439,13600.683736180847,16.438394271551093,0.0021770761964208106,0.07772016010173004,mixture,17
mixture,0.007250000000000005,6792.242288802685,13590.48457760537,13605.207843442317,8.993777084828466,0.002612177925140368,0.15964935062216506,mixture,17
mixture,0.0070000000000000045,6792.4631208188,13590.9262416376,13605.649507474547,8.525740904730982,0.002627133235460107,0.1694180876487153,mixture,17
mixture,0.006750000000000004,6792.667686309409,13591.335372618818,13606.058638455765,8.126584177636982,0.002638319406025314,0.17838101744588342,mixture,17
mixture,0.006500000000000004,6792.860664111592,13591.721328223184,13606.44459406013,7.7667204837017305,0.0026474932562659706,0.1870445836657149,mixture,17
mixture,0.006250000000000004,6793.045142076928,13592.090284153855,13606.813549990802,7.43427023939242,0.002655288520783283,0.19560170975308644,mixture,17
mixture,0.006000000000000004,6793.223372784229,13592.446745568457,13607.170011405404,7.122038885561215,0.0026620767777909764,0.2041839430546369,mixture,17
mixture,0.005750000000000003,6793.397129348321,13592.794258696642,13607.517524533589,6.826165461831467,0.002668088518716699,0.21285297802986308,mixture,17
mixture,0.005500000000000003,6793.567895981685,13593.13579196337,13607.859057800317,6.54089690372907,0.0026735201197643755,0.22180421114340168,mixture,17
mixture,0.005250000000000003,6793.736990953737,13593.473981907475,13608.197247744421,6.266518779936057,0.0026784476859437498,0.2309918909752587,mixture,17
mixture,0.005000000000000003,6793.905642465701,13593.811284931402,13608.534550768349,6.000354112770597,0.002682971260078683,0.2405270644754511,mixture,17
mixture,0.0047500000000000025,6794.412051639762,13594.824103279523,13609.54736911647,5.085803419711387,0.0027243989971053933,0.2977740217168879,mixture,17
mixture,0.004500000000000002,6794.453644800322,13594.907289600644,13609.63055543759,4.997568539784313,0.0027198791365140823,0.2977790031588754,mixture,17
mixture,0.004250000000000002,6794.524158669187,13595.048317338375,13609.771583175321,4.909348113536851,0.002714807940372964,0.2977846106394138,mixture,17
mixture,0.004000000000000002,6794.631640864705,13595.26328172941,13609.986547566357,4.821093763460617,0.002709167035977883,0.2977912156496858,mixture,17
mixture,0.0037500000000000016,6794.786686012144,13595.573372024288,13610.296637861235,4.732915897906165,0.0027026456159399046,0.2977981686384809,mixture,17
mixture,0.0035000000000000014,6795.003440196046,13596.006880392091,13610.730146229038,4.644748785631562,0.002695184835533861,0.29780613689517366,mixture,17
mixture,0.003250000000000001,6795.301051137402,13596.602102274805,13611.325368111751,4.556623903384542,0.002686481404356367,0.297816188198051,mixture,17
mixture,0.003000000000000001,6795.672272600518,13597.344545201036,13612.067811037983,4.443235060654549,0.0026788064763289053,0.3,mixture,17
mixture,0.0027500000000000007,6796.204371207908,13598.408742415815,13613.132008252762,4.355182544543479,0.0026672722108442414,0.3,mixture,17
mixture,0.0025000000000000005,6796.930304572674,13599.860609145348,13614.583874982294,4.2671434066222105,0.002653523850432756,0.3,mixture,17
mixture,0.0022500000000000003,6797.927877722512,13601.855755445024,13616.57902128197,4.179109544180712,0.002636895264858671,0.3,mixture,17
mixture,0.05,6798.626486928166,13603.252973856332,13617.976239693278,21.120547730111927,0.0027886961849469096,0.29771026330843414,mixture,17
mixture,0.1,6799.30443497068,13604.60886994136,13619.332135778306,38.85805939979164,0.0027905700703302655,0.297708880131994,mixture,17
mixture,0.002,6799.31626831752,13604.63253663504,13619.355802471986,4.091070931721616,0.0026164165892719484,0.3,mixture,17
mixture,0.15000000000000002,6799.549215496669,13605.098430993337,13619.821696830284,56.597208976230284,0.002791109594659,0.297708531047367,mixture,17
mixture,0.2,6799.675379624989,13605.350759249977,13620.074025086924,74.33681456321173,0.0027913615845324142,0.2977083798520862,mixture,17
mixture,0.25,6799.752320625405,13605.50464125081,13620.227907087758,92.07661041879564,0.002791506846280311,0.2977082969276158,mixture,17
mixture,0.3,6799.804140739892,13605.608281479785,13620.331547316731,109.81650888109138,0.0027916010216368025,0.2977082451129769,mixture,17
mixture,0.35000000000000003,6799.841415500106,13605.682831000213,13620.40609683716,127.5564644099639,0.0027916670189514358,0.29770820977818835,mixture,17
mixture,0.4,6799.869515023512,13605.739030047023,13620.46229588397,145.29646555290543,0.0027917156281434988,0.29770818438654756,mixture,17
mixture,0.45,6799.891455683957,13605.782911367914,13620.506177204861,163.03649791950494,0.002791752894501301,0.2977081653208014,mixture,17
mixture,0.5,6799.909062249356,13605.818124498712,13620.541390335658,180.77582631013894,0.0027917936880389486,0.29770807372221597,mixture,17
null,,6799.988891323597,13601.977782647195,13606.885537926177,358.1770787850391,0.002791915114702671,,mixture,17
sum,,6829.490686692241,13660.981373384482,13665.889128663464,525.2781801951593,0.003807506337417118,,mixture,17
mixture,0.010000000000000007,6731.008299500147,13468.016599000293,13482.73986483724,31.359567692484234,0.0017541338369711414,0.03858333166294214,mixture,18
mixture,0.009750000000000007,6731.909697068858,13469.819394137716,13484.542659974662,30.52297080325466,0.001766561557268224,0.039604020570315535,mixture,18
mixture,0.009500000000000007,6732.841314053256,13471.682628106511,13486.405893943458,29.683633365179453,0.001779493636132325,0.04068591227999203,mixture,18
mixture,0.009250000000000006,6733.8043715466665,13473.608743093333,13488.33200893028,28.840777583171796,0.001792988843286861,0.04183593522640373,mixture,18
mixture,0.009000000000000006,6734.80011113761,13475.60022227522,13490.323488112166,27.993982410557763,0.0018071050191869262,0.043061417397899114,mixture,18
mixture,0.008750000000000006,6735.8297846369105,13477.659569273821,13492.382835110768,27.14214208518741,0.0018219287949068955,0.04437199797472873,mixture,18
mixture,0.008500000000000006,6736.894640597895,13479.78928119579,13494.512547032737,26.284283063008992,0.001837539935015793,0.045778723253618404,mixture,18
mixture,0.008250000000000006,6737.995906782024,13481.991813564047,13496.715079400994,25.420099185860717,0.0018540180545967447,0.04729306663088075,mixture,18
mixture,0.008000000000000005,6739.13476700094,13484.26953400188,13498.992799838827,24.548960593408527,0.001871457032793647,0.048929141241678284,mixture,18
mixture,0.007750000000000005,6740.312330141842,13486.624660283684,13501.34792612063,23.670260847831095,0.0018899603309200366,0.050703524030872596,mixture,18
mixture,0.007500000000000005,6741.529587435732,13489.059174871463,13503.78244070841,22.78331535586863,0.0019096477428107075,0.05263607437799874,mixture,18
mixture,0.007250000000000005,6742.78735129421,13491.57470258842,13506.297968425366,21.887284889665708,0.0019306615606991776,0.054750980406611104,mixture,18
mixture,0.0070000000000000045,6744.0861640497515,13494.172328099503,13508.89559393645,20.980997256384935,0.0019531801481599735,0.05707848367966899,mixture,18
mixture,0.006750000000000004,6745.426156200329,13496.852312400659,13511.575578237605,20.062678708481485,0.0019774389634042693,0.05965761929703139,mixture,18
mixture,0.006500000000000004,6746.806818290907,13499.613636581815,13514.336902418761,19.12967765743292,0.0020037435161858195,0.06254032896666756,mixture,18
mixture,0.006250000000000004,6748.226622202901,13502.453244405802,13517.176510242749,18.177014414293048,0.002032634360476501,0.06580172823311135,mixture,18
mixture,0.006000000000000004,6749.682375925841,13505.364751851683,13520.08801768863,17.198055604500123,0.002064761457006951,0.06954866387088274,mixture,18
mixture,0.005750000000000003,6751.168091153768,13508.336182307536,13523.059448144482,16.18174733584595,0.0021012233252290825,0.0739480694248236,mixture,18
mixture,0.005500000000000003,6752.672943104848,13511.345886209696,13526.069152046643,15.10873192019293,0.0021438641112670478,0.07928554002807794,mixture,18
mixture,0.005250000000000003,6754.177551185294,13514.355102370588,13529.078368207534,13.950721400022017,0.002195546129479181,0.08605463507165563,mixture,18
mixture,0.005000000000000003,6755.647776840295,13517.29555368059,13532.018819517536,12.67590013363958,0.002259895463969763,0.09509329661782664,mixture,18
mixture,0.0047500000000000025,6757.030305890916,13520.060611781832,13534.783877618778,11.301607392505074,0.002337523956064867,0.10736775662503453,mixture,18
mixture,0.004500000000000002,6758.275491709436,13522.550983418872,13537.274249255819,10.017988690724604,0.0024140013420228257,0.12208935849671565,mixture,18
mixture,0.004250000000000002,6759.385195519121,13524.770391038242,13539.49365687519,8.992977139291664,0.0024736098479689723,0.13687585535183516,mixture,18
mixture,0.004000000000000002,6760.397930434795,13526.79586086959,13541.519126706537,8.19464236933037,0.002516618587226889,0.15079010311019625,mixture,18
mixture,0.0037500000000000016,6761.350589827381,13528.701179654761,13543.424445491708,7.539627619565399,0.00254886998018903,0.16417046777748706,mixture,18
mixture,0.0035000000000000014,6762.2708440342685,13530.541688068537,13545.264953905484,6.973799469394825,0.002574265969825692,0.1774967090458593,mixture,18
mixture,0.003250000000000001,6763.180222213921,13532.360444427843,13547.08371026479,6.467779789013429,0.0025950173419864906,0.19111743746584275,mixture,18
mixture,0.003000000000000001,6764.0972714707605,13534.194542941521,13548.917808778468,6.002902313738806,0.0026125292278660265,0.20537265571179805,mixture,18
mixture,0.0027500000000000007,6765.039864156943,13536.079728313885,13550.802994150832,5.566888248288604,0.002627721989702391,0.2206132332205056,mixture,18
mixture,0.0025000000000000005,6766.02713011693,13538.05426023386,13552.777526070806,5.15176748657284,0.0026411496247871016,0.23720575296966315,mixture,18
mixture,0.0022500000000000003,6767.081507817304,13540.163015634607,13554.886281471554,4.751002021559122,0.002653296301476383,0.25563667423711084,mixture,18
mixture,0.002,6768.231426688965,13542.46285337793,13557.186119214877,4.359714051002101,0.0026644956994009926,0.2765230054616877,mixture,18
mixture,0.05,6777.6856861350025,13561.371372270005,13576.094638106952,20.627012292170622,0.0028677728677981972,0.29763025838211205,mixture,18
mixture,0.1,6778.729163521874,13563.458327043749,13578.181592880695,37.87887359031354,0.002869030111864101,0.2976299609273859,mixture,18
mixture,0.15000000000000002,6779.098303464352,13564.196606928705,13578.919872765651,55.132505772204404,0.0028693520420513944,0.29762999459247763,mixture,18
mixture,0.2,6779.287116946465,13564.57423389293,13579.297499729877,72.38662533557658,0.002869492966263362,0.29763003882507644,mixture,18
mixture,0.25,6779.401797076556,13564.803594153112,13579.52685999006,89.64094879004341,0.0028695708157243393,0.2976300745469312,mixture,18
mixture,0.3,6779.478838673136,13564.957677346272,13579.680943183219,106.89538305431024,0.002869619678881458,0.29763010247496546,mixture,18
mixture,0.35000000000000003,6779.5341590896405,13565.068318179281,13579.791584016228,124.14988321168076,0.0028696530335575567,0.2976301245261551,mixture,18
mixture,0.4,6779.575809396041,13565.151618792082,13579.87488462903,141.40443090848586,0.0028696770724485564,0.29763014237101115,mixture,18
mixture,0.45,6779.6082986436795,13565.216597287359,13579.939863124306,158.65688724640006,0.002869734114354574,0.29762953315641455,mixture,18
mixture,0.5,6779.634351418252,13565.268702836504,13579.99196867345,175.91221887412843,0.002869732276259821,0.2976300321492019,mixture,18
null,,6779.752253224124,13561.504506448247,13566.41226172723,348.4594636249403,0.00286977426182443,,mixture,18
sum,,6807.874009243433,13617.748018486865,13622.655773765848,510.92189639985656,0.003914492633987181,,mixture,18
mixture,0.05,6762.34179980547,13530.68359961094,13545.406865447887,101.2393111903242,0.0015360836971347357,0.013830452893275247,mixture,19
mixture,0.010000000000000007,6777.5936150102025,13561.187230020405,13575.910495857352,49.27570440672902,0.0011301842857628205,0.02448822705012215,mixture,19
mixture,0.009750000000000007,6778.478773407819,13562.957546815638,13577.680812652585,48.14622812511159,0.0011375514719988837,0.025021991434584806,mixture,19
mixture,0.009500000000000007,6779.404420374702,13564.808840749403,13579.53210658635,46.98975777936487,0.0011457125508241054,0.025595654784466702,mixture,19
mixture,0.009250000000000006,6780.372659885348,13566.745319770696,13581.468585607643,45.81342213530954,0.0011545790936748582,0.02620903852923493,mixture,19
mixture,0.009000000000000006,6781.385817473592,13568.771634947185,13583.494900784131,44.627580734044116,0.0011639363920424972,0.026859862946428278,mixture,19
mixture,0.008750000000000006,6782.446480406121,13570.892960812242,13585.616226649188,43.43600727710693,0.0011737325706962646,0.02754914152396024,mixture,19
mixture,0.008500000000000006,6783.557537475418,13573.115074950836,13587.838340787783,42.24280676771056,0.0011838889311005664,0.02827760774934985,mixture,19
mixture,0.008250000000000006,6784.722217204282,13575.444434408564,13590.16770024551,41.05344180527264,0.0011942784140959867,0.02904481877074512,mixture,19
mixture,0.008000000000000005,6785.944124517147,13577.888249034295,13592.611514871242,39.86885930058135,0.0012048841847561215,0.02985324631603224,mixture,19
mixture,0.007750000000000005,6787.227277307189,13580.454554614378,13595.177820451325,38.69031856947281,0.0012156842656750972,0.030705262005191362,mixture,19
mixture,0.007500000000000005,6788.57614328142,13583.15228656284,13597.875552399786,37.51654198104782,0.0012267055421683588,0.03160565788195325,mixture,19
mixture,0.007250000000000005,6789.995677577546,13585.991355155093,13600.71462099204,36.349992354346234,0.0012378916746442592,0.03255637456145147,mixture,19
mixture,0.0070000000000000045,6791.4913597262275,13588.982719452455,13603.705985289402,35.182358969868304,0.0012494914994371504,0.033569888970367376,mixture,19
mixture,0.006750000000000004,6793.0692281065985,13592.138456213197,13606.861722050144,34.01355810630616,0.0012615473452741047,0.034652705025216994,mixture,19
mixture,0.006500000000000004,6794.735903488109,13595.471806976218,13610.195072813165,32.83718598328433,0.0012742710401114313,0.03581957556336468,mixture,19
mixture,0.006250000000000004,6796.498590669527,13598.997181339055,13613.720447176001,31.647408795100194,0.0012879466430796584,0.03708752611720032,mixture,19
mixture,0.006000000000000004,6798.365032010202,13602.730064020405,13617.453329857351,30.436342114681114,0.0013029367598455346,0.03848035821390687,mixture,19
mixture,0.005750000000000003,6800.343364447495,13606.68672889499,13621.409994731937,29.19178126547799,0.0013198360969782208,0.04003393620742857,mixture,19
mixture,0.005500000000000003,6802.441779198705,13610.88355839741,13625.606824234357,27.897035691098118,0.001339520770939292,0.04180136405816392,mixture,19
mixture,0.005250000000000003,6804.667763442366,13615.335526884732,13630.058792721678,26.528281497420764,0.001363346960700222,0.04386513365603488,mixture,19
mixture,0.0047500000000000025,6809.653466005996,13625.306932011992,13640.030197848939,25.537278316572234,0.001342482879488799,0.04524057317811789,mixture,19
mixture,0.004500000000000002,6812.118271790136,13630.236543580271,13644.959809417218,21.339668559710958,0.001498548382681279,0.05428984529341984,mixture,19
mixture,0.004250000000000002,6814.75934523712,13635.51869047424,13650.241956311187,18.57577695274749,0.0016109964124470465,0.06247781157468734,mixture,19
mixture,0.004000000000000002,6817.235316578932,13640.470633157864,13655.19389899481,15.196154605542711,0.0017830333568312068,0.07689465065563622,mixture,19
mixture,0.0037500000000000016,6819.432820856779,13644.865641713557,13659.588907550504,12.932752260482474,0.0019050758560154374,0.09086285248507557,mixture,19
mixture,0.0035000000000000014,6821.470286366284,13648.940572732568,13663.663838569515,11.453458512639479,0.0019811877160526657,0.10287150914205584,mixture,19
mixture,0.003250000000000001,6823.439202739781,13652.878405479561,13667.601671316508,10.320721075042934,0.0020358859910065913,0.11424900927576916,mixture,19
mixture,0.003000000000000001,6825.395294222772,13656.790588445543,13671.51385428249,9.371282942195604,0.002079055021793733,0.12575174049995966,mixture,19
mixture,0.0027500000000000007,6827.380240401056,13660.760480802111,13675.483746639058,8.531785876209923,0.0021153372633813967,0.13789871962573527,mixture,19
mixture,0.0025000000000000005,6829.431458845902,13664.862917691804,13679.58618352875,7.763690639869935,0.002147168983992283,0.1511508645716197,mixture,19
mixture,0.0022500000000000003,6831.587530631969,13669.175061263937,13683.898327100884,7.043066286241425,0.0021761804736402375,0.16603860487807537,mixture,19
mixture,0.002,6833.892558270905,13673.78511654181,13688.508382378757,6.353982588262046,0.002203477746708941,0.1832427785320594,mixture,19
mixture,0.005000000000000003,6841.902180720328,13689.804361440656,13704.527627277603,6.296687767211557,0.0022681312249348455,0.24314372702500445,mixture,19
mixture,0.1,6856.759171720652,13719.518343441305,13734.241609278251,41.92351364722427,0.0025705191324063704,0.2979278097429946,mixture,19
mixture,0.15000000000000002,6857.13658782205,13720.2731756441,13734.996441481047,61.20563208797996,0.0025705796731335124,0.2979283485555465,mixture,19
mixture,0.2,6857.32880029045,13720.6576005809,13735.380866417847,80.48540058162119,0.0025706876111065815,0.2979288824424241,mixture,19
mixture,0.25,6857.445272423126,13720.890544846252,13735.613810683199,99.76757322350825,0.002570688937979889,0.29792898608334295,mixture,19
mixture,0.3,6857.523403884022,13721.046807768043,13735.77007360499,119.04985565085589,0.002570687412216999,0.29792905834728883,mixture,19
mixture,0.35000000000000003,6857.579450704963,13721.158901409926,13735.882167246873,138.33220431771224,0.002570685075870812,0.2979291116008571,mixture,19
mixture,0.4,6857.621617051862,13721.243234103724,13735.96649994067,157.6145940479766,0.002570682647580689,0.29792915245051793,mixture,19
mixture,0.45,6857.654491188122,13721.308982376244,13736.03224821319,176.89701169108494,0.0025706803504548883,0.2979291847876334,mixture,19
mixture,0.5,6857.6808398500525,13721.361679700105,13736.084945537052,196.17945985071975,0.002570678110376276,0.29792921084409413,mixture,19
null,,6857.799954770547,13717.599909541093,13722.507664820076,389.0042112136759,0.002570666258033671,,mixture,19
sum,,6887.769483385145,13777.53896677029,13782.446722049272,566.3394368367015,0.003531451051989305,,mixture,19
mixture,0.010000000000000007,6688.194985654085,13382.38997130817,13397.113237145117,53.76241199856726,0.001142417728075819,0.021995578187306648,mixture,20
mixture,0.009750000000000007,6688.986731453915,13383.97346290783,13398.696728744777,53.299637943454584,0.0011337446587204438,0.022153334079108886,mixture,20
mixture,0.009500000000000007,6689.8242110547335,13385.648422109467,13400.371687946414,52.823646833721625,0.0011249923544111862,0.022319041973544066,mixture,20
mixture,0.009250000000000006,6690.710699473706,13387.421398947412,13402.144664784359,52.332501019273614,0.001116187821718824,0.022493853642062456,mixture,20
mixture,0.009000000000000006,6691.9244153282725,13389.848830656545,13404.572096493492,48.08651958918584,0.0012218444806341594,0.02433657256464752,mixture,20
mixture,0.008750000000000006,6692.645429038427,13391.290858076854,13406.014123913801,51.30002908114071,0.0010984734149221173,0.022874421666031777,mixture,20
mixture,0.008500000000000006,6693.701969320133,13393.403938640266,13408.127204477212,50.75367286220823,0.0010896487025240584,0.02308337361656919,mixture,20
mixture,0.008250000000000006,6694.824213095673,13395.648426191347,13410.371692028293,50.18622002575647,0.0010808353666568943,0.023306101083873973,mixture,20
mixture,0.008000000000000005,6696.017475340985,13398.03495068197,13412.758216518916,49.59292202983862,0.0010721402971257538,0.023545489263737906,mixture,20
mixture,0.007750000000000005,6697.287651268431,13400.575302536861,13415.298568373808,48.97138842090766,0.001063599052330431,0.02380363607095147,mixture,20
mixture,0.007500000000000005,6698.641294698482,13403.282589396964,13418.00585523391,48.31777302769462,0.0010552902551989988,0.02408353732237533,mixture,20
mixture,0.007250000000000005,6700.085708814116,13406.171417628231,13420.894683465178,47.630218530414425,0.0010472849753885465,0.02438736408886392,mixture,20
mixture,0.0070000000000000045,6701.630782758938,13409.261565517876,13423.984831354823,46.53181991010094,0.0010502210693622005,0.02490809554698886,mixture,20
mixture,0.006750000000000004,6703.280437174981,13412.560874349962,13427.284140186908,46.117621417373876,0.0010327474119419336,0.0250936940770721,mixture,20
mixture,0.006500000000000004,6705.050106500986,13416.100213001971,13430.823478838918,45.283165630667135,0.0010265389780958682,0.02550626844007453,mixture,20
mixture,0.006250000000000004,6706.949533829409,13419.899067658818,13434.622333495765,44.38404870717248,0.0010213546368507396,0.02597039464114597,mixture,20
mixture,0.006000000000000004,6708.991601695985,13423.98320339197,13438.706469228917,43.40444369328416,0.0010176272873814033,0.02650074789508002,mixture,20
mixture,0.005750000000000003,6711.190744208979,13428.381488417957,13443.104754254904,42.331719180666276,0.0010157732281118853,0.027112699770286346,mixture,20
mixture,0.005500000000000003,6713.563048171922,13433.126096343844,13447.84936218079,41.13760927465724,0.0010166656625765378,0.027835492094703408,mixture,20
mixture,0.005250000000000003,6716.126213036439,13438.252426072879,13452.975691909825,39.78201702396405,0.0010216533846190401,0.02871407595062309,mixture,20
mixture,0.005000000000000003,6718.8991067419865,13443.798213483973,13458.52147932092,38.20105973925701,0.00103304459344466,0.02982524717070309,mixture,20
mixture,0.0047500000000000025,6722.126987086223,13450.253974172447,13464.977240009393,31.3821788849096,0.0012400574298129595,0.036122983263334206,mixture,20
mixture,0.004500000000000002,6725.140952549709,13456.281905099419,13471.005170936365,33.597257028887626,0.001104270638962122,0.03372042203682329,mixture,20
mixture,0.004250000000000002,6728.601954687282,13463.203909374564,13477.927175211511,29.45392373605963,0.0012148755770467609,0.038363555983225085,mixture,20
mixture,0.004000000000000002,6732.210125109641,13470.420250219282,13485.143516056229,25.151354314265614,0.001355862804648464,0.04486243315750084,mixture,20
mixture,0.0037500000000000016,6735.964092307397,13477.928184614793,13492.65145045174,22.098567340708602,0.001462158661924953,0.051001168443235725,mixture,20
mixture,0.0035000000000000014,6739.904285708159,13485.808571416317,13500.531837253264,19.63306004376792,0.0015527425835422687,0.05733937065486315,mixture,20
mixture,0.003250000000000001,6744.053862153913,13494.107724307825,13508.830990144772,17.41639423558477,0.0016415527087519156,0.06457072763655104,mixture,20
mixture,0.003000000000000001,6748.413309996211,13502.826619992422,13517.549885829369,15.30335189096192,0.0017369706108198745,0.0734373012684448,mixture,20
mixture,0.0027500000000000007,6752.950916521705,13511.90183304341,13526.625098880357,13.239743359782059,0.0018444545350851352,0.08488109826853003,mixture,20
mixture,0.0025000000000000005,6757.60372280481,13521.20744560962,13535.930711446566,11.299067609051578,0.001959596815045389,0.09951817271416297,mixture,20
mixture,0.0022500000000000003,6762.332108754923,13530.664217509846,13545.387483346793,9.615838920897346,0.0020679556693310127,0.11699958727203932,mixture,20
mixture,0.002,6767.163305647514,13540.326611295028,13555.049877131974,8.180437108326151,0.002165266788079271,0.13752687593032106,mixture,20
mixture,0.05,6787.369098176752,13580.738196353504,13595.461462190451,20.850406793433955,0.0028314308050006332,0.29766657446055556,mixture,20
mixture,0.1,6788.3267671462745,13582.653534292549,13597.376800129496,38.32767613838078,0.0028325275583796004,0.2976664635127601,mixture,20
mixture,0.15000000000000002,6788.664374264325,13583.32874852865,13598.052014365596,55.80664475637583,0.002832802313676194,0.2976665471918093,mixture,20
mixture,0.2,6788.8368339644385,13583.673667928877,13598.396933765824,73.28608312127993,0.0028329208714635537,0.2976666139925404,mixture,20
mixture,0.25,6788.941508624165,13583.88301724833,13598.606283085277,90.76571699085724,0.0028329857419701473,0.2976666624068216,mixture,20
mixture,0.3,6789.011798153231,13584.023596306462,13598.746862143409,108.2454519561396,0.002833026290071854,0.29766669829531023,mixture,20
mixture,0.35000000000000003,6789.062255219455,13584.12451043891,13598.847776275858,125.72525306827882,0.002833053739154448,0.297666725905547,mixture,20
mixture,0.4,6789.100235738979,13584.200471477958,13598.923737314904,143.20509721177655,0.002833073464265792,0.2976667477578181,mixture,20
mixture,0.45,6789.129858135321,13584.259716270642,13598.98298210759,160.68497657572692,0.002833088178891327,0.29766676555127286,mixture,20
mixture,0.5,6789.153607777527,13584.307215555054,13599.030481392001,178.16385492542796,0.002833116032323727,0.2976666506985083,mixture,20
null,,6789.261055673574,13580.522111347149,13585.429866626131,352.96375626551134,0.002833152079353343,,mixture,20
sum,,6822.67572925477,13647.35145850954,13652.259213788522,519.8036245302873,0.0038476068761684186,,mixture,20
mixture,0.010000000000000007,6679.358955801609,13364.717911603218,13379.441177440165,76.4624502763865,0.0007754110773750941,0.01557434772738783,mixture,21
mixture,0.009750000000000007,6680.0646958841435,13366.129391768287,13380.852657605234,76.14249102712594,0.0007628137674394785,0.015628732243106184,mixture,21
mixture,0.009500000000000007,6680.817262270316,13367.634524540632,13382.357790377579,75.80427207024573,0.0007501270489002348,0.0156874233451552,mixture,21
mixture,0.009250000000000006,6686.292548784271,13378.585097568543,13393.30836340549,61.22156260991329,0.001079905660789963,0.018815519747708218,mixture,21
mixture,0.009000000000000006,6687.218023814077,13380.436047628154,13395.159313465101,60.73272729789341,0.0010691123238766977,0.018943112496719358,mixture,21
mixture,0.007750000000000005,6687.789201799338,13381.578403598676,13396.301669435623,72.52613159248565,0.0006639358669513694,0.01630560242453506,mixture,21
mixture,0.008750000000000006,6687.989080073972,13381.978160147944,13396.701425984891,60.453686905348384,0.0010506104783303985,0.019016715128891644,mixture,21
mixture,0.008500000000000006,6688.742962734246,13383.485925468492,13398.20919130544,60.26657848329059,0.0010287057223290882,0.019065925993899585,mixture,21
mixture,0.008000000000000005,6689.101385407057,13384.202770814114,13398.92603665106,61.98565353797197,0.0009231859855026977,0.018604647420460457,mixture,21
mixture,0.007500000000000005,6689.102942942562,13384.205885885123,13398.92915172207,71.89192528448928,0.0006523370631908585,0.016433533619427156,mixture,21
mixture,0.008250000000000006,6689.245585963581,13384.491171927162,13399.214437764109,60.488854669169854,0.0009937261799711375,0.019003859049725853,mixture,21
mixture,0.007250000000000005,6693.823675133721,13393.647350267442,13408.370616104388,59.24937970147124,0.0009158929800774142,0.019339182346815975,mixture,21
mixture,0.0070000000000000045,6695.164202718757,13396.328405437514,13411.051671274461,58.98999261818173,0.0008932762413008527,0.019412096577056843,mixture,21
mixture,0.006500000000000004,6695.5150793201965,13397.030158640393,13411.75342447734,68.81553967100514,0.0006089932357889426,0.01708742073615624,mixture,21
mixture,0.006750000000000004,6696.162298529405,13398.32459705881,13413.047862895757,59.5086129011606,0.0008485368541670511,0.019266302227839763,mixture,21
mixture,0.006250000000000004,6697.47387784689,13400.94775569378,13415.671021530727,67.8961168381098,0.0005990633842547251,0.017293687465426515,mixture,21
mixture,0.005750000000000003,6701.9395137615975,13409.879027523195,13424.602293360142,65.85786614946815,0.0005804438272618742,0.017769805507035694,mixture,21
mixture,0.006000000000000004,6702.044183052232,13410.088366104465,13424.811631941411,57.501267141345615,0.000806903698267841,0.019854016824495703,mixture,21
mixture,0.005500000000000003,6704.491726720313,13414.983453440625,13429.706719277572,64.7342931564462,0.0005717814558401644,0.018044013223263166,mixture,21
mixture,0.005250000000000003,6707.293229881777,13420.586459763554,13435.3097256005,63.53769682038541,0.0005635675932687478,0.018345859457221086,mixture,21
mixture,0.005000000000000003,6710.3770401221445,13426.754080244289,13441.477346081236,62.265916029219994,0.0005558075321081819,0.018678431969229067,mixture,21
mixture,0.0047500000000000025,6713.782000481649,13433.564000963299,13448.287266800246,60.915202461689645,0.0005485243156824883,0.01904580394629353,mixture,21
mixture,0.004500000000000002,6717.554147089375,13441.10829417875,13455.831560015697,59.48367644127992,0.0005417073353121695,0.019452246683618595,mixture,21
mixture,0.004250000000000002,6721.74848841624,13449.49697683248,13464.220242669428,57.966399858657816,0.0005353845867247274,0.0199037818134132,mixture,21
mixture,0.004000000000000002,6726.431350558878,13458.862701117756,13473.585966954703,56.35839146194514,0.000529583458353002,0.02040762574578998,mixture,21
mixture,0.003250000000000001,6744.318206513464,13494.636413026928,13509.359678863875,50.923416840124396,0.0005156717551327918,0.02233815776639036,mixture,21
mixture,0.003000000000000001,6751.981605510331,13509.963211020662,13524.686476857609,48.87206293441108,0.0005124466866283553,0.023176455015889372,mixture,21
mixture,0.0035000000000000014,6754.514969530229,13515.029939060458,13529.753204897404,37.23766533788502,0.0010610566228700818,0.02936144386998203,mixture,21
mixture,0.0037500000000000016,6754.855219652966,13515.710439305933,13530.43370514288,37.17423001532302,0.0011689661182874248,0.0293305707734236,mixture,21
mixture,0.0027500000000000007,6780.627006073493,13567.254012146986,13581.977277983933,9.064769273126187,0.002222497644813167,0.127404644814805,mixture,21
mixture,0.0025000000000000005,6783.747022080299,13573.494044160598,13588.217309997544,7.531708163167807,0.002338738926389223,0.15434591646761195,mixture,21
mixture,0.0022500000000000003,6786.645780207295,13579.29156041459,13594.014826251536,6.3171852128587656,0.002430889535887553,0.1850564488345835,mixture,21
mixture,0.002,6789.812376167305,13585.62475233461,13600.348018171557,4.105681607743687,0.0026489748538668038,0.2978506506268349,mixture,21
mixture,0.05,6790.2566995509915,13586.513399101983,13601.23666493893,20.91656161259224,0.0028208439438520863,0.29767781919348496,mixture,21
mixture,0.1,6790.873506858541,13587.747013717082,13602.470279554029,38.44734865474684,0.00282295040231314,0.29767636314838736,mixture,21
mixture,0.15000000000000002,6791.095466864916,13588.190933729831,13602.914199566778,55.97945644999473,0.0028235824228564814,0.29767597288713793,mixture,21
mixture,0.2,6791.2097387641115,13588.419477528223,13603.14274336517,73.51193322840075,0.0028238837322846905,0.2976757976318945,mixture,21
mixture,0.25,6791.2793869858915,13588.558773971783,13603.28203980873,91.04456448875587,0.002824059593597345,0.2976756991435702,mixture,21
mixture,0.3,6791.326278897577,13588.652557795154,13603.375823632101,108.57728065231666,0.0028241745788756,0.2976756364933699,mixture,21
mixture,0.35000000000000003,6791.360000777686,13588.720001555372,13603.443267392318,126.11004627468617,0.0028242555849387727,0.2976755932526958,mixture,21
mixture,0.4,6791.385417647818,13588.770835295636,13603.494101132583,143.6428467186188,0.002824315645571385,0.2976755617360333,mixture,21
mixture,0.45,6791.405261097637,13588.810522195274,13603.53378803222,161.17568063514094,0.0028243617663233165,0.2976755379449988,mixture,21
mixture,0.5,6791.421183116681,13588.842366233363,13603.56563207031,178.70756357599058,0.0028244138440125894,0.29767542472617947,mixture,21
null,,6791.493357059704,13584.986714119408,13589.89446939839,354.03685927740713,0.0028245646570275486,,mixture,21
sum,,6826.455480266492,13654.910960532983,13659.818715811965,522.2351312550978,0.0038296925662457087,,mixture,21
mixture,0.010000000000000007,6713.328938391849,13432.657876783698,13447.381142620645,56.18793665199661,0.0012193956145837826,0.020630521806648608,mixture,22
mixture,0.009500000000000007,6716.270279027152,13438.540558054305,13453.263823891251,32.39538712973143,0.0016863259834260516,0.037011657941212014,mixture,22
mixture,0.009250000000000006,6717.143557017883,13440.287114035766,13455.010379872712,30.261474188058443,0.0017451958948610491,0.03969158609936851,mixture,22
mixture,0.009000000000000006,6718.01987799931,13442.03975599862,13456.763021835566,28.900066645643896,0.0017780892930346717,0.04157148855032038,mixture,22
mixture,0.008750000000000006,6718.911053469424,13443.822106938847,13458.545372775794,27.77284022459801,0.0018032244147047438,0.043247459565654504,mixture,22
mixture,0.009750000000000007,6719.524262625873,13445.048525251746,13459.771791088693,24.50724869448715,0.0018782793485869781,0.05126492071660117,mixture,22
mixture,0.008250000000000006,6720.760393815188,13447.520787630376,13462.244053467322,25.84786662376413,0.0018429029610536904,0.04640583749820307,mixture,22
mixture,0.008500000000000006,6721.129280886273,13448.258561772545,13462.981827609492,23.585982723777494,0.0018820855214895249,0.05199343263125821,mixture,22
mixture,0.008000000000000005,6722.310671512769,13450.621343025537,13465.344608862484,23.08645415109931,0.0018908439409025912,0.052610534881391925,mixture,22
mixture,0.007750000000000005,6722.725764516901,13451.451529033802,13466.174794870749,24.148036604788288,0.0018756084151272182,0.04957273262070408,mixture,22
mixture,0.007500000000000005,6723.760753127521,13453.521506255041,13468.244772091988,23.34236069464641,0.001890783677294301,0.05122381974099934,mixture,22
mixture,0.007250000000000005,6724.835142389818,13455.670284779637,13470.393550616584,22.55723595337606,0.0019054922067620421,0.05293976404746517,mixture,22
mixture,0.0070000000000000045,6725.952357583625,13457.90471516725,13472.627981004196,21.78569605714884,0.0019200430716264745,0.05474107153314736,mixture,22
mixture,0.006750000000000004,6727.115875698224,13460.231751396448,13474.955017233395,21.02181414127811,0.0019347144200140584,0.05665055197728283,mixture,22
mixture,0.006500000000000004,6728.329223368497,13462.658446736994,13477.38171257394,20.26251666661821,0.0019496484862685174,0.058687725862008676,mixture,22
mixture,0.006250000000000004,6729.595952319642,13465.191904639283,13479.91517047623,19.50262600919791,0.0019651669132717303,0.060883207803698554,mixture,22
mixture,0.006000000000000004,6730.919590984679,13467.839181969359,13482.562447806305,18.739404021923924,0.0019814681302265883,0.06326637992007283,mixture,22
mixture,0.005750000000000003,6732.3035692356325,13470.607138471265,13485.330404308212,17.970684910784342,0.0019987330777539243,0.06587114440278734,mixture,22
mixture,0.005500000000000003,6733.751115443762,13473.502230887523,13488.22549672447,17.19033898727732,0.002017440879561474,0.06875637713806879,mixture,22
mixture,0.005250000000000003,6735.2651371755,13476.530274351,13491.253540187947,16.399219088694256,0.002037687239355034,0.0719645983209659,mixture,22
mixture,0.005000000000000003,6736.848101799413,13479.696203598825,13494.419469435772,15.5971999294607,0.002059670392170683,0.07555263309925218,mixture,22
mixture,0.0047500000000000025,6738.501968348116,13483.003936696232,13497.727202533179,14.780179218703914,0.002083815492102262,0.07961549840490958,mixture,22
mixture,0.004500000000000002,6740.228250181146,13486.456500362292,13501.179766199239,13.955235211142739,0.0021099041936575784,0.0842042976751216,mixture,22
mixture,0.004250000000000002,6742.02828153162,13490.05656306324,13504.779828900188,13.125072783979274,0.0021379301506049483,0.08940782200351263,mixture,22
mixture,0.004000000000000002,6743.903739565598,13493.807479131196,13508.530744968142,12.295361985065117,0.002167675574672022,0.09531039005496894,mixture,22
mixture,0.0037500000000000016,6745.857326982262,13497.714653964524,13512.43791980147,11.472291301005427,0.002198788833913412,0.10200365457616992,mixture,22
mixture,0.0035000000000000014,6747.893370437375,13501.78674087475,13516.510006711696,10.660168450629945,0.002230998057984864,0.10960951685449762,mixture,22
mixture,0.003250000000000001,6750.017990781844,13506.035981563688,13520.759247400634,9.861400315099406,0.0022641742062364475,0.11829458695731616,mixture,22
mixture,0.003000000000000001,6752.238501364449,13510.477002728898,13525.200268565844,9.073042233334611,0.002298628369731287,0.12834845145248897,mixture,22
mixture,0.0027500000000000007,6754.5616839966915,13515.123367993383,13529.84663383033,8.291440268878997,0.0023348982236322028,0.1401880574360575,mixture,22
mixture,0.0025000000000000005,6756.990527095616,13519.981054191232,13534.704320028179,7.508731283458878,0.0023740596273388458,0.1545150277745438,mixture,22
mixture,0.0022500000000000003,6759.519348262953,13525.038696525906,13539.761962362853,6.719702804643882,0.002417187412507957,0.17235664123996333,mixture,22
mixture,0.002,6762.12990082757,13530.25980165514,13544.983067492087,5.9274448531294635,0.0024645739094130144,0.1950763528373559,mixture,22
mixture,0.05,6780.351151138573,13566.702302277146,13581.425568114093,20.69317865307614,0.002856912343549654,0.2976408071577762,mixture,22
mixture,0.1,6781.639632679313,13569.279265358626,13584.002531195572,38.018862419809835,0.002857543860646455,0.29764128967354925,mixture,22
mixture,0.15000000000000002,6782.09562110281,13570.19124220562,13584.914508042566,55.346768905870945,0.0028576335311054557,0.29764161129124184,mixture,22
mixture,0.2,6782.328932480588,13570.657864961177,13585.381130798123,72.67529479018346,0.002857653139370114,0.2976418056654809,mixture,22
mixture,0.25,6782.470669610329,13570.941339220659,13585.664605057606,90.00408271648966,0.0028576563704080637,0.29764193365523917,mixture,22
mixture,0.3,6782.565902057983,13571.131804115967,13585.855069952913,107.33300592245637,0.0028576548540893217,0.29764202388044575,mixture,22
mixture,0.35000000000000003,6782.634291964496,13571.268583928992,13585.991849765938,124.66201264148307,0.0028576518288300277,0.29764209091421057,mixture,22
mixture,0.4,6782.685786416838,13571.371572833676,13586.094838670622,141.9910783244051,0.002857648359762862,0.2976421427637688,mixture,22
mixture,0.45,6782.725954567646,13571.451909135292,13586.175174972239,159.3139127509024,0.0028577590666622687,0.29763934505536643,mixture,22
mixture,0.5,6782.7581713103755,13571.516342620751,13586.239608457698,176.64806894798895,0.002857662153602218,0.2976420659542128,mixture,22
null,,6782.903975784651,13567.807951569303,13572.715706848285,349.9406032162051,0.0028576278111464713,,mixture,22
sum,,6815.69589459955,13633.3917891991,13638.299544478083,515.4035937184021,0.003880454122507977,,mixture,22
mixture,0.009750000000000007,6737.417795717141,13480.835591434283,13495.55885727123,82.15375585403648,0.0007107222003689586,0.014469868231673297,mixture,23
mixture,0.009500000000000007,6738.7229986847,13483.4459973694,13498.169263206346,81.5063695218499,0.0007022020967263165,0.014570997590375263,mixture,23
mixture,0.010000000000000007,6738.813547520079,13483.627095040158,13498.350360877104,60.67157244139606,0.0010993160883005996,0.019195343727506503,mixture,23
mixture,0.009250000000000006,6740.098816726235,13486.19763345247,13500.920899289416,80.8020894297417,0.0006940673705131864,0.014683248011871618,mixture,23
mixture,0.009000000000000006,6741.550631289346,13489.101262578692,13503.824528415638,80.03191725949061,0.0006864015751298499,0.014808713729627254,mixture,23
mixture,0.008500000000000006,6745.355518366931,13496.711036733863,13511.43430257081,67.60137174650922,0.0008375757527655061,0.01725757366390333,mixture,23
mixture,0.008750000000000006,6749.280062711357,13504.560125422713,13519.28339125966,49.94744992401253,0.001269473374041464,0.02302296968463163,mixture,23
mixture,0.008250000000000006,6755.079053226553,13516.158106453106,13530.881372290052,18.305535886582824,0.002200141039658041,0.06813446297498583,mixture,23
mixture,0.008000000000000005,6755.87580946233,13517.75161892466,13532.474884761607,16.958010358025444,0.0022559628963344596,0.07396442675564899,mixture,23
mixture,0.007750000000000005,6756.636963125884,13519.273926251768,13533.997192088715,15.973115033132807,0.0022937977531901194,0.07878477297755941,mixture,23
mixture,0.007500000000000005,6757.37842776347,13520.75685552694,13535.480121363888,15.151307494557967,0.0023236100782022,0.08323848303820962,mixture,23
mixture,0.007250000000000005,6758.108732192215,13522.21746438443,13536.940730221377,14.427064182107529,0.002348733175601711,0.08754182364555767,mixture,23
mixture,0.0070000000000000045,6758.833604274563,13523.667208549126,13538.390474386073,13.768343644211441,0.002370687611816317,0.09181170999017016,mixture,23
mixture,0.006750000000000004,6759.557399964953,13525.114799929906,13539.838065766853,13.15699527679042,0.0023903976819990183,0.09612223260699798,mixture,23
mixture,0.006500000000000004,6760.283722085986,13526.567444171971,13541.290710008918,12.582814842753628,0.0024083753512072798,0.10051700247259998,mixture,23
mixture,0.006250000000000004,6761.015740015986,13528.031480031972,13542.754745868919,12.036225088907136,0.00242511061326034,0.10505841819050377,mixture,23
mixture,0.006000000000000004,6761.756374341553,13529.512748683106,13544.236014520053,11.513121078635958,0.0024407519355239236,0.1097752757386582,mixture,23
mixture,0.005750000000000003,6762.508412502704,13531.016825005408,13545.740090842355,11.008137509203,0.0024556414432007462,0.11472216274049324,mixture,23
mixture,0.005500000000000003,6763.2745827882645,13532.549165576529,13547.272431413476,10.51783621505317,0.0024699326308594907,0.11994854938984087,mixture,23
mixture,0.005250000000000003,6764.057600008014,13534.115200016027,13548.838465852974,10.039278616762024,0.0024838042893117816,0.12551123175683207,mixture,23
mixture,0.005000000000000003,6764.860186678055,13535.72037335611,13550.443639193056,9.569895469938636,0.0024974028168133757,0.13147783422648796,mixture,23
mixture,0.0047500000000000025,6765.685067751976,13537.370135503952,13552.093401340899,9.107492371275484,0.002510879597733225,0.1379279275077575,mixture,23
mixture,0.004500000000000002,6766.534931084489,13539.069862168977,13553.793128005924,8.649312921776442,0.0025244161291004645,0.1449745492544528,mixture,23
mixture,0.004250000000000002,6767.412338724156,13540.824677448312,13555.547943285259,8.193311984194287,0.0025382222954985164,0.15274788765743447,mixture,23
mixture,0.004000000000000002,6768.319563230183,13542.639126460366,13557.362392297313,7.7373062136679405,0.002552478796721758,0.16142096846128526,mixture,23
mixture,0.0037500000000000016,6769.258307869405,13544.51661573881,13559.239881575757,7.2784936818568156,0.0025674331032191165,0.17123903173957247,mixture,23
mixture,0.0035000000000000014,6770.2292472338295,13546.458494467659,13561.181760304606,6.81438873550719,0.0025834155782428867,0.18252275785806113,mixture,23
mixture,0.003250000000000001,6771.231291153275,13548.46258230655,13563.185848143497,6.341727237949336,0.002600808749049587,0.1957437756718772,mixture,23
mixture,0.003000000000000001,6772.260436248029,13550.520872496058,13565.244138333004,5.857526231681751,0.002620037301079011,0.2115647907518647,mixture,23
mixture,0.0027500000000000007,6773.308045095696,13552.616090191392,13567.339356028338,5.358632544042503,0.0026415839266000214,0.23097373548525,mixture,23
mixture,0.0025000000000000005,6774.668519113375,13555.33703822675,13570.060304063696,4.267576595342438,0.002724110641261303,0.297774893208734,mixture,23
mixture,0.0022500000000000003,6775.405099580253,13556.810199160505,13571.533464997452,4.181625178776286,0.002707078918800355,0.2977939534113439,mixture,23
mixture,0.002,6776.485437979954,13558.970875959909,13573.694141796856,4.095698432894183,0.0026858267974161684,0.2978172107776404,mixture,23
mixture,0.05,6779.621824776825,13565.24364955365,13579.966915390596,20.665973088328595,0.002861366684098583,0.29763715212066955,mixture,23
mixture,0.1,6780.421301235085,13566.84260247017,13581.565868307116,37.95203936473733,0.0028630149962351747,0.2976362197529261,mixture,23
mixture,0.15000000000000002,6780.706974540536,13567.413949081072,13582.137214918019,55.23978895398448,0.002863472390030419,0.2976360308766581,mixture,23
mixture,0.2,6780.853644075889,13567.707288151778,13582.430553988725,72.5280067460143,0.0028636818906130025,0.2976359618010572,mixture,23
mixture,0.25,6780.94290509026,13567.88581018052,13582.609076017467,89.81641937468244,0.0028638012013822707,0.297635928815748,mixture,23
mixture,0.3,6781.002944989849,13568.005889979699,13582.729155816645,107.10493707888698,0.002863877870513291,0.2976359105989793,mixture,23
mixture,0.35000000000000003,6781.046093998277,13568.092187996554,13582.8154538335,124.39351949560321,0.0028639311184656046,0.2976358995538127,mixture,23
mixture,0.4,6781.078600761081,13568.157201522163,13582.88046735911,141.68215162751082,0.002863970035462495,0.2976358925439075,mixture,23
mixture,0.45,6781.103969773911,13568.207939547821,13582.931205384768,158.96850391574594,0.002864041917487844,0.2976353943560661,mixture,23
mixture,0.5,6781.124320288069,13568.248640576137,13582.971906413084,176.25934530465508,0.002864025679963413,0.2976358642278722,mixture,23
null,,6781.216500892366,13564.433001784731,13569.340757063714,349.1461358123346,0.0028641302235047454,,mixture,23
sum,,6810.095349611698,13622.190699223396,13627.098454502378,512.7044382756728,0.003900882946764414,,mixture,23
mixture,0.010000000000000007,6774.254340796895,13554.50868159379,13569.231947430737,60.93023240310187,0.0009625589921792458,0.01958795693450382,mixture,24
mixture,0.009750000000000007,6775.366150574397,13556.732301148793,13571.45556698574,60.21924065472467,0.0009579170371940573,0.019788810305786195,mixture,24
mixture,0.009500000000000007,6776.900104854707,13559.800209709414,13574.52347554636,57.69917498368685,0.0009968813961809702,0.020562823233025298,mixture,24
mixture,0.009250000000000006,6778.101384317409,13562.202768634817,13576.926034471764,57.1167563267464,0.0009886441145744657,0.02074412615753159,mixture,24
mixture,0.009000000000000006,6779.359767595928,13564.719535191856,13579.442801028803,56.55089753011228,0.0009795192612930073,0.020923630799202567,mixture,24
mixture,0.008750000000000006,6780.643760227923,13567.287520455846,13582.010786292793,56.158263410473836,0.0009654848423270609,0.02104767667169577,mixture,24
mixture,0.008500000000000006,6781.832920485964,13569.665840971928,13584.389106808874,56.61943374848927,0.0009298046831321258,0.02088347575636915,mixture,24
mixture,0.008250000000000006,6782.821308828339,13571.642617656678,13586.365883493625,62.31394481335904,0.0007835197563922436,0.019151470319140437,mixture,24
mixture,0.008000000000000005,6784.420798701254,13574.841597402508,13589.564863239455,61.393284046834054,0.0007786022635000796,0.019405904806159422,mixture,24
mixture,0.007750000000000005,6786.115945382138,13578.231890764277,13592.955156601223,60.43920280493336,0.0007738889793169492,0.019677799128754836,mixture,24
mixture,0.007500000000000005,6787.914727620127,13581.829455240255,13596.552721077202,59.45255832978724,0.0007693566097610529,0.019968150308300896,mixture,24
mixture,0.007250000000000005,6789.826037588749,13585.652075177499,13600.375341014445,58.431413965753165,0.000765030432505026,0.020278965527588226,mixture,24
mixture,0.0070000000000000045,6791.859819478585,13589.71963895717,13604.442904794118,57.376649849912496,0.000760899484186826,0.02061149014949196,mixture,24
mixture,0.006750000000000004,6794.027234535855,13594.05446907171,13608.777734908657,56.28608212805409,0.0007569866314611058,0.020968289359541988,mixture,24
mixture,0.006500000000000004,6796.340859023536,13598.681718047072,13613.404983884018,55.15847705731921,0.0007533115057962395,0.02135185803710569,mixture,24
mixture,0.006250000000000004,6800.346214629543,13606.692429259087,13621.415695096033,45.62582558649253,0.0009752895894872937,0.02533947078498127,mixture,24
mixture,0.006000000000000004,6801.465599570527,13608.931199141054,13623.654464978,52.78833343764425,0.0007467243795897029,0.02221068229197228,mixture,24
mixture,0.005500000000000003,6807.373399658459,13620.746799316918,13635.470065153864,50.27028365936425,0.0007409845480106293,0.023210099488742527,mixture,24
mixture,0.005250000000000003,6810.676193697459,13627.352387394918,13642.075653231865,48.94613173115705,0.0007385880328032767,0.023776246727878383,mixture,24
mixture,0.005750000000000003,6813.016475841263,13632.032951682526,13646.756217519473,37.17768716876916,0.0012607504313287366,0.030482653227944412,mixture,24
mixture,0.005000000000000003,6820.860711056875,13647.72142211375,13662.444687950696,34.84126861971316,0.0012005308968276258,0.03243531039064932,mixture,24
mixture,0.0047500000000000025,6829.6727889054455,13665.345577810891,13680.068843647838,11.484989784032408,0.002162372270392824,0.10715060598374074,mixture,24
mixture,0.004500000000000002,6830.993084567528,13667.986169135056,13682.709434972003,10.242392709543605,0.0022271826116769832,0.12107902812323403,mixture,24
mixture,0.004250000000000002,6832.226449094023,13670.452898188047,13685.176164024993,9.27159193567575,0.0022750094447247537,0.13449778182211494,mixture,24
mixture,0.004000000000000002,6833.399602917508,13672.799205835016,13687.522471671962,8.433564321803534,0.002315087226781587,0.148528856298145,mixture,24
mixture,0.0037500000000000016,6834.524029366772,13675.048058733544,13689.77132457049,7.672178158027889,0.002350895629040276,0.16393668105613357,mixture,24
mixture,0.0035000000000000014,6835.604802218952,13677.209604437903,13691.93287027485,6.966078135818711,0.0023838036763559776,0.18125311920502088,mixture,24
mixture,0.003250000000000001,6836.644213968499,13679.288427936997,13694.011693773944,6.30505118274432,0.002414369633246466,0.20100044981327242,mixture,24
mixture,0.003000000000000001,6837.644334328876,13681.288668657751,13696.011934494698,5.68560675903917,0.002442632087072191,0.2236718173391709,mixture,24
mixture,0.0027500000000000007,6838.897979090381,13683.795958180763,13698.51922401771,4.436605342449403,0.002523266862512338,0.29797579372639743,mixture,24
mixture,0.05,6839.22403545966,13684.44807091932,13699.171336756266,22.168908301780746,0.002634416872907482,0.29786390336431584,mixture,24
mixture,0.0025000000000000005,6839.573039198091,13685.146078396181,13699.869344233128,4.343116278086781,0.0025108738180287114,0.2979882905644276,mixture,24
mixture,0.1,6839.62317893515,13685.2463578703,13699.969623707246,40.946922468743644,0.0026367555365633013,0.29786276866015987,mixture,24
mixture,0.15000000000000002,6839.766977330745,13685.53395466149,13700.257220498437,59.726737343958185,0.0026374521761543196,0.297862240063455,mixture,24
mixture,0.2,6839.841008383819,13685.682016767638,13700.405282604584,78.50681711867924,0.0026377913105905797,0.29786198842245476,mixture,24
mixture,0.25,6839.886125136721,13685.772250273441,13700.495516110388,97.28700406822915,0.0026379918172439914,0.2978618415680934,mixture,24
mixture,0.3,6839.9164976596785,13685.832995319357,13700.556261156304,116.06725031422071,0.0026381241165221157,0.29786174552879074,mixture,24
mixture,0.35000000000000003,6839.938337875314,13685.876675750627,13700.599941587574,134.84752801856422,0.0026382179922649867,0.29786167779741907,mixture,24
mixture,0.4,6839.954798110697,13685.909596221394,13700.63286205834,153.6278248292054,0.0026382880676030338,0.2978616274743367,mixture,24
mixture,0.45,6839.967648176257,13685.935296352514,13700.658562189461,172.40814224312805,0.0026383422525262665,0.2978615887348623,mixture,24
mixture,0.5,6839.977958357074,13685.955916714149,13700.679182551095,191.18848463099002,0.002638385253131116,0.2978615581180191,mixture,24
mixture,0.0022500000000000003,6840.02458421727,13686.04916843454,13700.772434271486,378.1457314550332,0.2999979604034998,0.0026385853561945137,mixture,24
mixture,0.002,6840.024595725657,13686.049191451313,13700.77245728826,378.23963664172135,0.2999999948875229,0.0026385854201608078,mixture,24
null,,6840.024687568126,13682.049375136252,13686.957130415234,378.99186076402316,0.0026385790923954527,,mixture,24
sum,,6870.3631057121,13742.7262114242,13747.633966703183,552.7222130031046,0.003618454176345481,,mixture,24
mixture,0.009750000000000007,6746.533633343539,13499.067266687078,13513.790532524024,96.94497603134955,0.0005161794966502039,0.012686372471782533,mixture,25
mixture,0.009500000000000007,6747.717559174517,13501.435118349034,13516.158384185981,95.9651888023565,0.0005109813131259848,0.012801538779683451,mixture,25
mixture,0.009000000000000006,6750.317295673716,13506.634591347432,13521.35785718438,93.87609182051183,0.0005012192443238987,0.01305323491207971,mixture,25
mixture,0.010000000000000007,6750.492709440742,13506.985418881484,13521.708684718431,77.41822247874225,0.0008405583369895315,0.015109574575979827,mixture,25
mixture,0.008750000000000006,6751.746337745552,13509.492675491105,13524.215941328051,92.49974522635733,0.0005,0.013216711563596656,mixture,25
mixture,0.008250000000000006,6754.9057164248825,13515.811432849765,13530.534698686712,89.50514598320188,0.0005,0.013584658816081223,mixture,25
mixture,0.009250000000000006,6755.32831183515,13516.6566236703,13531.379889507247,73.95120366572642,0.0008504812526126049,0.01570748893947316,mixture,25
mixture,0.008500000000000006,6799.3994521767545,13604.798904353509,13619.522170190456,16.530057495491192,0.002218325686663144,0.07808107937544663,mixture,25
mixture,0.008000000000000005,6800.586427496262,13607.172854992525,13621.896120829471,12.352662111693398,0.0024278771602835054,0.10952125589722338,mixture,25
mixture,0.007750000000000005,6800.9865235729085,13607.973047145817,13622.696312982764,11.538977993125622,0.0024602020180706833,0.11828228470110258,mixture,25
mixture,0.007500000000000005,6801.353314569231,13608.706629138462,13623.429894975408,10.911198925999853,0.002482594806015967,0.1257894912502882,mixture,25
mixture,0.007250000000000005,6801.698481218836,13609.396962437671,13624.120228274618,10.379457415534754,0.002499924526045199,0.13273176994458716,mixture,25
mixture,0.0070000000000000045,6802.028687356153,13610.057374712305,13624.780640549252,9.907867187562058,0.0025140768014791028,0.1393968887685736,mixture,25
mixture,0.006750000000000004,6802.348390787454,13610.696781574909,13625.420047411855,9.477049413498454,0.0025262136018184525,0.14595743102169814,mixture,25
mixture,0.006500000000000004,6802.660879887511,13611.321759775023,13626.04502561197,9.076709806135614,0.002536741452812072,0.15250905070225068,mixture,25
mixture,0.006250000000000004,6802.9687554365455,13611.937510873091,13626.660776710038,8.699098626111763,0.0025461183027013653,0.15914306121870073,mixture,25
mixture,0.006000000000000004,6803.274192174482,13612.548384348964,13627.27165018591,8.339267434036639,0.0025545982549611645,0.16592768386917808,mixture,25
mixture,0.005750000000000003,6803.579094833131,13613.158189666263,13627.88145550321,7.993492845158753,0.0025623744934416665,0.1729286672519805,mixture,25
mixture,0.005500000000000003,6803.885200084262,13613.770400168523,13628.49366600547,7.658912240216141,0.0025696510445413555,0.18021058383788027,mixture,25
mixture,0.005250000000000003,6804.1941473264305,13614.388294652861,13629.111560489808,7.333337720118628,0.00257636064604711,0.18784535173931488,mixture,25
mixture,0.005000000000000003,6804.507534235727,13615.015068471454,13629.7383343084,7.015431880049574,0.0025827712334428616,0.1958843890111648,mixture,25
mixture,0.0047500000000000025,6804.826959466334,13615.653918932669,13630.377184769615,6.703034044187198,0.0025889094625653275,0.20443545646547018,mixture,25
mixture,0.004500000000000002,6805.154061261283,13616.308122522565,13631.031388359512,6.395176241931261,0.0025948410241811186,0.2135823367626037,mixture,25
mixture,0.004250000000000002,6805.490552536799,13616.981105073599,13631.704370910546,6.0906827990970305,0.0026006407869471654,0.2234391705740781,mixture,25
mixture,0.004000000000000002,6805.838254324745,13617.67650864949,13632.399774486437,5.788514646606395,0.002606331476940962,0.23414411530629825,mixture,25
mixture,0.0037500000000000016,6806.199128237618,13618.398256475237,13633.121522312184,5.487780284469389,0.002612005670052125,0.24586005411484585,mixture,25
mixture,0.0035000000000000014,6806.855767004654,13619.711534009308,13634.434799846254,4.664056622962842,0.002654848828966622,0.29784373638347283,mixture,25
mixture,0.003250000000000001,6807.079112922883,13620.158225845766,13634.881491682712,4.574364879161916,0.002646770561472701,0.29785264753672464,mixture,25
mixture,0.003000000000000001,6807.395552323461,13620.791104646922,13635.514370483868,4.484688076579808,0.0026373333219268944,0.2978630848806139,mixture,25
mixture,0.0027500000000000007,6807.838466058066,13621.676932116132,13636.400197953079,4.395027703612192,0.0026261705514755837,0.2978754640775453,mixture,25
mixture,0.0025000000000000005,6808.456171442896,13622.912342885793,13637.63560872274,4.305386406416963,0.0026127688369150773,0.2978903922009906,mixture,25
mixture,0.0022500000000000003,6809.274258527893,13624.548517055786,13639.271782892733,4.191414115763559,0.0025994107605795567,0.3,mixture,25
mixture,0.002,6810.468006001458,13626.936012002916,13641.659277839863,4.101900699790658,0.0025798660979066156,0.3,mixture,25
mixture,0.05,6810.881617221987,13627.763234443973,13642.48650028092,21.42371663030647,0.002742251630009263,0.29775665688659697,mixture,25
mixture,0.1,6811.515481545772,13629.030963091544,13643.75422892849,39.46583006468357,0.002743994988496578,0.29775543826047146,mixture,25
mixture,0.15000000000000002,6811.74263418076,13629.48526836152,13644.208534198468,57.50943940773341,0.0027445009735498054,0.29775513071355575,mixture,25
mixture,0.2,6811.859370824686,13629.718741649373,13644.44200748632,75.55346313450728,0.002744738354705192,0.29775499738474165,mixture,25
mixture,0.25,6811.9304497797,13629.8608995594,13644.584165396347,93.59765845564557,0.002744875611839151,0.29775492417178134,mixture,25
mixture,0.3,6811.978273960289,13629.956547920578,13644.679813757524,111.6419413556609,0.002744964917092444,0.2977548782556654,mixture,25
mixture,0.35000000000000003,6812.012650693785,13630.02530138757,13644.748567224517,129.68627884122964,0.002745027531513761,0.2977548469826565,mixture,25
mixture,0.4,6812.038552463525,13630.07710492705,13644.800370763996,147.73065215629953,0.002745073817455196,0.2977548243984806,mixture,25
mixture,0.45,6812.058769271583,13630.117538543165,13644.840804380112,165.77505301225068,0.0027451093565069554,0.2977548074205412,mixture,25
mixture,0.5,6812.074987605858,13630.149975211716,13644.873241048663,183.81951917808436,0.0027451368034285746,0.29775479482003864,mixture,25
null,,6812.148467087072,13626.296934174145,13631.204689453127,364.26376289014917,0.0027452634653136482,,mixture,25
sum,,6842.918000548507,13687.836001097014,13692.743756375996,533.4581749034026,0.00374912241313418,,mixture,25
mixture,0.010000000000000007,6674.3412703163085,13354.682540632617,13369.405806469564,98.81178570951022,0.0005825790915717097,0.012125408411038078,mixture,26
mixture,0.009750000000000007,6675.349256209263,13356.698512418527,13371.421778255473,98.16212101551704,0.000573952990745016,0.012199002913139904,mixture,26
mixture,0.009250000000000006,6678.3904777324005,13362.780955464801,13377.504221301748,83.31246443025847,0.0007203936208604003,0.014058722870788166,mixture,26
mixture,0.009000000000000006,6680.030206340018,13366.060412680035,13380.783678516982,79.67026893981546,0.0007523568951177564,0.01463640976839648,mixture,26
mixture,0.008750000000000006,6681.128645357923,13368.257290715846,13382.980556552793,80.43394523255137,0.0007226026514554785,0.014507879762564686,mixture,26
mixture,0.008500000000000006,6681.486490721325,13368.97298144265,13383.696247279597,93.5949636300734,0.0005395870553427349,0.012737310852366658,mixture,26
mixture,0.009500000000000007,6681.863621276874,13369.727242553749,13384.450508390695,60.534758515511065,0.0011116525150727528,0.019052135544556054,mixture,26
mixture,0.008250000000000006,6682.978179871292,13371.956359742584,13386.67962557953,92.41965454522057,0.0005343991308588068,0.012882922682229257,mixture,26
mixture,0.008000000000000005,6684.575667343051,13375.151334686101,13389.874600523048,91.15712471403685,0.0005297573489165552,0.013043043011482609,mixture,26
mixture,0.007750000000000005,6686.288017086277,13378.576034172555,13393.299300009501,89.80785630859849,0.0005256459760314292,0.013218703697030196,mixture,26
mixture,0.007500000000000005,6688.125203384727,13382.250406769454,13396.9736726064,88.37141714444591,0.0005220751638884684,0.013411134650504081,mixture,26
mixture,0.007250000000000005,6690.098234151098,13386.196468302196,13400.919734139143,86.84636275923792,0.0005190411144552861,0.013622025073084475,mixture,26
mixture,0.0070000000000000045,6692.219293501422,13390.438587002844,13405.16185283979,85.23120456842041,0.0005165609402519168,0.013853228011925333,mixture,26
mixture,0.006750000000000004,6700.106079159303,13406.212158318605,13420.935424155552,44.581369271967176,0.0011450223427328645,0.02567447166779014,mixture,26
mixture,0.006500000000000004,6701.870750862732,13409.741501725464,13424.464767562411,26.049962806287827,0.0017138966845413447,0.04463676871568536,mixture,26
mixture,0.3,6704.225648892293,13414.451297784586,13429.174563621533,191.55603927306993,0.0025248825812836193,0.00962349680242164,mixture,26
mixture,0.006250000000000004,6705.016350915885,13416.03270183177,13430.755967668716,17.52064831921567,0.0020869069721194283,0.0684128233057416,mixture,26
mixture,0.006000000000000004,6705.481113060881,13416.962226121763,13431.68549195871,21.377600430909645,0.001889515221978494,0.054608835235545834,mixture,26
mixture,0.005750000000000003,6707.262479009016,13420.524958018032,13435.248223854978,19.21011853000856,0.001983740293535302,0.060953727829741976,mixture,26
mixture,0.005500000000000003,6708.999696097221,13423.999392194442,13438.722658031389,17.279164294294972,0.0020739281961771267,0.06798980940271179,mixture,26
mixture,0.005250000000000003,6710.686016106619,13427.372032213238,13442.095298050184,15.645758691343378,0.002153392127150524,0.07531565894697109,mixture,26
mixture,0.005000000000000003,6712.327425153477,13430.654850306953,13445.3781161439,14.279370408604343,0.0022208566695687496,0.08272373467490114,mixture,26
mixture,0.0047500000000000025,6713.936467129393,13433.872934258787,13448.596200095733,13.122966202559036,0.0022777256386859713,0.09016944560878201,mixture,26
mixture,0.004500000000000002,6715.527807727466,13437.055615454932,13451.778881291879,12.123973994488377,0.0023260449722930345,0.09769995715957547,mixture,26
mixture,0.004250000000000002,6717.116494502654,13440.232989005308,13454.956254842255,11.242519519075747,0.002367666918606212,0.105398214239308,mixture,26
mixture,0.004000000000000002,6718.717649333362,13443.435298666724,13458.15856450367,10.449030032312015,0.0024041053356195215,0.11337236847044221,mixture,26
mixture,0.0037500000000000016,6720.34675356578,13446.69350713156,13461.416772968507,9.723152624722331,0.0024363893412489013,0.12173157950006393,mixture,26
mixture,0.0035000000000000014,6722.020198865587,13450.040397731174,13464.763663568121,9.048724775015902,0.002465481418967398,0.13061788421955567,mixture,26
mixture,0.003250000000000001,6723.756018858046,13453.512037716093,13468.23530355304,8.414485204282798,0.0024920790944677695,0.14018290879460218,mixture,26
mixture,0.003000000000000001,6725.574819810627,13457.149639621253,13471.8729054582,7.810853959899073,0.002516619256661024,0.15063202319610475,mixture,26
mixture,0.0027500000000000007,6727.500990232499,13461.001980464998,13475.725246301945,7.2304539980233695,0.0025397589299208157,0.16221582165844242,mixture,26
mixture,0.0025000000000000005,6729.564300156084,13465.128600312168,13479.851866149114,6.667055160431221,0.0025618871706124956,0.1752702227556119,mixture,26
mixture,0.0022500000000000003,6731.802049362268,13469.604098724536,13484.327364561483,6.114388091877199,0.0025835388180879154,0.19028358434294407,mixture,26
mixture,0.002,6734.261876668723,13474.523753337446,13489.247019174392,5.5659068186695535,0.002605382938733572,0.20799183212213995,mixture,26
mixture,0.05,6748.076650648982,13502.153301297963,13516.87656713491,19.958848689935362,0.002982272766691125,0.29751540365504503,mixture,26
mixture,0.1,6749.093979075211,13504.187958150422,13518.911223987368,36.54086591998129,0.0029836665210916657,0.29751515391578087,mixture,26
mixture,0.15000000000000002,6749.452886237488,13504.905772474976,13519.629038311923,53.1245004038216,0.0029840351998514977,0.2975152033078229,mixture,26
mixture,0.2,6749.636276017603,13505.272552035207,13519.995817872154,69.70858136810322,0.00298419969412883,0.2975152553899773,mixture,26
mixture,0.25,6749.747600446296,13505.495200892592,13520.218466729539,86.29285649103221,0.002984291488213602,0.2975152960845925,mixture,26
mixture,0.35000000000000003,6749.876024834534,13505.752049669069,13520.475315506015,119.45475830183896,0.0029845664116178745,0.2975110441608621,mixture,26
mixture,0.4,6749.916433013739,13505.832866027478,13520.556131864425,136.04527206763711,0.002984438360589053,0.29751515561954534,mixture,26
mixture,0.45,6749.947944438575,13505.89588887715,13520.619154714097,152.6291459207762,0.002984470786531361,0.2975151975598315,mixture,26
mixture,0.5,6749.97320945499,13505.94641890998,13520.669684746927,169.21492949337582,0.0029844626953497953,0.29751536957595587,mixture,26
null,,6750.087518984297,13502.175037968595,13507.082793247577,335.06003341026053,0.002984539784772125,,mixture,26
sum,,6783.986092838703,13569.972185677407,13574.879940956389,495.31869775340226,0.004037804365293138,,mixture,26
mixture,0.010000000000000007,6718.562733759601,13443.125467519201,13457.848733356148,47.28333550908545,0.0013017717986201624,0.024999054604670005,mixture,27
mixture,0.009750000000000007,6719.684030853107,13445.368061706215,13460.091327543161,46.650993421856064,0.001298417493521243,0.02529900702275205,mixture,27
mixture,0.009500000000000007,6720.858293097115,13447.71658619423,13462.439852031177,45.98339664861925,0.0012957086455411978,0.025626430097149218,mixture,27
mixture,0.009250000000000006,6722.088869338291,13450.177738676583,13464.90100451353,45.26355469844032,0.0012940598659262374,0.025993356639116793,mixture,27
mixture,0.009000000000000006,6723.3793435161215,13452.758687032243,13467.48195286919,44.4930350683387,0.0012935078135383133,0.02640187647088945,mixture,27
mixture,0.008750000000000006,6724.73352595012,13455.46705190024,13470.190317737186,43.656924178136435,0.0012944894782663374,0.026864961794847826,mixture,27
mixture,0.008500000000000006,6726.155426635624,13458.310853271249,13473.034119108195,42.74002990616907,0.0012974993408060803,0.027397853168174256,mixture,27
mixture,0.008250000000000006,6727.649188559997,13461.298377119994,13476.021642956941,41.72017747862702,0.0013032741359145304,0.02802347933185802,mixture,27
mixture,0.008000000000000005,6729.218949667629,13464.437899335258,13479.161165172205,40.571179401622906,0.0013127858486620646,0.028772580986718276,mixture,27
mixture,0.007750000000000005,6730.86857156549,13467.73714313098,13482.460408967927,39.24902541639785,0.001327644525148921,0.029697752300402273,mixture,27
mixture,0.007500000000000005,6732.601133387835,13471.20226677567,13485.925532612617,37.710304862575704,0.0013497809564909863,0.030867223350862453,mixture,27
mixture,0.007250000000000005,6734.418066832149,13474.836133664297,13489.559399501244,35.89429045618837,0.0013820979727218682,0.03239132088556468,mixture,27
mixture,0.0070000000000000045,6736.318026818003,13478.636053636006,13493.359319472953,33.78557926659473,0.0014267682635247072,0.03438438682788408,mixture,27
mixture,0.006750000000000004,6738.29635320008,13482.59270640016,13497.315972237107,31.457168643183508,0.001483440657706593,0.03691427360547828,mixture,27
mixture,0.006500000000000004,6740.346155455609,13486.692310911218,13501.415576748164,29.05076947299853,0.001548907850604895,0.03997302004092333,mixture,27
mixture,0.006250000000000004,6742.459164032485,13490.91832806497,13505.641593901917,26.64095057511455,0.0016216101562795116,0.04361085760943615,mixture,27
mixture,0.006000000000000004,6744.622414439206,13495.244828878413,13509.96809471536,24.18100353133148,0.0017049974960929894,0.04810778440544459,mixture,27
mixture,0.005750000000000003,6746.806832363577,13499.613664727154,13514.3369305641,21.467146843185315,0.001812068507736645,0.05434848670316373,mixture,27
mixture,0.005500000000000003,6748.930800894059,13503.861601788118,13518.584867625064,18.001023118494157,0.001979831918482967,0.06532873798365653,mixture,27
mixture,0.005250000000000003,6750.776847427541,13507.553694855082,13522.276960692028,13.916263631266201,0.002222353833336795,0.08609644319601378,mixture,27
mixture,0.005000000000000003,6752.245618587019,13510.491237174037,13525.214503010984,11.48786279193904,0.002377405213177137,0.10602330068962566,mixture,27
mixture,0.0047500000000000025,6753.481710116651,13512.963420233302,13527.686686070248,10.033450348558567,0.0024678336250174653,0.12273876316557246,mixture,27
mixture,0.004500000000000002,6754.572423147558,13515.144846295116,13529.868112132062,8.974160166289904,0.0025308100282652787,0.1383393351546479,mixture,27
mixture,0.004250000000000002,6755.5601204515315,13517.120240903063,13531.84350674001,8.119555768955218,0.0025792007472938087,0.153860809721681,mixture,27
mixture,0.004000000000000002,6756.469069567711,13518.938139135422,13533.661404972368,7.392573161538936,0.002618587662253637,0.16982004045633903,mixture,27
mixture,0.0037500000000000016,6757.315377260062,13520.630754520123,13535.35402035707,6.754907996985413,0.002651632890794786,0.18653973880965943,mixture,27
mixture,0.0035000000000000014,6758.111415665082,13522.222831330164,13536.94609716711,6.184491122846595,0.0026797951340956907,0.2042669077883333,mixture,27
mixture,0.003250000000000001,6758.868046817551,13523.736093635101,13538.459359472048,5.668126773137485,0.002703995647887048,0.22317621396922346,mixture,27
mixture,0.003000000000000001,6759.595683099831,13525.191366199662,13539.914632036609,5.196116411281546,0.0027248860061691717,0.24345855173689837,mixture,27
mixture,0.0027500000000000007,6760.506494218314,13527.012988436629,13541.736254273575,4.337519711630113,0.002783841312423129,0.29771535682842915,mixture,27
mixture,0.0025000000000000005,6761.018694239399,13528.037388478799,13542.760654315745,4.253093665032245,0.002769275998642955,0.29773180906086266,mixture,27
mixture,0.0022500000000000003,6761.776161130107,13529.552322260213,13544.27558809716,4.168730415825221,0.002751344381941985,0.29775152756198736,mixture,27
mixture,0.002,6762.845892309997,13531.691784619994,13546.41505045694,4.058496271574475,0.0027328765966661726,0.3,mixture,27
mixture,0.05,6766.626171646721,13539.252343293441,13553.975609130388,20.3681748631936,0.0029110666129306315,0.2975873683088727,mixture,27
mixture,0.1,6767.500917606374,13541.001835212748,13555.725101049695,37.357134545945776,0.002912666263816262,0.29758652076137193,mixture,27
mixture,0.15000000000000002,6767.813601207338,13541.627202414677,13556.350468251623,54.34786467718689,0.002913099272527279,0.2975863720315899,mixture,27
mixture,0.2,6767.97416613733,13541.94833227466,13556.671598111607,71.3390874052425,0.0029132948746484985,0.29758632552268893,mixture,27
mixture,0.25,6768.071893554288,13542.143787108576,13556.867052945523,88.330520369523,0.0029134051007763517,0.2975863070879434,mixture,27
mixture,0.3,6768.13763258031,13542.27526516062,13556.998530997567,105.32206396606502,0.002913475456321593,0.29758629894168315,mixture,27
mixture,0.35000000000000003,6768.18487959868,13542.36975919736,13557.093025034306,122.31367915384837,0.0029135239750074145,0.29758629536969955,mixture,27
mixture,0.4,6768.220474193582,13542.440948387164,13557.16421422411,139.30336154969353,0.002913601473803855,0.29758566341373716,mixture,27
mixture,0.45,6768.248255293916,13542.496510587833,13557.21977642478,156.29616943126985,0.002913602645138885,0.29758616310492,mixture,27
mixture,0.5,6768.27054010794,13542.54108021588,13557.264346052827,173.2885494582281,0.0029136108934925066,0.297586271627191,mixture,27
null,,6768.371489207039,13538.742978414079,13543.65073369306,343.20562412267475,0.002913705165981085,,mixture,27
sum,,6795.750827074848,13593.501654149695,13598.409409428677,503.6865668013415,0.003970723326415052,,mixture,27
mixture,0.010000000000000007,6743.435583425593,13492.871166851186,13507.594432688133,71.86615177123505,0.0008910780788890422,0.016324837045959217,mixture,28
mixture,0.009750000000000007,6744.3207325955045,13494.641465191009,13509.364731027956,76.98305968508957,0.0007989156749060972,0.015286585483345235,mixture,28
mixture,0.009500000000000007,6748.622051629653,13503.244103259305,13517.967369096252,35.27859266470822,0.0015921620991508395,0.033791778517322034,mixture,28
mixture,0.009250000000000006,6749.87028487475,13505.7405697495,13520.463835586446,32.100015928705936,0.001680354364000019,0.0372529283723881,mixture,28
mixture,0.009000000000000006,6751.127227900995,13508.25445580199,13522.977721638938,30.067693153237133,0.0017348473206948848,0.039831322994630845,mixture,28
mixture,0.008750000000000006,6752.40044104578,13510.80088209156,13525.524147928507,28.280510820341185,0.0017839374989738906,0.04240527337347392,mixture,28
mixture,0.008500000000000006,6753.689256951103,13513.378513902206,13528.101779739152,26.534608197069346,0.0018349371192391713,0.045269224768426736,mixture,28
mixture,0.008250000000000006,6754.985960056979,13515.971920113958,13530.695185950904,24.64171672060848,0.0018963339281776361,0.04887582613739595,mixture,28
mixture,0.008000000000000005,6756.264406278094,13518.528812556187,13533.252078393134,22.07954433891405,0.0019952316058910674,0.05489766666894185,mixture,28
mixture,0.007750000000000005,6757.1067264827925,13520.213452965585,13534.936718802532,13.70301534210342,0.002440843376574989,0.09424971489108745,mixture,28
mixture,0.007500000000000005,6757.668733501861,13521.337467003723,13536.06073284067,12.539867140323976,0.00249609877830463,0.10408824699326669,mixture,28
mixture,0.007250000000000005,6758.174471815844,13522.348943631689,13537.072209468635,11.742516281110044,0.002530135591330926,0.11183323226839635,mixture,28
mixture,0.0070000000000000045,6758.646497630641,13523.292995261281,13538.016261098228,11.100420164537598,0.0025552172092803203,0.11876673439924983,mixture,28
mixture,0.006750000000000004,6759.096034734906,13524.192069469813,13538.91533530676,10.546563098139934,0.0025752551674351623,0.12532389886803016,mixture,28
mixture,0.006500000000000004,6759.530088283752,13525.060176567504,13539.78344240445,10.050222889762537,0.0025920192684845494,0.13171980689334453,mixture,28
mixture,0.006250000000000004,6759.953603967369,13525.907207934739,13540.630473771686,9.594278214574825,0.002606520323791568,0.1380890073722108,mixture,28
mixture,0.006000000000000004,6760.37037900826,13526.74075801652,13541.464023853467,9.168155001812918,0.002619348765469592,0.14452906671999888,mixture,28
mixture,0.005750000000000003,6760.783522729547,13527.567045459095,13542.290311296041,8.765197210222947,0.002630882403823893,0.1511105799233228,mixture,28
mixture,0.005500000000000003,6761.195720712911,13528.391441425822,13543.114707262768,8.379960816119524,0.002641440615349496,0.1579131967282249,mixture,28
mixture,0.005250000000000003,6761.609402467814,13529.218804935628,13543.942070772575,8.008995280625337,0.0026512173824034158,0.1650004099864916,mixture,28
mixture,0.005000000000000003,6762.026858512998,13530.053717025996,13544.776982862943,7.649307581699788,0.0026603838345379024,0.17244727457099884,mixture,28
mixture,0.0047500000000000025,6762.45033041289,13530.90066082578,13545.623926662727,7.298853642929658,0.002669057300255825,0.18032507712860787,mixture,28
mixture,0.004500000000000002,6762.882086927488,13531.764173854976,13546.487439691922,6.955787061972823,0.0026773447890720897,0.18871975802823387,mixture,28
mixture,0.004250000000000002,6763.324494489127,13532.648988978253,13547.3722548152,6.6183625337559455,0.0026853434686750994,0.19773825931011513,mixture,28
mixture,0.004000000000000002,6763.780086590319,13533.560173180638,13548.283439017585,6.28594485444688,0.002693110462311994,0.2074708920646381,mixture,28
mixture,0.0037500000000000016,6764.251635365099,13534.503270730198,13549.226536567145,5.9566829358193125,0.0027007470749076884,0.21808474801211658,mixture,28
mixture,0.0035000000000000014,6764.742223190353,13535.484446380706,13550.207712217652,5.629619190353867,0.0027083351701424406,0.22975057223439427,mixture,28
mixture,0.003250000000000001,6765.255309775128,13536.510619550256,13551.233885387202,5.303657700882661,0.0027159131162117042,0.24269499893947966,mixture,28
mixture,0.003000000000000001,6765.79477865251,13537.58955730502,13552.312823141967,4.977487144924235,0.002723637426107647,0.25722268464661924,mixture,28
mixture,0.0027500000000000007,6766.503919317765,13539.00783863553,13553.731104472477,4.345680179425625,0.00276029578431758,0.29773899266120846,mixture,28
mixture,0.0025000000000000005,6766.975996358366,13539.951992716731,13554.675258553678,4.260505413347501,0.002745931999205877,0.29775517507861105,mixture,28
mixture,0.0022500000000000003,6767.686744074768,13541.373488149537,13556.096753986483,4.175384164261699,0.0027282765868041413,0.29777469085931574,mixture,28
mixture,0.002,6768.699290238502,13543.398580477004,13558.12184631395,4.064656234236531,0.0027100654099838114,0.3,mixture,28
mixture,0.05,6773.257265488545,13552.51453097709,13567.237796814037,20.52099672251851,0.0028853478910095174,0.2976130971014079,mixture,28
mixture,0.1,6774.177092926271,13554.354185852542,13569.077451689489,37.66409273666337,0.0028868339642943433,0.29761235753467397,mixture,28
mixture,0.15000000000000002,6774.506104458329,13555.012208916658,13569.735474753605,54.80910582095296,0.0028872227354872935,0.2976122512780233,mixture,28
mixture,0.2,6774.675106789916,13555.350213579832,13570.073479416778,71.95465312709364,0.00288739485499411,0.2976122274036876,mixture,28
mixture,0.25,6774.777988402095,13555.55597680419,13570.279242641136,89.10042805579252,0.0028874905388199057,0.29761222302393087,mixture,28
mixture,0.3,6774.847202825504,13555.694405651007,13570.417671487954,106.24632471124505,0.0028875509469591105,0.2976122245064363,mixture,28
mixture,0.35000000000000003,6774.896951839433,13555.793903678867,13570.517169515813,123.3922935254128,0.0028875923778343285,0.29761222779708113,mixture,28
mixture,0.4,6774.934434448207,13555.868868896414,13570.59213473336,140.53831971030382,0.002887622255808481,0.29761223175871904,mixture,28
mixture,0.45,6774.963689263537,13555.927378527074,13570.650644364021,157.68370357166742,0.002887657411582716,0.2976121093516033,mixture,28
mixture,0.5,6774.987157710232,13555.974315420464,13570.697581257411,174.83028491743943,0.00288766554195531,0.2976122174799174,mixture,28
null,,6775.09347891419,13552.18695782838,13557.094713107363,346.2910917403194,0.0028877439352378463,,mixture,28
sum,,6802.788808050156,13607.577616100312,13612.485371379295,508.344460742059,0.003934340106864718,,mixture,28
mixture,0.010000000000000007,6742.21368696895,13490.4273739379,13505.150639774847,18.344723954151462,0.002320404067317195,0.07053728893656912,mixture,29
mixture,0.009750000000000007,6742.589875868328,13491.179751736656,13505.903017573602,17.73664924249629,0.0023369781642690658,0.07300254894960805,mixture,29
mixture,0.009500000000000007,6742.961454873584,13491.922909747169,13506.646175584116,17.175056707948983,0.002351568751896165,0.0754080618838615,mixture,29
mixture,0.009250000000000006,6743.330490899039,13492.660981798079,13507.384247635026,16.650197404643563,0.002364545567496393,0.07777761678998289,mixture,29
mixture,0.009000000000000006,6743.698742000426,13493.397484000852,13508.120749837799,16.15356274706876,0.002376311924258686,0.08013791697412956,mixture,29
mixture,0.008750000000000006,6744.067781630277,13494.135563260554,13508.8588290975,15.679740720311235,0.002387090124239824,0.0825066028267045,mixture,29
mixture,0.008500000000000006,6744.439077462354,13494.878154924709,13509.601420761655,15.225376259850792,0.00239699535767693,0.08489400376946811,mixture,29
mixture,0.008250000000000006,6744.814045976016,13495.628091952032,13510.351357788979,14.787524968436156,0.002406143657052074,0.08731114418502207,mixture,29
mixture,0.008000000000000005,6745.194093446461,13496.388186892922,13511.111452729869,14.362706672562211,0.0024147645520182664,0.08977575200856883,mixture,29
mixture,0.007750000000000005,6745.58065106133,13497.16130212266,13511.884567959607,13.949769547068577,0.00242281060417347,0.0922936948380028,mixture,29
mixture,0.007500000000000005,6745.975203889768,13497.950407779535,13512.673673616482,13.548113569225112,0.002430279959014304,0.09486669063120057,mixture,29
mixture,0.007250000000000005,6746.379320963555,13498.75864192711,13513.481907764057,13.154655272376187,0.002437365329579837,0.09751838229173158,mixture,29
mixture,0.0070000000000000045,6746.79468417217,13499.58936834434,13514.312634181286,12.769086911430295,0.002444036427334659,0.10025267631017794,mixture,29
mixture,0.006750000000000004,6747.223120014554,13500.446240029109,13515.169505866055,12.390226502322378,0.002450354306663304,0.1030821074504321,mixture,29
mixture,0.006500000000000004,6747.666634567969,13501.333269135937,13516.056534972884,12.01710664627531,0.002456346674823718,0.1060196951527358,mixture,29
mixture,0.006250000000000004,6748.1274535452785,13502.254907090557,13516.978172927504,11.648968993536624,0.0024620370943427144,0.10907838725206416,mixture,29
mixture,0.006000000000000004,6748.608069165941,13503.216138331882,13517.939404168828,11.284972533895612,0.002467456206930952,0.11227428532293368,mixture,29
mixture,0.005750000000000003,6749.1112960210685,13504.222592042137,13518.945857879084,10.924438451402885,0.0024726216345689806,0.11562429354867848,mixture,29
mixture,0.005500000000000003,6749.640338605946,13505.280677211893,13520.00394304884,10.566658694027003,0.0024775558051182978,0.11914847294173958,mixture,29
mixture,0.005250000000000003,6750.198874031444,13506.397748062887,13521.121013899834,10.210954157227217,0.002482278741083353,0.12286989446870501,mixture,29
mixture,0.005000000000000003,6750.791154465252,13507.582308930503,13522.30557476745,9.856641652784145,0.002486812720866545,0.1268156320701513,mixture,29
mixture,0.0047500000000000025,6751.422135401757,13508.844270803515,13523.567536640461,9.503022298182536,0.0024911728646343154,0.13101790644526046,mixture,29
mixture,0.004500000000000002,6752.097637964198,13510.195275928396,13524.918541765343,9.14937560007262,0.0024953879912185104,0.13551502649501065,mixture,29
mixture,0.004250000000000002,6752.824556521895,13511.64911304379,13526.372378880737,8.794937433662252,0.002499481631469308,0.14035352571740614,mixture,29
mixture,0.004000000000000002,6753.611127183514,13513.222254367029,13527.945520203975,8.43878861722666,0.0025034899985656705,0.14559234305140042,mixture,29
mixture,0.0037500000000000016,6754.46727911362,13514.93455822724,13529.657824064187,8.080051628907418,0.0025074471423652965,0.15130214820075705,mixture,29
mixture,0.0035000000000000014,6755.4050997965705,13516.810199593141,13531.533465430088,7.717599196519484,0.0025114092916116103,0.15757533233568588,mixture,29
mixture,0.003250000000000001,6756.439459284764,13518.878918569528,13533.602184406474,7.350198806282073,0.0025154481260046863,0.16452954334656603,mixture,29
mixture,0.003000000000000001,6757.5888591000075,13521.177718200015,13535.900984036962,6.976201649697845,0.0025196467877957643,0.17232562546435695,mixture,29
mixture,0.0027500000000000007,6758.876603336738,13523.753206673477,13538.476472510423,6.5941294716226295,0.002524104185978781,0.18116554056458542,mixture,29
mixture,0.0025000000000000005,6760.332435683834,13526.664871367668,13541.388137204614,6.200818999946574,0.0025291684933736094,0.19137234607251657,mixture,29
mixture,0.0022500000000000003,6761.994860887051,13529.989721774102,13544.712987611048,5.79405860710177,0.002534980276914388,0.20335361811304753,mixture,29
mixture,0.002,6763.9144498405385,13533.828899681077,13548.552165518024,5.369640650359099,0.002542054380863266,0.21776721130099821,mixture,29
mixture,0.05,6778.908340302039,13563.816680604077,13578.539946441024,20.655605259540785,0.0028630696109180633,0.2976347610884242,mixture,29
mixture,0.1,6779.979135843536,13565.958271687072,13580.681537524018,37.93744448658719,0.0028642130967007403,0.2976346847150292,mixture,29
mixture,0.15000000000000002,6780.357423795384,13566.714847590769,13581.438113427716,55.22103264862126,0.002864498687790475,0.2976347894645824,mixture,29
mixture,0.2,6780.550843383562,13567.101686767124,13581.82495260407,72.505106483972,0.002864621591469065,0.29763486890889645,mixture,29
mixture,0.25,6780.668301279149,13567.336602558298,13582.059868395245,89.78938619210798,0.0028646885900166863,0.29763492575154454,mixture,29
mixture,0.3,6780.747201565293,13567.494403130586,13582.217668967533,107.07377102540478,0.002864730386692211,0.2976349675799962,mixture,29
mixture,0.35000000000000003,6780.80385329211,13567.60770658422,13582.330972421167,124.3582260952205,0.0028647585980780274,0.2976349996501135,mixture,29
mixture,0.4,6780.846504218433,13567.693008436867,13582.416274273814,141.64272643475843,0.0028647788298468693,0.2976350249623481,mixture,29
mixture,0.45,6780.879772906434,13567.759545812867,13582.482811649814,158.92544543482683,0.002864827130644752,0.297634378859663,mixture,29
mixture,0.5,6780.906450331914,13567.812900663828,13582.536166500775,176.21048928460496,0.002864827489073948,0.29763491699129924,mixture,29
null,,6781.027172589062,13564.054345178123,13568.962100457105,349.05721311093004,0.002864859863767379,,mixture,29
sum,,6810.07882217191,13622.15764434382,13627.065399622803,512.4024441804434,0.0039031820060867954,,mixture,29
mixture,0.010000000000000007,6713.719208424142,13433.438416848285,13448.161682685231,51.40571958688627,0.0012071437667652834,0.02295827739625142,mixture,30
mixture,0.009750000000000007,6714.778166631957,13435.556333263914,13450.27959910086,50.80398049740117,0.0012018892084776588,0.023195347011448018,mixture,30
mixture,0.009500000000000007,6715.889141608734,13437.778283217467,13452.501549054414,50.17662712870515,0.0011969144335914911,0.023449585930032234,mixture,30
mixture,0.009250000000000006,6717.055607268829,13440.111214537657,13454.834480374604,49.51692157498693,0.0011923680229940395,0.023725282651691777,mixture,30
mixture,0.009000000000000006,6718.295270879125,13442.59054175825,13457.313807595197,47.60050897693943,0.001222780545242039,0.024627092846034683,mixture,30
mixture,0.008750000000000006,6719.5727641628455,13445.145528325691,13459.868794162638,47.57038920074553,0.0011993706319812995,0.024612105616180147,mixture,30
mixture,0.008500000000000006,6720.927449324912,13447.854898649824,13462.578164486771,47.27229613755841,0.0011827715214863764,0.02473445350024107,mixture,30
mixture,0.008250000000000006,6722.357090726246,13450.714181452491,13465.437447289438,46.48395572076987,0.0011804556171300397,0.02511069162761989,mixture,30
mixture,0.008000000000000005,6723.864758296171,13453.729516592342,13468.452782429289,45.59356031218792,0.0011799856594995736,0.02555790899215053,mixture,30
mixture,0.007750000000000005,6725.4561299781,13456.9122599562,13471.635525793146,44.62937300514017,0.0011811443779928257,0.02606524037015932,mixture,30
mixture,0.007500000000000005,6727.137345771303,13460.274691542607,13474.997957379554,43.5770536639762,0.0011844072354618197,0.02664803519416921,mixture,30
mixture,0.007250000000000005,6728.914929334586,13463.829858669173,13478.55312450612,42.41510528031742,0.0011905065930819612,0.027329466548330628,mixture,30
mixture,0.0070000000000000045,6730.795664833471,13467.591329666942,13482.314595503889,41.11565695221707,0.001200450921776937,0.028142657091739964,mixture,30
mixture,0.006750000000000004,6732.786322620429,13471.572645240858,13486.295911077805,39.63958555803615,0.0012157541001506646,0.029138267701798847,mixture,30
mixture,0.006500000000000004,6734.893111167576,13475.786222335151,13490.509488172098,37.93673054120539,0.0012385702603723888,0.030392724743627596,mixture,30
mixture,0.006250000000000004,6737.120724035709,13480.241448071418,13494.964713908365,35.95547496428426,0.0012716586027900357,0.032014488015830435,mixture,30
mixture,0.006000000000000004,6739.471215421649,13484.942430843297,13499.665696680244,33.71180438673063,0.001316297276954697,0.03409531731059028,mixture,30
mixture,0.005750000000000003,6741.944171576793,13489.888343153587,13504.611608990534,31.314227153240317,0.0013708824849353828,0.03666134026614106,mixture,30
mixture,0.005500000000000003,6744.539689566806,13495.079379133613,13509.80264497056,28.962194721003513,0.0014295228194895677,0.03959823300225088,mixture,30
mixture,0.005250000000000003,6747.261197210535,13500.52239442107,13515.245660258017,26.749159005281335,0.0014886806140998958,0.04283552665052907,mixture,30
mixture,0.005000000000000003,6750.114364378431,13506.228728756862,13520.951994593808,24.658627041083594,0.0015486562461299953,0.046430191209931734,mixture,30
mixture,0.0047500000000000025,6753.102869772307,13512.205739544614,13526.92900538156,22.609782073747848,0.001613241269434153,0.05060919389318625,mixture,30
mixture,0.004500000000000002,6756.219878233256,13518.439756466512,13533.163022303459,20.454260044899378,0.0016914506741825715,0.05594638459949418,mixture,30
mixture,0.004250000000000002,6759.90075628569,13525.80151257138,13540.524778408326,11.740158404649534,0.002247626105419841,0.1010988168531742,mixture,30
mixture,0.004000000000000002,6761.786330544401,13529.572661088801,13544.295926925748,9.645327819310785,0.002403598964270107,0.12479394134732662,mixture,30
mixture,0.0037500000000000016,6763.26600908081,13532.53201816162,13547.255283998567,8.223842265289678,0.002502102974428573,0.14813899527852,mixture,30
mixture,0.0035000000000000014,6764.554974073741,13535.109948147481,13549.833213984428,7.2362013692083,0.0025653743272252977,0.1697072027690837,mixture,30
mixture,0.003250000000000001,6765.715622193914,13537.431244387828,13552.154510224775,6.434733763403868,0.002613910238399325,0.19200075673402048,mixture,30
mixture,0.003000000000000001,6766.779753074041,13539.559506148082,13554.282771985028,5.7536864080529195,0.0026527833471383976,0.2156702158682143,mixture,30
mixture,0.0027500000000000007,6767.77240724147,13541.54481448294,13556.268080319887,5.161064446924458,0.002684468359978342,0.2410765392951093,mixture,30
mixture,0.0025000000000000005,6768.849133887031,13543.698267774062,13558.421533611008,4.259743306566277,0.002748359253916907,0.2977514457123339,mixture,30
mixture,0.0022500000000000003,6769.621631910957,13545.243263821914,13559.966529658861,4.174555325981999,0.0027311822349543667,0.29777037725939753,mixture,30
mixture,0.002,6770.715505589527,13547.431011179055,13562.154277016001,4.063860206913965,0.0027129917597067963,0.3,mixture,30
mixture,0.05,6773.312933520905,13552.62586704181,13567.349132878757,20.517229792194904,0.0028859761349373674,0.2976125955187144,mixture,30
mixture,0.1,6774.091591072021,13554.183182144043,13568.90644798099,37.655312878257014,0.002887566408302619,0.2976116944884454,mixture,30
mixture,0.15000000000000002,6774.370270630117,13554.740541260235,13569.463807097181,54.79511611933998,0.0028880007950153664,0.297611519225575,mixture,30
mixture,0.2,6774.513436741303,13555.026873482606,13569.750139319553,71.9353970463681,0.002888198062653903,0.2976114575877554,mixture,30
mixture,0.25,6774.600594142517,13555.201188285035,13569.924454121981,89.07588134612872,0.0028883096379659543,0.29761142941945795,mixture,30
mixture,0.3,6774.659231116708,13555.318462233416,13570.041728070362,106.21647320238662,0.0028883810314387294,0.29761141451762496,mixture,30
mixture,0.35000000000000003,6774.7013778259525,13555.402755651905,13570.126021488852,123.35713303430849,0.002888430407078574,0.2976114059343474,mixture,30
mixture,0.4,6774.733132766832,13555.466265533663,13570.18953137061,140.49784596199464,0.0028884663317407066,0.297611400865496,mixture,30
mixture,0.45,6774.757917268096,13555.515834536192,13570.239100373139,157.63788494372773,0.002888506782541145,0.2976112804947235,mixture,30
mixture,0.5,6774.777799625304,13555.555599250609,13570.278865087555,174.7791642505107,0.002888518423925101,0.2976113751518677,mixture,30
null,,6774.867874587031,13551.735749174062,13556.643504453044,346.18671557374,0.0028886145973067924,,mixture,30
sum,,6805.177636235753,13612.355272471506,13617.263027750489,509.2936634797058,0.00392700742894614,,mixture,30
mixture,0.05,6725.744678950736,13457.489357901472,13472.212623738418,117.5681954891265,0.0014503640991272734,0.011432822249728901,mixture,31
mixture,0.010000000000000007,6743.3633363885765,13492.726672777153,13507.4499386141,93.43890186538931,0.0005637461181150846,0.013077866585231671,mixture,31
mixture,0.009500000000000007,6745.651088432671,13497.302176865342,13512.025442702288,91.58387126050397,0.0005529926514882729,0.013312345484709193,mixture,31
mixture,0.009750000000000007,6746.742979131173,13499.485958262347,13514.209224099293,77.45947894983435,0.0007808034627979809,0.01524110065899572,mixture,31
mixture,0.009000000000000006,6750.798556918138,13507.597113836277,13522.320379673223,74.59788252018845,0.0007713621089984219,0.015747603418996888,mixture,31
mixture,0.008000000000000005,6754.486793539623,13514.973587079246,13529.696852916193,84.94372167961544,0.0005262045462519419,0.014224157870875168,mixture,31
mixture,0.007750000000000005,6756.321718852954,13518.643437705909,13533.366703542855,83.67820788889783,0.0005225181030266546,0.01441256312463475,mixture,31
mixture,0.009250000000000006,6756.63277458373,13519.26554916746,13533.988815004406,64.13662568377731,0.0010276864037589368,0.017969260304132956,mixture,31
mixture,0.007500000000000005,6758.284366585176,13522.568733170352,13537.291999007299,82.36632879827862,0.0005190515409110595,0.014613447438557617,mixture,31
mixture,0.007250000000000005,6760.386157149487,13526.772314298974,13541.495580135921,81.00805427937627,0.0005157981256371551,0.014827749951780976,mixture,31
mixture,0.008250000000000006,6764.440046855536,13534.880093711072,13549.603359548018,59.5922697754478,0.0010428061606958148,0.01918986583718146,mixture,31
mixture,0.008750000000000006,6765.808548042425,13537.61709608485,13552.340361921797,58.729477519356735,0.0011496485184716715,0.01939123526176799,mixture,31
mixture,0.008500000000000006,6766.1680947543755,13538.336189508751,13553.059455345698,58.370804585438066,0.0011218872141135511,0.019519912371316818,mixture,31
mixture,0.006500000000000004,6767.662281176059,13541.324562352118,13556.047828189065,76.64229505120838,0.000507383171337321,0.01556442442483942,mixture,31
mixture,0.006250000000000004,6770.465463600967,13546.930927201935,13561.654193038881,75.0859791019692,0.000505042077161321,0.015846559672148108,mixture,31
mixture,0.0070000000000000045,6776.503207320386,13559.006414640771,13573.729680477718,53.377393767827535,0.0010607393493925934,0.02122782641535501,mixture,31
mixture,0.006750000000000004,6781.33358700395,13568.6671740079,13583.390439844847,50.732525296848785,0.0011100752704334275,0.022244315839726872,mixture,31
mixture,0.006000000000000004,6792.8516106488205,13591.703221297641,13606.426487134588,19.095586238165048,0.001870692445627019,0.06256208314878214,mixture,31
mixture,0.005750000000000003,6794.288483303456,13594.576966606912,13609.300232443858,15.374441403806804,0.0020630871313271596,0.07898799389102291,mixture,31
mixture,0.005500000000000003,6795.541195996583,13597.082391993166,13611.805657830113,13.652072166274603,0.00214924216025501,0.08965088395189826,mixture,31
mixture,0.005250000000000003,6796.69140047065,13599.3828009413,13614.106066778246,12.403622720069412,0.0022095086210068833,0.09920190904541507,mixture,31
mixture,0.005000000000000003,6797.773346469845,13601.54669293969,13616.269958776636,11.401456740996117,0.0022559186597324882,0.10832803302884514,mixture,31
mixture,0.0047500000000000025,6798.807992049443,13603.615984098886,13618.339249935832,10.54972584942428,0.00229381933522026,0.11737900714858857,mixture,31
mixture,0.004500000000000002,6799.809666610391,13605.619333220782,13620.342599057729,9.796300191930234,0.002326139270932108,0.12662552156902557,mixture,31
mixture,0.004250000000000002,6800.788782288539,13607.577564577077,13622.300830414024,9.112039522375992,0.0023545663677798858,0.13627276039111605,mixture,31
mixture,0.004000000000000002,6801.753168928909,13609.506337857818,13624.229603694765,8.477855462285504,0.0023802269312602053,0.14652783258748078,mixture,31
mixture,0.0037500000000000016,6802.708791729492,13611.417583458984,13626.14084929593,7.880066215390044,0.002403993334089864,0.15763046003627865,mixture,31
mixture,0.0035000000000000014,6803.660180960454,13613.320361920909,13628.043627757856,7.31026053452946,0.0024263985363128598,0.16982533671485775,mixture,31
mixture,0.003250000000000001,6804.61078267841,13615.22156535682,13629.944831193767,6.762580838955796,0.002447863098408948,0.18339830145871897,mixture,31
mixture,0.003000000000000001,6805.563414794289,13617.126829588578,13631.850095425525,6.2337215535047825,0.0024683912838984554,0.19867067660741156,mixture,31
mixture,0.0027500000000000007,6806.521006103112,13619.042012206224,13633.76527804317,5.722333776310367,0.0024882409496779652,0.21598890350359326,mixture,31
mixture,0.0025000000000000005,6807.487682743771,13620.975365487542,13635.698631324489,5.2286426418761245,0.0025072506964159886,0.2357300861389694,mixture,31
mixture,0.0022500000000000003,6808.4701026014045,13622.940205202809,13637.663471039756,4.752235571862277,0.0025253127219835142,0.25840032115339934,mixture,31
mixture,0.002,6809.524031335128,13625.048062670256,13639.771328507202,4.130978823496299,0.002559865249980802,0.29793822281728954,mixture,31
mixture,0.1,6819.041476305199,13644.082952610397,13658.806218447344,39.861512999511284,0.002714500143337555,0.297784676630434,mixture,31
mixture,0.15000000000000002,6819.401195654738,13644.802391309477,13659.525657146423,58.10827845041561,0.002714742098555778,0.2977847239589114,mixture,31
mixture,0.2,6819.585600441914,13645.171200883828,13659.894466720774,76.35559585693527,0.0027148427525498374,0.29778477434452055,mixture,31
mixture,0.25,6819.6977412398755,13645.395482479751,13660.118748316698,94.60314598774417,0.00271489629163881,0.29778481358109077,mixture,31
mixture,0.3,6819.773136392703,13645.546272785406,13660.269538622353,112.8508142023375,0.002714929087156926,0.2977848435858151,mixture,31
mixture,0.35000000000000003,6819.827304288456,13645.654608576911,13660.377874413858,131.0985528516377,0.0027149510313985267,0.29778486697446394,mixture,31
mixture,0.4,6819.868103361346,13645.736206722691,13660.459472559638,149.34633525573457,0.0027149666845947586,0.297784885608954,mixture,31
mixture,0.45,6819.899939165185,13645.79987833037,13660.523144167317,167.59415318465116,0.002714978278211604,0.2977849008498182,mixture,31
mixture,0.5,6819.925473105066,13645.850946210132,13660.574212047079,185.84203000727126,0.002714986685391681,0.2977849137908673,mixture,31
null,,6820.041099668584,13642.082199337168,13646.98995461615,368.3206791335501,0.002715025402191464,,mixture,31
sum,,6852.507509144627,13707.015018289254,13711.922773568236,539.8700819359934,0.003704594988534887,,mixture,31
mixture,0.010000000000000007,6715.333927176951,13436.667854353902,13451.391120190849,58.113301217898034,0.0010660501753828899,0.020314826581398708,mixture,32
mixture,0.009750000000000007,6716.399614484855,13438.79922896971,13453.522494806657,57.76756805634052,0.0010544761210107118,0.02040857525297619,mixture,32
mixture,0.009500000000000007,6717.518999038119,13441.037998076237,13455.761263913184,57.411050135278316,0.0010427292225219339,0.02050710051548368,mixture,32
mixture,0.009250000000000006,6718.695887695645,13443.39177539129,13458.115041228237,57.04484803261988,0.0010307579948994577,0.020610195071039648,mixture,32
mixture,0.009000000000000006,6720.071180082798,13446.142360165595,13460.865626002542,53.70246805642252,0.001096515870894016,0.021782779845242944,mixture,32
mixture,0.008750000000000006,6721.371739463719,13448.743478927438,13463.466744764384,53.33653956043139,0.0010833120744162762,0.02190149958037579,mixture,32
mixture,0.008500000000000006,6722.746397314598,13451.492794629195,13466.216060466142,52.931978137856255,0.0010706489092465832,0.022036826104036327,mixture,32
mixture,0.008250000000000006,6724.331811831908,13454.663623663817,13469.386889500764,51.389985495646584,0.0010899813004030996,0.022631818231763134,mixture,32
mixture,0.008000000000000005,6725.74632875275,13457.4926575055,13472.215923342446,51.944369507546924,0.001048541388520117,0.022385336741207903,mixture,32
mixture,0.007750000000000005,6727.384089377014,13460.768178754028,13475.491444590974,51.36920657732183,0.0010388164637480516,0.022597979183809448,mixture,32
mixture,0.007500000000000005,6728.957818893745,13463.91563778749,13478.638903624436,54.025653419995834,0.0009428985432604768,0.021542622258225605,mixture,32
mixture,0.0070000000000000045,6732.738811337105,13471.47762267421,13486.200888511157,52.94951224041258,0.0009171553185479344,0.02191220162260574,mixture,32
mixture,0.007250000000000005,6733.694954127227,13473.389908254454,13488.1131740914,42.86940497012629,0.0012783480881208445,0.026688246140604933,mixture,32
mixture,0.006750000000000004,6734.815663772812,13475.631327545623,13490.35459338257,52.36117200628231,0.0009043438573234937,0.02212276194588398,mixture,32
mixture,0.006500000000000004,6737.033106702027,13480.066213404054,13494.789479241,51.73461982692688,0.0008916315949686052,0.022353664989954017,mixture,32
mixture,0.006250000000000004,6739.405518497415,13484.81103699483,13499.534302831777,51.065432003260106,0.0008790830001019364,0.022607963348369852,mixture,32
mixture,0.006000000000000004,6741.949327715876,13489.898655431753,13504.6219212687,50.34943222160907,0.0008667515077027049,0.02288896874435104,mixture,32
mixture,0.005750000000000003,6744.683389013329,13495.366778026659,13510.090043863605,49.58253200300115,0.0008546904632830232,0.023200353638104205,mixture,32
mixture,0.005500000000000003,6747.629444545115,13501.25888909023,13515.982154927176,48.75802792438941,0.0008430213070347853,0.023547448631644086,mixture,32
mixture,0.005250000000000003,6750.812694955316,13507.625389910632,13522.348655747579,47.87242155291091,0.0008317735073722899,0.023934924634297076,mixture,32
mixture,0.005000000000000003,6760.489440726276,13526.978881452553,13541.7021472895,13.524851043206189,0.0022045774533931157,0.08839068149126651,mixture,32
mixture,0.0047500000000000025,6762.046285597569,13530.092571195139,13544.815837032085,11.17005644472189,0.002356206269417161,0.10872172849811079,mixture,32
mixture,0.004500000000000002,6763.382857724968,13532.765715449936,13547.488981286882,9.761800400025155,0.0024435514937122967,0.12569097551774572,mixture,32
mixture,0.004250000000000002,6764.566476879658,13535.132953759316,13549.856219596262,8.63973489418873,0.0025119975157082064,0.1433176295288498,mixture,32
mixture,0.004000000000000002,6765.617090033904,13537.234180067808,13551.957445904754,7.684106546868836,0.002569416207112247,0.1625503382534365,mixture,32
mixture,0.0037500000000000016,6766.548432422315,13539.09686484463,13553.820130681577,6.8691767270777175,0.0026168273907339456,0.18326410219833347,mixture,32
mixture,0.0035000000000000014,6767.380680750297,13540.761361500594,13555.48462733754,6.185366557947088,0.0026542247000210643,0.20475827947539055,mixture,32
mixture,0.003250000000000001,6768.1390555580765,13542.278111116153,13557.0013769531,5.609122314530753,0.0026831753964975708,0.2266437608410682,mixture,32
mixture,0.003000000000000001,6768.847711618246,13543.695423236491,13558.418689073438,5.11219103548559,0.0027058418205493447,0.24903341716185373,mixture,32
mixture,0.0027500000000000007,6769.640720370606,13545.281440741212,13560.004706578158,4.347767269400614,0.0027543269361420116,0.29774538486044977,mixture,32
mixture,0.0025000000000000005,6770.19382163761,13546.38764327522,13561.110909112167,4.262412160571374,0.0027399850300767526,0.2977613347778984,mixture,32
mixture,0.0022500000000000003,6770.995167126131,13547.990334252261,13562.713600089208,4.177106133237068,0.0027223599239041755,0.29778094668110755,mixture,32
mixture,0.002,6772.106299321489,13550.212598642978,13564.935864479925,4.066255163725078,0.0027042064715103935,0.3,mixture,32
mixture,0.05,6774.799632421542,13555.599264843084,13570.32253068003,20.55379564697658,0.0028798871121069702,0.29761867442974566,mixture,32
mixture,0.1,6775.606464438897,13557.212928877794,13571.93619471474,37.72756804287331,0.0028815492172968764,0.2976177042671529,mixture,32
mixture,0.15000000000000002,6775.8952711407055,13557.790542281411,13572.513808118358,54.903074843774235,0.0028820071645175955,0.2976175075767584,mixture,32
mixture,0.2,6776.043651082038,13558.087302164076,13572.810568001023,72.07906567061092,0.00288221603211783,0.29761743565865334,mixture,32
mixture,0.25,6776.1339866738435,13558.267973347687,13572.991239184634,89.25526236116976,0.0028823345127382306,0.297617401469316,mixture,32
mixture,0.3,6776.194763675341,13558.389527350682,13573.112793187629,106.43156483809852,0.0028824105711412872,0.29761738252832026,mixture,32
mixture,0.35000000000000003,6776.238449520987,13558.476899041974,13573.200164878921,123.60793876390039,0.0028824632030893796,0.2976173711546688,mixture,32
mixture,0.4,6776.271364637989,13558.542729275978,13573.265995112924,140.78435965666918,0.002882501701869854,0.29761736386898974,mixture,32
mixture,0.45,6776.297054972397,13558.594109944794,13573.31737578174,157.9601487111598,0.00288254332570846,0.29761724137101364,mixture,32
mixture,0.5,6776.317664203601,13558.635328407203,13573.35859424415,175.13711704741115,0.0028825570052920324,0.2976173352577429,mixture,32
null,,6776.41103456309,13554.82206912618,13559.729824405162,346.90181504911556,0.0028826600398686774,,mixture,32
sum,,6805.761313561317,13613.522627122635,13618.430382401617,509.749910562304,0.00392349259619056,,mixture,32
mixture,0.05,6745.891502856028,13497.783005712055,13512.506271549002,96.75890927907321,0.0016408636435849668,0.014331585879108025,mixture,33
mixture,0.010000000000000007,6770.914433780534,13547.828867561067,13562.552133398014,49.96121081505312,0.001168780335624314,0.023909992264781986,mixture,33
mixture,0.009750000000000007,6771.992415375564,13549.984830751127,13564.708096588074,49.017042089140475,0.001171666829896539,0.024333119036215864,mixture,33
mixture,0.009500000000000007,6773.12009536848,13552.24019073696,13566.963456573907,48.01740053683135,0.0011759593662368844,0.02480038872479029,mixture,33
mixture,0.009250000000000006,6774.299808566326,13554.599617132651,13569.322882969598,46.846451207640726,0.0011837457201302303,0.025382841521771327,mixture,33
mixture,0.009000000000000006,6775.533806065159,13557.067612130319,13571.790877967265,45.577928586902416,0.0011943004824186785,0.026050061548934998,mixture,33
mixture,0.008750000000000006,6776.823796067415,13559.64759213483,13574.370857971777,44.138035589295484,0.0012094526465726329,0.026860699260605983,mixture,33
mixture,0.008500000000000006,6778.170458578061,13562.340917156122,13577.064182993068,42.439602382971344,0.001231856182980252,0.027898577628855968,mixture,33
mixture,0.008250000000000006,6779.572188616426,13565.144377232851,13579.867643069798,40.367996067389925,0.0012656108242110173,0.029298890588405194,mixture,33
mixture,0.008000000000000005,6781.022176947281,13568.044353894562,13582.767619731509,37.709750741668856,0.0013187751474688398,0.03134923467820879,mixture,33
mixture,0.007750000000000005,6782.501941375329,13571.003882750658,13585.727148587604,34.20582109273601,0.0014040250338446783,0.03459007226818433,mixture,33
mixture,0.007500000000000005,6783.976608610522,13573.953217221044,13588.67648305799,30.254465738195965,0.0015166593582522086,0.03921469932903194,mixture,33
mixture,0.007250000000000005,6785.4163684208925,13576.832736841785,13591.556002678732,26.840743576361,0.0016247860899768003,0.04436154242363888,mixture,33
mixture,0.0070000000000000045,6786.814696314868,13579.629392629737,13594.352658466683,24.142549711536088,0.0017160034043713465,0.04949334434677047,mixture,33
mixture,0.006750000000000004,6788.173748514415,13582.34749702883,13597.070762865776,21.931394088482072,0.0017944554593252158,0.05466486161217692,mixture,33
mixture,0.006500000000000004,6789.494140533643,13584.988281067286,13599.711546904233,20.02147160658811,0.0018654537054325123,0.06007716757871697,mixture,33
mixture,0.006250000000000004,6790.772260772297,13587.544521544594,13602.267787381541,18.301378836248556,0.001932553278928313,0.0659540188215336,mixture,33
mixture,0.006000000000000004,6791.999386279569,13589.998772559138,13604.722038396085,16.700206796752887,0.0019986757870082547,0.07256417701453256,mixture,33
mixture,0.005750000000000003,6793.162259557857,13592.324519115715,13607.047784952661,15.196728812495468,0.0020643662435523777,0.08010799553143054,mixture,33
mixture,0.005500000000000003,6794.247612592735,13594.49522518547,13609.218491022417,13.819140155602678,0.002127112234942184,0.08853004083791342,mixture,33
mixture,0.005250000000000003,6795.251063599217,13596.502127198433,13611.22539303538,12.622734623861412,0.002182308392697844,0.09736199984849914,mixture,33
mixture,0.005000000000000003,6796.1816909176905,13598.363381835381,13613.086647672328,11.621571604276816,0.002227288767430789,0.10611420660621364,mixture,33
mixture,0.0047500000000000025,6797.056601196138,13600.113202392276,13614.836468229223,10.784630769826505,0.002262882688944704,0.11458702558122658,mixture,33
mixture,0.004500000000000002,6797.894002091054,13601.788004182108,13616.511270019055,10.069975414125182,0.0022911173090866322,0.12281226064272824,mixture,33
mixture,0.004250000000000002,6798.710461698936,13603.420923397873,13618.14418923482,9.442658816029647,0.0023139113219389526,0.13091738134340164,mixture,33
mixture,0.004000000000000002,6799.520873959958,13605.041747919917,13619.765013756863,8.879045016829373,0.0023325677195024344,0.13902465998324456,mixture,33
mixture,0.0037500000000000016,6800.33923961556,13606.67847923112,13621.401745068066,8.360312860832302,0.0023482472710702066,0.14730067281584378,mixture,33
mixture,0.0035000000000000014,6801.17958122814,13608.35916245628,13623.082428293226,7.876007803970756,0.002361471361977398,0.1558521342267501,mixture,33
mixture,0.003250000000000001,6802.056871902223,13610.113743804446,13624.837009641393,7.416098704406371,0.0023728718842488464,0.16484878521068505,mixture,33
mixture,0.003000000000000001,6802.988046047863,13611.976092095725,13626.699357932672,6.974152127493115,0.002382782934459333,0.17444952694402677,mixture,33
mixture,0.0027500000000000007,6803.993209954583,13613.986419909166,13628.709685746113,6.544157542145902,0.002391535523819496,0.18487214010753483,mixture,33
mixture,0.0025000000000000005,6805.097225685181,13616.194451370362,13630.917717207309,6.120892840277307,0.002399438888837129,0.19639760218082578,mixture,33
mixture,0.0022500000000000003,6806.331915037589,13618.663830075178,13633.387095912125,5.6994688392181,0.0024067828562601753,0.20940849433887326,mixture,33
mixture,0.002,6807.73925792301,13621.47851584602,13636.201781682967,5.274569082180209,0.002413945949816124,0.2244689046918679,mixture,33
mixture,0.1,6827.3369465481965,13660.673893096393,13675.39715893334,40.30020424123572,0.0026825329299854685,0.2978156320574864,mixture,33
mixture,0.15000000000000002,6827.748250453344,13661.496500906687,13676.219766743634,58.766389232414596,0.00268277364112317,0.2978165620091727,mixture,33
mixture,0.2,6827.957992787192,13661.915985574384,13676.63925141133,77.23563776779399,0.0026827840432085592,0.297816740896059,mixture,33
mixture,0.25,6828.085180199017,13662.170360398033,13676.89362623498,95.70511439422872,0.0026827837390147975,0.29781685688958076,mixture,33
mixture,0.3,6828.170538667075,13662.34107733415,13677.064343171096,114.17470842519286,0.002682780729311164,0.29781693794897207,mixture,33
mixture,0.35000000000000003,6828.23178911538,13662.46357823076,13677.186844067706,132.6443710878073,0.002682777173290225,0.29781699774125925,mixture,33
mixture,0.4,6828.277881095919,13662.555762191838,13677.279028028785,151.11407834729917,0.002682773706741874,0.29781704366253825,mixture,33
mixture,0.45,6828.31382218289,13662.62764436578,13677.350910202727,169.58381721254378,0.0026827705068155194,0.29781708007397373,mixture,33
mixture,0.5,6828.342633074008,13662.685266148015,13677.408531984962,188.0536030424227,0.0026827672719944243,0.29781710964284913,mixture,33
null,,6828.472924355402,13658.945848710804,13663.853603989786,372.7514941749743,0.002682752492282666,,mixture,33
sum,,6856.419823739248,13714.839647478497,13719.747402757479,544.3431932885226,0.0036741526754793534,,mixture,33
mixture,0.010000000000000007,6743.229510446168,13492.459020892336,13507.182286729283,58.343059583839334,0.0010727636001955155,0.020195285818385655,mixture,34
mixture,0.009750000000000007,6744.3286614745575,13494.657322949115,13509.380588786062,58.58632351980677,0.0010455773374844213,0.02010197377006359,mixture,34
mixture,0.009500000000000007,6745.4647570830475,13496.929514166095,13511.652780003042,59.25389618881912,0.0010084338647181187,0.019876248402794183,mixture,34
mixture,0.009250000000000006,6746.7976445617005,13499.595289123401,13514.318554960348,58.57901392150341,0.0010031136633111095,0.020072845370819166,mixture,34
mixture,0.009000000000000006,6748.365893551092,13502.731787102184,13517.45505293913,56.49671342519443,0.0010320424548941134,0.020742570657358655,mixture,34
mixture,0.008750000000000006,6749.529724624759,13505.059449249518,13519.782715086465,59.14491855388885,0.0009464757077115107,0.019864691255164907,mixture,34
mixture,0.008250000000000006,6752.6376148236195,13511.275229647239,13525.998495484186,60.13436198967644,0.0008803660216340974,0.01953676743670927,mixture,34
mixture,0.008500000000000006,6753.05734966675,13512.1146993335,13526.837965170447,49.758766675991964,0.00118090088150406,0.023296045172399645,mixture,34
mixture,0.008000000000000005,6754.351626183534,13514.703252367068,13529.426518204014,59.51082316650921,0.0008707046903973632,0.019712709901354663,mixture,34
mixture,0.007750000000000005,6756.165779100548,13518.331558201096,13533.054824038043,58.85360687676125,0.0008611684449629751,0.01990303483410722,mixture,34
mixture,0.007500000000000005,6759.695980105649,13525.391960211298,13540.115226048245,48.13470469716527,0.0011144807694895452,0.023970469263928287,mixture,34
mixture,0.007250000000000005,6761.315982374599,13528.631964749198,13543.355230586145,48.60989098559309,0.0010686449570472933,0.02373546432501531,mixture,34
mixture,0.0070000000000000045,6773.278395824562,13552.556791649124,13567.28005748607,15.955733125708148,0.0022004035789869826,0.07773299265106258,mixture,34
mixture,0.006750000000000004,6774.2310585406685,13554.462117081337,13569.185382918284,14.401738436940212,0.0022746568920694213,0.08686615314869624,mixture,34
mixture,0.006500000000000004,6775.123329274791,13556.246658549582,13570.969924386529,13.418801415519827,0.0023165881630049815,0.09361204114361678,mixture,34
mixture,0.006250000000000004,6775.987346605143,13557.974693210286,13572.697959047233,12.628104933730937,0.0023477948110521567,0.09971370317293751,mixture,34
mixture,0.006000000000000004,6776.837752099729,13559.675504199458,13574.398770036405,11.942200837925071,0.0023732155362198642,0.10558758600270254,mixture,34
mixture,0.005750000000000003,6777.683978398369,13561.367956796737,13576.091222633684,11.323352507590632,0.0023949743267021833,0.11143187728361025,mixture,34
mixture,0.005500000000000003,6778.533141810344,13563.066283620688,13577.789549457635,10.751690208475216,0.0024141926165616398,0.11736596295528964,mixture,34
mixture,0.005250000000000003,6779.3911531186195,13564.782306237239,13579.505572074186,10.214318179049966,0.0024315792132566416,0.12349123587790975,mixture,34
mixture,0.005000000000000003,6780.263242137125,13566.52648427425,13581.249750111197,9.701842067311745,0.0024477006075677723,0.12991067951494875,mixture,34
mixture,0.0047500000000000025,6781.154228842039,13568.308457684077,13583.031723521024,9.207876681687981,0.0024629431105557594,0.136723504617333,mixture,34
mixture,0.004500000000000002,6782.0686583450815,13570.137316690163,13584.86058252711,8.727200964984938,0.0024776335476982144,0.14404673000536589,mixture,34
mixture,0.004250000000000002,6783.010843449008,13572.021686898015,13586.744952734962,8.255549766813376,0.0024920703017013946,0.15201964187636866,mixture,34
mixture,0.004000000000000002,6783.984828821938,13573.969657643876,13588.692923480823,7.789137673816568,0.0025065427500882385,0.16081858328464832,mixture,34
mixture,0.0037500000000000016,6784.994277699555,13575.98855539911,13590.711821236056,7.324694654273505,0.0025213295113878623,0.17066720013641729,mixture,34
mixture,0.0035000000000000014,6786.042279077072,13578.084558154143,13592.80782399109,6.859173044117918,0.002536727528931043,0.18186156118410304,mixture,34
mixture,0.003250000000000001,6787.131075165716,13580.262150331431,13594.985416168378,6.390101238591484,0.0025530204437535257,0.1947880905831494,mixture,34
mixture,0.003000000000000001,6788.26168980426,13582.52337960852,13597.246645445466,5.915289868324423,0.002570501408654298,0.20997420024120872,mixture,34
mixture,0.0027500000000000007,6789.433302794014,13584.866605588028,13599.589871424974,5.432355446173855,0.0025895208976677675,0.22818366580516303,mixture,34
mixture,0.0025000000000000005,6790.641695568092,13587.283391136183,13602.00665697313,4.937275104435084,0.0026106483369544085,0.2506496427269677,mixture,34
mixture,0.0022500000000000003,6791.92436978031,13589.84873956062,13604.572005397567,4.196287851756302,0.0026584561492285445,0.2978418693653331,mixture,34
mixture,0.05,6792.541988416671,13591.083976833343,13605.80724267029,20.97035718612252,0.0028122940285681404,0.29768644020007895,mixture,34
mixture,0.1,6793.094038116431,13592.188076232862,13606.911342069809,38.55328763085589,0.0028145264384355968,0.29768482424463605,mixture,34
mixture,0.002,6793.164091679572,13592.328183359145,13607.051449196091,4.108706202651307,0.0026378620868222,0.29786452761510485,mixture,34
mixture,0.15000000000000002,6793.291944993302,13592.583889986605,13607.307155823552,56.13739129383208,0.002815208687720021,0.29768437097401385,mixture,34
mixture,0.2,6793.393659095503,13592.787318191005,13607.510584027952,73.72181890801033,0.0028155369884650737,0.2976841619709438,mixture,34
mixture,0.25,6793.455592518974,13592.911185037949,13607.634450874895,91.30638124045254,0.0028157297018016787,0.29768404244190116,mixture,34
mixture,0.3,6793.497263687479,13592.994527374958,13607.717793211905,108.89101316706022,0.002815856340219319,0.2976839652830736,mixture,34
mixture,0.35000000000000003,6793.527217670319,13593.054435340639,13607.777701177585,126.4756927112023,0.002815945718514847,0.2976839116065517,mixture,34
mixture,0.4,6793.549787082185,13593.09957416437,13607.822840001316,144.06040281782958,0.0028160121469550676,0.29768387214868697,mixture,34
mixture,0.45,6793.567402937997,13593.134805875994,13607.85807171294,161.64513861712845,0.0028160633611051936,0.2976838420387188,mixture,34
mixture,0.5,6793.581534686974,13593.163069373948,13607.886335210895,179.22900666629934,0.002816118103971517,0.2976837293563722,mixture,34
null,,6793.645560813495,13589.29112162699,13594.198876905972,355.07723544194795,0.0028162886836587734,,mixture,34
sum,,6822.177583939418,13646.355167878835,13651.262923157818,520.3013417647337,0.003843926277830639,,mixture,34
mixture,0.010000000000000007,6726.8134776693205,13459.626955338641,13474.350221175588,79.84829189523724,0.0007313689002792862,0.014960264307150655,mixture,35
mixture,0.009750000000000007,6727.9148793225195,13461.829758645039,13476.553024481986,79.19138393268854,0.0007232820564731562,0.01506973723840477,mixture,35
mixture,0.009500000000000007,6729.751810424208,13465.503620848416,13480.226886685363,67.88554067764596,0.0008874035376496774,0.017322444407063885,mixture,35
mixture,0.009250000000000006,6730.305151723771,13466.610303447542,13481.333569284488,77.72502926295759,0.0007080952585012262,0.015322025808594784,mixture,35
mixture,0.009000000000000006,6731.6034623140295,13469.206924628059,13483.930190465006,76.904711335293,0.000701125100630796,0.015467891923667465,mixture,35
mixture,0.008750000000000006,6732.977572061898,13471.955144123796,13486.678409960743,76.02595343555056,0.000694571385883744,0.0156278929732518,mixture,35
mixture,0.008500000000000006,6734.433359825398,13474.866719650796,13489.589985487743,75.08796237867374,0.000688443963882955,0.015802993243498337,mixture,35
mixture,0.008250000000000006,6735.977268651188,13477.954537302376,13492.677803139322,74.0873912927564,0.0006827907088234229,0.015994774371180923,mixture,35
mixture,0.008000000000000005,6737.616376695655,13481.23275339131,13495.956019228257,73.02632989137894,0.0006775761227882725,0.016203977127161033,mixture,35
mixture,0.007750000000000005,6739.931048478495,13485.86209695699,13500.585362793936,63.36291402823936,0.0008193380316347338,0.018407704837786573,mixture,35
mixture,0.007500000000000005,6742.78807195101,13491.57614390202,13506.299409738967,57.434098393470784,0.0009181270061504001,0.020146028190152935,mixture,35
mixture,0.007250000000000005,6745.102596783155,13496.20519356631,13510.928459403256,55.365603079448974,0.0009393839913493626,0.020835178726546454,mixture,35
mixture,0.0070000000000000045,6745.293678417998,13496.587356835997,13511.310622672943,68.1586058504956,0.0006614965619505953,0.01724660765214018,mixture,35
mixture,0.006750000000000004,6747.54391851023,13501.08783702046,13515.811102857406,66.79116454051122,0.0006586478617560665,0.017566309226688656,mixture,35
mixture,0.006500000000000004,6749.95105368341,13505.90210736682,13520.625373203766,65.35347422885356,0.0006563857782090113,0.01791679642549941,mixture,35
mixture,0.006250000000000004,6752.530040182168,13511.060080364336,13525.783346201282,63.85881481989918,0.000654591369844489,0.018297440941386568,mixture,35
mixture,0.006000000000000004,6755.532346437027,13517.064692874053,13531.787958711,57.88457428054632,0.0007373174682660445,0.01998111764398925,mixture,35
mixture,0.005750000000000003,6761.390013084738,13528.780026169476,13543.503292006422,46.1935900556826,0.0009924954863897678,0.024610079785130877,mixture,35
mixture,0.005500000000000003,6781.03678946973,13568.07357893946,13582.796844776407,9.334831118527294,0.002514228788271248,0.1391438111756665,mixture,35
mixture,0.005250000000000003,6781.634617278817,13569.269234557634,13583.992500394581,8.814412416075346,0.002532988935927667,0.14755044255228653,mixture,35
mixture,0.005000000000000003,6782.22437545651,13570.44875091302,13585.172016749966,8.34480753238885,0.0025485976014746827,0.15588417470195287,mixture,35
mixture,0.0047500000000000025,6782.813526685564,13571.627053371129,13586.350319208075,7.908065774483191,0.00256217489367546,0.16439076963406565,mixture,35
mixture,0.004500000000000002,6783.407726350244,13572.815452700488,13587.538718537435,7.492860943884384,0.0025744778331187866,0.17328311444523598,mixture,35
mixture,0.004250000000000002,6784.0116322686445,13574.023264537289,13588.746530374236,7.092727765700847,0.0025859410216345466,0.18273239106842182,mixture,35
mixture,0.004000000000000002,6784.629292278309,13575.258584556617,13589.981850393564,6.702735668448123,0.0025968638062190954,0.19293291561645284,mixture,35
mixture,0.0037500000000000016,6785.264339490248,13576.528678980496,13591.251944817443,6.319127632111563,0.002607550345599767,0.20410792189694815,mixture,35
mixture,0.0035000000000000014,6785.9200827564855,13577.840165512971,13592.563431349918,5.9390251103397445,0.0026182088172206678,0.2165253098637909,mixture,35
mixture,0.003250000000000001,6786.5995308204565,13579.199061640913,13593.92232747786,5.560213273951671,0.0026290320231717253,0.23051482819069669,mixture,35
mixture,0.003000000000000001,6787.305365065764,13580.610730131528,13595.333995968474,5.18067008802631,0.002640197002909357,0.24651423168373426,mixture,35
mixture,0.0027500000000000007,6788.25166310289,13582.50332620578,13597.226592042727,4.3707658580633115,0.0026904379034641862,0.2978085870191161,mixture,35
mixture,0.0025000000000000005,6788.826510250769,13583.653020501539,13598.376286338485,4.2832951047823045,0.002676661153516749,0.2978238106701969,mixture,35
mixture,0.0022500000000000003,6789.643878178604,13585.287756357207,13600.011022194154,4.195821312180071,0.00265990466493529,0.2978423704547151,mixture,35
mixture,0.002,6790.77503972922,13587.55007945844,13602.273345295387,4.083575046135274,0.0026423277298160104,0.3,mixture,35
mixture,0.05,6792.265398037749,13590.530796075498,13605.254061912445,20.968164408329248,0.002812641630334364,0.2976860242637602,mixture,35
mixture,0.1,6792.98629253002,13591.97258506004,13606.695850896987,38.55240793482034,0.002814596216351454,0.29768471170026345,mixture,35
mixture,0.15000000000000002,6793.245602599552,13592.491205199103,13607.21447103605,56.13814004806154,0.0028151691220318774,0.2976843809700115,mixture,35
mixture,0.2,6793.379095867182,13592.758191734363,13607.48145757131,73.72428762205877,0.002815439114135117,0.29768423793906146,mixture,35
mixture,0.25,6793.460458811021,13592.920917622043,13607.64418345899,91.31061313424973,0.0028155954692547997,0.29768415972935736,mixture,35
mixture,0.3,6793.515238061749,13593.030476123498,13607.753741960445,108.89702825939618,0.002815697338980713,0.2976841108244024,mixture,35
mixture,0.35000000000000003,6793.554632290469,13593.109264580939,13607.832530417885,126.48350323902702,0.0028157687478299036,0.2976840776806479,mixture,35
mixture,0.4,6793.584324716503,13593.168649433006,13607.891915269953,144.07001440322995,0.002815821587606739,0.29768405377791746,mixture,35
mixture,0.45,6793.607506316008,13593.215012632016,13607.938278468962,161.65656094254334,0.0028158620621241415,0.2976840359724791,mixture,35
mixture,0.5,6793.62610691233,13593.25221382466,13607.975479661607,179.242233697939,0.0028159083073503333,0.2976839276152408,mixture,35
null,,6793.710424079011,13589.420848158023,13594.328603437005,355.10867312362825,0.0028160393583286487,,mixture,35
sum,,6824.878049133811,13651.756098267622,13656.663853546605,521.7553831744261,0.0038332139245631654,,mixture,35
mixture,0.05,6735.62168772461,13477.24337544922,13491.966641286166,118.5365199426713,0.0014333624836620367,0.011356367684699456,mixture,36
mixture,0.010000000000000007,6758.9302306058025,13523.860461211605,13538.583727048552,77.45678456297306,0.0007823325735622043,0.015307424833385071,mixture,36
mixture,0.009500000000000007,6759.2887719420905,13524.577543884181,13539.300809721128,93.501395240921,0.0005379315422706668,0.013060191309755607,mixture,36
mixture,0.009750000000000007,6760.398774411373,13526.797548822746,13541.520814659692,75.57539858770872,0.0007931610728178027,0.01564800845139462,mixture,36
mixture,0.009250000000000006,6760.63454558233,13527.26909116466,13541.992357001607,92.26195628042365,0.000534905753988094,0.01321542883697093,mixture,36
mixture,0.009000000000000006,6762.061898682563,13530.123797365126,13544.847063202073,90.96351847557276,0.0005322169394500846,0.01338228540385484,mixture,36
mixture,0.008750000000000006,6763.576752196785,13533.15350439357,13547.876770230516,89.61141133949492,0.00052981814014149,0.013560875958543411,mixture,36
mixture,0.008500000000000006,6765.185557072631,13536.371114145262,13551.094379982209,88.20336527329322,0.0005277295123306637,0.013752376660328724,mixture,36
mixture,0.008250000000000006,6766.895355978333,13539.790711956666,13554.513977793613,86.73713798057284,0.0005259719837073995,0.013958108272523098,mixture,36
mixture,0.008000000000000005,6768.713853604138,13543.427707208277,13558.150973045224,85.21242495619374,0.0005245499096913133,0.014179276869445999,mixture,36
mixture,0.007750000000000005,6772.183646110689,13550.367292221377,13565.090558058324,70.56167592676863,0.0007052935172684574,0.016655939561756115,mixture,36
mixture,0.007500000000000005,6772.711568647481,13551.423137294962,13566.146403131908,81.97982178198205,0.0005227975175114287,0.014674588555656657,mixture,36
mixture,0.007250000000000005,6774.910292196353,13555.820584392706,13570.543850229653,80.27040308490388,0.000522488567362062,0.014952292423166714,mixture,36
mixture,0.006750000000000004,6779.7640621106875,13565.528124221375,13580.251390058322,76.6491152967051,0.0005232123477840615,0.015580870307078743,mixture,36
mixture,0.006250000000000004,6785.3166718769535,13576.633343753907,13591.356609590854,72.7406905768456,0.0005259870323874448,0.016328923362390182,mixture,36
mixture,0.006500000000000004,6787.162264839743,13580.324529679487,13595.047795516433,53.7266200693538,0.0008862030623979665,0.02141534962377942,mixture,36
mixture,0.006000000000000004,6788.394883995714,13582.789767991428,13597.513033828374,70.67584809593495,0.0005282631433262201,0.016757175562646498,mixture,36
mixture,0.0070000000000000045,6790.566734843191,13587.133469686381,13601.856735523328,44.46565447163567,0.0012262378763028261,0.025621087359207536,mixture,36
mixture,0.005750000000000003,6791.699454703712,13589.398909407424,13604.12217524437,68.52633924367984,0.0005312709926959727,0.017230402362771,mixture,36
mixture,0.005500000000000003,6811.753513925007,13629.507027850013,13644.23029368696,9.649639142129608,0.002399069300091867,0.13517584894889406,mixture,36
mixture,0.005250000000000003,6812.292652575838,13630.585305151675,13645.308570988622,8.765139109136577,0.0024413032526067846,0.15038592259634118,mixture,36
mixture,0.005000000000000003,6812.76745654494,13631.53491308988,13646.258178926826,8.143768481287527,0.0024664867116427638,0.16267224393363225,mixture,36
mixture,0.0047500000000000025,6813.2063106280075,13632.412621256015,13647.135887092962,7.6301919572671295,0.002484858044549762,0.17403692738525817,mixture,36
mixture,0.004500000000000002,6813.623024609878,13633.246049219755,13647.969315056702,7.177908515064233,0.0024993927491351363,0.18512419037813654,mixture,36
mixture,0.004250000000000002,6814.026410345054,13634.052820690107,13648.776086527054,6.765345209106311,0.0025114965875054377,0.19627933222979443,mixture,36
mixture,0.004000000000000002,6814.423038727393,13634.846077454786,13649.569343291732,6.380510414568419,0.0025218986663474254,0.20774219875938282,mixture,36
mixture,0.0037500000000000016,6814.818411155288,13635.636822310576,13650.360088147523,6.0163140789237985,0.00253103833252744,0.21969437625146757,mixture,36
mixture,0.0035000000000000014,6815.217593912689,13636.435187825378,13651.158453662325,5.667201978305329,0.002539239927480942,0.23234738369410027,mixture,36
mixture,0.003250000000000001,6815.625644415209,13637.251288830417,13651.974554667364,5.329599281514562,0.0025467220633677338,0.24590169814850937,mixture,36
mixture,0.003000000000000001,6816.047968405579,13638.095936811158,13652.819202648105,5.000400603649496,0.0025536423724626025,0.26061216478373667,mixture,36
mixture,0.0027500000000000007,6816.598377011562,13639.196754023124,13653.92001986007,4.412261083546491,0.0025825262790519243,0.2979166933928412,mixture,36
mixture,0.0025000000000000005,6816.963545524308,13639.927091048616,13654.650356885562,4.320961991183124,0.0025697140178930567,0.29793096247108275,mixture,36
mixture,0.0022500000000000003,6817.540328932519,13641.080657865037,13655.803923701984,4.2296985748889,0.0025540167207525814,0.29794847951781045,mixture,36
mixture,0.002,6818.386306691891,13642.772613383782,13657.495879220729,4.114824442894255,0.0025375629858944396,0.3,mixture,36
mixture,0.1,6824.7040827846395,13655.408165569279,13670.131431406226,40.15516666690607,0.0026930174527071337,0.2978062854528822,mixture,36
mixture,0.15000000000000002,6825.019612134001,13656.039224268003,13670.76249010495,58.54680358956653,0.002693356110711731,0.29780619086338045,mixture,36
mixture,0.2,6825.181513216916,13656.363026433832,13671.086292270778,76.93895240467185,0.0026935068753540905,0.2978061679706659,mixture,36
mixture,0.25,6825.2800154180495,13656.560030836099,13671.283296673046,95.33131389705503,0.002693591164969371,0.2978061623767958,mixture,36
mixture,0.3,6825.346259982433,13656.692519964867,13671.415785801813,113.7237886978339,0.0026936446193336966,0.29780616223579,mixture,36
mixture,0.35000000000000003,6825.393862797133,13656.787725594266,13671.510991431212,132.11632470470667,0.002693681533176136,0.2978061638430001,mixture,36
mixture,0.4,6825.429722055086,13656.859444110172,13671.582709947119,150.50890739827076,0.0026937083722651093,0.29780616614510214,mixture,36
mixture,0.45,6825.457706219056,13656.915412438111,13671.638678275058,168.90151572265552,0.002693728834225859,0.29780616849794805,mixture,36
mixture,0.5,6825.480152785215,13656.96030557043,13671.683571407377,187.294176564558,0.0026937444418768364,0.29780617107443597,mixture,36
null,,6825.581818739465,13653.16363747893,13658.071392757913,371.2207483345188,0.002693814945652952,,mixture,36
sum,,6857.218417597823,13716.436835195645,13721.344590474628,543.4527498383279,0.0036801727484035754,,mixture,36
mixture,0.010000000000000007,6732.10145586625,13470.2029117325,13484.926177569447,70.43950615933106,0.0008893552584618824,0.016724270924986025,mixture,37
mixture,0.009750000000000007,6732.861033410561,13471.722066821121,13486.445332658068,77.92505002507414,0.0007487882293276008,0.015257146197085495,mixture,37
mixture,0.009500000000000007,6734.0956492627265,13474.191298525453,13488.9145643624,77.38705507458951,0.0007389595375396184,0.015349178365986562,mixture,37
mixture,0.009250000000000006,6735.397154705904,13476.794309411807,13491.517575248754,76.80382569806365,0.0007294602226860723,0.015450722123407363,mixture,37
mixture,0.009000000000000006,6738.463706212886,13482.927412425772,13497.650678262718,61.56631579463906,0.0009857623054815947,0.018899112116389716,mixture,37
mixture,0.008500000000000006,6744.176755989858,13494.353511979716,13509.076777816663,53.7023157630584,0.0011382713713193949,0.021444861462856128,mixture,37
mixture,0.008750000000000006,6744.827709146969,13495.655418293938,13510.378684130885,51.779573953941444,0.0012373996509160803,0.022171501594505726,mixture,37
mixture,0.008250000000000006,6745.702332778672,13497.404665557344,13512.12793139429,53.19374007793895,0.0011243226340157582,0.021627491390829073,mixture,37
mixture,0.007750000000000005,6745.876118731387,13497.752237462773,13512.47550329972,61.79496666467959,0.0008644618735244059,0.0187819947692467,mixture,37
mixture,0.008000000000000005,6749.687381556809,13505.374763113618,13520.098028950564,49.47854484265795,0.0012166883601191253,0.023121753955369154,mixture,37
mixture,0.007250000000000005,6750.623199286496,13507.246398572992,13521.969664409939,57.06310872402081,0.0009146992796826303,0.02020371347022084,mixture,37
mixture,0.007500000000000005,6751.358878365043,13508.717756730086,13523.441022567033,50.706870783902936,0.0011073805145611717,0.02259063684759108,mixture,37
mixture,0.006750000000000004,6753.528967854725,13513.05793570945,13527.781201546397,67.73634847151672,0.0006562908687869186,0.017288563311414894,mixture,37
mixture,0.006500000000000004,6756.0543552540585,13518.108710508117,13532.831976345064,66.4709741124301,0.0006515380985463943,0.017585757377924654,mixture,37
mixture,0.0070000000000000045,6758.312672973503,13522.625345947006,13537.348611783953,45.30241202566123,0.0012190972100251524,0.02510082156445657,mixture,37
mixture,0.006250000000000004,6758.760536717831,13523.521073435662,13538.244339272609,65.13867190382004,0.0006472843620761381,0.01791090886609975,mixture,37
mixture,0.006000000000000004,6773.509991842332,13553.019983684664,13567.74324952161,14.183745284491106,0.002234293926555738,0.08644731250751829,mixture,37
mixture,0.005750000000000003,6774.81864548361,13555.63729096722,13570.360556804168,12.217579068208783,0.002353898382964474,0.10171539874012431,mixture,37
mixture,0.005500000000000003,6775.81118154969,13557.62236309938,13572.345628936328,10.314888791195406,0.002468905629227852,0.12297239109162372,mixture,37
mixture,0.005250000000000003,6776.650471747411,13559.300943494822,13574.024209331768,9.273002725579802,0.002525096003902039,0.13827737598718728,mixture,37
mixture,0.005000000000000003,6777.410404985346,13560.820809970692,13575.544075807638,8.505150547543384,0.0025628382456532872,0.15181131745598833,mixture,37
mixture,0.0047500000000000025,6778.121750146904,13562.243500293807,13576.966766130754,7.874291276912098,0.0025912252678216064,0.16474426009371076,mixture,37
mixture,0.004500000000000002,6778.802669445877,13563.605338891753,13578.3286047287,7.329616721465976,0.002613791976229039,0.177514895402599,mixture,37
mixture,0.004250000000000002,6779.465995777595,13564.93199155519,13579.655257392136,6.843788915130986,0.0026324216790350337,0.19041723941384645,mixture,37
mixture,0.004000000000000002,6780.121989994723,13566.243979989446,13580.967245826392,6.400655556467016,0.002648258983196025,0.20367143265161072,mixture,37
mixture,0.0037500000000000016,6780.779666121807,13567.559332243614,13582.282598080561,5.989647214304743,0.0026618597451499673,0.2174811044736415,mixture,37
mixture,0.0035000000000000014,6781.447549353297,13568.895098706595,13583.618364543541,5.602305079576984,0.0026738968778945546,0.23210291585682047,mixture,37
mixture,0.003250000000000001,6782.134168306091,13570.268336612182,13584.991602449129,5.232993820934033,0.0026847457588702424,0.24779668597086768,mixture,37
mixture,0.003000000000000001,6783.049585037199,13572.099170074398,13586.822435911345,4.4467352699526375,0.0027310165260306172,0.2977680953264961,mixture,37
mixture,0.0027500000000000007,6783.633764376203,13573.267528752405,13587.990794589352,4.360251993730713,0.002719231039551326,0.2977810858132723,mixture,37
mixture,0.05,6783.735516113871,13573.471032227742,13588.194298064689,20.757098329040193,0.002846496023941741,0.29765237854393645,mixture,37
mixture,0.1,6784.166216887333,13574.332433774665,13589.055699611612,38.12341895721895,0.002849024159401224,0.29765039722446435,mixture,37
mixture,0.15000000000000002,6784.321290759062,13574.642581518125,13589.365847355071,55.49067702941143,0.002849816267732109,0.29764980904402694,mixture,37
mixture,0.2,6784.401101236797,13574.802202473595,13589.525468310541,72.85819123584928,0.0028502019430777,0.2976495297259596,mixture,37
mixture,0.0025000000000000005,6784.410053564454,13574.820107128908,13589.543372965854,4.273744620076137,0.002705217475757924,0.29779635168363133,mixture,37
mixture,0.25,6784.449730939385,13574.89946187877,13589.622727715716,90.2258134710117,0.0028504298451304563,0.29764936709220835,mixture,37
mixture,0.3,6784.482464282695,13574.96492856539,13589.688194402337,107.59349511739283,0.002850580173815301,0.29764926090033245,mixture,37
mixture,0.35000000000000003,6784.506000025583,13575.012000051165,13589.735265888112,124.96121287620993,0.0028506867145373206,0.2976491862014306,mixture,37
mixture,0.4,6784.523736949128,13575.047473898256,13589.770739735202,142.32896031924724,0.0028507660178157196,0.2976491309592748,mixture,37
mixture,0.45,6784.537582981129,13575.075165962258,13589.798431799205,159.69673613991583,0.002850827186108592,0.29764908860915384,mixture,37
mixture,0.5,6784.548691805998,13575.097383611996,13589.820649448942,177.06436955023472,0.002850878437403827,0.2976490389843344,mixture,37
mixture,0.0022500000000000003,6784.598924696498,13575.197849392996,13589.921115229943,349.96037381829547,0.299999999929768,0.0028510981753447824,mixture,37
mixture,0.002,6784.598937047835,13575.19787409567,13589.921139932616,350.04722428605317,0.29999999993585746,0.0028510981892708857,mixture,37
null,,6784.599035637446,13571.198071274892,13576.105826553874,350.7419971468183,0.0028510985514557776,,mixture,37
sum,,6813.65772865757,13629.31545731514,13634.223212594123,514.9966117701631,0.0038835206956518314,,mixture,37
mixture,0.05,6718.6639289715995,13443.327857943199,13458.051123780146,115.98506771212374,0.0014839670958093772,0.01154431339291697,mixture,38
mixture,0.010000000000000007,6746.94821255626,13499.89642511252,13514.619690949467,66.80054578496954,0.0009956201277278142,0.017442919337123736,mixture,38
mixture,0.009750000000000007,6748.125581871764,13502.251163743527,13516.974429580474,66.08158639142825,0.0009878061338895682,0.017616587027133507,mixture,38
mixture,0.009500000000000007,6749.402044740785,13504.80408948157,13519.527355318516,65.24834899395658,0.0009817010139812653,0.017823958883399254,mixture,38
mixture,0.009250000000000006,6750.7843666535655,13507.568733307131,13522.291999144078,64.28877497926834,0.0009775042825071296,0.01807083850689488,mixture,38
mixture,0.008000000000000005,6752.006128181112,13510.012256362224,13524.735522199171,89.58527147474341,0.0005,0.0134809586228201,mixture,38
mixture,0.009000000000000006,6752.278989695436,13510.557979390873,13525.28124522782,63.18993709644672,0.0009754264677994654,0.018364365580391083,mixture,38
mixture,0.008750000000000006,6753.893803722345,13513.78760744469,13528.510873281637,61.935927622844865,0.0009757676871143002,0.018713906970426346,mixture,38
mixture,0.008500000000000006,6755.638616336799,13517.277232673598,13532.000498510544,60.50286450708683,0.0009789975245588153,0.019133349521895247,mixture,38
mixture,0.008250000000000006,6757.525717367706,13521.051434735413,13535.77470057236,58.854100120551365,0.0009858614697934819,0.019644143615276628,mixture,38
mixture,0.007750000000000005,6764.2540575923595,13534.508115184719,13549.231381021666,46.10383599389031,0.0012017753926766132,0.025022037796005477,mixture,38
mixture,0.007500000000000005,6766.352441592111,13538.704883184222,13553.428149021169,25.52079291720522,0.0017358757990119961,0.04681557994566129,mixture,38
mixture,0.007250000000000005,6767.6164921479285,13541.232984295857,13555.956250132804,22.18997251090927,0.0018660181585506057,0.05423472212453439,mixture,38
mixture,0.0070000000000000045,6768.8159845979735,13543.631969195947,13558.355235032894,20.321339991773247,0.0019368683268693222,0.059435244917944635,mixture,38
mixture,0.006750000000000004,6769.983707275005,13545.96741455001,13560.690680386957,18.891639015142754,0.001989787868549211,0.06408346649159148,mixture,38
mixture,0.006500000000000004,6771.134641337287,13548.269282674573,13562.99254851152,17.699973102294194,0.002032920430429925,0.06850494587370287,mixture,38
mixture,0.006250000000000004,6772.2788878514,13550.5577757028,13565.281041539747,16.661796013874497,0.0020696896616690438,0.07284478605668077,mixture,38
mixture,0.006000000000000004,6773.424315102769,13552.848630205537,13567.571896042484,15.732957714325362,0.00210187476041055,0.07718372114965258,mixture,38
mixture,0.005750000000000003,6774.577559710131,13555.155119420262,13569.878385257209,14.879316911727084,0.002130846098045669,0.08162396896650012,mixture,38
mixture,0.005500000000000003,6775.744523744894,13557.489047489787,13572.212313326734,14.088333495600493,0.0021573246062600113,0.08618687858751979,mixture,38
mixture,0.005250000000000003,6776.930646083441,13559.861292166883,13574.58455800383,13.340797307780615,0.0021820588772369573,0.0909709223462353,mixture,38
mixture,0.005000000000000003,6778.141080090887,13562.282160181774,13577.00542601872,12.62826083514368,0.002205495388693734,0.0960313804242367,mixture,38
mixture,0.0047500000000000025,6779.380813270183,13564.761626540367,13579.484892377313,11.943799509333,0.0022280068674305825,0.1014334793462873,mixture,38
mixture,0.004500000000000002,6780.654765805739,13567.309531611478,13582.032797448424,11.2798120624877,0.0022499564240312793,0.10727632721860542,mixture,38
mixture,0.004250000000000002,6781.967899484483,13569.935798968965,13584.659064805912,10.632212563342671,0.002271609856387486,0.11365331966319496,mixture,38
mixture,0.004000000000000002,6783.325357078209,13572.650714156418,13587.373979993365,10.000870092163694,0.002293020207755937,0.1206330200774417,mixture,38
mixture,0.0037500000000000016,6784.73268717996,13575.46537435992,13590.188640196866,9.379994345488631,0.0023144780944999023,0.12838672483785551,mixture,38
mixture,0.0035000000000000014,6786.19616025052,13578.39232050104,13593.115586337986,8.769399799157217,0.0023360212256890137,0.1370489296145799,mixture,38
mixture,0.003250000000000001,6787.723212231445,13581.44642446289,13596.169690299837,8.168286005556375,0.0023576939375863754,0.1468006429026242,mixture,38
mixture,0.003000000000000001,6789.322980356963,13584.645960713926,13599.369226550873,7.575904357386564,0.0023795394680773993,0.1578741631145707,mixture,38
mixture,0.0027500000000000007,6791.006876363956,13588.013752727911,13602.737018564858,6.991411335807594,0.0024016244379666584,0.17057642502319484,mixture,38
mixture,0.0025000000000000005,6792.789124049567,13591.578248099135,13606.301513936081,6.412809461398754,0.002424135320163088,0.18535676370034412,mixture,38
mixture,0.0022500000000000003,6794.687222744598,13595.374445489197,13610.097711326143,5.837932610894234,0.0024473291367223425,0.20285396303816675,mixture,38
mixture,0.002,6796.72236836328,13599.44473672656,13614.168002563507,5.263726105982635,0.002471640435987949,0.22404074270239172,mixture,38
mixture,0.1,6806.38583356617,13618.77166713234,13633.494932969286,39.21322010308913,0.002763163119397235,0.29773598160409354,mixture,38
mixture,0.15000000000000002,6806.686988891329,13619.373977782658,13634.097243619604,57.13252795426638,0.0027635684990066616,0.29773587896648507,mixture,38
mixture,0.2,6806.841225245607,13619.682450491215,13634.405716328161,75.0522645544003,0.0027637548289523636,0.29773584971710865,mixture,38
mixture,0.25,6806.934971374481,13619.869942748963,13634.59320858591,92.97218069379845,0.002763861147071973,0.29773583957410377,mixture,38
mixture,0.3,6806.997978673762,13619.995957347524,13634.719223184471,110.89219005736811,0.002763929654850356,0.29773583602298737,mixture,38
mixture,0.35000000000000003,6807.043236229629,13620.086472459257,13634.809738296204,128.81225721409677,0.002763977329064263,0.2977358351812413,mixture,38
mixture,0.4,6807.07731840891,13620.15463681782,13634.877902654767,146.7323605309548,0.002764012394999466,0.29773583549242116,mixture,38
mixture,0.45,6807.103909597907,13620.207819195813,13634.93108503276,164.65249105200164,0.0027640392072054293,0.2977358363619927,mixture,38
mixture,0.5,6807.125234950899,13620.250469901797,13634.973735738744,182.57269903034344,0.0027640594737352274,0.2977358380749174,mixture,38
null,,6807.221779744009,13616.443559488018,13621.351314767,361.77422850361853,0.0027641548822762477,,mixture,38
sum,,6838.724179266216,13679.448358532432,13684.356113811415,530.7018232786845,0.003768594552104546,,mixture,38
mixture,0.010000000000000007,6654.283954849746,13314.567909699492,13329.291175536438,84.25335776746338,0.0007456262866683423,0.013974797538535385,mixture,39
mixture,0.009750000000000007,6655.201302337775,13316.40260467555,13331.125870512496,83.97276784613462,0.0007325498685149355,0.014013680229305214,mixture,39
mixture,0.009500000000000007,6656.173497324058,13318.346994648116,13333.070260485063,83.65475119166604,0.0007196323850348497,0.014058905016718883,mixture,39
mixture,0.009250000000000006,6657.205190917697,13320.410381835394,13335.13364767234,83.29609439886,0.0007069040650427,0.0141110633374116,mixture,39
mixture,0.009000000000000006,6660.576165361479,13327.152330722958,13341.875596559905,69.72180249791975,0.000942170084155918,0.016470169423775546,mixture,39
mixture,0.008250000000000006,6662.038995308931,13330.077990617861,13344.801256454808,81.38687034248129,0.000658515217929767,0.014402685509701656,mixture,39
mixture,0.008500000000000006,6663.060505140476,13332.121010280953,13346.8442761179,68.83348271383659,0.0009168005070935958,0.016646489092241295,mixture,39
mixture,0.008000000000000005,6666.258275023894,13338.516550047789,13353.239815884735,66.99661334782735,0.0009108810529270124,0.017040601396637028,mixture,39
mixture,0.007750000000000005,6667.578427569015,13341.15685513803,13355.880120974976,66.9653293896766,0.0008862911852429043,0.017042812315502594,mixture,39
mixture,0.007500000000000005,6668.960220765835,13343.92044153167,13358.643707368617,67.027869776819,0.0008591014153576488,0.017024650960659235,mixture,39
mixture,0.008750000000000006,6669.070165089678,13344.140330179356,13358.863596016303,60.83301012855391,0.0011814559348690273,0.018553390026497394,mixture,39
mixture,0.007250000000000005,6670.381398087464,13346.762796174928,13361.486062011874,67.28322424967476,0.0008272161544724831,0.01696460789125139,mixture,39
mixture,0.006750000000000004,6672.275843792242,13350.551687584484,13365.27495342143,76.76268810838664,0.0005964034518188817,0.015176901744721501,mixture,39
mixture,0.006500000000000004,6674.472049684993,13354.944099369986,13369.667365206933,75.76077241060896,0.0005874713739247836,0.015356340478115592,mixture,39
mixture,0.0070000000000000045,6675.922642002595,13357.84528400519,13372.568549842137,60.318123462111274,0.0009697449845878013,0.0187006597487409,mixture,39
mixture,0.005500000000000003,6685.2930415854225,13376.586083170845,13391.309349007792,70.99978845180595,0.0005561352175565751,0.016273903688870044,mixture,39
mixture,0.005250000000000003,6688.635146641276,13383.270293282552,13397.993559119499,69.61450804479686,0.0005494168384539283,0.01656290140853993,mixture,39
mixture,0.005000000000000003,6692.29790535141,13390.59581070282,13405.319076539767,68.14676102057854,0.0005431347932225325,0.01688130435775291,mixture,39
mixture,0.006250000000000004,6693.171971244759,13392.343942489519,13407.067208326465,50.888903599399164,0.001192505038627572,0.021769925933869033,mixture,39
mixture,0.25,6693.194914366362,13392.389828732725,13407.113094569671,143.65158791962364,0.002601479781728664,0.015772062558294244,mixture,39
mixture,0.0047500000000000025,6696.324254199123,13398.648508398246,13413.371774235193,66.59147224951029,0.0005373348943965494,0.017233304423256712,mixture,39
mixture,0.005750000000000003,6696.4682534145195,13398.936506829039,13413.659772665986,49.623849581052575,0.0011319035797562832,0.022320671098901023,mixture,39
mixture,0.006000000000000004,6696.992599543105,13399.98519908621,13414.708464923156,49.50797873317146,0.0012039505867100404,0.022324844888776983,mixture,39
mixture,0.004500000000000002,6700.764920791702,13407.529841583404,13422.25310742035,64.94130308471168,0.0005320461267570575,0.017624650422122464,mixture,39
mixture,0.004250000000000002,6708.964517344426,13423.929034688852,13438.652300525799,53.187967748690845,0.0007473093622709516,0.02096276131238233,mixture,39
mixture,0.004000000000000002,6726.96029836044,13459.92059672088,13474.643862557827,8.8600402699211,0.0025648494883890906,0.13642911325417542,mixture,39
mixture,0.0037500000000000016,6728.271816984103,13462.543633968206,13477.266899805152,7.275662063846281,0.002689088530514414,0.16939750164997827,mixture,39
mixture,0.0035000000000000014,6729.3565529244015,13464.713105848803,13479.43637168575,6.433637840653201,0.002745005075416871,0.1931727661347879,mixture,39
mixture,0.003250000000000001,6730.33751106258,13466.67502212516,13481.398287962107,5.7991281739855385,0.002782220567565364,0.21523445383713355,mixture,39
mixture,0.003000000000000001,6731.261785450248,13468.523570900496,13483.246836737442,5.265953308770625,0.002810513025273359,0.23746392166589145,mixture,39
mixture,0.0027500000000000007,6732.410027044836,13470.820054089672,13485.543319926619,4.304221527485372,0.002884335495830549,0.2976158780589271,mixture,39
mixture,0.0025000000000000005,6733.059597896914,13472.119195793828,13486.842461630775,4.222988867392424,0.0028684741766096564,0.29763277875938743,mixture,39
mixture,0.0022500000000000003,6733.980949123103,13473.961898246205,13488.685164083152,4.1417194918823785,0.0028493115028922727,0.2976532268858798,mixture,39
mixture,0.002,6735.2481664091565,13476.496332818313,13491.21959865526,4.033508139298782,0.0028294887572915873,0.3,mixture,39
mixture,0.05,6737.025023204862,13480.050046409724,13494.77331224667,19.721279108809153,0.003025221979142866,0.2974730772532761,mixture,39
mixture,0.1,6737.850652224341,13481.701304448681,13496.424570285628,36.05744746394858,0.003027371982452931,0.2974717430996954,mixture,39
mixture,0.15000000000000002,6738.14720249581,13482.29440499162,13497.017670828567,52.39519590746642,0.0030279920507345517,0.29747143207367044,mixture,39
mixture,0.2,6738.2997640379635,13482.599528075927,13497.322793912874,68.73338970188368,0.003028281667331866,0.2974713046762272,mixture,39
mixture,0.3,6738.4552741398,13482.9105482796,13497.633814116547,101.40861462079324,0.003028607089490133,0.2974701597179832,mixture,39
mixture,0.35000000000000003,6738.500259833803,13483.000519667607,13497.723785504553,117.74801119015197,0.0030286530315324937,0.29747096252325633,mixture,39
mixture,0.4,6738.534161041397,13483.068322082794,13497.79158791974,134.08603138909973,0.0030287191973467015,0.2974709691832557,mixture,39
mixture,0.45,6738.560625847982,13483.121251695964,13497.84451753291,150.42577255428913,0.003028735562697843,0.2974711087459951,mixture,39
mixture,0.5,6738.581859041537,13483.163718083075,13497.886983920022,166.76434821704171,0.003028770056384813,0.29747110183881226,mixture,39
null,,6738.67808956467,13479.35617912934,13484.263934408322,330.1505102640846,0.003028921564289295,,mixture,39
sum,,6772.964948264595,13547.92989652919,13552.837651808171,489.0293904490285,0.004089733744148983,,mixture,39
mixture,0.05,6722.5312328512555,13451.062465702511,13465.785731539458,96.5613823436023,0.0016499887326638246,0.014337859872688595,mixture,40
mixture,0.009750000000000007,6737.9265794231,13481.8531588462,13496.576424683146,59.175044370726354,0.0009623195599906852,0.020191351480893342,mixture,40
mixture,0.010000000000000007,6738.45589574605,13482.9117914921,13497.635057329047,49.709952186033206,0.001240355620301262,0.02377079295489904,mixture,40
mixture,0.009500000000000007,6738.892673703878,13483.785347407756,13498.508613244703,58.71992874425964,0.0009524211818160103,0.020319886889404157,mixture,40
mixture,0.009250000000000006,6739.9123829649725,13485.824765929945,13500.548031766892,58.24692948723347,0.0009424926229331524,0.02045629289246947,mixture,40
mixture,0.009000000000000006,6740.989687473037,13487.979374946073,13502.70264078302,57.751989406753495,0.0009325801063497652,0.020602334973682492,mixture,40
mixture,0.008750000000000006,6742.12896911983,13490.25793823966,13504.981204076606,57.2296331213104,0.0009227704530810277,0.0207603282562098,mixture,40
mixture,0.008500000000000006,6743.335061537055,13492.67012307411,13507.393388911056,56.68433052656407,0.0009129879389156902,0.020929095468873074,mixture,40
mixture,0.008250000000000006,6744.613307206562,13495.226614413124,13509.949880250071,56.10322111647952,0.000903439267488981,0.021113889091831987,mixture,40
mixture,0.008000000000000005,6745.969622927823,13497.939245855647,13512.662511692593,55.490118716345165,0.0008940514445099793,0.021314041713528777,mixture,40
mixture,0.007750000000000005,6747.410574243143,13500.821148486286,13515.544414323233,54.83881147115514,0.0008849354534050764,0.021532684158312897,mixture,40
mixture,0.007500000000000005,6748.9434605975075,13503.886921195015,13518.610187031962,54.1437402584707,0.0008761926958517404,0.021773000393875176,mixture,40
mixture,0.007250000000000005,6750.576412750632,13507.152825501264,13521.87609133821,53.40476438960187,0.0008678084576240105,0.022036437030627392,mixture,40
mixture,0.0070000000000000045,6752.318498333101,13510.636996666202,13525.360262503149,52.59603256728609,0.0008602813667957742,0.02233510493226129,mixture,40
mixture,0.006750000000000004,6754.179852835521,13514.359705671042,13529.082971507989,51.72620014245102,0.0008534829271279538,0.022667919872684388,mixture,40
mixture,0.006500000000000004,6756.171807304883,13518.343614609767,13533.066880446713,50.78614518577741,0.0008475941432520422,0.02304175224850263,mixture,40
mixture,0.006250000000000004,6758.307034992883,13522.614069985766,13537.337335822713,49.762716173963724,0.000842919866909869,0.023466271792879568,mixture,40
mixture,0.006000000000000004,6761.26757060182,13528.53514120364,13543.258407040586,39.34664439763796,0.0010965892818666605,0.02934305762923865,mixture,40
mixture,0.005750000000000003,6763.065522937002,13532.131045874004,13546.854311710951,47.38704888353452,0.0008391499137195723,0.024528260347914495,mixture,40
mixture,0.005500000000000003,6765.721861953979,13537.443723907958,13552.166989744905,45.97453171985889,0.0008416444293759522,0.025215705463542758,mixture,40
mixture,0.005250000000000003,6768.587288231054,13543.174576462108,13557.897842299055,44.32682062060663,0.0008494302828487831,0.02607729750061426,mixture,40
mixture,0.005000000000000003,6771.6800969627875,13549.360193925575,13564.083459762522,42.26878116111414,0.0008675031402137089,0.027256455631505108,mixture,40
mixture,0.0047500000000000025,6774.697315628593,13555.394631257186,13570.117897094133,23.45189590699347,0.001494012964004778,0.049093504551397056,mixture,40
mixture,0.004500000000000002,6777.421207916945,13560.84241583389,13575.565681670836,20.590638977631745,0.0016051084766439047,0.05596755804497466,mixture,40
mixture,0.004250000000000002,6780.163520674569,13566.327041349137,13581.050307186084,18.20385568074702,0.0017050730708552944,0.06337797557989366,mixture,40
mixture,0.004000000000000002,6782.905442039429,13571.810884078857,13586.534149915804,16.007745885853428,0.0018068024191798318,0.0722058819662344,mixture,40
mixture,0.0037500000000000016,6785.600985653122,13577.201971306244,13591.92523714319,13.920939734037026,0.0019149044994781245,0.08328026851182613,mixture,40
mixture,0.0035000000000000014,6788.185175866596,13582.370351733192,13597.093617570139,11.9921586864798,0.002025541012493514,0.09708477490450843,mixture,40
mixture,0.003250000000000001,6790.608515664826,13587.217031329652,13601.940297166599,10.342761474494798,0.002126111295172676,0.11308522091140465,mixture,40
mixture,0.003000000000000001,6792.872441404671,13591.744882809342,13606.468148646289,9.01059137336285,0.0022082892450112374,0.13029147928000073,mixture,40
mixture,0.0027500000000000007,6795.014212984985,13596.02842596997,13610.751691806916,7.929989673414389,0.0022734239443449092,0.14839233770120047,mixture,40
mixture,0.0025000000000000005,6797.081162722881,13600.162325445763,13614.88559128271,7.026201017983881,0.0023256320151795063,0.1676125667914405,mixture,40
mixture,0.0022500000000000003,6799.122237487215,13604.24447497443,13618.967740811377,6.245937676432573,0.002368379849993142,0.1883997083548326,mixture,40
mixture,0.002,6801.188259277191,13608.376518554382,13623.099784391328,5.550949847484619,0.0024043983166508283,0.21147916924626248,mixture,40
mixture,0.1,6817.467463045856,13640.934926091712,13655.658191928658,39.78176373307969,0.0027203937739151054,0.297778621093677,mixture,40
mixture,0.15000000000000002,6817.852563289193,13641.705126578387,13656.428392415333,57.989584308602666,0.0027205891670492536,0.297778774620462,mixture,40
mixture,0.2,6818.0493031469705,13642.098606293941,13656.821872130888,76.19793120500212,0.0027206674181835828,0.29777887726410224,mixture,40
mixture,0.25,6818.168722450253,13642.337444900506,13657.060710737453,94.40649457226321,0.0027207079730854795,0.29777894742221395,mixture,40
mixture,0.3,6818.248916703917,13642.497833407833,13657.22109924478,112.61517173634202,0.0027207322082387565,0.29777899795220936,mixture,40
mixture,0.35000000000000003,6818.306485741411,13642.612971482822,13657.336237319769,130.82391524217348,0.0027207481193538092,0.2977790359375857,mixture,40
mixture,0.4,6818.349820741352,13642.699641482704,13657.422907319651,149.0327025178488,0.002720759244636701,0.2977790655299868,mixture,40
mixture,0.45,6818.383619960975,13642.76723992195,13657.490505758897,167.24152453561018,0.002720767327327784,0.2977790892949031,mixture,40
mixture,0.5,6818.410718919402,13642.821437838804,13657.54470367575,185.45039938945337,0.0027207730120113057,0.29777910888073544,mixture,40
null,,6818.533324004735,13639.06664800947,13643.974403288452,367.5390072075189,0.0027207996440916067,,mixture,40
sum,,6849.5282457710155,13701.056491542031,13705.964246821013,537.6894653786184,0.003719619090159566,,mixture,40
mixture,0.010000000000000007,6725.801253635781,13457.602507271562,13472.325773108509,83.44554344521488,0.0006544518862881925,0.014523458614253323,mixture,41
mixture,0.009750000000000007,6726.766388607319,13459.532777214637,13474.256043051584,82.83931180689913,0.0006459586771436874,0.014617214159083503,mixture,41
mixture,0.009500000000000007,6727.792244934797,13461.584489869594,13476.30775570654,82.19115003104176,0.000637702597950529,0.014719010975629408,mixture,41
mixture,0.009250000000000006,6728.883664284426,13463.767328568852,13478.4905944058,81.50167422093828,0.0006296731530454103,0.01482903099091581,mixture,41
mixture,0.009000000000000006,6730.045958776032,13466.091917552065,13480.815183389012,80.7675488230854,0.0006219009108219274,0.014948158852345137,mixture,41
mixture,0.008750000000000006,6731.284965280664,13468.569930561329,13483.293196398276,79.98472462383333,0.0006144261946470979,0.015077468454103918,mixture,41
mixture,0.008500000000000006,6732.60710802818,13471.21421605636,13485.937481893307,79.15413520057211,0.0006072332443638228,0.01521727340065133,mixture,41
mixture,0.008250000000000006,6734.019470303187,13474.038940606373,13488.76220644332,78.2740938980196,0.0006003390466632651,0.015368377888183668,mixture,41
mixture,0.007750000000000005,6737.146995033615,13480.29399006723,13495.017255904177,76.35608167807789,0.0005875143319499388,0.015708879113404916,mixture,41
mixture,0.008000000000000005,6740.407299699911,13486.814599399822,13501.537865236769,59.49234254185573,0.0009461012943686691,0.01943703590626433,mixture,41
mixture,0.007500000000000005,6741.463595712555,13488.92719142511,13503.650457262056,62.42944900977492,0.0008232420873776559,0.01861433306125565,mixture,41
mixture,0.0070000000000000045,6742.740337595161,13491.480675190322,13506.203941027268,73.05790247523936,0.0005709006039711576,0.01633315727307769,mixture,41
mixture,0.006750000000000004,6744.8920862075765,13495.784172415153,13510.5074382521,71.83822892852643,0.0005661209144482388,0.01657765692022802,mixture,41
mixture,0.006500000000000004,6747.211141566588,13500.422283133175,13515.145548970122,70.55425026176746,0.0005617550119596336,0.01684373070926093,mixture,41
mixture,0.007250000000000005,6747.661656543471,13501.323313086941,13516.046578923888,54.23151728991896,0.0009980468984933637,0.0211370330947478,mixture,41
mixture,0.006250000000000004,6749.71437875407,13505.42875750814,13520.152023345086,69.20283444405564,0.0005578374271135514,0.017133959431996835,mixture,41
mixture,0.006000000000000004,6752.420859186751,13510.841718373502,13525.564984210449,67.77948147286186,0.0005544048566345269,0.017451741799434102,mixture,41
mixture,0.005750000000000003,6755.3521868559155,13516.704373711831,13531.427639548778,66.28071239418404,0.0005514953424265988,0.0178007099788768,mixture,41
mixture,0.005500000000000003,6758.53293153204,13523.06586306408,13537.789128901026,64.70104356192029,0.0005491700897700502,0.018185664448776458,mixture,41
mixture,0.005250000000000003,6761.991131329589,13529.982262659178,13544.705528496124,63.03340815721617,0.0005475095199949546,0.018612754745653673,mixture,41
mixture,0.005000000000000003,6765.758887866525,13537.51777573305,13552.241041569996,61.26969911934541,0.0005466262394882854,0.019089578218554344,mixture,41
mixture,0.0047500000000000025,6774.869982923252,13555.739965846504,13570.46323168345,44.500924987097946,0.0008925751433227685,0.025402480843381925,mixture,41
mixture,0.004250000000000002,6779.316995836706,13564.633991673412,13579.357257510359,55.28558849376303,0.0005503346433374103,0.02093538456921501,mixture,41
mixture,0.004500000000000002,6780.090042866368,13566.180085732736,13580.903351569683,41.520564741095015,0.0009333950527199687,0.027125743435519215,mixture,41
mixture,0.004000000000000002,6784.752219980346,13575.504439960692,13590.227705797639,53.00578932387267,0.0005546280019716656,0.021749693806909526,mixture,41
mixture,0.0037500000000000016,6805.945536176996,13617.891072353992,13632.614338190939,8.176029633588078,0.0023807884056834014,0.15092590509469614,mixture,41
mixture,0.0035000000000000014,6806.981977450359,13619.963954900719,13634.687220737665,6.6998556413110135,0.002481817576749468,0.1883885756262392,mixture,41
mixture,0.003250000000000001,6807.837312398834,13621.674624797668,13636.397890634615,6.01759749883927,0.002516680826002812,0.21089819301713777,mixture,41
mixture,0.003000000000000001,6808.637959420529,13623.275918841058,13637.999184678005,5.502978822973133,0.002538114082469336,0.23073368757614118,mixture,41
mixture,0.0027500000000000007,6809.4293362205635,13624.858672441127,13639.581938278074,5.062776696613758,0.002553633935305312,0.25019569203495184,mixture,41
mixture,0.0025000000000000005,6810.4162594946665,13626.832518989333,13641.55578482628,4.310434034893228,0.002598761168420567,0.2979001660417924,mixture,41
mixture,0.0022500000000000003,6811.101408142242,13628.202816284484,13642.92608212143,4.220173681891261,0.0025829581578214497,0.29791768764376236,mixture,41
mixture,0.002,6812.111704695071,13630.223409390142,13644.94667522709,4.129932036804741,0.002563249314169723,0.2979395843160441,mixture,41
mixture,0.05,6814.969840442829,13635.939680885658,13650.662946722605,21.5342316702587,0.0027257061634112846,0.29777189881456717,mixture,41
mixture,0.1,6815.689941616485,13637.37988323297,13652.103149069917,39.68385589772519,0.0027276640987383047,0.29777165086224355,mixture,41
mixture,0.15000000000000002,6815.946943310966,13637.893886621932,13652.617152458879,57.83633096435579,0.00272817590115141,0.29777138008712783,mixture,41
mixture,0.2,6816.078840154935,13638.15768030987,13652.880946146817,75.98920622933264,0.002728416914805241,0.29777126485067673,mixture,41
mixture,0.25,6816.159094867877,13638.318189735754,13653.0414555727,94.14225205398938,0.0027285564469446523,0.2977712025450505,mixture,41
mixture,0.3,6816.213070451965,13638.42614090393,13653.149406740877,112.29538193205848,0.0027286473838553454,0.2977711638630373,mixture,41
mixture,0.35000000000000003,6816.251858155853,13638.503716311707,13653.226982148653,130.44856695591582,0.0027287111664408238,0.2977711377962981,mixture,41
mixture,0.4,6816.2810776462065,13638.562155292413,13653.28542112936,148.60178250745813,0.0027287584355876466,0.29777111902969083,mixture,41
mixture,0.45,6816.303880589656,13638.607761179312,13653.331027016258,166.75502896990307,0.002728794689271696,0.2977711050897691,mixture,41
mixture,0.5,6816.322171444175,13638.64434288835,13653.367608725297,184.9083308317549,0.002728822867320135,0.29777109469219215,mixture,41
null,,6816.405017587745,13634.81003517549,13639.717790454471,366.44102826906976,0.002728952062828842,,mixture,41
sum,,6849.347442596474,13700.694885192948,13705.60264047193,537.3024478128006,0.0037222983221859656,,mixture,41
mixture,0.010000000000000007,6669.261750045855,13344.52350009171,13359.246765928656,86.05454335649698,0.0006891441393383538,0.01383767881586064,mixture,42
mixture,0.009500000000000007,6670.920074297476,13347.840148594953,13362.5634144319,85.2525728504215,0.0006660633216244672,0.013952735297907535,mixture,42
mixture,0.009750000000000007,6671.108950894252,13348.217901788505,13362.941167625451,73.54557786680166,0.0008694322688631847,0.01588686573358004,mixture,42
mixture,0.009250000000000006,6671.834159626493,13349.668319252985,13364.391585089932,84.76518689467238,0.0006551015901936438,0.014024299545019943,mixture,42
mixture,0.009000000000000006,6672.811487693516,13351.622975387032,13366.346241223979,84.22599568486532,0.0006444537644486908,0.01410461717996439,mixture,42
mixture,0.008750000000000006,6673.857665434298,13353.715330868596,13368.438596705542,83.61434996528692,0.0006343005907985116,0.014197296975765562,mixture,42
mixture,0.008500000000000006,6674.978879409501,13355.957758819002,13370.681024655949,82.93876747423072,0.0006245863349198993,0.014301217798894527,mixture,42
mixture,0.008250000000000006,6676.181959259373,13358.363918518746,13373.087184355692,82.19383911977759,0.0006153497493670522,0.014417730937610548,mixture,42
mixture,0.008000000000000005,6677.474455692126,13360.948911384252,13375.672177221199,81.37994865520383,0.000606583388481601,0.014547304944904508,mixture,42
mixture,0.007750000000000005,6678.864729870083,13363.729459740165,13378.452725577112,80.49178044984068,0.0005983223583215815,0.014691534058950498,mixture,42
mixture,0.007500000000000005,6680.362059096218,13366.724118192436,13381.447384029383,79.53537970202488,0.0005905059238169671,0.014850135643260782,mixture,42
mixture,0.007250000000000005,6681.976757644463,13369.953515288926,13384.676781125872,78.48515011424124,0.0005834108248171798,0.015028407624193534,mixture,42
mixture,0.0070000000000000045,6683.720328774859,13373.440657549718,13388.163923386664,77.36697638471198,0.0005767291740950988,0.015223158700610947,mixture,42
mixture,0.006750000000000004,6685.605631506506,13377.211263013012,13391.934528849959,76.16516526132476,0.0005706309946696453,0.015438442084995507,mixture,42
mixture,0.006500000000000004,6687.647089154294,13381.294178308588,13396.017444145535,74.87852611583912,0.0005651299742619188,0.015676096411761497,mixture,42
mixture,0.006250000000000004,6689.860932545842,13385.721865091684,13400.44513092863,73.50109282029901,0.0005602748129479001,0.015939311997855723,mixture,42
mixture,0.006000000000000004,6692.265491363918,13390.530982727836,13405.254248564783,72.03873482304672,0.0005559968690244849,0.016229284948134318,mixture,42
mixture,0.005750000000000003,6694.881539151942,13395.763078303884,13410.48634414083,70.48291656112072,0.0005523850080547583,0.01655055608023459,mixture,42
mixture,0.005500000000000003,6697.732707486492,13401.465414972983,13416.18868080993,68.828905943465,0.0005494877067168365,0.016907634363363386,mixture,42
mixture,0.005250000000000003,6700.845978165912,13407.691956331824,13422.415222168771,67.07003078262784,0.0005473874601260477,0.01730631507972137,mixture,42
mixture,0.005000000000000003,6704.252268547141,13414.504537094283,13429.22780293123,65.19828814696474,0.0005461645826986119,0.017754053829575824,mixture,42
mixture,0.0047500000000000025,6707.987122330023,13421.974244660047,13436.697510496993,63.20420753735243,0.000545988728876671,0.018259995616029288,mixture,42
mixture,0.004500000000000002,6712.091515874067,13430.183031748134,13444.906297585081,61.073004524082755,0.0005470447208065055,0.018837403513682217,mixture,42
mixture,0.004250000000000002,6723.80078534566,13453.60157069132,13468.324836528267,18.00174577473013,0.0018132457711876671,0.06359416696335214,mixture,42
mixture,0.004000000000000002,6726.420106832995,13458.84021366599,13473.563479502936,15.256685977564688,0.00196018833455232,0.07536282129446778,mixture,42
mixture,0.0037500000000000016,6728.9053781207795,13463.810756241559,13478.534022078506,13.256933705928988,0.0020726296705433473,0.08702668633983542,mixture,42
mixture,0.0035000000000000014,6731.290095519686,13468.580191039371,13483.303456876318,11.733066996973402,0.002159091747841687,0.09854613551105423,mixture,42
mixture,0.003250000000000001,6733.625383252468,13473.250766504936,13487.974032341883,10.54296994000563,0.002224269599688644,0.10975227704778522,mixture,42
mixture,0.4,6735.362093581109,13476.724187162217,13491.447452999164,223.47549715364391,0.0025582853698355897,0.008939110228139547,mixture,42
mixture,0.003000000000000001,6735.968426157133,13477.936852314266,13492.660118151212,9.566281512324473,0.002274593242471412,0.12088710456401079,mixture,42
mixture,0.0027500000000000007,6738.375143445067,13482.750286890134,13497.47355272708,8.723984670896671,0.0023150736821143376,0.13232941213564056,mixture,42
mixture,0.0025000000000000005,6740.902048033392,13487.804096066784,13502.52736190373,7.966691894343057,0.0023491253575773897,0.14451356918990743,mixture,42
mixture,0.0022500000000000003,6743.610483800663,13493.220967601326,13507.944233438273,7.261487995876358,0.0023792606932757326,0.15797641764022666,mixture,42
mixture,0.002,6746.571011273944,13499.142022547889,13513.865288384835,6.5837799714042715,0.0024076743831635884,0.17347160726232982,mixture,42
mixture,0.05,6771.800001659431,13549.600003318861,13564.323269155808,20.49066152548178,0.0028904184920502643,0.29760707519903545,mixture,42
mixture,0.1,6773.0393328768105,13552.078665753621,13566.801931590568,37.61453377770163,0.0028909739366186084,0.297607759035886,mixture,42
mixture,0.15000000000000002,6773.474792955485,13552.94958591097,13567.672851747917,54.74041984938266,0.0028910471229929707,0.29760813592401825,mixture,42
mixture,0.2,6773.696972358808,13553.393944717616,13568.117210554563,71.8668618543681,0.0028910605615791035,0.2976083551664174,mixture,42
mixture,0.25,6773.83173958556,13553.66347917112,13568.386745008067,88.99353779966927,0.002891060833627545,0.2976084970789398,mixture,42
mixture,0.3,6773.92220112903,13553.84440225806,13568.567668095007,106.12033576437759,0.0028910576293255997,0.2976085962096579,mixture,42
mixture,0.35000000000000003,6773.9871213365695,13553.974242673139,13568.697508510086,123.24721407041034,0.002891053429145452,0.2976086695176799,mixture,42
mixture,0.45,6774.074078699495,13554.14815739899,13568.871423235936,157.49863299964116,0.00289109134728473,0.29760800362608003,mixture,42
mixture,0.5,6774.104623140967,13554.209246281935,13568.932512118881,174.62639910039806,0.0028910701378476685,0.29760863790236936,mixture,42
null,,6774.242768552083,13550.485537104167,13555.393292383149,345.89781513461753,0.0028910272232012136,,mixture,42
sum,,6811.10297443952,13624.20594887904,13629.113704158022,511.8567438293884,0.0039073432637367735,,mixture,42
mixture,0.010000000000000007,6794.235765591975,13594.47153118395,13609.194797020897,85.49219539646089,0.0006135174210754814,0.014307859520185116,mixture,43
mixture,0.009000000000000006,6800.0671867888705,13606.134373577741,13620.857639414688,81.3789673307817,0.0005971947467985676,0.014945292109686672,mixture,43
mixture,0.008750000000000006,6801.7317187026165,13609.463437405233,13624.18670324218,80.25002755876729,0.0005936546753245198,0.015131088472237292,mixture,43
mixture,0.009750000000000007,6803.901210745511,13613.802421491022,13628.525687327969,56.0207861548904,0.001145926822742971,0.020841932207882368,mixture,43
mixture,0.009250000000000006,6804.0416755658025,13614.083351131605,13628.806616968552,58.39163294923736,0.0010277410725658546,0.020059196031187707,mixture,43
mixture,0.008500000000000006,6805.188848659189,13616.377697318378,13631.100963155324,66.02572801416848,0.0007993145246357404,0.0178998207193614,mixture,43
mixture,0.009500000000000007,6805.283528326604,13616.567056653208,13631.290322490155,55.18566413841511,0.0011414588687245042,0.02113608588222986,mixture,43
mixture,0.008250000000000006,6819.682443320327,13645.364886640655,13660.088152477601,18.527229339983787,0.0020489834256405986,0.06839257810891951,mixture,43
mixture,0.008000000000000005,6820.433609157435,13646.86721831487,13661.590484151817,16.38223615327411,0.002142665553840493,0.07842784429155324,mixture,43
mixture,0.007750000000000005,6821.116891485417,13648.233782970834,13662.95704880778,15.260758010899785,0.002185980056473661,0.0846959409486494,mixture,43
mixture,0.007500000000000005,6821.7664699783645,13649.532939956729,13664.256205793676,14.39213673812894,0.002217124995855529,0.09015041926634516,mixture,43
mixture,0.007250000000000005,6822.39556766038,13650.79113532076,13665.514401157707,13.654891311618934,0.002241908123323746,0.09526401445179271,mixture,43
mixture,0.0070000000000000045,6823.012089347547,13652.024178695094,13666.74744453204,13.003438115222806,0.0022625905111739474,0.10020546428585674,mixture,43
mixture,0.006750000000000004,6823.621622326666,13653.243244653331,13667.966510490278,12.408802049301501,0.0022805575042204305,0.10511694956975695,mixture,43
mixture,0.006500000000000004,6824.22852995728,13654.45705991456,13669.180325751508,11.85638274315962,0.002296533178429306,0.11007054583511279,mixture,43
mixture,0.006250000000000004,6824.836464804988,13655.672929609977,13670.396195446923,11.33708511178023,0.002310923969699079,0.11511676671691995,mixture,43
mixture,0.006000000000000004,6825.448646156268,13656.897292312537,13671.620558149483,10.842444528528164,0.002324185533138466,0.12032594489054063,mixture,43
mixture,0.005750000000000003,6826.0680257852055,13658.136051570411,13672.859317407358,10.367888874008688,0.002336513657385061,0.1257436899885989,mixture,43
mixture,0.005500000000000003,6826.697393557941,13659.394787115882,13674.118052952828,9.908757231026463,0.0023481638166444182,0.1314345858804652,mixture,43
mixture,0.005250000000000003,6827.339446977944,13660.678893955888,13675.402159792835,9.461751080284124,0.0023593059093596734,0.137462475224206,mixture,43
mixture,0.005000000000000003,6827.996836354494,13661.993672708988,13676.716938545935,9.024102339508213,0.0023700847294376324,0.14390105838253217,mixture,43
mixture,0.0047500000000000025,6828.672190962299,13663.344381924599,13678.067647761545,8.59326764715916,0.002380656619942967,0.1508407113704395,mixture,43
mixture,0.004500000000000002,6829.368127655724,13664.736255311447,13679.459521148394,8.167141194449318,0.0023911487866456194,0.1583879442219061,mixture,43
mixture,0.004250000000000002,6830.087239973032,13666.174479946065,13680.897745783011,7.743617513522509,0.0024016975198322614,0.16667961700731151,mixture,43
mixture,0.004000000000000002,6830.832061801319,13667.664123602637,13682.387389439584,7.320839396178804,0.0024124530368073677,0.1758854658047293,mixture,43
mixture,0.0037500000000000016,6831.6049920965725,13669.209984193145,13683.933250030092,6.8971358775635,0.002423566000885382,0.18622090047508663,mixture,43
mixture,0.0035000000000000014,6832.408150950617,13670.816301901234,13685.53956773818,6.47042462887618,0.0024351826984154493,0.19798691892718534,mixture,43
mixture,0.003250000000000001,6833.243098701987,13672.486197403974,13687.20946324092,6.038409279065624,0.0024475525115000164,0.21159939723355656,mixture,43
mixture,0.003000000000000001,6834.110255522895,13674.22051104579,13688.943776882737,5.598583755907058,0.0024609691984842147,0.22764886378785,mixture,43
mixture,0.0027500000000000007,6835.413610583356,13676.827221166712,13691.550487003658,4.4320862248937685,0.0025340682177301963,0.29796454462852484,mixture,43
mixture,0.0025000000000000005,6836.020984303255,13678.04196860651,13692.765234443457,4.3389913144596886,0.0025216636109021058,0.29797624268436745,mixture,43
mixture,0.0022500000000000003,6836.85713951407,13679.71427902814,13694.437544865086,4.2457258924839065,0.0025069442797583746,0.2979942552506147,mixture,43
mixture,0.05,6836.991929910535,13679.98385982107,13694.707125658017,22.108018521442702,0.0026429086114388104,0.2978553131628313,mixture,43
mixture,0.1,6837.47218759995,13680.9443751999,13695.667641036847,40.82918288509444,0.0026449727012862116,0.2978545227939145,mixture,43
mixture,0.15000000000000002,6837.644570825788,13681.289141651576,13696.012407488523,59.5524213847802,0.0026455644550300657,0.29785410908567467,mixture,43
mixture,0.2,6837.733208018592,13681.466416037185,13696.189681874132,78.27598608364234,0.0026458489269568035,0.29785391735696415,mixture,43
mixture,0.25,6837.787192175113,13681.574384350226,13696.297650187173,96.99968787821537,0.0026460157746163657,0.2978538073927349,mixture,43
mixture,0.3,6837.823520319451,13681.647040638902,13696.370306475848,115.723458099564,0.002646125410968198,0.29785373621003125,mixture,43
mixture,0.35000000000000003,6837.849636369368,13681.699272738737,13696.422538575684,134.44726700595587,0.0026462029495057477,0.29785368641099425,mixture,43
mixture,0.4,6837.869315513291,13681.738631026583,13696.46189686353,153.1711044708838,0.0026462606038907635,0.2978536497093383,mixture,43
mixture,0.45,6837.884676349671,13681.769352699343,13696.49261853629,171.89496372378113,0.0026463051073890393,0.29785362159422457,mixture,43
mixture,0.5,6837.89699968939,13681.79399937878,13696.517265215727,190.6188483285833,0.0026463403552639624,0.297853599468875,mixture,43
mixture,0.002,6837.952728466231,13681.905456932462,13696.628722769408,377.1086990981111,0.2999986334043622,0.002646498597861054,mixture,43
null,,6837.952838506979,13677.905677013958,13682.81343229294,377.85770791400336,0.00264649887789927,,mixture,43
sum,,6865.802085217292,13733.604170434584,13738.511925713567,549.9014371722794,0.003637015408223814,,mixture,43
mixture,0.05,6745.898831206456,13497.797662412911,13512.520928249858,102.90419098609202,0.0015737727295504543,0.01335518845205653,mixture,44
mixture,0.010000000000000007,6771.626339680174,13549.252679360348,13563.975945197295,65.09367820642947,0.0008892419370713441,0.018385034536347634,mixture,44
mixture,0.009750000000000007,6772.762227784882,13551.524455569765,13566.247721406711,64.38707370808339,0.0008834653444565321,0.018561043621432016,mixture,44
mixture,0.009500000000000007,6773.955614217896,13553.911228435793,13568.63449427274,63.63291753416317,0.0008781627031963668,0.018754185605809964,mixture,44
mixture,0.009250000000000006,6775.210419399662,13556.420838799324,13571.14410463627,62.8278046426622,0.0008733988312799586,0.018966442908989557,mixture,44
mixture,0.009000000000000006,6776.530892495265,13559.06178499053,13573.785050827477,61.96609830354912,0.0008692773163098185,0.019200711604736343,mixture,44
mixture,0.008750000000000006,6777.9216377064695,13561.843275412939,13576.566541249886,61.040445646478716,0.0008659282316738991,0.019460817220347905,mixture,44
mixture,0.008500000000000006,6779.661095091919,13565.322190183839,13580.045456020785,52.06489721188651,0.0010267393654874988,0.022644088352270473,mixture,44
mixture,0.008250000000000006,6780.9342826712,13567.8685653424,13582.591831179347,58.970683182428466,0.000862132335772576,0.02007534743299678,mixture,44
mixture,0.008000000000000005,6782.567363075052,13571.134726150103,13585.85799198705,57.79610941732576,0.0008622706290659479,0.020445902133208394,mixture,44
mixture,0.007750000000000005,6784.293074110979,13574.586148221959,13589.309414058906,56.51269991247776,0.0008641751169972357,0.020869873501812637,mixture,44
mixture,0.007500000000000005,6786.117938887473,13578.235877774947,13592.959143611894,55.07326609747584,0.0008687986079388122,0.021371360666495167,mixture,44
mixture,0.007250000000000005,6788.048621253131,13582.097242506263,13596.82050834321,53.442257372835904,0.0008770523209172418,0.021975196962523865,mixture,44
mixture,0.0070000000000000045,6790.091386019651,13586.182772039301,13600.906037876248,51.49320504944045,0.0008917914244961683,0.02275235384550083,mixture,44
mixture,0.006750000000000004,6792.250245082665,13590.50049016533,13605.223756002277,48.88054149346572,0.0009210995688657264,0.023903585598719846,mixture,44
mixture,0.006500000000000004,6794.222435225896,13594.444870451793,13609.16813628874,27.506783855789756,0.0015197317881710084,0.04276850018804697,mixture,44
mixture,0.006250000000000004,6796.046956682314,13598.093913364628,13612.817179201575,24.217857815791664,0.001633087344361748,0.048735331462879616,mixture,44
mixture,0.006000000000000004,6797.826309261978,13601.652618523956,13616.375884360903,21.421081402094796,0.001738743146680231,0.05531344962469812,mixture,44
mixture,0.005750000000000003,6799.538660533239,13605.077321066477,13619.800586903424,18.920836803668323,0.0018424246214069498,0.06292741716404766,mixture,44
mixture,0.005500000000000003,6801.163786389584,13608.327572779168,13623.050838616115,16.78291903247009,0.0019375271438144292,0.07131972407812867,mixture,44
mixture,0.005250000000000003,6802.698683534592,13611.397367069185,13626.120632906132,15.024240769009229,0.002018866398796293,0.08006827869278019,mixture,44
mixture,0.005000000000000003,6804.152646925502,13614.305293851005,13629.028559687951,13.571200147209051,0.0020872132905041174,0.08903276066774521,mixture,44
mixture,0.0047500000000000025,6805.536770181985,13617.07354036397,13631.796806200917,12.33566194560885,0.002145714640262242,0.09832594203115626,mixture,44
mixture,0.004500000000000002,6806.860534609451,13619.721069218902,13634.444335055849,11.259658872536876,0.0021965870854398486,0.10807699108397426,mixture,44
mixture,0.004250000000000002,6808.132777827024,13622.265555654049,13636.988821490995,10.310772542320443,0.0022410592850588677,0.1183395325497237,mixture,44
mixture,0.004000000000000002,6809.363381635308,13624.726763270615,13639.450029107562,9.469177739209215,0.00227966339332192,0.12910697706503935,mixture,44
mixture,0.0037500000000000016,6810.564077422339,13627.128154844679,13641.851420681625,8.715309349151555,0.0023130884664079713,0.14043359421343493,mixture,44
mixture,0.0035000000000000014,6811.748240200926,13629.496480401853,13644.2197462388,8.034614825807367,0.002342060264817083,0.15236527576963022,mixture,44
mixture,0.003250000000000001,6812.930309080786,13631.860618161572,13646.583883998519,7.412536615283091,0.0023673099804902955,0.16503384148863828,mixture,44
mixture,0.003000000000000001,6814.125404347781,13634.250808695562,13648.974074532509,6.833814957217822,0.002389769257888205,0.17872304372798817,mixture,44
mixture,0.0027500000000000007,6815.349262726486,13636.698525452972,13651.421791289918,6.287765056250169,0.0024101339577342197,0.19376306789218165,mixture,44
mixture,0.0025000000000000005,6816.618366675613,13639.236733351227,13653.959999188173,5.764051111285764,0.0024291774984848205,0.21066987784871732,mixture,44
mixture,0.0022500000000000003,6817.950028169862,13641.900056339724,13656.62332217667,5.253869528117157,0.002447621022633204,0.23018220764859376,mixture,44
mixture,0.002,6819.36205952312,13644.72411904624,13659.447384883186,4.749535569473764,0.0024662212913421355,0.25339092314960937,mixture,44
mixture,0.1,6828.1240483885385,13662.248096777077,13676.971362614024,40.33215127946611,0.0026802335401422254,0.29781899982191945,mixture,44
mixture,0.15000000000000002,6828.422570714879,13662.845141429758,13677.568407266705,58.81322816057539,0.002680526995779515,0.2978189778678535,mixture,44
mixture,0.2,6828.575187164406,13663.150374328812,13677.873640165759,77.29475846366891,0.002680657444942581,0.2978189882699867,mixture,44
mixture,0.25,6828.667857040738,13663.335714081477,13678.058979918424,95.77647775676816,0.0026807302875699406,0.29781900165258274,mixture,44
mixture,0.3,6828.73010159054,13663.46020318108,13678.183469018026,114.25829406363012,0.002680776528158528,0.29781901364287333,mixture,44
mixture,0.35000000000000003,6828.7747915790405,13663.549583158081,13678.272848995028,132.74016521706045,0.0026808084325006874,0.29781902370651414,mixture,44
mixture,0.4,6828.808435414117,13663.616870828235,13678.340136665181,151.222075290438,0.0026808316623726488,0.297819032176615,mixture,44
mixture,0.45,6828.834678058858,13663.669356117716,13678.392621954663,169.70401475386086,0.0026808492612179946,0.2978190393847359,mixture,44
mixture,0.5,6828.85571973138,13663.71143946276,13678.434705299707,188.18599522844931,0.0026808627511595664,0.29781904562041067,mixture,44
null,,6828.950933681795,13659.90186736359,13664.809622642571,373.00576042985676,0.0026809237445759196,,mixture,44
sum,,6858.079615145929,13718.159230291858,13723.06698557084,544.8520368719735,0.0036707213420401506,,mixture,44
mixture,0.010000000000000007,6756.490249257811,13518.980498515622,13533.70376435257,72.94533317728853,0.0007801568545057579,0.01646503978483353,mixture,45
mixture,0.009750000000000007,6757.616532973481,13521.233065946963,13535.95633178391,72.43579984688864,0.0007707581897446294,0.01656326493632377,mixture,45
mixture,0.009500000000000007,6758.8032829897165,13523.606565979433,13538.32983181638,71.8985560878564,0.0007614414397417939,0.016668849043835945,mixture,45
mixture,0.009250000000000006,6763.495161623561,13532.990323247122,13547.71358908407,57.592941927218874,0.0010685504508067482,0.020245684472938903,mixture,45
mixture,0.009000000000000006,6765.359996193803,13536.719992387607,13551.443258224554,56.34598080161882,0.0010817065757498419,0.020634744429634082,mixture,45
mixture,0.008500000000000006,6766.312708981386,13538.625417962772,13553.348683799719,58.40597980889616,0.0009672669761026534,0.01998253324060313,mixture,45
mixture,0.008750000000000006,6767.2254577744825,13540.450915548965,13555.174181385912,55.243011111190015,0.0010903347808528124,0.020993074402080175,mixture,45
mixture,0.008250000000000006,6768.774706822571,13543.549413645142,13558.272679482088,56.12202770908236,0.0010053314366006128,0.020697774819424135,mixture,45
mixture,0.008000000000000005,6771.088956898907,13548.177913797814,13562.90117963476,54.526537714825004,0.0010255117242630215,0.021230352766078087,mixture,45
mixture,0.007500000000000005,6771.128211663514,13548.256423327028,13562.979689163974,66.32939889765991,0.0006926145117327147,0.0178826043030677,mixture,45
mixture,0.007750000000000005,6773.188761423529,13552.377522847059,13567.100788684005,53.44879734129511,0.0010297853131059015,0.021606840410998928,mixture,45
mixture,0.0070000000000000045,6775.268570947819,13556.537141895638,13571.260407732585,64.51948237082296,0.0006775561292705785,0.018325010965294243,mixture,45
mixture,0.007250000000000005,6783.560314912705,13573.12062982541,13587.843895662356,47.34605189777682,0.001205296320971254,0.02401953971120543,mixture,45
mixture,0.006750000000000004,6786.542923993931,13579.085847987863,13593.80911382481,46.398407824592596,0.0011552489562796928,0.024491122557546825,mixture,45
mixture,0.006500000000000004,6802.1379295447605,13610.275859089521,13624.999124926468,13.675924554938305,0.0022328177733603573,0.09229150192543924,mixture,45
mixture,0.006250000000000004,6803.001219165182,13612.002438330364,13626.725704167311,12.4872526647802,0.0022882292663271415,0.10186161517282662,mixture,45
mixture,0.006000000000000004,6803.813688069595,13613.62737613919,13628.350641976136,11.659964738766885,0.0023223636078376292,0.10951490650907339,mixture,45
mixture,0.005750000000000003,6804.601906946044,13615.203813892089,13629.927079729036,10.971915197691938,0.0023484767932666095,0.11664782092882793,mixture,45
mixture,0.005500000000000003,6805.378656953781,13616.757313907561,13631.480579744508,10.360658210748692,0.002370274562440488,0.12369015419029161,mixture,45
mixture,0.005250000000000003,6806.151967226833,13618.303934453666,13633.027200290613,9.798031420995622,0.0023894103911466197,0.13087375046514976,mixture,45
mixture,0.005000000000000003,6806.9275069319765,13619.855013863953,13634.5782797009,9.26759712453742,0.002406880902445719,0.13838241926161793,mixture,45
mixture,0.0047500000000000025,6807.709477593249,13621.418955186498,13636.142221023445,8.758859541376793,0.002423351277125007,0.14638690179235964,mixture,45
mixture,0.004500000000000002,6808.500949757116,13623.001899514233,13637.72516535118,8.264277301414376,0.0024393064248078625,0.15507460928760214,mixture,45
mixture,0.004250000000000002,6809.303905726315,13624.60781145263,13639.331077289577,7.777776237350572,0.00245517611650213,0.1646755241160753,mixture,45
mixture,0.004000000000000002,6810.119057983353,13626.238115966706,13640.961381803652,7.294443742082448,0.0024713466812292246,0.17547899505079964,mixture,45
mixture,0.0037500000000000016,6810.945430948355,13627.89086189671,13642.614127733657,6.809195402366653,0.0024882505147662292,0.18789680802286365,mixture,45
mixture,0.0035000000000000014,6811.7796379171905,13629.559275834381,13644.282541671328,6.317387134445908,0.0025063316285806538,0.20250262399108496,mixture,45
mixture,0.003250000000000001,6812.614728834918,13631.229457669837,13645.952723506784,5.813644933065092,0.0025261098327467655,0.22017495223920566,mixture,45
mixture,0.003000000000000001,6813.813595687225,13633.62719137445,13648.350457211396,4.494844261436947,0.0026134191872016666,0.29788556912919245,mixture,45
mixture,0.0027500000000000007,6814.304767551781,13634.609535103562,13649.332800940509,4.40436094237098,0.002602355251155808,0.29789768370909125,mixture,45
mixture,0.0025000000000000005,6814.972979031594,13635.945958063188,13650.669223900135,4.3138813596342285,0.0025891188488717976,0.2979122051132086,mixture,45
mixture,0.0022500000000000003,6815.889506310572,13637.779012621144,13652.50227845809,4.2234084629570185,0.0025729954481044093,0.2979299746307362,mixture,45
mixture,0.05,6816.264267105763,13638.528534211526,13653.251800048472,21.565292970885153,0.002721090574723798,0.29777694613022365,mixture,45
mixture,0.1,6816.846836873382,13639.693673746764,13654.41693958371,39.74142406385369,0.0027233843425229446,0.2977760511931662,mixture,45
mixture,0.15000000000000002,6817.05706206234,13640.11412412468,13654.837389961627,57.92020284941842,0.0027240185403698625,0.2977756146023708,mixture,45
mixture,0.002,6817.116719289105,13640.23343857821,13654.956704415157,4.10908633002553,0.002556172976806545,0.3,mixture,45
mixture,0.2,6817.165389476548,13640.330778953095,13655.054044790042,76.09936121668935,0.0027243215661753063,0.29777541519037387,mixture,45
mixture,0.25,6817.23144362895,13640.4628872579,13655.186153094846,94.2786771529057,0.002724498707256069,0.2977753018268511,mixture,45
mixture,0.3,6817.275927396907,13640.551854793814,13655.27512063076,112.4580750596005,0.0027246147746636533,0.29777522897067027,mixture,45
mixture,0.35000000000000003,6817.307923019816,13640.615846039633,13655.33911187658,130.6375197493674,0.0027246966884894542,0.2977751782695761,mixture,45
mixture,0.4,6817.3320417404775,13640.664083480955,13655.387349317902,148.81700124085032,0.0027247574412577265,0.29777514113777737,mixture,45
mixture,0.45,6817.350873428946,13640.701746857892,13655.42501269484,166.99650268758964,0.002724804364461347,0.29777511269690654,mixture,45
mixture,0.5,6817.365984759435,13640.73196951887,13655.455235355817,185.17606388339976,0.002724841015915865,0.2977750908312536,mixture,45
null,,6817.434495188246,13636.868990376492,13641.776745655474,366.9713418200383,0.0027250084299236567,,mixture,45
sum,,6845.88985205417,13693.77970410834,13698.687459387322,536.0742108070526,0.003730826739434129,,mixture,45
mixture,0.010000000000000007,6653.970140321027,13313.940280642055,13328.663546479002,99.52146277360121,0.0005495325646296292,0.012173501309197756,mixture,46
mixture,0.009750000000000007,6654.740552749656,13315.481105499312,13330.204371336258,98.94629573725467,0.0005399540674243731,0.012242053921886981,mixture,46
mixture,0.009500000000000007,6655.569797915135,13317.13959583027,13331.862861667216,98.29345298515011,0.0005309315571924846,0.012319594350450075,mixture,46
mixture,0.009250000000000006,6656.463189148393,13318.926378296786,13333.649644133733,97.55771949479258,0.0005225276637359095,0.012406814668196153,mixture,46
mixture,0.008750000000000006,6658.466044624547,13322.932089249094,13337.65535508604,95.84325640324462,0.0005074633178730758,0.012611221945345757,mixture,46
mixture,0.008500000000000006,6659.588681113237,13325.177362226474,13339.90062806342,94.86860538077163,0.0005007586400770899,0.012728777785141763,mixture,46
mixture,0.007750000000000005,6663.550587642108,13333.101175284217,13347.824441121164,90.21522025173783,0.0005,0.013280426620664629,mixture,46
mixture,0.007500000000000005,6665.101004428065,13336.20200885613,13350.925274693076,88.59667371026642,0.0005,0.01348566382099346,mixture,46
mixture,0.008250000000000006,6665.970204125368,13337.940408250735,13352.663674087682,71.45723963608127,0.0008522640526128563,0.01605367263990015,mixture,46
mixture,0.009000000000000006,6666.82709848146,13339.65419696292,13354.377462799866,67.13625790253235,0.0010323977731296352,0.016963749751351825,mixture,46
mixture,0.008000000000000005,6670.218874887556,13346.437749775112,13361.161015612059,66.5381502475067,0.0009398981329244781,0.0170956109526695,mixture,46
mixture,0.006500000000000004,6672.749922903422,13351.499845806844,13366.22311164379,81.84998107130744,0.0005,0.014429924083363788,mixture,46
mixture,0.006250000000000004,6675.096550836069,13356.193101672137,13370.916367509084,80.08598902473832,0.0005,0.014703491275924959,mixture,46
mixture,0.0070000000000000045,6676.883134351043,13359.766268702086,13374.489534539032,63.657187934736015,0.0008966959274383623,0.017779528083553042,mixture,46
mixture,0.006750000000000004,6678.1409547646035,13362.281909529207,13377.005175366154,63.72298569092062,0.000864072096697024,0.017764796845108843,mixture,46
mixture,0.007250000000000005,6678.23785572221,13362.47571144442,13377.198977281367,61.28729392906106,0.0009945111497240632,0.018385185281944442,mixture,46
mixture,0.005500000000000003,6683.488688617707,13372.977377235415,13387.700643072361,74.57395726625175,0.0005,0.015643197981761166,mixture,46
mixture,0.005750000000000003,6686.0799934711295,13378.159986942259,13392.883252779206,62.25563904156315,0.0007680334920263439,0.01815352202071181,mixture,46
mixture,0.005250000000000003,6686.823875198159,13379.647750396318,13394.371016233265,72.65436815252957,0.0005,0.016004506675360925,mixture,46
mixture,0.006000000000000004,6692.605407698447,13391.210815396895,13405.934081233841,54.86296053088926,0.0010160258312929213,0.02030328331312694,mixture,46
mixture,0.0047500000000000025,6694.504414758798,13395.008829517596,13409.732095354542,68.673833494633,0.0005,0.016819089472887842,mixture,46
mixture,0.004500000000000002,6698.938980755958,13403.877961511917,13418.601227348863,66.60584797280066,0.0005,0.01728123159423047,mixture,46
mixture,0.004250000000000002,6703.843448074551,13413.686896149102,13428.410161986048,64.48087456846588,0.0005,0.01778732482612745,mixture,46
mixture,0.005000000000000003,6712.6514851736465,13431.302970347293,13446.02623618424,47.89015702499336,0.0011035991521629019,0.022947667564409465,mixture,46
mixture,0.004000000000000002,6745.0882729577215,13496.176545915443,13510.89981175239,12.597731454580266,0.002176493027917403,0.09256580794630162,mixture,46
mixture,0.0037500000000000016,6747.708449539112,13501.416899078224,13516.14016491517,9.678931867383877,0.002415015473255746,0.12259808077902627,mixture,46
mixture,0.0035000000000000014,6749.631562441783,13505.263124883566,13519.986390720513,7.690992894946358,0.002572185397940837,0.1574179408560607,mixture,46
mixture,0.003250000000000001,6751.142322762402,13508.284645524804,13523.00791136175,6.368773629757197,0.0026747589867154357,0.19340432991555853,mixture,46
mixture,0.003000000000000001,6752.79756569149,13511.59513138298,13526.318397219926,4.406346124272328,0.0028384696497066528,0.2976618252743575,mixture,46
mixture,0.05,6752.823433100415,13511.64686620083,13526.370132037777,20.054428698280457,0.0029653333952919846,0.2975334546243703,mixture,46
mixture,0.1,6753.2807276554,13512.5614553108,13527.284721147747,36.71650692413239,0.002968097566712957,0.29753127464994905,mixture,46
mixture,0.15000000000000002,6753.446869499972,13512.893738999945,13527.617004836891,53.379645924549465,0.0029689567510915163,0.29753063563890475,mixture,46
mixture,0.0027500000000000007,6753.479878699831,13512.959757399662,13527.683023236608,4.323356810240404,0.0028256390777070335,0.29767540217748506,mixture,46
mixture,0.2,6753.532668051183,13513.065336102365,13527.788601939312,70.0430820406127,0.002969373264769087,0.29753033443106497,mixture,46
mixture,0.25,6753.585041675029,13513.170083350058,13527.893349187005,86.70664578445759,0.0029696186771897464,0.29753015992470233,mixture,46
mixture,0.3,6753.620331471203,13513.240662942406,13527.963928779352,103.3666881154323,0.0029698865120418886,0.29752705495304455,mixture,46
mixture,0.35000000000000003,6753.645731214028,13513.291462428057,13528.014728265003,120.03176941057401,0.0029699497697250245,0.29752934330653197,mixture,46
mixture,0.4,6753.664881819424,13513.329763638849,13528.053029475795,136.6967659628799,0.002969999417494457,0.29752977865703095,mixture,46
mixture,0.45,6753.679837638443,13513.359675276886,13528.082941113833,153.36119720002475,0.0029700491702765973,0.29752984099782065,mixture,46
mixture,0.5,6753.691840915908,13513.383681831816,13528.106947668763,170.02488550921055,0.0029701020919023205,0.2975298077273432,mixture,46
mixture,0.0025000000000000005,6753.746150517162,13513.492301034325,13528.215566871271,335.82875899205084,0.2999994148565737,0.002970337489423601,mixture,46
mixture,0.0022500000000000003,6753.746163887727,13513.492327775453,13528.2155936124,335.912084461999,0.2999999999229865,0.0029703375486763613,mixture,46
mixture,0.002,6753.746177250699,13513.492354501397,13528.215620338344,335.99540956663066,0.29999999993281584,0.002970337611272724,mixture,46
null,,6753.746283915554,13509.492567831108,13514.40032311009,336.66203383783653,0.0029703379041596365,,mixture,46
sum,,6789.788563684184,13581.577127368368,13586.48488264735,498.08685222999,0.004015363969247087,,mixture,46
mixture,0.010000000000000007,6742.356101357553,13490.712202715105,13505.435468552052,92.24561741246711,0.0005594547903119335,0.013311627384849294,mixture,47
mixture,0.009750000000000007,6743.3645820733345,13492.729164146669,13507.452429983616,91.39992909770386,0.000553401346588725,0.013421365612633197,mixture,47
mixture,0.009500000000000007,6744.438100593219,13494.876201186438,13509.599467023385,90.5057261111433,0.0005476261722022524,0.013539165885869113,mixture,47
mixture,0.009250000000000006,6745.581702838084,13497.163405676169,13511.886671513115,89.56180483858023,0.0005421308685255457,0.01366561074251037,mixture,47
mixture,0.009000000000000006,6746.800904381509,13499.601808763018,13514.325074599965,88.57298448429728,0.0005368929194063377,0.013800332251446489,mixture,47
mixture,0.008750000000000006,6748.101748313289,13502.203496626578,13516.926762463525,87.53200430843464,0.00053194053935081,0.013945005492105417,mixture,47
mixture,0.008500000000000006,6749.490870822359,13504.981741644719,13519.705007481665,86.44769053772944,0.000527219871028582,0.014098749748907822,mixture,47
mixture,0.008000000000000005,6752.563941083972,13511.127882167944,13525.851148004891,84.12729425287603,0.0005186057719695659,0.014439315283684334,mixture,47
mixture,0.007500000000000005,6756.088345713106,13518.176691426212,13532.899957263158,81.61067443061522,0.0005110013521251116,0.014828126059467315,mixture,47
mixture,0.007250000000000005,6758.045364340762,13522.090728681524,13536.81399451847,80.27855826990185,0.0005075794570917224,0.015042787972746038,mixture,47
mixture,0.0070000000000000045,6760.148303313592,13526.296606627184,13541.01987246413,78.89360197348249,0.0005044210575371485,0.015273091500961036,mixture,47
mixture,0.006750000000000004,6762.41102683349,13530.82205366698,13545.545319503926,77.45839867558125,0.0005015091211998924,0.015519768329999377,mixture,47
mixture,0.006500000000000004,6764.849254309704,13535.698508619407,13550.421774456354,75.89330994299169,0.0005,0.015796592688483675,mixture,47
mixture,0.008250000000000006,6766.057212330158,13538.114424660316,13552.837690497263,56.80616954137046,0.0011163042396339453,0.020069528016263338,mixture,47
mixture,0.006000000000000004,6770.327367619405,13546.65473523881,13561.378001075756,72.46434376912548,0.0005,0.01643944080159785,mixture,47
mixture,0.007750000000000005,6772.870833248664,13551.741666497328,13566.464932334275,53.69840969027098,0.001165530766609919,0.021089679759805694,mixture,47
mixture,0.005750000000000003,6773.409740498901,13552.819480997801,13567.542746834748,70.6989013229832,0.0005,0.016795075208836614,mixture,47
mixture,0.005500000000000003,6776.754301448412,13559.508602896824,13574.23186873377,68.89517099379373,0.0005,0.017177598458196264,mixture,47
mixture,0.005250000000000003,6784.281918882009,13574.563837764019,13589.287103600966,55.35226814814372,0.0007315761707544769,0.020648255840003894,mixture,47
mixture,0.005000000000000003,6784.353318957514,13574.706637915027,13589.429903751974,65.15687058066496,0.0005,0.01803945708893778,mixture,47
mixture,0.006250000000000004,6784.954302269169,13575.908604538337,13590.631870375284,47.59265829475135,0.0011206357252657448,0.02365200424828374,mixture,47
mixture,0.0047500000000000025,6816.817312513711,13639.634625027422,13654.357890864369,13.19933684334382,0.0020715559340387926,0.09125397363367721,mixture,47
mixture,0.004500000000000002,6818.15135644505,13642.3027128901,13657.025978727046,9.593503000416169,0.0023173363367778753,0.1301031967615433,mixture,47
mixture,0.004250000000000002,6819.230557809073,13644.461115618145,13659.184381455092,8.528400340246684,0.002375385571030945,0.1477545510019179,mixture,47
mixture,0.004000000000000002,6820.216298366398,13646.432596732797,13661.155862569743,7.719934114730859,0.002415541481241819,0.16424827290661276,mixture,47
mixture,0.0037500000000000016,6821.1441211756655,13648.288242351331,13663.011508188278,7.039599802459928,0.002446937968358074,0.18090374802518375,mixture,47
mixture,0.0035000000000000014,6822.034104990804,13650.068209981608,13664.791475818554,6.438147530271442,0.0024730512168691537,0.1983916929181161,mixture,47
mixture,0.003250000000000001,6822.899775005663,13651.799550011327,13666.522815848273,5.889646548847092,0.0024957099163732607,0.21727937846450618,mixture,47
mixture,0.003000000000000001,6823.750821833147,13653.501643666294,13668.22490950324,5.377268497217516,0.002516141547992373,0.23823367376009177,mixture,47
mixture,0.0027500000000000007,6824.768644162264,13655.537288324527,13670.260554161474,4.415584183679046,0.0025742633762594774,0.2979251365193532,mixture,47
mixture,0.0025000000000000005,6825.438886090899,13656.877772181799,13671.601038018745,4.323948530101809,0.0025616122943585887,0.2979390071884669,mixture,47
mixture,0.05,6825.472594027495,13656.94518805499,13671.668453891936,21.798155750867224,0.002686985159808987,0.2978112589311684,mixture,47
mixture,0.1,6825.8976377367235,13657.795275473447,13672.518541310394,40.20695899820602,0.0026892636254052743,0.29781023898266884,mixture,47
mixture,0.15000000000000002,6826.05027568772,13658.10055137544,13672.823817212387,58.6178700484126,0.0026899219892399726,0.297809756290313,mixture,47
mixture,0.2,6826.128762457743,13658.257524915485,13672.980790752432,77.0290619176253,0.002690241027051955,0.2978095287227071,mixture,47
mixture,0.25,6826.176563723608,13658.353127447215,13673.076393284162,95.44036889511833,0.0026904291224351742,0.2978093967102452,mixture,47
mixture,0.3,6826.208730435237,13658.417460870474,13673.140726707421,113.85173905395216,0.0026905529970264568,0.29780931074523637,mixture,47
mixture,0.35000000000000003,6826.231854390501,13658.463708781002,13673.186974617949,132.2631433164993,0.002690640774572655,0.29780925029704497,mixture,47
mixture,0.4,6826.249278607179,13658.498557214358,13673.221823051304,150.67457130341305,0.002690706178931463,0.2978092055352495,mixture,47
mixture,0.45,6826.262879127169,13658.525758254338,13673.249024091285,169.08601467288892,0.002690756801854195,0.29780917105874233,mixture,47
mixture,0.5,6826.273790104156,13658.547580208313,13673.27084604526,187.49750386090153,0.0026907966368942106,0.29780914416176296,mixture,47
mixture,0.0022500000000000003,6826.3231182607215,13658.646236521443,13673.36950235839,370.7835607974779,0.2999999999390921,0.002690977399819204,mixture,47
mixture,0.002,6826.32313043322,13658.64626086644,13673.369526703387,370.87562422475895,0.2999999999456533,0.0026909774454328067,mixture,47
null,,6826.323227595287,13654.646455190574,13659.554210469556,371.61213793922224,0.002690977763927484,,mixture,47
sum,,6858.5737002646,13719.1474005292,13724.055155808182,544.2135167732616,0.0036750281614803585,,mixture,47
mixture,0.010000000000000007,6732.328429825646,13470.656859651292,13485.380125488238,69.1835898043037,0.0008385447410283928,0.017290109690393973,mixture,48
mixture,0.009750000000000007,6733.184937135829,13472.369874271659,13487.093140108605,69.81233906090276,0.0008071612622783939,0.017152244652443825,mixture,48
mixture,0.009500000000000007,6734.108721317722,13474.217442635443,13488.94070847239,69.29354458600797,0.0007976135085908283,0.017261205520762827,mixture,48
mixture,0.009250000000000006,6735.0880057355125,13476.176011471025,13490.899277307972,68.75203412144738,0.0007880639779019142,0.01737718635385236,mixture,48
mixture,0.009000000000000006,6736.127126678898,13478.254253357796,13492.977519194743,68.18585225176882,0.0007785661334720392,0.017500751232422757,mixture,48
mixture,0.008750000000000006,6737.230873395393,13480.461746790786,13495.185012627733,67.59235356600563,0.0007690987723990818,0.017633068102081213,mixture,48
mixture,0.008500000000000006,6738.4045475885305,13482.809095177061,13497.532361014008,66.97674165519338,0.0007596468351271728,0.01777285224217729,mixture,48
mixture,0.008250000000000006,6739.65402751175,13485.3080550235,13500.031320860448,66.31932922224864,0.0007503438635549541,0.017926096503966475,mixture,48
mixture,0.008000000000000005,6740.985857916835,13487.97171583367,13502.694981670616,65.63652813768755,0.0007410656618654568,0.01808856941484061,mixture,48
mixture,0.007750000000000005,6742.407333456589,13490.814666913178,13505.537932750125,64.91897880082576,0.0007319366940177484,0.018263178149035896,mixture,48
mixture,0.007500000000000005,6743.926614957496,13493.853229914992,13508.576495751939,64.1669357015333,0.0007228964021044149,0.018450697237527916,mixture,48
mixture,0.007250000000000005,6745.552857809078,13497.105715618156,13511.828981455103,63.378011102319746,0.0007139706164412307,0.018652463871141785,mixture,48
mixture,0.0070000000000000045,6747.296367535086,13500.592735070171,13515.316000907118,62.550516080775274,0.0007051855836747676,0.01886969891539467,mixture,48
mixture,0.006750000000000004,6749.16878499942,13504.33756999884,13519.060835835786,61.68244972734516,0.0006965513864804475,0.019103955359583938,mixture,48
mixture,0.006500000000000004,6752.082784518039,13510.165569036079,13524.888834873025,54.78170551203141,0.0008327631003819134,0.02114893332134511,mixture,48
mixture,0.006250000000000004,6753.354966441368,13512.709932882735,13527.433198719682,59.81700457553995,0.0006797923075437827,0.01963039740191453,mixture,48
mixture,0.006000000000000004,6755.700938715041,13517.401877430082,13532.125143267029,58.81604429983964,0.0006716829130020479,0.019926525293943856,mixture,48
mixture,0.005750000000000003,6758.240965012407,13522.481930024815,13537.205195861761,57.76608953108867,0.0006637938731391562,0.020247939491096923,mixture,48
mixture,0.005500000000000003,6760.997837693376,13527.995675386752,13542.718941223698,56.66391557376346,0.0006561408376237521,0.020597922223103204,mixture,48
mixture,0.005250000000000003,6766.968970788621,13539.937941577242,13554.661207414189,46.67685853896372,0.000899986670645694,0.024355197039554966,mixture,48
mixture,0.005000000000000003,6767.272417878893,13540.544835757786,13555.268101594733,54.29911902619352,0.0006415013772422771,0.021395593266436818,mixture,48
mixture,0.0047500000000000025,6770.857363870668,13547.714727741337,13562.437993578284,53.02383478531576,0.0006346782018811938,0.02185454465998995,mixture,48
mixture,0.004500000000000002,6777.693444113242,13561.386888226483,13576.11015406343,43.77620401249673,0.0008659549351424756,0.025803773453027812,mixture,48
mixture,0.004250000000000002,6779.1392284181065,13564.278456836213,13579.00172267316,50.27216958124078,0.0006220457271198335,0.022922487987645505,mixture,48
mixture,0.004000000000000002,6813.493464568468,13632.986929136936,13647.710194973883,8.71202672777616,0.002343070123616871,0.14218689750820473,mixture,48
mixture,0.0037500000000000016,6814.601927063578,13635.203854127156,13649.927119964103,7.926549185674666,0.0023812735985826276,0.15684625086339457,mixture,48
mixture,0.0035000000000000014,6815.673361620988,13637.346723241975,13652.069989078922,7.289098993746327,0.0024086339720443307,0.17075071325178692,mixture,48
mixture,0.003250000000000001,6816.738973668453,13639.477947336905,13654.201213173852,6.726151995018763,0.002430738535382509,0.18495633564554323,mixture,48
mixture,0.003000000000000001,6817.819138757754,13641.638277515509,13656.361543352456,6.205227388117241,0.0024499930041485237,0.2001712962064629,mixture,48
mixture,0.0027500000000000007,6818.929057766862,13643.858115533723,13658.58138137067,5.706668537894929,0.0024679693525227102,0.21715262320314907,mixture,48
mixture,0.0025000000000000005,6820.0792991445405,13646.158598289081,13660.881864126028,5.2147795792978435,0.002486079348844879,0.23698201713734432,mixture,48
mixture,0.0022500000000000003,6821.504264370435,13649.00852874087,13663.731794577816,4.230104651110323,0.002552913652627809,0.297946217209666,mixture,48
mixture,0.002,6822.488637757276,13650.977275514551,13665.700541351498,4.1385716214040595,0.002534194977549116,0.29796680673022624,mixture,48
mixture,0.05,6824.599114779214,13655.198229558428,13669.921495395374,21.780498358296793,0.002689541857112232,0.2978082987503368,mixture,48
mixture,0.1,6825.257055531607,13656.514111063214,13671.23737690016,40.17809229984585,0.0026913545505527436,0.29780803022635693,mixture,48
mixture,0.15000000000000002,6825.492635492235,13656.98527098447,13671.708536821418,58.57834575103039,0.0026918308286569973,0.2978077707200049,mixture,48
mixture,0.2,6825.6136945592,13657.2273891184,13671.950654955346,76.97901522434057,0.002692053896513105,0.2978076606538671,mixture,48
mixture,0.25,6825.687406827656,13657.374813655311,13672.098079492258,95.37985905371539,0.0026921826841288,0.29780760121701993,mixture,48
mixture,0.3,6825.7370044264035,13657.474008852807,13672.197274689754,113.7807910183666,0.002692266414017113,0.2978075643883846,mixture,48
mixture,0.35000000000000003,6825.772657060839,13657.545314121679,13672.268579958625,132.181779695218,0.002692325047053712,0.2978075395935872,mixture,48
mixture,0.4,6825.799520938088,13657.599041876176,13672.322307713122,150.5828014095885,0.002692368423432299,0.2978075217990068,mixture,48
mixture,0.45,6825.820489196625,13657.64097839325,13672.364244230197,168.98384597282768,0.002692401792743631,0.29780750844681664,mixture,48
mixture,0.5,6825.837310708839,13657.674621417678,13672.397887254625,187.38494232834645,0.0026924277373922153,0.29780749846863475,mixture,48
null,,6825.913527407748,13653.827054815496,13658.734810094478,371.39575584535237,0.002692545577759364,,mixture,48
sum,,6859.3072564753675,13720.614512950735,13725.522268229717,544.7318910471428,0.003671530954714957,,mixture,48
mixture,0.009500000000000007,6712.3440956034465,13430.688191206893,13445.41145704384,97.78581470941198,0.000514908795889951,0.012484883053172637,mixture,49
mixture,0.009250000000000006,6713.504440884234,13433.008881768468,13447.732147605415,96.74386062140731,0.0005098515831741244,0.012604749187207972,mixture,49
mixture,0.009750000000000007,6716.529280224097,13439.058560448195,13453.781826285142,73.94562340299035,0.0008960548536565787,0.01570215474399846,mixture,49
mixture,0.010000000000000007,6716.88400126934,13439.76800253868,13454.491268375627,72.18035422471382,0.0009565541450213834,0.016038579959322893,mixture,49
mixture,0.008000000000000005,6720.625654672244,13447.251309344489,13461.974575181435,89.83864348487515,0.0005,0.013434699680028628,mixture,49
mixture,0.007750000000000005,6722.370549932189,13450.741099864377,13465.464365701324,88.23083074739631,0.0005,0.013642770057806905,mixture,49
mixture,0.007500000000000005,6724.244191238035,13454.48838247607,13469.211648313016,86.60328523395363,0.0005,0.013861095852755172,mixture,49
mixture,0.009000000000000006,6725.251373877115,13456.50274775423,13471.226013591177,65.95390601068789,0.001021519071272943,0.017342305562903462,mixture,49
mixture,0.008750000000000006,6725.809709689336,13457.619419378672,13472.342685215619,66.07658690785475,0.0009905384790098828,0.017316525421299737,mixture,49
mixture,0.007250000000000005,6726.257964830571,13458.515929661142,13473.239195498089,84.9548079815351,0.0005,0.01409059265707149,mixture,49
mixture,0.008500000000000006,6728.472787813222,13462.945575626443,13477.66884146339,64.38125777679384,0.0010110769750990988,0.01771346087833364,mixture,49
mixture,0.008250000000000006,6732.656321233922,13471.312642467845,13486.035908304792,61.8645778688014,0.0010606321340703396,0.01833647109427526,mixture,49
mixture,0.0070000000000000045,6747.813492797057,13501.626985594114,13516.35025143106,55.43461699607497,0.0011161411338437958,0.02019811289738305,mixture,49
mixture,0.006750000000000004,6750.592745069341,13507.185490138681,13521.908755975628,54.38284132326226,0.0011143908474307883,0.02055323727385977,mixture,49
mixture,0.006500000000000004,6752.112139052441,13510.224278104883,13524.94754394183,53.787924542823504,0.0010892233234993211,0.02077566542827767,mixture,49
mixture,0.006250000000000004,6767.70957549177,13541.41915098354,13556.142416820487,14.975348162018348,0.0022161157592146736,0.081755817140908,mixture,49
mixture,0.006000000000000004,6768.891803159338,13543.783606318677,13558.506872155624,13.574999567858587,0.00228526953000428,0.09078049466510021,mixture,49
mixture,0.005750000000000003,6770.0133520677755,13546.026704135551,13560.749969972498,12.506314070192273,0.002335722907620156,0.09898403151358443,mixture,49
mixture,0.005500000000000003,6771.094203088522,13548.188406177043,13562.91167201399,11.59376261636957,0.0023778190824927906,0.10715764951134563,mixture,49
mixture,0.005250000000000003,6772.143920676778,13550.287841353556,13565.011107190503,10.774469314424193,0.002414953162292173,0.11566169039288503,mixture,49
mixture,0.005000000000000003,6773.16848683769,13552.33697367538,13567.060239512326,10.02757410089713,0.0024483940208118575,0.1246021007498581,mixture,49
mixture,0.0047500000000000025,6774.1725681997905,13554.345136399581,13569.068402236528,9.335725609997162,0.002478952397328367,0.13413807433435007,mixture,49
mixture,0.004500000000000002,6775.160548395424,13556.321096790847,13571.044362627794,8.694888213823141,0.002506859646326088,0.14427925901948832,mixture,49
mixture,0.004250000000000002,6776.137014021804,13558.274028043608,13572.997293880555,8.094602862749623,0.002532532639660238,0.1551872788779053,mixture,49
mixture,0.004000000000000002,6777.106926860458,13560.213853720916,13574.937119557862,7.530352768723642,0.002556198244570596,0.16695921099009778,mixture,49
mixture,0.0037500000000000016,6778.075612262426,13562.151224524852,13576.874490361799,6.996564188896886,0.0025781584128370034,0.17976240411276584,mixture,49
mixture,0.0035000000000000014,6779.048605699317,13564.097211398634,13578.82047723558,6.48781185224052,0.002598746270821708,0.19383356123427337,mixture,49
mixture,0.003250000000000001,6780.031341632603,13566.062683265205,13580.785949102152,5.998252716104431,0.0026183811198225494,0.20953209673069265,mixture,49
mixture,0.003000000000000001,6781.028554196322,13568.057108392644,13582.780374229591,5.521696324018636,0.002637547015389545,0.227403574988766,mixture,49
mixture,0.0027500000000000007,6782.04304616426,13570.08609232852,13584.809358165467,5.050140138375443,0.002657003393011809,0.2483724365150353,mixture,49
mixture,0.0025000000000000005,6783.157730946721,13572.315461893442,13587.038727730389,4.27317363820196,0.002706997463231241,0.29779309007292776,mixture,49
mixture,0.05,6783.738192493141,13573.476384986281,13588.199650823228,20.757511089840687,0.002846429143113954,0.2976523751971273,mixture,49
mixture,0.0022500000000000003,6784.118038002186,13574.236076004372,13588.959341841319,4.186677407127023,0.0026900879024509944,0.297811505969146,mixture,49
mixture,0.1,6784.249090789321,13574.498181578641,13589.221447415588,38.12753811791315,0.0028486896027079774,0.2976506958539817,mixture,49
mixture,0.15000000000000002,6784.432817221281,13574.865634442562,13589.588900279508,55.49873363989439,0.0028493799107976725,0.2976502220695231,mixture,49
mixture,0.2,6784.527350138632,13575.054700277264,13589.77796611421,72.87025334855237,0.0028497119117817608,0.29765000299711797,mixture,49
mixture,0.25,6784.58494520764,13575.16989041528,13589.893156252227,90.24190828451098,0.0028499067224906968,0.29764987749074673,mixture,49
mixture,0.3,6784.623711663436,13575.247423326871,13589.970689163818,107.61363550328993,0.002850034640642326,0.29764979644071626,mixture,49
mixture,0.35000000000000003,6784.6515847010505,13575.303169402101,13590.026435239048,124.98540860013128,0.0028501249466843124,0.2976497399464219,mixture,49
mixture,0.4,6784.672590025431,13575.345180050863,13590.06844588781,142.3572165924667,0.0028501919679171125,0.29764969848129863,mixture,49
mixture,0.45,6784.688987359978,13575.377974719955,13590.101240556902,159.7290541255526,0.0028502435624695034,0.2976496668813266,mixture,49
mixture,0.5,6784.702143064195,13575.40428612839,13590.127551965337,177.1007581029005,0.0028502870098503176,0.29764962519201427,mixture,49
mixture,0.002,6784.761645626002,13575.523291252004,13590.24655708895,350.12416994253704,0.29999999993187165,0.002850471600711844,mixture,49
null,,6784.761762743288,13571.523525486577,13576.431280765559,350.8191108892066,0.002850471849909606,,mixture,49
sum,,6817.219132512808,13636.438265025616,13641.346020304598,515.7470887284618,0.0038778696840167525,,mixture,49
mixture,0.010000000000000007,6776.601801728495,13559.20360345699,13573.926869293937,69.15725057655007,0.0008528307964023928,0.017237898343014275,mixture,50
mixture,0.009750000000000007,6805.169036272385,13616.33807254477,13631.061338381716,6.891325679199194,0.0027343857944224907,0.29776353621886587,mixture,50
mixture,0.009500000000000007,6805.181189089912,13616.362378179823,13631.08564401677,6.802002164208043,0.0027333813675308556,0.29776457247394555,mixture,50
mixture,0.009250000000000006,6805.195571931936,13616.391143863872,13631.114409700818,6.712681868980262,0.0027323202887098493,0.29776567013680305,mixture,50
mixture,0.009000000000000006,6805.212467841584,13616.424935683168,13631.148201520115,6.6233667534630785,0.002731196225936555,0.297766835844662,mixture,50
mixture,0.008750000000000006,6805.232200428584,13616.464400857169,13631.187666694115,6.53405523978861,0.0027300051687782416,0.29776807443407727,mixture,50
mixture,0.008500000000000006,6805.255140834388,13616.510281668776,13631.233547505723,6.44474878437574,0.0027287399551701513,0.2977693935631159,mixture,50
mixture,0.008250000000000006,6805.281715924584,13616.563431849168,13631.286697686115,6.355447304842535,0.002727393962925021,0.29777080061776473,mixture,50
mixture,0.008000000000000005,6805.312418256042,13616.624836512085,13631.348102349031,6.266150609020208,0.002725959849488357,0.2977723039239642,mixture,50
mixture,0.007750000000000005,6805.347818132291,13616.695636264581,13631.418902101528,6.176859147260837,0.0027244287112264663,0.297773913303172,mixture,50
mixture,0.007500000000000005,6805.388578259326,13616.777156518652,13631.500422355599,6.087572964938286,0.0027227908708641114,0.2977756395952606,mixture,50
mixture,0.007250000000000005,6805.435471712017,13616.870943424034,13631.59420926098,5.998292327725519,0.002721035099580927,0.2977774953289746,mixture,50
mixture,0.0070000000000000045,6805.489404045948,13616.978808091895,13631.702073928842,5.909017409348797,0.0027191486764515617,0.29777949472657755,mixture,50
mixture,0.006750000000000004,6805.551440709725,13617.10288141945,13631.826147256397,5.819748577989385,0.0027171167977799353,0.2977816542825953,mixture,50
mixture,0.006500000000000004,6805.622841231561,13617.245682463123,13631.96894830007,5.730485699855234,0.0027149229790884412,0.297783992567336,mixture,50
mixture,0.006250000000000004,6805.705102202285,13617.41020440457,13632.133470241517,5.6412289617516915,0.0027125477414033663,0.29778653138060723,mixture,50
mixture,0.05,6805.706916206271,13617.413832412542,13632.137098249488,21.287795402124143,0.0027628805019243056,0.29773652412260043,mixture,50
mixture,0.006000000000000004,6805.800011695914,13617.600023391828,13632.323289228774,5.551978930960372,0.002709967919946011,0.2977892966024991,mixture,50
mixture,0.005750000000000003,6805.909718742094,13617.819437484188,13632.542703321134,5.4627353505494955,0.002707157430677939,0.29779231759964747,mixture,50
mixture,0.1,6805.932767994237,13617.865535988474,13632.58880182542,39.17933949235866,0.002765753946275879,0.2977339285970211,mixture,50
mixture,0.15000000000000002,6806.018584115143,13618.037168230287,13632.760434067233,57.071767675179935,0.0027666669476642406,0.29773312529018636,mixture,50
mixture,0.005500000000000003,6806.036824101127,13618.073648202255,13632.796914039202,5.373421084182026,0.002704183523259539,0.29779590984161414,mixture,50
mixture,0.2,6806.063585262983,13618.127170525966,13632.850436362913,74.96444037231947,0.0027671141353844933,0.29773273642864917,mixture,50
mixture,0.25,6806.09127200041,13618.18254400082,13632.905809837766,92.85721300137807,0.002767379401299372,0.2977325073085293,mixture,50
mixture,0.3,6806.110019560175,13618.22003912035,13632.943304957296,110.75004193617937,0.00276755481356363,0.2977323564713212,mixture,50
mixture,0.35000000000000003,6806.1235538290985,13618.247107658197,13632.970373495144,128.64290242315255,0.002767679420317238,0.2977322496616968,mixture,50
mixture,0.4,6806.133783300427,13618.267566600854,13632.990832437801,146.53578640109043,0.0027677724270180636,0.2977321701253493,mixture,50
mixture,0.45,6806.1417864474515,13618.283572894903,13633.00683873185,164.42869051748875,0.0027678444236020378,0.2977321086792644,mixture,50
mixture,0.5,6806.148218607592,13618.296437215184,13633.01970305213,182.32153364862316,0.0027679029566445978,0.29773205082321275,mixture,50
mixture,0.005250000000000003,6806.177339983722,13618.354679967444,13633.07794580439,359.37175994923535,0.29998521383180754,0.002768159761145599,mixture,50
mixture,0.005000000000000003,6806.177347260807,13618.354694521615,13633.077960358562,359.46123514610787,0.29999999990408416,0.0027681597866651996,mixture,50
mixture,0.0047500000000000025,6806.177354505726,13618.354709011452,13633.077974848398,359.5507061870955,0.2999999999093231,0.0027681598508104187,mixture,50
mixture,0.004500000000000002,6806.177361747028,13618.354723494056,13633.077989331003,359.6401771344252,0.29999999991180093,0.002768159915644343,mixture,50
mixture,0.004250000000000002,6806.177368984715,13618.35473796943,13633.078003806377,359.729647925531,0.29999999991790155,0.00276815998164792,mixture,50
mixture,0.004000000000000002,6806.177376218817,13618.354752437634,13633.07801827458,359.8191188149093,0.29999999992213294,0.00276816004686231,mixture,50
mixture,0.0037500000000000016,6806.177383448812,13618.354766897624,13633.078032734571,359.90858454105336,0.29999964476228674,0.0027681601518710908,mixture,50
mixture,0.0035000000000000014,6806.177390676225,13618.35478135245,13633.078047189396,359.99806099327526,0.29999999993148413,0.0027681601741200877,mixture,50
mixture,0.003250000000000001,6806.177397899534,13618.354795799069,13633.078061636015,360.08752643136404,0.29999999993635446,0.0027681602811449996,mixture,50
mixture,0.003000000000000001,6806.177405117008,13618.354810234016,13633.078076070962,360.1770029060392,0.29999792848393303,0.0027681603038222876,mixture,50
mixture,0.0027500000000000007,6806.177412335421,13618.354824670841,13633.078090507788,360.2664737803662,0.29999999994600546,0.0027681603684592744,mixture,50
mixture,0.0025000000000000005,6806.177419545965,13618.35483909193,13633.078104928876,360.35594476350934,0.29999780836463963,0.002768160433226036,mixture,50
mixture,0.0022500000000000003,6806.177426754626,13618.354853509252,13633.078119346199,360.445410258281,0.2999972085960026,0.0027681605397118603,mixture,50
mixture,0.002,6806.177433962315,13618.35486792463,13633.078133761577,360.53488099803786,0.2999999999604784,0.0027681606052687843,mixture,50
null,,6806.177491477061,13614.354982954123,13619.262738233105,361.2506626285591,0.0027681610124220264,,mixture,50
sum,,6833.10344197337,13668.20688394674,13673.114639225721,527.847678738249,0.0037889718579055594,,mixture,50
mixture,0.010000000000000007,6688.586957169524,13383.173914339048,13397.897180175994,61.99719416023047,0.0010307690489331522,0.018930810787033743,mixture,51
mixture,0.009750000000000007,6689.473991930016,13384.947983860033,13399.67124969698,64.32312702385065,0.0009614104952061105,0.01827643994354817,mixture,51
mixture,0.009250000000000006,6691.557244981155,13389.11448996231,13403.837755799257,63.549879504417206,0.0009378346012420397,0.018454279917591538,mixture,51
mixture,0.009000000000000006,6692.687588338704,13391.375176677408,13406.098442514354,63.13013329454953,0.0009260095274174589,0.0185542266396719,mixture,51
mixture,0.009500000000000007,6692.7694280952555,13391.538856190511,13406.262122027458,52.16250110352607,0.0012599615472531998,0.022197277974567522,mixture,51
mixture,0.008750000000000006,6693.883196451586,13393.766392903171,13408.489658740118,62.68596086160352,0.0009141772759907736,0.01866250750103891,mixture,51
mixture,0.008250000000000006,6696.491566597603,13398.983133195206,13413.706399032153,61.70833705494428,0.0008906881731280391,0.018909985474523234,mixture,51
mixture,0.008500000000000006,6696.741965872645,13399.48393174529,13414.207197582236,51.13321780604316,0.001178019228112785,0.02257631072002255,mixture,51
mixture,0.008000000000000005,6697.916492767538,13401.832985535077,13416.556251372023,61.167338910700465,0.0008791245249455689,0.019052237002066885,mixture,51
mixture,0.007750000000000005,6699.431173502885,13404.86234700577,13419.585612842717,60.58714576358272,0.0008677356180723418,0.01920885869919928,mixture,51
mixture,0.007500000000000005,6701.043560566499,13408.087121132998,13422.810386969944,59.96251284597882,0.0008565918818524282,0.019382159372371126,mixture,51
mixture,0.007250000000000005,6704.049919601512,13414.099839203023,13428.82310503997,48.71876279310279,0.0011040468265504544,0.023551663252147942,mixture,51
mixture,0.0070000000000000045,6704.598098840716,13415.196197681433,13429.91946351838,58.562077266487,0.0008352827350132615,0.019788097424676694,mixture,51
mixture,0.006750000000000004,6706.561415921096,13419.122831842193,13433.84609767914,57.774843905438374,0.0008252742134859827,0.02002691993369254,mixture,51
mixture,0.006500000000000004,6708.665108446041,13423.330216892082,13438.053482729028,56.9203209438357,0.0008158605027261056,0.020294863766313936,mixture,51
mixture,0.006250000000000004,6712.278834562427,13430.557669124853,13445.2809349618,45.0418065914424,0.0010826971212241044,0.02530610150918478,mixture,51
mixture,0.006000000000000004,6713.634352678426,13433.268705356852,13447.991971193798,49.917498978395486,0.0009166907741208994,0.022917897185423988,mixture,51
mixture,0.005750000000000003,6715.970417017192,13437.940834034383,13452.66409987133,53.885890047182286,0.0007922233312285913,0.021323099930714216,mixture,51
mixture,0.005500000000000003,6719.3120857188205,13444.624171437641,13459.347437274588,45.86948238112991,0.0009531248311010218,0.024801123694869906,mixture,51
mixture,0.005250000000000003,6721.941764646692,13449.883529293384,13464.60679513033,48.686783662953935,0.0008453332852377611,0.023418988453004684,mixture,51
mixture,0.005000000000000003,6725.180276754392,13456.360553508785,13471.083819345731,49.91686568094667,0.0007800162044827684,0.022870018396632583,mixture,51
mixture,0.0047500000000000025,6728.7920994913575,13463.584198982715,13478.307464819662,48.307476356688454,0.000780294034986272,0.02357293583142992,mixture,51
mixture,0.004500000000000002,6732.729146573294,13471.458293146588,13486.181558983535,46.51100242437397,0.0007839469605481008,0.024416973823629257,mixture,51
mixture,0.004250000000000002,6738.529105972624,13483.058211945248,13497.781477782195,13.615977711602524,0.0021138169847847396,0.08580059897163185,mixture,51
mixture,0.004000000000000002,6740.483198614346,13486.966397228693,13501.68966306564,11.391229063163898,0.0022595660402854392,0.10352378285607569,mixture,51
mixture,0.0037500000000000016,6742.239377905022,13490.478755810043,13505.20202164699,10.128383150330112,0.002335692617962987,0.11689146261915292,mixture,51
mixture,0.0035000000000000014,6743.915671136562,13493.831342273124,13508.554608110071,9.197421271581014,0.002386656852703579,0.1288977370127506,mixture,51
mixture,0.003250000000000001,6745.572066271599,13497.144132543199,13511.867398380145,8.430866116436592,0.002424871891940582,0.14057365082073545,mixture,51
mixture,0.003000000000000001,6747.250673930754,13500.501347861507,13515.224613698454,7.760198163369135,0.0024556036463926575,0.1524813945964507,mixture,51
mixture,0.0027500000000000007,6748.987963223253,13503.975926446506,13518.699192283453,7.149966251060161,0.0024814774685014474,0.1650596419193465,mixture,51
mixture,0.0025000000000000005,6750.820566191509,13507.641132383018,13522.364398219965,6.5788959075472295,0.0025041848777612803,0.17874527607263216,mixture,51
mixture,0.0022500000000000003,6752.7893603637895,13511.578720727579,13526.301986564526,6.032352151852774,0.0025248673511813536,0.19406886537795534,mixture,51
mixture,0.002,6754.943478788431,13515.886957576862,13530.610223413809,5.499522919717465,0.002544708931764251,0.21172873601481593,mixture,51
mixture,0.05,6770.920751551639,13547.841503103278,13562.564768940225,20.470842202275875,0.002893739464969624,0.29760398219459466,mixture,51
mixture,0.1,6772.033101038211,13550.066202076421,13564.789467913368,37.56874778866209,0.002894808849611934,0.2976040344515876,mixture,51
mixture,0.15000000000000002,6772.425283836557,13550.850567673115,13565.573833510061,54.66846863127715,0.0028950640024107527,0.2976041891745276,mixture,51
mixture,0.2,6772.6256437492975,13551.251287498595,13565.974553335542,71.76869094494563,0.0028951706046964226,0.2976042949401193,mixture,51
mixture,0.25,6772.747261216596,13551.494522433191,13566.217788270138,88.86912373806643,0.0028952275258781884,0.29760436795623985,mixture,51
mixture,0.3,6772.828932034585,13551.65786406917,13566.381129906116,105.96967155419945,0.002895262267351036,0.29760442092937134,mixture,51
mixture,0.35000000000000003,6772.887561285931,13551.775122571862,13566.498388408809,123.07028900985954,0.002895285418993445,0.2976044610183403,mixture,51
mixture,0.4,6772.93168904523,13551.86337809046,13566.586643927407,140.16701598770197,0.0028953847991247863,0.2976011176912064,mixture,51
mixture,0.45,6772.966115515189,13551.932231030378,13566.655496867324,157.26894441828287,0.00289536442936365,0.29760380505546713,mixture,51
mixture,0.5,6772.99371457802,13551.98742915604,13566.710694992988,174.37219965691335,0.002895326127138093,0.2976045092726048,mixture,51
null,,6773.11857928845,13548.2371585769,13553.144913855882,345.3793562400008,0.0028953670273943926,,mixture,51
sum,,6807.115510710461,13616.231021420923,13621.138776699905,510.1953662695945,0.003920066963021321,,mixture,51
mixture,0.010000000000000007,6673.273052660954,13352.546105321908,13367.269371158854,65.71689909283494,0.0010508259589248443,0.017615478017037042,mixture,52
mixture,0.009750000000000007,6674.41062259483,13354.82124518966,13369.544511026606,65.0382161429186,0.0010459083615917241,0.01777311502039189,mixture,52
mixture,0.009500000000000007,6675.698552309999,13357.397104619999,13372.120370456945,63.97274328554667,0.001049341020024317,0.018035507225827276,mixture,52
mixture,0.009000000000000006,6676.77221922815,13359.5444384563,13374.267704293246,72.32709285086523,0.00084619863775361,0.016063855436293226,mixture,52
mixture,0.009250000000000006,6677.151087485628,13360.302174971255,13375.025440808202,62.58301901434072,0.0010602375662723364,0.018395404816095123,mixture,52
mixture,0.008750000000000006,6679.632340826302,13365.264681652605,13379.987947489552,62.04942322608523,0.001027992936439641,0.01851499328012464,mixture,52
mixture,0.008250000000000006,6681.555676651531,13369.111353303062,13383.834619140009,65.32486784393181,0.0009126613066872374,0.017620031664703918,mixture,52
mixture,0.008000000000000005,6683.93086617842,13373.86173235684,13388.584998193786,61.10490835950808,0.0009790898727225028,0.018740298741356628,mixture,52
mixture,0.25,6686.531883308127,13379.063766616255,13393.787032453201,172.64608921013843,0.0025131030372494254,0.010250455811909623,mixture,52
mixture,0.008500000000000006,6686.727603054678,13379.455206109356,13394.178471946303,52.608816940356206,0.001292671401049485,0.02153876190332421,mixture,52
mixture,0.007750000000000005,6687.035518095734,13380.071036191468,13394.794302028415,56.405069318640784,0.0010684958092400504,0.020187426296487315,mixture,52
mixture,0.007500000000000005,6688.220131237169,13382.440262474338,13397.163528311285,57.309450859982334,0.0010178928635196335,0.019873335912727524,mixture,52
mixture,0.0070000000000000045,6690.801266933486,13387.602533866971,13402.325799703918,60.37055572260388,0.0008932638021556922,0.0189019994538975,mixture,52
mixture,0.007250000000000005,6694.175790937208,13394.351581874416,13409.074847711363,49.79109233794627,0.0012121525935677579,0.022660352973091602,mixture,52
mixture,0.006000000000000004,6698.756890979098,13403.513781958196,13418.237047795143,69.30079552715955,0.0006185465454029822,0.016677674304362254,mixture,52
mixture,0.006750000000000004,6698.842827329342,13403.685654658684,13418.40892049563,47.739928863043204,0.0012106424388833455,0.023556615237751825,mixture,52
mixture,0.006500000000000004,6700.136629157054,13406.273258314108,13420.996524151054,48.06055150290049,0.0011588791262822369,0.023403076558258844,mixture,52
mixture,0.006250000000000004,6700.729333884596,13407.458667769191,13422.181933606138,50.206235867174826,0.0010553746628597172,0.022440299475574292,mixture,52
mixture,0.005750000000000003,6701.609273001393,13409.218546002787,13423.941811839733,67.93058870243777,0.0006123348982893681,0.01698402568860951,mixture,52
mixture,0.005500000000000003,6704.699641954106,13415.399283908211,13430.122549745158,66.47741788168699,0.0006066744276509628,0.017322283364018084,mixture,52
mixture,0.005250000000000003,6720.725164699736,13447.450329399471,13462.173595236418,16.24366469522053,0.002132140125720559,0.07218088222303712,mixture,52
mixture,0.005000000000000003,6722.565576677271,13451.131153354541,13465.854419191488,12.336523645903279,0.002391700942923403,0.09711143479356962,mixture,52
mixture,0.0047500000000000025,6724.077549415941,13454.155098831881,13468.878364668828,10.310418087483685,0.002531207324142412,0.11800669893426748,mixture,52
mixture,0.004500000000000002,6725.345754556256,13456.691509112512,13471.414774949459,8.893587689241924,0.002628296544859178,0.13862098964309333,mixture,52
mixture,0.004250000000000002,6726.443239077138,13458.886478154276,13473.609743991223,7.885481912779734,0.0026936586115073997,0.15786255813591998,mixture,52
mixture,0.004000000000000002,6727.432161119401,13460.864322238802,13475.587588075748,7.127449895803683,0.002738760928532266,0.17575637047975812,mixture,52
mixture,0.0037500000000000016,6728.355679253093,13462.711358506185,13477.434624343132,6.514646037950988,0.0027719339933540807,0.1930043793917687,mixture,52
mixture,0.0035000000000000014,6729.243634655759,13464.487269311518,13479.210535148464,5.993470455241367,0.0027975313892767105,0.21012711812944992,mixture,52
mixture,0.003250000000000001,6730.118265309404,13466.236530618808,13480.959796455754,5.531984657000928,0.0028182485716387144,0.22763157692720185,mixture,52
mixture,0.003000000000000001,6730.9977459112515,13467.995491822503,13482.71875765945,5.110393775831827,0.0028357215358450322,0.24602328335835802,mixture,52
mixture,0.0027500000000000007,6732.11349376032,13470.22698752064,13484.950253357587,4.3012084209881145,0.002893802513232464,0.2976064628545041,mixture,52
mixture,0.0025000000000000005,6732.8546093027235,13471.709218605447,13486.432484442394,4.220224678679846,0.0028779530065508826,0.297623336346964,mixture,52
mixture,0.0022500000000000003,6733.874044732449,13473.748089464898,13488.471355301845,4.1392046303206795,0.002858802004704018,0.2976437591551264,mixture,52
mixture,0.05,6734.31015040773,13474.62030081546,13489.343566652407,19.66008314231488,0.003036486871568305,0.29746196807557646,mixture,52
mixture,0.1,6734.931473390696,13475.862946781392,13490.586212618338,35.93044127494375,0.0030390679096917667,0.29746013382095554,mixture,52
mixture,0.15000000000000002,6735.154503745674,13476.309007491349,13491.032273328296,52.20198234843489,0.0030398554414586615,0.29745962650465874,mixture,52
mixture,0.002,6735.247692561576,13476.495385123151,13491.218650960098,4.031140232964839,0.0028389993545243812,0.3,mixture,52
mixture,0.2,6735.269184840662,13476.538369681324,13491.26163551827,68.47385561692946,0.0030402338663356944,0.29745939459963316,mixture,52
mixture,0.3,6735.386032877055,13476.77206575411,13491.495331591057,101.01583122896332,0.0030406671110043823,0.2974582216515406,mixture,52
mixture,0.35000000000000003,6735.419824234812,13476.839648469624,13491.56291430657,117.2891701679644,0.003040728529440197,0.2974589258458237,mixture,52
mixture,0.4,6735.445286256757,13476.890572513514,13491.61383835046,133.56207258135436,0.0030407847957203793,0.29745904461156686,mixture,52
mixture,0.45,6735.465160883157,13476.930321766315,13491.653587603261,149.8342030078478,0.0030408444443324524,0.2974590160583599,mixture,52
mixture,0.5,6735.481105459078,13476.962210918156,13491.685476755103,166.10634572908685,0.0030408919363163756,0.29745899338264997,mixture,52
null,,6735.55335278972,13473.10670557944,13478.014460858421,328.82808783680673,0.0030411027433164027,,mixture,52
sum,,6767.408038197875,13536.81607639575,13541.723831674732,486.41200063447457,0.004111740658929478,,mixture,52
mixture,0.010000000000000007,6776.620096352184,13559.240192704368,13573.963458541315,21.575600321976005,0.0020265208474021866,0.0594914928513331,mixture,53
mixture,0.009250000000000006,6777.371688237783,13560.743376475566,13575.466642312513,25.479804525603235,0.0018735626389894304,0.04822884305637991,mixture,53
mixture,0.009750000000000007,6777.563612395183,13561.127224790365,13575.850490627312,20.676736435899272,0.002053713684671373,0.062165555197995846,mixture,53
mixture,0.009000000000000006,6778.32851695745,13562.6570339149,13577.380299751847,24.377619077791138,0.0019024871225671693,0.05044034921357312,mixture,53
mixture,0.009500000000000007,6778.468639950562,13562.937279901123,13577.66054573807,19.881805238839032,0.0020774357883070935,0.06470109446260736,mixture,53
mixture,0.008750000000000006,6779.296891373419,13564.593782746839,13579.317048583785,23.319297001544932,0.00193072994799464,0.052761615375843014,mixture,53
mixture,0.008500000000000006,6780.276864846148,13566.553729692296,13581.276995529242,22.294758584148063,0.0019587526837373057,0.05522058010856261,mixture,53
mixture,0.008250000000000006,6781.268122799799,13568.536245599598,13583.259511436545,21.297097457967507,0.001986850089630101,0.057845540112934885,mixture,53
mixture,0.008000000000000005,6782.270016532788,13570.540033065576,13585.263298902522,20.32208268413761,0.002015191309984715,0.06066448550208712,mixture,53
mixture,0.007750000000000005,6783.281579544532,13572.563159089064,13587.286424926011,19.365678889459126,0.0020439390584193152,0.06371203472423563,mixture,53
mixture,0.007500000000000005,6784.301524010356,13574.603048020712,13589.326313857659,18.427952057748684,0.0020730910079819437,0.06701477945886736,mixture,53
mixture,0.007250000000000005,6785.328208753126,13576.656417506252,13591.379683343199,17.505114401687244,0.0021028587594509947,0.07062103268760735,mixture,53
mixture,0.0070000000000000045,6786.359568487971,13578.719136975942,13593.442402812889,16.596953029523963,0.002133257037086963,0.07457426389089825,mixture,53
mixture,0.006750000000000004,6787.392988685456,13580.785977370911,13595.509243207858,15.701062957634935,0.0021644398376007112,0.07893917098388531,mixture,53
mixture,0.006500000000000004,6788.425114763177,13582.850229526353,13597.5734953633,14.815010545683304,0.002196577314853608,0.08379821346423066,mixture,53
mixture,0.006250000000000004,6789.451589534448,13584.903179068897,13599.626444905844,13.936068915532445,0.002229877169447147,0.08925985900736572,mixture,53
mixture,0.006000000000000004,6790.46673783396,13586.93347566792,13601.656741504867,13.061376606319374,0.002264588764242411,0.09546778742281302,mixture,53
mixture,0.005750000000000003,6791.46328655971,13588.92657311942,13603.649838956366,12.189697091911498,0.0023008530065111196,0.10259917289823309,mixture,53
mixture,0.005500000000000003,6792.432377515017,13590.864755030034,13605.58802086698,11.323582821656146,0.00233855273437016,0.11084854654446916,mixture,53
mixture,0.005250000000000003,6793.36442107346,13592.72884214692,13607.452107983867,10.473434902682238,0.002376959287354618,0.12036084873780531,mixture,53
mixture,0.005000000000000003,6794.251419205532,13594.502838411065,13609.226104248011,9.65986287411814,0.0024144628833684483,0.13111066411898745,mixture,53
mixture,0.0047500000000000025,6795.090278584212,13596.180557168424,13610.90382300537,8.907244540381276,0.0024490419328205273,0.1428374483448054,mixture,53
mixture,0.004500000000000002,6795.884609449877,13597.769218899753,13612.4924847367,8.231059542627209,0.002479124272161724,0.15516133659685757,mixture,53
mixture,0.004250000000000002,6796.643248366681,13599.286496733363,13614.00976257031,7.629491903489955,0.002504506733220064,0.1678451656716825,mixture,53
mixture,0.004000000000000002,6797.377259850669,13600.754519701339,13615.477785538285,7.090792007549756,0.002525810277886273,0.1808560662248411,mixture,53
mixture,0.0037500000000000016,6798.097796988574,13602.195593977149,13616.918859814095,6.600963064033092,0.0025438853904406304,0.19432047622938842,mixture,53
mixture,0.0035000000000000014,6798.815240567563,13603.630481135126,13618.353746972072,6.147274519614452,0.002559578043102674,0.20847883819164326,mixture,53
mixture,0.003250000000000001,6799.539013725179,13605.078027450358,13619.801293287304,5.71883285430992,0.0025736826203497927,0.22368460887322783,mixture,53
mixture,0.003000000000000001,6800.277510714115,13606.55502142823,13621.278287265177,5.307097739664726,0.0025867159168713304,0.24039585946243505,mixture,53
mixture,0.0027500000000000007,6801.32200733638,13608.64401467276,13623.367280509707,4.387973821045056,0.0026445905008600007,0.29785414012396183,mixture,53
mixture,0.0025000000000000005,6801.872012985348,13609.744025970696,13624.467291807643,4.29890083213747,0.0026312707024892653,0.2978688231317243,mixture,53
mixture,0.0022500000000000003,6802.656795879107,13611.313591758215,13626.036857595162,4.209829003357882,0.002615058316249492,0.2978867247758147,mixture,53
mixture,0.002,6803.750673574523,13613.501347149046,13628.224612985992,4.096515349154034,0.002597913129549092,0.3,mixture,53
mixture,0.05,6805.36684574301,13616.73369148602,13631.456957322967,21.289452512836704,0.00276262822183172,0.29773610346227664,mixture,53
mixture,0.1,6806.073324008132,13618.146648016263,13632.86991385321,39.19593237734254,0.002764484551482378,0.2977348587460701,mixture,53
mixture,0.15000000000000002,6806.3271096563185,13618.654219312637,13633.377485149584,57.10393405205401,0.0027650257871677858,0.2977345476230669,mixture,53
mixture,0.2,6806.457683904558,13618.915367809115,13633.638633646062,75.01235935131442,0.0027652802130275402,0.29773441369793596,mixture,53
mixture,0.25,6806.537241875711,13619.074483751421,13633.797749588368,92.92096413301209,0.0027654273801934956,0.29773434067365956,mixture,53
mixture,0.3,6806.590794645321,13619.181589290642,13633.904855127588,110.82966349929403,0.0027655230813810627,0.2977342951855053,mixture,53
mixture,0.35000000000000003,6806.629301189099,13619.258602378199,13633.981868215145,128.73841510462913,0.0027655902984027037,0.29773426425110694,mixture,53
mixture,0.4,6806.6583213822905,13619.316642764581,13634.039908601528,146.6472088891293,0.002765639904965986,0.2977342420747665,mixture,53
mixture,0.45,6806.680976250628,13619.361952501256,13634.085218338203,164.55603026242883,0.0027656780191220288,0.29773422544365963,mixture,53
mixture,0.5,6806.6991530509695,13619.398306101939,13634.121571938886,182.46492374251835,0.002765707407426973,0.29773421320852267,mixture,53
null,,6806.781535141097,13615.563070282195,13620.470825561177,361.5533344747223,0.0027658436657840148,,mixture,53
sum,,6835.275081259846,13672.550162519692,13677.457917798674,528.6887835875102,0.003782943883221146,,mixture,53
mixture,0.010000000000000007,6767.567644778237,13541.135289556474,13555.85855539342,65.36176567171857,0.0009568886148454918,0.018029099444970966,mixture,54
mixture,0.009750000000000007,6768.893426153909,13543.786852307818,13558.510118144764,64.50997007512045,0.0009554807453333532,0.018234739878562504,mixture,54
mixture,0.009500000000000007,6770.433714320909,13546.867428641817,13561.590694478764,63.301495433742545,0.0009621515592396335,0.018539040810375863,mixture,54
mixture,0.009250000000000006,6774.149257920404,13554.298515840808,13569.021781677755,58.57278883902607,0.0010624723888240694,0.0198679758752948,mixture,54
mixture,0.008250000000000006,6774.910876166259,13555.821752332518,13570.545018169465,75.42463721941611,0.0006263775195384699,0.01593078860318735,mixture,54
mixture,0.008500000000000006,6776.177122643459,13558.354245286919,13573.077511123865,61.158527946737294,0.0009229390581405552,0.019086093139293697,mixture,54
mixture,0.008000000000000005,6776.656094858319,13559.312189716638,13574.035455553585,74.46943459063489,0.0006202519140603011,0.016111363458462275,mixture,54
mixture,0.009000000000000006,6777.20804546155,13560.4160909231,13575.139356760046,56.06975011309212,0.0011130139291797578,0.02065289062316376,mixture,54
mixture,0.007750000000000005,6778.51195499745,13563.0239099949,13577.747175831846,73.46798110697301,0.0006143612367537462,0.01630561970174565,mixture,54
mixture,0.008750000000000006,6780.310213813809,13566.620427627618,13581.343693464565,54.03218698511462,0.0011542333215883549,0.021339508745374536,mixture,54
mixture,0.0070000000000000045,6784.846189419482,13575.692378838963,13590.41564467591,70.17659339457362,0.0005983869712492134,0.01698060617330611,mixture,54
mixture,0.006750000000000004,6787.253741118803,13580.507482237606,13595.230748074553,68.98035264155929,0.0005936277056456404,0.017241053227409597,mixture,54
mixture,0.007500000000000005,6792.230606874777,13590.461213749553,13605.1844795865,48.20205024000296,0.0012004255834805774,0.023656712267994727,mixture,54
mixture,0.007250000000000005,6794.178531986184,13594.357063972368,13609.080329809314,47.34868839141844,0.001191629013387476,0.02405816316048106,mixture,54
mixture,0.006500000000000004,6802.785713545745,13611.57142709149,13626.294692928437,19.043100788916274,0.001919886156336696,0.06345208716404076,mixture,54
mixture,0.006250000000000004,6804.242160715815,13614.48432143163,13629.207587268576,16.95150123337422,0.002012724368097561,0.07177029674556394,mixture,54
mixture,0.006000000000000004,6805.628815919425,13617.25763183885,13631.980897675796,15.36655425579261,0.0020832914249477854,0.07960599791072435,mixture,54
mixture,0.005750000000000003,6806.9568976309465,13619.913795261893,13634.63706109884,13.978769916754695,0.002146731383652804,0.08798455144537738,mixture,54
mixture,0.005500000000000003,6808.223233136643,13622.446466273286,13637.169732110233,12.695734063532171,0.0022076806162000077,0.09745765683142668,mixture,54
mixture,0.005250000000000003,6809.417784897298,13624.835569794595,13639.558835631542,11.480982922295807,0.0022678959241525555,0.1085253419830422,mixture,54
mixture,0.005000000000000003,6810.526173919151,13627.052347838302,13641.775613675249,10.32038282286305,0.002327831654478426,0.12175034894929306,mixture,54
mixture,0.0047500000000000025,6811.533021003488,13629.066042006976,13643.789307843923,9.224081857161611,0.0023861312362275086,0.1375906732899342,mixture,54
mixture,0.004500000000000002,6812.429150488826,13630.858300977652,13645.581566814599,8.228663239545098,0.0024392710953188308,0.15594038469536167,mixture,54
mixture,0.004250000000000002,6813.219542930219,13632.439085860438,13647.162351697385,7.3712805513752215,0.0024836043388760617,0.17592576215109987,mixture,54
mixture,0.004000000000000002,6813.922074893154,13633.844149786308,13648.567415623254,6.652780940170026,0.002518542387270906,0.19666068971699874,mixture,54
mixture,0.0037500000000000016,6814.558320431821,13635.116640863642,13649.839906700588,6.046472615140522,0.002545651002675114,0.2178370784268264,mixture,54
mixture,0.0035000000000000014,6815.538267254978,13637.076534509955,13651.799800346902,4.677510052866006,0.002627417398734635,0.2978713950308271,mixture,54
mixture,0.003250000000000001,6815.842846634766,13637.685693269532,13652.408959106479,4.586881319118341,0.002619410821004238,0.2978801610463121,mixture,54
mixture,0.003000000000000001,6816.2469647094285,13638.493929418857,13653.217195255804,4.496263789911075,0.002610067689388363,0.29789041789119414,mixture,54
mixture,0.0027500000000000007,6816.78476196438,13639.56952392876,13654.292789765706,4.405658814899335,0.002599028031739663,0.2979025724914013,mixture,54
mixture,0.0025000000000000005,6817.505413351302,13641.010826702604,13655.734092539551,4.315069100443528,0.002585787140229348,0.29791722148504735,mixture,54
mixture,0.05,6817.708356897716,13641.416713795432,13656.139979632379,21.598380535467662,0.002716191465815141,0.29778206277628966,mixture,54
mixture,0.1,6818.2086549722535,13642.417309944507,13657.140575781454,39.80776515308991,0.0027184690807338678,0.29778103051923704,mixture,54
mixture,0.15000000000000002,6818.3891750699995,13642.778350139999,13657.501615976946,58.01962949259831,0.00271910657635918,0.2977805683265156,mixture,54
mixture,0.0022500000000000003,6818.438022028758,13642.876044057515,13657.599309894462,4.200457084200663,0.0025725347588248827,0.3,mixture,54
mixture,0.2,6818.482175545565,13642.96435109113,13657.687616928077,76.23183590261046,0.0027194126858383245,0.2977803541247154,mixture,54
mixture,0.25,6818.538875046356,13643.077750092712,13657.80101592966,94.44418365526774,0.002719592173032848,0.2977802312042394,mixture,54
mixture,0.3,6818.577054717469,13643.154109434938,13657.877375271884,112.65660828320044,0.0027197099370024165,0.29778015175836603,mixture,54
mixture,0.35000000000000003,6818.604513746449,13643.209027492898,13657.932293329844,130.86907318277855,0.002719793203633776,0.2977800961702159,mixture,54
mixture,0.4,6818.625211404042,13643.250422808083,13657.97368864503,149.08157184378916,0.002719855029570946,0.29778005526947954,mixture,54
mixture,0.45,6818.641371141688,13643.282742283376,13658.006008120323,167.29409099890148,0.002719902779707688,0.29778002389242997,mixture,54
mixture,0.5,6818.654337858361,13643.308675716722,13658.031941553669,185.50665829338857,0.0027199402676366677,0.2977799995442787,mixture,54
mixture,0.002,6818.713003075252,13643.426006150505,13658.149271987451,366.9034925331525,0.29999999994412707,0.0027201107495085737,mixture,54
null,,6818.713119064344,13639.426238128688,13644.33399340767,367.63205702977297,0.002720110993800016,,mixture,54
sum,,6847.072517962454,13696.145035924908,13701.05279120389,536.6703663357106,0.0037266823835563024,,mixture,54
mixture,0.05,6716.95069964434,13439.90139928868,13454.624665125626,94.56517973264421,0.0017005212188279056,0.01457895295816378,mixture,55
mixture,0.010000000000000007,6734.573696230251,13475.147392460502,13489.870658297448,43.31586161056113,0.0013542048347029711,0.027552461141109392,mixture,55
mixture,0.009750000000000007,6735.469828904816,13476.939657809631,13491.662923646578,42.43557700108289,0.0013589215225702537,0.028083618342686457,mixture,55
mixture,0.009500000000000007,6736.406892907543,13478.813785815086,13493.537051652032,41.5375004354849,0.0013641720325094204,0.02864905238700802,mixture,55
mixture,0.009250000000000006,6737.387228930978,13480.774457861957,13495.497723698903,40.62662073142484,0.001369839196995294,0.029248093010267706,mixture,55
mixture,0.009000000000000006,6738.413378674604,13482.826757349208,13497.550023186155,39.70036237737668,0.0013760356682053908,0.029885553489159458,mixture,55
mixture,0.008750000000000006,6739.488110338163,13484.976220676326,13499.699486513273,38.7587924198665,0.0013827842545479588,0.03056491088786347,mixture,55
mixture,0.008500000000000006,6740.614447263797,13487.228894527594,13501.95216036454,37.806052893082935,0.0013899967824707886,0.03128655341480813,mixture,55
mixture,0.008250000000000006,6741.795698521422,13489.591397042845,13504.314662879791,36.842226575108434,0.0013977038748370515,0.03205429790369817,mixture,55
mixture,0.008000000000000005,6743.035492590989,13492.070985181977,13506.794251018924,35.867424943343686,0.0014059270890654516,0.032872467698434236,mixture,55
mixture,0.007750000000000005,6744.337812755065,13494.67562551013,13509.398891347077,34.881856566901945,0.001414705702834143,0.03374576984885861,mixture,55
mixture,0.007500000000000005,6745.707033485831,13497.414066971662,13512.137332808608,33.886835134816124,0.001424005804115814,0.03467854323646682,mixture,55
mixture,0.007250000000000005,6747.147955715398,13500.295911430796,13515.019177267743,32.8794893119444,0.0014339860014344647,0.03568007541642506,mixture,55
mixture,0.0070000000000000045,6748.665837969068,13503.331675938136,13518.054941775083,31.859287555426665,0.0014447127287887547,0.03675867192159358,mixture,55
mixture,0.006750000000000004,6750.266416133094,13506.532832266188,13521.256098103135,30.823124692510355,0.0014563525582399516,0.037927303179856445,mixture,55
mixture,0.006500000000000004,6751.9558998729,13509.9117997458,13524.635065582746,29.76621326621676,0.0014691688124732814,0.0392037817642131,mixture,55
mixture,0.006250000000000004,6753.74092160814,13513.48184321628,13528.205109053226,28.68427718364358,0.0014834094987786295,0.040609275409526656,mixture,55
mixture,0.006000000000000004,6755.628389985648,13517.256779971296,13531.980045808243,27.565890722307504,0.001499723231284863,0.042180927896529524,mixture,55
mixture,0.005750000000000003,6757.625146606657,13521.250293213314,13535.97355905026,26.39656074381773,0.0015189424790521024,0.04397189778848093,mixture,55
mixture,0.005500000000000003,6759.73719212703,13525.47438425406,13540.197650091006,25.15527012779387,0.0015423654219532204,0.04606444550128827,mixture,55
mixture,0.005250000000000003,6761.967874625759,13529.935749251517,13544.659015088464,23.794245729753687,0.0015728400960460338,0.04862796806808383,mixture,55
mixture,0.005000000000000003,6764.313142125704,13534.626284251408,13549.349550088355,22.22354450534549,0.001616064054774409,0.05201361228675336,mixture,55
mixture,0.0047500000000000025,6766.74578424195,13539.4915684839,13554.214834320846,20.17805779818277,0.0016891081855726743,0.05731051572501511,mixture,55
mixture,0.004500000000000002,6769.137157848795,13544.27431569759,13558.997581534537,16.767557150613754,0.0018565390843303037,0.0694033297370697,mixture,55
mixture,0.004250000000000002,6771.233655594404,13548.467311188808,13563.190577025754,13.936698793614447,0.002015183198616455,0.08418789865865328,mixture,55
mixture,0.004000000000000002,6773.154483441994,13552.308966883988,13567.032232720934,12.406993322996302,0.0020956026101817517,0.09487309521255068,mixture,55
mixture,0.0037500000000000016,6775.017630648517,13556.035261297035,13570.758527133981,11.287040266050557,0.002150009403548399,0.10439740361487557,mixture,55
mixture,0.0035000000000000014,6776.87656269031,13559.75312538062,13574.476391217566,10.354927503485005,0.002192622585261922,0.11377303925237284,mixture,55
mixture,0.003250000000000001,6778.765585871974,13563.531171743947,13578.254437580894,9.528512804161984,0.002228619818476971,0.12350977976399703,mixture,55
mixture,0.003000000000000001,6780.71217980811,13567.42435961622,13582.147625453166,8.768058733106416,0.0022607091958188456,0.1339866195251983,mixture,55
mixture,0.0027500000000000007,6782.741905205954,13571.483810411908,13586.207076248855,8.05154721777696,0.0022904062450148726,0.1455650956655517,mixture,55
mixture,0.0025000000000000005,6784.881451784733,13575.762903569466,13590.486169406413,7.365196410524433,0.002318715165355423,0.15866039796687934,mixture,55
mixture,0.0022500000000000003,6787.161733838443,13580.323467676886,13595.046733513833,6.700914097189808,0.0023462232553196735,0.17376573418470492,mixture,55
mixture,0.002,6789.622254168247,13585.244508336495,13599.967774173441,6.053520410410684,0.002373298435242499,0.1915248749849518,mixture,55
mixture,0.1,6808.626462490208,13623.252924980416,13637.976190817362,39.32878617590694,0.0027543609951487203,0.2977446280282943,mixture,55
mixture,0.15000000000000002,6809.010364731896,13624.020729463791,13638.743995300738,57.31052028811697,0.002754531234048037,0.2977448163660516,mixture,55
mixture,0.2,6809.206544863837,13624.413089727674,13639.13635556462,75.29279828918189,0.0027545957577026652,0.29774493752209946,mixture,55
mixture,0.25,6809.325642669581,13624.651285339161,13639.374551176108,93.27530513956295,0.002754627541577484,0.29774501930541425,mixture,55
mixture,0.3,6809.4056290064045,13624.811258012809,13639.534523849756,111.25792653601692,0.0027546458409635,0.29774507766362607,mixture,55
mixture,0.35000000000000003,6809.463052818701,13624.926105637402,13639.649371474348,129.2406191885233,0.0027546573709962803,0.2977451213846716,mixture,55
mixture,0.4,6809.506280754331,13625.012561508662,13639.735827345608,147.22336049125053,0.002754665097851897,0.29774515537790225,mixture,55
mixture,0.45,6809.539997826128,13625.079995652255,13639.803261489202,165.2061347519292,0.002754670553257619,0.2977451825619547,mixture,55
mixture,0.5,6809.5670317874155,13625.134063574831,13639.857329411778,183.1889806308925,0.0027546738315432054,0.2977452051634508,mixture,55
null,,6809.689352563493,13621.378705126986,13626.286460405969,363.0170850595689,0.002754691283568392,,mixture,55
sum,,6840.893681058964,13683.787362117928,13688.69511739691,532.8170881431978,0.003753633365945065,,mixture,55
mixture,0.010000000000000007,6724.208291443342,13454.416582886684,13469.139848723631,49.98587299572729,0.0012175679587651525,0.023699644168239536,mixture,56
mixture,0.009750000000000007,6725.214010424573,13456.428020849145,13471.151286686092,49.47236337164644,0.0012107527584215656,0.023907808542516656,mixture,56
mixture,0.009500000000000007,6726.270492021577,13458.540984043155,13473.264249880101,48.94350338625256,0.0012039610740279944,0.02412741643768626,mixture,56
mixture,0.009250000000000006,6727.398484757366,13460.796969514731,13475.520235351678,47.459000358398264,0.0012267736935452293,0.024819072304598882,mixture,56
mixture,0.009000000000000006,6728.549970512973,13463.099941025946,13477.823206862893,47.826949605590094,0.0011906902464070394,0.024609923583674653,mixture,56
mixture,0.008750000000000006,6729.845688091256,13465.691376182513,13480.41464201946,45.45498010377367,0.0012422492729012163,0.02580620456040135,mixture,56
mixture,0.008500000000000006,6731.078654451766,13468.157308903532,13482.880574740479,46.64103386639472,0.0011776253200141496,0.025150217436025638,mixture,56
mixture,0.008250000000000006,6732.448168726997,13470.896337453994,13485.619603290941,46.00804228656718,0.001171466868092229,0.02545194389063409,mixture,56
mixture,0.008000000000000005,6733.89500139871,13473.79000279742,13488.513268634366,45.3457817621825,0.0011656199931318852,0.025777963406575177,mixture,56
mixture,0.007750000000000005,6735.425252660179,13476.850505320357,13491.573771157304,44.650207484115604,0.0011601870182095862,0.026132300972673824,mixture,56
mixture,0.007500000000000005,6737.045660560964,13480.091321121929,13494.814586958875,43.91463531839638,0.001155345985580421,0.026521071354366575,mixture,56
mixture,0.007250000000000005,6738.763673542486,13483.527347084972,13498.250612921918,43.13553374795196,0.0011511983857126701,0.026949258179021773,mixture,56
mixture,0.0070000000000000045,6740.58752310457,13487.17504620914,13501.898312046087,42.300944001637376,0.0011480727979068285,0.02742808301977035,mixture,56
mixture,0.006750000000000004,6742.526286838936,13491.052573677873,13505.77583951482,41.396811201987575,0.0011464139847298096,0.02797187174670605,mixture,56
mixture,0.006500000000000004,6744.589915261766,13495.179830523532,13509.903096360478,40.40351805872925,0.001146836699569196,0.028601653625060387,mixture,56
mixture,0.006250000000000004,6746.789153551395,13499.57830710279,13514.301572939738,39.283984359119394,0.00115054256028273,0.029355929033100678,mixture,56
mixture,0.006000000000000004,6749.135148563263,13504.270297126526,13518.993562963473,37.971876467267954,0.0011597975021673864,0.030306208950331905,mixture,56
mixture,0.005750000000000003,6751.637882268133,13509.275764536265,13523.999030373212,36.275783259637265,0.0011811213851770966,0.03165642292496116,mixture,56
mixture,0.005500000000000003,6753.82859376363,13513.65718752726,13528.380453364207,18.869525420357785,0.0018952971845540795,0.06228234900220022,mixture,56
mixture,0.005250000000000003,6755.604548830093,13517.209097660187,13531.932363497133,16.513239684879732,0.002009388514575322,0.07156215067096146,mixture,56
mixture,0.005000000000000003,6757.291092407953,13520.582184815907,13535.305450652853,14.842693561367879,0.002089688793110144,0.07991972503702822,mixture,56
mixture,0.0047500000000000025,6758.91413743496,13523.82827486992,13538.551540706867,13.468377900339101,0.0021565369298412996,0.08834281045533439,mixture,56
mixture,0.004500000000000002,6760.490465417326,13526.980930834652,13541.704196671599,12.303111785722866,0.002213052736938728,0.09693544296754728,mixture,56
mixture,0.004250000000000002,6762.03242656742,13530.06485313484,13544.788118971786,11.281573924057048,0.002262388520509376,0.10589673514222872,mixture,56
mixture,0.004000000000000002,6763.549605402508,13533.099210805016,13547.822476641963,10.36349203656168,0.0023066055089339755,0.11542015586082477,mixture,56
mixture,0.0037500000000000016,6765.050074879197,13536.100149758395,13550.823415595341,9.525765973392309,0.0023467447778115396,0.12566525642518636,mixture,56
mixture,0.0035000000000000014,6766.541532234178,13539.083064468356,13553.806330305302,8.755203457217535,0.002383522033791216,0.13675435126492283,mixture,56
mixture,0.003250000000000001,6768.032413840259,13542.064827680519,13556.788093517465,8.038088106897714,0.002417466280884085,0.14890855645780307,mixture,56
mixture,0.003000000000000001,6769.532993840279,13545.065987680558,13559.789253517505,7.369151214356497,0.002448711431796834,0.162271684738213,mixture,56
mixture,0.0027500000000000007,6771.056517121395,13548.11303424279,13562.836300079736,6.742355353576942,0.0024774356265351563,0.1770579548733808,mixture,56
mixture,0.0025000000000000005,6772.620433284709,13551.240866569418,13565.964132406365,6.152076367454095,0.0025038209641568324,0.19355392957550938,mixture,56
mixture,0.0022500000000000003,6774.247867541759,13554.495735083518,13569.219000920464,5.5922502557545055,0.002528171080867613,0.21218435449619888,mixture,56
mixture,0.002,6775.969451404061,13557.938902808122,13572.662168645069,5.056958120038971,0.0025508310496232117,0.23356503043826424,mixture,56
mixture,0.05,6788.459441804842,13582.918883609684,13597.64214944663,20.879173421481006,0.0028268179224977537,0.29767120979885575,mixture,56
mixture,0.1,6789.519954249678,13585.039908499357,13599.763174336304,38.387387119858275,0.0028277410175208116,0.2976712543436701,mixture,56
mixture,0.15000000000000002,6789.894295180543,13585.788590361086,13600.511856198033,55.89749887863566,0.0028279476000296713,0.29767140311770857,mixture,56
mixture,0.2,6790.085615156551,13586.171230313103,13600.89449615005,73.40813336721766,0.0028280300227146787,0.2976715051584083,mixture,56
mixture,0.25,6790.201768505077,13586.403537010154,13601.1268028471,90.91898578477755,0.0028280725188699076,0.2976715756254963,mixture,56
mixture,0.3,6790.2797793241925,13586.559558648385,13601.282824485332,108.42995525981405,0.0028280977357439366,0.2976716267053648,mixture,56
mixture,0.35000000000000003,6790.335785668185,13586.67157133637,13601.394837173317,125.94099107538914,0.0028281142354762315,0.29767166521478333,mixture,56
mixture,0.4,6790.377946917075,13586.75589383415,13601.479159671097,143.45207714801055,0.002828125607468887,0.2976716954149367,mixture,56
mixture,0.45,6790.4108321768645,13586.821664353729,13601.544930190676,160.96320578117866,0.0028281336971816584,0.2976717198526954,mixture,56
mixture,0.5,6790.43719918502,13586.87439837004,13601.597664206987,178.4733819449836,0.0028281554179663266,0.29767161090789335,mixture,56
null,,6790.556503662872,13583.113007325745,13588.020762604727,353.5857637440765,0.002828168163251603,,mixture,56
sum,,6821.119033666406,13644.238067332812,13649.145822611794,519.3032936012963,0.0038513139135519,,mixture,56
mixture,0.009750000000000007,6739.55125096405,13485.1025019281,13499.825767765047,68.3696601495533,0.0007853813944636427,0.01769715882722056,mixture,57
mixture,0.009500000000000007,6740.25432885942,13486.50865771884,13501.231923555786,67.80968882021342,0.0007767075843430606,0.017821616080442172,mixture,57
mixture,0.010000000000000007,6741.091006859211,13488.182013718422,13502.905279555369,58.16126257606103,0.001046458897646535,0.020368180362077347,mixture,57
mixture,0.05,6742.099907918237,13490.199815836473,13504.92308167342,106.76298824049331,0.0014879416409728256,0.012985323069729781,mixture,57
mixture,0.008750000000000006,6742.674416071457,13491.348832142914,13506.07209797986,65.9721888899173,0.0007510606236234233,0.01824767212843022,mixture,57
mixture,0.009250000000000006,6743.040985661157,13492.081971322314,13506.80523715926,56.82660602726786,0.0010118310582442813,0.020777076852242837,mixture,57
mixture,0.009000000000000006,6743.671920575601,13493.343841151202,13508.067106988148,56.612520939384225,0.0009926855328090823,0.020842882958911277,mixture,57
mixture,0.008500000000000006,6745.857082290609,13497.714164581217,13512.437430418164,54.60173261178286,0.0009989555770386544,0.021510930475011313,mixture,57
mixture,0.008250000000000006,6746.410675828266,13498.821351656532,13513.544617493479,54.86012945575379,0.0009641084019868152,0.021418698378041796,mixture,57
mixture,0.008000000000000005,6747.4325766177535,13500.865153235507,13515.588419072454,54.2995415998037,0.0009526916325781322,0.021611126515506618,mixture,57
mixture,0.007500000000000005,6748.033729803421,13502.067459606842,13516.790725443789,62.266825562229606,0.0007107580503558169,0.01919183092636798,mixture,57
mixture,0.007750000000000005,6749.103085511802,13504.206171023605,13518.929436860552,52.53879049930357,0.0009758805023063953,0.022249132506498622,mixture,57
mixture,0.007250000000000005,6749.36088163132,13504.72176326264,13519.445029099586,61.40876382327072,0.0007032890207732874,0.01942757110744716,mixture,57
mixture,0.0070000000000000045,6750.792203199644,13507.584406399288,13522.307672236235,60.50595704323254,0.0006960809953028952,0.019682988500267444,mixture,57
mixture,0.006750000000000004,6752.337901556749,13510.675803113498,13525.399068950444,59.557688749398444,0.0006891409271363407,0.0199596545906184,mixture,57
mixture,0.006500000000000004,6755.493640169991,13516.987280339981,13531.710546176928,50.40835803766139,0.0008837054016762319,0.023076226815207115,mixture,57
mixture,0.006250000000000004,6755.8199803831085,13517.639960766217,13532.363226603164,57.50614714926238,0.0006763045645962269,0.02058956128752324,mixture,57
mixture,0.006000000000000004,6757.784175006582,13521.568350013164,13536.29161585011,56.398182035038154,0.000670468380985086,0.02094871364075615,mixture,57
mixture,0.005750000000000003,6759.91893582387,13525.83787164774,13540.561137484687,55.23292552080746,0.0006650535602499591,0.02134178818345863,mixture,57
mixture,0.005500000000000003,6762.980070969163,13531.960141938325,13546.683407775272,48.63238143721435,0.0007957093872514205,0.02383731080059439,mixture,57
mixture,0.005250000000000003,6764.780320635746,13535.560641271491,13550.283907108438,52.71264336716254,0.0006557487353635162,0.022250665475014187,mixture,57
mixture,0.005000000000000003,6767.554856416518,13541.109712833037,13555.832978669983,51.349480996674586,0.0006519933392874776,0.022778943677012106,mixture,57
mixture,0.0047500000000000025,6770.5970416123855,13547.194083224771,13561.917349061718,49.91050594566596,0.0006489627636797223,0.023367539486875945,mixture,57
mixture,0.004500000000000002,6773.941764253128,13553.883528506256,13568.606794343203,48.39041687574716,0.000646767051353996,0.02402689618782196,mixture,57
mixture,0.004250000000000002,6777.630020133134,13561.260040266268,13575.983306103215,46.78096248257776,0.0006455673288299248,0.024771375822803414,mixture,57
mixture,0.004000000000000002,6781.710251257113,13569.420502514226,13584.143768351172,45.07392932306724,0.000645599146262514,0.02561851330660148,mixture,57
mixture,0.0037500000000000016,6786.239996989625,13578.47999397925,13593.203259816197,43.250645456098844,0.0006472863883532644,0.026597002566763714,mixture,57
mixture,0.0035000000000000014,6791.287880312862,13588.575760625725,13603.299026462671,41.295840054763055,0.0006510986157937355,0.027741965267663888,mixture,57
mixture,0.003250000000000001,6796.935837284225,13599.87167456845,13614.594940405397,39.1801810589411,0.0006579282957187957,0.029110321094359494,mixture,57
mixture,0.003000000000000001,6804.300265704951,13614.600531409902,13629.323797246849,31.5097951983442,0.0008559963921369591,0.03560064887969899,mixture,57
mixture,0.0027500000000000007,6810.435771100624,13626.871542201248,13641.594808038195,34.22165982764033,0.0006891526959210819,0.03298738620067729,mixture,57
mixture,0.0025000000000000005,6818.514689268122,13643.029378536245,13657.752644373191,31.022784962192194,0.000727146512267395,0.03616136565739491,mixture,57
mixture,0.0022500000000000003,6827.414521228487,13660.829042456973,13675.55230829392,17.992553590967354,0.0012335120337000527,0.06170952144539607,mixture,57
mixture,0.002,6833.736133260829,13673.472266521658,13688.195532358604,7.988820954070131,0.0020063470669390722,0.14273487125293333,mixture,57
mixture,0.1,6862.440546292923,13730.881092585845,13745.604358422792,42.25742513815626,0.002548629104976024,0.29794961607351783,mixture,57
mixture,0.15000000000000002,6862.870677083819,13731.741354167638,13746.464620004585,61.7093871486434,0.0025485688226879995,0.2979503059348549,mixture,57
mixture,0.2,6863.089902580199,13732.179805160398,13746.903070997345,81.15952077932492,0.002548598099648733,0.29795095025811696,mixture,57
mixture,0.25,6863.222800260692,13732.445600521383,13747.16886635833,100.6118730841154,0.0025485581497102392,0.29795110037097206,mixture,57
mixture,0.3,6863.311974905356,13732.623949810712,13747.347215647658,120.0643553748587,0.002548528714498732,0.2979512040755812,mixture,57
mixture,0.35000000000000003,6863.375955820873,13732.751911641746,13747.475177478693,139.51691871680245,0.0025485061916435364,0.2979512800736928,mixture,57
mixture,0.4,6863.424098203728,13732.848196407456,13747.571462244403,158.96952890324667,0.002548488542514038,0.2979513380811799,mixture,57
mixture,0.45,6863.461635569765,13732.92327113953,13747.646536976477,178.42217229728496,0.0025484743383439997,0.29795138384912456,mixture,57
mixture,0.5,6863.491724447199,13732.983448894398,13747.706714731345,197.87484150461012,0.002548462641157229,0.2979514205576466,mixture,57
null,,6863.627777352862,13729.255554705724,13734.163309984706,392.4019718276802,0.0025484071737517694,,mixture,57
sum,,6898.075599694663,13798.151199389325,13803.058954668308,574.2019976604992,0.0034830948135825077,,mixture,57
mixture,0.05,6755.721148305037,13517.442296610074,13532.16556244702,132.46391564227685,0.0012919744071835484,0.01013187881326369,mixture,58
mixture,0.010000000000000007,6782.1381920777285,13570.276384155457,13584.999649992404,101.22130284273028,0.0005,0.012188920459906293,mixture,58
mixture,0.009750000000000007,6794.823503730384,13595.647007460768,13610.370273297714,70.2733561790294,0.0009394125904322562,0.016533229332257933,mixture,58
mixture,0.009000000000000006,6802.77952924006,13611.55905848012,13626.282324317066,64.53084070180577,0.0009976636434875666,0.017852714983932275,mixture,58
mixture,0.009250000000000006,6805.650827727379,13617.301655454758,13632.024921291704,62.816584040896785,0.0010876919962711491,0.01824171137835679,mixture,58
mixture,0.009500000000000007,6805.721539745247,13617.443079490495,13632.166345327441,63.26272450699755,0.0011165762365227554,0.018089813309496026,mixture,58
mixture,0.008500000000000006,6805.765308018715,13617.53061603743,13632.253881874376,63.00907402156547,0.0009751458637878864,0.018262214675520184,mixture,58
mixture,0.008750000000000006,6808.054962531072,13622.109925062145,13636.833190899091,61.17345925787026,0.00106352484254329,0.018721869658262436,mixture,58
mixture,0.008250000000000006,6819.674103941317,13645.348207882635,13660.071473719581,19.278451060746548,0.002002454394793999,0.0654253085105975,mixture,58
mixture,0.008000000000000005,6820.299349245921,13646.598698491842,13661.321964328788,14.829472103738118,0.0022174997633544764,0.08839932276283599,mixture,58
mixture,0.007750000000000005,6820.826986772379,13647.653973544759,13662.377239381705,13.676608281915197,0.002265030414995327,0.09675748412064106,mixture,58
mixture,0.007500000000000005,6821.306585458777,13648.613170917553,13663.3364367545,12.851666132102482,0.0022957886457789225,0.10354920902317948,mixture,58
mixture,0.007250000000000005,6821.756674445356,13649.513348890712,13664.236614727659,12.183198076460897,0.002318516770171634,0.1096210462578572,mixture,58
mixture,0.0070000000000000045,6822.187434236961,13650.374868473922,13665.098134310869,11.606244326695602,0.00233655555624214,0.11532590086565643,mixture,58
mixture,0.006750000000000004,6822.605569884798,13651.211139769595,13665.934405606542,11.091977680498154,0.0023515018515342656,0.12081170253554077,mixture,58
mixture,0.006500000000000004,6823.016024201265,13652.03204840253,13666.755314239477,10.621375786284416,0.0023641241633519387,0.1262077195018078,mixture,58
mixture,0.006250000000000004,6823.422752635102,13652.845505270205,13667.568771107151,10.182909996725236,0.002375124421732554,0.13159691345210858,mixture,58
mixture,0.006000000000000004,6823.829137697419,13653.658275394839,13668.381541231785,9.769238312337698,0.002384857217603216,0.1370398537598834,mixture,58
mixture,0.005750000000000003,6824.238237574535,13654.47647514907,13669.199740986016,9.37493362670209,0.0023935843772525207,0.14259225915248652,mixture,58
mixture,0.005500000000000003,6824.652952189117,13655.305904378234,13670.02917021518,8.996184572982836,0.002401504422372965,0.14830105769609528,mixture,58
mixture,0.005250000000000003,6825.076146587855,13656.15229317571,13670.875559012657,8.629587033584475,0.0024087707400063402,0.15422356070750093,mixture,58
mixture,0.005000000000000003,6825.510752923894,13657.021505847788,13671.744771684735,8.272771188136153,0.0024155229177870463,0.16041075427717508,mixture,58
mixture,0.0047500000000000025,6825.9598642617575,13657.919728523515,13672.642994360462,7.92364502575564,0.002421820207083426,0.1669235489234463,mixture,58
mixture,0.004500000000000002,6826.426829758428,13658.853659516855,13673.576925353802,7.580509603060051,0.002427784927684354,0.17382670441697234,mixture,58
mixture,0.004250000000000002,6826.915359394132,13659.830718788264,13674.55398462521,7.241804250147114,0.0024334820417811404,0.18119912327139995,mixture,58
mixture,0.004000000000000002,6827.4296470927175,13660.859294185435,13675.582560022382,6.9062130737324114,0.002438979259168634,0.18913130281003546,mixture,58
mixture,0.0037500000000000016,6827.974522608538,13661.949045217076,13676.672311054022,6.572401877197608,0.0024443451892555324,0.19773736159435332,mixture,58
mixture,0.0035000000000000014,6828.555646034515,13663.11129206903,13677.834557905977,6.239218853965907,0.002449641747885705,0.20715367210134963,mixture,58
mixture,0.003250000000000001,6829.179763891299,13664.359527782599,13679.082793619546,5.905489158982637,0.00245494358852567,0.2175535867111757,mixture,58
mixture,0.003000000000000001,6829.855053383304,13665.710106766608,13680.433372603555,5.569952214518125,0.0024603241379678167,0.229163757402144,mixture,58
mixture,0.0027500000000000007,6830.591591133708,13667.183182267416,13681.906448104362,5.231421068843946,0.002465872299617488,0.24227460112346472,mixture,58
mixture,0.0025000000000000005,6831.904867831059,13669.809735662118,13684.533001499065,4.339087070581815,0.0025213888534396794,0.2979773356172267,mixture,58
mixture,0.0022500000000000003,6832.462744867962,13670.925489735924,13685.64875557287,4.245991604362972,0.0025062607173411766,0.29799239300175945,mixture,58
mixture,0.002,6833.314399545107,13672.628799090215,13687.352064927161,4.152749200180406,0.002487870606317651,0.2980128511372961,mixture,58
mixture,0.1,6837.985024809934,13681.970049619867,13696.693315456814,40.86536932404739,0.0026424418894345084,0.29785688392813753,mixture,58
mixture,0.15000000000000002,6838.236764200274,13682.473528400547,13697.196794237494,59.60869924387348,0.00264294000769693,0.29785662398194684,mixture,58
mixture,0.2,6838.365708282384,13682.731416564768,13697.454682401714,78.35240406501049,0.0026431759843849115,0.2978565118486711,mixture,58
mixture,0.25,6838.444083150362,13682.888166300723,13697.61143213767,97.09626657307552,0.002643313167970108,0.29785645056963733,mixture,58
mixture,0.3,6838.496759128475,13682.99351825695,13697.716784093896,115.84020953479195,0.0026434027518486363,0.29785641228363,mixture,58
mixture,0.35000000000000003,6838.534595403997,13683.069190807993,13697.79245664494,134.58420177103642,0.0026434657576043575,0.2978563862759536,mixture,58
mixture,0.4,6838.563088503253,13683.126177006507,13697.849442843453,153.32822265132577,0.002643512512106014,0.29785636747231276,mixture,58
mixture,0.45,6838.5853188046385,13683.170637609277,13697.893903446224,172.07226237169624,0.002643548584509417,0.29785635327125504,mixture,58
mixture,0.5,6838.60314667599,13683.20629335198,13697.929559188926,190.81633709955048,0.0026435769533615333,0.2978563423209626,mixture,58
null,,6838.683855119569,13679.367710239138,13684.27546551812,378.2571147642915,0.002643704403612193,,mixture,58
sum,,6869.118073286691,13740.236146573381,13745.143901852363,551.4965084342294,0.0036264962142339954,,mixture,58
mixture,0.05,6731.619573954854,13469.239147909708,13483.962413746654,107.23217351048368,0.0015369609601929596,0.012717461420787333,mixture,59
mixture,0.010000000000000007,6747.122110999868,13500.244221999736,13514.967487836682,76.70478918037234,0.0007356751633329784,0.015686440203615933,mixture,59
mixture,0.009750000000000007,6748.11541083709,13502.23082167418,13516.954087511127,76.11409598809922,0.0007272418296242395,0.015791628287888788,mixture,59
mixture,0.009500000000000007,6752.001927062573,13510.003854125145,13524.727119962092,59.103940445302484,0.001042833348682403,0.01981232059648417,mixture,59
mixture,0.009250000000000006,6753.112359044246,13512.224718088491,13526.947983925438,58.5170724843952,0.001034090305621516,0.01998607588531758,mixture,59
mixture,0.009000000000000006,6754.3111132119575,13514.622226423915,13529.345492260862,57.858813926786496,0.0010266973994210017,0.020186241989902612,mixture,59
mixture,0.008750000000000006,6755.606912488691,13517.213824977382,13531.937090814328,57.11832471419328,0.0010209104254483461,0.02041812892312166,mixture,59
mixture,0.008500000000000006,6756.988133044966,13519.976266089932,13534.699531926879,56.33202713859825,0.0010157589839726044,0.020671796778129192,mixture,59
mixture,0.008250000000000006,6758.45065323257,13522.90130646514,13537.624572302087,55.520505022846194,0.001010679594027815,0.02094169279208285,mixture,59
mixture,0.008000000000000005,6759.9974383263925,13525.994876652785,13540.718142489732,54.68950481714736,0.0010054907595945766,0.021226883469230275,mixture,59
mixture,0.007750000000000005,6761.633225006082,13529.266450012165,13543.989715849111,53.84205376370943,0.0010000770481963365,0.02152729300421333,mixture,59
mixture,0.007500000000000005,6763.367666064789,13532.735332129578,13547.458597966524,52.97191232189854,0.0009945665256712265,0.02184634590041964,mixture,59
mixture,0.007250000000000005,6765.06339170442,13536.12678340884,13550.850049245786,52.40252084766679,0.0009802566903992262,0.02205792550723958,mixture,59
mixture,0.006750000000000004,6766.16282393391,13538.32564786782,13553.048913704766,65.36560210370037,0.0006493111952153189,0.01806895640432561,mixture,59
mixture,0.0070000000000000045,6767.018831792942,13540.037663585885,13554.760929422831,51.488253888325126,0.0009743440234474282,0.022413359943416512,mixture,59
mixture,0.006500000000000004,6768.413206582083,13542.826413164166,13557.549679001113,64.10365782969347,0.000645436628829661,0.018386926759831102,mixture,59
mixture,0.006250000000000004,6770.831688474805,13547.66337694961,13562.386642786556,62.773863795945054,0.0006421183381565369,0.018735698851210725,mixture,59
mixture,0.006000000000000004,6773.435167912486,13552.870335824971,13567.593601661918,61.37352536065875,0.0006393981523076967,0.019119171338613794,mixture,59
mixture,0.005750000000000003,6776.242765102306,13558.485530204613,13573.20879604156,59.898709114537404,0.0006373420562762143,0.01954228074330592,mixture,59
mixture,0.005500000000000003,6788.368658976967,13582.737317953934,13597.46058379088,14.357875086089406,0.002092009362662342,0.08479111126500828,mixture,59
mixture,0.005250000000000003,6789.36626640095,13584.7325328019,13599.455798638846,13.409325802416774,0.0021291102869611524,0.09089864815732913,mixture,59
mixture,0.005000000000000003,6790.34781864147,13586.69563728294,13601.418903119888,12.639509567130316,0.002155830424066778,0.09641269499249461,mixture,59
mixture,0.0047500000000000025,6791.334490088046,13588.668980176091,13603.392246013038,11.967801106034347,0.002176787297080176,0.10170467142260445,mixture,59
mixture,0.004500000000000002,6792.3419860968625,13590.683972193725,13605.407238030672,11.35682548205785,0.0021941074009403996,0.10697540268107773,mixture,59
mixture,0.004250000000000002,6793.3842477954695,13592.768495590939,13607.491761427886,10.790359717148785,0.0022086160629605778,0.11231009076493512,mixture,59
mixture,0.004000000000000002,6794.47512700914,13594.95025401828,13609.673519855227,10.25245549580535,0.00222127673394988,0.11784626265588644,mixture,59
mixture,0.0037500000000000016,6795.6294533507835,13597.258906701567,13611.982172538514,9.735686572831137,0.0022324621918508093,0.12366671328173091,mixture,59
mixture,0.0035000000000000014,6796.86395172557,13599.72790345114,13614.451169288086,9.233577562025616,0.0022425213681311613,0.12987377993095198,mixture,59
mixture,0.003250000000000001,6798.1982065420925,13602.396413084185,13617.119678921132,8.740849247864807,0.0022517423394739816,0.13658745185953006,mixture,59
mixture,0.003000000000000001,6799.655817711543,13605.311635423086,13620.034901260033,8.252686559492165,0.0022604004754741584,0.1439609719581189,mixture,59
mixture,0.0027500000000000007,6801.265887300908,13608.531774601815,13623.255040438762,7.764625200174622,0.002268781299469555,0.15219333812363028,mixture,59
mixture,0.0025000000000000005,6803.064997570047,13612.129995140094,13626.853260977041,7.271862758848539,0.002277259921095963,0.1615632600173252,mixture,59
mixture,0.0022500000000000003,6805.099858748516,13616.199717497033,13630.92298333398,6.768786485179134,0.0022862981592161502,0.17248196164261023,mixture,59
mixture,0.002,6807.430732280555,13620.86146456111,13635.584730398057,6.248258802654618,0.0022966840872298924,0.18559023411347658,mixture,59
mixture,0.1,6828.431462284516,13662.862924569032,13677.586190405978,40.35728848375167,0.002678428361991171,0.29781985800553423,mixture,59
mixture,0.15000000000000002,6828.808925799432,13663.617851598863,13678.34111743581,58.85010455522653,0.0026787609721726914,0.2978206188160931,mixture,59
mixture,0.2,6829.00186861425,13664.0037372285,13678.727003065447,77.34587603703784,0.00267882150211281,0.2978207349102496,mixture,59
mixture,0.25,6829.119022014911,13664.238044029822,13678.961309866769,95.8418683116986,0.00267885149652447,0.29782081290756374,mixture,59
mixture,0.3,6829.197711978633,13664.395423957267,13679.118689794213,114.33797657743872,0.0026788687248537895,0.2978208685610784,mixture,59
mixture,0.35000000000000003,6829.254210004048,13664.508420008096,13679.231685845043,132.8341522205639,0.002678879652834426,0.2978209101403051,mixture,59
mixture,0.4,6829.296743802445,13664.59348760489,13679.316753441837,151.3303714273788,0.002678887069271614,0.2978209423884194,mixture,59
mixture,0.45,6829.329921153554,13664.659842307108,13679.383108144055,169.8266218662325,0.0026788923407836,0.29782096813471237,mixture,59
mixture,0.5,6829.3565234629195,13664.713046925839,13679.436312762786,188.3229184799487,0.002678895896058681,0.29782098918016703,mixture,59
null,,6829.476903606792,13660.953807213584,13665.861562492566,373.2859317697657,0.0026789115658845063,,mixture,59
sum,,6861.1947317334525,13724.389463466905,13729.297218745887,546.7314833115578,0.0036581028549626973,,mixture,59
mixture,0.010000000000000007,6741.269334436856,13488.538668873713,13503.26193471066,56.75317038628384,0.0010802508805435643,0.02084383353563307,mixture,60
mixture,0.009750000000000007,6742.38931553224,13490.77863106448,13505.501896901427,56.573556370807836,0.0010640050182086512,0.02088691471398861,mixture,60
mixture,0.009500000000000007,6743.557605079019,13493.115210158037,13507.838475994984,56.510914499153444,0.0010447072113236833,0.020888931000633368,mixture,60
mixture,0.009250000000000006,6744.761358663567,13495.522717327134,13510.24598316408,56.859345256349684,0.0010158051790737077,0.020747270973227674,mixture,60
mixture,0.009000000000000006,6745.974869218471,13497.949738436942,13512.67300427389,58.87535740782158,0.000951195068678675,0.020055217292485595,mixture,60
mixture,0.008750000000000006,6747.3417289719855,13500.683457943971,13515.406723780918,60.690193580140516,0.0008934790782012519,0.019475601786956356,mixture,60
mixture,0.008500000000000006,6749.283366959752,13504.566733919504,13519.289999756451,51.71402118229187,0.0010708238218224827,0.022649289578921934,mixture,60
mixture,0.008250000000000006,6750.865156733966,13507.730313467931,13522.453579304878,50.86241548640194,0.0010679994706927721,0.02299033493024201,mixture,60
mixture,0.008000000000000005,6752.022830458787,13510.045660917574,13524.768926754521,58.783697396749915,0.0008659474162568934,0.02002209650363916,mixture,60
mixture,0.007750000000000005,6753.765645312974,13513.531290625948,13528.254556462894,58.04299184218995,0.0008577505231372539,0.020246805687642352,mixture,60
mixture,0.007500000000000005,6755.612526423617,13517.225052847234,13531.94831868418,57.24929705493503,0.0008500422769961278,0.02049510114633013,mixture,60
mixture,0.007250000000000005,6757.6282327839735,13521.256465567947,13535.979731404894,53.45257717772293,0.0009061090231048267,0.021842043905640197,mixture,60
mixture,0.0070000000000000045,6759.65540162302,13525.31080324604,13540.034069082987,55.455920236276334,0.0008369752917717461,0.02108617300652429,mixture,60
mixture,0.006750000000000004,6761.872481708866,13529.744963417732,13544.468229254679,54.44472121947951,0.0008318590738221594,0.02143842333444891,mixture,60
mixture,0.006500000000000004,6764.23606612554,13534.47213225108,13549.195398088026,53.34566253191419,0.0008279486012430619,0.021837596417547556,mixture,60
mixture,0.006250000000000004,6766.759942878089,13539.519885756177,13554.243151593124,52.14698916808191,0.0008255206739339807,0.022293381680441742,mixture,60
mixture,0.006000000000000004,6770.577479811337,13547.154959622674,13561.87822545962,15.820349211446803,0.0021124849184868647,0.07657880861027536,mixture,60
mixture,0.005750000000000003,6771.861019796181,13549.722039592361,13564.445305429308,14.040868429840975,0.0022040783353691825,0.0869702646911083,mixture,60
mixture,0.005500000000000003,6773.05682660369,13552.11365320738,13566.836919044326,12.841208383013175,0.002262161686355627,0.0955340075173535,mixture,60
mixture,0.005250000000000003,6774.204231573417,13554.408463146834,13569.13172898378,11.888564300264768,0.002306017858372406,0.10349137209404703,mixture,60
mixture,0.005000000000000003,6775.324188886387,13556.648377772774,13571.37164360972,11.075971825130106,0.0023416328856598625,0.11128870445749232,mixture,60
mixture,0.0047500000000000025,6776.430711406001,13558.861422812002,13573.584688648949,10.352958397853312,0.002372091574593007,0.11918439155826388,mixture,60
mixture,0.004500000000000002,6777.534430082071,13561.068860164141,13575.792126001088,9.694870470630725,0.0023988441667425653,0.12731860804684858,mixture,60
mixture,0.004250000000000002,6778.644140810569,13563.288281621139,13578.011547458085,9.081015017675817,0.0024231276367147354,0.13589991211865582,mixture,60
mixture,0.004000000000000002,6779.767606685376,13565.535213370753,13580.2584792077,8.501172368711668,0.0024455824441552577,0.14507170912041537,mixture,60
mixture,0.0037500000000000016,6780.912046320549,13567.824092641098,13582.547358478045,7.946835185013944,0.002466768650979813,0.15501909181764767,mixture,60
mixture,0.0035000000000000014,6782.0844779183835,13570.168955836767,13584.892221673714,7.411896102694411,0.002487099933870579,0.16595514415613585,mixture,60
mixture,0.003250000000000001,6783.292025624924,13572.584051249847,13587.307317086794,6.892094630656996,0.0025068665158720373,0.17812926669743145,mixture,60
mixture,0.003000000000000001,6784.542274359314,13575.084548718629,13589.807814555576,6.383951197469053,0.0025263239670669725,0.19186156563777823,mixture,60
mixture,0.0027500000000000007,6785.843755625968,13577.687511251936,13592.410777088882,5.885139632705303,0.0025456787037979765,0.20754951090269955,mixture,60
mixture,0.0025000000000000005,6787.2065994692475,13580.413198938495,13595.136464775442,5.3936534422728535,0.002565082995720847,0.22572846944512598,mixture,60
mixture,0.0022500000000000003,6788.6431794032305,13583.286358806461,13598.009624643408,4.907041555014886,0.0025847793800931767,0.24717822470425257,mixture,60
mixture,0.002,6790.315646564728,13586.631293129456,13601.354558966403,4.107696889946963,0.0026416437052812244,0.29785776540106795,mixture,60
mixture,0.05,6792.666649210348,13591.333298420695,13606.056564257642,20.97556984299113,0.002811468654296874,0.29768707636115915,mixture,60
mixture,0.1,6793.33218182352,13592.66436364704,13607.387629483987,38.566909948657454,0.0028134469596981875,0.2976858098798804,mixture,60
mixture,0.15000000000000002,6793.569542670327,13593.139085340654,13607.8623511776,56.159540699258805,0.002814038325875018,0.2976854811223774,mixture,60
mixture,0.2,6793.691322872531,13593.382645745061,13608.105911582008,73.75252662623281,0.002814319956088529,0.2976853360184364,mixture,60
mixture,0.25,6793.765409490529,13593.530818981058,13608.254084818005,91.34566468609466,0.002814484118382856,0.29768525551406816,mixture,60
mixture,0.3,6793.81523132817,13593.63046265634,13608.353728493286,108.93888039196247,0.002814591511616516,0.29768520465040665,mixture,60
mixture,0.35000000000000003,6793.851031393971,13593.702062787943,13608.42532862489,126.5321427122011,0.002814667167004976,0.2976851697639158,mixture,60
mixture,0.4,6793.877998747262,13593.755997494523,13608.47926333147,144.12544167672021,0.002814723183337503,0.29768514454877687,mixture,60
mixture,0.45,6793.899043222842,13593.798086445684,13608.52135228263,161.718770691783,0.002814766222867588,0.29768512560353705,mixture,60
mixture,0.5,6793.915922926213,13593.831845852426,13608.555111689373,179.31125578876538,0.0028148140365112026,0.29768501217422777,mixture,60
null,,6793.992371420392,13589.984742840785,13594.892498119767,355.2454166144196,0.002814955389235582,,mixture,60
sum,,6823.083401674809,13648.166803349617,13653.0745586286,520.3105992508649,0.0038438578858081478,,mixture,60
mixture,0.05,6752.341372146973,13510.682744293947,13525.406010130893,110.17194374843399,0.0014780017580492764,0.01244392298961305,mixture,61
mixture,0.009750000000000007,6773.455200876048,13552.910401752097,13567.633667589043,71.81603268881412,0.0007618585171555589,0.01677867106096555,mixture,61
mixture,0.010000000000000007,6773.534516569182,13553.069033138365,13567.792298975311,55.96079002663787,0.0010673880696594172,0.02124822541487019,mixture,61
mixture,0.009500000000000007,6774.602638667862,13555.205277335725,13569.928543172671,70.74216465405459,0.0007599698773822616,0.017006724114586185,mixture,61
mixture,0.009250000000000006,6775.8121210514355,13557.624242102871,13572.347507939818,69.63153978808803,0.0007584550756213687,0.017249725825281066,mixture,61
mixture,0.009000000000000006,6777.08777006505,13560.1755401301,13574.898805967046,68.44959305046872,0.0007577133189646232,0.017517577285064114,mixture,61
mixture,0.008750000000000006,6778.434021461444,13562.868042922888,13577.591308759835,67.19745171448054,0.0007578099003249954,0.01781189264333899,mixture,61
mixture,0.008500000000000006,6779.855646169733,13565.711292339465,13580.434558176412,65.87439500333551,0.000758782300313817,0.018135347538171805,mixture,61
mixture,0.008250000000000006,6781.357761951171,13568.715523902341,13583.438789739288,64.4561042917735,0.0007610671285924965,0.01849725560565509,mixture,61
mixture,0.008000000000000005,6782.945833718132,13571.891667436264,13586.614933273211,62.96295656612854,0.0007643796815405611,0.018896334579835066,mixture,61
mixture,0.007750000000000005,6784.625642469386,13575.251284938771,13589.974550775718,61.354386308322894,0.0007694952820260744,0.019348573806782877,mixture,61
mixture,0.007500000000000005,6786.4031909925925,13578.806381985185,13593.529647822132,59.59744052458927,0.000777010863949944,0.01987183285256998,mixture,61
mixture,0.007250000000000005,6788.284461880844,13582.568923761688,13597.292189598635,57.65296283826562,0.0007878801294255524,0.020489749731867884,mixture,61
mixture,0.006750000000000004,6790.592127152014,13587.184254304027,13601.907520140974,24.0157391148599,0.0016717382800822615,0.04971712483241178,mixture,61
mixture,0.006500000000000004,6791.876535197058,13589.753070394116,13604.476336231062,22.688656879766885,0.0017075398589146374,0.052616218330612606,mixture,61
mixture,0.0070000000000000045,6791.9382883381,13589.8765766762,13604.599842513147,20.22745119783864,0.00176251684980771,0.06108567153850939,mixture,61
mixture,0.006250000000000004,6793.184160255111,13592.368320510222,13607.09158634717,21.432015881443235,0.0017422913148308831,0.055688536530753556,mixture,61
mixture,0.006000000000000004,6794.5157588055445,13595.031517611089,13609.754783448036,20.224018209741484,0.0017768506149313816,0.05900070214968556,mixture,61
mixture,0.005750000000000003,6795.870797928144,13597.741595856289,13612.464861693235,19.051977890962792,0.001811757331522107,0.06261704808457912,mixture,61
mixture,0.005500000000000003,6797.247653586692,13600.495307173383,13615.21857301033,17.911088663563753,0.001847245337553444,0.06659442588834279,mixture,61
mixture,0.005250000000000003,6798.643932503862,13603.287865007724,13618.01113084467,16.800762618862237,0.001883314655266844,0.07098702437469363,mixture,61
mixture,0.005000000000000003,6800.057014374309,13606.114028748618,13620.837294585564,15.726348716793122,0.0019196160827708397,0.07582881336020736,mixture,61
mixture,0.0047500000000000025,6801.4848181651305,13608.969636330261,13623.692902167208,14.694452197250158,0.0019556308202379243,0.08114177566152858,mixture,61
mixture,0.004500000000000002,6802.926682697021,13611.853365394041,13626.576631230988,13.71202951476381,0.0019907179199580103,0.08693155083630294,mixture,61
mixture,0.004250000000000002,6804.384180115225,13614.76836023045,13629.491626067396,12.783852121916308,0.00202427606764406,0.09319718033820712,mixture,61
mixture,0.004000000000000002,6805.861716693733,13617.723433387466,13632.446699224412,11.911808457762772,0.0020558328054524127,0.09993854238842059,mixture,61
mixture,0.0037500000000000016,6807.366896578735,13620.73379315747,13635.457058994416,11.09403778349211,0.0020851287761513996,0.10717450375856939,mixture,61
mixture,0.0035000000000000014,6808.910750782772,13623.821501565544,13638.54476740249,10.326529056737211,0.0021120990546031853,0.11494438746630772,mixture,61
mixture,0.003250000000000001,6810.508003746349,13627.016007492697,13641.739273329644,9.603320035595505,0.0021367948922022067,0.12332427352164213,mixture,61
mixture,0.003000000000000001,6812.177564795123,13630.355129590245,13645.078395427192,8.91773407621368,0.002159436126759128,0.13243040644289392,mixture,61
mixture,0.0027500000000000007,6813.943427926742,13633.886855853483,13648.61012169043,8.26263892121615,0.002180310589539769,0.1424368009078476,mixture,61
mixture,0.0025000000000000005,6815.836187021667,13637.672374043334,13652.39563988028,7.63104603285109,0.0021997435362971903,0.1535903201614248,mixture,61
mixture,0.0022500000000000003,6817.895453891566,13641.790907783132,13656.514173620079,7.015973107622757,0.002218124414484372,0.1662472621692059,mixture,61
mixture,0.002,6820.173630723506,13646.347261447012,13661.070527283959,6.41018160063836,0.0022359423825746645,0.1809379128120853,mixture,61
mixture,0.1,6845.43698833007,13696.87397666014,13711.597242497086,41.28089773307195,0.0026137236032333895,0.29788450166189306,mixture,61
mixture,0.15000000000000002,6845.824981770191,13697.649963540382,13712.373229377328,60.2395292575852,0.002613874134390701,0.29788548584377844,mixture,61
mixture,0.2,6846.022543886659,13698.045087773318,13712.768353610265,79.20050077043803,0.002613869749645595,0.29788567323599713,mixture,61
mixture,0.25,6846.14224884721,13698.28449769442,13713.007763531366,98.16169353174108,0.002613861093555521,0.2978857934864412,mixture,61
mixture,0.3,6846.222544824102,13698.445089648205,13713.168355485152,117.1229971948763,0.0026138528068647793,0.29788587695292773,mixture,61
mixture,0.35000000000000003,6846.2801423656865,13698.560284731373,13713.28355056832,136.0843659502238,0.0026138456222008716,0.2978859382616657,mixture,61
mixture,0.4,6846.323474322113,13698.646948644226,13713.370214481172,155.0457738509415,0.0026138395679561307,0.29788598514810716,mixture,61
mixture,0.45,6846.357256580706,13698.714513161412,13713.43777899836,174.00721540043318,0.00261383434996515,0.2978860222855125,mixture,61
mixture,0.5,6846.384332716034,13698.768665432068,13713.491931269014,192.96868411676093,0.0026138298055075546,0.2978860521262865,mixture,61
null,,6846.506732140173,13695.013464280346,13699.921219559328,382.58362711384154,0.0026138076204250114,,mixture,61
sum,,6878.120400487684,13758.240800975367,13763.14855625435,558.9830836191655,0.0035779258060027403,,mixture,61
mixture,0.010000000000000007,6726.32912696178,13458.65825392356,13473.381519760507,43.30844030625168,0.0013701297985439435,0.027492468800258137,mixture,62
mixture,0.009750000000000007,6727.258619188492,13460.517238376984,13475.24050421393,42.65097309140405,0.001369102189825849,0.0278711916350189,mixture,62
mixture,0.009500000000000007,6728.233840339948,13462.467680679896,13477.190946516843,41.96709051268272,0.0013686164796759134,0.02827917511514063,mixture,62
mixture,0.009250000000000006,6729.25759185445,13464.5151837089,13479.238449545846,41.253951467216254,0.00136877389325691,0.02872065582992746,mixture,62
mixture,0.009000000000000006,6730.332868787837,13466.665737575673,13481.38900341262,40.50894645331074,0.0013696771565334077,0.029200259168362178,mixture,62
mixture,0.008750000000000006,6731.4628653968775,13468.925730793755,13483.648996630702,39.72668453492215,0.0013715144635049528,0.029725423363036248,mixture,62
mixture,0.008500000000000006,6732.650976619549,13471.301953239097,13486.025219076044,38.90505431955933,0.0013744100795543561,0.030302027510033826,mixture,62
mixture,0.008250000000000006,6733.900792190569,13473.801584381137,13488.524850218084,38.03838421067695,0.0013785892306175866,0.030939970951421134,mixture,62
mixture,0.008000000000000005,6735.216080734157,13476.432161468314,13491.15542730526,37.120586987913065,0.0013843228157380228,0.03165123594073649,mixture,62
mixture,0.007750000000000005,6736.600758843741,13479.201517687481,13493.924783524428,36.14834721783664,0.0013918448758446647,0.03244746816248431,mixture,62
mixture,0.007500000000000005,6738.058839402786,13482.117678805573,13496.84094464252,35.11332323778756,0.001401558244462021,0.0333477404290925,mixture,62
mixture,0.007250000000000005,6739.594353113254,13485.188706226509,13499.911972063455,34.00999995320757,0.0014138492304205694,0.03437243546170264,mixture,62
mixture,0.0070000000000000045,6741.211238003818,13488.422476007636,13503.145741844583,32.8320713117366,0.0014291868245100761,0.035547847008745706,mixture,62
mixture,0.006750000000000004,6742.913197672848,13491.826395345695,13506.549661182642,31.575622293386452,0.0014480239895348192,0.0369044515394221,mixture,62
mixture,0.006500000000000004,6744.703541141278,13495.407082282556,13510.130348119503,30.240043480514945,0.001470825048547214,0.038476798797232634,mixture,62
mixture,0.006250000000000004,6746.585038143876,13499.170076287752,13513.893342124698,28.83015735294299,0.0014978752116467352,0.04030200834813592,mixture,62
mixture,0.006000000000000004,6748.5598406805675,13503.119681361135,13517.842947198082,27.35771005142221,0.0015292674175238403,0.0424165252053441,mixture,62
mixture,0.005750000000000003,6750.629511654939,13507.259023309878,13521.982289146825,25.83621767028561,0.0015649304133803375,0.04486296411654895,mixture,62
mixture,0.005500000000000003,6752.79511330656,13511.59022661312,13526.313492450066,24.292580381099924,0.0016045070101203553,0.047664154002583704,mixture,62
mixture,0.005250000000000003,6755.0572004036985,13516.114400807397,13530.837666644344,22.73386998866349,0.001647936716119055,0.05088738170537426,mixture,62
mixture,0.005000000000000003,6757.415355978632,13520.830711957264,13535.55397779421,21.172137924508185,0.001695229690375711,0.05460227154171258,mixture,62
mixture,0.0047500000000000025,6759.866880071311,13525.733760142622,13540.45702597957,19.599784334761498,0.0017473681350275915,0.05895538208386751,mixture,62
mixture,0.004500000000000002,6762.403995291474,13530.807990582947,13545.531256419894,18.000631299432936,0.0018061630275041458,0.0641878658238215,mixture,62
mixture,0.004250000000000002,6765.008538357391,13536.017076714783,13550.74034255173,16.344255152833625,0.0018748118327229636,0.07073413835923671,mixture,62
mixture,0.004000000000000002,6767.642800262636,13541.285600525272,13556.00886636222,14.61693014259812,0.0019560613682112027,0.07922364313190608,mixture,62
mixture,0.0037500000000000016,6770.23898869602,13546.47797739204,13561.201243228987,12.777715449693813,0.0020568061355996474,0.09094435784487691,mixture,62
mixture,0.0035000000000000014,6772.713935212594,13551.427870425188,13566.151136262135,11.050005923601097,0.0021608654068596177,0.10567019482199837,mixture,62
mixture,0.003250000000000001,6775.035631149184,13556.071262298368,13570.794528135315,9.635732461355651,0.002248480791461559,0.12169865961921794,mixture,62
mixture,0.003000000000000001,6777.246199467287,13560.492398934573,13575.21566477152,8.531201730228577,0.0023146069711836273,0.1378007240033053,mixture,62
mixture,0.0027500000000000007,6779.409311926536,13564.818623853072,13579.54188969002,7.630776381295213,0.0023653730195211694,0.15417809760309215,mixture,62
mixture,0.0025000000000000005,6781.581472629031,13569.162945258062,13583.886211095009,6.853296606637919,0.002406736858140498,0.1715525244457414,mixture,62
mixture,0.0022500000000000003,6783.809959712198,13573.619919424396,13588.343185261343,6.14708506769246,0.0024429625174881985,0.19091776166600954,mixture,62
mixture,0.002,6786.134507809917,13578.269015619833,13592.99228145678,5.47864326684863,0.0024772179934933647,0.21364566511912422,mixture,62
mixture,0.05,6795.588527206763,13597.177054413525,13611.900320250472,21.047131785234523,0.0028001824491895116,0.29769809510959705,mixture,62
mixture,0.1,6796.448645154921,13598.897290309842,13613.620556146789,38.718847119153715,0.002801462141393159,0.2976976624603732,mixture,62
mixture,0.15000000000000002,6796.752817592658,13599.505635185316,13614.228901022263,56.3921798820297,0.002801804089493914,0.2976976306859555,mixture,62
mixture,0.2,6796.908376037451,13599.816752074901,13614.540017911848,74.06595912425918,0.002801957553000579,0.2976976380276074,mixture,62
mixture,0.25,6797.002849409742,13600.005698819485,13614.728964656431,91.73992357862546,0.002802043821408588,0.2976976501806887,mixture,62
mixture,0.3,6797.066312450786,13600.132624901573,13614.85589073852,109.41398486001849,0.0028020988029219917,0.2976976616499719,mixture,62
mixture,0.35000000000000003,6797.111880769219,13600.223761538438,13614.947027375385,127.08810485646669,0.0028021367600693323,0.297697671585517,mixture,62
mixture,0.4,6797.146187739576,13600.292375479152,13615.015641316098,144.76226337321768,0.002802164472855725,0.2976976800401152,mixture,62
mixture,0.45,6797.17294876704,13600.34589753408,13615.069163371027,162.43645699703737,0.0028021854153107715,0.2976976873992099,mixture,62
mixture,0.5,6797.194406703371,13600.388813406742,13615.112079243689,180.10994125679744,0.002802213319899772,0.2976975830972302,mixture,62
null,,6797.291512596366,13596.583025192733,13601.490780471715,356.8527644353618,0.0028022761756722613,,mixture,62
sum,,6826.040382113382,13654.080764226765,13658.988519505747,522.8746743177924,0.003825008359047892,,mixture,62
mixture,0.010000000000000007,6658.377779144913,13322.755558289826,13337.478824126772,77.56203292465612,0.0008565481634850922,0.015025665157291085,mixture,63
mixture,0.009750000000000007,6661.134860565541,13328.269721131082,13342.992986968029,64.62518809348909,0.0010965108863346192,0.017767639021375712,mixture,63
mixture,0.009500000000000007,6661.617965891133,13329.235931782267,13343.959197619213,66.6746301013819,0.0010272084378691719,0.01724820554419505,mixture,63
mixture,0.009250000000000006,6662.782344515788,13331.564689031577,13346.287954868523,66.52039002101417,0.0010098000518519669,0.01727244113628757,mixture,63
mixture,0.009000000000000006,6664.086272148448,13334.172544296896,13348.895810133843,66.02439021320676,0.0009994425028204258,0.01738005875979056,mixture,63
mixture,0.2,6664.604264353525,13335.20852870705,13349.931794543996,155.02761164643812,0.002470365226301129,0.010800896926795736,mixture,63
mixture,0.008750000000000006,6665.521766826384,13337.043533652768,13351.766799489715,65.26085973638114,0.000994434718494529,0.017556089292654984,mixture,63
mixture,0.008500000000000006,6665.693697412684,13337.387394825368,13352.110660662314,76.19510467673817,0.0007676082785743324,0.015225328332848195,mixture,63
mixture,0.008250000000000006,6669.000188735081,13344.000377470162,13358.723643307108,62.470436048912276,0.001011788479671706,0.018258704873458542,mixture,63
mixture,0.008000000000000005,6670.655532346165,13347.31106469233,13362.034330529277,61.83589787588838,0.0010021451045916512,0.018420507587768465,mixture,63
mixture,0.007750000000000005,6672.374243592556,13350.748487185112,13365.471753022059,61.284595655602985,0.0009898356695998316,0.018562337575818436,mixture,63
mixture,0.007500000000000005,6674.205901533044,13354.411803066088,13369.135068903035,60.687393893947004,0.000977859921033935,0.018720204334396837,mixture,63
mixture,0.007250000000000005,6674.711366313662,13355.422732627325,13370.145998464272,65.86632178751078,0.0008411015327275295,0.017341619206139972,mixture,63
mixture,0.006750000000000004,6678.267571032183,13362.535142064366,13377.258407901312,72.20001557607591,0.00067676274978904,0.015961961310374792,mixture,63
mixture,0.0070000000000000045,6679.158488603633,13364.316977207265,13379.040243044212,57.00211800477915,0.0010122982071979543,0.019825440452371227,mixture,63
mixture,0.006250000000000004,6683.107974825954,13372.215949651909,13386.939215488856,70.38883843566212,0.0006551247268929271,0.01633149901212307,mixture,63
mixture,0.006500000000000004,6686.821730708417,13379.643461416834,13394.36672725378,50.307726635671266,0.0011382001481049899,0.022277305211740733,mixture,63
mixture,0.006000000000000004,6687.487947741214,13380.975895482428,13395.699161319375,58.18388981797254,0.00086293809865087,0.019402352958745112,mixture,63
mixture,0.005750000000000003,6688.7407061215035,13383.481412243007,13398.204678079954,68.21363163163541,0.0006359685230121828,0.01680262451523879,mixture,63
mixture,0.005500000000000003,6705.31509373968,13416.63018747936,13431.353453316307,12.456621633485526,0.0024754072915464894,0.0971688158576213,mixture,63
mixture,0.005250000000000003,6706.54087625073,13419.08175250146,13433.805018338408,10.554730560265718,0.0026036560740225856,0.11650397594774006,mixture,63
mixture,0.005000000000000003,6707.5910748483,13421.1821496966,13435.905415533547,9.407778056626439,0.002676235105324801,0.1319719345384582,mixture,63
mixture,0.0047500000000000025,6708.531920244563,13423.063840489125,13437.787106326072,8.527780822125997,0.0027291814340951563,0.14663345878767206,mixture,63
mixture,0.004500000000000002,6709.393065063903,13424.786130127806,13439.509395964753,7.796887621909638,0.002770858644093226,0.161270926833285,mixture,63
mixture,0.004250000000000002,6710.1932453750915,13426.386490750183,13441.10975658713,7.168806877113177,0.0028049303248871057,0.17612616352760319,mixture,63
mixture,0.004000000000000002,6710.946768585018,13427.893537170035,13442.616803006982,6.615885890092328,0.0028332670380987546,0.19138799558977065,mixture,63
mixture,0.0037500000000000016,6711.665965285476,13429.331930570952,13444.055196407899,6.121737663736466,0.0028570694740822802,0.20715486592671623,mixture,63
mixture,0.0035000000000000014,6712.36220916922,13430.72441833844,13445.447684175386,5.674320203131023,0.002877219271497671,0.22353735499153088,mixture,63
mixture,0.003250000000000001,6713.766430060918,13433.532860121835,13448.256125958782,4.443236368223731,0.0029731725520475453,0.29752595134652593,mixture,63
mixture,0.003000000000000001,6714.0642857478815,13434.128571495763,13448.85183733271,4.363854729842799,0.002961419052879976,0.29753849964616685,mixture,63
mixture,0.0027500000000000007,6714.50335878383,13435.00671756766,13449.729983404606,4.284464340996087,0.002947595665041384,0.2975532847152036,mixture,63
mixture,0.0025000000000000005,6715.138536408496,13436.277072816993,13451.00033865394,4.205053808327151,0.002931135780622113,0.2975709166271782,mixture,63
mixture,0.0022500000000000003,6716.051466194947,13438.102932389895,13452.826198226841,4.125606301071034,0.0029112481573921817,0.2975922463657747,mixture,63
mixture,0.002,6717.301032250546,13440.602064501092,13455.325330338039,4.018496215563911,0.0028908854835529084,0.3,mixture,63
mixture,0.05,6719.992642127,13445.985284254,13460.708550090947,19.366472314374754,0.003091727116144353,0.2974064485168467,mixture,63
mixture,0.1,6720.878119053399,13447.756238106798,13462.479503943745,35.35012038457135,0.00309368152956834,0.29740536890712904,mixture,63
mixture,0.15000000000000002,6721.194835005869,13448.389670011738,13463.112935848685,51.33831698545975,0.0030940440903843647,0.29740276324383114,mixture,63
mixture,0.25,6721.4565136661795,13448.913027332359,13463.636293169306,83.3016006946234,0.003094835445169639,0.2973993573103677,mixture,63
mixture,0.3,6721.5231320738585,13449.046264147717,13463.769529984664,99.2925338685019,0.00309473481149896,0.2974047502940487,mixture,63
mixture,0.35000000000000003,6721.571003443194,13449.142006886388,13463.865272723335,115.2780812290255,0.003094811557716067,0.29740477680310734,mixture,63
mixture,0.4,6721.607069648919,13449.214139297837,13463.937405134784,131.26544002247766,0.00309482571836394,0.2974049701775988,mixture,63
mixture,0.45,6721.635217772744,13449.270435545488,13463.993701382435,147.25160605153184,0.0030948621500235304,0.29740497084637424,mixture,63
mixture,0.5,6721.657797495875,13449.31559499175,13464.038860828696,163.23778737807103,0.0030948910029295795,0.2974049715549696,mixture,63
null,,6721.760084223656,13445.520168447312,13450.427923726294,323.10003007205137,0.0030950167345295504,,mixture,63
sum,,6753.991167307846,13509.982334615692,13514.890089894674,479.06069211918765,0.004174836368128511,,mixture,63
mixture,0.010000000000000007,6735.298596158043,13476.597192316087,13491.320458153034,82.96308628210515,0.0006183400669289777,0.014822410530240405,mixture,64
mixture,0.009500000000000007,6736.750878868489,13479.501757736978,13494.225023573925,81.83174020306006,0.0006000780924538851,0.015007469483173788,mixture,64
mixture,0.009750000000000007,6738.961623762485,13483.92324752497,13498.646513361917,69.21065301317084,0.0008664750872092365,0.017085599406041235,mixture,64
mixture,0.008500000000000006,6740.368673950272,13486.737347900544,13501.46061373749,79.08436080549876,0.0005662962300443707,0.01547416282861112,mixture,64
mixture,0.008250000000000006,6741.454164019975,13488.90832803995,13503.631593876897,78.28640674162828,0.0005585175817984496,0.01561438201140804,mixture,64
mixture,0.008000000000000005,6742.625691194544,13491.251382389088,13505.974648226034,77.44252067667271,0.0005510132115661655,0.015765096868875717,mixture,64
mixture,0.007750000000000005,6743.89142609324,13493.78285218648,13508.506118023426,76.55346625731525,0.0005437618097995411,0.015926735636194962,mixture,64
mixture,0.007500000000000005,6745.260494607688,13496.520989215376,13511.244255052323,75.6117853760839,0.0005368669295022117,0.016101075984011413,mixture,64
mixture,0.009250000000000006,6745.955566559443,13497.911133118885,13512.634398955832,62.541023295866296,0.001013199519907747,0.01854936626057473,mixture,64
mixture,0.009000000000000006,6746.092074748438,13498.184149496876,13512.907415333822,62.569616640597694,0.0009837272561513419,0.0185508477218126,mixture,64
mixture,0.007250000000000005,6746.743122430369,13499.486244860738,13514.209510697685,74.62359654745902,0.0005302266442155203,0.016287887908612648,mixture,64
mixture,0.0070000000000000045,6748.350805434076,13502.701610868153,13517.4248767051,73.58576930773187,0.0005238813309807735,0.01648845281951551,mixture,64
mixture,0.008750000000000006,6748.654419535235,13503.30883907047,13518.032104907417,60.985811127639394,0.001010840107750096,0.01894241785611355,mixture,64
mixture,0.006750000000000004,6750.096516628873,13506.193033257747,13520.916299094693,72.49881795069567,0.0005178076828598347,0.01670363913602282,mixture,64
mixture,0.006500000000000004,6751.994955480168,13509.989910960336,13524.713176797282,71.36180837394411,0.0005120155841515023,0.016934596852557295,mixture,64
mixture,0.006250000000000004,6754.062851470687,13514.125702941374,13528.84896877832,70.17411645414504,0.0005065019637116748,0.017182627051448303,mixture,64
mixture,0.005750000000000003,6758.787654432193,13523.575308864387,13538.298574701334,67.44948922663303,0.0005,0.01777049288104525,mixture,64
mixture,0.005500000000000003,6761.496236095766,13528.992472191532,13543.715738028479,65.87066042926294,0.0005,0.01812444013284786,mixture,64
mixture,0.006000000000000004,6763.240869825923,13532.481739651847,13547.205005488793,55.738819276088115,0.0008240198653098774,0.0205128453105588,mixture,64
mixture,0.005250000000000003,6764.474698749702,13534.949397499404,13549.67266333635,64.26382443664637,0.0005,0.018502217995525646,mixture,64
mixture,0.005000000000000003,6767.757561279462,13541.515122558923,13556.23838839587,62.626590803855436,0.0005,0.018906791886034658,mixture,64
mixture,0.0047500000000000025,6771.3855219328325,13548.771043865665,13563.494309702612,60.95617176984582,0.0005,0.019341703157622646,mixture,64
mixture,0.004500000000000002,6775.4069283909785,13556.813856781957,13571.537122618904,59.24932487276958,0.0005,0.01981121144454356,mixture,64
mixture,0.004250000000000002,6830.785285641303,13667.570571282606,13682.293837119552,13.835397194363907,0.0019230310915976212,0.08565337551768254,mixture,64
mixture,0.004000000000000002,6832.026212282959,13670.052424565918,13684.775690402865,9.62521349929448,0.0022068671063807496,0.12748491073124937,mixture,64
mixture,0.0037500000000000016,6833.252620506207,13672.505241012414,13687.22850684936,8.584995808279952,0.002262105343435397,0.14381612854957956,mixture,64
mixture,0.0035000000000000014,6834.381613616542,13674.763227233085,13689.486493070031,7.726694223820083,0.0023053712500565034,0.16050574348149343,mixture,64
mixture,0.003250000000000001,6835.436203694348,13676.872407388695,13691.595673225642,6.977747082856665,0.002341594652964565,0.17831573204990397,mixture,64
mixture,0.003000000000000001,6836.430885410383,13678.861770820766,13693.585036657712,6.307349673762686,0.0023727678372751954,0.1976996457187989,mixture,64
mixture,0.0025000000000000005,6838.28399489166,13682.56798978332,13697.291255620266,5.131707728543983,0.002424593277467014,0.24325667164707115,mixture,64
mixture,0.0027500000000000007,6838.572945769809,13683.145891539618,13697.869157376565,4.443893954305088,0.0025060784493848294,0.2979923887435558,mixture,64
mixture,0.0022500000000000003,6839.282109670668,13684.564219341337,13699.287485178284,4.255368344327581,0.0024795098326985607,0.2980198880732608,mixture,64
mixture,0.002,6840.00356468881,13686.00712937762,13700.730395214567,4.161052880626223,0.002461497572991157,0.2980403947979588,mixture,64
mixture,0.05,6846.321975295861,13698.643950591722,13713.367216428669,22.374252043361643,0.0026061794184098286,0.2978915363630316,mixture,64
mixture,0.1,6847.197690741473,13700.395381482946,13715.118647319892,41.376383720048594,0.0026072117616028406,0.29789161954393073,mixture,64
mixture,0.15000000000000002,6847.509587459602,13701.019174919204,13715.74244075615,60.378448509600375,0.002607558957144039,0.297892017803966,mixture,64
mixture,0.2,6847.669544897457,13701.339089794914,13716.06235563186,79.38258752252668,0.002607662197370843,0.29789203435257944,mixture,64
mixture,0.25,6847.766839210636,13701.533678421272,13716.256944258219,98.38696196063022,0.0026077177418326212,0.297892052399812,mixture,64
mixture,0.3,6847.83226079354,13701.66452158708,13716.387787424026,117.39145674532988,0.002607752045697843,0.29789206789582273,mixture,64
mixture,0.35000000000000003,6847.879266969301,13701.758533938602,13716.481799775549,136.39602167248242,0.0026077751868649407,0.29789208071325374,mixture,64
mixture,0.4,6847.914673892956,13701.829347785912,13716.552613622858,155.400631497612,0.0026077917801800485,0.2978920913089363,mixture,64
mixture,0.45,6847.942303344089,13701.884606688178,13716.607872525125,174.40527226760662,0.0026078042189268233,0.29789210015191764,mixture,64
mixture,0.5,6847.964464304396,13701.928928608791,13716.652194445738,193.40994658032204,0.002607813714022988,0.297892107620879,mixture,64
null,,6848.0648246470555,13698.129649294111,13703.037404573093,383.45696588929076,0.0026078545676719135,,mixture,64
sum,,6881.02499104583,13764.04998209166,13768.957737370642,560.617655445747,0.0035674937822102668,,mixture,64
mixture,0.009500000000000007,6678.893661375785,13363.78732275157,13378.510588588517,67.21543735003713,0.0008994426498748155,0.017483523193699637,mixture,65
mixture,0.010000000000000007,6679.58050152136,13365.16100304272,13379.884268879667,57.81340117779802,0.0011959782685942995,0.020019394450436056,mixture,65
mixture,0.009250000000000006,6679.874313189329,13365.748626378658,13380.471892215604,66.90025761268652,0.0008861016180677772,0.017547425420289836,mixture,65
mixture,0.009750000000000007,6680.51424769012,13367.02849538024,13381.751761217187,57.32315695817518,0.0011872657698514392,0.020163502712511945,mixture,65
mixture,0.009000000000000006,6680.9130743665355,13367.826148733071,13382.549414570018,66.56733720435876,0.0008726430901478941,0.017616574409829982,mixture,65
mixture,0.008750000000000006,6682.014648931379,13370.029297862759,13384.752563699705,66.21299765343996,0.0008591142811249432,0.017692018555104373,mixture,65
mixture,0.008500000000000006,6683.184269149793,13372.368538299586,13387.091804136533,65.83618267267207,0.0008455137989421926,0.017774192847069683,mixture,65
mixture,0.008250000000000006,6684.427769345275,13374.85553869055,13389.578804527497,65.43290927627058,0.0008318951648577376,0.01786428551632647,mixture,65
mixture,0.008000000000000005,6685.751671961319,13377.503343922637,13392.226609759584,65.00197780840459,0.0008182588321972639,0.01796283999833776,mixture,65
mixture,0.007750000000000005,6687.163287671821,13380.326575343643,13395.04984118059,64.53765485175776,0.0008046745140499911,0.018071653421282776,mixture,65
mixture,0.007500000000000005,6688.670832648324,13383.341665296648,13398.064931133595,64.03731957969671,0.00079116717053685,0.01819176454199792,mixture,65
mixture,0.007250000000000005,6690.283566126411,13386.567132252821,13401.290398089768,63.496683272630705,0.0007777863365560795,0.018324752247991294,mixture,65
mixture,0.0070000000000000045,6692.011952810667,13390.023905621334,13404.74717145828,62.912365842102176,0.0007645657246600719,0.01847206736476811,mixture,65
mixture,0.006500000000000004,6695.864764003818,13397.729528007636,13412.452793844583,61.59661254890537,0.000738784602935279,0.018816865822166753,mixture,65
mixture,0.006750000000000004,6696.21467477624,13398.42934955248,13413.152615389427,51.97605487012108,0.0010162821382950517,0.021909508340105063,mixture,65
mixture,0.006250000000000004,6698.018072099564,13402.036144199128,13416.759410036075,60.85372318816314,0.0007263550502267451,0.0190194605967338,mixture,65
mixture,0.006000000000000004,6700.345409715956,13406.690819431911,13421.414085268858,60.051070945041744,0.0007142617727911386,0.019244623593595467,mixture,65
mixture,0.005500000000000003,6705.606402749353,13417.212805498706,13431.936071335653,58.243932684491604,0.0006913834145397185,0.019775748504926857,mixture,65
mixture,0.005250000000000003,6708.590638328153,13423.181276656305,13437.904542493252,57.22822655355921,0.0006806245813240298,0.020089984069197164,mixture,65
mixture,0.005000000000000003,6711.851451222548,13429.702902445097,13444.426168282043,56.13244447335172,0.0006704807825282976,0.020441659334078457,mixture,65
mixture,0.005750000000000003,6713.66354394349,13433.32708788698,13448.050353723927,42.06654651852895,0.00126036396565422,0.026510242386028497,mixture,65
mixture,0.0047500000000000025,6715.4260269524375,13436.852053904875,13451.575319741822,54.949273224408486,0.0006609674855365988,0.020837329627725276,mixture,65
mixture,0.004500000000000002,6719.3582709112125,13444.716541822425,13459.439807659372,53.672594542081065,0.0006521749695464578,0.021283825963478616,mixture,65
mixture,0.004250000000000002,6723.700378506763,13453.400757013525,13468.124022850472,52.29481886412839,0.0006442027929123502,0.02179002395922863,mixture,65
mixture,0.004000000000000002,6728.514862379936,13463.029724759872,13477.752990596819,50.806308536280795,0.0006371374833059686,0.02236783338432086,mixture,65
mixture,0.0037500000000000016,6749.937592436223,13505.875184872446,13520.598450709393,8.8361376285736,0.0024551493450539644,0.13630948628082928,mixture,65
mixture,0.0035000000000000014,6751.300412696525,13508.60082539305,13523.324091229997,7.6529804587448815,0.0025367362134487946,0.15884895944242228,mixture,65
mixture,0.003250000000000001,6752.501386754718,13511.002773509435,13525.726039346382,6.836047755455239,0.00258687122838293,0.17863851443819911,mixture,65
mixture,0.003000000000000001,6753.614302350024,13513.228604700049,13527.951870536996,6.182222361054645,0.002623075120650987,0.19787530898695063,mixture,65
mixture,0.0027500000000000007,6754.681824946517,13515.363649893034,13530.08691572998,5.624683013269532,0.002651018603585971,0.21739149890390708,mixture,65
mixture,0.0025000000000000005,6755.7366171203075,13517.473234240615,13532.196500077562,5.129446239292414,0.0026734835547517024,0.23782067906160426,mixture,65
mixture,0.0022500000000000003,6756.808101200248,13519.616202400495,13534.339468237442,4.675635292504592,0.0026923052171423313,0.25983612628252234,mixture,65
mixture,0.002,6757.98220350895,13521.9644070179,13536.687672854847,4.084407379454312,0.0027291145754648797,0.29777098743968883,mixture,65
mixture,0.05,6767.366737549006,13540.733475098012,13555.456740934958,20.392585687428976,0.0029069285206954057,0.2975910455373191,mixture,65
mixture,0.1,6768.498531051484,13542.997062102968,13557.720327939915,37.40983690099723,0.0029081984063524594,0.2975907558780515,mixture,65
mixture,0.15000000000000002,6768.900922767098,13543.801845534195,13558.525111371142,54.42906876387792,0.002908510037653052,0.29759081105035184,mixture,65
mixture,0.2,6769.10715871497,13544.21431742994,13558.937583266887,71.44885456543398,0.0029086424470470434,0.29759087037516124,mixture,65
mixture,0.25,6769.232558980588,13544.465117961176,13559.188383798122,88.46887371845962,0.0029087140072629634,0.2975909166620416,mixture,65
mixture,0.3,6769.316861303681,13544.633722607363,13559.35698844431,105.48901729320708,0.0029087582108265142,0.29759095226328575,mixture,65
mixture,0.35000000000000003,6769.377424703816,13544.754849407633,13559.47811524458,122.5092377745695,0.002908787928784814,0.29759098017707386,mixture,65
mixture,0.4,6769.423034536021,13544.846069072042,13559.569334908989,139.5233585086409,0.002908939703950723,0.29758785230822143,mixture,65
mixture,0.45,6769.458629996392,13544.917259992784,13559.64052582973,156.5490620125334,0.002908839172005483,0.2975908619023908,mixture,65
mixture,0.5,6769.487175525312,13544.974351050623,13559.69761688757,173.5699644708397,0.0029088403268501895,0.2975910089319766,mixture,65
null,,6769.616429033524,13541.232858067047,13546.14061334603,343.77327927614044,0.002908893914342705,,mixture,65
sum,,6803.264257841237,13608.528515682474,13613.436270961456,507.695606328074,0.003939368344085286,,mixture,65
mixture,0.010000000000000007,6721.214064079813,13448.428128159627,13463.151393996573,59.185801047069745,0.0011096142056449343,0.01973146875904889,mixture,66
mixture,0.009750000000000007,6722.011718999943,13450.023437999886,13464.746703836832,65.6079109778839,0.0009500507110751402,0.017892214584792353,mixture,66
mixture,0.009500000000000007,6723.737861085799,13453.475722171597,13468.198988008544,58.55723941111499,0.001083047336689807,0.019895273937071092,mixture,66
mixture,0.009250000000000006,6725.352376127378,13456.704752254756,13471.428018091703,56.703307935901975,0.0011079863112097655,0.020489163408384747,mixture,66
mixture,0.009000000000000006,6727.316528949014,13460.633057898029,13475.356323734975,54.12683628641574,0.0011554217130045302,0.02138657862893092,mixture,66
mixture,0.008750000000000006,6728.8131371479185,13463.626274295837,13478.349540132784,53.69031804407194,0.0011428635965159497,0.02153294529805048,mixture,66
mixture,0.008500000000000006,6730.253682189983,13466.507364379966,13481.230630216913,53.740838072687424,0.001115983291038941,0.02149629074670364,mixture,66
mixture,0.008250000000000006,6739.590703562076,13485.181407124152,13499.904672961098,17.241667696628195,0.0022980656553331148,0.07264667300446669,mixture,66
mixture,0.008000000000000005,6740.3578335065595,13486.715667013119,13501.438932850066,16.094022228744976,0.0023462770062224222,0.07820651551498752,mixture,66
mixture,0.007750000000000005,6741.095969469235,13488.19193893847,13502.915204775416,15.21561417224893,0.0023804478258223427,0.08296457229698859,mixture,66
mixture,0.007500000000000005,6741.818305822805,13489.63661164561,13504.359877482557,14.468495137223448,0.00240791528205742,0.0874159163413965,mixture,66
mixture,0.007250000000000005,6742.532308766814,13491.064617533628,13505.787883370574,13.80196689690451,0.0024313136296307707,0.09175104885048575,mixture,66
mixture,0.0070000000000000045,6743.243104250812,13492.486208501625,13507.209474338571,13.190421280776702,0.0024519946200774923,0.09607567517888203,mixture,66
mixture,0.006750000000000004,6743.954611365086,13493.909222730172,13508.632488567118,12.61856213865841,0.0024707276824139372,0.10046453422160216,mixture,66
mixture,0.006500000000000004,6744.670041305283,13495.340082610566,13510.063348447513,12.07572261302274,0.0024880801566139585,0.1049848898300534,mixture,66
mixture,0.006250000000000004,6745.392148231473,13496.784296462945,13511.507562299892,11.557068423947056,0.002504368691545639,0.10966812693180623,mixture,66
mixture,0.006000000000000004,6746.123364050838,13498.246728101676,13512.969993938623,11.056155617352482,0.0025198751365428994,0.1145810064776821,mixture,66
mixture,0.005750000000000003,6746.865860153752,13499.731720307504,13514.45498614445,10.568000119720171,0.0025349010189163424,0.11979396318004537,mixture,66
mixture,0.005500000000000003,6747.621563852641,13501.243127705282,13515.966393542229,10.089829913017432,0.002549681864756751,0.1253671820322625,mixture,66
mixture,0.005250000000000003,6748.39213003617,13502.78426007234,13517.507525909286,9.618969607417574,0.0025643522131903736,0.13137790466114727,mixture,66
mixture,0.005000000000000003,6749.178868153112,13504.357736306223,13519.08100214317,9.152310448086943,0.002579158969441978,0.13793210524026656,mixture,66
mixture,0.0047500000000000025,6749.982617586825,13505.96523517365,13520.688501010596,8.687458951333374,0.0025942963777502324,0.14515382376397223,mixture,66
mixture,0.004500000000000002,6750.803565003715,13507.60713000743,13522.330395844378,8.222017476349714,0.0026099869089671714,0.15320402878220196,mixture,66
mixture,0.004250000000000002,6751.641009484594,13509.282018969188,13524.005284806135,7.754129529203544,0.002626419375111128,0.16228112739194067,mixture,66
mixture,0.004000000000000002,6752.493118684238,13510.986237368475,13525.709503205422,7.28208287787319,0.002643838628967974,0.1726429785720724,mixture,66
mixture,0.0037500000000000016,6753.356807728994,13512.713615457988,13527.436881294934,6.806295164144404,0.0026622494337108105,0.18456894673963253,mixture,66
mixture,0.0035000000000000014,6754.228012597923,13514.456025195846,13529.179291032793,6.3290735194846475,0.002681531058527204,0.19835389032169093,mixture,66
mixture,0.003250000000000001,6755.102716924169,13516.205433848338,13530.928699685284,5.855704057054315,0.0027012517175912984,0.21423697931182697,mixture,66
mixture,0.003000000000000001,6755.978811405217,13517.957622810434,13532.680888647381,5.393411192052681,0.0027207167630787367,0.23235973694336445,mixture,66
mixture,0.0027500000000000007,6756.858107230358,13519.716214460715,13534.439480297662,4.949029304941785,0.002739230450252419,0.25278207886938137,mixture,66
mixture,0.0025000000000000005,6757.849878815028,13521.699757630056,13536.423023467003,4.248107802700572,0.0027852568534922923,0.29771458025283243,mixture,66
mixture,0.0022500000000000003,6758.661179656612,13523.322359313224,13538.045625150171,4.164170066299369,0.0027674339292045385,0.29773427785169976,mixture,66
mixture,0.002,6759.803902714766,13525.607805429532,13540.331071266479,4.054296921018748,0.002748648764997958,0.3,mixture,66
mixture,0.05,6762.022949558848,13530.045899117697,13544.769164954643,20.261485070245406,0.0029292955837818295,0.2975691711595442,mixture,66
mixture,0.1,6762.771715748877,13531.543431497754,13546.2666973347,37.14073384650382,0.002931157463235396,0.2975680519541061,mixture,66
mixture,0.15000000000000002,6763.038917491436,13532.077834982872,13546.80110081982,54.021496064655,0.002931691347679981,0.2975677958781465,mixture,66
mixture,0.2,6763.176024487409,13532.352048974819,13547.075314811766,70.90267570944896,0.0029319403496276776,0.29756769200051575,mixture,66
mixture,0.25,6763.25943878627,13532.51887757254,13547.242143409487,87.7840358339406,0.0029320835461193553,0.29756763795682367,mixture,66
mixture,0.3,6763.315534260262,13532.631068520524,13547.354334357471,104.66549002846715,0.002932176315632929,0.29756760551297484,mixture,66
mixture,0.35000000000000003,6763.355838871645,13532.71167774329,13547.434943580236,121.54253521453575,0.0029323514294508778,0.2975646223446831,mixture,66
mixture,0.4,6763.386205505034,13532.772411010068,13547.495676847015,138.42596113642946,0.0029323447626421416,0.297566944239363,mixture,66
mixture,0.45,6763.409900707302,13532.819801414604,13547.54306725155,155.30912175823119,0.0029323449149421775,0.29756742861063956,mixture,66
mixture,0.5,6763.42890633951,13532.85781267902,13547.581078515967,172.19153583791993,0.002932357922077484,0.29756752860577357,mixture,66
null,,6763.514982222949,13529.029964445897,13533.93771972488,341.0074131936288,0.002932487568627096,,mixture,66
sum,,6791.685331849303,13585.370663698606,13590.278418977588,501.50716332650103,0.003987978928823238,,mixture,66
mixture,0.010000000000000007,6643.523032687856,13293.046065375713,13307.76933121266,88.50820783776385,0.000762187822622378,0.013132049141466302,mixture,67
mixture,0.009750000000000007,6644.814842139556,13295.629684279113,13310.35295011606,85.24867220852938,0.0007912507245262021,0.013578757255047706,mixture,67
mixture,0.009500000000000007,6645.029846071207,13296.059692142415,13310.782957979362,97.42833998332001,0.0006181445927001131,0.012070470470537857,mixture,67
mixture,0.008500000000000006,6649.727381513937,13305.454763027874,13320.17802886482,95.12122908608772,0.0005762122982320575,0.012336735521769488,mixture,67
mixture,0.009000000000000006,6652.081774815129,13310.163549630259,13324.886815467205,69.13737335090892,0.0010119092455043693,0.01644996340513076,mixture,67
mixture,0.008750000000000006,6652.333636357393,13310.667272714785,13325.390538551732,71.22066866134323,0.0009479244375541132,0.015990488758238098,mixture,67
mixture,0.009250000000000006,6655.130342097616,13316.260684195233,13330.98395003218,63.198712817019974,0.0011876761919511754,0.01788021914155288,mixture,67
mixture,0.008250000000000006,6655.321486736297,13316.642973472593,13331.36623930954,69.66878787778708,0.0009331042607963561,0.016304348140042384,mixture,67
mixture,0.007500000000000005,6655.904834843914,13317.809669687827,13332.532935524774,91.34358173392405,0.0005437623827473628,0.012798063945585187,mixture,67
mixture,0.007250000000000005,6657.750100720017,13321.500201440034,13336.223467276981,90.16505185288118,0.0005370842902232131,0.012948985175680518,mixture,67
mixture,0.2,6659.5334310567905,13325.066862113581,13339.790127950528,147.92086882338737,0.002489550066140856,0.011836934281174966,mixture,67
mixture,0.0070000000000000045,6659.739569228637,13325.479138457275,13340.202404294221,88.89477188320741,0.0005309510069363755,0.01311568407911093,mixture,67
mixture,0.006750000000000004,6661.887627474584,13329.775254949169,13344.498520786115,87.531145766235,0.0005253325874197854,0.013299698742144438,mixture,67
mixture,0.008000000000000005,6661.892707078402,13329.785414156804,13344.50867999375,59.88205096243391,0.0011303999577640359,0.018786131868713054,mixture,67
mixture,0.007750000000000005,6663.320363196658,13332.640726393316,13347.363992230263,59.420552006176784,0.0011115136360653262,0.01891871044553326,mixture,67
mixture,0.006500000000000004,6664.210437859493,13334.420875718986,13349.144141555933,86.07561572682751,0.0005202400507436557,0.013502056533096794,mixture,67
mixture,0.25,6666.618419900355,13339.23683980071,13353.960105637656,172.40051383450077,0.002554051797008409,0.01006484046000765,mixture,67
mixture,0.006250000000000004,6666.726237044002,13339.452474088004,13354.17573992495,84.52773762941601,0.0005156525723279261,0.013724468862186215,mixture,67
mixture,0.006000000000000004,6669.4556975556625,13344.911395111325,13359.634660948272,82.88503555354896,0.0005115774656616364,0.013969187803925455,mixture,67
mixture,0.005750000000000003,6672.422366769957,13350.844733539914,13365.56799937686,81.14644514694253,0.0005080160041673685,0.014238577155308059,mixture,67
mixture,0.005500000000000003,6689.758068171146,13385.516136342292,13400.239402179239,16.09909544391198,0.0022000455757879814,0.07312958547500895,mixture,67
mixture,0.005250000000000003,6691.595689463948,13389.191378927895,13403.914644764842,15.888729761181942,0.0022011576104018745,0.07366542573403798,mixture,67
mixture,0.005000000000000003,6693.444927505858,13392.889855011716,13407.613120848662,13.586332443997586,0.0023413715513761033,0.08689324936938207,mixture,67
mixture,0.0047500000000000025,6695.156574781586,13396.313149563171,13411.036415400118,12.133151971597393,0.002427785721008998,0.09779753722294139,mixture,67
mixture,0.004500000000000002,6696.791493474823,13399.582986949647,13414.306252786593,11.01517125104991,0.0024923423414684805,0.10809324945100933,mixture,67
mixture,0.004250000000000002,6698.379406261371,13402.758812522741,13417.482078359688,10.073966360161062,0.0025455433385921343,0.11847986329385073,mixture,67
mixture,0.004000000000000002,6699.937673015862,13405.875346031724,13420.59861186867,9.242136689751764,0.0025919084496867522,0.12936959603890605,mixture,67
mixture,0.0037500000000000016,6701.47762087542,13408.95524175084,13423.678507587787,8.486712497022365,0.002633652091062418,0.14105527170493898,mixture,67
mixture,0.0035000000000000014,6703.007854891986,13412.015709783973,13426.73897562092,7.7884744262615015,0.0026719535228632856,0.15381477460848486,mixture,67
mixture,0.003250000000000001,6704.536910356446,13415.073820712892,13429.79708654984,7.140266883132293,0.0027072184191249443,0.167809452067511,mixture,67
mixture,0.003000000000000001,6706.075795291561,13418.151590583122,13432.874856420069,6.537960868096093,0.002739349453882437,0.18317742813893081,mixture,67
mixture,0.0027500000000000007,6707.640127634623,13421.280255269246,13436.003521106193,5.977808733746484,0.0027683468988275537,0.20007278183093513,mixture,67
mixture,0.0025000000000000005,6709.251372928985,13424.50274585797,13439.226011694916,5.454045353544215,0.0027944628957353827,0.21877787240333155,mixture,67
mixture,0.0022500000000000003,6710.937081483072,13427.874162966144,13442.59742880309,4.958367101247871,0.002818334615898199,0.23984240725651335,mixture,67
mixture,0.002,6712.730098233021,13431.460196466041,13446.183462302988,4.479615063661347,0.002841115472264191,0.264324213627312,mixture,67
mixture,0.05,6717.5805231117265,13441.161046223453,13455.8843120604,19.318129160059165,0.003101016641038563,0.2973968698526823,mixture,67
mixture,0.1,6718.456092191047,13442.912184382094,13457.63545021904,35.25227815319548,0.0031030836536084304,0.297395831905279,mixture,67
mixture,0.15000000000000002,6718.76792783186,13443.53585566372,13458.259121500667,51.1914750984008,0.003103450187087752,0.29739292792401667,mixture,67
mixture,0.3,6719.090516927924,13444.181033855848,13458.904299692795,98.9928879780888,0.0031043332377933813,0.29739418388794725,mixture,67
mixture,0.35000000000000003,6719.137505097944,13444.275010195888,13458.998276032835,114.93137547300186,0.00310433038076052,0.29739520556993954,mixture,67
mixture,0.4,6719.172896177116,13444.345792354232,13459.069058191179,130.86902457237767,0.003104348596514906,0.2973954207015335,mixture,67
mixture,0.45,6719.200512305573,13444.401024611147,13459.124290448093,146.80539220361914,0.0031043902420781395,0.2973954210206129,mixture,67
mixture,0.5,6719.222662107221,13444.445324214443,13459.16859005139,162.74177496651302,0.003104423267676694,0.2973954213633045,mixture,67
null,,6719.322966410671,13440.645932821342,13445.553688100325,322.1060014926859,0.0031045680470585925,,mixture,67
sum,,6754.062197523248,13510.124395046496,13515.032150325478,478.3672358184405,0.004180888343195561,,mixture,67
mixture,0.2,6688.438749134316,13382.877498268632,13397.600764105578,159.99376460573282,0.0024063351405417825,0.010405851313086103,mixture,68
mixture,0.010000000000000007,6714.258860342072,13434.517720684144,13449.24098652109,13.372195594504282,0.002711710550886321,0.10222534904777308,mixture,68
mixture,0.009750000000000007,6714.56145280706,13435.12290561412,13449.846171451067,13.002469296565007,0.0027206632709424554,0.10513564838777918,mixture,68
mixture,0.009500000000000007,6714.864795593434,13435.729591186868,13450.452857023814,12.644418288041138,0.002729087828115457,0.1080930458395505,mixture,68
mixture,0.009250000000000006,6715.169601519508,13436.339203039017,13451.062468875964,12.296376572182535,0.0027370621648579846,0.11110998195977638,mixture,68
mixture,0.009000000000000006,6715.47656464745,13436.9531292949,13451.676395131846,11.95703326552021,0.0027446480369138757,0.11419781578670556,mixture,68
mixture,0.008750000000000006,6715.786369399773,13437.572738799547,13452.296004636493,11.62518610193702,0.00275190211737362,0.11736926330806173,mixture,68
mixture,0.008500000000000006,6716.099698573249,13438.199397146498,13452.922662983445,11.299900417075722,0.002758873204416928,0.12063610541024061,mixture,68
mixture,0.008250000000000006,6716.417240598947,13438.834481197893,13453.55774703484,10.980369848080135,0.002765589773301658,0.12401089814178592,mixture,68
mixture,0.008000000000000005,6716.7396962423245,13439.479392484649,13454.202658321596,10.66583888930452,0.0027720898723487307,0.12750758104333187,mixture,68
mixture,0.007750000000000005,6717.067785015429,13440.135570030858,13454.858835867804,10.355612789764963,0.002778406983798321,0.13114167591453588,mixture,68
mixture,0.007500000000000005,6717.402251416868,13440.804502833736,13455.527768670683,10.049162852775797,0.0027845625994958913,0.1349286108518494,mixture,68
mixture,0.007250000000000005,6717.7438710759625,13441.487742151925,13456.211007988872,9.745695443310112,0.0027906127687110176,0.13889083718846296,mixture,68
mixture,0.0070000000000000045,6718.09345704023,13442.18691408046,13456.910179917406,9.444906003077351,0.0027965591652686977,0.14304585288792265,mixture,68
mixture,0.006750000000000004,6718.451866000536,13442.903732001072,13457.626997838019,9.146232477159444,0.0028024351854175093,0.14741867802761016,mixture,68
mixture,0.006500000000000004,6718.820004707439,13443.640009414878,13458.363275251824,8.849169189038214,0.0028082709106407285,0.15203736926691966,mixture,68
mixture,0.006250000000000004,6719.198836389727,13444.397672779454,13459.120938616401,8.55327776891893,0.002814094353961221,0.15693313860233002,mixture,68
mixture,0.006000000000000004,6719.589387072683,13445.178774145366,13459.902039982313,8.258135574974858,0.002819931987310679,0.16214211105549353,mixture,68
mixture,0.005750000000000003,6719.992751532472,13445.985503064943,13460.70876890189,7.96337059390272,0.00282581169758678,0.16770522686600417,mixture,68
mixture,0.005500000000000003,6720.410098319814,13446.820196639628,13461.543462476575,7.668150124852619,0.0028317841707155354,0.17368413109277644,mixture,68
mixture,0.005250000000000003,6720.8426733403685,13447.685346680737,13462.408612517684,7.372417484017118,0.00283786009967971,0.18012897227702063,mixture,68
mixture,0.005000000000000003,6721.291800158127,13448.583600316255,13463.306866153202,7.075591401513477,0.002844109583153466,0.18711547513934354,mixture,68
mixture,0.0047500000000000025,6721.758875505846,13449.517751011692,13464.241016848639,6.77688715575495,0.002850568339842951,0.1947440994762809,mixture,68
mixture,0.004500000000000002,6722.245356287617,13450.490712575234,13465.213978412181,6.476004104203177,0.002857288424705796,0.20311831629079283,mixture,68
mixture,0.004250000000000002,6722.752735821127,13451.505471642255,13466.228737479201,6.172183628006433,0.0028641152273209095,0.21239020209301393,mixture,68
mixture,0.004000000000000002,6724.4808531941735,13454.961706388347,13469.684972225294,4.6963104014295425,0.002965638255492279,0.29753296491433223,mixture,68
mixture,0.0037500000000000016,6724.66230214564,13455.32460429128,13470.047870128226,4.616005924792844,0.002958048065738498,0.2975410005796021,mixture,68
mixture,0.0035000000000000014,6724.91068679716,13455.82137359432,13470.544639431268,4.5357055314931,0.0029493781959371336,0.29755019993526194,mixture,68
mixture,0.003250000000000001,6725.24657863042,13456.49315726084,13471.216423097787,4.4554055770112875,0.0029393937367724427,0.297560816500318,mixture,68
mixture,0.003000000000000001,6725.698292298558,13457.396584597116,13472.119850434063,4.375100811834982,0.0029277876602713877,0.29757318127403737,mixture,68
mixture,0.0027500000000000007,6726.305585536038,13458.611171072076,13473.334436909023,4.294783575774154,0.0029141512316544463,0.2975877344443707,mixture,68
mixture,0.0025000000000000005,6727.125604075429,13460.251208150858,13474.974473987804,4.214442722740492,0.00289792791947814,0.2976050748981437,mixture,68
mixture,0.0022500000000000003,6728.190893760453,13462.381787520906,13477.105053357853,4.106565007154499,0.00288191202617378,0.3,mixture,68
mixture,0.05,6728.266897114634,13462.533794229268,13477.257060066215,19.534000659821633,0.0030599636016916554,0.2974385516362495,mixture,68
mixture,0.1,6728.938809027435,13463.87761805487,13478.600883891817,35.67978738936933,0.003062418091882791,0.2974368067083573,mixture,68
mixture,0.15000000000000002,6729.181149791357,13464.362299582714,13479.08556541966,51.826968187860395,0.0030631490301809387,0.2974363461382044,mixture,68
mixture,0.25,6729.382088247251,13464.764176494502,13479.487442331449,84.11793163026489,0.0030638628676400285,0.297431334216828,mixture,68
mixture,0.3,6729.433344571669,13464.866689143339,13479.589954980285,100.26735401930239,0.003063916402773323,0.2974349954530722,mixture,68
mixture,0.35000000000000003,6729.470203676653,13464.940407353306,13479.663673190253,116.41686962585814,0.0030639528349666904,0.2974357087239537,mixture,68
mixture,0.4,6729.4979861141765,13464.995972228353,13479.7192380653,132.5657022662035,0.0030639963010231377,0.2974358367196662,mixture,68
mixture,0.45,6729.51967715699,13465.03935431398,13479.762620150927,148.71358823017877,0.0030640498819252218,0.29743581354137083,mixture,68
mixture,0.5,6729.5370822370805,13465.074164474161,13479.797430311108,164.8614865738298,0.003064092514533923,0.29743579519756536,mixture,68
mixture,0.002,6729.615828506541,13465.231657013082,13479.95492285003,325.6948288533804,0.29999999991903603,0.0030642808547271124,mixture,68
null,,6729.615983710117,13461.231967420234,13466.139722699216,326.340828163875,0.0030642810022466476,,mixture,68
sum,,6756.356675933588,13514.713351867176,13519.621107146158,480.3642863386929,0.0041635068569395054,,mixture,68
mixture,0.05,6702.095257569401,13410.190515138802,13424.913780975749,120.50265010441771,0.0014650906403337906,0.010998544066026647,mixture,69
mixture,0.010000000000000007,6713.576243162148,13433.152486324296,13447.875752161242,106.90832740300759,0.0005,0.011391313463084089,mixture,69
mixture,0.009750000000000007,6714.652560251197,13435.305120502395,13450.028386339342,105.40398497627581,0.0005,0.01152740469808797,mixture,69
mixture,0.009500000000000007,6715.8038700849165,13437.607740169833,13452.33100600678,103.88069655245022,0.0005,0.011669319883443014,mixture,69
mixture,0.009000000000000006,6718.35300126728,13442.70600253456,13457.429268371507,100.77409722906039,0.0005,0.011972344406941827,mixture,69
mixture,0.009250000000000006,6719.977879555028,13445.955759110057,13460.679024947003,87.25094965828809,0.0006837002298405135,0.013439068295742632,mixture,69
mixture,0.008250000000000006,6722.888007232897,13451.776014465793,13466.49928030274,95.94758211426426,0.0005,0.012483073412777131,mixture,69
mixture,0.008000000000000005,6724.619303769712,13455.238607539424,13469.961873376371,94.28932486603786,0.0005,0.012670948455583537,mixture,69
mixture,0.008500000000000006,6730.854412001019,13467.708824002038,13482.432089838985,70.82827313417059,0.0008902692046873445,0.01617967205755232,mixture,69
mixture,0.008750000000000006,6731.458892736207,13468.917785472415,13483.641051309362,68.73027720281593,0.0009569359783172496,0.01663547677550012,mixture,69
mixture,0.007750000000000005,6743.344889065251,13492.689778130502,13507.413043967448,27.880911967086924,0.0016835483561244678,0.04262692782509747,mixture,69
mixture,0.007500000000000005,6744.550125188052,13495.100250376105,13509.823516213051,26.58453152157095,0.0017138409579113489,0.044690305068740256,mixture,69
mixture,0.007250000000000005,6745.789409951821,13497.578819903641,13512.302085740588,25.460958139426417,0.0017383720056576629,0.04662902039238113,mixture,69
mixture,0.0070000000000000045,6747.070277378465,13500.14055475693,13514.863820593877,24.435742774963355,0.0017597248183185716,0.04853882947914165,mixture,69
mixture,0.006750000000000004,6748.399087764223,13502.798175528445,13517.521441365392,23.473501986358123,0.001779158160411173,0.0504711158140312,mixture,69
mixture,0.006500000000000004,6749.781787640107,13505.563575280214,13520.28684111716,22.554642189558063,0.0017973883725592758,0.05245987415244373,mixture,69
mixture,0.006250000000000004,6751.224228045679,13508.448456091359,13523.171721928305,21.661757483105205,0.0018150786487298887,0.05454656075225662,mixture,69
mixture,0.006000000000000004,6752.732318759926,13511.464637519852,13526.187903356798,20.78719609839731,0.0018325792663199053,0.05675744110194642,mixture,69
mixture,0.005750000000000003,6754.312090980697,13514.624181961393,13529.34744779834,19.922906932396614,0.0018502774530724593,0.05912782263019199,mixture,69
mixture,0.005500000000000003,6755.969697404631,13517.939394809262,13532.662660646209,19.062606386028715,0.0018685104164086266,0.06169704966250763,mixture,69
mixture,0.005250000000000003,6757.711344905014,13521.422689810028,13536.145955646974,18.19899604050939,0.001887785595011339,0.06451891220623329,mixture,69
mixture,0.005000000000000003,6759.543144957692,13525.086289915384,13539.80955575233,17.326844660261074,0.0019084748805178586,0.06765508065090141,mixture,69
mixture,0.0047500000000000025,6761.470885728953,13528.941771457907,13543.665037294853,16.45740009515106,0.0019297468085538122,0.07110992137577397,mixture,69
mixture,0.004500000000000002,6763.499415627888,13532.998831255776,13547.722097092723,15.537165418122225,0.0019561486629481044,0.07520741478212735,mixture,69
mixture,0.004250000000000002,6765.632359390149,13537.264718780298,13551.987984617244,14.609206985651227,0.001984407841138075,0.07986759090316103,mixture,69
mixture,0.004000000000000002,6767.870762016719,13541.741524033438,13556.464789870384,13.653380939065189,0.002016606235197587,0.0853481376047506,mixture,69
mixture,0.0037500000000000016,6770.211893169905,13546.42378633981,13561.147052176757,12.666341118573916,0.0020536179460579696,0.09190247605750239,mixture,69
mixture,0.0035000000000000014,6772.647448866015,13551.29489773203,13566.018163568977,11.648601169648177,0.0020961911829491704,0.09986064464880988,mixture,69
mixture,0.003250000000000001,6775.161897113932,13556.323794227865,13571.047060064811,10.605945337940414,0.0021447745073751405,0.10964581153702732,mixture,69
mixture,0.003000000000000001,6777.732521533138,13561.465043066277,13576.188308903224,9.555249235620746,0.0021988258976641485,0.12172067272055943,mixture,69
mixture,0.0027500000000000007,6780.3335860914085,13566.667172182817,13581.390438019764,8.523420822125921,0.0022563347003111607,0.13652299959404376,mixture,69
mixture,0.0025000000000000005,6782.943750860734,13571.887501721469,13586.610767558415,7.5375024418673835,0.002314758864578707,0.15447211076407227,mixture,69
mixture,0.0022500000000000003,6785.549233886215,13577.09846777243,13591.821733609377,6.609142620506844,0.002372453130483391,0.17625733938696578,mixture,69
mixture,0.002,6788.139273399035,13582.27854679807,13597.001812635017,5.73683875435938,0.0024289780513580246,0.2031160523909047,mixture,69
mixture,0.1,6800.474473117858,13606.948946235716,13621.672212072663,38.920149165751525,0.002785739817153863,0.2977133363030343,mixture,69
mixture,0.15000000000000002,6800.806222995988,13607.612445991976,13622.335711828922,56.694362550585346,0.002786070618198276,0.29771333262357486,mixture,69
mixture,0.2,6800.975891502872,13607.951783005745,13622.675048842691,74.46904070464134,0.002786217998766688,0.29771335490908346,mixture,69
mixture,0.25,6801.078938611988,13608.157877223975,13622.881143060922,92.2439119501244,0.002786300439348852,0.2977133763320914,mixture,69
mixture,0.3,6801.148163551034,13608.296327102067,13623.019592939014,110.0188820987011,0.0027863528442903197,0.2977133940686762,mixture,69
mixture,0.35000000000000003,6801.1978704687135,13608.395740937427,13623.119006774374,127.79391618844275,0.0027863888601683384,0.29771340862221163,mixture,69
mixture,0.4,6801.235294096833,13608.470588193666,13623.193854030613,145.56899021309547,0.00278641509819952,0.29771342058312106,mixture,69
mixture,0.45,6801.2644867906765,13608.528973581353,13623.2522394183,163.34409461584357,0.002786434982203922,0.2977134305761087,mixture,69
mixture,0.5,6801.287894870101,13608.575789740202,13623.299055577148,181.11859580279025,0.002786460267070449,0.2977133247611778,mixture,69
null,,6801.393830163756,13604.787660327513,13609.695415606495,358.87051574034194,0.0027865203635830103,,mixture,69
sum,,6835.902822412219,13673.805644824439,13678.713400103421,528.2390399127924,0.0037861646884906172,,mixture,69
mixture,0.010000000000000007,6643.888785353941,13293.777570707882,13308.500836544828,93.75087146892197,0.0006166201294468247,0.01276868548490334,mixture,70
mixture,0.009750000000000007,6644.604630246463,13295.209260492926,13309.932526329872,93.3706698012052,0.0006048537946156109,0.012818592370695641,mixture,70
mixture,0.009500000000000007,6645.373892182998,13296.747784365996,13311.471050202943,92.92156933773533,0.0005936002671068203,0.012877428020057698,mixture,70
mixture,0.009000000000000006,6647.093079620237,13300.186159240475,13314.909425077421,91.81864348322159,0.0005725151469599831,0.013022589659971408,mixture,70
mixture,0.008750000000000006,6648.054493230407,13302.108986460815,13316.832252297761,91.14843132309667,0.0005628501322110661,0.013111329821084565,mixture,70
mixture,0.008500000000000006,6649.092406769467,13304.184813538934,13318.90807937588,90.40648834250287,0.0005536839870549718,0.01321035272251037,mixture,70
mixture,0.009250000000000006,6652.497906432702,13310.995812865403,13325.71907870235,68.19879883290723,0.001013129210785059,0.016772850927180925,mixture,70
mixture,0.007750000000000005,6652.741802476989,13311.483604953977,13326.206870790924,87.71217439709365,0.0005294822971300158,0.01357847145392937,mixture,70
mixture,0.007500000000000005,6654.1665238576425,13314.333047715285,13329.056313552232,86.65791902668177,0.0005224859279062237,0.01372686625616424,mixture,70
mixture,0.008000000000000005,6654.558845449074,13315.117690898149,13329.840956735095,71.81383642480203,0.0008128238435175249,0.016007330980134626,mixture,70
mixture,0.007250000000000005,6655.712715814341,13317.425431628682,13332.148697465629,85.52703025473684,0.0005159940575718034,0.013889184081750511,mixture,70
mixture,0.008250000000000006,6658.019556204787,13322.039112409573,13336.76237824652,64.57635602353396,0.0010051547714684096,0.017593994883283278,mixture,70
mixture,0.006500000000000004,6661.209935796547,13328.419871593094,13343.143137430041,81.63665762875527,0.0005,0.0144747724368177,mixture,70
mixture,0.006250000000000004,6663.382230407973,13332.764460815946,13347.487726652893,79.88589309923685,0.0005,0.014747151878458285,mixture,70
mixture,0.006000000000000004,6665.757463462825,13337.51492692565,13352.238192762597,78.10257450571541,0.0005,0.015037235802579159,mixture,70
mixture,0.005750000000000003,6668.357799925177,13342.715599850353,13357.4388656873,76.28219869530975,0.0005,0.015347580354230617,mixture,70
mixture,0.006750000000000004,6673.298191620501,13352.596383241002,13367.319649077948,55.37342754680015,0.0010901133031488795,0.020195638697860178,mixture,70
mixture,0.0070000000000000045,6673.461447143852,13352.922894287703,13367.64616012465,55.206069763265525,0.0011428308809364087,0.02023189087855478,mixture,70
mixture,0.005250000000000003,6674.339815899091,13354.679631798183,13369.40289763513,72.51990643702553,0.0005,0.016039205106026088,mixture,70
mixture,0.005000000000000003,6677.785345618586,13361.570691237172,13376.293957074118,70.57056573039131,0.0005,0.016427120797069893,mixture,70
mixture,0.0047500000000000025,6681.585541609009,13369.171083218018,13383.894349054965,68.56973281845627,0.0005,0.016848730348227262,mixture,70
mixture,0.004500000000000002,6685.787791461123,13377.575582922245,13392.298848759192,66.51183418405877,0.0005,0.017309480981149695,mixture,70
mixture,0.005500000000000003,6688.482705387941,13382.965410775882,13397.688676612828,48.36350858944969,0.0011124188915890211,0.02290454615607099,mixture,70
mixture,0.004250000000000002,6690.448349638675,13386.89669927735,13401.619965114296,64.39014411310619,0.0005,0.017816200258580075,mixture,70
mixture,0.004000000000000002,6695.634513416876,13397.269026833752,13411.992292670699,62.19651676084247,0.0005,0.018377564823863737,mixture,70
mixture,0.0037500000000000016,6701.427459603866,13408.854919207732,13423.578185044678,59.92086120680801,0.0005,0.01900483847584356,mixture,70
mixture,0.0035000000000000014,6710.048431212983,13426.096862425966,13440.820128262912,51.27206484681911,0.0006337761489403132,0.02178160631995826,mixture,70
mixture,0.3,6728.537237782417,13463.074475564834,13477.79774140178,135.64000851518048,0.0027519526562038237,0.02628959357015612,mixture,70
mixture,0.003250000000000001,6730.919960871279,13467.839921742558,13482.563187579504,12.260186694834186,0.002094525955183276,0.09308006390980604,mixture,70
mixture,0.003000000000000001,6733.926769073594,13473.853538147188,13488.576803984135,8.877970049748313,0.002379823944776756,0.130885024613347,mixture,70
mixture,0.0027500000000000007,6736.361295702238,13478.722591404476,13493.445857241422,7.407384629755351,0.00249837635676371,0.158126243732747,mixture,70
mixture,0.0025000000000000005,6738.573758642717,13483.147517285433,13497.87078312238,6.446857057338398,0.002567961203666598,0.18224763346909406,mixture,70
mixture,0.0022500000000000003,6740.70969116395,13487.4193823279,13502.142648164847,5.689949440122356,0.0026177947906657517,0.20655436655903825,mixture,70
mixture,0.002,6742.851178306055,13491.70235661211,13506.425622449056,5.033564407342228,0.002658183776722073,0.2331137916385269,mixture,70
mixture,0.05,6751.939370672605,13509.87874134521,13524.602007182157,20.042558321923547,0.0029674280907523447,0.297530463820464,mixture,70
mixture,0.1,6752.890292772445,13511.78058554489,13526.503851381836,36.7062996222974,0.0029689982700637535,0.297529926660214,mixture,70
mixture,0.15000000000000002,6753.226224745575,13512.45244949115,13527.175715328096,53.37159428813899,0.0029694304080122836,0.29752987460917873,mixture,70
mixture,0.2,6753.397946319337,13512.795892638675,13527.519158475621,70.03731570248453,0.002969627683858943,0.29752987471018094,mixture,70
mixture,0.25,6753.502208604344,13513.004417208687,13527.727683045634,86.70322176816713,0.002969739545253904,0.29752988372406847,mixture,70
mixture,0.35000000000000003,6753.622504606161,13513.245009212322,13527.968275049268,120.02930532308554,0.002970012496564279,0.29752595895402134,mixture,70
mixture,0.4,6753.660358327719,13513.320716655438,13528.043982492385,136.70059769431325,0.0029699149314078234,0.2975297132488298,mixture,70
mixture,0.45,6753.68987928036,13513.37975856072,13528.103024397667,153.36616639115567,0.0029699517759119343,0.2975297445108861,mixture,70
mixture,0.5,6753.713549125596,13513.427098251192,13528.150364088138,170.03342291620376,0.0029699514652415603,0.2975298952186291,mixture,70
null,,6753.820649379442,13509.641298758885,13514.549054037867,336.6947322808186,0.0029700494368470097,,mixture,70
sum,,6791.403314972257,13584.806629944514,13589.714385223497,499.125476128467,0.004007008449084317,,mixture,70
mixture,0.010000000000000007,6679.656103089254,13365.312206178509,13380.035472015456,89.73420080216043,0.0006721647220277357,0.01322523459806875,mixture,71
mixture,0.009750000000000007,6680.693407543715,13367.38681508743,13382.110080924376,89.27007712472371,0.0006614150143743265,0.013286782432460979,mixture,71
mixture,0.009500000000000007,6681.79188774117,13369.58377548234,13384.307041319287,88.73709840491749,0.0006511402294778359,0.013358543115634966,mixture,71
mixture,0.009250000000000006,6682.956569420317,13371.913138840633,13386.63640467758,88.13062576624593,0.0006413821930893769,0.013441435063249222,mixture,71
mixture,0.009000000000000006,6684.192949240671,13374.385898481341,13389.109164318288,87.4548257903253,0.0006320869974382611,0.013535241169801208,mixture,71
mixture,0.008750000000000006,6685.507047593292,13377.014095186583,13391.73736102353,86.707896183152,0.0006232706656991211,0.013640607355928404,mixture,71
mixture,0.008500000000000006,6691.580353237925,13389.16070647585,13403.883972312797,63.63047280394624,0.0010108462460579216,0.01795490574871399,mixture,71
mixture,0.008000000000000005,6694.450474662468,13394.900949324936,13409.624215161883,62.989405114931444,0.0009750994878469067,0.01810710841645184,mixture,71
mixture,0.007250000000000005,6695.445338433041,13396.890676866082,13411.613942703028,80.7086064630149,0.0005804227809927705,0.014552672295560261,mixture,71
mixture,0.007750000000000005,6695.4801828242835,13396.960365648567,13411.683631485514,63.71626242965648,0.0009313385187595117,0.017912296924905036,mixture,71
mixture,0.007500000000000005,6696.745390188687,13399.490780377375,13414.214046214322,64.30634896873383,0.0008916118423022534,0.01775662946638167,mixture,71
mixture,0.008250000000000006,6701.19603081428,13408.39206162856,13423.115327465506,56.1467512063829,0.0012364991541196776,0.020045603758372187,mixture,71
mixture,0.006250000000000004,6704.790661224453,13415.581322448907,13430.304588285853,75.35921157640493,0.0005600339750714495,0.01547917102967819,mixture,71
mixture,0.0070000000000000045,6710.131846983929,13426.263693967858,13440.986959804804,52.41121982111251,0.0011803582014358013,0.021363652172895865,mixture,71
mixture,0.006750000000000004,6711.6466498086465,13429.293299617293,13444.01656545424,51.96447346773898,0.0011529638104402114,0.02154088210869362,mixture,71
mixture,0.006500000000000004,6716.2094036998815,13438.418807399763,13453.14207323671,50.030592955151434,0.001191343446192276,0.022288494371868132,mixture,71
mixture,0.005750000000000003,6722.7067396333705,13451.413479266741,13466.136745103688,48.14586537101152,0.0011180548597823454,0.023120477263370815,mixture,71
mixture,0.006000000000000004,6732.9299854971005,13471.859970994201,13486.583236831148,16.089785959304216,0.0021805028075972508,0.07452320682282267,mixture,71
mixture,0.005500000000000003,6736.1376578425225,13478.275315685045,13492.998581521992,10.5385887596907,0.0025594582929326605,0.1185382563825211,mixture,71
mixture,0.005250000000000003,6736.988235477582,13479.976470955164,13494.69973679211,8.829435980130057,0.0026729960522406926,0.1448943347948086,mixture,71
mixture,0.005000000000000003,6737.673025064994,13481.346050129989,13496.069315966935,7.937091939501364,0.0027243051790790153,0.16306766279417642,mixture,71
mixture,0.0047500000000000025,6738.276888621735,13482.55377724347,13497.277043080418,7.294540594755432,0.0027567766057680918,0.17863188325291462,mixture,71
mixture,0.004500000000000002,6738.833851772579,13483.667703545158,13498.390969382104,6.775491018370152,0.0027800610599833533,0.19304526892470428,mixture,71
mixture,0.004250000000000002,6739.363157847239,13484.726315694477,13499.449581531424,6.329617393879351,0.002797962008518786,0.206988459735115,mixture,71
mixture,0.004000000000000002,6739.877836991607,13485.755673983214,13500.478939820161,5.931570756887991,0.002812372891832913,0.22087762569251354,mixture,71
mixture,0.0037500000000000016,6740.387929908567,13486.775859817133,13501.49912565408,5.566507835219145,0.00282437878826217,0.2350321254892865,mixture,71
mixture,0.0035000000000000014,6740.902034982739,13487.804069965478,13502.527335802424,5.224986713796023,0.002834668847564879,0.24973218713090842,mixture,71
mixture,0.003250000000000001,6741.645931715483,13489.291863430966,13504.015129267913,4.477343183597399,0.002880519891872156,0.29761952445920625,mixture,71
mixture,0.003000000000000001,6742.02595916123,13490.05191832246,13504.775184159407,4.395265197752522,0.0028694867830108325,0.2976313018005502,mixture,71
mixture,0.0027500000000000007,6742.551249777457,13491.102499554914,13505.82576539186,4.313182334937923,0.0028564999354401947,0.2976451898677749,mixture,71
mixture,0.0025000000000000005,6743.276569100501,13492.553138201001,13507.276404037948,4.23108472193573,0.0028410195710594876,0.2976617711832028,mixture,71
mixture,0.0022500000000000003,6744.233013335355,13494.46602667071,13509.189292507657,4.122108650177001,0.0028256558408952183,0.3,mixture,71
mixture,0.05,6745.603551924534,13497.207103849069,13511.930369686015,19.89995266766757,0.002992804643520149,0.29750574084130804,mixture,71
mixture,0.002,6745.610949201084,13497.221898402167,13511.945164239114,4.04016515738515,0.0028030893211645445,0.3,mixture,71
mixture,0.1,6746.3071628837915,13498.614325767583,13513.33759160453,36.414996456188305,0.0029949238776621925,0.29750431873877903,mixture,71
mixture,0.15000000000000002,6746.559772001283,13499.119544002566,13513.842809839512,52.93147221345638,0.002995544582019768,0.2975039626329811,mixture,71
mixture,0.2,6746.689681543755,13499.37936308751,13514.102628924456,69.44834710108245,0.0029958370192979,0.29750380912393865,mixture,71
mixture,0.25,6746.768810843536,13499.537621687072,13514.260887524018,85.96539353697464,0.0029960063222952494,0.29750372540174974,mixture,71
mixture,0.3,6746.822058806201,13499.644117612403,13514.36738344935,102.47774007699807,0.002996260681704264,0.297500075569102,mixture,71
mixture,0.35000000000000003,6746.8603491899175,13499.720698379835,13514.443964216782,118.99910471684564,0.0029962096361538858,0.2975034600232223,mixture,71
mixture,0.4,6746.889199476806,13499.778398953613,13514.50166479056,135.51588523788905,0.0029962748374039185,0.29750345746842394,mixture,71
mixture,0.45,6746.911719734077,13499.823439468155,13514.546705305102,152.0340030193911,0.0029962988578816382,0.29750356795326954,mixture,71
mixture,0.5,6746.929787132187,13499.859574264374,13514.58284010132,168.55121698066043,0.002996334318125497,0.29750355619547036,mixture,71
null,,6747.011658278692,13496.023316557385,13500.931071836367,333.72376178494903,0.002996490254848554,,mixture,71
sum,,6779.523269950561,13561.046539901123,13565.954295180105,492.93288040601055,0.00405734752032097,,mixture,71
mixture,0.010000000000000007,6706.233914548262,13418.467829096524,13433.19109493347,55.52377841899818,0.0011531327719661612,0.021130480652193747,mixture,72
mixture,0.009750000000000007,6707.529318024837,13421.058636049675,13435.781901886621,53.33645539750489,0.0012002062527607866,0.021901958483703136,mixture,72
mixture,0.009500000000000007,6708.661536261319,13423.323072522639,13438.046338359585,54.835837200839066,0.0011300067691277086,0.021333737488795995,mixture,72
mixture,0.009250000000000006,6710.128440724579,13426.256881449159,13440.980147286105,52.220954433506606,0.0011897981066432404,0.022290830911803932,mixture,72
mixture,0.009000000000000006,6711.521327013683,13429.042654027366,13443.765919864312,51.68916259748931,0.001182899956478767,0.022481472578630285,mixture,72
mixture,0.008750000000000006,6713.292598637161,13432.585197274322,13447.308463111269,49.93234996563518,0.0012201754715417937,0.02318103410545129,mixture,72
mixture,0.008500000000000006,6714.2930221149145,13434.586044229829,13449.309310066776,53.3495817078224,0.0010809593641600281,0.021797821731102444,mixture,72
mixture,0.008250000000000006,6715.891801601366,13437.783603202732,13452.506869039678,52.94941160928782,0.0010681151347438523,0.02192898802551388,mixture,72
mixture,0.008000000000000005,6717.579147146872,13441.158294293744,13455.88156013069,52.53436256510017,0.0010550573856037818,0.02206806383435992,mixture,72
mixture,0.007750000000000005,6719.3623695480255,13444.724739096051,13459.448004932998,52.104191288585504,0.0010417747426289062,0.02221539950914726,mixture,72
mixture,0.007500000000000005,6721.249635037193,13448.499270074386,13463.222535911333,51.65605294705658,0.001028284611712555,0.022372573714981435,mixture,72
mixture,0.007250000000000005,6734.506137787212,13475.012275574423,13489.73554141137,13.579753181449158,0.0024649938691308467,0.09331611827494471,mixture,72
mixture,0.0070000000000000045,6735.206612944652,13476.413225889304,13491.13649172625,12.75000118192209,0.0025011156489258093,0.09978645746985326,mixture,72
mixture,0.006750000000000004,6735.881614524404,13477.763229048807,13492.486494885754,12.077938657756441,0.00252786432646222,0.10557840453133699,mixture,72
mixture,0.006500000000000004,6736.543253697115,13479.08650739423,13493.809773231176,11.492479295704708,0.0025495159939009286,0.1110927754793314,mixture,72
mixture,0.006250000000000004,6737.199322524205,13480.39864504841,13495.121910885357,10.963096928509923,0.002567881147703194,0.1165117366132762,mixture,72
mixture,0.006000000000000004,6737.855660473264,13481.711320946528,13496.434586783475,10.472742369466491,0.002583983180649424,0.12195202998183281,mixture,72
mixture,0.005750000000000003,6738.517091645825,13483.03418329165,13497.757449128596,10.011497171834453,0.002598389716240992,0.12749102512571722,mixture,72
mixture,0.005500000000000003,6739.187884848501,13484.375769697002,13499.099035533949,9.57148850306415,0.0026115939249900344,0.1332128691036725,mixture,72
mixture,0.005250000000000003,6739.87201113395,13485.7440222679,13500.467288104846,9.147851496563701,0.0026238785426048934,0.1391843376281641,mixture,72
mixture,0.005000000000000003,6740.573299782885,13487.14659956577,13501.869865402718,8.73636763882491,0.002635513709006762,0.14548476065835406,mixture,72
mixture,0.0047500000000000025,6741.29553470998,13488.59106941996,13503.314335256906,8.333739220671443,0.0026467123491810017,0.1522007780586461,mixture,72
mixture,0.004500000000000002,6742.042508241981,13490.085016483961,13504.808282320908,7.937159288924196,0.0026576745508528382,0.15943433976985785,mixture,72
mixture,0.004250000000000002,6742.818036284789,13491.636072569578,13506.359338406524,7.543994729079544,0.00266859548245969,0.1673136670435019,mixture,72
mixture,0.004000000000000002,6743.625929955249,13493.251859910499,13507.975125747445,7.151995665499574,0.0026796708256710986,0.17599427467363693,mixture,72
mixture,0.0037500000000000016,6744.469911107719,13494.939822215438,13509.663088052384,6.758733682114509,0.002691123013777987,0.18568519931009972,mixture,72
mixture,0.0035000000000000014,6745.353451904588,13496.706903809176,13511.430169646123,6.3621739927526,0.0027031838870603003,0.19664899413461648,mixture,72
mixture,0.003250000000000001,6746.279512091895,13498.55902418379,13513.282290020737,5.960031535048404,0.002716078384164541,0.20924944902722997,mixture,72
mixture,0.003000000000000001,6747.25014237526,13500.50028475052,13515.223550587467,5.550441410983227,0.002730157209429103,0.22396423669118207,mixture,72
mixture,0.0027500000000000007,6748.265910730284,13502.531821460569,13517.255087297515,5.13135901420403,0.0027456325425353582,0.24147843712966077,mixture,72
mixture,0.0025000000000000005,6749.325050227603,13504.650100455206,13519.373366292153,4.701302038508863,0.002762912642083443,0.2627447798358896,mixture,72
mixture,0.0022500000000000003,6750.435884920547,13506.871769841095,13521.595035678041,4.1567726730370484,0.002793895308959652,0.29770736840179757,mixture,72
mixture,0.002,6751.658112981255,13509.31622596251,13524.039491799456,4.073700147920158,0.0027712545919583555,0.29773222096979113,mixture,72
mixture,0.05,6753.490944408751,13512.981888817501,13527.705154654448,20.07555015511822,0.0029616173058593658,0.29753676498574944,mixture,72
mixture,0.1,6754.267726205446,13514.535452410892,13529.258718247838,36.7659918608617,0.002963740830428223,0.2975354216732596,mixture,72
mixture,0.15000000000000002,6754.546470721228,13515.092941442455,13529.816207279402,53.457938297087004,0.0029643605337548724,0.2975350953790345,mixture,72
mixture,0.2,6754.689820153706,13515.379640307412,13530.102906144359,70.15030582962247,0.0029646518859957442,0.297534957651694,mixture,72
mixture,0.25,6754.777139052798,13515.554278105596,13530.277543942542,86.8428548208712,0.0029648203201401487,0.2975348837209104,mixture,72
mixture,0.3,6754.8359059576,13515.6718119152,13530.395077752146,103.53550404026383,0.002964929674175599,0.29753483837279693,mixture,72
mixture,0.35000000000000003,6754.878155546154,13515.756311092307,13530.479576929254,120.22642233378144,0.002965051408862357,0.2975340170298858,mixture,72
mixture,0.4,6754.909995600831,13515.819991201663,13530.54325703861,136.92014888600283,0.0029650807584006567,0.29753462488160526,mixture,72
mixture,0.45,6754.934849567582,13515.869699135164,13530.592964972111,153.61354616927693,0.002965110092146897,0.2975347431185207,mixture,72
mixture,0.5,6754.954789590276,13515.909579180552,13530.632845017499,170.3062785054155,0.0029651452670579107,0.2975347339996304,mixture,72
null,,6755.045150933974,13512.090301867947,13516.99805714693,337.234049601825,0.0029652996225639377,,mixture,72
sum,,6783.5272154100385,13569.054430820077,13573.96218609906,496.5237581566273,0.004028004636525579,,mixture,72
mixture,0.05,6717.967181282034,13441.934362564069,13456.657628401015,105.31661265892126,0.0015649801684825698,0.0129485433317817,mixture,73
mixture,0.010000000000000007,6730.945525062187,13467.891050124374,13482.61431596132,74.60816411027524,0.0007581469061714111,0.016119024621573913,mixture,73
mixture,0.009750000000000007,6731.880055208152,13469.760110416304,13484.48337625325,74.08263761980588,0.000748761467812866,0.016217353520798467,mixture,73
mixture,0.009500000000000007,6732.869680412792,13471.739360825584,13486.462626662531,73.52296596689067,0.0007395348619194488,0.016324128160557134,mixture,73
mixture,0.009250000000000006,6733.918646740858,13473.837293481716,13488.560559318663,72.92706274823713,0.0007304914168639581,0.01644006668960399,mixture,73
mixture,0.009000000000000006,6735.031619525849,13476.063239051698,13490.786504888645,72.29078814709452,0.0007216627613659267,0.016566479580422656,mixture,73
mixture,0.008750000000000006,6736.213732879365,13478.42746575873,13493.150731595677,71.61672998315956,0.0007130382118179448,0.016703092499889115,mixture,73
mixture,0.008500000000000006,6737.470646541857,13480.941293083713,13495.66455892066,70.89865714167664,0.0007046685629664261,0.01685185614938218,mixture,73
mixture,0.008000000000000005,6740.234543814171,13486.469087628342,13501.192353465289,69.3267469353788,0.0006887561262004564,0.017188917131834583,mixture,73
mixture,0.008250000000000006,6740.690811769046,13487.381623538093,13502.10488937504,57.86190052418574,0.0009484378416326174,0.020172532314047018,mixture,73
mixture,0.007750000000000005,6741.75611567569,13489.51223135138,13504.235497188327,68.46558867320593,0.000681272116212517,0.01738050939964183,mixture,73
mixture,0.007500000000000005,6743.3818548092695,13492.763709618539,13507.486975455486,67.55486703112597,0.0006741160659073424,0.017588415885741962,mixture,73
mixture,0.007250000000000005,6745.121265315665,13496.24253063133,13510.965796468277,66.58944126132629,0.0006673373443654042,0.017815045240597623,mixture,73
mixture,0.0070000000000000045,6746.984968641991,13499.969937283982,13514.693203120929,65.57061748951536,0.0006608965743121088,0.01806145967762301,mixture,73
mixture,0.006500000000000004,6751.134354213043,13508.268708426085,13522.991974263032,63.35652658706635,0.0006492994174421069,0.018623793769837266,mixture,73
mixture,0.006250000000000004,6753.448522644156,13512.897045288311,13527.620311125258,62.156271843283534,0.000644186090246558,0.018945132564474568,mixture,73
mixture,0.006750000000000004,6754.765904312573,13515.531808625146,13530.255074462093,46.09863641232511,0.0011078010559630023,0.024827845723301635,mixture,73
mixture,0.006000000000000004,6755.944470228984,13517.888940457968,13532.612206294914,60.88988877318262,0.0006395951857876177,0.01929761529040439,mixture,73
mixture,0.005750000000000003,6758.64162147573,13523.28324295146,13538.006508788407,59.55482518310049,0.0006355459859652768,0.01968520066226635,mixture,73
mixture,0.005250000000000003,6764.7313659314805,13535.462731862961,13550.185997699908,56.6546783232253,0.0006294617945075599,0.020589176529728838,mixture,73
mixture,0.005500000000000003,6767.552007607059,13541.104015214118,13555.827281051064,39.9666890922182,0.0011131111268241015,0.028393531541270865,mixture,73
mixture,0.005000000000000003,6770.661249937041,13547.322499874082,13562.04576571103,43.65716432591867,0.000909772110229326,0.02607354718276002,mixture,73
mixture,0.0047500000000000025,6772.60796204111,13551.21592408222,13565.939189919167,47.764203605449644,0.0007590040559404573,0.023978459484438948,mixture,73
mixture,0.004500000000000002,6778.024370286983,13562.048740573966,13576.772006410913,41.619144031434146,0.0008815518825992038,0.027263134792956365,mixture,73
mixture,0.004250000000000002,6783.782118556077,13573.564237112154,13588.2875029491,35.96042054452906,0.0010047152842141789,0.03138161046806828,mixture,73
mixture,0.004000000000000002,6785.50275117367,13577.00550234734,13591.728768184286,47.6668462237782,0.0006336394998938276,0.024084668660637226,mixture,73
mixture,0.0037500000000000016,6790.9624072075385,13587.924814415077,13602.648080252024,45.41936885467289,0.0006411622593608343,0.02517651016383306,mixture,73
mixture,0.0035000000000000014,6796.996714884527,13599.993429769054,13614.716695606001,42.90163258542639,0.0006540365186349648,0.026537773111155318,mixture,73
mixture,0.003250000000000001,6804.310657689088,13614.621315378175,13629.344581215122,19.642605996643837,0.001434041236037605,0.057362669262744394,mixture,73
mixture,0.003000000000000001,6807.431950587902,13620.863901175804,13635.58716701275,6.7028060859081835,0.0024216062659113513,0.18246842813359634,mixture,73
mixture,0.0027500000000000007,6808.633782538048,13623.267565076096,13637.990830913042,5.7920722910247235,0.002479210398764006,0.2129580045967419,mixture,73
mixture,0.0025000000000000005,6809.709202840911,13625.418405681821,13640.141671518768,5.162788425276805,0.0025116621369841493,0.2393560568949446,mixture,73
mixture,0.0022500000000000003,6810.970706802217,13627.941413604434,13642.664679441381,4.222100672537869,0.0025771249361187087,0.29792166373958495,mixture,73
mixture,0.002,6811.78515225744,13629.57030451488,13644.293570351827,4.131524950952254,0.0025579028680292122,0.2979429606883368,mixture,73
mixture,0.1,6818.3996649858345,13642.799329971669,13657.522595808616,39.82596641635011,0.002717123836032788,0.29778212893923045,mixture,73
mixture,0.15000000000000002,6818.710090551601,13643.420181103202,13658.143446940148,58.05237634950474,0.0027174927461484756,0.2977820227249671,mixture,73
mixture,0.2,6818.86935700478,13643.73871400956,13658.461979846506,76.27928085614853,0.0027176589447412865,0.2977819936619999,mixture,73
mixture,0.25,6818.966252190826,13643.932504381652,13658.655770218598,94.50639549816604,0.0027177524593396504,0.2977819843823902,mixture,73
mixture,0.3,6819.031414550804,13644.062829101607,13658.786094938554,112.73361454147236,0.0027178122339204074,0.29778198161259967,mixture,73
mixture,0.35000000000000003,6819.0782390684235,13644.156478136847,13658.879743973794,130.96090047185334,0.0027178535195382355,0.2977819814737619,mixture,73
mixture,0.4,6819.113511718991,13644.227023437981,13658.950289274928,149.1882240720163,0.002717883788793205,0.2977819823107342,mixture,73
mixture,0.45,6819.141037928481,13644.282075856961,13659.005341693908,167.41558062275112,0.002717906791072486,0.2977819836672296,mixture,73
mixture,0.5,6819.163117059736,13644.326234119471,13659.049499956418,185.64299430810433,0.0027179243490393964,0.297781985497277,mixture,73
null,,6819.263117823832,13640.526235647663,13645.433990926645,367.9169610652863,0.0027180046201309856,,mixture,73
sum,,6852.112648142215,13706.22529628443,13711.133051563413,539.4320936288237,0.0037076029098412787,,mixture,73
mixture,0.010000000000000007,6687.771196435877,13381.542392871754,13396.2656587087,57.895459889744224,0.0011313667192787622,0.020180773722703754,mixture,74
mixture,0.009750000000000007,6688.912482837913,13383.824965675825,13398.548231512772,57.106537825846765,0.00112950376523567,0.020428296545317564,mixture,74
mixture,0.009500000000000007,6690.124872174098,13386.249744348195,13400.973010185142,56.10440577786643,0.001132325525747964,0.020758848667427214,mixture,74
mixture,0.009250000000000006,6691.4146006063265,13388.829201212653,13403.5524670496,54.91893256464228,0.001139306368221678,0.021169891021817957,mixture,74
mixture,0.009000000000000006,6692.788131165233,13391.576262330465,13406.299528167412,53.575387601335535,0.001150019926774594,0.02166146910717215,mixture,74
mixture,0.008750000000000006,6693.8948191613645,13393.789638322729,13408.512904159676,59.41249688353341,0.0009956367889934344,0.01958057510214678,mixture,74
mixture,0.008500000000000006,6695.343319715661,13396.686639431322,13411.409905268269,58.91479598452952,0.0009844693806532146,0.019719294627505594,mixture,74
mixture,0.008250000000000006,6696.873180689989,13399.746361379977,13414.469627216924,58.37561055299651,0.0009735881278646065,0.019874032046897753,mixture,74
mixture,0.008000000000000005,6698.490976776337,13402.981953552675,13417.705219389622,57.79100492004412,0.0009630644561180516,0.02004680762912197,mixture,74
mixture,0.007750000000000005,6700.203990979484,13406.407981958968,13421.131247795915,57.149464921625004,0.0009530634535939046,0.02024264973199078,mixture,74
mixture,0.007500000000000005,6702.020302997469,13410.040605994938,13424.763871831885,56.4457619420281,0.0009436932998687814,0.020464649783878647,mixture,74
mixture,0.007250000000000005,6703.948886470837,13413.897772941675,13428.621038778621,55.6762201553373,0.0009350559585086902,0.02071566395409456,mixture,74
mixture,0.0070000000000000045,6705.999715452806,13417.999430905613,13432.72269674256,54.82014478868836,0.0009274691575422926,0.021005770684774397,mixture,74
mixture,0.3,6708.093905307425,13422.18781061485,13436.911076451797,188.68521954512448,0.0025378055974505285,0.009932902509982256,mixture,74
mixture,0.006750000000000004,6708.183878865405,13422.36775773081,13437.091023567757,53.870416713397155,0.0009211481270583364,0.021340661941542934,mixture,74
mixture,0.006500000000000004,6710.5136906484595,13427.027381296919,13441.750647133866,52.80645352745821,0.0009165252547212675,0.021732734221893382,mixture,74
mixture,0.006250000000000004,6713.522846461461,13433.045692922922,13447.768958759869,24.967945808145885,0.0017352315682770758,0.04651054803247828,mixture,74
mixture,0.006000000000000004,6715.491574551596,13436.983149103193,13451.70641494014,22.17860870002837,0.0018446258697970618,0.05252057383393669,mixture,74
mixture,0.005750000000000003,6717.454134342162,13440.908268684325,13455.631534521272,20.21582714400029,0.001921903218753581,0.05772468261621844,mixture,74
mixture,0.005500000000000003,6719.428003341011,13444.856006682023,13459.57927251897,18.557833154836516,0.001988925803093661,0.06297284505042726,mixture,74
mixture,0.005250000000000003,6721.4170235398715,13448.834047079743,13463.55731291669,17.051246300923104,0.0020526748031540116,0.0686337046074662,mixture,74
mixture,0.005000000000000003,6723.416577899887,13452.833155799774,13467.55642163672,15.6210917023183,0.0021171578289339616,0.07504090489757247,mixture,74
mixture,0.0047500000000000025,6725.413306062093,13456.826612124187,13471.549877961133,14.226704579592646,0.0021851507281791674,0.08257320430013393,mixture,74
mixture,0.004500000000000002,6727.38405595495,13460.7681119099,13475.491377746846,12.848236453455657,0.0022583381518621764,0.09170364553827584,mixture,74
mixture,0.004250000000000002,6729.2973249552715,13464.594649910543,13479.31791574749,11.505008913266506,0.0023357301554273496,0.10280885871041094,mixture,74
mixture,0.004000000000000002,6731.120904899587,13468.241809799174,13482.96507563612,10.241492038129575,0.0024132377985778128,0.11603025737116349,mixture,74
mixture,0.0037500000000000016,6732.834664478203,13471.669328956406,13486.392594793353,9.109792867206618,0.002485075448376012,0.131071999046646,mixture,74
mixture,0.0035000000000000014,6734.439096322095,13474.87819264419,13489.601458481136,8.135012457529747,0.002546964045154278,0.14739320277310008,mixture,74
mixture,0.003250000000000001,6735.952875369583,13477.905750739166,13492.629016576113,7.3083045773651705,0.0025978705915654416,0.1645540576968084,mixture,74
mixture,0.003000000000000001,6737.404468955392,13480.808937910784,13495.53220374773,6.601843882415512,0.00263909610490187,0.18243062975451937,mixture,74
mixture,0.0027500000000000007,6738.8256614157035,13483.651322831407,13498.374588668354,5.986019234170035,0.002672667067693406,0.20117672022619323,mixture,74
mixture,0.0025000000000000005,6740.249091114164,13486.498182228328,13501.221448065275,5.43556740054324,0.002700537489250383,0.22118371143843846,mixture,74
mixture,0.0022500000000000003,6741.7082551718095,13489.416510343619,13504.139776180566,4.929953359876741,0.002724463793049802,0.24311038323988168,mixture,74
mixture,0.002,6743.23808449066,13492.47616898132,13507.199434818267,4.451731510410831,0.0027460992350712924,0.2680327412421373,mixture,74
mixture,0.05,6749.900967139656,13505.801934279312,13520.525200116259,19.99458523060502,0.0029759166160190785,0.29752218490505333,mixture,74
mixture,0.1,6750.835123608244,13507.670247216489,13522.393513053436,36.61283029002511,0.002977267834935854,0.2975217589864213,mixture,74
mixture,0.15000000000000002,6751.166976077651,13508.333952155303,13523.05721799225,53.23287573206668,0.0029776118238453633,0.29752175797701785,mixture,74
mixture,0.2,6751.336985757346,13508.673971514692,13523.397237351639,69.85342266453998,0.002977761602196099,0.2975217868110191,mixture,74
mixture,0.25,6751.440332305048,13508.880664610097,13523.603930447043,86.47418312736956,0.0029778439040815826,0.297521814067481,mixture,74
mixture,0.35000000000000003,6751.559693078356,13509.119386156712,13523.842651993658,119.7140810893381,0.0029779792641838965,0.29752095204000223,mixture,74
mixture,0.4,6751.597271839848,13509.194543679696,13523.917809516643,136.33611580842805,0.0029779751321271307,0.2975216863959569,mixture,74
mixture,0.45,6751.626590784183,13509.253181568365,13523.976447405312,152.9565391952887,0.0029780037759656692,0.2975217197161908,mixture,74
mixture,0.5,6751.650104081451,13509.300208162902,13524.023473999849,169.57880808088643,0.002977993946928025,0.29752186676265013,mixture,74
null,,6751.756556731358,13505.513113462715,13510.420868741698,335.78912591679887,0.0029780595106220858,,mixture,74
sum,,6783.454538695976,13568.909077391952,13573.816832670935,495.8448168267977,0.0040335200291074435,,mixture,74
mixture,0.05,6728.693549336929,13463.387098673858,13478.110364510805,98.75852449535063,0.0016598944484610796,0.01384110727660155,mixture,75
mixture,0.010000000000000007,6760.136811762299,13526.273623524597,13540.996889361544,23.83339227418349,0.0020149678688339266,0.05246274435265025,mixture,75
mixture,0.009750000000000007,6760.778826545136,13527.557653090273,13542.28091892722,22.866605140901868,0.0020412849646552034,0.054739576829214105,mixture,75
mixture,0.009500000000000007,6761.4191878068805,13528.838375613761,13543.561641450708,21.93408738213734,0.0020671413138382195,0.05712763515370438,mixture,75
mixture,0.009250000000000006,6762.057140479522,13530.114280959044,13544.83754679599,21.028019664933687,0.0020928391681063773,0.059654315720996026,mixture,75
mixture,0.009000000000000006,6762.691783448744,13531.383566897488,13546.106832734435,20.148666959120593,0.002118314732546916,0.0623270184638688,mixture,75
mixture,0.008750000000000006,6763.322170419201,13532.644340838402,13547.367606675349,19.29600324372481,0.0021434972243590095,0.06515427996441107,mixture,75
mixture,0.008500000000000006,6763.947441592347,13533.894883184694,13548.61814902164,18.472611052619474,0.0021681571508428347,0.06813388260415014,mixture,75
mixture,0.008250000000000006,6764.566967612129,13535.133935224258,13549.857201061204,17.681312145750493,0.002192256575410629,0.07125630558073885,mixture,75
mixture,0.008000000000000005,6765.180490749908,13536.360981499816,13551.084247336763,16.92407428708052,0.0022153832051809725,0.07451385226335362,mixture,75
mixture,0.007750000000000005,6765.788213523917,13537.576427047834,13552.29969288478,16.202138139021415,0.0022374429863353234,0.07789462595784075,mixture,75
mixture,0.007500000000000005,6766.390838606641,13538.781677213283,13553.50494305023,15.516846518977063,0.0022581852923677648,0.0813818392609689,mixture,75
mixture,0.007250000000000005,6766.989550402481,13539.979100804961,13554.702366641908,14.871499438447556,0.0022775093458858005,0.08493610782568585,mixture,75
mixture,0.0070000000000000045,6767.5859533288985,13541.171906657797,13555.895172494744,14.254742385746827,0.002295547051835871,0.08861830152887258,mixture,75
mixture,0.006750000000000004,6768.18202683491,13542.36405366982,13557.087319506767,13.676081735179118,0.002312069789106388,0.09233848818872195,mixture,75
mixture,0.006500000000000004,6768.7800318245645,13543.560063649129,13558.283329486076,13.115911590520176,0.0023276125550147674,0.09623813406889148,mixture,75
mixture,0.006250000000000004,6769.382508220597,13544.765016441193,13559.48828227814,12.589558239450936,0.0023418005575719125,0.1001696286947026,mixture,75
mixture,0.006000000000000004,6769.99223729649,13545.98447459298,13560.707740429927,12.08297079682022,0.002354969982986824,0.10424567657723664,mixture,75
mixture,0.005750000000000003,6770.612240446401,13547.224480892803,13561.94774672975,11.596206749581482,0.002367186435494981,0.10845776679135716,mixture,75
mixture,0.005500000000000003,6771.245807148936,13548.491614297873,13563.21488013482,11.125387168880781,0.0023785962778095004,0.11284339350948341,mixture,75
mixture,0.005250000000000003,6771.896528810045,13549.79305762009,13564.516323457037,10.668469256292276,0.002389298242153661,0.11742768003054345,mixture,75
mixture,0.005000000000000003,6772.568349640611,13551.136699281222,13565.859965118168,10.223065487775088,0.002399393349819195,0.12224780543531033,mixture,75
mixture,0.0047500000000000025,6773.2656310767325,13552.531262153465,13567.254527990412,9.786835371297824,0.002409000816453702,0.1273502125059114,mixture,75
mixture,0.004500000000000002,6773.993229490598,13553.986458981197,13568.709724818144,9.357664999141312,0.002418227037908958,0.1327900339428129,mixture,75
mixture,0.004250000000000002,6774.756586918924,13555.513173837848,13570.236439674794,8.933511638449168,0.0024271906453263627,0.1386352618851688,mixture,75
mixture,0.004000000000000002,6775.561834135406,13557.123668270811,13571.846934107758,8.512316567786849,0.00243602150760256,0.1449719420526602,mixture,75
mixture,0.0037500000000000016,6776.415903926185,13558.83180785237,13573.555073689316,8.092028284560117,0.002444862686558322,0.15190906476625,mixture,75
mixture,0.0035000000000000014,6777.32664965446,13560.65329930892,13575.376565145867,7.670509925291862,0.0024538830099074416,0.1595881217875417,mixture,75
mixture,0.003250000000000001,6778.302959586665,13562.60591917333,13577.329185010276,7.245563954637246,0.0024632773266612586,0.16819425230241447,mixture,75
mixture,0.003000000000000001,6779.3548507954565,13564.709701590913,13579.43296742786,6.814782451678377,0.002473297046634349,0.17797766017212674,mixture,75
mixture,0.0027500000000000007,6780.493519344822,13566.987038689644,13581.71030452659,6.375710831693007,0.002484224174782664,0.1892772780005395,mixture,75
mixture,0.0025000000000000005,6781.731321090707,13569.462642181414,13584.18590801836,5.926055262159395,0.002496404625557147,0.20255390353747885,mixture,75
mixture,0.0022500000000000003,6783.081672675316,13572.163345350633,13586.88661118758,5.462751338308058,0.0025102746359780452,0.2184964825327835,mixture,75
mixture,0.002,6784.558916500738,13575.117833001475,13589.841098838422,4.984503179595351,0.0025262174950073228,0.23802676994220526,mixture,75
mixture,0.1,6800.512399388833,13607.024798777666,13621.748064614612,38.92634351298784,0.0027852589114659436,0.2977136991495489,mixture,75
mixture,0.15000000000000002,6800.939388952711,13607.878777905422,13622.602043742369,56.708257228269396,0.0027853514646317035,0.2977139742928917,mixture,75
mixture,0.2,6801.157676914291,13608.315353828582,13623.038619665529,74.49076912299455,0.002785374588541027,0.2977141423823553,mixture,75
mixture,0.25,6801.290224179783,13608.580448359566,13623.303714196512,92.27352993642315,0.0027853807591253573,0.29771425342621544,mixture,75
mixture,0.3,6801.379254805859,13608.758509611718,13623.481775448665,110.05642305449392,0.0027853814611857315,0.297714331965508,mixture,75
mixture,0.35000000000000003,6801.4431773383,13608.8863546766,13623.609620513547,127.83939211832056,0.0027853802844397396,0.29771439029500757,mixture,75
mixture,0.4,6801.491300498666,13608.982600997331,13623.705866834278,145.62241332887265,0.0027853783934673353,0.2977144353761142,mixture,75
mixture,0.45,6801.528837575535,13609.05767515107,13623.780940988017,163.40547446205326,0.0027853762362689467,0.2977144713531039,mixture,75
mixture,0.5,6801.558935017501,13609.117870035003,13623.84113587195,181.18592721665817,0.0027854150324192295,0.29771396510691683,mixture,75
null,,6801.695132340627,13605.390264681255,13610.298019960237,359.0195639480759,0.0027853635300627445,,mixture,75
sum,,6829.949249745583,13661.898499491166,13666.806254770148,525.5288458740852,0.0038056902407963976,,mixture,75
mixture,0.010000000000000007,6771.258664931936,13548.517329863873,13563.24059570082,60.211180333307745,0.0011405192613939447,0.01924450945260066,mixture,76
mixture,0.009500000000000007,6774.578518333278,13555.157036666556,13569.880302503503,58.439864609056265,0.0011426623141381608,0.01976022506291341,mixture,76
mixture,0.009750000000000007,6783.521035676311,13573.042071352622,13587.765337189569,20.02178537026404,0.0021459872698462073,0.06397615993060211,mixture,76
mixture,0.009250000000000006,6784.92488845441,13575.84977690882,13590.573042745767,18.422493783139707,0.0022038121565442982,0.0696474223654554,mixture,76
mixture,0.009000000000000006,6785.569722666101,13577.139445332203,13591.86271116915,16.947822509688784,0.002264227189505228,0.0763896811286791,mixture,76
mixture,0.008750000000000006,6786.170042532112,13578.340085064225,13593.063350901171,15.887665352354807,0.0023052078396800096,0.0819762818565661,mixture,76
mixture,0.008500000000000006,6786.740692514348,13579.481385028696,13594.204650865642,15.013348334258513,0.00233749967667648,0.08714963324317546,mixture,76
mixture,0.008250000000000006,6787.289397993667,13580.578795987334,13595.30206182428,14.255721876106833,0.002364469755752106,0.09211385152947522,mixture,76
mixture,0.008000000000000005,6787.821177499417,13581.642354998834,13596.36562083578,13.570648175166667,0.0023879178973666535,0.0970603127931583,mixture,76
mixture,0.007750000000000005,6788.339693562208,13582.679387124415,13597.402652961362,12.950524232340463,0.002408525540567576,0.1019492055411565,mixture,76
mixture,0.007500000000000005,6788.847821958565,13583.69564391713,13598.418909754077,12.373971889325265,0.002427098684585164,0.10690593283573933,mixture,76
mixture,0.007250000000000005,6789.347936606686,13584.695873213372,13599.419139050318,11.831891210326289,0.0024440909641453793,0.11197834821128443,mixture,76
mixture,0.0070000000000000045,6789.842078030919,13585.684156061838,13600.407421898784,11.320882148678495,0.0024596916123097467,0.11716818402501683,mixture,76
mixture,0.006750000000000004,6790.3320552640525,13586.664110528105,13601.387376365052,10.834150135140844,0.0024741849862544023,0.12253300889439842,mixture,76
mixture,0.006500000000000004,6790.819513198611,13587.639026397223,13602.36229223417,10.368318744178882,0.0024877269998443857,0.12810277138719375,mixture,76
mixture,0.006250000000000004,6791.305981263697,13588.611962527393,13603.33522836434,9.920003634826761,0.002500466228437857,0.13392009265632399,mixture,76
mixture,0.006000000000000004,6791.792908880403,13589.585817760806,13604.309083597753,9.48619140231554,0.0025126411381423516,0.14003420303708458,mixture,76
mixture,0.005750000000000003,6792.281694728424,13590.563389456847,13605.286655293794,9.065288598334197,0.002524230338154535,0.14648538516682325,mixture,76
mixture,0.005500000000000003,6792.7737092614025,13591.547418522805,13606.270684359752,8.655464509540128,0.0025353510622036827,0.15332694767752542,mixture,76
mixture,0.005250000000000003,6793.270315110219,13592.540630220437,13607.263896057384,8.254711245362168,0.002546126232439411,0.16063124474884802,mixture,76
mixture,0.005000000000000003,6793.772884681888,13593.545769363776,13608.269035200723,7.862390674655098,0.00255656994931454,0.16845433560444334,mixture,76
mixture,0.0047500000000000025,6794.282815627462,13594.565631254924,13609.28889709187,7.476782161822806,0.0025667809738264893,0.17689511686047163,mixture,76
mixture,0.004500000000000002,6794.801543900898,13595.603087801795,13610.326353638742,7.09673858912165,0.002576828101255897,0.18606066159525533,mixture,76
mixture,0.004250000000000002,6795.330553517584,13596.661107035168,13611.384372872115,6.721661565984785,0.0025867404804695085,0.19606521909840435,mixture,76
mixture,0.004000000000000002,6795.8713808664315,13597.742761732863,13612.46602756981,6.350077768804886,0.0025966296967939295,0.2070849939223414,mixture,76
mixture,0.0037500000000000016,6796.425611064048,13598.851222128096,13613.574487965043,5.98152112295238,0.0026065032539084793,0.21930249350506034,mixture,76
mixture,0.0035000000000000014,6796.994861724073,13599.989723448147,13614.712989285093,5.614714238098281,0.0026165133627967098,0.23298734963719428,mixture,76
mixture,0.003250000000000001,6797.580750751693,13601.161501503386,13615.884767340332,5.248996354434508,0.0026266586782804284,0.2484618084794144,mixture,76
mixture,0.003000000000000001,6798.356694453874,13602.713388907749,13617.436654744695,4.470829824672879,0.002670784850793678,0.2978284656201831,mixture,76
mixture,0.0027500000000000007,6798.829148900965,13603.65829780193,13618.381563638877,4.382314620412484,0.002659442458912447,0.2978409737207874,mixture,76
mixture,0.0025000000000000005,6799.47929149147,13604.95858298294,13619.681848819886,4.293805726095648,0.002645861245485445,0.2978559918797904,mixture,76
mixture,0.0022500000000000003,6800.350364082779,13606.700728165559,13621.423994002505,4.180663285304997,0.0026321024372278723,0.3,mixture,76
mixture,0.05,6801.1916865077665,13608.383373015533,13623.10663885248,21.18110895154823,0.0027792929967810796,0.2977195729536556,mixture,76
mixture,0.002,6801.58539156432,13609.17078312864,13623.894048965587,4.0923064050225095,0.0026121946129583854,0.3,mixture,76
mixture,0.1,6801.78138998607,13609.56277997214,13624.286045809087,38.97780685332222,0.0027812687793658908,0.29771814472037667,mixture,76
mixture,0.15000000000000002,6801.993287982587,13609.986575965175,13624.709841802121,56.77588010499221,0.0027818564389198996,0.2977177628892152,mixture,76
mixture,0.2,6802.102300457393,13610.204600914785,13624.927866751732,74.57433649010667,0.002782135443744763,0.2977175915888021,mixture,76
mixture,0.25,6802.168714578031,13610.337429156061,13625.060694993008,92.37295215153374,0.002782297915899597,0.2977174953401776,mixture,76
mixture,0.3,6802.2134164097615,13610.426832819523,13625.15009865647,110.17165128853144,0.0027824040771275804,0.2977174340168124,mixture,76
mixture,0.35000000000000003,6802.245556853295,13610.49111370659,13625.214379543537,127.97040101732742,0.002782478787808011,0.29771739167784994,mixture,76
mixture,0.4,6802.269778127091,13610.539556254182,13625.262822091128,145.7691859146433,0.002782534140294022,0.2977173608038404,mixture,76
mixture,0.45,6802.288685951318,13610.577371902637,13625.300637739583,163.56799661118882,0.002782576748454473,0.2977173373557492,mixture,76
mixture,0.5,6802.303855841874,13610.607711683748,13625.330977520694,181.36617950481462,0.0027826205640179165,0.2977172405099081,mixture,76
null,,6802.372604370026,13606.745208740052,13611.652964019035,359.3551095922058,0.0027827627138370024,,mixture,76
sum,,6830.232545122644,13662.465090245289,13667.37284552427,525.787173359808,0.0038038204454853737,,mixture,76
mixture,0.010000000000000007,6764.248846859153,13534.497693718306,13549.220959555252,90.74539713987932,0.0005919417165245123,0.01340521742670499,mixture,77
mixture,0.009750000000000007,6765.4308556220985,13536.861711244197,13551.584977081144,90.93439699959703,0.0005730191239536577,0.013396373634906615,mixture,77
mixture,0.009500000000000007,6766.6920410594585,13539.384082118917,13554.107347955864,89.95738576878026,0.0005680286918440821,0.013525345727634521,mixture,77
mixture,0.009250000000000006,6768.027812461499,13542.055624922998,13556.778890759944,88.93689185598268,0.0005632462275288687,0.013662834774996536,mixture,77
mixture,0.009000000000000006,6769.44376883085,13544.8875376617,13559.610803498646,87.87120256745854,0.0005586939856352611,0.013809497612662435,mixture,77
mixture,0.007750000000000005,6777.963457736234,13561.926915472468,13576.650181309415,81.86018524587543,0.0005391723929806578,0.0147029833108745,mixture,77
mixture,0.008750000000000006,6778.215643042707,13562.431286085413,13577.15455192236,63.234970823228416,0.0009658174046752997,0.018297088005981458,mixture,77
mixture,0.008000000000000005,6778.408912146366,13562.817824292732,13577.541090129678,69.63148093014206,0.0007548672478564982,0.01680399215247524,mixture,77
mixture,0.007500000000000005,6780.013078888292,13566.026157776583,13580.74942361353,80.51688658967073,0.0005359390959798804,0.014919705863526546,mixture,77
mixture,0.007250000000000005,6782.201463041072,13570.402926082144,13585.126191919091,79.12193252279731,0.0005329602682990608,0.015152170278188703,mixture,77
mixture,0.0070000000000000045,6784.54102622857,13575.08205245714,13589.805318294088,77.67739462281314,0.0005302133837241813,0.015401279448690063,mixture,77
mixture,0.008500000000000006,6786.715136673596,13579.430273347192,13594.153539184139,56.920735173628266,0.0011306186495738588,0.020069742214521076,mixture,77
mixture,0.006750000000000004,6787.045665420524,13580.091330841047,13594.814596677994,76.17926194740801,0.0005277359740431438,0.015669177979804303,mixture,77
mixture,0.008250000000000006,6787.411214944343,13580.822429888685,13595.545695725632,56.53086435792078,0.0011046058052727654,0.020214162448012173,mixture,77
mixture,0.006500000000000004,6789.7309890372935,13585.461978074587,13600.185243911534,74.62718599116253,0.0005255180666881692,0.01595767603189065,mixture,77
mixture,0.006250000000000004,6792.614591077716,13591.229182155432,13605.952447992378,73.01994190202934,0.000523572296639938,0.016268922549726676,mixture,77
mixture,0.006000000000000004,6814.736360018371,13635.472720036742,13650.195985873688,11.45882340432682,0.002309384364856513,0.11218039375897235,mixture,77
mixture,0.005750000000000003,6815.436874424224,13636.873748848448,13651.597014685394,10.608940845493292,0.002345962694893148,0.12187540694649925,mixture,77
mixture,0.005500000000000003,6816.100093339186,13638.200186678372,13652.923452515319,9.95941444952815,0.0023704040887038828,0.13018489734980324,mixture,77
mixture,0.005250000000000003,6816.746603699466,13639.493207398931,13654.216473235878,9.410300712369837,0.0023887976559555223,0.13791946727246157,mixture,77
mixture,0.005000000000000003,6817.3890676694355,13640.778135338871,13655.501401175818,8.9221311712842,0.0024035245869277852,0.14542844112489456,mixture,77
mixture,0.0047500000000000025,6818.036984875597,13642.073969751194,13656.797235588141,8.474616882362643,0.002415786638784224,0.1529181522367089,mixture,77
mixture,0.004500000000000002,6818.698476619018,13643.396953238036,13658.120219074983,8.055522999975464,0.002426309294021071,0.16054239596417233,mixture,77
mixture,0.004250000000000002,6819.38117301802,13644.76234603604,13659.485611872986,7.656837232200523,0.002435552177741239,0.1684328060666862,mixture,77
mixture,0.004000000000000002,6820.0927583804005,13646.185516760801,13660.908782597748,7.272755080713242,0.0024438972988643343,0.17672029202468112,mixture,77
mixture,0.0037500000000000016,6820.841372904457,13647.682745808914,13662.40601164586,6.898851122614566,0.0024514965535538417,0.1855499815582001,mixture,77
mixture,0.0035000000000000014,6821.635953864501,13649.271907729002,13663.995173565949,6.531060275308008,0.0024587111620074545,0.19510331805666953,mixture,77
mixture,0.003250000000000001,6822.486544432857,13650.973088865714,13665.69635470266,6.165941765245272,0.0024657328072349993,0.20560554082148147,mixture,77
mixture,0.003000000000000001,6823.404557332446,13652.809114664891,13667.532380501838,5.7998462200025855,0.0024728337106338385,0.2173693528473082,mixture,77
mixture,0.0027500000000000007,6824.402903154509,13654.805806309017,13669.529072145964,5.428545339362022,0.0024803769555911534,0.23085330296378004,mixture,77
mixture,0.0025000000000000005,6825.495713027874,13656.991426055749,13671.714691892696,5.046705476467063,0.002488901967300607,0.246768723202275,mixture,77
mixture,0.0022500000000000003,6826.923997362435,13659.84799472487,13674.571260561817,4.234760316912805,0.0025390632698900953,0.297959741955791,mixture,77
mixture,0.05,6827.497641231903,13660.995282463806,13675.718548300752,21.855357186782385,0.002678738431586268,0.29781924774347895,mixture,77
mixture,0.1,6827.971123151963,13661.942246303926,13676.665512140873,40.320332958660096,0.002681083271887899,0.29781834760790726,mixture,77
mixture,0.002,6828.021901115902,13662.043802231805,13676.767068068752,4.142729639914928,0.0025204349143188253,0.2979802022679839,mixture,77
mixture,0.15000000000000002,6828.140657241293,13662.281314482587,13677.004580319533,58.787381932473735,0.0026817661517141824,0.2978178663014603,mixture,77
mixture,0.2,6828.227755101605,13662.45551020321,13677.178776040157,77.25470532165308,0.0026820977497821414,0.29781763934830086,mixture,77
mixture,0.25,6828.280778495188,13662.561556990377,13677.284822827323,95.72214182530801,0.002682293462127053,0.2978175077085143,mixture,77
mixture,0.3,6828.316450556293,13662.632901112585,13677.356166949532,114.18963526099044,0.0026824225751691825,0.29781742186444704,mixture,77
mixture,0.35000000000000003,6828.342090321166,13662.684180642333,13677.40744647928,132.6571671797728,0.0026825140093347487,0.29781736161719347,mixture,77
mixture,0.4,6828.361408056181,13662.722816112362,13677.446081949309,151.1247203431059,0.0026825822037259924,0.29781731697337616,mixture,77
mixture,0.45,6828.376485306852,13662.752970613705,13677.476236450651,169.59229106743373,0.002682634963537697,0.29781728263560053,mixture,77
mixture,0.5,6828.388580207676,13662.777160415351,13677.500426252298,188.0598995159605,0.002682676628741251,0.2978172556820774,mixture,77
null,,6828.443373743368,13658.886747486737,13663.794502765719,372.73579225562935,0.0026828655062838204,,mixture,77
sum,,6859.187890435915,13720.37578087183,13725.283536150811,545.2575914632483,0.0036679911133980147,,mixture,77
mixture,0.009750000000000007,6696.462742144305,13398.92548428861,13413.648750125556,64.28606745501558,0.0009544525873549118,0.018313955435532426,mixture,78
mixture,0.010000000000000007,6697.05468950706,13400.10937901412,13414.832644851067,56.438688901648916,0.0011872580500489698,0.02061816157716321,mixture,78
mixture,0.009500000000000007,6697.454024760673,13400.908049521346,13415.631315358292,63.943490773994526,0.000942154485675905,0.018390196393892957,mixture,78
mixture,0.009250000000000006,6698.5006912756835,13403.001382551367,13417.724648388314,63.58245121002265,0.0009297771014522666,0.018472482688321856,mixture,78
mixture,0.009000000000000006,6699.606963525914,13405.213927051827,13419.937192888774,63.2075521717449,0.0009172320316240591,0.018559643524095594,mixture,78
mixture,0.008750000000000006,6700.777510109008,13407.555020218017,13422.278286054963,62.81149191465816,0.0009046284869048313,0.018653903126087053,mixture,78
mixture,0.008500000000000006,6702.017507239549,13410.035014479097,13424.758280316044,62.394203154260154,0.0008919452008882279,0.01875550828752079,mixture,78
mixture,0.008250000000000006,6703.332708200147,13412.665416400294,13427.38868223724,61.95327404721427,0.0008792061897788491,0.018865390745003846,mixture,78
mixture,0.008000000000000005,6704.729524725051,13415.459049450103,13430.18231528705,61.48749359934308,0.0008664132307349074,0.018984183783396186,mixture,78
mixture,0.007750000000000005,6706.215121806467,13418.430243612935,13433.153509449881,60.992115271866574,0.0008536260778457846,0.01911363634093459,mixture,78
mixture,0.007500000000000005,6707.797528961792,13421.595057923583,13436.31832376053,60.46447884352058,0.0008408709243189906,0.01925496194671882,mixture,78
mixture,0.007250000000000005,6709.485770955444,13424.971541910889,13439.694807747836,59.90097729960412,0.0008281866794860253,0.01940977382200436,mixture,78
mixture,0.0070000000000000045,6711.290022350899,13428.580044701797,13443.303310538744,59.29815487624481,0.0008156071865111071,0.01957977737787391,mixture,78
mixture,0.006750000000000004,6713.221790927892,13432.443581855783,13447.16684769273,58.65276707525228,0.0008031781708561234,0.019766698544382413,mixture,78
mixture,0.006500000000000004,6715.294136722214,13436.588273444428,13451.311539281374,57.95890153378712,0.0007909708697950477,0.01997340124857923,mixture,78
mixture,0.006250000000000004,6717.52193493729,13441.04386987458,13455.767135711527,57.215705956331036,0.0007789583070761435,0.020201385716080735,mixture,78
mixture,0.006000000000000004,6719.922193339133,13445.844386678265,13460.567652515212,56.41564114464508,0.0007672678814390894,0.02045449032017172,mixture,78
mixture,0.005750000000000003,6722.514438356278,13451.028876712557,13465.752142549503,55.55486428178091,0.000755932791658142,0.020735846543300473,mixture,78
mixture,0.005500000000000003,6725.32118732711,13456.64237465422,13471.365640491167,54.62898905240328,0.0007450043648752894,0.02104918627863717,mixture,78
mixture,0.005250000000000003,6728.368530179767,13462.737060359534,13477.46032619648,53.63054718877093,0.0007345848466475019,0.021399996144861114,mixture,78
mixture,0.005000000000000003,6731.686851082308,13469.373702164616,13484.096968001562,52.55328449567707,0.0007247576698894895,0.021794162557428953,mixture,78
mixture,0.0047500000000000025,6735.311728489554,13476.623456979109,13491.346722816055,51.39329713994019,0.0007155750185454974,0.022237600204484658,mixture,78
mixture,0.004500000000000002,6739.285064002703,13484.570128005405,13499.293393842352,50.13961795837254,0.0007072061184227799,0.02274048505331654,mixture,78
mixture,0.004250000000000002,6743.656502863335,13493.31300572667,13508.036271563617,48.77902672864755,0.0006998660028389666,0.023316157935972925,mixture,78
mixture,0.004000000000000002,6748.940158788437,13503.880317576873,13518.60358341382,43.242729102941,0.000805971077434841,0.026018963847545557,mixture,78
mixture,0.0037500000000000016,6759.257785229482,13524.515570458963,13539.23883629591,16.71387792002751,0.0017959324797992941,0.06811581035060459,mixture,78
mixture,0.0035000000000000014,6762.394085861799,13530.788171723598,13545.511437560544,11.043572215431166,0.0021971330353107634,0.10544318345598619,mixture,78
mixture,0.003250000000000001,6764.679857729976,13535.359715459952,13550.082981296899,8.560933117494335,0.002391396676776583,0.13840107973146817,mixture,78
mixture,0.003000000000000001,6766.58920729782,13539.17841459564,13553.901680432587,7.3625563041362465,0.002475193532455233,0.1620998550801957,mixture,78
mixture,0.0027500000000000007,6768.355260056132,13542.710520112263,13557.43378594921,6.514555198914589,0.002527936756904371,0.18376690832884882,mixture,78
mixture,0.0025000000000000005,6770.068795571437,13546.137591142873,13560.86085697982,5.82079906634867,0.0025671406654686592,0.20579939869861558,mixture,78
mixture,0.0022500000000000003,6771.785112670695,13549.57022534139,13564.293491178336,5.213193264735642,0.0025989629382186332,0.22950164796114209,mixture,78
mixture,0.002,6773.549529938608,13553.099059877217,13567.822325714164,4.658470738305207,0.0026264139197763638,0.25609599928154214,mixture,78
mixture,0.05,6777.914345358637,13561.828690717273,13576.55195655422,20.62582940772094,0.0028679672584818005,0.29763036393680903,mixture,78
mixture,0.1,6778.6367707915615,13563.273541583123,13577.99680742007,37.86847815107693,0.0028698866336421707,0.2976292639904214,mixture,78
mixture,0.15000000000000002,6778.892829248689,13563.785658497378,13578.508924334325,55.11239588506473,0.0028704567828348785,0.29762899464253917,mixture,78
mixture,0.2,6779.02388165375,13564.0477633075,13578.771029144447,72.35666200408909,0.0028707275168973812,0.29762887995675175,mixture,78
mixture,0.25,6779.103503061368,13564.207006122737,13578.930271959684,89.60107627496828,0.0028708850786198703,0.2976288179140985,mixture,78
mixture,0.3,6779.157001870846,13564.314003741692,13579.03726957864,106.84556602019386,0.0028709880486579784,0.2976287794423854,mixture,78
mixture,0.35000000000000003,6779.195421704817,13564.390843409634,13579.11410924658,124.09010735187962,0.0028710603850677107,0.29762875360584146,mixture,78
mixture,0.4,6779.224350123715,13564.44870024743,13579.171966084377,141.33468733354562,0.0028711138416119353,0.29762873526287426,mixture,78
mixture,0.45,6779.246917115966,13564.493834231933,13579.21710006888,158.57696745034778,0.0028711976120488142,0.2976281861678923,mixture,78
mixture,0.5,6779.265014258953,13564.530028517906,13579.253294354852,175.8237571079957,0.0028711901709657832,0.29762868905143636,mixture,78
null,,6779.346922129974,13560.693844259948,13565.60159953893,348.269812392883,0.0028713370048619098,,mixture,78
sum,,6812.326437780345,13626.65287556069,13631.560630839673,513.642454830144,0.0038937591337954696,,mixture,78
mixture,0.009500000000000007,6706.603305498054,13419.206610996109,13433.929876833055,96.27990045971531,0.0005532785275693752,0.012520616181420911,mixture,79
mixture,0.009250000000000006,6707.702491492892,13421.404982985783,13436.12824882273,97.29192009441772,0.0005240449662360804,0.012440237412597744,mixture,79
mixture,0.009750000000000007,6707.890366122781,13421.780732245563,13436.50399808251,83.85701910765016,0.0007490948957942987,0.013978425533507019,mixture,79
mixture,0.009000000000000006,6708.915500915599,13423.831001831199,13438.554267668145,96.30157245412795,0.0005185585882249551,0.012552920693259917,mixture,79
mixture,0.008750000000000006,6712.436624589155,13430.87324917831,13445.596515015257,81.6509259298455,0.0007064235703488709,0.01431106438467538,mixture,79
mixture,0.010000000000000007,6714.097545362967,13434.195090725934,13448.918356562881,72.76979082802725,0.0009961591428793942,0.015781612033603894,mixture,79
mixture,0.007750000000000005,6716.419416578954,13438.838833157908,13453.562098994855,90.1736513567541,0.0005,0.013287819491503315,mixture,79
mixture,0.007500000000000005,6718.273251763745,13442.54650352749,13457.269769364437,88.56546666664046,0.0005,0.013491384544564666,mixture,79
mixture,0.008500000000000006,6722.085051202139,13450.170102404278,13464.893368241224,68.0892568188169,0.000958299555902364,0.016742830086792497,mixture,79
mixture,0.007250000000000005,6722.863438663644,13451.726877327288,13466.450143164235,75.31916877150938,0.0006777255998500665,0.015362504681049013,mixture,79
mixture,0.008250000000000006,6723.816702893006,13453.633405786011,13468.356671622958,67.11393319432848,0.000954536413136115,0.016961401354760923,mixture,79
mixture,0.008000000000000005,6725.684342492597,13457.368684985195,13472.091950822141,66.07417115853517,0.0009515820156781859,0.01720217731923136,mixture,79
mixture,0.0070000000000000045,6726.424619415776,13458.849238831552,13473.572504668498,71.41187552882356,0.000723217619576068,0.01608542405291258,mixture,79
mixture,0.006500000000000004,6727.26648334777,13460.53296669554,13475.256232532487,81.86107445458285,0.0005,0.014427599451055048,mixture,79
mixture,0.006000000000000004,6732.937624041518,13471.875248083035,13486.598513919982,78.31529058714364,0.0005,0.014989001649533665,mixture,79
mixture,0.005750000000000003,6736.139901465465,13478.27980293093,13493.003068767877,76.48371472803518,0.0005,0.015299987145411097,mixture,79
mixture,0.005500000000000003,6739.622655321656,13485.245310643311,13499.968576480258,74.6078495335324,0.0005,0.01563486279277097,mixture,79
mixture,0.006750000000000004,6742.606812558091,13491.213625116183,13505.93689095313,55.81419459758717,0.0010620680891894115,0.020082424427299454,mixture,79
mixture,0.006250000000000004,6744.072705092853,13494.145410185705,13508.868676022652,55.851555415888086,0.000973894253923026,0.020102552495771035,mixture,79
mixture,0.005250000000000003,6761.372049258636,13528.744098517273,13543.46736435422,19.661992454414552,0.0017991964844753083,0.059409258295579526,mixture,79
mixture,0.005000000000000003,6763.409732788142,13532.819465576284,13547.54273141323,17.15376439713076,0.001916098590713247,0.06841170213828421,mixture,79
mixture,0.0047500000000000025,6765.405447765948,13536.810895531897,13551.534161368843,15.667347550485523,0.0019797311598499095,0.07501112517546689,mixture,79
mixture,0.004500000000000002,6767.413963761753,13540.827927523505,13555.551193360452,14.467140165218897,0.0020290256230720834,0.08126977183622713,mixture,79
mixture,0.004250000000000002,6769.460092748308,13544.920185496616,13559.643451333563,13.408421660555236,0.0020717808720338523,0.08767684517798555,mixture,79
mixture,0.004000000000000002,6771.559425755266,13549.118851510531,13563.842117347478,12.42682141753878,0.0021117562969970617,0.09456297583569315,mixture,79
mixture,0.0037500000000000016,6773.721495034952,13553.442990069903,13568.16625590685,11.486179852874526,0.0021513823458817498,0.10225169771681528,mixture,79
mixture,0.0035000000000000014,6775.948706609854,13557.897413219707,13572.620679056654,10.553520276759716,0.0021932787320457633,0.11124462860345348,mixture,79
mixture,0.003250000000000001,6778.23166357879,13562.46332715758,13577.186592994527,9.603017389644677,0.002240238549941175,0.12226642346001117,mixture,79
mixture,0.003000000000000001,6780.539116514119,13567.078233028238,13581.801498865185,8.604228338972522,0.0022960792696198194,0.13661926201118607,mixture,79
mixture,0.0027500000000000007,6782.803385021002,13571.606770042004,13586.330035878951,7.542206900245505,0.002363858595429073,0.156336841081294,mixture,79
mixture,0.0025000000000000005,6784.93076599947,13575.86153199894,13590.584797835887,6.493962225770389,0.00243653953643045,0.1824277907039184,mixture,79
mixture,0.0022500000000000003,6786.888606021165,13579.77721204233,13594.500477879277,5.607476822045523,0.0024968192628764957,0.2120016949153686,mixture,79
mixture,0.002,6788.742545538624,13583.485091077247,13598.208356914194,4.89333194144686,0.0025409391778844783,0.2430458325612303,mixture,79
mixture,0.05,6796.380032289993,13598.760064579987,13613.483330416933,21.068823079066412,0.002796779202857889,0.29770151533644496,mixture,79
mixture,0.1,6797.255881048606,13600.511762097212,13615.235027934159,38.76065060659549,0.0027981825499357833,0.29770094742574243,mixture,79
mixture,0.15000000000000002,6797.566090174352,13601.132180348704,13615.855446185651,56.45409598663919,0.002798565889682472,0.29770087163926917,mixture,79
mixture,0.2,6797.724830072516,13601.449660145032,13616.172925981979,74.14798701385996,0.002798740120151795,0.2977008571873465,mixture,79
mixture,0.25,6797.821266578463,13601.642533156926,13616.365798993873,91.84206460697766,0.0027988388188537974,0.2977008563688881,mixture,79
mixture,0.3,6797.886061487123,13601.772122974246,13616.495388811192,109.53623927826044,0.0027989020860836747,0.29770085923034173,mixture,79
mixture,0.35000000000000003,6797.932592622645,13601.86518524529,13616.588451082236,127.23047078104364,0.0027989460065690353,0.2977008629972957,mixture,79
mixture,0.4,6797.967628049252,13601.935256098504,13616.658521935451,144.92474474359588,0.0027989781162971452,0.29770086691025716,mixture,79
mixture,0.45,6797.994959441169,13601.989918882338,13616.713184719285,162.61905420156728,0.002799002473156277,0.29770087074354423,mixture,79
mixture,0.5,6798.016876069487,13602.033752138974,13616.75701797592,180.31264008393083,0.0027990333066021896,0.2977007637308845,mixture,79
null,,6798.11607274449,13598.23214548898,13603.139900767963,357.25661925698535,0.002799108389033571,,mixture,79
sum,,6833.724102080532,13669.448204161064,13674.355959440047,526.510521988462,0.0037985945512477876,,mixture,79
mixture,0.009500000000000007,6718.308102306415,13442.61620461283,13457.339470449777,90.08276025771131,0.00061503393981426,0.013270994145080367,mixture,80
mixture,0.009250000000000006,6722.875052575057,13451.750105150115,13466.473370987062,65.21994196698381,0.000984138999684132,0.01774874023156262,mixture,80
mixture,0.010000000000000007,6722.906626082618,13451.813252165235,13466.536518002182,59.98579890883403,0.0011908433229465385,0.019190364865541553,mixture,80
mixture,0.009000000000000006,6724.096489313957,13454.192978627914,13468.916244464861,65.1237162753504,0.0009643218110198232,0.017762806813492245,mixture,80
mixture,0.008750000000000006,6725.072972025165,13456.14594405033,13470.869209887276,66.05482653496504,0.000923266696857827,0.01752018210481107,mixture,80
mixture,0.009750000000000007,6725.316895176748,13456.633790353497,13471.357056190443,58.29236523492573,0.001221949370401326,0.01968167022814001,mixture,80
mixture,0.008500000000000006,6732.648810492558,13471.297620985117,13486.020886822063,54.641261945870625,0.0011921525009534197,0.02086871892779736,mixture,80
mixture,0.008250000000000006,6734.122649633047,13474.245299266095,13488.968565103041,54.0618297066088,0.0011785465330125286,0.021073407520661825,mixture,80
mixture,0.008000000000000005,6745.293530395398,13496.587060790796,13511.310326627743,18.468453250197552,0.002196444088046902,0.06690856921166516,mixture,80
mixture,0.007750000000000005,6746.161640964849,13498.323281929697,13513.046547766644,16.594617807087882,0.002283337987938652,0.0751678114733787,mixture,80
mixture,0.007500000000000005,6746.968633586377,13499.937267172754,13514.6605330097,15.441886436963543,0.0023325740898163996,0.08117577206007498,mixture,80
mixture,0.007250000000000005,6747.740812512922,13501.481625025845,13516.204890862791,14.505572064207962,0.0023708577157193407,0.08672118090302641,mixture,80
mixture,0.0070000000000000045,6748.488218440309,13502.976436880617,13517.699702717564,13.683286455301262,0.0024035635661728214,0.09219247557564951,mixture,80
mixture,0.006750000000000004,6749.216176763786,13504.432353527573,13519.15561936452,12.93932378771753,0.002432593509283433,0.0977174739008561,mixture,80
mixture,0.006500000000000004,6749.927804679581,13505.855609359161,13520.578875196108,12.246235322737558,0.0024593355924186974,0.1034546127690559,mixture,80
mixture,0.006250000000000004,6750.624957578843,13507.249915157687,13521.973180994633,11.59280347244632,0.0024844022971599,0.10947870369671023,mixture,80
mixture,0.006000000000000004,6751.308716469221,13508.617432938441,13523.340698775388,10.972455922017957,0.0025080706452186344,0.11584840153296443,mixture,80
mixture,0.005750000000000003,6751.979704319721,13509.959408639443,13524.68267447639,10.379273675230266,0.0025306740268898026,0.12263863234156686,mixture,80
mixture,0.005500000000000003,6752.638350339052,13511.276700678103,13525.99996651505,9.809919300920416,0.0025522818881073806,0.12991534416823222,mixture,80
mixture,0.005250000000000003,6753.285137081652,13512.570274163303,13527.29354000025,9.267188176563252,0.0025727966030654565,0.13765104189482646,mixture,80
mixture,0.005000000000000003,6753.9208618577395,13513.841723715479,13528.564989552426,8.748738320164483,0.0025921121522268845,0.1458985048273478,mixture,80
mixture,0.0047500000000000025,6754.546863352456,13515.093726704912,13529.816992541859,8.252956856584504,0.0026103042544690478,0.15470418196494415,mixture,80
mixture,0.004500000000000002,6755.165219775532,13516.330439551064,13531.05370538801,7.781436822386843,0.0026271757158846908,0.16404191887156322,mixture,80
mixture,0.004250000000000002,6755.778889591872,13517.557779183744,13532.28104502069,7.332863410693179,0.0026427229342564544,0.1739400467694411,mixture,80
mixture,0.004000000000000002,6756.391802354308,13518.783604708617,13533.506870545563,6.906484461406331,0.0026568837192705312,0.18441161606348921,mixture,80
mixture,0.0037500000000000016,6757.008930444868,13520.017860889737,13534.741126726683,6.500351287239895,0.002669761408069146,0.19550677305054326,mixture,80
mixture,0.0035000000000000014,6757.63638523374,13521.27277046748,13535.996036304427,6.11229665436651,0.0026814043814493353,0.2073013984402274,mixture,80
mixture,0.003250000000000001,6758.281585051183,13522.563170102367,13537.286435939313,5.7398431232941745,0.0026919292089872095,0.21991026659464577,mixture,80
mixture,0.003000000000000001,6758.953543881744,13523.907087763488,13538.630353600434,5.380322994675962,0.002701467786034893,0.23349954599294495,mixture,80
mixture,0.0027500000000000007,6759.66333621556,13525.32667243112,13540.049938268066,5.03092296516842,0.002710176483156364,0.24830507061978146,mixture,80
mixture,0.0025000000000000005,6760.424816483248,13526.849632966496,13541.572898803443,4.688833617665869,0.0027182214230796246,0.2646510154216514,mixture,80
mixture,0.0022500000000000003,6761.329084718998,13528.658169437997,13543.381435274943,4.170293739814034,0.002746011641459003,0.2977537316054277,mixture,80
mixture,0.002,6762.192594977967,13530.385189955934,13545.10845579288,4.085605802438531,0.0027243670614127487,0.29777797349225804,mixture,80
mixture,0.05,6769.159588112064,13544.319176224128,13559.042442061074,20.428420270306084,0.0029008736004469426,0.2975973044271675,mixture,80
mixture,0.1,6770.1312274812435,13546.262454962487,13560.985720799434,37.47960664564843,0.0029023043593277317,0.2975967574193109,mixture,80
mixture,0.15000000000000002,6770.476229376411,13546.952458752821,13561.675724589768,54.53252025735649,0.002902684267087248,0.29759670726507653,mixture,80
mixture,0.2,6770.6529508711665,13547.305901742333,13562.02916757928,71.5859108436283,0.002902854139515214,0.2975967095214769,mixture,80
mixture,0.25,6770.760370612116,13547.520741224233,13562.24400706118,88.63950591776708,0.002902949177208841,0.2975967202081399,mixture,80
mixture,0.3,6770.832570338473,13547.665140676945,13562.388406513892,105.69320802618032,0.0029030095325950998,0.2975967313940492,mixture,80
mixture,0.35000000000000003,6770.884431672932,13547.768863345864,13562.49212918281,122.7469770173966,0.00290305103512766,0.2975967415379538,mixture,80
mixture,0.4,6770.923486480814,13547.846972961628,13562.570238798575,139.79923305214294,0.0029031141416007936,0.29759604664112926,mixture,80
mixture,0.45,6770.95395908771,13547.90791817542,13562.631184012367,156.85387833852712,0.002903118315599591,0.2975966137159706,mixture,80
mixture,0.5,6770.978396856892,13547.956793713784,13562.68005955073,173.90832530145414,0.002903125050524446,0.2975967401421495,mixture,80
null,,6771.089032792652,13544.178065585304,13549.085820864286,344.4469477682978,0.0029032047067889216,,mixture,80
sum,,6801.154289675721,13604.308579351442,13609.216334630424,506.5674456249238,0.003948141589581842,,mixture,80
mixture,0.05,6724.904572834883,13455.809145669766,13470.532411506712,105.5835441865507,0.0015571952457867496,0.012929650108813981,mixture,81
mixture,0.010000000000000007,6739.577597663345,13485.15519532669,13499.878461163637,74.31096547584956,0.0007592013277223492,0.016192549693756747,mixture,81
mixture,0.009750000000000007,6740.532718130478,13487.065436260957,13501.788702097903,73.70664075299567,0.0007508327064572224,0.01630818084089177,mixture,81
mixture,0.009250000000000006,6742.611571169916,13491.223142339832,13505.946408176778,72.36723805921783,0.0007349427566899145,0.016572929369380818,mixture,81
mixture,0.009500000000000007,6742.934353299181,13491.868706598361,13506.591972435308,59.05836706383516,0.0010059464566982517,0.01996391199315916,mixture,81
mixture,0.008750000000000006,6744.944454425788,13495.888908851575,13510.612174688522,70.83733036349254,0.0007203828850655044,0.01688929819698113,mixture,81
mixture,0.009000000000000006,6746.099934188276,13498.199868376552,13512.923134213499,54.32626462432344,0.0010751839398294085,0.021564290671202656,mixture,81
mixture,0.008500000000000006,6746.218705622994,13498.437411245988,13513.160677082935,69.99391187973426,0.0007136882262895769,0.017070120236412425,mixture,81
mixture,0.008250000000000006,6747.572510358692,13501.145020717384,13515.86828655433,69.09720837017574,0.000707398825076809,0.017267416882704438,mixture,81
mixture,0.008000000000000005,6751.496167953573,13508.992335907145,13523.715601744092,50.892200545197916,0.001061561319516702,0.022880270416674536,mixture,81
mixture,0.007750000000000005,6751.586116404544,13509.172232809087,13523.895498646034,55.71755620869787,0.0009172104933857352,0.020991992578682124,mixture,81
mixture,0.007500000000000005,6752.1794638431575,13510.358927686315,13525.082193523262,66.06137361514004,0.0006913309110602803,0.01797592566904565,mixture,81
mixture,0.007250000000000005,6753.923369405715,13513.84673881143,13528.570004648376,64.92447308176328,0.0006870671743930528,0.01825835259800314,mixture,81
mixture,0.0070000000000000045,6755.786788055713,13517.573576111427,13532.296841948373,63.72403118492382,0.0006833646399358081,0.01856748122340677,mixture,81
mixture,0.006750000000000004,6757.780515389285,13521.56103077857,13536.284296615517,62.45426726484469,0.000680340810524165,0.01890724616561658,mixture,81
mixture,0.006500000000000004,6759.916597958891,13525.833195917781,13540.556461754728,61.11384290732506,0.0006780332257600271,0.019281044285957682,mixture,81
mixture,0.006250000000000004,6762.208514521449,13530.417029042897,13545.140294879844,59.698277349042165,0.0006765292279474952,0.019693837282207704,mixture,81
mixture,0.006000000000000004,6764.671386279801,13535.342772559601,13550.066038396548,58.203505667185865,0.0006759372412558961,0.02015125935195897,mixture,81
mixture,0.005750000000000003,6767.322218040098,13540.644436080196,13555.367701917143,56.6222287076599,0.00067642246617928,0.02066118965537578,mixture,81
mixture,0.005500000000000003,6770.180169726404,13546.360339452807,13561.083605289754,54.94510416025607,0.000678203089239485,0.021233920773436554,mixture,81
mixture,0.005250000000000003,6776.318021291121,13558.636042582242,13573.359308419189,20.35411318699393,0.0017166639204789656,0.05751377715120846,mixture,81
mixture,0.005000000000000003,6778.182524180887,13562.365048361775,13577.088314198721,17.76819210248597,0.0018317836750645921,0.06616302024369203,mixture,81
mixture,0.0047500000000000025,6779.991190641915,13565.98238128383,13580.705647120776,16.19140630268486,0.0018972212329423281,0.07271102899896684,mixture,81
mixture,0.004500000000000002,6781.7964173689,13569.5928347378,13584.316100574746,14.939061508242197,0.0019468523543742405,0.07883501157487575,mixture,81
mixture,0.004250000000000002,6783.6243553000695,13573.248710600139,13587.971976437086,13.856348559298343,0.001988445375617013,0.08496885086624903,mixture,81
mixture,0.004000000000000002,6785.493565012146,13576.987130024292,13591.710395861239,12.877239618142504,0.002025399425611115,0.09135669767338482,mixture,81
mixture,0.0037500000000000016,6787.419357458386,13580.838714916772,13595.561980753719,11.9645148120341,0.002059690066099111,0.0982121926841326,mixture,81
mixture,0.0035000000000000014,6789.415425308736,13584.830850617473,13599.55411645442,11.099763575595986,0.0020925009156233967,0.10570562219280455,mixture,81
mixture,0.003250000000000001,6791.494592388883,13588.989184777765,13603.712450614712,10.26605257533065,0.0021248360983196794,0.11409001252768,mixture,81
mixture,0.003000000000000001,6793.66920360111,13593.33840720222,13608.061673039167,9.4532565536117,0.002157430934516004,0.12365563598793944,mixture,81
mixture,0.0027500000000000007,6795.951434547149,13597.902869094298,13612.626134931244,8.656349815032241,0.002190828687888031,0.13474317406940156,mixture,81
mixture,0.0025000000000000005,6798.353729927796,13602.707459855592,13617.430725692539,7.871057910537474,0.0022254711734371892,0.14782814247805479,mixture,81
mixture,0.0022500000000000003,6800.889700550028,13607.779401100055,13622.502666937002,7.096630775319728,0.0022615502689855723,0.16351898398309048,mixture,81
mixture,0.002,6803.5760675499005,13613.152135099801,13627.875400936748,6.334087216432929,0.0022990778010820593,0.18264428361819887,mixture,81
mixture,0.1,6822.572082598381,13651.144165196762,13665.867431033708,40.04270170414238,0.0027012048250092784,0.2977978457292435,mixture,81
mixture,0.15000000000000002,6822.9298851629255,13651.859770325851,13666.583036162798,58.38156246254285,0.0027013749494942067,0.29779801325783706,mixture,81
mixture,0.2,6823.112494466317,13652.224988932634,13666.94825476958,76.72092946747159,0.002701441573794616,0.2977981210882862,mixture,81
mixture,0.25,6823.223276057168,13652.446552114336,13667.169817951282,95.06050884184165,0.0027014753626753017,0.2977981938800881,mixture,81
mixture,0.3,6823.297644167338,13652.595288334676,13667.318554171623,113.40019531272661,0.002701495289730004,0.29779824584549924,mixture,81
mixture,0.35000000000000003,6823.3510181239635,13652.702036247927,13667.425302084874,131.73994564208076,0.0027015081951741486,0.2977982847278393,mixture,81
mixture,0.4,6823.391188307884,13652.782376615767,13667.505642452714,150.07973732373358,0.002701517121720389,0.29779831489922953,mixture,81
mixture,0.45,6823.42251496762,13652.84502993524,13667.568295772187,168.41955668830235,0.002701523616825891,0.29779833897369695,mixture,81
mixture,0.5,6823.44762889103,13652.89525778206,13667.618523619007,186.75943306507048,0.0027015279814947214,0.2977983588569742,mixture,81
null,,6823.561223792031,13649.122447584063,13654.030202863045,370.15807466432386,0.0027015485233081713,,mixture,81
sum,,6855.895141615925,13713.79028323185,13718.698038510833,542.6849972075347,0.003685379198413985,,mixture,81
mixture,0.05,6695.035658532374,13396.071317064749,13410.794582901695,94.35227249934663,0.001720483504664787,0.01455031683267231,mixture,82
mixture,0.009750000000000007,6707.34867634958,13420.69735269916,13435.420618536107,57.03916920905459,0.0010431842752546573,0.020763098220255818,mixture,82
mixture,0.010000000000000007,6707.525471509445,13421.05094301889,13435.774208855837,50.35552019046402,0.0012624673634569462,0.02333006057090567,mixture,82
mixture,0.009500000000000007,6708.273426609407,13422.546853218813,13437.27011905576,56.58218246125676,0.0010335141673716577,0.020900926946070052,mixture,82
mixture,0.009250000000000006,6709.2505270605825,13424.501054121165,13439.224319958112,56.10913607815438,0.0010237755371574934,0.021046671227006476,mixture,82
mixture,0.009000000000000006,6710.283835514221,13426.567671028442,13441.290936865389,55.61828921873263,0.0010139903647321314,0.021201278003796772,mixture,82
mixture,0.008750000000000006,6711.377596185146,13428.755192370292,13443.478458207239,55.10389544517614,0.0010042537600210956,0.021367310327031513,mixture,82
mixture,0.008500000000000006,6712.8936573439805,13431.787314687961,13446.510580524908,49.5410186965824,0.0011305642102846932,0.02359441943531824,mixture,82
mixture,0.008250000000000006,6713.765684751293,13433.531369502585,13448.254635339532,54.00639688027804,0.0009848417814862925,0.021734882228755414,mixture,82
mixture,0.008000000000000005,6715.0709103659665,13436.141820731933,13450.86508656888,53.4141220943106,0.0009753150196044268,0.021941250314293885,mixture,82
mixture,0.007750000000000005,6716.458522570105,13438.91704514021,13453.640310977156,52.7894121267926,0.0009659635866317546,0.022165093296183415,mixture,82
mixture,0.007500000000000005,6717.935593540336,13441.871187080673,13456.59445291762,52.130587745533404,0.0009568122308158225,0.022408079874857673,mixture,82
mixture,0.007250000000000005,6719.510009496707,13445.020018993415,13459.743284830362,51.42821148419188,0.0009480268753769589,0.022675491478553807,mixture,82
mixture,0.0070000000000000045,6721.8927272721885,13449.785454544377,13464.508720381324,43.548807172793474,0.0011457355797094755,0.026523006142830853,mixture,82
mixture,0.006750000000000004,6722.987192864253,13451.974385728507,13466.697651565453,49.88595127887873,0.0009317269695085418,0.023293123696313426,mixture,82
mixture,0.006500000000000004,6724.910917161347,13455.821834322694,13470.545100159641,49.02977971747678,0.0009245339099230417,0.02365520678099574,mixture,82
mixture,0.006250000000000004,6726.97422265834,13459.94844531668,13474.671711153627,48.104845618389426,0.0009182718016938361,0.02406256953717806,mixture,82
mixture,0.006000000000000004,6729.191148906903,13464.382297813807,13479.105563650754,47.10856640613577,0.0009130073334034148,0.0245208821422281,mixture,82
mixture,0.005750000000000003,6731.57751883622,13469.15503767244,13483.878303509387,46.01791681146525,0.0009093076476680814,0.025047598365788452,mixture,82
mixture,0.005500000000000003,6734.151151985395,13474.30230397079,13489.025569807736,44.82268739908935,0.0009075028091658911,0.02565650461299221,mixture,82
mixture,0.005250000000000003,6736.93203880174,13479.86407760348,13494.587343440428,43.49152733344633,0.0009084761408175804,0.026377112395771948,mixture,82
mixture,0.005000000000000003,6739.942372061605,13485.88474412321,13500.608009960157,41.993045575655486,0.0009132802191172137,0.027246632263347136,mixture,82
mixture,0.0047500000000000025,6743.206108531677,13492.412217063355,13507.135482900301,40.24277730829891,0.0009245674288043209,0.028350468774470727,mixture,82
mixture,0.004500000000000002,6746.746850193635,13499.49370038727,13514.216966224216,38.0563076379544,0.0009485064686244237,0.029884119708210706,mixture,82
mixture,0.004250000000000002,6750.575929438975,13507.15185887795,13521.875124714898,34.52895754771004,0.0010160620245928558,0.032813067272441696,mixture,82
mixture,0.004000000000000002,6753.933382234864,13513.866764469729,13528.590030306676,19.11717997182084,0.0016514123455601273,0.059658541661385935,mixture,82
mixture,0.0037500000000000016,6757.13280837853,13520.26561675706,13534.988882594007,16.440706196775544,0.0017789040443947188,0.0695090468074054,mixture,82
mixture,0.0035000000000000014,6760.314169765289,13526.628339530578,13541.351605367525,14.347941244798914,0.001884554604968741,0.07977910998873089,mixture,82
mixture,0.003250000000000001,6763.47563246931,13532.95126493862,13547.674530775566,12.511547104141231,0.001985077396573716,0.09166080823964701,mixture,82
mixture,0.003000000000000001,6766.589479605711,13539.178959211422,13553.902225048369,10.872448750138053,0.002082194518864502,0.10570778380577973,mixture,82
mixture,0.0027500000000000007,6769.637562559569,13545.275125119138,13559.998390956085,9.46270282167712,0.0021697768142325334,0.12168572854692068,mixture,82
mixture,0.0025000000000000005,6772.638587857287,13551.277175714575,13566.000441551521,8.270859156416186,0.0022446192628039698,0.1393723934663992,mixture,82
mixture,0.0022500000000000003,6775.629962765834,13557.259925531667,13571.983191368614,7.230764277439582,0.0023104184151782636,0.1594635771819429,mixture,82
mixture,0.002,6778.632924180882,13563.265848361763,13577.98911419871,6.269026918014442,0.0023736209377840565,0.1839145735553969,mixture,82
mixture,0.1,6796.565349278824,13599.130698557648,13613.853964394595,38.734093192976545,0.0028002653160252916,0.29769866123592287,mixture,82
mixture,0.15000000000000002,6796.978253642585,13599.95650728517,13614.679773122116,56.417750700166394,0.0028004658977645574,0.2976988398640837,mixture,82
mixture,0.2,6797.189410465946,13600.378820931892,13615.102086768838,74.10196457516348,0.002800544410329312,0.29769895836534244,mixture,82
mixture,0.25,6797.317651311428,13600.635302622855,13615.358568459802,91.78641024547483,0.002800584262016263,0.2976990392251041,mixture,82
mixture,0.3,6797.4037995996405,13600.807599199281,13615.530865036228,109.47097995033755,0.0028006075946468,0.29769909746696616,mixture,82
mixture,0.35000000000000003,6797.465657797638,13600.931315595277,13615.654581432223,127.15562088833458,0.0028006226685716447,0.29769914121464974,mixture,82
mixture,0.4,6797.512229711216,13601.024459422431,13615.747725259378,144.84030953479066,0.002800633040862827,0.2976991753047394,mixture,82
mixture,0.45,6797.548558498226,13601.097116996452,13615.820382833399,162.5250416025759,0.002800640352796062,0.2976992027906866,mixture,82
mixture,0.5,6797.577688207091,13601.155376414183,13615.87864225113,180.20661751765698,0.002800695764856811,0.297698667549579,mixture,82
null,,6797.7095186443585,13597.419037288717,13602.3267925677,357.0573838927859,0.0028006702706931596,,mixture,82
sum,,6830.635489988804,13663.270979977608,13668.17873525659,524.9433340779073,0.003809935035203587,,mixture,82
mixture,0.010000000000000007,6749.56861542695,13505.1372308539,13519.860496690846,19.958350384873242,0.002228161685431864,0.06399339851984419,mixture,83
mixture,0.009750000000000007,6750.0709180865215,13506.141836173043,13520.86510200999,19.528791252144394,0.0022337251708831754,0.06530318396759952,mixture,83
mixture,0.009500000000000007,6750.588935673387,13507.177871346774,13521.90113718372,19.100783492303542,0.002239277045717524,0.06666288505680686,mixture,83
mixture,0.009250000000000006,6751.123660137654,13508.247320275308,13522.970586112255,18.67403649351552,0.0022448242877615284,0.06807665695664017,mixture,83
mixture,0.009000000000000006,6751.676155565073,13509.352311130146,13524.075576967092,18.24574139432592,0.002250494940658167,0.06956035353011952,mixture,83
mixture,0.008750000000000006,6752.247567652945,13510.49513530589,13525.218401142836,17.819416726074618,0.0022561403955650397,0.07110264958047686,mixture,83
mixture,0.008500000000000006,6752.839127323226,13511.678254646453,13526.4015204834,17.392900134331995,0.0022618576557741927,0.07271766033099325,mixture,83
mixture,0.008250000000000006,6753.452160511466,13512.904321022932,13527.627586859879,16.96602634749819,0.0022676517863700852,0.07441156357923615,mixture,83
mixture,0.008000000000000005,6754.088096077776,13514.176192155552,13528.899457992498,16.538181679758672,0.0022735500631512126,0.0761936623005126,mixture,83
mixture,0.007750000000000005,6754.748474699787,13515.496949399574,13530.22021523652,16.109421910897854,0.0022795869491257365,0.07807039597523797,mixture,83
mixture,0.007500000000000005,6755.434958599575,13516.86991719915,13531.593183036097,15.679181583388473,0.002285755686461656,0.0800532924081941,mixture,83
mixture,0.007250000000000005,6756.149341262451,13518.298682524903,13533.02194836185,15.246588651932536,0.0022921275956052454,0.08215688596116755,mixture,83
mixture,0.0070000000000000045,6756.89355789019,13519.78711578038,13534.510381617327,14.811774059926472,0.0022986940899266655,0.084391651312716,mixture,83
mixture,0.006750000000000004,6757.669695318661,13521.339390637322,13536.062656474269,14.37345040650754,0.002305576022692355,0.08677881749293592,mixture,83
mixture,0.006500000000000004,6758.480003977873,13522.960007955746,13537.683273792692,13.934026909933424,0.0023126572369264187,0.08931615840873988,mixture,83
mixture,0.006250000000000004,6759.326897586807,13524.653795173614,13539.37706101056,13.486988447727398,0.0023202483612540215,0.09207091066535124,mixture,83
mixture,0.006000000000000004,6760.212974758178,13526.425949516355,13541.149215353302,13.035463497843958,0.002328244554893453,0.09504308591699452,mixture,83
mixture,0.005750000000000003,6761.141009064191,13528.282018128382,13543.005283965329,12.577983380931746,0.0023367362376947444,0.09827239922623497,mixture,83
mixture,0.005500000000000003,6762.113947852056,13530.227895704113,13544.95116154106,12.115341159274333,0.0023457937195733415,0.10178370729697885,mixture,83
mixture,0.005250000000000003,6763.134900003119,13532.269800006237,13546.993065843184,11.646529013304912,0.002355530239678585,0.10562522436094494,mixture,83
mixture,0.005000000000000003,6764.207109042611,13534.414218085221,13549.137483922168,11.168123100763019,0.0023660538005533596,0.10988525781030992,mixture,83
mixture,0.0047500000000000025,6765.3338942811015,13536.667788562203,13551.39105439915,10.68207265149836,0.002377583530634887,0.11460407873703628,mixture,83
mixture,0.004500000000000002,6766.518574161156,13539.037148322312,13553.760414159258,10.184843431598056,0.0023901928342661065,0.11990869623837218,mixture,83
mixture,0.004250000000000002,6767.764316841496,13541.528633682992,13556.251899519939,9.677022190742758,0.0024041166732372003,0.12589735238987146,mixture,83
mixture,0.004000000000000002,6769.073923043683,13544.147846087366,13558.871111924313,9.1561105336387,0.002419597264045336,0.13274791234240468,mixture,83
mixture,0.0037500000000000016,6770.449474080966,13546.898948161932,13561.622213998879,8.621055692028106,0.0024369089178821394,0.14066914897388105,mixture,83
mixture,0.0035000000000000014,6771.8917885827905,13549.783577165581,13564.506843002528,8.070291302024657,0.0024563642506810982,0.14995287299347887,mixture,83
mixture,0.003250000000000001,6773.399593299584,13552.799186599168,13567.522452436115,7.502170886110488,0.0024784392908300925,0.1610034329154307,mixture,83
mixture,0.003000000000000001,6774.96832955462,13555.93665910924,13570.659924946187,6.915314018154419,0.0025034914246614103,0.17439254304913132,mixture,83
mixture,0.0027500000000000007,6776.588656046403,13559.177312092806,13573.900577929753,6.309563573362095,0.0025319214033805403,0.19091854106243117,mixture,83
mixture,0.0025000000000000005,6778.2451568434335,13562.490313686867,13577.213579523814,5.68751322137915,0.0025637927070350534,0.2116757866687262,mixture,83
mixture,0.0022500000000000003,6779.91624851178,13565.83249702356,13580.555762860507,5.0552943775034285,0.002598828969695924,0.23815378438382084,mixture,83
mixture,0.002,6781.684960908046,13569.369921816093,13584.09318765304,4.098908956207091,0.002673939785422712,0.2978260823517503,mixture,83
mixture,0.05,6783.689184452114,13573.378368904228,13588.101634741175,20.758920254981813,0.0028462008669953697,0.2976523457476999,mixture,83
mixture,0.1,6784.356661940936,13574.713323881871,13589.436589718818,38.135004653342364,0.0028480834262668646,0.29765117341628505,mixture,83
mixture,0.15000000000000002,6784.59469763218,13575.18939526436,13589.912661101307,55.51245584191812,0.002848637027740592,0.2976508823037277,mixture,83
mixture,0.2,6784.716810930703,13575.433621861406,13590.156887698353,72.89028338806423,0.0028488985619006253,0.29765075728626933,mixture,83
mixture,0.25,6784.7910945378935,13575.582189075787,13590.305454912734,90.2682721516068,0.002849050250728296,0.2976506892680668,mixture,83
mixture,0.3,6784.841046128866,13575.682092257732,13590.405358094678,107.6463422870575,0.0028491491761940147,0.29765064690767024,mixture,83
mixture,0.35000000000000003,6784.876937979911,13575.753875959823,13590.47714179677,125.02446826616718,0.0028492185427312976,0.29765061832776646,mixture,83
mixture,0.4,6784.903973632392,13575.807947264784,13590.53121310173,142.4026317494576,0.002849269806899943,0.2976505978740094,mixture,83
mixture,0.45,6784.925070887439,13575.850141774878,13590.573407611824,159.78082993740702,0.0028493090531796425,0.2976505827310718,mixture,83
mixture,0.5,6784.9419926399605,13575.883985279921,13590.607251116868,177.15889628919533,0.0028493425928736065,0.2976505514334352,mixture,83
null,,6785.018627353684,13572.037254707368,13576.94500998635,350.9409035476682,0.002849482604880141,,mixture,83
sum,,6809.005942567612,13620.011885135224,13624.919640414206,512.5450706150007,0.003902095863687087,,mixture,83
mixture,0.05,6717.9310502068165,13441.862100413633,13456.58536625058,100.33809504559628,0.0016306454835550799,0.013634656189074104,mixture,84
mixture,0.010000000000000007,6736.240367225149,13478.480734450299,13493.204000287245,64.17286481884841,0.0009279142235532486,0.018540712358642537,mixture,84
mixture,0.009750000000000007,6737.262030493887,13480.524060987775,13495.247326824721,63.643346993965,0.0009193739652613688,0.01867046863499507,mixture,84
mixture,0.009500000000000007,6738.338614749013,13482.677229498026,13497.400495334972,63.089679362620245,0.000910896277713989,0.018809203316757693,mixture,84
mixture,0.009250000000000006,6739.474061169218,13484.948122338435,13499.671388175382,62.502408880009455,0.0009026364854799006,0.01896003470973549,mixture,84
mixture,0.009000000000000006,6740.672684246194,13487.345368492388,13502.068634329335,61.88495641025658,0.0008945234372149451,0.019122512784754436,mixture,84
mixture,0.008750000000000006,6741.9875368732155,13489.975073746431,13504.698339583378,58.84725468730069,0.0009359005105965379,0.020026073661445345,mixture,84
mixture,0.008500000000000006,6743.278840673744,13492.557681347487,13507.280947184434,60.534306277555686,0.0008791357382097392,0.01949249918973623,mixture,84
mixture,0.008250000000000006,6744.697273235399,13495.394546470798,13510.117812307744,59.79539350154372,0.0008719471749148378,0.01970345533754909,mixture,84
mixture,0.008000000000000005,6746.200793089157,13498.401586178314,13513.12485201526,59.00781679579676,0.0008651972112169969,0.019935142469526122,mixture,84
mixture,0.007750000000000005,6747.822544142062,13501.645088284124,13516.36835412107,56.42056697997075,0.0008957496855309734,0.020772015015928846,mixture,84
mixture,0.007500000000000005,6749.4915014664475,13504.983002932895,13519.706268769842,57.267350989621775,0.0008533550622464981,0.020472987994529013,mixture,84
mixture,0.007250000000000005,6752.168744118743,13510.337488237486,13525.060754074433,46.85448101992949,0.0010783146178646032,0.02473771799124898,mixture,84
mixture,0.0070000000000000045,6753.21542288966,13512.43084577932,13527.154111616266,55.265607741520654,0.0008445042693245316,0.021138129116412132,mixture,84
mixture,0.006750000000000004,6755.2637840736825,13516.527568147365,13531.250833984312,54.152147077166234,0.0008415418623016199,0.02153100186608899,mixture,84
mixture,0.006500000000000004,6757.4512206517475,13520.902441303495,13535.625707140442,52.93854184009976,0.0008400230306902271,0.021979768157316525,mixture,84
mixture,0.006250000000000004,6759.790281957554,13525.580563915108,13540.303829752054,51.626413491790046,0.0008400567299319317,0.022489931419978286,mixture,84
mixture,0.006000000000000004,6762.294765324554,13530.589530649107,13545.312796486054,50.19056887140877,0.0008421985726982522,0.023080660634578292,mixture,84
mixture,0.005750000000000003,6764.979752819054,13535.959505638108,13550.682771475054,48.62173352848326,0.0008468671195265175,0.02376768841429664,mixture,84
mixture,0.005500000000000003,6767.861549507939,13541.723099015879,13556.446364852825,46.87730212359192,0.0008551743483836937,0.02458842204323955,mixture,84
mixture,0.005250000000000003,6770.957409223978,13547.914818447956,13562.638084284903,44.92069325126309,0.0008683882256392387,0.02558841774035542,mixture,84
mixture,0.005000000000000003,6774.284754538865,13554.56950907773,13569.292774914677,42.6788226664041,0.0008889686579512636,0.02685246419394905,mixture,84
mixture,0.0047500000000000025,6777.859012358265,13561.71802471653,13576.441290553477,40.00928980730029,0.0009219323493729528,0.028552315455348108,mixture,84
mixture,0.004500000000000002,6781.68631628068,13569.37263256136,13584.095898398307,36.507522816298064,0.0009818207486711281,0.03118323886893529,mixture,84
mixture,0.004250000000000002,6784.719732855772,13575.439465711544,13590.162731548491,14.899916413947327,0.0019291800702795094,0.07842460565783975,mixture,84
mixture,0.004000000000000002,6787.032174345625,13580.06434869125,13594.787614528197,13.23485767109539,0.0020131931653012978,0.08854935583215189,mixture,84
mixture,0.0037500000000000016,6789.3127464400195,13584.625492880039,13599.348758716986,11.945571494736399,0.0020762960572640833,0.09825463590855141,mixture,84
mixture,0.0035000000000000014,6791.59509250104,13589.19018500208,13603.913450839027,10.819889722295358,0.0021315763559680337,0.10857588901187216,mixture,84
mixture,0.003250000000000001,6793.890629565416,13593.781259130832,13608.504524967779,9.772677591930336,0.0021846331743684316,0.120307586941406,mixture,84
mixture,0.003000000000000001,6796.193800617945,13598.38760123589,13613.110867072837,8.762806747202204,0.0022390135045232203,0.1343135220382024,mixture,84
mixture,0.0027500000000000007,6798.4804683919365,13602.960936783873,13617.68420262082,7.768241327884205,0.0022968691118801267,0.15176627145752386,mixture,84
mixture,0.0025000000000000005,6800.711860290234,13607.423720580467,13622.146986417414,6.806682891572058,0.002356498140295641,0.1736054711505265,mixture,84
mixture,0.0022500000000000003,6802.86212883828,13611.72425767656,13626.447523513507,5.930351079089011,0.0024117657165824507,0.19965283555405205,mixture,84
mixture,0.002,6804.956645678067,13615.913291356133,13630.63655719308,5.180441531091711,0.002456618266878047,0.2285680662184966,mixture,84
mixture,0.1,6812.916687492521,13631.833374985043,13646.55664082199,39.54278849858872,0.002738208386441865,0.29776098421592073,mixture,84
mixture,0.15000000000000002,6813.195071729084,13632.390143458168,13647.113409295114,57.62575717105304,0.00273866973185091,0.29776080893816526,mixture,84
mixture,0.2,6813.3375862555995,13632.675172511199,13647.398438348146,75.70912998780243,0.002738885260352945,0.29776074174287814,mixture,84
mixture,0.25,6813.424186004353,13632.848372008706,13647.571637845653,93.79267056638913,0.0027390095485887974,0.2977607082381174,mixture,84
mixture,0.3,6813.482380450276,13632.964760900551,13647.688026737498,111.87630149694758,0.0027390901503428367,0.2977606889297763,mixture,84
mixture,0.35000000000000003,6813.524175992867,13633.048351985733,13647.77161782268,129.95998309261384,0.0027391466382561814,0.29776067662743844,mixture,84
mixture,0.4,6813.555648215373,13633.111296430747,13647.834562267693,148.04369984124884,0.0027391883455613565,0.29776066828891734,mixture,84
mixture,0.45,6813.580201389454,13633.160402778907,13647.883668615854,166.12744068935794,0.0027392203832124536,0.29776066235886234,mixture,84
mixture,0.5,6813.5998912204095,13633.199782440819,13647.923048277766,184.21124639420955,0.0027392450403002067,0.29776065845659705,mixture,84
null,,6813.6890191825905,13629.378038365181,13634.285793644163,365.0489175556044,0.002739358896599603,,mixture,84
sum,,6845.418904488528,13692.837808977056,13697.745564256038,535.7294127902339,0.0037332279173984883,,mixture,84
mixture,0.05,6755.196507348331,13516.393014696661,13531.116280533608,98.12023444781659,0.001598052405400833,0.014214715707101418,mixture,85
mixture,0.010000000000000007,6778.780592095578,13563.561184191156,13578.284450028103,52.18260298731852,0.0011584239621537686,0.022732394890767497,mixture,85
mixture,0.009750000000000007,6779.865909998493,13565.731819996987,13580.455085833933,51.60677373863387,0.0011528114600616876,0.022949446114359413,mixture,85
mixture,0.009500000000000007,6780.983609340885,13567.96721868177,13582.690484518716,51.06731367216804,0.0011454401343857087,0.02315682945135732,mixture,85
mixture,0.009250000000000006,6781.1507552430985,13568.301510486197,13583.024776323144,54.06078049638827,0.0010279508019913214,0.021986230213402083,mixture,85
mixture,0.009000000000000006,6782.783184591099,13571.566369182197,13586.289635019144,51.664404483072246,0.0010740613098579007,0.022894770118844974,mixture,85
mixture,0.008750000000000006,6784.03414062511,13574.06828125022,13588.791547087167,51.298985110709026,0.0010598376433455553,0.023029294365154003,mixture,85
mixture,0.008500000000000006,6784.77988171061,13575.55976342122,13590.283029258168,56.35820101619505,0.0009003699370651765,0.021132777836114967,mixture,85
mixture,0.008250000000000006,6786.682054404044,13579.364108808088,13594.087374645034,50.90673614748273,0.00101978424929058,0.02316264268642045,mixture,85
mixture,0.008000000000000005,6788.130929944151,13582.261859888302,13596.985125725249,50.75148197118838,0.0009979464207696329,0.02321281260428323,mixture,85
mixture,0.007750000000000005,6789.399342842847,13584.798685685693,13599.52195152264,54.449555886624864,0.0008745641777934962,0.02176559657095069,mixture,85
mixture,0.007500000000000005,6791.12774532715,13588.2554906543,13602.978756491246,53.75626269043118,0.0008661452442055009,0.022008014873275736,mixture,85
mixture,0.0070000000000000045,6795.808240149352,13597.616480298704,13612.33974613565,45.985399742757146,0.001029615203759289,0.02534020220685275,mixture,85
mixture,0.006750000000000004,6797.00171836566,13600.00343673132,13614.726702568267,51.47339347177721,0.0008418352206785603,0.022856874740925133,mixture,85
mixture,0.007250000000000005,6797.19847012449,13600.39694024898,13615.120206085927,41.8846588403531,0.0012333643103262161,0.027571465772041524,mixture,85
mixture,0.006500000000000004,6799.226082639959,13604.452165279918,13619.175431116864,50.636737441981296,0.0008341586735136812,0.02318853164089852,mixture,85
mixture,0.006250000000000004,6802.390664931185,13610.78132986237,13625.504595699316,44.05071808260278,0.0009948210407437388,0.02631183105985051,mixture,85
mixture,0.006000000000000004,6804.15642369811,13614.31284739622,13629.036113233167,48.83298433028682,0.0008197025825107918,0.02394415879356125,mixture,85
mixture,0.005750000000000003,6817.856210698935,13641.71242139787,13656.435687234816,13.905604158441669,0.0021031310361368616,0.08899811234624393,mixture,85
mixture,0.005500000000000003,6818.88755322094,13643.77510644188,13658.498372278827,12.46675033002473,0.0021733285235558497,0.10008987574890688,mixture,85
mixture,0.005250000000000003,6819.842291910345,13645.68458382069,13660.407849657637,11.507073086792008,0.0022150803499817948,0.10887105185936378,mixture,85
mixture,0.005000000000000003,6820.758073636469,13647.516147272938,13662.239413109884,10.719861292476004,0.0022468869745339726,0.11713378615665426,mixture,85
mixture,0.0047500000000000025,6821.651866115548,13649.303732231096,13664.026998068042,10.02645707385878,0.00227341933100089,0.12539225164292822,mixture,85
mixture,0.004500000000000002,6822.533975138496,13651.067950276993,13665.79121611394,9.392470740559746,0.002296734459802752,0.13392676037227436,mixture,85
mixture,0.004250000000000002,6823.411533253556,13652.823066507111,13667.546332344058,8.7992623593263,0.0023179516588262964,0.14294949298824192,mixture,85
mixture,0.004000000000000002,6824.2898576848365,13654.579715369673,13669.30298120662,8.23523643688043,0.002337786883592294,0.15266200964054547,mixture,85
mixture,0.0037500000000000016,6825.173129936806,13656.346259873611,13671.069525710558,7.693360117895981,0.002356672867966214,0.16326256359833047,mixture,85
mixture,0.0035000000000000014,6826.064852931597,13658.129705863194,13672.85297170014,7.168769968398502,0.002374918464061741,0.17497697054434735,mixture,85
mixture,0.003250000000000001,6826.968302717674,13659.936605435349,13674.659871272295,6.659032622715238,0.002392654228136167,0.18804090123152964,mixture,85
mixture,0.003000000000000001,6827.887110667233,13661.774221334466,13676.497487171413,6.1628350640317375,0.0024099386075870904,0.2027250939581508,mixture,85
mixture,0.0027500000000000007,6828.826042981393,13663.652085962785,13678.375351799732,5.680036000167395,0.0024267283749092,0.21932896599160465,mixture,85
mixture,0.0025000000000000005,6830.707483265507,13667.414966531014,13682.13823236796,4.338332382930299,0.00252337766589001,0.29797495174735794,mixture,85
mixture,0.0022500000000000003,6830.794655506259,13667.589311012518,13682.312576849465,4.75374783302199,0.002458590259796971,0.2599262221882462,mixture,85
mixture,0.002,6831.887760632821,13669.775521265641,13684.498787102588,4.152051068244283,0.0024901389137733125,0.2980098118374243,mixture,85
mixture,0.1,6838.567899181897,13683.135798363794,13697.85906420074,40.89931619389819,0.00264007240705671,0.2978586756200953,mixture,85
mixture,0.15000000000000002,6838.856413667723,13683.712827335446,13698.436093172393,59.65972823711282,0.002640564797061961,0.2978589823016354,mixture,85
mixture,0.2,6839.004238284979,13684.008476569958,13698.731742406904,78.42243701232294,0.0026407310980348492,0.2978589444929569,mixture,85
mixture,0.25,6839.094107242386,13684.188214484771,13698.911480321718,97.1853333393417,0.002640825650355438,0.2978589287502457,mixture,85
mixture,0.3,6839.154516877839,13684.309033755679,13699.032299592625,115.9483265910703,0.0026408864338043937,0.2978589212478899,mixture,85
mixture,0.35000000000000003,6839.197912543304,13684.395825086607,13699.119090923554,134.71137631496023,0.0026409287262354106,0.2978589173952019,mixture,85
mixture,0.4,6839.230594754597,13684.461189509195,13699.184455346141,153.47446262116733,0.002640959808283183,0.2978589153633397,mixture,85
mixture,0.45,6839.256094957365,13684.51218991473,13699.235455751677,172.2375718726035,0.0026409836279489957,0.2978589142674925,mixture,85
mixture,0.5,6839.276546175144,13684.553092350288,13699.276358187235,191.000717686509,0.0026410021738830216,0.2978589138340756,mixture,85
null,,6839.369142381909,13680.738284763818,13685.6460400428,378.6322918920426,0.0026410848240200407,,mixture,85
sum,,6866.587496992487,13735.174993984974,13740.082749263956,551.2364821445643,0.003628206885398943,,mixture,85
mixture,0.010000000000000007,6672.030904334718,13350.061808669436,13364.785074506382,62.521991750539286,0.0010142668233449014,0.018798900928702848,mixture,86
mixture,0.009750000000000007,6672.848036656217,13351.696073312434,13366.41933914938,62.21137292882783,0.0010017352917836004,0.01886971764628846,mixture,86
mixture,0.009500000000000007,6673.71245915985,13353.4249183197,13368.148184156647,61.89040273555094,0.0009890123908849453,0.018944298309916056,mixture,86
mixture,0.009250000000000006,6674.627686378848,13355.255372757696,13369.978638594643,61.56066503142343,0.0009760403370845838,0.019022303448549476,mixture,86
mixture,0.009000000000000006,6675.597596625855,13357.19519325171,13371.918459088656,61.21714246701138,0.000962892794747326,0.01910534266908532,mixture,86
mixture,0.008750000000000006,6676.626480425211,13359.252960850423,13373.97622668737,60.85718154577024,0.0009495950593052303,0.01919437735489748,mixture,86
mixture,0.008500000000000006,6677.719096707189,13361.438193414378,13376.161459251325,60.478692301186975,0.0009361652264458191,0.01929022160319472,mixture,86
mixture,0.008250000000000006,6678.880737982057,13363.761475964115,13378.484741801061,60.078746874930545,0.0009226404897804252,0.019393973592595856,mixture,86
mixture,0.008000000000000005,6680.117306232881,13366.234612465762,13380.957878302708,59.654869561227144,0.000909035155605568,0.01950669693673162,mixture,86
mixture,0.007750000000000005,6681.435401169905,13368.87080233981,13383.594068176757,59.203378488435575,0.0008954028274750573,0.019629834923480777,mixture,86
mixture,0.007500000000000005,6682.842423430708,13371.684846861415,13386.408112698362,58.71845638400453,0.000881806423818915,0.01976572356520325,mixture,86
mixture,0.007250000000000005,6684.346695431913,13374.693390863826,13389.416656700772,58.20003766209879,0.0008682412356723786,0.01991481462286921,mixture,86
mixture,0.0070000000000000045,6685.957602762986,13377.915205525973,13392.63847136292,57.639179795590394,0.0008548379001550865,0.020080689672844446,mixture,86
mixture,0.006750000000000004,6687.7799383750435,13381.559876750087,13396.283142587034,54.30903978771882,0.0009051492178675493,0.021199868444973322,mixture,86
mixture,0.006500000000000004,6689.543211772652,13385.086423545305,13399.809689382251,56.3706877775811,0.0008287699079446279,0.02047282692422235,mixture,86
mixture,0.006250000000000004,6691.929039362767,13389.858078725534,13404.58134456248,50.310512173718294,0.0009471474398308119,0.022734161483461822,mixture,86
mixture,0.006000000000000004,6694.122252753163,13394.244505506325,13408.967771343272,49.33682857727381,0.0009410323492145511,0.023137343613748074,mixture,86
mixture,0.005750000000000003,6696.3917824222935,13398.783564844587,13413.506830681534,48.96064412333229,0.0009177616910499559,0.023287051381975562,mixture,86
mixture,0.005500000000000003,6698.756024817188,13403.512049634375,13418.235315471322,49.437121352721704,0.000871035545089422,0.023062047082186538,mixture,86
mixture,0.005250000000000003,6701.344859186573,13408.689718373145,13423.412984210092,50.83734636691086,0.0008011093999373435,0.02246299962925019,mixture,86
mixture,0.005000000000000003,6704.325983218952,13414.651966437905,13429.375232274851,50.88643404286577,0.0007641233596377413,0.022438722459725485,mixture,86
mixture,0.0047500000000000025,6708.13824397293,13422.27648794586,13436.999753782806,43.70581768346868,0.0009141703829522012,0.025844037475786435,mixture,86
mixture,0.004500000000000002,6711.460321095159,13428.920642190318,13443.643908027265,44.19014655110087,0.00085828173633257,0.025560302808327787,mixture,86
mixture,0.004250000000000002,6715.545430381745,13437.09086076349,13451.814126600437,41.78451276426676,0.000883200130723944,0.026932203816183005,mixture,86
mixture,0.004000000000000002,6719.530966785719,13445.061933571438,13459.785199408385,44.983547958472585,0.0007484372261601589,0.025126719418181225,mixture,86
mixture,0.0037500000000000016,6724.367359545126,13454.734719090253,13469.4579849272,43.06766614069006,0.0007519410150747032,0.026161633760811605,mixture,86
mixture,0.0035000000000000014,6729.741402439176,13465.482804878353,13480.2060707153,40.92203134146151,0.0007603313792860079,0.027437599181685167,mixture,86
mixture,0.003250000000000001,6735.734393414494,13477.468786828988,13492.192052665934,38.513783759655794,0.0007752367825015551,0.029041549145286786,mixture,86
mixture,0.003000000000000001,6746.061381213274,13498.122762426548,13512.846028263495,10.660257539211182,0.0021466690379044334,0.10763549633894376,mixture,86
mixture,0.0027500000000000007,6749.31800164985,13504.6360032997,13519.359269136647,8.936036766325604,0.0022896912284333304,0.12892693101908695,mixture,86
mixture,0.0025000000000000005,6752.017524491578,13510.035048983156,13524.758314820103,7.117229709998636,0.002444976802612304,0.16366611785630988,mixture,86
mixture,0.0022500000000000003,6754.240842072408,13514.481684144816,13529.204949981762,5.9077284281318345,0.0025443904535835445,0.19861926266220697,mixture,86
mixture,0.002,6756.203866448393,13518.407732896785,13533.130998733732,5.090955744577731,0.0026026094538883736,0.23088510599245346,mixture,86
mixture,0.05,6769.775677637546,13545.551355275093,13560.27462111204,20.44507180750446,0.002898069373526206,0.2975997772033774,mixture,86
mixture,0.1,6770.966860167115,13547.93372033423,13562.656986171176,37.52015188188235,0.0028988903230391235,0.2976000068934547,mixture,86
mixture,0.15000000000000002,6771.38895032549,13548.77790065098,13563.501166487928,54.59735174867973,0.0028990453123185025,0.29760024055361756,mixture,86
mixture,0.2,6771.605023053056,13549.210046106113,13563.93331194306,71.67514108483554,0.0028990980842121808,0.29760039008758943,mixture,86
mixture,0.25,6771.736322471896,13549.472644943791,13564.195910780738,88.75318247397321,0.002899121293849347,0.29760049096744146,mixture,86
mixture,0.3,6771.824556632984,13549.649113265968,13564.372379102915,105.83135524467727,0.0028991330958428253,0.2976005630775355,mixture,86
mixture,0.35000000000000003,6771.887928129559,13549.775856259119,13564.499122096066,122.90961092263584,0.002899139540063538,0.29760061718116226,mixture,86
mixture,0.4,6771.935643100203,13549.871286200407,13564.594552037353,139.9831754714802,0.0028992434171491504,0.2975973946736816,mixture,86
mixture,0.45,6771.97287661138,13549.94575322276,13564.669019059707,157.0633675181187,0.0028991996738323487,0.2976000018769215,mixture,86
mixture,0.5,6772.0027329688655,13550.005465937731,13564.728731774678,174.14446482337257,0.0028991496939293525,0.2976006922486414,mixture,86
null,,6772.137882342828,13546.275764685655,13551.183519964638,344.9282273250484,0.0028991538551515375,,mixture,86
sum,,6807.218137381862,13616.436274763724,13621.344030042706,510.12230867091563,0.003920628378733026,,mixture,86
mixture,0.009000000000000006,6727.211891626904,13460.423783253807,13475.147049090754,89.06378741400844,0.000568218081444115,0.013533666501723036,mixture,87
mixture,0.010000000000000007,6727.540054211944,13461.080108423888,13475.803374260835,67.19370467919194,0.0010012003457753726,0.01730596965394913,mixture,87
mixture,0.008750000000000006,6728.639655811117,13463.279311622235,13478.002577459181,88.03539358687134,0.0005627311083102552,0.013675011752987642,mixture,87
mixture,0.009750000000000007,6728.924977430813,13463.849954861626,13478.573220698572,66.11209441822695,0.001002572666565323,0.01756163665122143,mixture,87
mixture,0.008500000000000006,6730.158968832985,13466.31793766597,13481.041203502917,86.95496366748013,0.0005575287549107107,0.013826694474984975,mixture,87
mixture,0.008250000000000006,6731.777328820487,13469.554657640974,13484.277923477921,85.81916842430479,0.0005526243098199144,0.013989905420437822,mixture,87
mixture,0.008000000000000005,6733.503004465717,13473.006008931434,13487.72927476838,84.62722805657803,0.0005480194050172978,0.014165518547998563,mixture,87
mixture,0.009500000000000007,6743.427807882934,13492.855615765868,13507.578881602814,21.846070547544294,0.0020018189585135396,0.057922666917039456,mixture,87
mixture,0.009250000000000006,6744.39355350032,13494.78710700064,13509.510372837587,20.74484818981513,0.002042683037427412,0.06109521765745569,mixture,87
mixture,0.007750000000000005,6747.7143311239515,13501.428662247903,13516.15192808485,22.541150152414364,0.0019177346315866095,0.05363535646284297,mixture,87
mixture,0.007500000000000005,6748.75742985255,13503.5148597051,13518.238125542046,20.28005531414169,0.0020107105484652196,0.05996967756929458,mixture,87
mixture,0.007250000000000005,6749.754935866747,13505.509871733493,13520.23313757044,18.946745634968742,0.0020605782280231836,0.06434597369738072,mixture,87
mixture,0.0070000000000000045,6750.735057504093,13507.470115008186,13522.193380845132,17.879859254034006,0.0020984885685146272,0.06827499031415944,mixture,87
mixture,0.006750000000000004,6751.710729754422,13509.421459508843,13524.14472534579,16.96590142361018,0.0021294353543777835,0.07199526048058362,mixture,87
mixture,0.006500000000000004,6752.690531630512,13511.381063261024,13526.10432909797,16.148900296057878,0.0021559456864092288,0.07564347177098543,mixture,87
mixture,0.006250000000000004,6753.681163888407,13513.362327776815,13528.085593613761,15.400191085090592,0.002179390204986886,0.07929436480109212,mixture,87
mixture,0.006000000000000004,6754.688417053087,13515.376834106173,13530.10009994312,14.700854700636059,0.0022006182551883757,0.08301078139875095,mixture,87
mixture,0.005750000000000003,6755.717653052452,13517.435306104904,13532.15857194185,14.037463830428383,0.002220275768586236,0.08685154187351064,mixture,87
mixture,0.005500000000000003,6756.774085158395,13519.54817031679,13534.271436153736,13.405090352715877,0.0022385572432527317,0.09083725872852928,mixture,87
mixture,0.005250000000000003,6757.862966952918,13521.725933905836,13536.449199742783,12.796048384791968,0.0022559637644792964,0.09501968520050781,mixture,87
mixture,0.005000000000000003,6758.98973196747,13523.97946393494,13538.702729771887,12.203577055222675,0.002272691495035929,0.09946476538395858,mixture,87
mixture,0.0047500000000000025,6760.160097787116,13526.320195574232,13541.043461411178,11.623181863905678,0.00228909168609999,0.10423514656172808,mixture,87
mixture,0.004500000000000002,6761.380153184554,13528.760306369108,13543.483572206054,11.054756903989013,0.0023051968239887572,0.10936380551699965,mixture,87
mixture,0.004250000000000002,6762.656428584798,13531.312857169596,13546.036123006543,10.49187594042034,0.002321343458370379,0.11496887762446337,mixture,87
mixture,0.004000000000000002,6763.995927029835,13533.99185405967,13548.715119896617,9.93353703248974,0.0023377984207625367,0.1211306668450856,mixture,87
mixture,0.0037500000000000016,6765.406102665649,13536.812205331298,13551.535471168245,9.373466016090166,0.00235473894308717,0.12803734803801253,mixture,87
mixture,0.0035000000000000014,6766.894777611088,13539.789555222176,13554.512821059123,8.812153920041512,0.0023725510426898387,0.1358194065262505,mixture,87
mixture,0.003250000000000001,6768.469871210011,13542.939742420022,13557.663008256968,8.245438256671193,0.0023915792932295604,0.14473963258548336,mixture,87
mixture,0.003000000000000001,6770.138911535533,13546.277823071066,13561.001088908013,7.670166577162951,0.0024122793149025327,0.1551381659768293,mixture,87
mixture,0.0027500000000000007,6771.908173548703,13549.816347097407,13564.539612934353,7.083328054302849,0.002435172278669982,0.1674911901605413,mixture,87
mixture,0.0025000000000000005,6773.781433165943,13553.562866331886,13568.286132168832,6.482738510736518,0.0024608034929850205,0.18246472225595467,mixture,87
mixture,0.0022500000000000003,6775.758744312094,13557.517488624188,13572.240754461134,5.8684576476134795,0.0024895884085251226,0.20096909099926197,mixture,87
mixture,0.002,6777.836524640397,13561.673049280795,13576.396315117741,5.244436806229464,0.002521475346214463,0.22420666400216,mixture,87
mixture,0.05,6788.600576830393,13583.201153660786,13597.924419497733,20.8831586241813,0.002826179942782124,0.29767191984774,mixture,87
mixture,0.1,6789.594980849813,13585.189961699625,13599.913227536572,38.39168438857302,0.0028273971369294514,0.29767163318536155,mixture,87
mixture,0.15000000000000002,6789.9469245556065,13585.893849111213,13600.61711494816,55.901991164993156,0.00282770797905411,0.2976716649406477,mixture,87
mixture,0.2,6790.126980711165,13586.25396142233,13600.977227259276,73.41278771156563,0.00282784384056429,0.297671707096082,mixture,87
mixture,0.25,6790.23635532721,13586.47271065442,13601.195976491366,90.923791170487,0.002827918748590619,0.2976717412653523,mixture,87
mixture,0.3,6790.309838585399,13586.619677170798,13601.342943007745,108.43490230351213,0.002827965821720494,0.29767176789076333,mixture,87
mixture,0.35000000000000003,6790.3626068773665,13586.725213754733,13601.44847959168,125.94608095963214,0.0028279979050437826,0.2976717889651437,mixture,87
mixture,0.4,6790.402337370862,13586.804674741725,13601.527940578671,143.45730208453332,0.002828021119915398,0.29767180591859976,mixture,87
mixture,0.45,6790.433330736416,13586.866661472832,13601.589927309778,160.9685634924323,0.0028280384609013897,0.29767182000086284,mixture,87
mixture,0.5,6790.45818341679,13586.91636683358,13601.639632670527,178.47889047138588,0.002828067292572437,0.29767170673401094,mixture,87
null,,6790.570664426919,13583.141328853839,13588.049084132821,353.5925745703903,0.0028281136876671833,,mixture,87
sum,,6822.888887618422,13647.777775236844,13652.685530515826,519.6072891932347,0.003849060707183859,,mixture,87
mixture,0.010000000000000007,6798.021953091895,13602.04390618379,13616.767172020736,13.016647332990626,0.002500589759676261,0.10978542163751974,mixture,88
mixture,0.009750000000000007,6798.282498968507,13602.564997937014,13617.28826377396,12.65385908892187,0.002507958750525924,0.11296183157298866,mixture,88
mixture,0.009500000000000007,6798.543548500552,13603.087097001104,13617.81036283805,12.302495297477837,0.0025148538968939997,0.11618850287284473,mixture,88
mixture,0.009250000000000006,6798.805710935154,13603.611421870308,13618.334687707254,11.960519541044784,0.002521386706830327,0.11948402599555868,mixture,88
mixture,0.009000000000000006,6799.069595954158,13604.139191908316,13618.862457745263,11.62701787468147,0.002527587370101627,0.12285667023940644,mixture,88
mixture,0.008750000000000006,6799.335819139755,13604.67163827951,13619.394904116456,11.301046051177552,0.0025334967621897368,0.12631698619717444,mixture,88
mixture,0.008500000000000006,6799.605007259679,13605.210014519358,13619.933280356305,10.981870240925886,0.0025391269170781847,0.12987501448883207,mixture,88
mixture,0.008250000000000006,6799.87780352276,13605.75560704552,13620.478872882466,10.668555353010918,0.002544530896238371,0.13354550813398114,mixture,88
mixture,0.008000000000000005,6800.154872960295,13606.30974592059,13621.033011757536,10.360575908515592,0.002549720429902282,0.13733949283786195,mixture,88
mixture,0.007750000000000005,6800.436907872121,13606.873815744242,13621.597081581189,10.057244553396853,0.002554723948199839,0.14127272643012748,mixture,88
mixture,0.007500000000000005,6800.7246334788415,13607.449266957683,13622.17253279463,9.757789358956476,0.0025595750013410364,0.14536553994420062,mixture,88
mixture,0.007250000000000005,6801.018813746821,13608.037627493643,13622.76089333059,9.461891126367503,0.0025643038122851996,0.14963193715416365,mixture,88
mixture,0.0070000000000000045,6801.320257409723,13608.640514819446,13623.363780656393,9.168861960613995,0.002568892557640422,0.1540979735617247,mixture,88
mixture,0.006750000000000004,6801.6298240803235,13609.259648160647,13623.982913997594,8.87812325831601,0.0025734081145434113,0.15878934844257608,mixture,88
mixture,0.006500000000000004,6801.948430286797,13609.896860573594,13624.62012641054,8.589159583354432,0.0025778707525164575,0.16373587949911053,mixture,88
mixture,0.006250000000000004,6802.277055183129,13610.554110366258,13625.277376203205,8.301405324564954,0.0025822970134678613,0.1689740787026949,mixture,88
mixture,0.006000000000000004,6802.6167457839965,13611.233491567993,13625.95675740494,8.01534957328773,0.002586686487493741,0.1745151759924127,mixture,88
mixture,0.005750000000000003,6802.968616814962,13611.937233629924,13626.66049946687,7.727215688397405,0.0025911782881785335,0.18050531667134334,mixture,88
mixture,0.005500000000000003,6803.333855117566,13612.667710235131,13627.390976072078,7.4396915658717315,0.0025957066177743817,0.18690770146471586,mixture,88
mixture,0.005250000000000003,6803.71370546035,13613.4274109207,13628.150676757647,7.150455891248616,0.0026003617365860494,0.19385147296406072,mixture,88
mixture,0.005000000000000003,6804.109451575624,13614.218903151248,13628.942168988195,6.858971731072645,0.0026051978266716258,0.20142794461122415,mixture,88
mixture,0.0047500000000000025,6804.522368941611,13615.044737883221,13629.768003720168,6.563952553165464,0.002610300313889436,0.20978076604000465,mixture,88
mixture,0.004500000000000002,6805.766090070261,13617.532180140523,13632.25544597747,5.015588267501076,0.002690045684407528,0.29780831414810066,mixture,88
mixture,0.004250000000000002,6805.971516675218,13617.943033350435,13632.666299187382,4.926337431948262,0.002685109391330725,0.2978136187933209,mixture,88
mixture,0.05,6806.000785181723,13618.001570363445,13632.724836200392,21.296703347185215,0.0027615192438625266,0.2977377169299221,mixture,88
mixture,0.004000000000000002,6806.221234496966,13618.442468993931,13633.165734830878,4.837092749542106,0.0026795527022978366,0.29781961177109595,mixture,88
mixture,0.1,6806.315059122946,13618.630118245892,13633.353384082839,39.19997428481127,0.0027641752488735353,0.29773542517812035,mixture,88
mixture,0.15000000000000002,6806.43192341266,13618.86384682532,13633.587112662266,57.10423122633571,0.0027650105517606164,0.2977347292788332,mixture,88
mixture,0.2,6806.492791918312,13618.985583836624,13633.70884967357,75.00876557858412,0.002765417629947658,0.2977343956119941,mixture,88
mixture,0.0037500000000000016,6806.526284388601,13619.052568777202,13633.775834614149,4.747853764054829,0.002673254308509918,0.2978264286415061,mixture,88
mixture,0.25,6806.530116100457,13619.060232200914,13633.783498037861,92.91341389162268,0.002765658400428367,0.2977342001188166,mixture,88
mixture,0.3,6806.555339163449,13619.110678326899,13633.833944163845,110.8181243354279,0.0027658173339229174,0.29773407190059387,mixture,88
mixture,0.35000000000000003,6806.573524128131,13619.147048256262,13633.870314093208,128.7228738977054,0.002765930004761394,0.29773398142521024,mixture,88
mixture,0.4,6806.5872557055045,13619.174511411009,13633.897777247956,146.62764814612635,0.0027660140367792383,0.297733914193511,mixture,88
mixture,0.45,6806.597991161277,13619.195982322553,13633.9192481595,164.53244421261098,0.002766079024668728,0.2977338623394542,mixture,88
mixture,0.5,6806.606614545261,13619.213229090523,13633.93649492747,182.4373053153634,0.0027661300200472936,0.29773382194906356,mixture,88
mixture,0.0035000000000000014,6806.645672819811,13619.291345639622,13634.014611476568,360.2318448333047,0.2999999999168085,0.0027663636309097255,mixture,88
mixture,0.003250000000000001,6806.645682506005,13619.29136501201,13634.014630848957,360.3213695104067,0.29999999992508736,0.002766363733282998,mixture,88
mixture,0.003000000000000001,6806.645692186019,13619.291384372038,13634.014650208985,360.4108999351462,0.2999989684663906,0.002766363791751157,mixture,88
mixture,0.0027500000000000007,6806.645701864047,13619.291403728093,13634.01466956504,360.5004306633907,0.2999999999359456,0.0027663638473332543,mixture,88
mixture,0.0025000000000000005,6806.6457115358035,13619.291423071607,13634.014688908554,360.589960730406,0.2999999999426946,0.0027663639082241894,mixture,88
mixture,0.0022500000000000003,6806.6457212028035,13619.291442405607,13634.014708242554,360.67949670581226,0.2999999999494441,0.002766363923767095,mixture,88
mixture,0.002,6806.64573086497,13619.29146172994,13634.014727566886,360.7690217109547,0.29999999995247545,0.002766364023423359,mixture,88
null,,6806.6458079899785,13615.291615979957,13620.19937125894,361.48528417609214,0.002766364341163235,,mixture,88
sum,,6831.14147568007,13664.28295136014,13669.190706639121,525.9666833111983,0.003802522219485643,,mixture,88
mixture,0.05,6763.217120956443,13532.434241912886,13547.157507749833,96.22855200748525,0.0016069116836157466,0.014590028226048898,mixture,89
mixture,0.010000000000000007,6788.644795862321,13583.289591724642,13598.012857561589,24.741528404241258,0.0018260511828588556,0.0513879131901393,mixture,89
mixture,0.009750000000000007,6789.319143964608,13584.638287929216,13599.361553766163,23.962422810313715,0.001842712521784452,0.053035914721588924,mixture,89
mixture,0.009500000000000007,6790.007823172751,13586.015646345502,13600.738912182449,23.21399750736695,0.001858319781058514,0.05471815629814859,mixture,89
mixture,0.009250000000000006,6790.708817005373,13587.417634010746,13602.140899847693,22.497006290778018,0.00187290918378799,0.056426737277051005,mixture,89
mixture,0.009000000000000006,6791.422732016919,13588.845464033839,13603.568729870785,21.807831597073942,0.0018866265100543303,0.058166111006721886,mixture,89
mixture,0.008500000000000006,6792.037941759001,13590.075883518002,13604.799149354949,22.88006210866185,0.0018626985735050118,0.054130663014684194,mixture,89
mixture,0.008750000000000006,6792.150027513003,13590.300055026006,13605.023320862952,21.143849061268746,0.0018995868649871038,0.0599392257566596,mixture,89
mixture,0.008250000000000006,6792.797041573692,13591.594083147384,13606.31734898433,22.133367326144,0.0018775094246274685,0.05590710421696235,mixture,89
mixture,0.008000000000000005,6793.5753197294425,13593.150639458885,13607.873905295832,21.417031315112915,0.0018914896712917569,0.057716159833135786,mixture,89
mixture,0.007750000000000005,6794.375042445068,13594.750084890136,13609.473350727083,20.722661677110622,0.0019048145212544466,0.05958019491039752,mixture,89
mixture,0.007500000000000005,6795.198590293954,13596.397180587908,13611.120446424855,20.04783081914854,0.0019175924726545577,0.06150584957048858,mixture,89
mixture,0.007250000000000005,6796.048480256672,13598.096960513343,13612.82022635029,19.39058423196294,0.00192986419095834,0.06350006121679133,mixture,89
mixture,0.0070000000000000045,6796.9273859088535,13599.854771817707,13614.578037654654,18.74586627002635,0.0019418541678415107,0.06558323704679499,mixture,89
mixture,0.006750000000000004,6797.838156969406,13601.676313938811,13616.399579775758,18.111980598337084,0.0019536139793724094,0.06776696882461904,mixture,89
mixture,0.006500000000000004,6798.783837970286,13603.567675940572,13618.290941777519,17.486533587164924,0.001965246635833935,0.07006811115927308,mixture,89
mixture,0.006250000000000004,6799.767684219665,13605.53536843933,13620.258634276277,16.86728582847419,0.0019768584589284583,0.0725063089079221,mixture,89
mixture,0.006000000000000004,6800.7931731034805,13607.586346206961,13622.309612043908,16.251990733761726,0.0019885666467269456,0.0751053547221184,mixture,89
mixture,0.005750000000000003,6801.864007421333,13609.728014842665,13624.451280679612,15.638592804483688,0.0020004951337747345,0.0778930030307576,mixture,89
mixture,0.005500000000000003,6802.984104641651,13611.968209283303,13626.69147512025,15.023737547388915,0.0020128319450428305,0.0809110923179198,mixture,89
mixture,0.005250000000000003,6804.15756620942,13614.31513241884,13629.038398255787,14.40673052113288,0.0020256916754605113,0.08419365628152037,mixture,89
mixture,0.005000000000000003,6805.388608021007,13616.777216042014,13631.50048187896,13.784608309603122,0.0020392947980516145,0.08779840154928498,mixture,89
mixture,0.0047500000000000025,6806.681436830932,13619.362873661865,13634.086139498811,13.154698193749562,0.0020538889372247126,0.09179569010739859,mixture,89
mixture,0.004500000000000002,6808.040035171424,13622.080070342849,13636.803336179795,12.513992485609927,0.0020697806544302606,0.09627800116975305,mixture,89
mixture,0.004250000000000002,6809.467803265154,13624.935606530307,13639.658872367254,11.859836799175355,0.002087350748700496,0.10136136140373653,mixture,89
mixture,0.004000000000000002,6810.9669788239025,13627.933957647805,13642.657223484752,11.18676800228278,0.002107094151648828,0.10723030430726953,mixture,89
mixture,0.0037500000000000016,6812.537710234627,13631.075420469255,13645.798686306201,10.492452917097276,0.002129570881634796,0.1140979250101077,mixture,89
mixture,0.0035000000000000014,6814.176629614518,13634.353259229036,13649.076525065982,9.772281185291828,0.002155486976160268,0.12229217354668888,mixture,89
mixture,0.003250000000000001,6815.874763138865,13637.74952627773,13652.472792114677,9.02142405343509,0.0021856967248976514,0.1322917401779183,mixture,89
mixture,0.003000000000000001,6817.614851159599,13641.229702319199,13655.952968156145,8.23919849458561,0.002220866100796045,0.14473662124240722,mixture,89
mixture,0.0027500000000000007,6819.369094561433,13644.738189122865,13659.461454959812,7.43124237358183,0.002261121143596176,0.16045775333401655,mixture,89
mixture,0.0025000000000000005,6821.100840571479,13648.201681142958,13662.924946979905,6.617580201266614,0.0023050254246002226,0.18028215759365174,mixture,89
mixture,0.0022500000000000003,6822.776399034885,13651.55279806977,13666.276063906716,5.836086005378498,0.002348836851662214,0.2045338741525699,mixture,89
mixture,0.002,6824.38643402673,13654.77286805346,13669.496133890407,5.126000815206304,0.0023878814085581046,0.23271875079514523,mixture,89
mixture,0.1,6839.0614780911355,13684.122956182271,13698.846222019218,40.931086840965676,0.0026378585286538202,0.2978605537938314,mixture,89
mixture,0.15000000000000002,6839.446821956588,13684.893643913176,13699.616909750122,59.71256985906367,0.00263810975897596,0.29786131529159304,mixture,89
mixture,0.2,6839.6436407584015,13685.287281516803,13700.01054735375,78.49654974452503,0.002638148730154622,0.29786143974193713,mixture,89
mixture,0.25,6839.7630929461,13685.5261858922,13700.249451729147,97.2807649512708,0.0026381655757401062,0.2978615229596939,mixture,89
mixture,0.3,6839.84330269994,13685.68660539988,13700.409871236827,116.06510498557172,0.0026381739168264925,0.2978615822108165,mixture,89
mixture,0.35000000000000003,6839.900879535289,13685.801759070579,13700.525024907525,134.84951444361326,0.002638178497767928,0.2978616263554904,mixture,89
mixture,0.4,6839.94421854302,13685.88843708604,13700.611702922986,153.63396945265742,0.002638181142937037,0.2978616605191442,mixture,89
mixture,0.45,6839.978019766455,13685.95603953291,13700.679305369857,172.4184533621675,0.0026381827545652616,0.29786168769792476,mixture,89
mixture,0.5,6840.005119615289,13686.010239230578,13700.733505067525,191.20297758889683,0.002638183483473382,0.2978617098480609,mixture,89
null,,6840.1277206523055,13682.255441304611,13687.163196583593,379.048429412221,0.0026381853146065525,,mixture,89
sum,,6868.284200897552,13738.568401795104,13743.476157074087,551.0135687337098,0.0036296746822337272,,mixture,89
mixture,0.010000000000000007,6699.946350724197,13405.892701448394,13420.615967285341,69.16548918567632,0.00097222297721288,0.016813920694857633,mixture,90
mixture,0.009750000000000007,6700.799964858649,13407.599929717298,13422.323195554245,68.8653526066526,0.0009579278696717395,0.016873374885076727,mixture,90
mixture,0.009500000000000007,6701.673213982273,13409.346427964547,13424.069693801493,68.62947045457094,0.0009416608098173947,0.016919791030382072,mixture,90
mixture,0.009250000000000006,6702.576716957301,13411.153433914602,13425.876699751549,68.44930722637908,0.0009236697309482596,0.016954763529510322,mixture,90
mixture,0.008750000000000006,6702.664082602297,13411.328165204593,13426.05143104154,78.72121287667449,0.0006792335689182666,0.015055655513943866,mixture,90
mixture,0.009000000000000006,6703.517072111896,13413.034144223791,13427.757410060738,68.3264351684414,0.0009039552358175623,0.016977844357814614,mixture,90
mixture,0.008500000000000006,6705.526040344301,13417.052080688602,13431.775346525548,68.29764803003329,0.0008585231593028839,0.01697863371574514,mixture,90
mixture,0.007500000000000005,6711.321365943319,13428.642731886637,13443.365997723584,66.09508622909786,0.0008092401522993207,0.01746524855535768,mixture,90
mixture,0.008250000000000006,6711.3968543680785,13428.793708736157,13443.516974573104,60.70662942342078,0.001032288693042755,0.018813545254688327,mixture,90
mixture,0.007250000000000005,6712.873124472151,13431.746248944302,13446.469514781249,65.91028007667902,0.0007870413386062403,0.017509261256166433,mixture,90
mixture,0.008000000000000005,6713.0235859242375,13432.047171848475,13446.770437685422,59.90795211442692,0.0010269970560810781,0.019033639442722385,mixture,90
mixture,0.0070000000000000045,6714.540499020477,13435.080998040954,13449.8042638779,65.75100990437343,0.0007636218645155947,0.017549078024120323,mixture,90
mixture,0.007750000000000005,6714.781565514431,13435.563131028863,13450.28639686581,59.056258787396814,0.0010225432264661372,0.019275554964918853,mixture,90
mixture,0.006250000000000004,6719.814528206867,13445.629056413734,13460.352322250681,70.57305755040764,0.000586705001033519,0.016584517457160892,mixture,90
mixture,0.006000000000000004,6722.356132290191,13450.712264580383,13465.43553041733,69.4387547036666,0.0005791284586620358,0.01682511188480133,mixture,90
mixture,0.005750000000000003,6725.11804856892,13456.23609713784,13470.959362974787,68.23426120720858,0.0005719340780536962,0.017089013523182643,mixture,90
mixture,0.006750000000000004,6727.969821121652,13461.939642243304,13476.66290808025,52.25773721164805,0.0011220073575880934,0.02147951464257492,mixture,90
mixture,0.005500000000000003,6728.126378120134,13462.252756240268,13476.976022077215,66.95649920474351,0.000565147505989347,0.01737891176521643,mixture,90
mixture,0.005250000000000003,6731.411305878024,13468.822611756048,13483.545877592995,65.60412336821068,0.0005587418311151918,0.0176976546524009,mixture,90
mixture,0.006500000000000004,6732.934162890955,13471.86832578191,13486.591591618857,50.30870607548488,0.001164816640774737,0.02221182433374145,mixture,90
mixture,0.005000000000000003,6736.35529337472,13478.71058674944,13493.433852586386,57.57096946846966,0.0006920491103496379,0.019763219278831578,mixture,90
mixture,0.004500000000000002,6745.204870694302,13496.409741388605,13511.133007225551,53.601149862069,0.0007061936650176937,0.021078168916501935,mixture,90
mixture,0.0047500000000000025,6755.283052268776,13516.566104537553,13531.2893703745,40.43558624407365,0.0011612186748014338,0.027383366734213176,mixture,90
mixture,0.004250000000000002,6764.731638306144,13535.463276612289,13550.186542449235,13.55899199057087,0.002074765586955353,0.08650746136485252,mixture,90
mixture,0.004000000000000002,6766.7534538263035,13539.506907652607,13554.230173489554,11.443916558404666,0.0022078947395693937,0.1034027821977921,mixture,90
mixture,0.0037500000000000016,6768.577672944455,13543.15534588891,13557.878611725857,10.002805065788808,0.002297320511668617,0.11901962067917371,mixture,90
mixture,0.0035000000000000014,6770.248585452291,13546.497170904582,13561.220436741529,8.812768701054486,0.002371626338542135,0.13581867357661975,mixture,90
mixture,0.003250000000000001,6771.781670929073,13549.563341858146,13564.286607695092,7.809956498971017,0.0024336856161089005,0.15394931792273625,mixture,90
mixture,0.003000000000000001,6773.202738449751,13552.405476899503,13567.12874273645,6.977126777222985,0.002482869920309336,0.17282481137085384,mixture,90
mixture,0.0027500000000000007,6774.550417528459,13555.100835056917,13569.824100893864,6.280857782849962,0.0025208344410874357,0.19215024407350073,mixture,90
mixture,0.0025000000000000005,6775.866622966707,13557.733245933414,13572.45651177036,5.681452442490461,0.002550488160650794,0.2121777056878108,mixture,90
mixture,0.0022500000000000003,6777.191919607326,13560.383839214652,13575.107105051598,5.146417155355124,0.0025744762669894367,0.233530948652312,mixture,90
mixture,0.002,6778.566263171624,13563.132526343248,13577.855792180195,4.651931842690002,0.002594858456091189,0.25713849887160245,mixture,90
mixture,0.05,6789.449996174595,13584.89999234919,13599.623258186137,20.905419686653048,0.0028226222536552954,0.29767545860778805,mixture,90
mixture,0.1,6790.541957529628,13587.083915059256,13601.807180896203,38.4389767608858,0.0028236185021599,0.2976753976830054,mixture,90
mixture,0.15000000000000002,6790.9288131541725,13587.857626308345,13602.580892145292,55.974500625257875,0.0028238460860382105,0.2976755166933,mixture,90
mixture,0.2,6791.126814888743,13588.253629777486,13602.976895614433,73.5105695229959,0.0028239381757401306,0.29767560513294017,mixture,90
mixture,0.25,6791.247119337209,13588.494238674419,13603.217504511365,91.04686871060991,0.002823986096374504,0.2976756679502696,mixture,90
mixture,0.3,6791.327958257463,13588.655916514927,13603.379182351873,108.58328610136853,0.002824014907502652,0.29767571404746407,mixture,90
mixture,0.35000000000000003,6791.386014895908,13588.772029791817,13603.495295628763,126.11977386328302,0.002824033886776032,0.29767574912184114,mixture,90
mixture,0.4,6791.4297305850305,13588.859461170061,13603.582727007008,143.6563159312947,0.0028240470404221813,0.2976757768221032,mixture,90
mixture,0.45,6791.463834846867,13588.927669693734,13603.65093553068,161.19289676854712,0.0028240565851504356,0.29767579926281207,mixture,90
mixture,0.5,6791.491183396915,13588.98236679383,13603.705632630777,178.72857810948472,0.0028240785807738394,0.2976756912450506,mixture,90
null,,6791.614975327707,13585.229950655414,13590.137705934396,354.09550329663983,0.0028240968628236445,,mixture,90
sum,,6826.015313525504,13654.030627051008,13658.93838232999,522.2780810288905,0.0038293776297484857,,mixture,90
mixture,0.006250000000000004,6753.12442378049,13512.24884756098,13526.972113397927,5.493724774896271,0.0029009234700511834,0.2975977967553199,mixture,91
mixture,0.006000000000000004,6753.127149764034,13512.254299528067,13526.977565365014,5.410360641334725,0.0028981092865080667,0.2976007505089929,mixture,91
mixture,0.006500000000000004,6753.130194981442,13512.260389962885,13526.983655799831,5.577099349724509,0.0029035088962748733,0.2975950886421573,mixture,91
mixture,0.005750000000000003,6753.140239026063,13512.280478052126,13527.003743889072,5.327007169386324,0.0028950364653380577,0.2976039822382736,mixture,91
mixture,0.006750000000000004,6753.142937656536,13512.285875313071,13527.009141150018,5.660484176082392,0.00290589101965388,0.2975925985661045,mixture,91
mixture,0.0070000000000000045,6753.161398177021,13512.322796354041,13527.046062190988,5.743878939980709,0.0029080918398991626,0.2975903027512884,mixture,91
mixture,0.005500000000000003,6753.165986619804,13512.331973239608,13527.055239076555,5.243664575434222,0.002891669758667439,0.2976075300891392,mixture,91
mixture,0.007250000000000005,6753.184541861822,13512.369083723645,13527.092349560591,5.827283347966903,0.002910130323450399,0.2975881806434551,mixture,91
mixture,0.005250000000000003,6753.207232508963,13512.414465017926,13527.137730854873,5.160332928539129,0.002887967519073137,0.2976114392207427,mixture,91
mixture,0.007500000000000005,6753.211511316812,13512.423022633624,13527.14628847057,5.9106971296992015,0.0029120229002715992,0.2975862144951117,mixture,91
mixture,0.007750000000000005,6753.241593520024,13512.483187040049,13527.206452876995,5.994119902421944,0.0029137840206519437,0.2975843887218641,mixture,91
mixture,0.005000000000000003,6753.267514918887,13512.535029837774,13527.258295674721,5.077012125510114,0.002883880163318204,0.2976157633377029,mixture,91
mixture,0.008000000000000005,6753.274193638817,13512.548387277635,13527.271653114582,6.077551393701411,0.0029154262238007926,0.2975826897410973,mixture,91
mixture,0.008250000000000006,6753.30881407073,13512.61762814146,13527.340893978406,6.160991294251762,0.0029169605772429775,0.29758110562283635,mixture,91
mixture,0.008500000000000006,6753.34503756016,13512.69007512032,13527.413340957266,6.244439263977297,0.0029183968864416043,0.2975796257959732,mixture,91
mixture,0.0047500000000000025,6753.351275449544,13512.702550899088,13527.425816736035,4.993702056420268,0.0028793478140198853,0.29762056727170666,mixture,91
mixture,0.008750000000000006,6753.382513525152,13512.765027050304,13527.48829288725,6.327895091102036,0.0029197437173684613,0.297578240994079,mixture,91
mixture,0.009000000000000006,6753.420946926586,13512.841893853172,13527.565159690119,6.411358450078314,0.002921008798273681,0.29757694293284853,mixture,91
mixture,0.009250000000000006,6753.460089157852,13512.920178315704,13527.64344415265,6.494829110076318,0.002922198939311066,0.29757572424550754,mixture,91
mixture,0.004500000000000002,6753.464136810461,13512.928273620922,13527.65153945787,4.910402322299908,0.002874298009954377,0.2976259294917092,mixture,91
mixture,0.009500000000000007,6753.499730561256,13512.999461122512,13527.722726959459,6.578306710241891,0.0029233203553439813,0.2975745782821707,mixture,91
mixture,0.009750000000000007,6753.539694246978,13513.079388493956,13527.802654330902,6.661791044688361,0.0029243784905618165,0.2975734991760439,mixture,91
mixture,0.010000000000000007,6753.579830972318,13513.159661944635,13527.882927781582,6.745281857916652,0.002925378290130486,0.29757248163685146,mixture,91
mixture,0.004250000000000002,6753.613284028261,13513.226568056522,13527.949833893468,4.827112176481432,0.002868642172615946,0.2976319459081887,mixture,91
mixture,0.004000000000000002,6753.807995586611,13513.615991173221,13528.339257010168,4.7438306225276525,0.0028622704388609655,0.29763873539885505,mixture,91
mixture,0.0037500000000000016,6754.060395926432,13514.120791852863,13528.84405768981,4.6605559568999295,0.002855045701096339,0.2976464462976043,mixture,91
mixture,0.0035000000000000014,6754.386541674688,13514.773083349375,13529.496349186322,4.5772858673343055,0.0028467938010219612,0.29765526695202993,mixture,91
mixture,0.003250000000000001,6754.778095633394,13515.556191266787,13530.279457103734,4.466998624391973,0.0028396713903667643,0.3,mixture,91
mixture,0.003000000000000001,6755.309044452242,13516.618088904484,13531.341354741431,4.383827023084148,0.002828871146517536,0.3,mixture,91
mixture,0.0027500000000000007,6756.002855597456,13518.005711194912,13532.728977031858,4.3006658257002135,0.002816182660845002,0.3,mixture,91
mixture,0.05,6756.226126184769,13518.452252369538,13533.175518206484,20.129896912006398,0.0029520953328637236,0.29754685071493053,mixture,91
mixture,0.1,6756.817176938172,13519.634353876345,13534.357619713292,36.87274364322434,0.0029543850353776066,0.29754505532205466,mixture,91
mixture,0.0025000000000000005,6756.917592671597,13519.835185343194,13534.55845118014,4.217509897462832,0.002801089385234647,0.3,mixture,91
mixture,0.15000000000000002,6757.032187985462,13520.064375970924,13534.78764180787,53.617110308937754,0.0029550597195454648,0.297544574016866,mixture,91
mixture,0.2,6757.143298639097,13520.286597278195,13535.009863115141,70.36190280796094,0.002955378452001219,0.2975443578764849,mixture,91
mixture,0.25,6757.211150859381,13520.422301718761,13535.145567555708,87.10687805911884,0.0029555633022484047,0.29754423656126544,mixture,91
mixture,0.3,6757.256887494161,13520.513774988322,13535.237040825268,103.85195369233348,0.002955683611276627,0.29754415944367213,mixture,91
mixture,0.35000000000000003,6757.28980430562,13520.57960861124,13535.302874448187,120.59510891419194,0.002955817587324157,0.2975435377155251,mixture,91
mixture,0.4,6757.314629420881,13520.629258841762,13535.352524678709,137.34146445931157,0.0029558480039128363,0.2975439499395625,mixture,91
mixture,0.45,6757.334019063677,13520.668038127355,13535.391303964301,154.08728267689833,0.002955882144994926,0.29754401810279496,mixture,91
mixture,0.5,6757.349582251083,13520.699164502166,13535.422430339113,170.83245315835123,0.0029559207876557183,0.29754399732139525,mixture,91
mixture,0.0022500000000000003,6757.420030440507,13520.840060881013,13535.56332671796,337.53090985330346,0.2999982497814367,0.0029560912547162118,mixture,91
mixture,0.002,6757.42004792487,13520.84009584974,13535.563361686687,337.6146426019129,0.29999999993464893,0.002956091298599599,mixture,91
null,,6757.420187468782,13516.840374937565,13521.748130216547,338.2845303815888,0.0029560914265632796,,mixture,91
sum,,6787.157537134331,13576.315074268661,13581.222829547643,498.4116608559838,0.004012747206927609,,mixture,91
mixture,0.05,6758.219385247738,13522.438770495475,13537.162036332422,108.10226371999079,0.0015052525681691687,0.012686076902708558,mixture,92
mixture,0.009750000000000007,6788.392579098346,13582.785158196692,13597.508424033638,77.31030040777392,0.000693369967059976,0.015656487041749222,mixture,92
mixture,0.010000000000000007,6788.627549492781,13583.255098985563,13597.97836482251,64.97224445803661,0.000928090821381691,0.018266546476916785,mixture,92
mixture,0.009250000000000006,6791.060484356251,13588.120968712503,13602.84423454945,75.79488416630615,0.0006799858844526226,0.015930592466110543,mixture,92
mixture,0.009500000000000007,6792.392601606764,13590.785203213529,13605.508469050475,59.902132067158,0.0009983851698814861,0.01965793940347598,mixture,92
mixture,0.009000000000000006,6794.394799184789,13594.789598369578,13609.512864206525,61.00500941667045,0.0009282296461732352,0.019314300269706715,mixture,92
mixture,0.008500000000000006,6795.644212036471,13597.288424072942,13612.011689909888,73.19972015306797,0.0006618584570171646,0.016427231932148817,mixture,92
mixture,0.008250000000000006,6797.351884075378,13600.703768150755,13615.427033987702,72.22804559849672,0.0006565704534360909,0.016622598752205626,mixture,92
mixture,0.008750000000000006,6802.461465832837,13610.922931665675,13625.646197502621,49.808748379348266,0.0012221422659220089,0.023241942482497082,mixture,92
mixture,0.008000000000000005,6804.902585633601,13615.805171267202,13630.528437104149,49.77969228053341,0.001115473715622317,0.02328209396888923,mixture,92
mixture,0.007750000000000005,6813.649172641812,13633.298345283623,13648.02161112057,16.494044769333026,0.0021290433725722683,0.0771943965492248,mixture,92
mixture,0.007500000000000005,6814.34549896252,13634.69099792504,13649.414263761986,15.352346562857488,0.00217350992538895,0.0833914013651959,mixture,92
mixture,0.007250000000000005,6815.00717235605,13636.0143447121,13650.737610549048,14.47182087487733,0.002205157256282672,0.08876461700502294,mixture,92
mixture,0.0070000000000000045,6815.647736448789,13637.295472897578,13652.018738734525,13.716917979527729,0.002230762395214814,0.09386540579967263,mixture,92
mixture,0.006750000000000004,6816.274495314223,13638.548990628446,13653.272256465392,13.038163653598362,0.002252753683105159,0.09891124690439228,mixture,92
mixture,0.006500000000000004,6816.892112674508,13639.784225349016,13654.507491185963,12.412325440606441,0.0022723748948250775,0.10401091704164521,mixture,92
mixture,0.006250000000000004,6817.503819451813,13641.007638903626,13655.730904740572,11.823294228004933,0.002290380914682768,0.10926945286532808,mixture,92
mixture,0.006000000000000004,6818.111936374569,13642.223872749139,13656.947138586085,11.26147233253742,0.002307237573272504,0.11476787928470306,mixture,92
mixture,0.005750000000000003,6818.718143335938,13643.436286671877,13658.159552508823,10.720617851605411,0.0023232816493658757,0.12057843109176936,mixture,92
mixture,0.005500000000000003,6819.323637880699,13644.647275761397,13659.370541598344,10.196652876374703,0.0023387159829233867,0.12676969152487852,mixture,92
mixture,0.005250000000000003,6819.929251252108,13645.858502504216,13660.581768341162,9.686175742305492,0.002353749900302949,0.13342154554840874,mixture,92
mixture,0.005000000000000003,6820.5355639479085,13647.071127895817,13661.794393732764,9.187590609454874,0.0023684514363972427,0.14060610113728672,mixture,92
mixture,0.0047500000000000025,6821.143051914468,13648.286103828936,13663.009369665882,8.700312659376653,0.0023828347547879027,0.14839220557831462,mixture,92
mixture,0.004500000000000002,6821.752285196033,13649.504570392066,13664.227836229013,8.22434147034693,0.0023968737716772866,0.1568483259721595,mixture,92
mixture,0.004250000000000002,6822.364186213682,13650.728372427364,13665.45163826431,7.760493155599196,0.002410482147023775,0.16603137572314877,mixture,92
mixture,0.004000000000000002,6822.980332515324,13651.960665030649,13666.683930867595,7.309718523658165,0.00242355008857965,0.17599514041674397,mixture,92
mixture,0.0037500000000000016,6823.6032691285745,13653.206538257149,13667.929804094096,6.872989446081419,0.0024359560609837853,0.18678918821482135,mixture,92
mixture,0.0035000000000000014,6824.236793400598,13654.473586801196,13669.196852638142,6.450489359751433,0.0024476229324614904,0.19848499916194018,mixture,92
mixture,0.003250000000000001,6824.886198225661,13655.772396451322,13670.49566228827,6.041801812191807,0.0024585154845127204,0.21118184899284811,mixture,92
mixture,0.003000000000000001,6825.558495559806,13657.116991119612,13671.840256956559,5.64553648174428,0.002468668167035018,0.22504087224127883,mixture,92
mixture,0.0025000000000000005,6827.01000200842,13660.02000401684,13674.743269853787,4.8810181657455765,0.0024871901348751456,0.25736171712793665,mixture,92
mixture,0.0027500000000000007,6827.181024221029,13660.362048442057,13675.085314279004,4.4259955394008035,0.0025487718000410946,0.29794943031227866,mixture,92
mixture,0.0022500000000000003,6827.937709970647,13661.875419941294,13676.59868577824,4.2407286369748,0.002521510637571877,0.29797756882267123,mixture,92
mixture,0.002,6828.6940124163575,13663.388024832715,13678.111290669662,4.148018655382574,0.0025031198467111754,0.2979980002851167,mixture,92
mixture,0.1,6835.201885566173,13676.403771132345,13691.127036969292,40.71287499795641,0.0026531405373181557,0.29784616740743636,mixture,92
mixture,0.15000000000000002,6835.4883544731965,13676.976708946393,13691.69997478334,59.38321823271494,0.0026534867357982652,0.29784606523598106,mixture,92
mixture,0.2,6835.635066466453,13677.270132932907,13691.993398769853,78.05400979993614,0.002653644056533826,0.29784603499955203,mixture,92
mixture,0.25,6835.724236090677,13677.448472181353,13692.1717380183,96.72498975460518,0.0026537331456854404,0.29784602386901865,mixture,92
mixture,0.3,6835.7841656318,13677.5683312636,13692.291597100546,115.39606428046015,0.0026537903201536697,0.29784601940763944,mixture,92
mixture,0.35000000000000003,6835.827211367845,13677.65442273569,13692.377688572637,134.067195041623,0.002653830028470579,0.2978460177305639,mixture,92
mixture,0.4,6835.859627218377,13677.719254436754,13692.4425202737,152.73835958069245,0.0026538592155663718,0.2978460172832628,mixture,92
mixture,0.45,6835.884917895299,13677.769835790597,13692.493101627544,171.40955192593884,0.0026538814818079515,0.29784601751495454,mixture,92
mixture,0.5,6835.905199989498,13677.810399978996,13692.533665815943,190.08078401283836,0.0026538987352245544,0.2978460181764905,mixture,92
null,,6835.997018246847,13673.994036493694,13678.901791772676,376.793136078626,0.002653976158926973,,mixture,92
sum,,6863.250906033576,13728.501812067152,13733.409567346134,548.7265890879346,0.0036448024203170077,,mixture,92
mixture,0.05,6718.232127801279,13442.464255602557,13457.187521439504,104.4748188340186,0.001589963192584687,0.013008789153973133,mixture,93
mixture,0.010000000000000007,6737.248722647222,13480.497445294444,13495.220711131391,79.28547132473702,0.0007150654412622934,0.015160625144514259,mixture,93
mixture,0.009750000000000007,6738.281409021929,13482.562818043858,13497.286083880805,78.78669229502168,0.0007051889409182632,0.015243853049592639,mixture,93
mixture,0.009500000000000007,6739.3733365280295,13484.746673056059,13499.469938893006,78.24947286953365,0.0006955212702083532,0.01533503625699193,mixture,93
mixture,0.008750000000000006,6743.501839846103,13493.003679692207,13507.726945529153,69.30990754517552,0.0007855601859841167,0.01704017253944364,mixture,93
mixture,0.009250000000000006,6744.340521012473,13494.681042024946,13509.404307861892,57.45110505424748,0.0010757696870820567,0.020280390212633823,mixture,93
mixture,0.008500000000000006,6744.433689540029,13494.867379080059,13509.590644917005,75.63704195776305,0.0006595562679314331,0.01580090016196089,mixture,93
mixture,0.009000000000000006,6745.559864902547,13497.119729805094,13511.84299564204,56.851117043020544,0.0010660341451412053,0.02047156456363766,mixture,93
mixture,0.008250000000000006,6745.901599334183,13497.803198668365,13512.526464505312,74.85618996308969,0.0006513512936443723,0.015947042796650147,mixture,93
mixture,0.008000000000000005,6747.464707007017,13500.929414014034,13515.65267985098,74.0173580631251,0.0006435467014193226,0.016107492099551292,mixture,93
mixture,0.007750000000000005,6749.131374328943,13504.262748657886,13518.986014494832,73.11809283702227,0.0006361400010343707,0.016283680832004738,mixture,93
mixture,0.007500000000000005,6750.910880111242,13507.821760222483,13522.54502605943,72.16237285770686,0.0006290987511942239,0.016475611504245185,mixture,93
mixture,0.007250000000000005,6752.813544247396,13511.627088494792,13526.350354331738,71.14092461109685,0.0006225205009651285,0.01668635417969759,mixture,93
mixture,0.0070000000000000045,6754.850871275604,13515.701742551208,13530.425008388154,70.05228831785072,0.0006164156466809171,0.016917586904367805,mixture,93
mixture,0.006750000000000004,6762.10843586593,13530.21687173186,13544.940137568807,25.808563738033904,0.0016487471716547127,0.04574122781045843,mixture,93
mixture,0.006500000000000004,6763.643626109645,13533.28725221929,13548.010518056237,24.205982535859075,0.001694539888435248,0.048772386450190885,mixture,93
mixture,0.006250000000000004,6765.216181409813,13536.432362819625,13551.155628656572,22.866405723453813,0.0017311006949522858,0.051607328611848975,mixture,93
mixture,0.006000000000000004,6766.837101596795,13539.67420319359,13554.397469030537,21.664050336278862,0.0017631918102344875,0.054432554878080325,mixture,93
mixture,0.005750000000000003,6768.514714039479,13543.029428078959,13557.752693915905,20.544985074938996,0.0017929044811084876,0.05734547375911711,mixture,93
mixture,0.005500000000000003,6770.256196894476,13546.512393788951,13561.235659625898,19.47978283430894,0.0018214603159650287,0.06041836256058047,mixture,93
mixture,0.005250000000000003,6772.068091994492,13550.136183988983,13564.85944982593,18.450643065825833,0.001849650511693896,0.06371591461245732,mixture,93
mixture,0.005000000000000003,6773.956472192725,13553.91294438545,13568.636210222397,17.44341032325567,0.0018782194943463243,0.0673147161766583,mixture,93
mixture,0.0047500000000000025,6775.926947587077,13557.853895174154,13572.5771610111,16.450959055927278,0.0019076342124341567,0.07128805783490227,mixture,93
mixture,0.004500000000000002,6777.984580027529,13561.969160055058,13576.692425892004,15.466331269990555,0.0019384255801706523,0.07573302626328063,mixture,93
mixture,0.004250000000000002,6780.133745204295,13566.26749040859,13580.990756245537,14.485553470550592,0.0019710348651836816,0.08076272941418994,mixture,93
mixture,0.004000000000000002,6782.377950655464,13570.755901310928,13585.479167147874,13.506849341773847,0.002005740230647737,0.0865141083147291,mixture,93
mixture,0.0037500000000000016,6784.719556590526,13575.439113181052,13590.162379017998,12.528981567477558,0.0020429743769765775,0.0931647462270857,mixture,93
mixture,0.0035000000000000014,6787.159190983966,13580.318381967933,13595.04164780488,11.549657890876293,0.0020832202459276582,0.10096694526450793,mixture,93
mixture,0.003250000000000001,6789.69434563247,13585.38869126494,13600.111957101886,10.567306328364426,0.0021271085332658975,0.11026714483309437,mixture,93
mixture,0.003000000000000001,6792.3160493684945,13590.632098736989,13605.355364573936,9.573638874329912,0.0021758607482719548,0.12166141654495595,mixture,93
mixture,0.0027500000000000007,6795.001447085639,13596.002894171277,13610.726160008224,8.553084363793872,0.0022317927781910795,0.1362197558604974,mixture,93
mixture,0.0025000000000000005,6797.699125212486,13601.398250424973,13616.12151626192,7.490292373749933,0.0022978278579562595,0.15580317997062018,mixture,93
mixture,0.0022500000000000003,6800.313148860932,13606.626297721865,13621.349563558811,6.3954347303213055,0.002374273591573434,0.18314811683915463,mixture,93
mixture,0.002,6802.746949064107,13611.493898128214,13626.21716396516,5.390770250735942,0.002447154599873065,0.21821388217336204,mixture,93
mixture,0.1,6809.888024367979,13625.776048735957,13640.499314572904,39.38377693137729,0.0027501920280937325,0.2977490563469121,mixture,93
mixture,0.15000000000000002,6810.145336841166,13626.290673682332,13641.013939519278,57.38834769945696,0.0027505981293661033,0.297748916902898,mixture,93
mixture,0.2,6810.277054734252,13626.554109468503,13641.27737530545,75.39332370014381,0.0027507858566468285,0.29774886732181866,mixture,93
mixture,0.25,6810.3570905860115,13626.714181172023,13641.43744700897,93.39846790257664,0.0027508934054111104,0.29774884426731923,mixture,93
mixture,0.3,6810.410872711232,13626.821745422463,13641.54501125941,111.403699463436,0.0027509629027883233,0.29774883180955314,mixture,93
mixture,0.35000000000000003,6810.449498583683,13626.898997167365,13641.622263004312,129.40898336701005,0.0027510114130084055,0.29774882440224304,mixture,93
mixture,0.4,6810.478583629782,13626.957167259565,13641.680433096511,147.4143026899898,0.002751047126129997,0.29774881972643125,mixture,93
mixture,0.45,6810.501274197944,13627.002548395889,13641.725814232836,165.41964933989823,0.0027510744437818225,0.2977488166766038,mixture,93
mixture,0.5,6810.51947020312,13627.03894040624,13641.762206243187,183.42506326546032,0.0027510952797553914,0.2977488151623687,mixture,93
null,,6810.601834488692,13623.203668977383,13628.111424256365,363.47873230603847,0.002751192603912873,,mixture,93
sum,,6841.445293859197,13684.890587718393,13689.798342997376,533.0707328928384,0.00375184731892241,,mixture,93
mixture,0.010000000000000007,6711.251127672623,13428.502255345245,13443.225521182192,70.5449918740719,0.0009150252290638016,0.01660618786459536,mixture,94
mixture,0.009500000000000007,6711.7377944907075,13429.475588981415,13444.198854818362,82.41072849652542,0.0006697240591423375,0.01451797212324469,mixture,94
mixture,0.009000000000000006,6714.614565003623,13435.229130007247,13449.952395844193,73.9480050268762,0.0007706615217427445,0.015914635533967582,mixture,94
mixture,0.008750000000000006,6715.808188619254,13437.616377238508,13452.339643075455,74.01392940576693,0.0007490908755701147,0.015902465016331635,mixture,94
mixture,0.008500000000000006,6716.702923391725,13439.40584678345,13454.129112620396,80.03733788160501,0.0006293876304268096,0.014902570300785888,mixture,94
mixture,0.008000000000000005,6719.690962880915,13445.38192576183,13460.105191598777,78.526822437032,0.0006112417906270665,0.015159222548962212,mixture,94
mixture,0.009250000000000006,6720.629719679955,13447.25943935991,13461.982705196857,58.49685629765012,0.001155073671289433,0.01962319928427219,mixture,94
mixture,0.009750000000000007,6720.723802371922,13447.447604743844,13462.17087058079,58.10730123247546,0.0012374372407177392,0.01971505449420916,mixture,94
mixture,0.007750000000000005,6721.338713512011,13448.677427024022,13463.400692860969,77.68450688791171,0.0006027180778757997,0.015306337187646445,mixture,94
mixture,0.007500000000000005,6723.101754037209,13452.203508074417,13466.926773911364,76.78036511387877,0.0005945968460473055,0.015467505989084408,mixture,94
mixture,0.007250000000000005,6724.991087473409,13455.982174946817,13470.705440783764,75.8150771357374,0.0005868597855919765,0.01564341941654666,mixture,94
mixture,0.006750000000000004,6731.163710860077,13468.327421720154,13483.0506875571,62.55635592156351,0.0007811001226265446,0.018422620090207644,mixture,94
mixture,0.0070000000000000045,6739.652987782991,13485.305975565981,13500.029241402928,48.25993397787655,0.0012046725590203217,0.023392652466098698,mixture,94
mixture,0.008250000000000006,6739.685535935994,13485.371071871989,13500.094337708935,19.39187405072689,0.0020657261786603434,0.064407208703677,mixture,94
mixture,0.006500000000000004,6745.788455138441,13497.576910276883,13512.30017611383,18.659604961900286,0.0020342391819365216,0.06424471462863704,mixture,94
mixture,0.006250000000000004,6747.055862236743,13500.111724473487,13514.834990310434,16.305763372598275,0.0021506887916441894,0.07416201051484539,mixture,94
mixture,0.006000000000000004,6748.190750465366,13502.381500930733,13517.10476676768,14.474094935955415,0.0022449058433005363,0.0842274588635559,mixture,94
mixture,0.005750000000000003,6749.206087107126,13504.412174214252,13519.1354400512,13.041932221201174,0.0023192291514839165,0.09412875008423645,mixture,94
mixture,0.005500000000000003,6750.126347342887,13506.252694685774,13520.975960522721,11.933375251452658,0.0023751033276582074,0.10340324540773108,mixture,94
mixture,0.005250000000000003,6750.977643904578,13507.955287809156,13522.678553646103,11.045091583734154,0.0024175768984106283,0.11210350821374496,mixture,94
mixture,0.005000000000000003,6751.780699239154,13509.561398478309,13524.284664315255,10.29994901790844,0.002451081062247605,0.12045957002669938,mixture,94
mixture,0.0047500000000000025,6752.551097381987,13511.102194763975,13525.825460600921,9.651106936543588,0.002478428556303554,0.1286755445496132,mixture,94
mixture,0.004500000000000002,6753.300974746202,13512.601949492404,13527.32521532935,9.06969352813044,0.0025013957753097994,0.13691945535193728,mixture,94
mixture,0.004250000000000002,6754.040386499538,13514.080772999076,13528.804038836022,8.536999570002672,0.0025211682098354423,0.14533795197416002,mixture,94
mixture,0.004000000000000002,6754.778262059001,13515.556524118001,13530.279789954948,8.040774690918042,0.002538514323576246,0.15405913617583142,mixture,94
mixture,0.0037500000000000016,6755.523106361917,13517.046212723833,13531.76947856078,7.572306788481457,0.002553969252052125,0.16321253866306776,mixture,94
mixture,0.0035000000000000014,6756.28358261257,13518.56716522514,13533.290431062087,7.1252110629444445,0.002567950738712628,0.17293572198622428,mixture,94
mixture,0.003250000000000001,6757.0690781644425,13520.138156328885,13534.861422165832,6.695000441953995,0.0025806953255730456,0.18337273634169537,mixture,94
mixture,0.003000000000000001,6757.890340902211,13521.780681804423,13536.50394764137,6.277525447338324,0.002592469186189097,0.19471410733748412,mixture,94
mixture,0.0027500000000000007,6758.760280138757,13523.520560277513,13538.24382611446,5.869205721159473,0.0026034781416799237,0.20720241849522683,mixture,94
mixture,0.0025000000000000005,6759.69505200895,13525.3901040179,13540.113369854847,5.468894623659373,0.0026137783760526384,0.22105631277321028,mixture,94
mixture,0.0022500000000000003,6760.71560994422,13527.43121988844,13542.154485725387,5.071096045047966,0.0026236592597136455,0.2367975335091711,mixture,94
mixture,0.002,6761.8499987862615,13529.699997572523,13544.42326340947,4.674344383635298,0.002633271195280342,0.25492787389426497,mixture,94
mixture,0.05,6778.162441237189,13562.324882474379,13577.048148311325,20.640259556034973,0.0028655922791976894,0.29763213250256343,mixture,94
mixture,0.1,6779.503539269737,13565.007078539475,13579.730344376421,37.91680774219743,0.0028659085448654456,0.2976329268622243,mixture,94
mixture,0.15000000000000002,6779.977004720064,13565.954009440127,13580.677275277074,55.19571217508593,0.002865885197922037,0.29763336076388636,mixture,94
mixture,0.2,6780.219023087574,13566.438046175148,13581.161312012095,72.47526792853236,0.002865846865188579,0.29763361275410866,mixture,94
mixture,0.25,6780.36597132694,13566.73194265388,13581.455208490826,89.75509909690565,0.002865814852282351,0.2976337757935162,mixture,94
mixture,0.3,6780.46467165262,13566.92934330524,13581.652609142187,107.03507389028269,0.0028657895945641957,0.2976338896329112,mixture,94
mixture,0.35000000000000003,6780.535535336965,13567.07107067393,13581.794336510877,124.31513661351659,0.0028657694985135935,0.29763397364573874,mixture,94
mixture,0.4,6780.588883234402,13567.177766468803,13581.90103230575,141.59526360032402,0.0028657531118743244,0.29763403834868196,mixture,94
mixture,0.45,6780.630492010339,13567.260984020679,13581.984249857625,158.86815879422934,0.0028658726789090715,0.2976312354506496,mixture,94
mixture,0.5,6780.663860108958,13567.327720217916,13582.050986054863,176.15429698007947,0.002865750240234606,0.2976339782524374,mixture,94
null,,6780.814837957541,13563.629675915083,13568.537431194065,348.9575282053747,0.0028656782535766423,,mixture,94
sum,,6812.113487159586,13626.226974319172,13631.134729598154,513.1719140904008,0.0038973294233083816,,mixture,94
mixture,0.010000000000000007,6729.908957879318,13465.817915758636,13480.541181595583,61.09928907184745,0.0010107609187329086,0.019333765240587344,mixture,95
mixture,0.009750000000000007,6731.099980913019,13468.199961826038,13482.923227662985,60.67461221750264,0.0010004749275175093,0.019443643554461987,mixture,95
mixture,0.009500000000000007,6732.349321685733,13470.698643371466,13485.421909208413,60.21412471905878,0.0009904621244779391,0.019566343318663314,mixture,95
mixture,0.009250000000000006,6733.766626414497,13473.533252828995,13488.256518665941,54.09827121951638,0.0010982255988431372,0.021691015233830515,mixture,95
mixture,0.009000000000000006,6735.039726150637,13476.079452301274,13490.80271813822,59.15337874085181,0.0009718002495172244,0.019862817771757732,mixture,95
mixture,0.008750000000000006,6736.490166416289,13478.980332832578,13493.703598669525,58.54422400473836,0.0009633152691830593,0.02004103891387714,mixture,95
mixture,0.008500000000000006,6738.017752143797,13482.035504287594,13496.758770124541,57.85897995268971,0.000955816935798107,0.020248717700883663,mixture,95
mixture,0.008250000000000006,6739.628330315131,13485.256660630263,13499.97992646721,57.087287675932174,0.0009495194059919564,0.020491260618781343,mixture,95
mixture,0.008000000000000005,6741.328269462638,13488.656538925276,13503.379804762222,56.204955787377266,0.0009449014169833448,0.020779889317171486,mixture,95
mixture,0.007750000000000005,6743.124471342287,13492.248942684573,13506.97220852152,55.190832592588116,0.0009424424944539859,0.02112630211699882,mixture,95
mixture,0.007500000000000005,6745.024338222754,13496.048676445507,13510.771942282454,54.0018044513938,0.0009430959322236074,0.021553000382162856,mixture,95
mixture,0.007250000000000005,6747.0356282497305,13500.071256499461,13514.794522336408,52.55013102119626,0.0009488149328693013,0.022105804009837693,mixture,95
mixture,0.0070000000000000045,6749.16596724599,13504.33193449198,13519.055200328927,50.67304082272621,0.0009634964459212347,0.02287605452470045,mixture,95
mixture,0.006750000000000004,6751.420778718604,13508.841557437208,13523.564823274155,47.74338675627603,0.0010023023337838697,0.024220357003681643,mixture,95
mixture,0.006500000000000004,6753.743322730805,13513.48664546161,13528.209911298556,33.43982719005359,0.0013738434148551212,0.03460638531972802,mixture,95
mixture,0.006250000000000004,6755.991515763217,13517.983031526433,13532.70629736338,27.7979408716532,0.0015584324307146213,0.041776141674745595,mixture,95
mixture,0.006000000000000004,6758.222927901939,13522.445855803879,13537.169121640825,24.228415581149346,0.0016873271349404535,0.0480832121785823,mixture,95
mixture,0.005750000000000003,6760.433485720728,13526.866971441455,13541.590237278402,21.211210317677686,0.0018085819930449148,0.05513832026248465,mixture,95
mixture,0.005500000000000003,6762.578827414691,13531.157654829381,13545.880920666328,18.10292495110109,0.0019540443215349517,0.06504995752581205,mixture,95
mixture,0.005250000000000003,6764.487622977846,13534.975245955691,13549.698511792638,13.771086005423275,0.002208596562933349,0.0873046385842641,mixture,95
mixture,0.005000000000000003,6765.852212422079,13537.704424844158,13552.427690681105,10.667683123429944,0.0024140364625015918,0.11574527301009696,mixture,95
mixture,0.0047500000000000025,6766.941222019366,13539.882444038733,13554.60570987568,9.374112935848895,0.002491838525349504,0.1332705775526898,mixture,95
mixture,0.004500000000000002,6767.913324697796,13541.826649395593,13556.54991523254,8.502159197511551,0.002539139610794949,0.14792184309507428,mixture,95
mixture,0.004250000000000002,6768.820911878571,13543.641823757142,13558.365089594088,7.8099291265227695,0.0025733399376133936,0.16169027698871175,mixture,95
mixture,0.004000000000000002,6769.691020988787,13545.382041977575,13560.105307814521,7.217725579167949,0.002600361507257315,0.1753682317153694,mixture,95
mixture,0.0037500000000000016,6770.540990759426,13547.081981518852,13561.805247355798,6.688870561268176,0.002622890686495729,0.1894317420561404,mixture,95
mixture,0.0035000000000000014,6771.383425913196,13548.766851826393,13563.49011766334,6.20202010511475,0.002642524875757665,0.20430425865689297,mixture,95
mixture,0.003250000000000001,6772.228132702074,13550.456265404147,13565.179531241094,5.743257500166906,0.002660313534037199,0.2204420259257271,mixture,95
mixture,0.003000000000000001,6773.0827452801805,13552.165490560361,13566.888756397308,5.302187819089714,0.0026771082284298784,0.23842687020806597,mixture,95
mixture,0.0027500000000000007,6774.2178578779585,13554.435715755917,13569.158981592864,4.352142047125629,0.0027419512906115815,0.2977570820507181,mixture,95
mixture,0.0025000000000000005,6774.86988815069,13555.73977630138,13570.463042138326,4.266372038948041,0.002727751207793493,0.29777309013674524,mixture,95
mixture,0.0022500000000000003,6775.777545255468,13557.555090510936,13572.278356347882,4.180649321780815,0.0027103328475258388,0.29779199830231257,mixture,95
mixture,0.002,6777.016339254595,13560.03267850919,13574.755944346136,4.069551112748984,0.0026922087419479837,0.3,mixture,95
mixture,0.05,6777.237197782788,13560.474395565576,13575.197661402522,20.611477355282563,0.0028703338372936915,0.2976282966369697,mixture,95
mixture,0.1,6777.910295919608,13561.820591839216,13576.543857676163,37.83608833888862,0.0028725589455354705,0.2976267303153137,mixture,95
mixture,0.15000000000000002,6778.15270229288,13562.30540458576,13577.028670422707,55.06204267230122,0.0028732267771343564,0.29762631118428107,mixture,95
mixture,0.2,6778.277529332334,13562.555058664668,13577.278324501614,72.2883706687059,0.0028735452764675033,0.2976261230759437,mixture,95
mixture,0.25,6778.353618982297,13562.707237964594,13577.43050380154,89.51485985901938,0.0028737310550696732,0.2976260175556785,mixture,95
mixture,0.3,6778.404850811351,13562.809701622702,13577.532967459649,106.74143114169942,0.0028738526491909533,0.2976259503437775,mixture,95
mixture,0.35000000000000003,6778.441695136222,13562.883390272444,13577.60665610939,123.96805803064348,0.0028739381907817462,0.2976259040958946,mixture,95
mixture,0.4,6778.4694662052425,13562.938932410485,13577.662198247432,141.1947264370496,0.0028740014901398317,0.2976258705382004,mixture,95
mixture,0.45,6778.491147958327,13562.982295916654,13577.7055617536,158.42081820996424,0.0028740613206854676,0.29762573347009996,mixture,95
mixture,0.5,6778.508545475754,13563.017090951507,13577.740356788454,175.6479712405498,0.0028740916318942635,0.2976258057931876,mixture,95
null,,6778.587409837028,13559.174819674055,13564.082574953038,347.9149684077183,0.0028742655269379195,,mixture,95
sum,,6807.216599770867,13616.433199541734,13621.340954820716,510.76891626114354,0.003915665061687993,,mixture,95
mixture,0.010000000000000007,6695.08526219656,13396.17052439312,13410.893790230066,55.20411730235836,0.0011311375126069896,0.02135302276374206,mixture,96
mixture,0.009750000000000007,6696.037574825526,13398.075149651051,13412.798415487998,54.76296114602474,0.0011218077053138959,0.021493703541823,mixture,96
mixture,0.009500000000000007,6697.040809437711,13400.081618875422,13414.804884712368,54.309373814615654,0.0011123623950045195,0.021641289551981822,mixture,96
mixture,0.009250000000000006,6698.098560740601,13402.197121481202,13416.920387318149,53.83532534858779,0.0011029569510043274,0.02179926567667578,mixture,96
mixture,0.009000000000000006,6699.214768267988,13404.429536535976,13419.152802372922,53.34091711332429,0.0010935803477138712,0.02196800073076838,mixture,96
mixture,0.008750000000000006,6700.393757300431,13406.787514600863,13421.51078043781,52.822463680984974,0.0010842836153632047,0.022149541516687823,mixture,96
mixture,0.008500000000000006,6701.681459834681,13409.362919669362,13424.086185506309,50.37899293744519,0.0011257202164805644,0.023150595855974034,mixture,96
mixture,0.008250000000000006,6702.959595660949,13411.919191321898,13426.642457158845,51.70102203548184,0.0010661768706554942,0.022558694393833015,mixture,96
mixture,0.008000000000000005,6704.357474665688,13414.714949331375,13429.438215168322,51.08902207956426,0.00105752640176006,0.022791918518031182,mixture,96
mixture,0.007750000000000005,6705.840320045718,13417.680640091436,13432.403905928382,50.434124676236664,0.0010493256811479716,0.023049621550373933,mixture,96
mixture,0.007500000000000005,6707.415213223592,13420.830426447184,13435.553692284131,49.73416485721655,0.0010416326711907313,0.023334312229500175,mixture,96
mixture,0.007250000000000005,6709.089999097571,13424.179998195143,13438.90326403209,48.97570652939848,0.0010347340774979463,0.023654321439844184,mixture,96
mixture,0.0070000000000000045,6710.873370238488,13427.746740476976,13442.470006313923,48.149700192180845,0.0010288534142932015,0.02401682780774716,mixture,96
mixture,0.006750000000000004,6712.774950466006,13431.549900932012,13446.273166768959,47.24001273979923,0.0010243981979525785,0.02443372659161826,mixture,96
mixture,0.006500000000000004,6714.805368927662,13435.610737855324,13450.334003692271,46.23569000659991,0.0010216853827426028,0.02491620205398308,mixture,96
mixture,0.006250000000000004,6716.976305090354,13439.952610180708,13454.675876017654,45.109034850337196,0.001021492177730708,0.025486954887201898,mixture,96
mixture,0.006000000000000004,6719.300469920784,13444.600939841568,13459.324205678515,43.8285931297293,0.0010247786951112904,0.02617603164548347,mixture,96
mixture,0.005750000000000003,6721.791456779066,13449.582913558132,13464.306179395078,42.350142877708805,0.0010329999580142798,0.02702953919279034,mixture,96
mixture,0.005500000000000003,6724.463355424621,13454.926710849242,13469.649976686189,40.625329607456784,0.0010480548328399653,0.028111077561446592,mixture,96
mixture,0.005250000000000003,6727.330024845021,13460.660049690043,13475.38331552699,38.591624923564844,0.001072697573862048,0.02952006272023094,mixture,96
mixture,0.005000000000000003,6730.404236407874,13466.808472815748,13481.531738652695,36.24187633257265,0.0011088968333577865,0.03135547947799352,mixture,96
mixture,0.0047500000000000025,6733.6978366242765,13473.395673248553,13488.1189390855,33.65209371406672,0.001156600364687659,0.03368564055782926,mixture,96
mixture,0.004500000000000002,6737.223781151159,13480.447562302317,13495.170828139264,30.96997619847774,0.0012131375905129465,0.03651792295661654,mixture,96
mixture,0.004250000000000002,6740.996201096382,13487.992402192764,13502.71566802971,28.228133240849186,0.001279217308607308,0.039980664412399315,mixture,96
mixture,0.004000000000000002,6745.455742253638,13496.911484507276,13511.634750344223,13.465284827052303,0.0020772031082956907,0.08631134527298132,mixture,96
mixture,0.0037500000000000016,6747.63400264526,13501.26800529052,13515.991271127466,11.029912120122624,0.0022417377904009176,0.10646992210229961,mixture,96
mixture,0.0035000000000000014,6749.622031449202,13505.244062898404,13519.96732873535,9.819519906863135,0.002313702785566235,0.11996205710705435,mixture,96
mixture,0.003250000000000001,6751.553651664171,13509.107303328343,13523.83056916529,8.893000515959496,0.0023644614907369515,0.132573333115569,mixture,96
mixture,0.003000000000000001,6753.485945909897,13512.971891819794,13527.69515765674,8.107825579304775,0.0024045943527709326,0.14533074545827437,mixture,96
mixture,0.0027500000000000007,6755.4608844420345,13516.921768884069,13531.645034721016,7.408715486086703,0.002438224311267508,0.1587763938304075,mixture,96
mixture,0.0025000000000000005,6757.518073502286,13521.036147004572,13535.759412841518,6.767058691011564,0.0024674632590003997,0.17336150931709904,mixture,96
mixture,0.0022500000000000003,6759.701021928258,13525.402043856517,13540.125309693463,6.163302730999252,0.002493867575324309,0.18964702566858488,mixture,96
mixture,0.002,6762.062365173029,13530.124730346059,13544.847996183005,5.588468607704867,0.0025179238489420296,0.20816979201531075,mixture,96
mixture,0.05,6775.422141261026,13556.844282522052,13571.567548358998,20.57326685980169,0.0028766563791281,0.29762124552708313,mixture,96
mixture,0.1,6776.393741151697,13558.787482303394,13573.510748140341,37.769071742250304,0.002878104514413433,0.29762083145240054,mixture,96
mixture,0.15000000000000002,6776.737258946996,13559.474517893992,13574.197783730939,54.96647968744648,0.002878498760593616,0.29762081451107425,mixture,96
mixture,0.2,6776.912953260989,13559.825906521977,13574.549172358924,72.16433215876104,0.0028786774922415327,0.29762083118117116,mixture,96
mixture,0.25,6777.019664361467,13560.039328722934,13574.762594559881,89.36237271774169,0.0028787785069741894,0.2976208496884223,mixture,96
mixture,0.3,6777.091352950552,13560.182705901105,13574.905971738051,106.56051326133417,0.0028788430930165977,0.2976208657762418,mixture,96
mixture,0.35000000000000003,6777.142830154533,13560.285660309066,13575.008926146013,123.75871494566917,0.0028788877807517806,0.2976208792400959,mixture,96
mixture,0.4,6777.181587360386,13560.363174720773,13575.08644055772,140.95696542284924,0.0028789202870579253,0.2976208906402295,mixture,96
mixture,0.45,6777.211820053824,13560.423640107649,13575.146905944595,158.15290130876826,0.0028789882774139823,0.29762024639172646,mixture,96
mixture,0.5,6777.236063793398,13560.472127586796,13575.195393423743,175.35338309687492,0.0028789671812700676,0.2976208815850436,mixture,96
null,,6777.345780849646,13556.691561699292,13561.599316978274,347.33629449847183,0.002879054149650346,,mixture,96
sum,,6809.100685432108,13620.201370864215,13625.109126143197,511.48371348807075,0.003910192929430676,,mixture,96
mixture,0.010000000000000007,6680.017899968232,13366.035799936464,13380.75906577341,77.91769003280724,0.0007956460001260006,0.015149362036599171,mixture,97
mixture,0.009750000000000007,6681.063591639027,13368.127183278055,13382.850449115002,77.72888959892285,0.0007812983089090843,0.0151763239980513,mixture,97
mixture,0.009500000000000007,6682.166443696283,13370.332887392566,13385.056153229512,77.46541974255454,0.0007675967354136542,0.015217594825313199,mixture,97
mixture,0.009250000000000006,6683.331107257311,13372.662214514621,13387.385480351568,77.13080830404438,0.0007544941857169356,0.015272632292603772,mixture,97
mixture,0.009000000000000006,6684.56268048414,13375.12536096828,13389.848626805227,76.70181180140173,0.0007422342638775826,0.01534619687918007,mixture,97
mixture,0.008750000000000006,6685.866751088174,13377.733502176348,13392.456768013295,76.18690132115256,0.0007307358847458642,0.015436984461853777,mixture,97
mixture,0.008500000000000006,6687.249442537175,13380.49888507435,13395.222150911297,75.58365669791502,0.0007199907894745345,0.015546125238405513,mixture,97
mixture,0.008250000000000006,6688.717469838875,13383.43493967775,13398.158205514697,74.88309067966884,0.0007101348470901182,0.015675980814849392,mixture,97
mixture,0.008000000000000005,6690.278205095168,13386.556410190336,13401.279676027283,74.08565857538225,0.0007011364345338317,0.01582752816418482,mixture,97
mixture,0.007750000000000005,6691.939754148093,13389.879508296186,13404.602774133133,73.19305851531742,0.0006929764423177407,0.016001601780466182,mixture,97
mixture,0.007500000000000005,6693.711047284988,13393.422094569976,13408.145360406923,72.20204141885452,0.0006857142396061157,0.0162002357143084,mixture,97
mixture,0.007250000000000005,6697.6795656883605,13401.359131376721,13416.082397213668,32.02506019143439,0.0015513642404610076,0.03629566123707175,mixture,97
mixture,0.0070000000000000045,6699.3590573430465,13404.718114686093,13419.44138052304,29.375884696241204,0.0016278855378134122,0.039599888680955986,mixture,97
mixture,0.006750000000000004,6701.082174999719,13408.164349999439,13422.887615836386,27.536129014461082,0.0016778408080827046,0.0422424071384888,mixture,97
mixture,0.006500000000000004,6702.862575499352,13411.725150998704,13426.44841683565,25.96790328982077,0.0017196570459595034,0.044776294588625885,mixture,97
mixture,0.006250000000000004,6704.708315281207,13415.416630562415,13430.139896399362,24.537339371429795,0.001758070112986559,0.04736133654744695,mixture,97
mixture,0.006000000000000004,6706.6254011986,13419.2508023972,13433.974068234147,23.18275373721882,0.0017954546892956396,0.05009832715751194,mixture,97
mixture,0.005750000000000003,6708.618289098809,13423.236578197619,13437.959844034565,21.866463123898704,0.0018335267924194524,0.053082069026403216,mixture,97
mixture,0.005500000000000003,6710.689558742882,13427.379117485763,13442.10238332271,20.560842112834692,0.001873831942923271,0.05642335411745893,mixture,97
mixture,0.005250000000000003,6712.838984440635,13431.67796888127,13446.401234718216,19.242393647115552,0.001918043856253547,0.06026877557058201,mixture,97
mixture,0.3,6712.944773048397,13431.889546096794,13446.61281193374,156.05108907141923,0.0026582216313853625,0.01620607373765297,mixture,97
mixture,0.005000000000000003,6715.061870326483,13436.123740652965,13450.847006489912,17.88953208676574,0.0019681165670659153,0.06482493422446789,mixture,97
mixture,0.0047500000000000025,6717.346370758315,13440.69274151663,13455.416007353577,16.48256067977718,0.0020263688425634046,0.07039306706268315,mixture,97
mixture,0.004500000000000002,6719.669502165998,13445.339004331996,13460.062270168943,15.00417089183861,0.002095526128050065,0.0774302109883699,mixture,97
mixture,0.004250000000000002,6721.991915113696,13449.983830227393,13464.70709606434,13.449816635874958,0.002178068909746134,0.08659789891690862,mixture,97
mixture,0.004000000000000002,6724.253179672897,13454.506359345794,13469.229625182741,11.83970716902106,0.0022747836939358934,0.0987967995856374,mixture,97
mixture,0.0037500000000000016,6726.375200123657,13458.750400247314,13473.473666084261,10.250556689851177,0.0023808254100979344,0.11483524127412631,mixture,97
mixture,0.0035000000000000014,6728.290451015897,13462.580902031794,13477.30416786874,8.825798999647024,0.00248219641366016,0.13437602328762518,mixture,97
mixture,0.003250000000000001,6729.99142267587,13465.98284535174,13480.706111188687,7.6926386318269255,0.002562559895868609,0.15515126497944043,mixture,97
mixture,0.003000000000000001,6731.535470979999,13469.070941959999,13483.794207796946,6.833293742123059,0.0026192207494314286,0.17528391608718158,mixture,97
mixture,0.0027500000000000007,6732.996609844141,13471.993219688282,13486.716485525229,6.157037154556922,0.002658974361615009,0.19466878702750998,mixture,97
mixture,0.0025000000000000005,6734.4393654939795,13474.878730987959,13489.601996824906,5.592502999202354,0.0026879894030437334,0.21394378070474468,mixture,97
mixture,0.0022500000000000003,6735.92030342185,13477.8406068437,13492.563872680646,5.09613643510413,0.0027101843482903996,0.2338877858849407,mixture,97
mixture,0.002,6737.495906389699,13480.991812779397,13495.715078616344,4.641223913017523,0.0027279774604885352,0.25536836335148233,mixture,97
mixture,0.05,6747.682475700035,13501.36495140007,13516.088217237017,19.950883450492196,0.002983692858396131,0.29751405913049056,mixture,97
mixture,0.1,6748.71587055612,13503.43174111224,13518.155006949186,36.52502835907328,0.002985078339123555,0.2975137745898923,mixture,97
mixture,0.15000000000000002,6749.080624199378,13504.161248398756,13518.884514235702,53.100788497846,0.0029854442693118205,0.29751381398919147,mixture,97
mixture,0.2,6749.267029964848,13504.534059929696,13519.257325766643,69.67699413070805,0.0029856074113435204,0.2975138613792,mixture,97
mixture,0.25,6749.380193696226,13504.760387392453,13519.4836532294,86.25338977936185,0.0029856985343923383,0.29751389923297444,mixture,97
mixture,0.35000000000000003,6749.510747977333,13505.021495954667,13519.744761791613,119.39916762233833,0.0029859821327864015,0.2975097309095362,mixture,97
mixture,0.4,6749.551827017639,13505.103654035278,13519.826919872225,135.982150104331,0.002985844782065371,0.2975137587641837,mixture,97
mixture,0.45,6749.583862593387,13505.167725186773,13519.89099102372,152.5581550868965,0.0029858767761791693,0.29751379935730676,mixture,97
mixture,0.5,6749.609548162896,13505.219096325793,13519.94236216274,169.13606890585606,0.002985868323383609,0.2975139679549821,mixture,97
null,,6749.725763825269,13501.451527650537,13506.35928292952,334.90237828385926,0.0029859447553770785,,mixture,97
sum,,6782.599486809908,13567.198973619816,13572.106728898798,494.67184517164435,0.004043084358896608,,mixture,97
mixture,0.010000000000000007,6707.447592167755,13420.89518433551,13435.618450172457,67.46807372787819,0.0009853211054710281,0.01727173027544195,mixture,98
mixture,0.009750000000000007,6707.946878978888,13421.893757957776,13436.617023794723,70.43579762635665,0.0009064771866569398,0.016592696076893402,mixture,98
mixture,0.009500000000000007,6708.993738505593,13423.987477011186,13438.710742848132,71.29751767821855,0.0008710235053366129,0.016401502537730196,mixture,98
mixture,0.009250000000000006,6710.026533663934,13426.053067327868,13440.776333164815,73.2539749275576,0.0008170575445677114,0.0159971613406177,mixture,98
mixture,0.009000000000000006,6713.5819559160045,13433.163911832009,13447.887177668956,62.246832375882995,0.0010152110797156117,0.018564421038480182,mixture,98
mixture,0.008500000000000006,6714.152019523879,13434.304039047758,13449.027304884705,77.07179215076812,0.0006963957056246447,0.015285336784821439,mixture,98
mixture,0.008750000000000006,6716.610712694329,13439.221425388658,13453.944691225604,58.227187968337866,0.0010928961482324668,0.019737783561023837,mixture,98
mixture,0.007750000000000005,6719.3717623341745,13444.743524668349,13459.466790505296,74.42588328830935,0.0006731227657245947,0.015771935069551535,mixture,98
mixture,0.008250000000000006,6720.991870105347,13447.983740210693,13462.70700604764,55.06398872836929,0.0011279639497264835,0.02076966604876706,mixture,98
mixture,0.007500000000000005,6721.336507920574,13448.673015841148,13463.396281678095,73.42560521749185,0.0006660977328297927,0.015965319623765722,mixture,98
mixture,0.008000000000000005,6723.316756938531,13452.633513877063,13467.35677971401,53.57306086965782,0.001143268757301738,0.0212987144027425,mixture,98
mixture,0.007250000000000005,6723.43054976218,13452.86109952436,13467.584365361306,72.3651345436581,0.0006594481341556132,0.016176182417283493,mixture,98
mixture,0.006750000000000004,6728.05559914878,13462.11119829756,13476.834464134507,70.05589684547121,0.0006472963353516382,0.016657468959681523,mixture,98
mixture,0.0070000000000000045,6735.343978395349,13476.687956790698,13491.411222627645,46.408600554545934,0.0012527719088516183,0.024325719932085467,mixture,98
mixture,0.006500000000000004,6741.888912241746,13489.777824483492,13504.501090320438,14.576296033407054,0.002318886314665859,0.08438638424916686,mixture,98
mixture,0.006250000000000004,6742.918054994631,13491.836109989263,13506.55937582621,12.997343450400862,0.0024044035410149102,0.09557175837797165,mixture,98
mixture,0.006000000000000004,6743.853790297815,13493.70758059563,13508.430846432577,11.890717646004356,0.002461131760687272,0.10515386323994988,mixture,98
mixture,0.005750000000000003,6744.729254524157,13495.458509048314,13510.18177488526,11.01522461352622,0.0025038058848283707,0.1140362254519713,mixture,98
mixture,0.005500000000000003,6745.563228905362,13497.126457810724,13511.84972364767,10.27433171163326,0.0025380653309975275,0.12266682010993707,mixture,98
mixture,0.005250000000000003,6746.368162945162,13498.736325890324,13513.45959172727,9.621121971308698,0.002566850940276056,0.13130601737830297,mixture,98
mixture,0.005000000000000003,6747.153114868575,13500.30622973715,13515.029495574097,9.03252003085269,0.00259163464376547,0.14007700660713368,mixture,98
mixture,0.0047500000000000025,6747.925134930445,13501.85026986089,13516.573535697837,8.489006528283028,0.002613663284939861,0.1491763499667342,mixture,98
mixture,0.004500000000000002,6748.690021534234,13503.380043068468,13518.103308905414,7.980613849243098,0.0026335612892334228,0.15872380625032728,mixture,98
mixture,0.004250000000000002,6749.4527871191385,13504.905574238277,13519.628840075224,7.4994374742481815,0.0026518484926901843,0.16886329384468157,mixture,98
mixture,0.004000000000000002,6750.217974939358,13506.435949878716,13521.159215715663,7.039779455434202,0.0026688958315028645,0.1797498992383288,mixture,98
mixture,0.0037500000000000016,6750.989894908108,13507.979789816216,13522.703055653163,6.597334330197539,0.0026850003395464178,0.1915612500879013,mixture,98
mixture,0.0035000000000000014,6751.772806835266,13509.545613670532,13524.26887950748,6.168742714152219,0.0027003859874343028,0.204509607903788,mixture,98
mixture,0.003250000000000001,6752.571051043148,13511.142102086296,13525.865367923243,5.751164934234721,0.0027152653052765086,0.21886253669896247,mixture,98
mixture,0.003000000000000001,6753.389097210018,13512.778194420036,13527.501460256983,5.341914362707267,0.0027298539691774895,0.23497777430586506,mixture,98
mixture,0.0027500000000000007,6754.231444453113,13514.462888906226,13529.186154743173,4.9383483951102125,0.002744360487238098,0.25334747343083264,mixture,98
mixture,0.0025000000000000005,6755.218595702478,13516.437191404955,13531.160457241902,4.246784071391296,0.0027895244426831855,0.297710186577122,mixture,98
mixture,0.0022500000000000003,6756.005685162685,13518.01137032537,13532.734636162317,4.162998560481568,0.0027715896301232566,0.2977300540458644,mixture,98
mixture,0.002,6757.125323280354,13520.250646560708,13534.973912397654,4.053230879268517,0.0027526816836160087,0.3,mixture,98
mixture,0.05,6760.3517399152815,13526.703479830563,13541.42674566751,20.227651670524505,0.002935124402233901,0.2975632464380933,mixture,98
mixture,0.1,6761.198504808959,13528.397009617918,13543.120275454865,37.0736313734874,0.002936939173416009,0.29756221685093653,mixture,98
mixture,0.15000000000000002,6761.501431051845,13529.00286210369,13543.726127940638,53.92128120105215,0.0029374480028245527,0.2975620035988508,mixture,98
mixture,0.2,6761.65703345613,13529.31406691226,13544.037332749207,70.76939797821277,0.0029376822721378206,0.2975619241371997,mixture,98
mixture,0.25,6761.751756132866,13529.503512265732,13544.226778102679,87.61771489904658,0.002937815926976653,0.2975618857175476,mixture,98
mixture,0.3,6761.815480565438,13529.630961130875,13544.354226967822,104.46613860821395,0.0029379019594701536,0.2975618641880079,mixture,98
mixture,0.35000000000000003,6761.861278629574,13529.722557259149,13544.445823096095,121.31012672647273,0.002938073377581009,0.29755869381094097,mixture,98
mixture,0.4,6761.895791014971,13529.791582029942,13544.514847866889,138.1604714147216,0.00293806386562286,0.2975611760988082,mixture,98
mixture,0.45,6761.922725162811,13529.845450325622,13544.568716162568,155.01064830039718,0.0029380599737999637,0.29756169754742684,mixture,98
mixture,0.5,6761.944331273952,13529.888662547904,13544.611928384851,171.86009215313555,0.0029380695659141855,0.2975618086937067,mixture,98
null,,6762.0422134185865,13526.084426837173,13530.992182116155,340.3458264225284,0.0029381879322901766,,mixture,98
sum,,6793.314682485704,13588.629364971408,13593.53712025039,501.3147259050857,0.003989509776297019,,mixture,98
mixture,0.05,6734.57024879155,13475.1404975831,13489.863763420046,105.61954095872593,0.0015537285005057723,0.012935925982772427,mixture,99
mixture,0.010000000000000007,6757.611837413374,13521.223674826748,13535.946940663694,76.74892479208484,0.0007270370409056713,0.015715665848542715,mixture,99
mixture,0.009750000000000007,6758.7328474627975,13523.465694925595,13538.188960762542,75.97977980038499,0.0007207757124693883,0.015856003138528103,mixture,99
mixture,0.009500000000000007,6760.642588308374,13527.285176616748,13542.008442453694,62.361252204216086,0.0009289998837038473,0.018998679840893977,mixture,99
mixture,0.009250000000000006,6761.632101707152,13529.264203414305,13543.987469251251,64.00837723348795,0.0008778543695558093,0.018528623632008016,mixture,99
mixture,0.009000000000000006,6762.479855740108,13530.959711480216,13545.682977317163,73.2809033856367,0.0007054958314006821,0.01637369212860944,mixture,99
mixture,0.008750000000000006,6763.87258011374,13533.74516022748,13548.468426064426,72.25863900004012,0.0007014860463381365,0.0165802127882919,mixture,99
mixture,0.008500000000000006,6765.346078876268,13536.692157752535,13551.415423589482,71.17413715159363,0.0006980476957768855,0.01680584847505342,mixture,99
mixture,0.008250000000000006,6766.906428374472,13539.812856748944,13554.53612258589,70.02578859343497,0.0006952267521206704,0.017052344935895948,mixture,99
mixture,0.008000000000000005,6768.56026827381,13543.12053654762,13557.843802384567,68.80705111786392,0.000693085316938905,0.01732313531677272,mixture,99
mixture,0.007750000000000005,6770.314869025295,13546.62973805059,13561.353003887536,67.52249107245379,0.0006916325607331591,0.017618976485700738,mixture,99
mixture,0.007500000000000005,6772.17820646761,13550.35641293522,13565.079678772167,66.16896843839244,0.0006909205604438914,0.017943053382602932,mixture,99
mixture,0.007250000000000005,6774.159048428664,13554.318096857329,13569.041362694275,64.74283857506259,0.0006910385720034445,0.01829907243692489,mixture,99
mixture,0.0070000000000000045,6776.267052345487,13558.534104690974,13573.257370527921,63.24128589084357,0.0006920675789984684,0.018691178296164703,mixture,99
mixture,0.006750000000000004,6778.512875310089,13563.025750620178,13577.749016457125,61.65868190900299,0.0006941497998942736,0.01912503109712695,mixture,99
mixture,0.006500000000000004,6781.4352047329285,13568.870409465857,13583.593675302804,50.98981604362435,0.0008781916809597637,0.02279284354953448,mixture,99
mixture,0.006250000000000004,6786.753564869002,13579.507129738004,13594.23039557495,35.26331733126741,0.001296295885846606,0.032644165336624245,mixture,99
mixture,0.006000000000000004,6789.114918276588,13584.229836553175,13598.953102390122,20.232919865079793,0.0018097679807011953,0.05875545627916903,mixture,99
mixture,0.005750000000000003,6790.7095806407615,13587.419161281523,13602.14242711847,17.738894170329633,0.0019201460005021337,0.06743270026031241,mixture,99
mixture,0.005500000000000003,6792.221229571259,13590.442459142518,13605.165724979464,16.033843318346946,0.001994845547044938,0.07490544948031236,mixture,99
mixture,0.005250000000000003,6793.675846957548,13593.351693915096,13608.074959752043,14.620892703816745,0.002057372796868781,0.08242126132014306,mixture,99
mixture,0.005000000000000003,6795.081770464198,13596.163540928395,13610.886806765342,13.386249838314363,0.0021127745891357866,0.09029289207772537,mixture,99
mixture,0.0047500000000000025,6796.443609988728,13598.887219977456,13613.610485814403,12.28638171236771,0.002162605091889325,0.0986376882910703,mixture,99
mixture,0.004500000000000002,6797.766406495265,13601.53281299053,13616.256078827477,11.30662738238161,0.002207043053504022,0.10741607679273914,mixture,99
mixture,0.004250000000000002,6799.056931974001,13604.113863948001,13618.837129784948,10.424830796980933,0.0022467315097849183,0.11669135849528678,mixture,99
mixture,0.004000000000000002,6800.323516550597,13606.647033101193,13621.37029893814,9.626194279845713,0.0022819383383429937,0.12650352268371992,mixture,99
mixture,0.0037500000000000016,6801.575472004619,13609.150944009238,13623.874209846184,8.896034343119126,0.0023135277570698054,0.1369390752409191,mixture,99
mixture,0.0035000000000000014,6802.822731810723,13611.645463621446,13626.368729458392,8.222436535310301,0.0023419177085024986,0.14811380083291062,mixture,99
mixture,0.003250000000000001,6804.075974981889,13614.151949963778,13628.875215800725,7.594445565010159,0.002367689956373775,0.16020284478484062,mixture,99
mixture,0.003000000000000001,6805.347262029175,13616.69452405835,13631.417789895297,7.004844181592105,0.0023911800362579477,0.17338426324864398,mixture,99
mixture,0.0027500000000000007,6806.651194467353,13619.302388934706,13634.025654771653,6.448655995239762,0.0024125305914852123,0.18784939529494202,mixture,99
mixture,0.0025000000000000005,6808.00660641421,13622.01321282842,13636.736478665367,5.921198821283973,0.0024319377970807824,0.20385382843256028,mixture,99
mixture,0.0022500000000000003,6809.438814209419,13624.877628418839,13639.600894255786,5.4183264952687535,0.00244952233244907,0.22173305941627833,mixture,99
mixture,0.002,6810.982542081601,13627.965084163203,13642.68835000015,4.934799175254059,0.0024655437965195,0.24202041351591663,mixture,99
mixture,0.1,6821.452684998892,13648.905369997785,13663.628635834732,39.98176944163181,0.0027056613151531248,0.29779349354802015,mixture,99
mixture,0.15000000000000002,6821.753131760494,13649.506263520989,13664.229529357935,58.28701657413838,0.0027059845312585786,0.2977934705693705,mixture,99
mixture,0.2,6821.906464993603,13649.812929987205,13664.536195824152,76.59267272508258,0.0027061311802782425,0.29779347923559774,mixture,99
mixture,0.25,6821.999482070019,13649.998964140039,13664.722229976986,94.89849691729455,0.002706214254139373,0.29779349110152786,mixture,99
mixture,0.3,6822.061922501198,13650.123845002396,13664.847110839342,113.20440796342598,0.0027062675197179814,0.29779350189873394,mixture,99
mixture,0.35000000000000003,6822.106734632606,13650.213469265213,13664.93673510216,131.51036804846524,0.002706304542169378,0.29779351101816154,mixture,99
mixture,0.4,6822.140460221829,13650.280920443658,13665.004186280605,149.81636378534648,0.0027063316572269974,0.29779351874925325,mixture,99
mixture,0.45,6822.166760554572,13650.333521109143,13665.05678694609,168.12238437238474,0.0027063523428829863,0.29779352530842856,mixture,99
mixture,0.5,6822.187844632275,13650.37568926455,13665.098955101497,186.42845419174498,0.002706368170607419,0.29779353112821944,mixture,99
null,,6822.283207634755,13646.56641526951,13651.474170548492,369.48895865591845,0.0027064408193351085,,mixture,99
sum,,6852.67552706343,13707.35105412686,13712.258809405843,540.1663623731089,0.003702563023757005,,mixture,99
