model,w1,NLL,AIC,BIC,mean,phi1,phi2,distribution,iteration
mixture,0.005250000000000003,2886.458898129683,5778.917796259366,5791.171294498591,27.585125208762527,0.0014519405683064608,0.041501047121056484,mixture,0
mixture,0.005500000000000003,2886.472516923875,5778.94503384775,5791.198532086975,28.249199377876426,0.0014571068984032046,0.04063396930810938,mixture,0
mixture,0.005000000000000003,2886.472738382936,5778.945476765872,5791.198975005097,26.892605740847515,0.0014471836902451463,0.042453117207246274,mixture,0
mixture,0.005750000000000003,2886.510229301788,5779.020458603576,5791.273956842801,28.887648719647537,0.0014625786433913885,0.03983974155058461,mixture,0
mixture,0.0047500000000000025,2886.5179416337833,5779.0358832675665,5791.289381506792,26.168484551084102,0.0014429626535105576,0.043505066138996344,mixture,0
mixture,0.006000000000000004,2886.569124692926,5779.138249385852,5791.391747625077,29.50303121302843,0.0014682693946632055,0.039108318285893076,mixture,0
mixture,0.004500000000000002,2886.5990523119517,5779.198104623903,5791.451602863129,25.409091798617393,0.0014394460777095632,0.04467553506785025,mixture,0
mixture,0.006250000000000004,2886.6466781849394,5779.293356369879,5791.546854609104,30.097184362573344,0.0014741251466722917,0.03843196572575809,mixture,0
mixture,0.004250000000000002,2886.7213822268423,5779.4427644536845,5791.69626269291,24.6105464262437,0.0014368250555113397,0.045987472657133245,mixture,0
mixture,0.006500000000000004,2886.7406928902665,5779.481385780533,5791.734884019758,30.67230412724471,0.0014800821999231756,0.03780347013954162,mixture,0
mixture,0.006750000000000004,2886.84925171928,5779.69850343856,5791.952001677785,31.229859811601287,0.0014861051416027392,0.037217400458356226,mixture,0
mixture,0.004000000000000002,2886.8911739298,5779.7823478596,5792.0358460988255,23.769180714598846,0.0014353023065585896,0.04746855494088362,mixture,0
mixture,0.0070000000000000045,2886.97067698617,5779.94135397234,5792.194852211565,31.77148662055299,0.0014921564404089577,0.036668736502320304,mixture,0
mixture,0.007250000000000005,2887.103496436325,5780.20699287265,5792.460491111875,32.29827400503316,0.0014982144987759724,0.036153664483514335,mixture,0
mixture,0.0037500000000000016,2887.1158230849715,5780.231646169943,5792.485144409168,22.881597528723077,0.0014350943946982472,0.049152555671417957,mixture,0
mixture,0.007750000000000005,2887.3982887796583,5780.796577559317,5793.050075798542,33.311884600605424,0.0015102724392084457,0.0352106926920154,mixture,0
mixture,0.0035000000000000014,2887.404205021223,5780.808410042446,5793.061908281671,21.94443242072185,0.0014364537091604776,0.051081931314844696,mixture,0
mixture,0.008000000000000005,2887.5581082302315,5781.116216460463,5793.369714699688,33.8003499593055,0.001516250001971196,0.034777517431872164,mixture,0
mixture,0.008250000000000006,2887.724977108657,5781.449954217314,5793.70345245654,34.278029890141816,0.0015221692235349337,0.034366394893286835,mixture,0
mixture,0.003250000000000001,2887.767194420435,5781.53438884087,5793.787887080095,20.958182380233914,0.0014394803448028865,0.05330093285594525,mixture,0
mixture,0.008500000000000006,2887.8980994600006,5781.796198920001,5794.0496971592265,34.74536204008189,0.0015280305090058987,0.03397567184119569,mixture,0
mixture,0.008750000000000006,2888.0767666006914,5782.153533201383,5794.407031440608,35.20302636952813,0.0015338269825632448,0.03360358443214962,mixture,0
mixture,0.003000000000000001,2888.2185424519007,5782.437084903801,5794.690583143027,19.92530813208734,0.0014441037418989387,0.055860929090039424,mixture,0
mixture,0.009000000000000006,2888.260346257146,5782.520692514292,5794.774190753517,35.651373607148145,0.001539561446273962,0.03324883787200206,mixture,0
mixture,0.009250000000000006,2888.4482732454303,5782.896546490861,5795.150044730086,36.09170161785913,0.0015452080836902305,0.03290932062080701,mixture,0
mixture,0.009500000000000007,2888.64004141461,5783.28008282922,5795.5335810684455,36.52368649354264,0.0015507878283081643,0.03258462935255743,mixture,0
mixture,0.0027500000000000007,2888.7763861146295,5783.552772229259,5795.806270468484,18.85308975515708,0.0014499557387066605,0.05881232378096309,mixture,0
mixture,0.009750000000000007,2888.835196715696,5783.670393431392,5795.923891670617,36.948016566401094,0.0015562895067295806,0.03227345033941653,mixture,0
mixture,0.010000000000000007,2889.033331163469,5784.066662326938,5796.320160566163,37.36517091892952,0.0015617177464572172,0.03197471457296373,mixture,0
mixture,0.0025000000000000005,2889.4658061533028,5784.9316123066055,5797.185110545831,17.75183266881948,0.0014563222097658624,0.06220697399623655,mixture,0
mixture,0.0022500000000000003,2890.3230502174397,5786.646100434879,5798.899598674105,16.632868633211608,0.001462146743788717,0.06610226977120479,mixture,0
mixture,0.002,2891.402474935425,5788.80494987085,5801.058448110075,15.504772623603895,0.0014661690591080336,0.07057655375733773,mixture,0
mixture,0.05,2915.629365821307,5837.258731642614,5849.51222988184,75.89794441560804,0.001962575427358591,0.01884127484912804,mixture,0
mixture,0.1,2933.1386694777557,5872.277338955511,5884.530837194737,105.46323938074653,0.002141679792823797,0.015313696334540652,mixture,0
mixture,0.15000000000000002,2946.7171385962174,5899.434277192435,5911.68777543166,116.35533173083398,0.0022319346453200505,0.017294327734911984,mixture,0
mixture,0.4,2970.609214782453,5947.218429564906,5959.471927804131,217.62012753130907,0.002494158409893159,0.010481193307218025,mixture,0
mixture,0.007500000000000005,2974.4560958794523,5954.912191758905,5967.16568999813,8.123076402146227,0.0021164068697118506,0.21673455609944192,mixture,0
mixture,0.45,2978.6846779514526,5963.369355902905,5975.622854142131,259.996500410398,0.009696007354842402,0.002575079431113826,mixture,0
mixture,0.2,2992.0128633162867,5990.025726632573,6002.279224871799,75.96637026138615,0.002729267790848918,0.297769399346376,mixture,0
mixture,0.25,2992.1520555629836,5990.304111125967,6002.557609365193,94.13320216179503,0.002728826240940372,0.2977701672103626,mixture,0
mixture,0.3,2992.2452742793157,5990.490548558631,6002.744046797857,112.30024649682758,0.0027285267521763397,0.2977706859135371,mixture,0
mixture,0.35000000000000003,2992.3120684663436,5990.624136932687,6002.8776351719125,130.46740953312232,0.002728310382394535,0.2977710598080962,mixture,0
mixture,0.5,2992.4327412514667,5990.865482502933,6003.118980742159,184.96932646265734,0.002727914710676783,0.2977717399670351,mixture,0
null,,2992.5742532592762,5987.1485065185525,5991.233005931627,366.643207781488,0.0027274472260126526,,mixture,0
sum,,3009.369656799192,6020.739313598384,6024.823813011459,542.5753821283815,0.003686123745892271,,mixture,0
mixture,0.0035000000000000014,2828.50196329593,5663.00392659186,5675.146043128999,21.79208502720662,0.0012652903623132257,0.052375912402762424,mixture,1
mixture,0.0037500000000000016,2828.507185312883,5663.014370625766,5675.156487162904,22.431706779228275,0.001278332179398542,0.0510944679666407,mixture,1
mixture,0.003250000000000001,2828.5634354261956,5663.126870852391,5675.26898738953,21.12689975205973,0.001251355207272133,0.053791975293085874,mixture,1
mixture,0.004000000000000002,2828.565890776129,5663.131781552258,5675.273898089396,23.048685505906324,0.00129057632794924,0.0499265763178057,mixture,1
mixture,0.004250000000000002,2828.6678312482436,5663.335662496487,5675.477779033626,23.64538698558922,0.0013021109695468191,0.04885568465944436,mixture,1
mixture,0.003000000000000001,2828.7088941444663,5663.417788288933,5675.559904826071,20.432095187658263,0.001236463279751811,0.05537098516553983,mixture,1
mixture,0.004500000000000002,2828.8049496940957,5663.6098993881915,5675.75201592533,24.224289271091816,0.0013129952025020886,0.04786745569543992,mixture,1
mixture,0.0027500000000000007,2828.9613815736557,5663.922763147311,5676.06487968445,19.704693174321246,0.0012203235520331138,0.05714509208830841,mixture,1
mixture,0.0047500000000000025,2828.9708374659485,5663.941674931897,5676.0837914690355,24.785882021135592,0.0013233301268791681,0.04695361132082634,mixture,1
mixture,0.005000000000000003,2829.1603446783847,5664.320689356769,5676.462805893908,25.332832081046853,0.001333123967910465,0.04610271477168142,mixture,1
mixture,0.0025000000000000005,2829.3522498894654,5664.704499778931,5676.846616316069,18.93673145745693,0.0012030016116244713,0.05916862738888136,mixture,1
mixture,0.005250000000000003,2829.369294967549,5664.738589935098,5676.880706472237,25.866526300142898,0.001342433717470632,0.04530710263231724,mixture,1
mixture,0.005500000000000003,2829.5942740331393,5665.188548066279,5677.330664603417,26.386947990764334,0.0013513119735181563,0.044562781865576856,mixture,1
mixture,0.005750000000000003,2829.832470513312,5665.664941026624,5677.807057563762,26.89587931145268,0.001359787468006709,0.043862788905780443,mixture,1
mixture,0.0022500000000000003,2829.925231993421,5665.850463986842,5677.992580523981,18.12256949047558,0.0011841762938617358,0.0615040286148912,mixture,1
mixture,0.006000000000000004,2830.081554465779,5666.163108931558,5678.305225468696,27.394608044501187,0.0013678708076578087,0.043201934614546564,mixture,1
mixture,0.006250000000000004,2830.339583737483,5666.679167474966,5678.821284012104,27.882300941070085,0.0013756572616008668,0.04257891205007346,mixture,1
mixture,0.006500000000000004,2830.6049312336963,5667.209862467393,5679.351979004531,28.361091621593804,0.001383104478030207,0.0419880060062769,mixture,1
mixture,0.002,2830.743187377183,5667.486374754366,5679.628491291504,17.2511753940256,0.0011636608147770192,0.0642525332788886,mixture,1
mixture,0.006750000000000004,2830.8762273254815,5667.752454650963,5679.8945711881015,28.831038358821772,0.0013902608695385724,0.041427129547086924,mixture,1
mixture,0.0070000000000000045,2831.1523144430325,5668.304628886065,5680.4467454232035,29.29270089103003,0.00139714544770329,0.040893672559127306,mixture,1
mixture,0.007250000000000005,2831.4322106330146,5668.864421266029,5681.006537803168,29.746603034575873,0.0014037783310088573,0.04038529058824594,mixture,1
mixture,0.007500000000000005,2831.7150802143547,5669.430160428709,5681.572276965848,30.193151677676433,0.001410177084766448,0.03990002569104409,mixture,1
mixture,0.007750000000000005,2832.0002099633984,5670.000419926797,5682.142536463935,30.632729974911186,0.0014163489749653023,0.03943616569830544,mixture,1
mixture,0.008000000000000005,2832.2869896592456,5670.573979318491,5682.71609585563,31.06571257077398,0.0014223187375922805,0.03899203349686401,mixture,1
mixture,0.008250000000000006,2832.5748961170707,5671.149792234141,5683.29190877128,31.492460659984552,0.0014280922357108108,0.03856620006927057,mixture,1
mixture,0.008500000000000006,2832.863479978253,5671.726959956506,5683.869076493645,31.913202322247045,0.0014336856846200946,0.03815746992741524,mixture,1
mixture,0.008750000000000006,2833.1523552493054,5672.304710498611,5684.446827035749,32.3258281012249,0.001439149298234468,0.03776787946516227,mixture,1
mixture,0.009000000000000006,2833.441187724019,5672.882375448038,5685.024491985177,32.73859372901097,0.0014443364685438672,0.03738584486320057,mixture,1
mixture,0.009250000000000006,2833.7296920976505,5673.459384195301,5685.6015007324395,33.1426515939169,0.0014494628007164234,0.037022190997879616,mixture,1
mixture,0.009500000000000007,2834.0176208597713,5674.035241719543,5686.177358256681,33.54224358490089,0.0014544214817459595,0.03667100997840055,mixture,1
mixture,0.009750000000000007,2834.30476110559,5674.60952221118,5686.751638748318,33.937272267287184,0.0014592106173180277,0.036332013194067536,mixture,1
mixture,0.010000000000000007,2834.590929241728,5675.181858483456,5687.323975020595,34.32737809176401,0.0014639331361056573,0.03600462820903752,mixture,1
mixture,0.05,2862.9681327397884,5731.936265479577,5744.078382016715,75.53892671244432,0.0017477147069290106,0.02024285526208718,mixture,1
mixture,0.1,2928.8658679751657,5863.731735950331,5875.87385248747,46.2752799427644,0.0023117628626995175,0.29818623271851774,mixture,1
mixture,0.15000000000000002,2929.181455281553,5864.362910563106,5876.505027100245,67.76380010896176,0.0023107766667653236,0.2981869953806857,mixture,1
mixture,0.2,2929.3410992107274,5864.682198421455,5876.824314958593,89.24639391630302,0.00231044200353142,0.29818805594024916,mixture,1
mixture,0.25,2929.4374877288355,5864.874975457671,5877.01709199481,110.730653860389,0.0023102057860670843,0.2981886830238403,mixture,1
mixture,0.3,2929.5019978494856,5865.003995698971,5877.14611223611,132.22398545214196,0.0023098872135591916,0.2981877438205484,mixture,1
mixture,0.35000000000000003,2929.548205906655,5865.09641181331,5877.238528350448,153.70146034893432,0.0023099011139496844,0.2981894135574296,mixture,1
mixture,0.4,2929.582928820914,5865.165857641828,5877.307974178966,175.18763466921473,0.0023097956556311257,0.29818965002490183,mixture,1
mixture,0.45,2929.6099764286164,5865.219952857233,5877.362069394371,196.67421296344585,0.0023097088566890493,0.29818983862248877,mixture,1
mixture,0.5,2929.6316404416602,5865.2632808833205,5877.405397420459,218.15660714576362,0.0023096840604153496,0.29819010526867384,mixture,1
null,,2929.7294134690987,5861.4588269381975,5865.506199117243,433.0152589095141,0.0023093874394134618,,mixture,1
sum,,2942.5617245717062,5887.1234491434125,5891.170821322458,627.4837072656354,0.0031873337535970976,,mixture,1
mixture,0.002,2922.7156657613696,5851.431331522739,5863.73900730658,16.70880437513566,0.0013226477486908727,0.06567221312306704,mixture,2
mixture,0.0022500000000000003,2922.8218099853625,5851.643619970725,5863.951295754566,17.476535033453604,0.0013494064382065139,0.06311224390761051,mixture,2
mixture,0.0025000000000000005,2923.081886774091,5852.163773548182,5864.4714493320225,18.203104055435922,0.0013729743569868456,0.06088911011377827,mixture,2
mixture,0.0027500000000000007,2923.448473982262,5852.896947964524,5865.204623748365,18.895197041816594,0.0013939693365940737,0.058930719896040734,mixture,2
mixture,0.003000000000000001,2923.8897305283117,5853.779461056623,5866.087136840464,19.558145168628556,0.0014128435160429029,0.05718458734677394,mixture,2
mixture,0.003250000000000001,2924.3836415119026,5854.767283023805,5867.074958807646,20.19601463918723,0.0014299243471049554,0.055612381067156005,mixture,2
mixture,0.0035000000000000014,2924.9146219673544,5855.829243934709,5868.1369197185495,20.81172635412164,0.0014455184503137264,0.054185732995935154,mixture,2
mixture,0.0037500000000000016,2925.4714249860886,5856.942849972177,5869.250525756018,21.408049030405905,0.0014598198160091559,0.05288164812569803,mixture,2
mixture,0.004000000000000002,2926.0458062728894,5858.091612545779,5870.39928832962,21.986972777674104,0.001473009239940767,0.05168268842535916,mixture,2
mixture,0.004250000000000002,2926.6316456604727,5859.263291320945,5871.570967104786,22.551326510079782,0.001485161169171747,0.05057216705752682,mixture,2
mixture,0.004500000000000002,2927.2243530309365,5860.448706061873,5872.756381845714,23.09953308757123,0.0014965921632386278,0.04954535259796875,mixture,2
mixture,0.0047500000000000025,2927.8204600961117,5861.640920192223,5873.948595976064,23.636238995643733,0.001507204927394987,0.04858501775220141,mixture,2
mixture,0.005000000000000003,2928.417330238673,5862.834660477346,5875.142336261187,24.161038296858997,0.0015171334923373798,0.04768671641891077,mixture,2
mixture,0.005250000000000003,2929.0129524626336,5864.025904925267,5876.333580709108,24.674047050876865,0.0015264951645116579,0.046845281535594835,mixture,2
mixture,0.005500000000000003,2929.605791136138,5865.211582272276,5877.519258056117,25.177579097080855,0.0015352962311810318,0.046051882189912144,mixture,2
mixture,0.005750000000000003,2930.1946745260766,5866.389349052153,5878.697024835994,25.671907699569235,0.0015436136791397838,0.04530256196106555,mixture,2
mixture,0.006000000000000004,2930.778712252127,5867.557424504254,5879.865100288095,26.156941343893507,0.001551517726742231,0.044594467965792736,mixture,2
mixture,0.006250000000000004,2931.357232770884,5868.714465541768,5881.022141325609,26.634024607564413,0.0015590052090799758,0.04392253955558083,mixture,2
mixture,0.006500000000000004,2931.929735672362,5869.859471344724,5882.1671471285645,27.103178815110955,0.001566172686099423,0.043284226672893424,mixture,2
mixture,0.006750000000000004,2932.4958548949294,5870.991709789859,5883.2993855736995,27.565436671877627,0.0015729252383913455,0.04267624994740923,mixture,2
mixture,0.0070000000000000045,2933.05533075533,5872.11066151066,5884.418337294501,28.02057358085785,0.0015794139341569822,0.042096695444505734,mixture,2
mixture,0.007250000000000005,2933.6079873501985,5873.215974700397,5885.523650484238,28.469066909234492,0.0015856288366348234,0.041543308793540665,mixture,2
mixture,0.007500000000000005,2934.1537153818026,5874.307430763605,5886.615106547446,28.911276646502326,0.0015915836163363718,0.04101411033338822,mixture,2
mixture,0.007750000000000005,2934.6924583430173,5875.384916686035,5887.692592469875,29.34767454274863,0.0015973010717911125,0.04050704301143463,mixture,2
mixture,0.008000000000000005,2935.224201612934,5876.448403225868,5888.756079009709,29.778373679838563,0.0016027969619424104,0.040020819002259636,mixture,2
mixture,0.008250000000000006,2935.7489637260624,5877.497927452125,5889.8056032359655,30.203365282533003,0.0016081009853155363,0.03955435815359966,mixture,2
mixture,0.008500000000000006,2936.266789417861,5878.533578835722,5890.841254619563,30.623555138699388,0.001613198867649607,0.039105451933990114,mixture,2
mixture,0.008750000000000006,2936.777744655397,5879.555489310794,5891.8631650946345,31.041109013671395,0.0016180793538414723,0.03867015514894284,mixture,2
mixture,0.009000000000000006,2937.281908776452,5880.563817552904,5892.871493336745,31.448784470023945,0.0016228816955121221,0.03825797839218975,mixture,2
mixture,0.009250000000000006,2937.7793775484415,5881.558755096883,5893.866430880724,31.85435204140179,0.0016274894163428532,0.037857147752538026,mixture,2
mixture,0.009500000000000007,2938.2702534909067,5882.540506981813,5894.848182765654,32.255472274268264,0.0016319483282151888,0.03747038468439929,mixture,2
mixture,0.009750000000000007,2938.754646819557,5883.509293639114,5895.816969422955,32.652306513083445,0.001636280125983555,0.03709681111324301,mixture,2
mixture,0.010000000000000007,2939.2326728618323,5884.4653457236645,5896.773021507505,33.04508742850542,0.0016404753988864152,0.036735656930249744,mixture,2
mixture,0.05,2979.278888480629,5964.557776961258,5976.865452745099,74.13865215748531,0.001908241244654386,0.019817878129729925,mixture,2
mixture,0.1,3000.347811167607,6006.695622335214,6019.003298119054,107.05041655151754,0.002039483207677458,0.015512323586119146,mixture,2
mixture,0.15000000000000002,3012.990053813186,6031.980107626372,6044.287783410213,133.3833249837119,0.002121882188160166,0.013558484990739033,mixture,2
mixture,0.2,3021.91629936691,6049.83259873382,6062.140274517661,156.24711931026974,0.002182932243919936,0.012378682176523693,mixture,2
mixture,0.25,3066.4186431161065,6138.837286232213,6151.144962016054,100.18379255459818,0.0025597314760815297,0.2979384914218695,mixture,2
mixture,0.3,3066.528120799208,6139.056241598416,6151.363917382257,119.5609091386167,0.00255947711372239,0.2979397363686814,mixture,2
mixture,0.35000000000000003,3066.606560826769,6139.213121653538,6151.520797437379,138.94374315316125,0.0025591885999172435,0.29794018257335997,mixture,2
mixture,0.4,3066.665524875016,6139.331049750032,6151.638725533873,158.32668511422034,0.0025589705103984607,0.2979405194391219,mixture,2
mixture,0.45,3066.711465563378,6139.422931126756,6151.730606910597,177.70970699352355,0.0025587997602451104,0.2979407829468795,mixture,2
mixture,0.5,3066.748268527209,6139.496537054418,6151.8042128382585,197.09278107977025,0.0025586625007721162,0.2979409931763304,mixture,2
null,,3066.914439654871,6135.828879309742,6139.931437904355,390.9245437853629,0.0025580384140552965,,mixture,2
sum,,3085.4737949340442,6172.9475898680885,6177.050148462702,577.4126242978562,0.0034637275248909478,,mixture,2
mixture,0.004000000000000002,2775.7111007761287,5557.422201552257,5569.557217494365,17.98939860946589,0.0017841853854194262,0.06324821851305273,mixture,3
mixture,0.004250000000000002,2775.729240151495,5557.45848030299,5569.593496245098,18.5437741857304,0.0017905639562396378,0.06157924754819605,mixture,3
mixture,0.0037500000000000016,2775.732415472522,5557.464830945044,5569.599846887152,17.417152681913393,0.0017775685327140883,0.06508235100291532,mixture,3
mixture,0.004500000000000002,2775.7801190974815,5557.560238194963,5569.695254137071,19.081812113043895,0.001796729382105933,0.060052138940331,mixture,3
mixture,0.0035000000000000014,2775.8016625339815,5557.603325067963,5569.738341010071,16.825468527716776,0.0017706799861804956,0.06710967912995526,mixture,3
mixture,0.0047500000000000025,2775.858350993728,5557.716701987456,5569.851717929564,19.604200349341127,0.0018027341396619993,0.05864998513148844,mixture,3
mixture,0.003250000000000001,2775.9297050983496,5557.859410196699,5569.994426138807,16.21285562639075,0.0017634372801260268,0.06936391287045536,mixture,3
mixture,0.005000000000000003,2775.9595650056444,5557.919130011289,5570.054145953397,20.11282589458775,0.001808538043609342,0.05735477944894884,mixture,3
mixture,0.005250000000000003,2776.080178458893,5558.160356917786,5570.295372859894,20.60810446215664,0.0018142008963827503,0.05615529686128835,mixture,3
mixture,0.003000000000000001,2776.1306960864,5558.2613921728,5570.396408114908,15.577231640927344,0.0017557795169149105,0.07188907322934775,mixture,3
mixture,0.005500000000000003,2776.217228222936,5558.434456445872,5570.56947238798,21.091025009794947,0.0018197250624049626,0.05504026477516916,mixture,3
mixture,0.005750000000000003,2776.3682438515575,5558.736487703115,5570.871503645223,21.56249007657718,0.001825107794426485,0.05400013434418269,mixture,3
mixture,0.0027500000000000007,2776.423430934565,5558.84686186913,5570.9818778112385,14.915634130961028,0.0017476371714916653,0.07474471204593143,mixture,3
mixture,0.006000000000000004,2776.5311509423295,5559.062301884659,5571.197317826767,22.023891588008663,0.0018303012006560104,0.053025373300979374,mixture,3
mixture,0.006250000000000004,2776.704196011297,5559.408392022594,5571.543407964702,22.47388484757868,0.001835495559586712,0.05211389733994422,mixture,3
mixture,0.0025000000000000005,2776.8334305038115,5559.666861007623,5571.801876949731,14.22571266443272,0.0017388320364240058,0.07800302266814355,mixture,3
mixture,0.006500000000000004,2776.8858891087602,5559.7717782175205,5571.906794159629,22.915174533705034,0.0018405068219402873,0.05125483121042307,mixture,3
mixture,0.006750000000000004,2777.0749568723895,5560.149913744779,5572.284929686887,23.34753768653186,0.0018454087848640815,0.05044487089079897,mixture,3
mixture,0.0070000000000000045,2777.270306337401,5560.540612674802,5572.67562861691,23.77152546239407,0.0018502070032858718,0.049679397752101916,mixture,3
mixture,0.0022500000000000003,2777.3962607062267,5560.792521412453,5572.9275373545615,13.503303611030946,0.0017292285611144999,0.08176840793815056,mixture,3
mixture,0.007250000000000005,2777.4709953663532,5560.9419907327065,5573.077006674815,24.187732988410794,0.0018548884118238403,0.048954240595762984,mixture,3
mixture,0.007500000000000005,2777.676208752898,5561.352417505796,5573.487433447905,24.596581406393167,0.0018594641641988296,0.04826592476247368,mixture,3
mixture,0.007750000000000005,2777.8852387168513,5561.770477433703,5573.905493375811,24.99840618970264,0.0018639401867209535,0.047611513204819975,mixture,3
mixture,0.008000000000000005,2778.097468868953,5562.194937737906,5574.329953680014,25.393921833394707,0.0018682983047218372,0.04698760569073477,mixture,3
mixture,0.002,2778.163048340786,5562.326096681572,5574.4611126236805,12.74370140123514,0.0017185120857559247,0.08618378917868563,mixture,3
mixture,0.008250000000000006,2778.3123608732185,5562.624721746437,5574.759737688545,25.782732809169385,0.001872597393088569,0.046393130119413074,mixture,3
mixture,0.008500000000000006,2778.5294434924112,5563.0588869848225,5575.193902926931,26.165804390300373,0.0018767881064304275,0.04582472684996627,mixture,3
mixture,0.008750000000000006,2778.7483032211007,5563.4966064422015,5575.63162238431,26.543249605273644,0.001880889146212772,0.0452807635088665,mixture,3
mixture,0.009000000000000006,2778.9685765398244,5563.937153079649,5576.072169021757,26.915125428271814,0.0018849240845586314,0.044759811013099865,mixture,3
mixture,0.009250000000000006,2779.189943309334,5564.379886618668,5576.514902560776,27.28204065347829,0.0018888493632185702,0.044259787344969354,mixture,3
mixture,0.009750000000000007,2779.634860759271,5565.269721518542,5577.40473746065,28.001947702952762,0.001896450562962086,0.043316574344471434,mixture,3
mixture,0.010000000000000007,2779.857941611446,5565.715883222892,5577.850899165001,28.355108494387274,0.0019001401902145967,0.0428713610985002,mixture,3
mixture,0.05,2804.0935915054565,5614.187183010913,5626.322198953021,65.83618913217786,0.002140353934338351,0.022365799268498562,mixture,3
mixture,0.1,2818.6598212896665,5643.319642579333,5655.454658521441,97.07241191077782,0.0022555669127632357,0.01706560366570899,mixture,3
mixture,0.009500000000000007,2850.638647819903,5707.277295639806,5719.412311581914,8.272612563943934,0.0023575259383744026,0.2334452754695491,mixture,3
mixture,0.5,2854.744532834655,5715.48906566931,5727.624081611418,239.6124389261991,0.0026184590965849497,0.010275287389432852,mixture,3
mixture,0.15000000000000002,2867.6865603358333,5741.373120671667,5753.508136613775,56.355141017877266,0.002803745612537187,0.2976940742308965,mixture,3
mixture,0.2,2867.9929953323926,5741.985990664785,5754.121006606893,74.04962808924869,0.0028025994081222853,0.2976958428930364,mixture,3
mixture,0.25,2868.1786217650592,5742.3572435301185,5754.492259472227,91.74481032156135,0.0028018905488688996,0.2976969310172612,mixture,3
mixture,0.3,2868.3031202958864,5742.606240591773,5754.741256533881,109.44034808014281,0.0028014089793983944,0.29769766809037257,mixture,3
mixture,0.35000000000000003,2868.392417834498,5742.784835668996,5754.919851611104,127.13609831987519,0.0028010603916257646,0.29769820061632507,mixture,3
mixture,0.4,2868.459594839912,5742.919189679824,5755.054205621932,144.83198009327032,0.0028007964572026134,0.29769860340235327,mixture,3
mixture,0.45,2868.511965087644,5743.023930175288,5755.158946117396,162.5279604558734,0.002800589508246085,0.29769891897792666,mixture,3
null,,2868.7436685224684,5739.487337044937,5743.5323423589725,357.18538908293095,0.0027996665892955127,,mixture,3
sum,,2883.713288312397,5769.426576624794,5773.471581938829,527.2163387431237,0.00379350914041847,,mixture,3
mixture,0.004250000000000002,2714.1639766930057,5434.327953386011,5446.3543929423395,19.891546441032446,0.0015879924962155423,0.057841288046293855,mixture,4
mixture,0.004500000000000002,2714.1718708605817,5434.3437417211635,5446.370181277492,20.394688800941744,0.0015979087835146333,0.0566316548970298,mixture,4
mixture,0.004000000000000002,2714.1951133750854,5434.390226750171,5446.416666306499,19.375471237569744,0.0015773437728062556,0.059146430046163,mixture,4
mixture,0.0047500000000000025,2714.2120675435754,5434.424135087151,5446.450574643479,20.886019789584402,0.001607188213519958,0.05550583394534843,mixture,4
mixture,0.0037500000000000016,2714.2737209364486,5434.547441872897,5446.573881429225,18.844005560354358,0.0015659414509644547,0.0605649608541503,mixture,4
mixture,0.005000000000000003,2714.2791456241075,5434.558291248215,5446.584730804543,21.36669604457689,0.0016158809609787975,0.054453685667275833,mixture,4
mixture,0.005250000000000003,2714.368695771744,5434.737391543488,5446.763831099816,21.83740100966415,0.001624070478192533,0.05346743454227554,mixture,4
mixture,0.0035000000000000014,2714.410513884327,5434.821027768654,5446.847467324982,18.298666538237658,0.0015534606829473128,0.062104127597695,mixture,4
mixture,0.005500000000000003,2714.47710129183,5434.95420258366,5446.980642139988,22.299077446050244,0.0016317843018434186,0.05253972672879335,mixture,4
mixture,0.005750000000000003,2714.6013730879044,5435.202746175809,5447.229185732137,22.752343097810993,0.0016390749942506045,0.05166473765894266,mixture,4
mixture,0.003250000000000001,2714.6192833757805,5435.238566751561,5447.265006307889,17.734098335959942,0.001539982487757093,0.06379737030208789,mixture,4
mixture,0.006000000000000004,2714.739023906488,5435.478047812976,5447.504487369304,23.197729659805308,0.0016459920519833865,0.050837458723972745,mixture,4
mixture,0.006250000000000004,2714.8879713346146,5435.775942669229,5447.802382225557,23.63586160789516,0.0016525286662363162,0.05005344333652053,mixture,4
mixture,0.003000000000000001,2714.918060394322,5435.836120788644,5447.862560344972,17.14895628714626,0.0015252631781622957,0.0656695149005495,mixture,4
mixture,0.006500000000000004,2715.046462155874,5436.092924311748,5448.119363868076,24.067310938778796,0.0016587616172562916,0.049308330999161334,mixture,4
mixture,0.006750000000000004,2715.2130131345534,5436.426026269107,5448.452465825435,24.491136474913674,0.0016647070951712193,0.048602077727500234,mixture,4
mixture,0.0027500000000000007,2715.3308542119103,5436.6617084238205,5448.688147980149,16.540258215483505,0.0015090862384022476,0.06775733650259937,mixture,4
mixture,0.0070000000000000045,2715.3863626096545,5436.772725219309,5448.799164775637,24.91126530414456,0.0016703498138543862,0.047923492980323106,mixture,4
mixture,0.007250000000000005,2715.565434987605,5437.13086997521,5449.157309531538,25.324153296298192,0.0016757412673519408,0.04727896575685491,mixture,4
mixture,0.007500000000000005,2715.749307581301,5437.498615162602,5449.52505471893,25.732495994199716,0.001680926705698019,0.04666049219138675,mixture,4
mixture,0.0025000000000000005,2715.890325234578,5437.780650469156,5449.807090025484,15.904479023222667,0.00149115200003688,0.07010861713573154,mixture,4
mixture,0.007750000000000005,2715.9371878662973,5437.874375732595,5449.900815288923,26.135055535492313,0.0016858844358428882,0.04606960477747412,mixture,4
mixture,0.008000000000000005,2716.1283919858556,5438.256783971711,5450.283223528039,26.53332759789146,0.0016906455180570037,0.04550164998815487,mixture,4
mixture,0.008250000000000006,2716.3223288653626,5438.644657730725,5450.671097287053,26.92653791201241,0.0016951821449813491,0.04495733455032437,mixture,4
mixture,0.008500000000000006,2716.5184855827415,5439.036971165483,5451.063410721811,27.315656502111363,0.0016996033172246114,0.04443301287711801,mixture,4
mixture,0.0022500000000000003,2716.6420445675612,5439.2840891351225,5451.310528691451,15.235658703393193,0.001471198950288062,0.0727950248663919,mixture,4
mixture,0.008750000000000006,2716.7164170754822,5439.4328341509645,5451.459273707293,27.70092724732514,0.0017038204333677917,0.043927853296741225,mixture,4
mixture,0.009000000000000006,2716.9157355091174,5439.831471018235,5451.857910574563,28.081803076262556,0.0017078991924157215,0.043441721993732654,mixture,4
mixture,0.009250000000000006,2717.116102741,5440.232205482,5452.258645038328,28.458908073044103,0.0017118348552015942,0.04297267331918134,mixture,4
mixture,0.009500000000000007,2717.3172234672634,5440.634446934527,5452.660886490855,28.83238880083218,0.0017156003111854286,0.04251991155155726,mixture,4
mixture,0.009750000000000007,2717.5188393272538,5441.0376786545075,5453.064118210836,29.20258507230381,0.0017192748570471275,0.04208173007208697,mixture,4
mixture,0.002,2717.6515755686914,5441.303151137383,5453.329590693711,14.527894741389868,0.001448703601099395,0.07590883278773285,mixture,4
mixture,0.010000000000000007,2717.720724335907,5441.441448671814,5453.467888228142,29.569200534532648,0.0017228142753911572,0.04165834843454207,mixture,4
mixture,0.05,2739.1342727078923,5484.2685454157845,5496.294984972113,71.03134509642554,0.0019170440331352167,0.021134817922520414,mixture,4
mixture,0.1,2751.9329924873828,5509.8659849747655,5521.892424531094,105.77597038450747,0.0020182066192337552,0.016006536434211904,mixture,4
mixture,0.15000000000000002,2759.9413463764986,5525.882692752997,5537.909132309325,133.20442525849626,0.002091864741418173,0.013821572358959523,mixture,4
mixture,0.2,2795.777419208523,5597.554838417046,5609.581277973374,81.92231011049083,0.0025240569808589073,0.2979741942627882,mixture,4
mixture,0.25,2795.897597876227,5597.795195752454,5609.821635308782,101.58020966073511,0.0025236409553220126,0.2979750418164187,mixture,4
mixture,0.3,2795.9781389780787,5597.9562779561575,5609.982717512486,121.2332669079108,0.0025234664709519964,0.29797595112643266,mixture,4
mixture,0.35000000000000003,2796.0358756123824,5598.071751224765,5610.098190781093,140.89067146293854,0.002523262866688389,0.2979762713745319,mixture,4
mixture,0.4,2796.0792927309444,5598.158585461889,5610.185025018217,160.54817193449315,0.002523108672661738,0.2979765135022182,mixture,4
mixture,0.45,2796.113129860876,5598.226259721752,5610.25269927808,180.20573789579615,0.002522987839083689,0.29797670303888296,mixture,4
mixture,0.5,2796.1402427258595,5598.280485451719,5610.306925008047,199.86334754462266,0.0025228906298643762,0.2979768544464765,mixture,4
null,,2796.262728482475,5594.52545696495,5598.534270150392,396.44041515290775,0.002522447161736268,,mixture,4
sum,,2809.1708036539285,5620.341607307857,5624.3504204933,579.6329605817542,0.0034504594045043275,,mixture,4
mixture,0.004000000000000002,2807.430358953726,5620.860717907452,5632.988616408499,22.74147510284635,0.0013270168853128257,0.05048867704799131,mixture,5
mixture,0.004250000000000002,2807.443958208565,5620.88791641713,5633.015814918177,23.381645590737236,0.0013362938227239707,0.04929160835206204,mixture,5
mixture,0.0037500000000000016,2807.4639324052487,5620.927864810497,5633.055763311544,22.07677422319776,0.0013174038584948357,0.05180635379458023,mixture,5
mixture,0.004500000000000002,2807.496544380271,5620.993088760542,5633.120987261589,24.000393033001977,0.0013452140025167793,0.04819609501527393,mixture,5
mixture,0.0035000000000000014,2807.554962907239,5621.109925814478,5633.237824315524,21.38519293156211,0.0013074094456978287,0.05326557451707966,mixture,5
mixture,0.0047500000000000025,2807.581532274505,5621.16306454901,5633.290963050057,24.599986632055124,0.0013537841327703553,0.047187695897841976,mixture,5
mixture,0.005000000000000003,2807.6935737674557,5621.3871475349115,5633.515046035958,25.182366152406793,0.0013620183560943534,0.04625466521466153,mixture,5
mixture,0.003250000000000001,2807.7165272030697,5621.4330544061395,5633.560952907186,20.661614843837537,0.0012971153766310444,0.05489904010059375,mixture,5
mixture,0.005250000000000003,2807.8282883013003,5621.656576602601,5633.784475103647,25.749196982597272,0.00136993090082127,0.045387376611324914,mixture,5
mixture,0.003000000000000001,2807.965479920005,5621.93095984001,5634.058858341056,19.90121076713039,0.0012865603881415972,0.056746350032880914,mixture,5
mixture,0.005500000000000003,2807.9820602886516,5621.964120577303,5634.09201907835,26.301919324453802,0.0013775309505281393,0.04457788462398219,mixture,5
mixture,0.005750000000000003,2808.1518848590686,5622.303769718137,5634.431668219184,26.841555428674482,0.0013848478510729352,0.043819877312537135,mixture,5
mixture,0.0027500000000000007,2808.3238837263184,5622.647767452637,5634.7756659536835,19.09748438579318,0.0012758560487370135,0.058862350943538456,mixture,5
mixture,0.006000000000000004,2808.3352491049454,5622.670498209891,5634.798396710938,27.369311999972382,0.0013918878533074302,0.0431075235698264,mixture,5
mixture,0.006250000000000004,2808.53003961988,5623.06007923976,5635.187977740807,27.886098982527493,0.0013986674709691178,0.04243610335284316,mixture,5
mixture,0.006500000000000004,2808.7344698634593,5623.4689397269185,5635.596838227965,28.392626295463582,0.001405205685860388,0.04180171236854581,mixture,5
mixture,0.0025000000000000005,2808.8211363396404,5623.642272679281,5635.770171180327,18.241685508390667,0.0012652088651566586,0.06132526318926126,mixture,5
mixture,0.006750000000000004,2808.947022566226,5623.894045132452,5636.021943633499,28.889472440666356,0.001411506596532635,0.0412011306408973,mixture,5
mixture,0.0070000000000000045,2809.1664036888583,5624.332807377717,5636.460705878763,29.378167099576316,0.0014175634850841314,0.040629920637542206,mixture,5
mixture,0.007250000000000005,2809.391505346078,5624.783010692156,5636.910909193202,29.858339045081486,0.0014234271180543537,0.04008681957560387,mixture,5
mixture,0.0022500000000000003,2809.4972250876385,5624.994450175277,5637.122348676324,17.3229877986299,0.0012549363015869008,0.06424633767055184,mixture,5
mixture,0.007500000000000005,2809.6213757173537,5625.242751434707,5637.370649935754,30.330747779059557,0.0014290939585396426,0.03956915686752769,mixture,5
mixture,0.007750000000000005,2809.8551944877145,5625.710388975429,5637.838287476476,30.795852471636053,0.0014345745029096212,0.03907487741505733,mixture,5
mixture,0.008000000000000005,2810.09225266902,5626.18450533804,5638.312403839087,31.25409215693793,0.001439878471550914,0.03860212415584737,mixture,5
mixture,0.008250000000000006,2810.3319359288043,5626.663871857609,5638.791770358655,31.705954769409765,0.001445010610862434,0.03814914007473686,mixture,5
mixture,0.002,2810.4078784388466,5626.815756877693,5638.94365537874,16.326625721344257,0.0012455486740852151,0.06779473269767654,mixture,5
mixture,0.008500000000000006,2810.573710730865,5627.14742146173,5639.275319962777,32.151564971065916,0.001449989296314637,0.03771474477221308,mixture,5
mixture,0.008750000000000006,2810.8171127886785,5627.634225577357,5639.762124078404,32.591386750054,0.0014548160526233799,0.03729745459843402,mixture,5
mixture,0.009000000000000006,2811.0617373541845,5628.123474708369,5640.251373209416,33.02574265864567,0.0014594990039905797,0.03689605091333713,mixture,5
mixture,0.009250000000000006,2811.3072310546368,5628.6144621092735,5640.74236061032,33.45495810964065,0.001464035762288313,0.03650945450388291,mixture,5
mixture,0.009500000000000007,2811.553284984271,5629.106569968542,5641.234468469589,33.879536449351335,0.001468432986542704,0.03613637407277659,mixture,5
mixture,0.009750000000000007,2811.7996287511096,5629.599257502219,5641.727156003266,34.29850918610944,0.001472737911579204,0.035777271570090544,mixture,5
mixture,0.010000000000000007,2812.0460256547467,5630.092051309493,5642.21994981054,34.712904705408526,0.001476918358804485,0.035430471605870435,mixture,5
mixture,0.05,2837.985975624286,5681.971951248572,5694.099849749618,79.56311388093206,0.0017274768802886798,0.01876759469787828,mixture,5
mixture,0.1,2853.4151143155755,5712.830228631151,5724.958127132198,116.00156186903979,0.00185260902091564,0.014510598178474709,mixture,5
mixture,0.15000000000000002,2865.5833781233764,5737.166756246753,5749.2946547477995,129.23516394237458,0.0019273336225825509,0.016534573464693936,mixture,5
mixture,0.2,2905.4679909265983,5816.935981853197,5829.063880354243,85.99164799989241,0.0024007309927688413,0.2980971751367078,mixture,5
mixture,0.25,2905.6190117686265,5817.238023537253,5829.3659220383,106.67181572385385,0.002400248868293832,0.2980981916680025,mixture,5
mixture,0.3,2905.7201529315466,5817.440305863093,5829.56820436414,127.35310011301262,0.0023999061923997826,0.29809888168236154,mixture,5
mixture,0.35000000000000003,2905.792624027832,5817.585248055664,5829.713146556711,148.03521113985343,0.00239964791876975,0.29809938580310147,mixture,5
mixture,0.4,2905.847102424391,5817.694204848782,5829.8221033498285,168.7180339249182,0.002399444024871631,0.2980997737006758,mixture,5
mixture,0.45,2905.8895491943385,5817.779098388677,5829.906996889724,189.39476955237188,0.002399363333095761,0.2981002743502506,mixture,5
mixture,0.5,2905.9235532603807,5817.847106520761,5829.975005021808,210.0765500053607,0.0023992407294058226,0.29810046059965056,mixture,5
null,,2906.0770921819594,5814.154184363919,5818.196817197601,416.8956268661507,0.0023986819135453823,,mixture,5
sum,,2921.0479616976895,5844.095923395379,5848.138556229062,606.6955874789346,0.003296546144848042,,mixture,5
mixture,0.0037500000000000016,3040.3690184988236,6086.738036997647,6099.072439016155,22.154810082175864,0.0011968822738728,0.052374476458572156,mixture,6
mixture,0.0035000000000000014,3040.390701199503,6086.781402399006,6099.115804417514,21.413613388710687,0.0011894928007743163,0.05394890033284962,mixture,6
mixture,0.004000000000000002,3040.396420891896,6086.792841783792,6099.1272438023,22.873453856561518,0.0012038472997157503,0.050944276425624185,mixture,6
mixture,0.004250000000000002,3040.4637042262984,6086.927408452597,6099.261810471105,23.571774659989952,0.00121044057119138,0.04963696005092866,mixture,6
mixture,0.003250000000000001,3040.473306808228,6086.946613616456,6099.281015634963,20.64716420751956,0.001181643094002654,0.05569444871864782,mixture,6
mixture,0.004500000000000002,3040.56361585991,6087.12723171982,6099.461633738328,24.251763588392038,0.0012166808592696905,0.04843533530453143,mixture,6
mixture,0.003000000000000001,3040.6322955224887,6087.264591044977,6099.598993063485,19.85240755554825,0.001173240934435037,0.05764542543798483,mixture,6
mixture,0.0047500000000000025,3040.6903734273883,6087.380746854777,6099.715148873284,24.914916113814108,0.0012226152052357496,0.04732569597588352,mixture,6
mixture,0.005000000000000003,3040.83931879181,6087.67863758362,6100.013039602128,25.5628325500005,0.0012282576969405976,0.046296241205147276,mixture,6
mixture,0.0027500000000000007,3040.888219431484,6087.776438862968,6100.110840881475,19.0248232817938,0.0011642785549827277,0.05984872127363253,mixture,6
mixture,0.005250000000000003,3041.0066647545937,6088.013329509187,6100.347731527695,26.1963939543959,0.001233651174375514,0.04533804583098028,mixture,6
mixture,0.005500000000000003,3041.1893068910485,6088.378613782097,6100.713015800605,26.816868379653997,0.0012388043369052778,0.04444274927893559,mixture,6
mixture,0.0025000000000000005,3041.268971663924,6088.537943327848,6100.872345346355,18.159640222165685,0.0011546555004461685,0.062365218200121586,mixture,6
mixture,0.005750000000000003,3041.3846816912164,6088.769363382433,6101.103765400941,27.425183148798343,0.0012437445743911822,0.04360354061237887,mixture,6
mixture,0.006000000000000004,3041.5906583472947,6089.181316694589,6101.515718713097,28.02227867659417,0.0012484718404264627,0.042814555921510816,mixture,6
mixture,0.006250000000000004,3041.805455210202,6089.610910420404,6101.945312438912,28.608957722169585,0.0012529991750075346,0.042070747452045705,mixture,6
mixture,0.0022500000000000003,3041.8133483526935,6089.626696705387,6101.961098723895,17.250176978792584,0.001144305237135052,0.06528103425440292,mixture,6
mixture,0.006500000000000004,3042.027574609955,6090.05514921991,6102.389551238418,29.185147824581783,0.0012573859098615218,0.041368783788537575,mixture,6
mixture,0.006750000000000004,3042.2557515980398,6090.5115031960795,6102.845905214587,29.752405618157006,0.0012615920226076713,0.04070359244663701,mixture,6
mixture,0.0070000000000000045,3042.4889131292584,6090.977826258517,6103.312228277025,30.31099541808578,0.0012656369413858658,0.04007234263696385,mixture,6
mixture,0.002,3042.5769252221808,6091.1538504443615,6103.488252462869,16.287845657198027,0.0011331488979323572,0.06871928203573945,mixture,6
mixture,0.007250000000000005,3042.7261454350346,6091.452290870069,6103.786692888577,30.8610937060157,0.0012695544128447258,0.03947248824769201,mixture,6
mixture,0.007500000000000005,3042.966667720192,6091.933335440384,6104.267737458892,31.403851589175545,0.001273315345416411,0.03890064461851842,mixture,6
mixture,0.007750000000000005,3043.2098106130807,6092.419621226161,6104.754023244669,31.93810466737803,0.0012770047677863707,0.03835640040681471,mixture,6
mixture,0.008000000000000005,3043.454998936196,6092.909997872392,6105.244399890899,32.46582900270253,0.001280550153894786,0.03783585883018052,mixture,6
mixture,0.008250000000000006,3043.7017370298518,6093.4034740597035,6105.737876078211,32.98660874039322,0.0012839968336650237,0.03733807410348921,mixture,6
mixture,0.008500000000000006,3043.949596993603,6093.899193987206,6106.2335960057135,33.50128987673726,0.0012873269659486014,0.036860845295373465,mixture,6
mixture,0.008750000000000006,3044.19820872314,6094.39641744628,6106.730819464788,34.00969941598367,0.0012905664746518002,0.03640322417363634,mixture,6
mixture,0.009000000000000006,3044.447251651495,6094.89450330299,6107.228905321498,34.511999248140526,0.001293723852178671,0.03596399504317753,mixture,6
mixture,0.009250000000000006,3044.696447794897,6095.392895589794,6107.727297608301,35.00894044752869,0.001296785001555982,0.0355414338362189,mixture,6
mixture,0.009500000000000007,3044.9455558840937,6095.891111768187,6108.225513786695,35.5007183015115,0.0012997531208576091,0.035134531800704596,mixture,6
mixture,0.009750000000000007,3045.1943663916154,6096.388732783231,6108.7231348017385,35.98710127097531,0.001302657060454243,0.03474268931189745,mixture,6
mixture,0.010000000000000007,3045.4426973464674,6096.885394692935,6109.2197967114425,36.46857890182516,0.001305478464732144,0.034364795419038155,mixture,6
mixture,0.05,3071.1439339753624,6148.287867950725,6160.622269969233,88.45193958782588,0.001500911224763649,0.017229233357490055,mixture,6
mixture,0.1,3140.017027943765,6286.03405588753,6298.368457906037,49.25458736125284,0.002162730222191307,0.29833575104721394,mixture,6
mixture,0.15000000000000002,3140.44726360967,6286.89452721934,6299.228929237847,72.24683677197308,0.0021614544431155154,0.2983375744765089,mixture,6
mixture,0.2,3140.665134546793,6287.330269093586,6299.664671112094,95.24014700867541,0.0021607925853517384,0.29833851589928756,mixture,6
mixture,0.25,3140.796756433605,6287.59351286721,6299.927914885718,118.23389016636519,0.0021603876603940946,0.29833909051710006,mixture,6
mixture,0.3,3140.884883440048,6287.769766880096,6300.104168898603,141.22785551228912,0.002160114371838743,0.2983394778006193,mixture,6
mixture,0.35000000000000003,3140.9480183707055,6287.896036741411,6300.230438759919,164.22193581061063,0.0021599176922061872,0.29833975636218746,mixture,6
mixture,0.4,3140.995472412237,6287.990944824474,6300.325346842982,187.21608703829583,0.002159769387879864,0.29833996636121657,mixture,6
mixture,0.45,3141.0324410150915,6288.064882030183,6300.399284048691,210.219084421869,0.0021595624401867294,0.29833912598804757,mixture,6
mixture,0.5,3141.0620566380244,6288.124113276049,6300.4585152945565,233.20697338271412,0.002159537718388733,0.2983400716916865,mixture,6
null,,3141.195749968382,6284.391499936764,6288.502967276267,463.14830678923255,0.002159135605897995,,mixture,6
sum,,3156.7936400005556,6315.587280001111,6319.698747340613,668.9012320298956,0.002989978047925935,,mixture,6
mixture,0.003000000000000001,2809.691675811997,5625.383351623994,5637.539619130767,17.32708987941486,0.0015275766849924264,0.0648953553439753,mixture,7
mixture,0.0027500000000000007,2809.719053365048,5625.438106730096,5637.594374236869,16.665912754825147,0.0015143072343314892,0.06715533063962019,mixture,7
mixture,0.003250000000000001,2809.743585750405,5625.48717150081,5637.643439007584,17.961599265601773,0.0015398039633508118,0.06288270213895762,mixture,7
mixture,0.0025000000000000005,2809.850570765584,5625.701141531168,5637.857409037942,15.971923416658008,0.0014999029127070924,0.06973013767194776,mixture,7
mixture,0.0035000000000000014,2809.856645179734,5625.713290359468,5637.869557866242,18.57212361421366,0.0015511435228358656,0.061076052396960595,mixture,7
mixture,0.0037500000000000016,2810.0173454159744,5626.034690831949,5638.190958338722,19.1615492446614,0.001561706757286456,0.05944095300128165,mixture,7
mixture,0.0022500000000000003,2810.1211100627697,5626.2422201255395,5638.398487632313,15.24066289581995,0.0014841171235210368,0.07269787607235167,mixture,7
mixture,0.004000000000000002,2810.2154501830087,5626.430900366017,5638.587167872791,19.73216180391185,0.001571585153117277,0.05795090868911682,mixture,7
mixture,0.004250000000000002,2810.4430867286105,5626.886173457221,5639.0424409639945,20.2859151802928,0.0015808545497323272,0.056584755637819825,mixture,7
mixture,0.002,2810.58106858967,5627.16213717934,5639.318404686113,14.46381814430519,0.0014667669151130676,0.07618160698807029,mixture,7
mixture,0.004500000000000002,2810.69412160721,5627.38824321442,5639.544510721194,20.82421762915199,0.0015895967508500828,0.0553261153941005,mixture,7
mixture,0.0047500000000000025,2810.9637225289416,5627.927445057883,5640.083712564657,21.34868795559426,0.0015978479539979374,0.05416049605127205,mixture,7
mixture,0.005000000000000003,2811.2480448450415,5628.496089690083,5640.652357196856,21.860969483108136,0.0016056178982916465,0.053075431758133645,mixture,7
mixture,0.005250000000000003,2811.5440028722423,5629.088005744485,5641.244273251258,22.359888806318295,0.001613101424780903,0.05206673468304928,mixture,7
mixture,0.005500000000000003,2811.849101997571,5629.698203995142,5641.854471501915,22.848619712833052,0.001620181673597931,0.05112075330604948,mixture,7
mixture,0.005750000000000003,2812.1613113864137,5630.322622772827,5642.478890279601,23.32713952635498,0.001626935701231122,0.0502326896636861,mixture,7
mixture,0.006000000000000004,2812.478968441121,5630.957936882242,5643.114204389016,23.79600088683431,0.0016334054093506433,0.04939696543538975,mixture,7
mixture,0.006250000000000004,2812.800705110052,5631.601410220104,5643.757677726878,24.255972837898753,0.0016396027307670948,0.048608218087484466,mixture,7
mixture,0.006500000000000004,2813.125390778504,5632.250781557008,5644.407049063781,24.707560539277452,0.001645554200915928,0.04786216422818016,mixture,7
mixture,0.006750000000000004,2813.4520876045303,5632.904175209061,5645.060442715834,25.151197920505094,0.0016512778495528279,0.04715513285296965,mixture,7
mixture,0.0070000000000000045,2813.780015245121,5633.560030490242,5645.716297997015,25.58740977795364,0.0016567920850956912,0.04648359008500083,mixture,7
mixture,0.007250000000000005,2814.108522798074,5634.217045596148,5646.373313102921,26.01622765742362,0.00166213549227967,0.04584525171828202,mixture,7
mixture,0.007500000000000005,2814.437066371955,5634.87413274391,5647.030400250684,26.439729664085508,0.0016672019942503603,0.0452345883389048,mixture,7
mixture,0.007750000000000005,2814.7651905913735,5635.530381182747,5647.686648689521,26.854891414515475,0.001672215874131673,0.04465506780026783,mixture,7
mixture,0.008000000000000005,2815.092514544782,5636.185029089564,5648.341296596337,27.264989560608345,0.0016770237920411496,0.04409940637420964,mixture,7
mixture,0.008250000000000006,2815.4187190504263,5636.8374381008525,5648.993705607626,27.669087928012964,0.00168169451201202,0.04356789441230014,mixture,7
mixture,0.008500000000000006,2815.743537125303,5637.487074250606,5649.64334175738,28.0675203675071,0.001686238383768735,0.04305868261603859,mixture,7
mixture,0.008750000000000006,2816.0667457384525,5638.133491476905,5650.289758983678,28.461086018903273,0.0016906175863582206,0.0425694785507863,mixture,7
mixture,0.009000000000000006,2816.3881590380406,5638.776318076081,5650.932585582855,28.84940134769416,0.0016948912701828546,0.04209976068498766,mixture,7
mixture,0.009250000000000006,2816.7076227259413,5639.415245451883,5651.571512958656,29.232866502944955,0.001699048699684058,0.04164802417835239,mixture,7
mixture,0.009500000000000007,2817.025009330197,5640.050018660394,5652.2062861671675,29.611657079725383,0.0017030986212690333,0.04121315375105536,mixture,7
mixture,0.009750000000000007,2817.3402142487494,5640.680428497499,5652.836696004272,29.985976713552713,0.001707045423221443,0.040794083090476704,mixture,7
mixture,0.010000000000000007,2817.653152408837,5641.306304817674,5653.462572324447,30.35595310494669,0.0017108950542557512,0.040389931343250224,mixture,7
mixture,0.05,2847.037838540101,5700.075677080202,5712.231944586975,69.01658940938715,0.001966058363040128,0.02179649240485293,mixture,7
mixture,0.1,2863.439178801507,5732.878357603014,5745.034625109787,100.98628824400589,0.002085252363450367,0.016971377693550532,mixture,7
mixture,0.15000000000000002,2873.3633813161487,5752.726762632297,5764.883030139071,127.08321181850623,0.0021588878832519893,0.014756177386250412,mixture,7
mixture,0.2,2880.3879489246697,5766.775897849339,5778.932165356113,150.0024370263503,0.0022134444924656713,0.013412572758163169,mixture,7
mixture,0.25,2915.3207247479068,5836.6414494958135,5848.797717002587,100.14034154303813,0.0025608710658054363,0.2979372299195324,mixture,7
mixture,0.3,2915.439439917116,5836.878879834232,5849.0351473410055,119.5100265238467,0.0025605888909067754,0.29793857020181447,mixture,7
mixture,0.35000000000000003,2915.5245238338434,5837.049047667687,5849.20531517446,138.8855309773489,0.002560278526439324,0.2979390489189383,mixture,7
mixture,0.4,2915.5884961117818,5837.1769922235635,5849.333259730337,158.26115827700875,0.0025600438114852953,0.29793941050276956,mixture,7
mixture,0.45,2915.6383471858953,5837.276694371791,5849.432961878564,177.63687257011014,0.002559860031395401,0.2979396934051608,mixture,7
mixture,0.5,2915.6782880156943,5837.356576031389,5849.512843538162,197.0126510663167,0.002559712193369676,0.29793991931438724,mixture,7
null,,2915.8586855868725,5833.717371173745,5837.76946034267,390.77158082183144,0.002559039728265041,,mixture,7
sum,,2929.8420519083784,5861.684103816757,5865.736192985682,572.6295999846348,0.0034926591291362962,,mixture,7
mixture,0.0022500000000000003,2850.7609109564064,5707.521821912813,5719.809295600109,15.022314529456729,0.0017556154678768248,0.07261268188716628,mixture,8
mixture,0.002,2850.761768293862,5707.523536587724,5719.811010275021,14.360576074543212,0.001727806750753542,0.07558865680403037,mixture,8
mixture,0.0025000000000000005,2850.9297851506462,5707.8595703012925,5720.147043988589,15.646351344278159,0.0017802624113916088,0.07003900565467987,mixture,8
mixture,0.0027500000000000007,2851.218245898097,5708.436491796194,5720.72396548349,16.23787848225286,0.0018024326312087362,0.06778405212401743,mixture,8
mixture,0.003000000000000001,2851.5923595049835,5709.184719009967,5721.472192697263,16.800826407588854,0.0018225594762442036,0.06578778240858593,mixture,8
mixture,0.003250000000000001,2852.0284566841046,5710.056913368209,5722.344387055506,17.34104940328575,0.0018409692037672683,0.06399401651251121,mixture,8
mixture,0.0035000000000000014,2852.5096199647996,5711.019239929599,5723.306713616896,17.85967921415068,0.0018578872640940343,0.06237551911323358,mixture,8
mixture,0.0037500000000000016,2853.0235088623685,5712.047017724737,5724.3344914120335,18.358583329993202,0.0018736598489148687,0.06090607646616348,mixture,8
mixture,0.004000000000000002,2853.5609717007083,5713.1219434014165,5725.409417088713,18.840900070666297,0.0018883142674816194,0.05956008560693644,mixture,8
mixture,0.004250000000000002,2854.1151264050573,5714.2302528101145,5726.517726497411,19.30828763868033,0.0019019898129406263,0.05832039946004189,mixture,8
mixture,0.004500000000000002,2854.6807382764778,5715.3614765529555,5727.648950240252,19.76166545947264,0.0019148582227582042,0.05717445501284549,mixture,8
mixture,0.0047500000000000025,2855.253788143754,5716.507576287508,5728.795049974804,20.203149610781047,0.0019269364272008404,0.05610804865871696,mixture,8
mixture,0.005000000000000003,2855.8311665931533,5717.662333186307,5729.949806873603,20.632689546293445,0.0019383460248576874,0.055114971970358646,mixture,8
mixture,0.005250000000000003,2856.4104540688354,5718.820908137671,5731.108381824967,21.051626187374822,0.0019491887385576741,0.05418560160597631,mixture,8
mixture,0.005500000000000003,2856.9897597398685,5719.979519479737,5732.266993167033,21.461083698755655,0.001959459631058071,0.05331242680565685,mixture,8
mixture,0.005750000000000003,2857.567601997839,5721.135203995678,5733.422677682975,21.86161631972068,0.0019692285720576755,0.052490033239081794,mixture,8
mixture,0.006000000000000004,2858.1428197176447,5722.285639435289,5734.573113122586,22.255938859906703,0.001978478900739401,0.05170806710773087,mixture,8
mixture,0.006250000000000004,2858.714499477937,5723.428998955874,5735.71647264317,22.638282450570262,0.001987432412916119,0.05097847528475222,mixture,8
mixture,0.006500000000000004,2859.281932478386,5724.563864956772,5736.851338644068,23.0153459160099,0.001995957349757684,0.05028148699016034,mixture,8
mixture,0.006750000000000004,2859.8445648878983,5725.689129775797,5737.976603463093,23.38637017534229,0.0020040332526660327,0.049617440934572994,mixture,8
mixture,0.0070000000000000045,2860.4019705041837,5726.8039410083675,5739.091414695664,23.74981020961377,0.002011922546677646,0.04898732149872697,mixture,8
mixture,0.007250000000000005,2860.9538256163532,5727.9076512327065,5740.195124920003,24.107863603345443,0.0020194376174728335,0.04838492277877935,mixture,8
mixture,0.007500000000000005,2861.4998886067087,5728.9997772134175,5741.287250900714,24.46047049536973,0.0020266480406345025,0.04780879505629474,mixture,8
mixture,0.007750000000000005,2862.0399846231358,5730.0799692462715,5742.367442933568,24.807755391835425,0.002033582899515995,0.04725731872874253,mixture,8
mixture,0.008000000000000005,2862.5739928687817,5731.147985737563,5743.43545942486,25.14981084146393,0.002040282524265679,0.04672900443964591,mixture,8
mixture,0.008250000000000006,2863.1018364603806,5732.203672920761,5744.4911466080575,25.4870647846129,0.0020467525690185773,0.04622187855345793,mixture,8
mixture,0.008500000000000006,2863.6234742192796,5733.246948438559,5745.534422125856,25.819729316442725,0.0020530029197161305,0.04573454939668389,mixture,8
mixture,0.008750000000000006,2864.138893984498,5734.277787968996,5746.565261656292,26.148149366285427,0.002059038930376248,0.04526546322597697,mixture,8
mixture,0.009000000000000006,2864.6481071376556,5735.296214275311,5747.583687962608,26.472072032632035,0.002064908917065518,0.044814200488335114,mixture,8
mixture,0.009250000000000006,2865.151144176866,5736.302288353732,5748.589762041029,26.792488408728836,0.00207055974337617,0.04437830584407289,mixture,8
mixture,0.009500000000000007,2865.648051022081,5737.296102044162,5749.583575731458,27.109298256162358,0.0020760232775427095,0.043957279412812154,mixture,8
mixture,0.05,2907.3110719854103,5820.622143970821,5832.909617658117,61.25660025503758,0.0023741947122555606,0.0236337056422613,mixture,8
mixture,0.1,2928.17303545165,5862.3460709033,5874.633544590596,89.79853268827928,0.0024896981920259436,0.018133088990418683,mixture,8
mixture,0.15000000000000002,2940.546523422843,5887.093046845686,5899.380520532983,112.83824179647527,0.002564621774310662,0.015639349914497735,mixture,8
mixture,0.25,2955.914469069697,5917.828938139394,5930.116411826691,150.58515430188822,0.002671119451686974,0.013159871819186292,mixture,8
mixture,0.35000000000000003,2965.7186720075306,5937.437344015061,5949.7248177023575,182.12871115002514,0.002748636848261438,0.011862858513399216,mixture,8
mixture,0.009750000000000007,2968.989601968237,5943.979203936474,5956.26667762377,8.493916758963922,0.002421067862527786,0.2216927227691417,mixture,8
mixture,0.4,2969.5081432284833,5945.016286456967,5957.303760144263,196.42571179430487,0.0027808275357555172,0.011410393507026127,mixture,8
mixture,0.010000000000000007,2969.6059272698812,5945.2118545397625,5957.499328227059,8.510192814200234,0.0024419943045081013,0.224226461089563,mixture,8
mixture,0.45,2972.79431578799,5951.58863157598,5963.876105263276,209.98293552959834,0.002809817349145727,0.011037488432742685,mixture,8
mixture,0.2,2992.3535634589543,5990.707126917909,6002.994600605205,68.89466001379365,0.0030209030524410885,0.2974761258166696,mixture,8
mixture,0.3,2992.762449954139,5991.524899908278,6003.812373595574,101.7173672634154,0.003019194438700395,0.29747811428208776,mixture,8
mixture,0.5,2993.092866276811,5992.185732553622,6004.473206240918,167.3508598858201,0.003018046481161335,0.2974808357001053,mixture,8
null,,2993.3426370651046,5988.685274130209,5992.7810986926415,331.4651804849334,0.0030169081365861734,,mixture,8
sum,,3012.889448562725,6027.77889712545,6031.874721687883,496.74342523405005,0.004026223395020603,,mixture,8
mixture,0.005500000000000003,3013.5179020097003,6033.0358040194005,6045.396696276253,23.1068917677295,0.0016666131175759357,0.05021006503523913,mixture,9
mixture,0.005250000000000003,3013.5266501273436,6033.053300254687,6045.41419251154,22.621464459457858,0.001658895294098243,0.05112632683817578,mixture,9
mixture,0.005750000000000003,3013.534494783459,6033.068989566918,6045.429881823771,23.58272906032922,0.0016739347580281777,0.049348043269886975,mixture,9
mixture,0.005000000000000003,3013.564826177767,6033.129652355534,6045.490544612387,22.12587912364603,0.001650777806880791,0.05210241382583444,mixture,9
mixture,0.006000000000000004,3013.572993752574,6033.145987505148,6045.506879762001,24.05007592960922,0.0016809207702385592,0.04853372558175872,mixture,9
mixture,0.006250000000000004,3013.630493241658,6033.260986483316,6045.6218787401685,24.506930021321637,0.0016876223702328094,0.047768416123409825,mixture,9
mixture,0.0047500000000000025,3013.6373264928475,6033.274652985695,6045.635545242548,21.616330676521414,0.001642318027425113,0.05315348727632543,mixture,9
mixture,0.006500000000000004,3013.704522227754,6033.409044455508,6045.7699367123605,24.95658706966071,0.001694034555059358,0.04704162551623706,mixture,9
mixture,0.004500000000000002,3013.750064415235,6033.50012883047,6045.861021087323,21.095486446702687,0.001633301377299304,0.054279283566860924,mixture,9
mixture,0.006750000000000004,3013.792966813374,6033.585933626748,6045.9468258836005,25.398612990403937,0.001700184562918682,0.04635191682297714,mixture,9
mixture,0.0070000000000000045,3013.894010412076,6033.788020824152,6046.148913081005,25.83346479300934,0.0017060932851069332,0.04569609122481898,mixture,9
mixture,0.004250000000000002,3013.910240539606,6033.820481079212,6046.181373336065,20.56060600713117,0.0016237629914523798,0.05549447107725967,mixture,9
mixture,0.007250000000000005,3014.00608480163,6034.01216960326,6046.373061860113,26.261429720519892,0.0017117866395743105,0.045071551693413384,mixture,9
mixture,0.004000000000000002,3014.126708318263,6034.253416636526,6046.614308893379,20.01039805108658,0.0016136317827459153,0.056811966471690685,mixture,9
mixture,0.007500000000000005,3014.127830582397,6034.255661164794,6046.616553421647,26.6825677208568,0.001717298821459625,0.044476323142153135,mixture,9
mixture,0.007750000000000005,3014.2580648475796,6034.516129695159,6046.877021952012,27.098469414395783,0.001722561357929686,0.04390611961318988,mixture,9
mixture,0.008000000000000005,3014.3957546338706,6034.791509267741,6047.152401524594,27.50817165656553,0.0017276702977918528,0.043361080806952265,mixture,9
mixture,0.0037500000000000016,3014.410470196395,6034.82094039279,6047.181832649643,19.443208916472475,0.0016028387192081775,0.05824793770350554,mixture,9
mixture,0.008500000000000006,3014.689990559187,6035.379981118374,6047.740873375227,28.311377015424235,0.0017373857507821438,0.04233747440622582,mixture,9
mixture,0.0035000000000000014,3014.775365252875,6035.55073050575,6047.911622762603,18.857160796318233,0.0015912923089769883,0.059822218076758825,mixture,9
mixture,0.008750000000000006,3014.8450406079796,6035.690081215959,6048.050973472812,28.705360870338694,0.0017420123056792745,0.04185591691887688,mixture,9
mixture,0.009000000000000006,3015.004525887252,6036.009051774504,6048.369944031357,29.09455668124724,0.0017465029686586056,0.04139273051822603,mixture,9
mixture,0.009250000000000006,3015.167897980463,6036.335795960926,6048.6966882177785,29.47953791800822,0.001750844923066007,0.04094621710997654,mixture,9
mixture,0.003250000000000001,3015.239040979589,6036.478081959178,6048.838974216031,18.249911018112766,0.0015788939828062683,0.06156004706673611,mixture,9
mixture,0.009500000000000007,3015.3346699693157,6036.669339938631,6049.030232195484,29.85920174322441,0.001755098017507882,0.04051721542657832,mixture,9
mixture,0.009750000000000007,3015.5044088419013,6037.008817683803,6049.369709940655,30.235422321308917,0.001759203010404964,0.04010223105818165,mixture,9
mixture,0.010000000000000007,3015.6767285537076,6037.353457107415,6049.714349364268,30.60744225768974,0.0017631980172160121,0.03970174839070108,mixture,9
mixture,0.003000000000000001,3015.8243582640216,6037.648716528043,6050.009608784896,17.619476692331006,0.0015654702845132949,0.06349056888362523,mixture,9
mixture,0.0027500000000000007,3016.56147485156,6039.12294970312,6051.483841959973,16.959488426908326,0.001551062266846196,0.06566683211802395,mixture,9
mixture,0.0025000000000000005,3017.4910342217445,6040.982068443489,6053.342960700342,16.269066565288355,0.0015352385322120025,0.06813219708768213,mixture,9
mixture,0.0022500000000000003,3018.66921371892,6043.33842743784,6055.699319694693,15.540879760856466,0.0015179000246452828,0.07097095170122791,mixture,9
mixture,0.002,3020.1760721920937,6046.352144384187,6058.71303664104,14.767959661123548,0.00149870727621948,0.07429201358710065,mixture,9
mixture,0.05,3038.2878647183284,6082.575729436657,6094.93662169351,69.66662586977299,0.0020256223436357404,0.021119158020265198,mixture,9
mixture,0.1,3053.1119986174926,6112.223997234985,6124.584889491838,100.97872618653275,0.0021591366028706604,0.01646424279761708,mixture,9
mixture,0.15000000000000002,3062.483697121046,6130.967394242092,6143.328286498945,126.0108598791358,0.0022440355268394736,0.014366116645426124,mixture,9
mixture,0.008250000000000006,3090.772697954519,6187.545395909038,6199.906288165891,7.6453547821023955,0.002326451326737517,0.24193855484338952,mixture,9
mixture,0.2,3104.370023965049,6214.740047930098,6227.1009401869505,76.71493698047222,0.0027016605281659795,0.29779727903725717,mixture,9
mixture,0.25,3104.497764221199,6214.995528442398,6227.3564206992505,95.06658149416344,0.002701298174656872,0.2977979003080407,mixture,9
mixture,0.3,3104.583377818374,6215.166755636748,6227.527647893601,113.41844205078475,0.0027010514611898466,0.2977983212710382,mixture,9
mixture,0.35000000000000003,3104.644754332394,6215.289508664788,6227.6504009216405,131.77042609121304,0.0027008727189660685,0.2977986253497901,mixture,9
mixture,0.4,3104.6909099071468,6215.3818198142935,6227.742712071146,150.122494664504,0.002700737151743463,0.297798855483894,mixture,9
mixture,0.45,3104.726882006819,6215.453764013638,6227.814656270491,168.4746167722442,0.0027006308615397426,0.29779903568860466,mixture,9
mixture,0.5,3104.755706032207,6215.511412064414,6227.872304321267,186.826803970909,0.002700544891914315,0.2977991799079834,mixture,9
null,,3104.8859269880973,6211.7718539761945,6215.892151395145,370.3490246904265,0.0027001556189756313,,mixture,9
sum,,3120.288247912827,6242.576495825654,6246.696793244605,544.7554516312031,0.003671372161602507,,mixture,9
mixture,0.002,2912.237375254034,5830.474750508068,5842.789130205313,16.223937609407585,0.0014060201043782823,0.06742567691542659,mixture,10
mixture,0.0022500000000000003,2912.244011305491,5830.488022610982,5842.802402308227,16.98309428942129,0.001432077807091883,0.06473872292169797,mixture,10
mixture,0.0025000000000000005,2912.4223763700184,5830.844752740037,5843.159132437282,17.700732830785697,0.001455118582070591,0.06241138914336403,mixture,10
mixture,0.0027500000000000007,2912.7208532910718,5831.4417065821435,5843.756086279389,18.38405919094117,0.0014756776290231694,0.06036436453115462,mixture,10
mixture,0.003000000000000001,2913.104618776889,5832.209237553778,5844.523617251023,19.03845172270013,0.0014941772894555927,0.05854148492246667,mixture,10
mixture,0.003250000000000001,2913.5494805858157,5833.098961171631,5845.413340868877,19.66795655630264,0.0015109571233592356,0.05690186002719571,mixture,10
mixture,0.0035000000000000014,2914.0382270475534,5834.076454095107,5846.390833792352,20.27586404972246,0.0015262599563194263,0.055414442229317754,mixture,10
mixture,0.0037500000000000016,2914.5583713138667,5835.116742627733,5847.431122324979,20.864838550870214,0.0015402903740016703,0.054055204713919024,mixture,10
mixture,0.004000000000000002,2915.1007073408987,5836.201414681797,5848.515794379043,21.436914645016657,0.001553221546685794,0.05280563883324448,mixture,10
mixture,0.004250000000000002,2915.6583573043786,5837.316714608757,5849.6310943060025,21.99393457722426,0.0015651871053200296,0.051650523377996305,mixture,10
mixture,0.004500000000000002,2916.2261267623257,5838.4522535246515,5850.766633221897,22.537300860617023,0.001576305919815693,0.05057786016527502,mixture,10
mixture,0.0047500000000000025,2916.800058282811,5839.600116565622,5851.914496262867,23.06827785593833,0.0015866737837144846,0.049577590941901784,mixture,10
mixture,0.005000000000000003,2917.377116322552,5840.754232645104,5853.068612342349,23.5879778126049,0.0015963691440186731,0.048641294251512465,mixture,10
mixture,0.005250000000000003,2917.9549608914167,5841.909921782833,5854.224301480079,24.09731028570567,0.0016054749963440324,0.047761946452324816,mixture,10
mixture,0.005500000000000003,2918.5317824635886,5843.063564927177,5855.3779446244225,24.597008789760693,0.0016140187488313323,0.04693392047894797,mixture,10
mixture,0.005750000000000003,2919.106179956486,5844.212359912972,5856.526739610217,25.08773625952963,0.0016220873130924514,0.04615205171066297,mixture,10
mixture,0.006000000000000004,2919.6770693386898,5845.3541386773795,5857.668518374625,25.570361084065713,0.0016297109508281978,0.04541150415790827,mixture,10
mixture,0.006250000000000004,2920.2436145191054,5846.487229038211,5858.801608735456,26.045205254621557,0.0016369317990807379,0.044708963540609076,mixture,10
mixture,0.006500000000000004,2920.8051744911354,5847.610348982271,5859.924728679516,26.512733698693165,0.0016437848282105615,0.04404115647960983,mixture,10
mixture,0.006750000000000004,2921.3612625883948,5848.7225251767895,5861.036904874035,26.97343427849986,0.001650303762922421,0.043405057272797476,mixture,10
mixture,0.0070000000000000045,2921.9115148027176,5849.823029605435,5862.137409302681,27.427775423099117,0.0016565064020885656,0.042798007880336865,mixture,10
mixture,0.007250000000000005,2922.455664954727,5850.911329909454,5863.2257096067,27.87603655689596,0.0016624282012716722,0.042217830386493384,mixture,10
mixture,0.007500000000000005,2922.993525141329,5851.987050282658,5864.301429979903,28.318448704016223,0.0016680915321663956,0.04166265684638645,mixture,10
mixture,0.007750000000000005,2923.524970214602,5853.049940429204,5865.3643201264495,28.755546906448956,0.0016734971370346717,0.04113034156129289,mixture,10
mixture,0.008000000000000005,2924.0499253763146,5854.099850752629,5866.414230449875,29.187336956127506,0.0016786891273003672,0.04061959015324824,mixture,10
mixture,0.008250000000000006,2924.568356303239,5855.136712606478,5867.451092303723,29.61433425511238,0.001683654666247109,0.04012862275549511,mixture,10
mixture,0.008500000000000006,2925.080261074769,5856.160522149538,5868.474901846784,30.03625572391529,0.0016884530865687655,0.039656729177303826,mixture,10
mixture,0.008750000000000006,2925.5856639459234,5857.171327891847,5869.485707589092,30.45452187597239,0.00169305831163923,0.03920097686772665,mixture,10
mixture,0.009000000000000006,2926.084609447611,5858.169218895222,5870.483598592467,30.86689716852739,0.0016974912663557471,0.03876400283093935,mixture,10
mixture,0.009250000000000006,2926.5771592833385,5859.154318566677,5871.468698263922,31.27585680215244,0.0017017667740693934,0.03834122956343542,mixture,10
mixture,0.009500000000000007,2927.0633877379714,5860.126775475943,5872.441155173188,31.680796616874353,0.0017058930792303903,0.03793294571886576,mixture,10
mixture,0.009750000000000007,2927.5433794078845,5861.086758815769,5873.401138513014,32.081830798633376,0.0017099034835074665,0.03753825674261641,mixture,10
mixture,0.010000000000000007,2928.0172266682075,5862.034453336415,5874.34883303366,32.479199906944665,0.0017137331671629665,0.03715660293695243,mixture,10
mixture,0.05,2967.9677056642117,5941.9354113284235,5954.249791025669,75.06913742581699,0.0019533237444623146,0.019202881459707617,mixture,10
mixture,0.1,2989.4406077432614,5984.881215486523,5997.195595183768,107.74288702752867,0.0020947604878542433,0.014998816984140625,mixture,10
mixture,0.15000000000000002,3002.5609003720137,6011.1218007440275,6023.436180441273,133.04569076573824,0.0021888114096917286,0.013175159857153375,mixture,10
mixture,0.2,3011.925611625788,6029.851223251576,6042.165602948821,154.71930617933347,0.00225887538004653,0.012088304110030408,mixture,10
mixture,0.35000000000000003,3048.395077501241,6102.790155002482,6115.104534699727,293.11506275446135,0.008896158390223258,0.0025613518837553574,mixture,10
mixture,0.25,3059.3184039794396,6124.636807958879,6136.951187656125,95.88353681659297,0.0026776559184990287,0.29782088787719896,mixture,10
mixture,0.3,3059.495427429852,6124.990854859704,6137.3052345569495,114.41730705834165,0.0026769722016243714,0.29782188796706033,mixture,10
mixture,0.4,3059.717841094446,6125.435682188892,6137.750061886138,151.48560330830568,0.002676104664596059,0.29782315462161685,mixture,10
mixture,0.45,3059.792261433352,6125.584522866704,6137.898902563949,170.01996845351584,0.0026758121949349766,0.29782358128474146,mixture,10
mixture,0.5,3059.8519000273163,6125.703800054633,6138.018179751878,188.55443751763858,0.002675576791198548,0.297823922042799,mixture,10
null,,3060.1214074267305,6122.242814853461,6126.347608085876,373.90057905859277,0.002674507759570207,,mixture,10
sum,,3081.067474637047,6164.134949274094,6168.239742506509,555.8961804863785,0.0035977941029386286,,mixture,10
mixture,0.003250000000000001,3185.781832323481,6377.563664646962,6390.085022958668,22.768364320850395,0.0011724644046499733,0.04984640965130649,mixture,11
mixture,0.0035000000000000014,3185.826111950142,6377.652223900284,6390.17358221199,23.447234157113453,0.0011887990298963293,0.048602438708987124,mixture,11
mixture,0.003000000000000001,3185.8290900938787,6377.658180187757,6390.179538499463,22.060454361910192,0.0011548427233604337,0.05122619683034793,mixture,11
mixture,0.0037500000000000016,3185.9422455073186,6377.884491014637,6390.405849326343,24.100561090399378,0.0012040074582670916,0.04747220922878218,mixture,11
mixture,0.0027500000000000007,3185.9943173534402,6377.9886347068805,6390.509993018586,21.31906995212042,0.001135742486342117,0.05277084248228515,mixture,11
mixture,0.004000000000000002,3186.1153048215583,6378.230609643117,6390.751967954822,24.731075388205788,0.001218234548324432,0.04643868567529673,mixture,11
mixture,0.0025000000000000005,3186.313780622575,6378.62756124515,6391.148919556856,20.539105329495545,0.0011148877036686843,0.054517947319364636,mixture,11
mixture,0.004250000000000002,3186.33378936604,6378.66757873208,6391.188937043786,25.341516945766553,0.001231576610304742,0.04548744513665116,mixture,11
mixture,0.004500000000000002,3186.5887182883853,6379.177436576771,6391.698794888476,25.93309509381723,0.0012441612560385193,0.04460884798327016,mixture,11
mixture,0.0022500000000000003,3186.83853269852,6379.67706539704,6392.198423708745,19.71306477759279,0.001091999130589999,0.056521343451553484,mixture,11
mixture,0.0047500000000000025,3186.872995105454,6379.745990210908,6392.267348522613,26.508673778531204,0.0012560170178196922,0.04379176079658742,mixture,11
mixture,0.005000000000000003,3187.180954024269,6380.361908048538,6392.883266360243,27.068762828393957,0.0012672548548961476,0.04303032700535528,mixture,11
mixture,0.005250000000000003,3187.5080302099395,6381.016060419879,6393.537418731585,27.61492831961472,0.001277920057253589,0.04231773997439598,mixture,11
mixture,0.002,3187.642706960152,6381.285413920304,6393.806772232009,18.83161165578933,0.001066665864267897,0.05885610305133642,mixture,11
mixture,0.005500000000000003,3187.8505162360943,6381.701032472189,6394.222390783894,28.14814084262457,0.0012880769296520263,0.041648851362403434,mixture,11
mixture,0.005750000000000003,3188.2053796520545,6382.410759304109,6394.932117615815,28.669687110399273,0.001297739656749892,0.04101876498490239,mixture,11
mixture,0.006000000000000004,3188.5701244940374,6383.140248988075,6395.66160729978,29.18008675270194,0.0013069781790581098,0.04042401380596621,mixture,11
mixture,0.006250000000000004,3188.9426850133586,6383.885370026717,6396.406728338423,29.680245341159992,0.0013158133432524199,0.039861082458999435,mixture,11
mixture,0.006500000000000004,3189.321343167926,6384.642686335852,6397.164044647558,30.170762234228263,0.0013242833376935308,0.03932714822120853,mixture,11
mixture,0.006750000000000004,3189.704664008673,6385.409328017346,6397.930686329051,30.652231687858304,0.0013324140142100226,0.038819695622491525,mixture,11
mixture,0.0070000000000000045,3190.0914445886856,6386.182889177371,6398.704247489077,31.125282461399607,0.0013402270847426554,0.03833638321386875,mixture,11
mixture,0.007250000000000005,3190.4806732459047,6386.961346491809,6399.482704803515,31.590362188758306,0.0013477464291904646,0.037875302173291055,mixture,11
mixture,0.007500000000000005,3190.8714969146677,6387.742993829335,6400.264352141041,32.04776606790057,0.0013550074289066238,0.03743483171426281,mixture,11
mixture,0.007750000000000005,3191.263194692525,6388.52638938505,6401.047747696755,32.49833801496445,0.0013619820716199128,0.037013064756924355,mixture,11
mixture,0.008000000000000005,3191.6551563255603,6389.3103126511205,6401.831670962826,32.942010349909104,0.0013687323926980354,0.0366089670284315,mixture,11
mixture,0.008250000000000006,3192.0468645995943,6390.093729199189,6402.615087510894,33.379271202024,0.0013752585542483671,0.03622116652833146,mixture,11
mixture,0.008500000000000006,3192.4378808408105,6390.875761681621,6403.397119993327,33.81042813618947,0.0013815749984641078,0.035848540709026315,mixture,11
mixture,0.008750000000000006,3192.8278329186824,6391.655665837365,6404.17702414907,34.23570813256267,0.0013876936707239943,0.035490153721068125,mixture,11
mixture,0.009000000000000006,3193.216405270162,6392.432810540324,6404.954168852029,34.65554353310493,0.0013936228561261966,0.03514489072896362,mixture,11
mixture,0.009250000000000006,3193.6033305585206,6393.206661117041,6405.728019428747,35.06980576965883,0.0013993855816117294,0.034812308035680764,mixture,11
mixture,0.009500000000000007,3193.9883826990886,6393.976765398177,6406.498123709883,35.47936850428908,0.0014049674419509372,0.03449098859759142,mixture,11
mixture,0.009750000000000007,3194.3713709506046,6394.742741901209,6407.264100212915,35.88398115931128,0.0014103959375504917,0.034180698541177425,mixture,11
mixture,0.010000000000000007,3194.7521349528447,6395.504269905689,6408.025628217395,36.28392176032507,0.0014156762407162074,0.03388071822054504,mixture,11
mixture,0.05,3231.1004193031795,6468.200838606359,6480.722196918065,78.19341280186244,0.0017340595303456986,0.01924661095502104,mixture,11
mixture,0.1,3251.476193896013,6508.952387792026,6521.473746103731,112.53546149729041,0.0018711840148618907,0.015230136699274161,mixture,11
mixture,0.15000000000000002,3263.8194796498383,6533.638959299677,6546.160317611382,140.3674861289132,0.0019538203709114944,0.013365868584261628,mixture,11
mixture,0.2,3315.8418596904676,6637.683719380935,6650.205077692641,86.8892322394583,0.0023751340322832964,0.2981227901013657,mixture,11
mixture,0.25,3316.0208258471025,6638.041651694205,6650.563010005911,107.7952599961625,0.002374630732985837,0.29812382907550605,mixture,11
mixture,0.3,3316.140691338972,6638.281382677944,6650.8027409896495,128.7024963816853,0.0023742726792832405,0.29812453188405436,mixture,11
mixture,0.35000000000000003,3316.2265833269958,6638.4531666539915,6650.974524965697,149.61054273656987,0.0023740039853204203,0.29812504366386244,mixture,11
mixture,0.4,3316.291152856456,6638.582305712912,6651.1036640246175,170.51930173449938,0.002373792484952971,0.2981254366998336,mixture,11
mixture,0.45,3316.3414635122817,6638.6829270245635,6651.204285336269,191.42307769052036,0.002373690397258767,0.2981259528554547,mixture,11
mixture,0.5,3316.3817681669334,6638.763536333867,6651.284894645572,212.33110431122302,0.002373560864821614,0.29812614509058927,mixture,11
null,,3316.563765389995,6635.12753077999,6639.301316883892,421.41278336102005,0.0023729702550178934,,mixture,11
sum,,3333.6458726532687,6669.291745306537,6673.465531410439,613.2465319878274,0.0032613311216241805,,mixture,11
mixture,0.004000000000000002,2901.3703859527677,5808.740771905535,5820.987428636665,20.521320669221137,0.001532455130745205,0.055607881634400266,mixture,12
mixture,0.0037500000000000016,2901.370520671403,5808.741041342806,5820.9876980739355,19.956531782272407,0.0015207160920874705,0.05695920487760371,mixture,12
mixture,0.004250000000000002,2901.4178700976486,5808.835740195297,5821.082396926427,21.06586069396943,0.0015436246803250176,0.054375127463511905,mixture,12
mixture,0.0035000000000000014,2901.428928878115,5808.85785775623,5821.10451448736,19.370155608224845,0.0015083111702024945,0.05844684638639937,mixture,12
mixture,0.004500000000000002,2901.504529640375,5809.00905928075,5821.2557160118795,21.592364088323176,0.0015542754932224708,0.05324348148213324,mixture,12
mixture,0.003250000000000001,2901.5592264772486,5809.118452954497,5821.3651096856265,18.75536429763113,0.001495387058068933,0.06011031010521871,mixture,12
mixture,0.0047500000000000025,2901.623597860237,5809.247195720474,5821.493852451604,22.10246394639798,0.0015644496656115183,0.05219956048516344,mixture,12
mixture,0.005000000000000003,2901.769597869247,5809.539195738494,5821.785852469623,22.59855990377457,0.0015741535717669905,0.051229904551044224,mixture,12
mixture,0.003000000000000001,2901.7790729973544,5809.558145994709,5821.804802725838,18.11183934292113,0.0014817303755850241,0.061974816681809604,mixture,12
mixture,0.005250000000000003,2901.938057061803,5809.876114123606,5822.122770854736,23.08031256355561,0.0015834277797230109,0.05032957494012073,mixture,12
mixture,0.0027500000000000007,2902.111759868857,5810.223519737714,5822.470176468843,17.433693598368865,0.0014673476953801755,0.0640924135824345,mixture,12
mixture,0.005500000000000003,2902.125294820891,5810.250589641782,5822.497246372912,23.550209045130835,0.001592323565322992,0.04948712233838812,mixture,12
mixture,0.005750000000000003,2902.328260079891,5810.656520159782,5822.903176890912,24.008859664652462,0.0016008549694836345,0.04869709500541936,mixture,12
mixture,0.006000000000000004,2902.5444078202727,5811.088815640545,5823.335472371675,24.457168950352184,0.0016090394132584316,0.047953911631535735,mixture,12
mixture,0.0025000000000000005,2902.5886237948,5811.1772475896,5823.423904320729,16.714498383974554,0.001452272660490445,0.06653078798612737,mixture,12
mixture,0.006250000000000004,2902.771602856815,5811.54320571363,5823.78986244476,24.89591757544509,0.0016169076566792855,0.04725276716373447,mixture,12
mixture,0.006500000000000004,2903.0080445243607,5812.016089048721,5824.262745779851,25.32546093309302,0.0016244906352588363,0.04659024427447397,mixture,12
mixture,0.006750000000000004,2903.252207164469,5812.504414328938,5824.751071060067,25.74677330240508,0.0016317907130227272,0.045962063432542305,mixture,12
mixture,0.0022500000000000003,2903.252831655269,5812.505663310538,5824.752320041667,15.94644878127744,0.0014365069823027688,0.06938384104109602,mixture,12
mixture,0.0070000000000000045,2903.502792605431,5813.005585210862,5825.252241941991,26.160270428140294,0.0016388307911169504,0.045365391701566636,mixture,12
mixture,0.007250000000000005,2903.7586920230115,5813.517384046023,5825.764040777152,26.566420565191237,0.0016456277620566968,0.044797556344585134,mixture,12
mixture,0.007500000000000005,2904.0189550461973,5814.037910092395,5826.284566823524,26.9656475245607,0.0016521977335473346,0.044256194150600114,mixture,12
mixture,0.002,2904.165571055083,5814.331142110166,5826.577798841296,15.119632350925098,0.00142009275411115,0.07278681953068927,mixture,12
mixture,0.007750000000000005,2904.2827645859743,5814.565529171949,5826.812185903078,27.358395473124766,0.0016585495259384929,0.04373912728951257,mixture,12
mixture,0.008000000000000005,2904.549416184085,5815.09883236817,5827.3454890993,27.74496009434269,0.0016647008409632579,0.043244578225191836,mixture,12
mixture,0.008250000000000006,2904.8183010013677,5815.636602002735,5827.883258733865,28.12587458951269,0.0016706476133511222,0.042770576232135274,mixture,12
mixture,0.008750000000000006,2905.3607305285836,5816.721461057167,5828.968117788297,28.8710997458903,0.0016820178341241119,0.041879648012405894,mixture,12
mixture,0.009000000000000006,2905.6334197421547,5817.2668394843095,5829.513496215439,29.235708164907223,0.0016874871458081174,0.0414603858967425,mixture,12
mixture,0.009250000000000006,2905.906613122457,5817.813226244914,5830.059882976044,29.595703674629544,0.0016928033549337244,0.041056474299237374,mixture,12
mixture,0.009500000000000007,2906.1800089698263,5818.360017939653,5830.606674670782,29.95162779958905,0.0016979321615412139,0.04066661748363787,mixture,12
mixture,0.009750000000000007,2906.453344206038,5818.906688412076,5831.153345143205,30.302910052920954,0.0017029610294470587,0.04029077190255982,mixture,12
mixture,0.010000000000000007,2906.7263892215815,5819.452778443163,5831.699435174292,30.650009582282987,0.0017078155774740904,0.03992808685223157,mixture,12
mixture,0.05,2934.791885736482,5875.583771472964,5887.830428204094,67.3545998587315,0.0020009046281185545,0.022423693152916736,mixture,12
mixture,0.1,2950.8858715202023,5907.7717430404045,5920.018399771534,98.49467445443429,0.0021207561123553213,0.01752961706821774,mixture,12
mixture,0.15000000000000002,2960.611063977749,5927.222127955498,5939.468784686627,124.1962511933925,0.0021926485409597043,0.015236842922432258,mixture,12
mixture,0.008500000000000006,2985.314782435891,5976.629564871782,5988.876221602912,8.561842569856758,0.002076713594272397,0.22186979902296147,mixture,12
mixture,0.2,3001.417935180045,6008.83587036009,6021.082527091219,79.98196220660193,0.002587436206553984,0.29791047348405975,mixture,12
mixture,0.25,3001.5651184095314,6009.130236819063,6021.376893550192,99.15118085054749,0.002587090279654246,0.29791201729874556,mixture,12
mixture,0.3,3001.6637347081255,6009.327469416251,6021.57412614738,118.32524192359818,0.0025867519183497886,0.29791255009268613,mixture,12
mixture,0.35000000000000003,3001.734420323348,6009.468840646696,6021.715497377825,137.49946269567855,0.0025865072655955764,0.29791293445249833,mixture,12
mixture,0.4,3001.7875695516404,6009.575139103281,6021.82179583441,156.67379063953447,0.002586322032046417,0.2979132250127622,mixture,12
mixture,0.45,3001.8289882100307,6009.6579764200615,6021.904633151191,175.84818521951354,0.0025861770001326797,0.2979134523363839,mixture,12
mixture,0.5,3001.8621739441232,6009.7243478882465,6021.971004619376,195.02263411059025,0.0025860602667500897,0.2979136339366424,mixture,12
null,,3002.012072070217,6006.024144140434,6010.106363050811,386.7680200118019,0.0025855291757821285,,mixture,12
sum,,3015.681601397401,6033.363202794802,6037.445421705179,565.3195270417377,0.0035378222480051346,,mixture,12
mixture,0.004500000000000002,2905.01225547172,5816.02451094344,5828.284835124177,23.735496042128354,0.0014760703266789494,0.048122332771754296,mixture,13
mixture,0.004250000000000002,2905.0304637063664,5816.060927412733,5828.32125159347,23.19316850401871,0.0014632957582298499,0.049078884568465646,mixture,13
mixture,0.0047500000000000025,2905.035855068822,5816.071710137644,5828.332034318381,24.263600157322255,0.0014880758517777078,0.04723191199018023,mixture,13
mixture,0.005000000000000003,2905.0944654743307,5816.188930948661,5828.449255129399,24.778550486017124,0.0014994061473349327,0.04640014834875343,mixture,13
mixture,0.004000000000000002,2905.098893597774,5816.197787195548,5828.458111376285,22.63490803354584,0.0014496827066836373,0.050111484059612806,mixture,13
mixture,0.005250000000000003,2905.1825427887534,5816.365085577507,5828.625409758244,25.281345523654,0.00151012457409437,0.04562066570761688,mixture,13
mixture,0.0037500000000000016,2905.2280735015033,5816.456147003007,5828.716471183744,22.05922085986161,0.001435106653050533,0.05123115563410409,mixture,13
mixture,0.005500000000000003,2905.295526160412,5816.591052320824,5828.851376501561,25.772999431218018,0.0015202906767713574,0.04488773959394025,mixture,13
mixture,0.005750000000000003,2905.429634377674,5816.859268755348,5829.119592936086,26.254221268801153,0.0015299570221174808,0.04419685264364336,mixture,13
mixture,0.0035000000000000014,2905.431339493623,5816.862678987246,5829.123003167983,21.46453532775188,0.0014194036276844527,0.052450926810045186,mixture,13
mixture,0.006000000000000004,2905.5817106712257,5817.163421342451,5829.423745523189,26.72563651390476,0.001539175194916627,0.043544076394068654,mixture,13
mixture,0.003250000000000001,2905.7258205640783,5817.451641128157,5829.711965308894,20.848074598476334,0.001402448156461144,0.05378912220963884,mixture,13
mixture,0.006250000000000004,2905.7491029262974,5817.498205852595,5829.758530033332,27.187947971605603,0.0015479802074420122,0.04292577105620499,mixture,13
mixture,0.006500000000000004,2905.929570208123,5817.859140416246,5830.119464596984,27.64191022003531,0.0015563901034436963,0.04233860942591789,mixture,13
mixture,0.006750000000000004,2906.1212091095094,5818.242418219019,5830.502742399756,28.087434242886616,0.0015644790435977037,0.04178076896686291,mixture,13
mixture,0.003000000000000001,2906.1338711666485,5818.267742333297,5830.528066514034,20.20722014435872,0.0013840114227879749,0.05526727638866583,mixture,13
mixture,0.0070000000000000045,2906.3223952380995,5818.644790476199,5830.905114656936,28.526080825486304,0.0015721969151954705,0.04124831210172023,mixture,13
mixture,0.007250000000000005,2906.5317362775777,5819.063472555155,5831.323796735893,28.95722822198414,0.001579637921333393,0.040740625639319204,mixture,13
mixture,0.0027500000000000007,2906.685209454294,5819.370418908588,5831.630743089326,19.53832326934319,0.0013638491384723452,0.056914258518944674,mixture,13
mixture,0.007500000000000005,2906.7480341021455,5819.496068204291,5831.756392385028,29.381626253294787,0.0015868006837053315,0.040255306302673426,mixture,13
mixture,0.008000000000000005,2907.1974991826,5820.3949983652,5832.655322545937,30.211308244104398,0.0016003822936066633,0.03934555861849609,mixture,13
mixture,0.0025000000000000005,2907.4202075722433,5820.8404151444865,5833.100739325224,18.836920173112812,0.0013416487614270039,0.0587679367696586,mixture,13
mixture,0.008250000000000006,2907.4289905117394,5820.857981023479,5833.118305204216,30.617121568246752,0.0016068290302896156,0.038918429621771826,mixture,13
mixture,0.008500000000000006,2907.6640487450586,5821.328097490117,5833.588421670855,31.018289922264238,0.0016130190717032796,0.03850684564396199,mixture,13
mixture,0.008750000000000006,2907.9020804519882,5821.8041609039765,5834.064485084714,31.413387806869057,0.0016190521732689616,0.03811182028142394,mixture,13
mixture,0.009000000000000006,2908.142565980191,5822.285131960382,5834.54545614112,31.803578929672543,0.0016248898920735262,0.03773119099090811,mixture,13
mixture,0.009250000000000006,2908.385049314527,5822.770098629054,5835.030422809791,32.18917345270573,0.001630544442295815,0.037363920558290145,mixture,13
mixture,0.0022500000000000003,2908.3951386685003,5822.790277337001,5835.050601517738,18.09719709917497,0.0013169857711932387,0.06088017548264614,mixture,13
mixture,0.009500000000000007,2908.629129537032,5823.258259074064,5835.518583254801,32.56972059634392,0.0016360493093775029,0.03700998253729238,mixture,13
mixture,0.009750000000000007,2908.8744536406257,5823.748907281251,5836.009231461989,32.94573831482862,0.001641402661684762,0.03666818924853308,mixture,13
mixture,0.010000000000000007,2909.1207103157535,5824.241420631507,5836.501744812244,33.317764499040905,0.0016465879350835138,0.03633747654286725,mixture,13
mixture,0.002,2909.69090794476,5825.38181588952,5837.6421400702575,17.311192237380457,0.0012893448490393505,0.06332480540541983,mixture,13
mixture,0.05,2936.6085488348713,5879.2170976697425,5891.47742185048,72.26338601234548,0.0019620872571462803,0.020307685141061203,mixture,13
mixture,0.1,2954.6786222578485,5915.357244515697,5927.617568696434,96.55663323338243,0.0020759498532971626,0.018600455127687217,mixture,13
mixture,0.15000000000000002,2964.791312946818,5935.582625893636,5947.842950074373,119.91979845670906,0.002184602105037003,0.016582968442095933,mixture,13
mixture,0.007750000000000005,2992.6344893151377,5991.268978630275,6003.529302811013,7.840612218824476,0.002185109954915456,0.2310847095913953,mixture,13
mixture,0.2,3008.488295532362,6022.976591064724,6035.236915245461,78.28970025428951,0.0026453691151432086,0.2978534974036753,mixture,13
mixture,0.25,3008.627736653673,6023.255473307346,6035.515797488083,97.03943782602802,0.002644902919193952,0.29785424077700295,mixture,13
mixture,0.3,3008.721186159935,6023.44237231987,6035.702696500607,115.78943873544472,0.0026445861377469124,0.29785474391026806,mixture,13
mixture,0.35000000000000003,3008.7881773437166,6023.576354687433,6035.836678868171,134.53959281232315,0.002644356883422425,0.2978551071520116,mixture,13
mixture,0.4,3008.838553653064,6023.677107306128,6035.9374314868655,153.2898434134232,0.002644183299219827,0.2978553817829184,mixture,13
mixture,0.45,3008.8778143635036,6023.755628727007,6036.015952907745,172.04015997489995,0.0026440472908646545,0.29785559675590023,mixture,13
mixture,0.5,3008.9092729665354,6023.818545933071,6036.078870113808,190.79053519791796,0.0026439376809067943,0.29785576856227747,mixture,13
null,,3009.0513905844336,6020.102781168867,6024.189555895779,378.29503002497694,0.002643439433856625,,mixture,13
sum,,3025.457891182703,6052.915782365406,6057.002557092318,556.84725777051,0.003591649185824396,,mixture,13
mixture,0.005250000000000003,2908.0349090529007,5822.0698181058015,5834.350527415937,24.703030584859636,0.0016198427693626593,0.04634941504696877,mixture,14
mixture,0.005750000000000003,2908.0386961979757,5822.077392395951,5834.358101706087,25.593937362981084,0.001643244342979602,0.0449993530912582,mixture,14
mixture,0.006000000000000004,2908.08113952783,5822.16227905566,5834.442988365796,26.02422798725184,0.00165416496356374,0.04438090380437859,mixture,14
mixture,0.005000000000000003,2908.0823691944443,5822.1647383888885,5834.445447699024,24.240967597114984,0.0016072428900493702,0.04708933459448552,mixture,14
mixture,0.006250000000000004,2908.14587299938,5822.29174599876,5834.572455308896,26.44578613373547,0.0016645875286555568,0.04379469934610973,mixture,14
mixture,0.0047500000000000025,2908.1700537558336,5822.340107511667,5834.620816821803,23.766270793692208,0.001593984754711099,0.0478800536169311,mixture,14
mixture,0.006500000000000004,2908.2300008594116,5822.460001718823,5834.740711028959,26.858852337892365,0.0016745992986519534,0.043238276154039676,mixture,14
mixture,0.004500000000000002,2908.3048750550943,5822.6097501101885,5834.890459420324,23.277930785302164,0.001579979282731402,0.048727857411129616,mixture,14
mixture,0.006750000000000004,2908.331045608886,5822.662091217772,5834.942800527908,27.263894238691716,0.001684182302074562,0.04270938155961786,mixture,14
mixture,0.0070000000000000045,2908.446877364522,5822.893754729044,5835.17446403918,27.66167500606622,0.0016933983373877794,0.0422050763874377,mixture,14
mixture,0.004250000000000002,2908.4952459128235,5822.990491825647,5835.271201135783,22.774289050872373,0.0015651901918965604,0.049641147750257804,mixture,14
mixture,0.007250000000000005,2908.575656784638,5823.151313569276,5835.432022879411,28.052655085826817,0.0017022545123620385,0.04172340900319594,mixture,14
mixture,0.007500000000000005,2908.7157889154205,5823.431577830841,5835.7122871409765,28.437049449235452,0.0017107898436952965,0.04126285632361001,mixture,14
mixture,0.004000000000000002,2908.7515025085304,5823.503005017061,5835.783714327196,22.253876993670207,0.0015494852531597438,0.05062937361891327,mixture,14
mixture,0.007750000000000005,2908.8658854469986,5823.731770893997,5836.012480204133,28.815325789176462,0.0017190345896403965,0.040821605321113626,mixture,14
mixture,0.008000000000000005,2909.0247336173506,5824.049467234701,5836.330176544837,29.18766341307559,0.0017269677801307938,0.04039866539432238,mixture,14
mixture,0.0037500000000000016,2909.0864784672135,5824.172956934427,5836.453666244563,21.713971427534275,0.0015328451514283888,0.051706132769410794,mixture,14
mixture,0.008250000000000006,2909.1912706430744,5824.382541286149,5836.663250596284,29.554597136933864,0.0017346412636565483,0.039992224500239565,mixture,14
mixture,0.008500000000000006,2909.364562246571,5824.729124493142,5837.009833803278,29.916245714892817,0.0017420665395128478,0.03960141654776481,mixture,14
mixture,0.0035000000000000014,2909.5162985866364,5825.032597173273,5837.313306483408,21.152427783222752,0.001515107695959146,0.052886153775843554,mixture,14
mixture,0.008750000000000006,2909.5437848534884,5825.087569706977,5837.368279017112,30.272853935130158,0.0017492553654157314,0.039225229205158835,mixture,14
mixture,0.009000000000000006,2909.7282105631602,5825.4564211263205,5837.737130436456,30.624705842594818,0.001756221449877057,0.038862642417141144,mixture,14
mixture,0.009250000000000006,2909.9171944868667,5825.834388973733,5838.115098283869,30.972299120710513,0.001762956974774361,0.03851247195602853,mixture,14
mixture,0.003250000000000001,2910.061496252324,5826.122992504648,5838.403701814784,20.566479004660273,0.001496124388232743,0.054188277533095235,mixture,14
mixture,0.009500000000000007,2910.11016390826,5826.22032781652,5838.501037126655,31.314889465290786,0.0017695392750418878,0.03817505818070217,mixture,14
mixture,0.009750000000000007,2910.30660930532,5826.61321861064,5838.893927920775,31.65382722888363,0.0017758988329620961,0.037848312991648835,mixture,14
mixture,0.010000000000000007,2910.5060763226184,5827.012152645237,5839.292861955372,31.988525231793087,0.001782090801182767,0.03753250132685972,mixture,14
mixture,0.003000000000000001,2910.748621868188,5827.497243736376,5839.777953046511,19.95117203348495,0.0014758451236521531,0.055641009387347125,mixture,14
mixture,0.0027500000000000007,2911.612614471567,5829.225228943134,5841.50593825327,19.301389137089586,0.0014541087061043362,0.05727965291281508,mixture,14
mixture,0.0025000000000000005,2912.700397530418,5831.400795060836,5843.681504370971,18.60978842545995,0.001430813413848974,0.05915482239206024,mixture,14
mixture,0.0022500000000000003,2914.076506675595,5834.15301335119,5846.433722661325,17.86606741619307,0.0014059056378007595,0.061340827758994194,mixture,14
mixture,0.002,2915.83222210424,5837.66444420848,5849.945153518615,17.054928016237774,0.001379502077759198,0.06395333002294297,mixture,14
mixture,0.05,2936.359830748008,5878.719661496016,5891.000370806151,66.89125003796477,0.0021467226022885365,0.021789025071819255,mixture,14
mixture,0.1,2952.7658611831803,5911.531722366361,5923.812431676496,95.70621431903561,0.0022944489928858336,0.017266927214820944,mixture,14
mixture,0.005500000000000003,2979.30358181388,5964.60716362776,5976.887872937896,7.461941417095433,0.002118729355146642,0.20437538343552403,mixture,14
mixture,0.5,2992.495156466145,5990.99031293229,6003.271022242426,235.70357924431045,0.0026575289847164773,0.010513284446122163,mixture,14
mixture,0.15000000000000002,3006.452520074944,6018.905040149888,6031.1857494600235,55.70641196005846,0.0028381783515061087,0.2976596216053887,mixture,14
mixture,0.2,3006.7585903243025,6019.517180648605,6031.797889958741,73.18227746502001,0.0028370943543777525,0.29766133428279373,mixture,14
mixture,0.25,3006.9438249847694,6019.887649969539,6032.168359279674,90.65874929039136,0.0028364250833469583,0.29766238640900994,mixture,14
mixture,0.3,3007.0679875000815,6020.135975000163,6032.4166843102985,108.13553054530276,0.0028359708863739913,0.29766309843504296,mixture,14
mixture,0.35000000000000003,3007.157007467424,6020.314014934848,6032.594724244984,125.61249305736746,0.0028356424366535776,0.2976636124653298,mixture,14
mixture,0.4,3007.223955398508,6020.447910797016,6032.728620107152,143.0895775085682,0.0028353937271828134,0.29766400122328723,mixture,14
mixture,0.45,3007.276134936149,6020.552269872298,6032.8329791824335,160.56674997672835,0.002835198761576149,0.29766430572132846,mixture,14
null,,3007.5068660680354,6017.013732136071,6021.107301906116,352.8168857064997,0.002834331463465944,,mixture,14
sum,,3023.7203446294143,6049.440689258829,6053.534259028874,521.9270059250067,0.003831953467239001,,mixture,14
mixture,0.004250000000000002,2979.4163299250185,5964.832659850037,5977.1470395472825,26.108144569801304,0.0012588906990257933,0.04380358725129357,mixture,15
mixture,0.004500000000000002,2979.419371259767,5964.838742519534,5977.15312221678,26.711506102282584,0.0012717245779671343,0.04295947115315141,mixture,15
mixture,0.004000000000000002,2979.4643080243723,5964.9286160487445,5977.24299574599,25.48576572858855,0.0012453182454092008,0.04471634340100579,mixture,15
mixture,0.0047500000000000025,2979.4648974724296,5964.929794944859,5977.244174642105,27.295305596428303,0.0012838868363437687,0.04217946952560695,mixture,15
mixture,0.005000000000000003,2979.546002117285,5965.09200423457,5977.406383931815,27.862640443664933,0.0012954585065299614,0.04145314629705431,mixture,15
mixture,0.0037500000000000016,2979.573964495209,5965.147928990418,5977.462308687664,24.84015567750913,0.0012309400346570513,0.04571274459594675,mixture,15
mixture,0.005250000000000003,2979.657043100666,5965.314086201332,5977.628465898578,28.41490745402944,0.0013064647584279873,0.0407744094406327,mixture,15
mixture,0.0035000000000000014,2979.7587721568325,5965.517544313665,5977.83192401091,24.169009815886703,0.001215660848876414,0.04680619393497521,mixture,15
mixture,0.005500000000000003,2979.7933722953953,5965.586744590791,5977.901124288036,28.95309462946313,0.0013169709333002088,0.04013828310802497,mixture,15
mixture,0.005750000000000003,2979.951131332935,5965.90226266587,5978.216642363115,29.478397790317103,0.0013270115225435548,0.03954010862924748,mixture,15
mixture,0.003250000000000001,2980.03599560787,5966.07199121574,5978.3863709129855,23.46901669604594,0.0011993735704263755,0.0480146969164088,mixture,15
mixture,0.006000000000000004,2980.1270954855195,5966.254190971039,5978.568570668284,29.991823241713448,0.0013366281569941098,0.0389759353573911,mixture,15
mixture,0.006250000000000004,2980.3185529482557,5966.6371058965115,5978.951485593757,30.49423710324175,0.001345836017199491,0.03844251841135177,mixture,15
mixture,0.003000000000000001,2980.4281092779356,5966.856218555871,5979.170598253117,22.736193517055884,0.0011819284576785629,0.04936139910033574,mixture,15
mixture,0.006500000000000004,2980.5232104561005,5967.046420912201,5979.360800609446,30.98647562833715,0.0013546767744561114,0.037936813071563914,mixture,15
mixture,0.006750000000000004,2980.739118810724,5967.478237621448,5979.792617318693,31.468790415515507,0.0013631823197161202,0.03745690284871924,mixture,15
mixture,0.0070000000000000045,2980.9646136049664,5967.929227209933,5980.243606907178,31.942277413970018,0.0013713661065662336,0.036999944277938956,mixture,15
mixture,0.0027500000000000007,2980.964908685678,5967.929817371356,5980.244197068601,21.965416329034184,0.001163192435595953,0.05087690110088575,mixture,15
mixture,0.007250000000000005,2981.1982675906056,5968.396535181211,5980.710914878457,32.40742610408206,0.0013792499507867802,0.0365641035856279,mixture,15
mixture,0.007500000000000005,2981.438852187544,5968.877704375088,5981.192084072333,32.86461515647592,0.001386851388686118,0.0361478495550872,mixture,15
mixture,0.007750000000000005,2981.6853061112156,5969.370612222431,5981.684991919677,33.31413783970478,0.0013941978808052155,0.03574981803916099,mixture,15
mixture,0.0025000000000000005,2981.68675079473,5969.37350158946,5981.687881286705,21.1502187317532,0.0011429705575059868,0.05260261443122306,mixture,15
mixture,0.008000000000000005,2981.936709675113,5969.873419350226,5982.187799047471,33.75662539875854,0.001401303548469,0.03536837528621793,mixture,15
mixture,0.008250000000000006,2982.1922635782566,5970.384527156513,5982.698906853759,34.19264901240166,0.001408159806294533,0.035002192991547665,mixture,15
mixture,0.008500000000000006,2982.451271294716,5970.902542589432,5983.216922286678,34.622159641775546,0.0014148081788906222,0.03465053348290869,mixture,15
mixture,0.0022500000000000003,2982.6497079699748,5971.2994159399495,5983.613795637195,20.2824843726384,0.0011210305756024215,0.054595240397176815,mixture,15
mixture,0.008750000000000006,2982.7131244286948,5971.4262488573895,5983.740628554635,35.04550438945364,0.0014212591496067114,0.034312377896254034,mixture,15
mixture,0.009000000000000006,2982.9772904196925,5971.954580839385,5984.26896053663,35.46334628247604,0.0014274991707850825,0.03398652615978275,mixture,15
mixture,0.009250000000000006,2983.2433021690586,5972.486604338117,5984.8009840353625,35.875565050761075,0.0014335639593084388,0.0336725055695496,mixture,15
mixture,0.009500000000000007,2983.510749314547,5973.021498629094,5985.335878326339,36.28252549289715,0.0014394563057100118,0.03336948057585377,mixture,15
mixture,0.009750000000000007,2983.779270789647,5973.558541579294,5985.872921276539,36.68453603716437,0.0014451798270073233,0.033076724104635115,mixture,15
mixture,0.002,2983.9341224312593,5973.868244862519,5986.182624559764,19.351517212254407,0.001097078872093232,0.056935866084760776,mixture,15
mixture,0.010000000000000007,2984.048548483016,5974.097096966032,5986.411476663277,37.08171643204845,0.0014507487911544687,0.03279370105519954,mixture,15
mixture,0.05,3013.521501084685,6033.04300216937,6045.3573818666155,78.73978443728522,0.0017784173820526881,0.018765469337757478,mixture,15
mixture,0.1,3031.076792233434,6068.153584466868,6080.467964164113,113.13800477943747,0.0019132573789213626,0.014785336247968487,mixture,15
mixture,0.15000000000000002,3042.0961137989807,6090.192227597961,6102.506607295207,136.66891006473077,0.0019870863235292497,0.013893088581241945,mixture,15
mixture,0.2,3088.349049002357,6182.698098004714,6195.012477701959,84.9606044707611,0.002430823358173405,0.2980675281549462,mixture,15
mixture,0.25,3088.479931046936,6182.959862093872,6195.274241791118,105.37846993298821,0.0024304344441781643,0.29806832829422836,mixture,15
mixture,0.3,3088.5676526910406,6183.135305382081,6195.449685079327,125.79717705430627,0.0024301587254661476,0.2980688764815817,mixture,15
mixture,0.35000000000000003,3088.6305419290616,6183.261083858123,6195.5754635553685,146.21662625221848,0.002429949330817452,0.29806928042103914,mixture,15
mixture,0.4,3088.6778362367786,6183.355672473557,6195.670052170803,166.63072273794762,0.0024298713132921597,0.2980697753161312,mixture,15
mixture,0.45,3088.714696038212,6183.429392076424,6195.743771773669,187.04924257005464,0.002429752636377461,0.29806995831807453,mixture,15
mixture,0.5,3088.744231780002,6183.488463560004,6195.802843257249,207.46780893395885,0.0024296571586912103,0.29807010454294003,mixture,15
null,,3088.8776731409926,6179.755346281985,6183.8601395144005,411.6544871326696,0.0024292216683106777,,mixture,15
sum,,3105.227971247642,6212.455942495284,6216.5607357276995,603.2190626888294,0.0033155450875260225,,mixture,15
mixture,0.0022500000000000003,2919.4613146977654,5844.922629395531,5857.2303051793715,16.08407094091064,0.0014937921924606347,0.06844293683948313,mixture,16
mixture,0.0025000000000000005,2919.4944623048227,5844.988924609645,5857.296600393486,16.81126676559931,0.0015130931471889879,0.06580239740382136,mixture,16
mixture,0.002,2919.602581962415,5845.20516392483,5857.512839708671,15.304923934751294,0.00147288131244332,0.07155639541115681,mixture,16
mixture,0.0027500000000000007,2919.653242513297,5845.306485026594,5857.614160810434,17.49558622144015,0.0015309591658602935,0.06352183249281608,mixture,16
mixture,0.003000000000000001,2919.9040797317903,5845.8081594635805,5858.115835247421,18.14353773696898,0.001547572882155662,0.06152415116618922,mixture,16
mixture,0.003250000000000001,2920.22319179064,5846.44638358128,5858.754059365121,18.760855687618303,0.0015630459640481405,0.05975152637137016,mixture,16
mixture,0.0035000000000000014,2920.593335497644,5847.186670995288,5859.494346779129,19.3516244753376,0.0015774986090000445,0.05816287481315735,mixture,16
mixture,0.0037500000000000016,2921.0017651160956,5848.003530232191,5860.311206016032,19.919303274893796,0.0015910529153784108,0.05672638726011008,mixture,16
mixture,0.004000000000000002,2921.4389060795156,5848.877812159031,5861.185487942872,20.466423326066536,0.0016037926996936077,0.0554185072528737,mixture,16
mixture,0.004250000000000002,2921.897467538768,5849.794935077536,5862.102610861377,20.995483426973223,0.0016157875542072851,0.05421943115867399,mixture,16
mixture,0.004500000000000002,2922.371833929442,5850.743667858884,5863.0513436427245,21.506314226293252,0.0016272420986036672,0.05311911651131861,mixture,16
mixture,0.0047500000000000025,2922.8576359003746,5851.715271800749,5864.02294758459,22.006414873912856,0.0016378400876227845,0.05209027412039472,mixture,16
mixture,0.005000000000000003,2923.3514495242644,5852.702899048529,5865.0105748323695,22.49125641685994,0.001648007655750282,0.0511376457694274,mixture,16
mixture,0.005250000000000003,2923.850570229541,5853.701140459082,5866.008816242923,22.963922924145887,0.0016576731760445205,0.0502479361014207,mixture,16
mixture,0.005500000000000003,2924.3528513997358,5854.7057027994715,5867.013378583312,23.425531411814294,0.001666868358611565,0.049413863843362896,mixture,16
mixture,0.005750000000000003,2924.856581626776,5855.713163253552,5868.020839037393,23.876759291777095,0.001675647866949269,0.04862987561625856,mixture,16
mixture,0.006000000000000004,2925.3603922234,5856.7207844468,5869.028460230641,24.318535450503173,0.0016840504659121635,0.047890466267511776,mixture,16
mixture,0.006250000000000004,2925.8631863607943,5857.726372721589,5870.034048505429,24.751454268390635,0.0016920557854024694,0.04719171288285549,mixture,16
mixture,0.006500000000000004,2926.3640845259597,5858.728169051919,5871.03584483576,25.176270499742763,0.0016997361600576894,0.046529277492148115,mixture,16
mixture,0.006750000000000004,2926.862381767296,5859.724763534592,5872.032439318433,25.593187485406954,0.0017071172058210808,0.04590059471680066,mixture,16
mixture,0.0070000000000000045,2927.357514299832,5860.715028599664,5873.022704383505,26.003003645450224,0.0017142075959017751,0.04530216083467599,mixture,16
mixture,0.007250000000000005,2927.849032953948,5861.698065907896,5874.005741691737,26.40609161634755,0.0017210234259734418,0.04473160202211448,mixture,16
mixture,0.007500000000000005,2928.3365820389345,5862.673164077869,5874.98083986171,26.80276625577692,0.0017275889611794468,0.04418680642582693,mixture,16
mixture,0.007750000000000005,2928.819882394668,5863.639764789336,5875.947440573177,27.193395995629402,0.0017339209790819196,0.04366575383036343,mixture,16
mixture,0.008000000000000005,2929.298717709266,5864.597435418532,5876.905111202373,27.578362073425843,0.0017400279823902277,0.043166591753705394,mixture,16
mixture,0.008250000000000006,2929.7729234127537,5865.545846825507,5877.853522609348,27.957917240996743,0.0017459292264255968,0.04268778790746017,mixture,16
mixture,0.008500000000000006,2930.242377637269,5866.484755274538,5878.7924310583785,28.33230753882811,0.0017516364822116987,0.04222796262104491,mixture,16
mixture,0.008750000000000006,2930.7069938072364,5867.413987614473,5879.7216633983135,28.701827309978928,0.0017571595037823241,0.04178575397759304,mixture,16
mixture,0.009000000000000006,2931.166714546405,5868.33342909281,5880.64110487665,29.066702661610726,0.0017625097493424514,0.041360000403191606,mixture,16
mixture,0.009250000000000006,2931.6215066541017,5869.243013308203,5881.550689092044,29.427152153138806,0.0017676926624664328,0.0409496566350295,mixture,16
mixture,0.009500000000000007,2932.071356933143,5870.142713866286,5882.450389650126,29.78322704221851,0.0017727283105454985,0.04055394798008398,mixture,16
mixture,0.009750000000000007,2932.5162687489515,5871.032537497903,5883.340213281744,30.135393287788112,0.0017776103950613736,0.04017159590589005,mixture,16
mixture,0.010000000000000007,2932.9562591275267,5871.912518255053,5884.220194038894,30.483639015410763,0.0017823541075984788,0.03980206452447195,mixture,16
mixture,0.05,2970.81286802755,5947.6257360551,5959.933411838941,68.26649288148403,0.0020522486977521417,0.02163862523491151,mixture,16
mixture,0.1,2990.6004120241196,5987.200824048239,5999.50849983208,100.48996194576834,0.0021637583921038646,0.01658250092015941,mixture,16
mixture,0.15000000000000002,3002.4158587072934,6010.831717414587,6023.139393198428,126.47899129967092,0.0022368299571172987,0.014304995116841133,mixture,16
mixture,0.2,3010.7616814253056,6027.523362850611,6039.831038634452,148.9396708697593,0.002293669692686023,0.01295690133540403,mixture,16
mixture,0.25,3052.6293234390787,6111.258646878157,6123.566322661998,95.90170152545936,0.002677134892396734,0.2978216103033433,mixture,16
mixture,0.3,3052.7736352356296,6111.547270471259,6123.8549462551,114.43383738102933,0.0026765772914453456,0.2978224407546653,mixture,16
mixture,0.35000000000000003,3052.8770954423408,6111.7541908846815,6124.061866668522,132.96620280289417,0.0026761745035802707,0.29782303972484764,mixture,16
mixture,0.4,3052.954899990159,6111.909799980318,6124.217475764159,151.49871476103863,0.0026758698989410323,0.2978234922846327,mixture,16
mixture,0.45,3053.015539337992,6112.031078675984,6124.3387544598245,170.03131934912093,0.002675631576357926,0.29782384625921876,mixture,16
mixture,0.5,3053.064129674465,6112.12825934893,6124.435935132771,188.56401596078928,0.0026754396429031976,0.2978241290857688,mixture,16
null,,3053.283659534177,6108.567319068354,6112.669877662967,373.8920553721311,0.002674568730819139,,mixture,16
sum,,3071.646782284345,6145.29356456869,6149.396123163304,553.3378081471938,0.0036144286013942116,,mixture,16
mixture,0.0047500000000000025,2865.1201805341902,5736.2403610683805,5748.466399161646,23.666509060757335,0.0015250795080537685,0.048426138702312466,mixture,17
mixture,0.004500000000000002,2865.1216352527854,5736.243270505571,5748.4693085988365,23.08668019669585,0.0015161241076051672,0.04948161005169779,mixture,17
mixture,0.005000000000000003,2865.1526589257082,5736.3053178514165,5748.531355944682,24.22969967926353,0.0015336853142967107,0.04744969007169595,mixture,17
mixture,0.004250000000000002,2865.1632748917664,5736.326549783533,5748.5525878767985,22.488395740365053,0.0015068028296917047,0.05062829888499058,mixture,17
mixture,0.005250000000000003,2865.213928873072,5736.427857746144,5748.653895839409,24.777766337595974,0.0015419596007640425,0.046542349388882354,mixture,17
mixture,0.004000000000000002,2865.2527689252356,5736.505537850471,5748.731575943737,21.869836148721525,0.0014970912868527762,0.051880435584611605,mixture,17
mixture,0.005500000000000003,2865.299728159295,5736.59945631859,5748.825494411855,25.312385425604948,0.0015498906106227684,0.04569525456354143,mixture,17
mixture,0.0037500000000000016,2865.399619755808,5736.799239511616,5749.025277604882,21.228089922813727,0.0014869978508048945,0.05325765746403379,mixture,17
mixture,0.005750000000000003,2865.406497953346,5736.812995906692,5749.039033999958,25.83367653696807,0.0015575750311437105,0.044903268814697125,mixture,17
mixture,0.006000000000000004,2865.5312475803694,5737.062495160739,5749.2885332540045,26.343728995840003,0.0015649437390196223,0.04415869072225693,mixture,17
mixture,0.0035000000000000014,2865.6157331092736,5737.231466218547,5749.457504311813,20.560490442303045,0.0014764988541102874,0.054782793824606435,mixture,17
mixture,0.006250000000000004,2865.6714487188683,5737.342897437737,5749.568935531002,26.842879234029965,0.001572054345644914,0.04345746078949887,mixture,17
mixture,0.006500000000000004,2865.824952501967,5737.649905003934,5749.8759430971995,27.331694732756205,0.0015789358403633998,0.04279560995811883,mixture,17
mixture,0.003250000000000001,2865.9162161053105,5737.832432210621,5750.058470303887,19.86319075080142,0.0014656238673756013,0.05648683338997163,mixture,17
mixture,0.006750000000000004,2865.989923574056,5737.979847148112,5750.2058852413775,27.811904824232474,0.0015855266364583186,0.04216790491193154,mixture,17
mixture,0.0070000000000000045,2866.164787201209,5738.329574402418,5750.555612495684,28.282964122542552,0.0015919235760247124,0.04157287282564742,mixture,17
mixture,0.003000000000000001,2866.3205179830816,5738.641035966163,5750.867074059429,19.131847293428457,0.0014543836153824326,0.05840957995352118,mixture,17
mixture,0.007250000000000005,2866.3481867465953,5738.696373493191,5750.922411586456,28.745423223326274,0.0015981343784108796,0.04100767380156922,mixture,17
mixture,0.007500000000000005,2866.5389490494676,5739.077898098935,5751.303936192201,29.200637398437365,0.0016041195393119488,0.04046861990381455,mixture,17
mixture,0.0027500000000000007,2866.8541004514427,5739.708200902885,5751.934238996151,18.361102846422884,0.001442782180927892,0.060604446563520736,mixture,17
mixture,0.008000000000000005,2866.938621230506,5739.877242461012,5752.103280554278,30.089620737342905,0.001615533347118583,0.039462646501081874,mixture,17
mixture,0.008250000000000006,2867.145870839767,5740.291741679534,5752.5177797728,30.523838793165176,0.0016210001321466103,0.038992484905834124,mixture,17
mixture,0.008500000000000006,2867.3571272760337,5740.714254552067,5752.940292645333,30.952218992683783,0.0016262891117868297,0.03854138106162436,mixture,17
mixture,0.0025000000000000005,2867.5509520523674,5741.101904104735,5753.3279421980005,17.543157001471833,0.0014311011541539406,0.06314789727797696,mixture,17
mixture,0.008750000000000006,2867.571795825331,5741.143591650662,5753.369629743927,31.374557020860554,0.001631437173808861,0.038108601937069275,mixture,17
mixture,0.009000000000000006,2867.789353345792,5741.578706691584,5753.804744784849,31.79115072345883,0.0016364514150876226,0.03769286823314718,mixture,17
mixture,0.009500000000000007,2868.2313445502737,5742.462689100547,5754.688727193813,32.6089437166151,0.0016460516672189627,0.036907233534644375,mixture,17
mixture,0.009750000000000007,2868.455010608969,5742.910021217938,5755.136059311204,33.01049258603465,0.001650659614405239,0.03653551724250248,mixture,17
mixture,0.0022500000000000003,2868.457501791941,5742.915003583882,5755.141041677148,16.66971121881511,0.001419354108393063,0.06614412912748227,mixture,17
mixture,0.010000000000000007,2868.6800175764647,5743.360035152929,5755.586073246195,33.40719437031749,0.0016551594062987416,0.03617696425966138,mixture,17
mixture,0.002,2869.6389408451255,5745.277881690251,5757.503919783517,15.72837774062437,0.0014079524529094134,0.06975179642291725,mixture,17
mixture,0.05,2894.9015502383477,5795.803100476695,5808.029138569961,74.46976791558822,0.0019492272174835394,0.0194598053330447,mixture,17
mixture,0.1,2920.019706974387,5846.039413948774,5858.26545204204,85.40489597922134,0.0020919499102171057,0.023934512494457435,mixture,17
mixture,0.15000000000000002,2921.9774022790107,5849.954804558021,5862.180842651287,127.84052310906455,0.0021923066218006997,0.014305083352375944,mixture,17
mixture,0.007750000000000005,2947.406143678948,5900.812287357896,5913.038325451162,8.263363060332214,0.002107136496705539,0.21639400282272694,mixture,17
mixture,0.009250000000000006,2950.209838597638,5906.419677195276,5918.645715288541,8.507669634673764,0.002218144709681886,0.2284140427616384,mixture,17
mixture,0.4,2957.3185591234683,5920.637118246937,5932.863156340202,278.6184962074888,0.009141748907236555,0.0025546787202122903,mixture,17
mixture,0.2,2968.303137112529,5942.606274225058,5954.832312318324,76.83615679187855,0.002697242553670979,0.2978012654216031,mixture,17
mixture,0.25,2968.485487055226,5942.970974110452,5955.197012203717,95.2277553403376,0.0026966009280423825,0.2978022714106155,mixture,17
mixture,0.3,2968.6076916245297,5943.215383249059,5955.441421342325,113.61967470860145,0.0026961656631400766,0.2978029517461067,mixture,17
mixture,0.35000000000000003,2968.6952958384495,5943.390591676899,5955.616629770165,132.01178299023974,0.002695850967690787,0.29780344270185843,mixture,17
mixture,0.45,2968.8125131225556,5943.625026245111,5955.851064338377,168.79631853815837,0.002695426396842015,0.2978041041956316,mixture,17
mixture,0.5,2968.853650938038,5943.707301876076,5955.933339969341,187.18871100356404,0.0026952760331992415,0.29780433629143516,mixture,17
null,,2969.039493899809,5940.078987799618,5944.1543338307065,371.1133674544693,0.0026945943953977534,,mixture,17
sum,,2986.6283334369728,5975.2566668739455,5979.332012905034,548.3372338176081,0.0036473904682264467,,mixture,17
mixture,0.003000000000000001,3002.999895625493,6011.999791250986,6024.373841423669,18.779203792857082,0.0014632943699917533,0.059596981032441876,mixture,18
mixture,0.0027500000000000007,3003.012266435435,6012.02453287087,6024.398583043552,18.108653390167188,0.0014465196021750972,0.06153000975012796,mixture,18
mixture,0.003250000000000001,3003.0794103849184,6012.158820769837,6024.532870942519,19.422283281332103,0.0014786710031877697,0.05786861095301601,mixture,18
mixture,0.0025000000000000005,3003.1458658736055,6012.291731747211,6024.665781919894,17.405045310091317,0.0014281364096650098,0.06371964735120017,mixture,18
mixture,0.0035000000000000014,3003.2294517502655,6012.458903500531,6024.8329536732135,20.04101309956111,0.0014928475635423283,0.056310568462058314,mixture,18
mixture,0.0037500000000000016,3003.4341544153253,6012.868308830651,6025.242359003333,20.638584774083725,0.0015059659314617985,0.0548943783586301,mixture,18
mixture,0.0022500000000000003,3003.4419863419653,6012.883972683931,6025.258022856613,16.661825791175566,0.0014079117197013408,0.06623532449810735,mixture,18
mixture,0.004000000000000002,3003.681529074485,6013.36305814897,6025.737108321652,21.217377187181672,0.0015181541705094944,0.0535985315020407,mixture,18
mixture,0.002,3003.960442481431,6013.920884962862,6026.294935135545,15.870077253222707,0.0013855465106336385,0.0691777519845978,mixture,18
mixture,0.004250000000000002,3003.9623805600986,6013.924761120197,6026.29881129288,21.77930674928416,0.0015295394407053835,0.052405984523722415,mixture,18
mixture,0.004500000000000002,3004.2695660393883,6014.539132078777,6026.913182251459,22.32633066911712,0.0015401803529760895,0.05130228196937464,mixture,18
mixture,0.0047500000000000025,3004.5974750082055,6015.194950016411,6027.5690001890935,22.85968952484034,0.001550171477893381,0.05027654654593453,mixture,18
mixture,0.005000000000000003,3004.9416577317706,6015.883315463541,6028.257365636224,23.38013115170781,0.0015596019335451037,0.04932045610693681,mixture,18
mixture,0.005250000000000003,3005.298555213535,6016.59711042707,6028.971160599753,23.88931102405992,0.0015684862890593463,0.04842485989100933,mixture,18
mixture,0.005500000000000003,3005.665299698419,6017.330599396838,6029.70464956952,24.387264708193175,0.001576942466818447,0.047584864268055665,mixture,18
mixture,0.005750000000000003,3006.039565686795,6018.07913137359,6030.453181546272,24.87551360762506,0.001584950470786033,0.0467934321421517,mixture,18
mixture,0.006000000000000004,3006.4194567180234,6018.838913436047,6031.212963608729,25.35441423639574,0.0015925743411431587,0.046046382549465664,mixture,18
mixture,0.006250000000000004,3006.803418858277,6019.606837716554,6031.980887889236,25.82461021762813,0.0015998458424740418,0.045339480499271174,mixture,18
mixture,0.006500000000000004,3007.190173636502,6020.380347273004,6032.754397445687,26.286587300242815,0.001606795924906389,0.044669212593848054,mixture,18
mixture,0.006750000000000004,3007.578665662976,6021.157331325952,6033.531381498635,26.74084729597142,0.0016134500807748905,0.044032375708319776,mixture,18
mixture,0.0070000000000000045,3007.968021344543,6021.936042689086,6034.310092861769,27.187807870351037,0.0016198315733281486,0.0434262176140693,mixture,18
mixture,0.007250000000000005,3008.357516091862,6022.715032183724,6035.089082356407,27.627858011883376,0.0016259623676372517,0.04284827589543373,mixture,18
mixture,0.007500000000000005,3008.7465480946635,6023.493096189327,6035.867146362009,28.06072102566906,0.0016318993983436957,0.042297309453464715,mixture,18
mixture,0.007750000000000005,3009.1346171296786,6024.269234259357,6036.64328443204,28.48863567735361,0.001637540774696147,0.04176852001655703,mixture,18
mixture,0.008000000000000005,3009.521307538813,6025.042615077626,6037.416665250308,28.9099012929234,0.0016430252039582433,0.0412631272657499,mixture,18
mixture,0.008250000000000006,3009.9062741596226,6025.812548319245,6038.186598491928,29.32528823975573,0.001648337732687062,0.040778781619112005,mixture,18
mixture,0.008500000000000006,3010.2892309361805,6026.578461872361,6038.9525120450435,29.7357380772942,0.0016534451151292034,0.04031314287718163,mixture,18
mixture,0.008750000000000006,3010.669941463428,6027.339882926856,6039.713933099539,30.140739655732983,0.0016583992991181695,0.039865965698770864,mixture,18
mixture,0.009000000000000006,3011.0482112022223,6028.096422404445,6040.470472577127,30.540768760813553,0.0016632041835023875,0.03943568064581505,mixture,18
mixture,0.009250000000000006,3011.4238809968183,6028.847761993637,6041.221812166319,30.93624933876799,0.0016678623793701072,0.039020917492445344,mixture,18
mixture,0.009500000000000007,3011.7968216244,6029.5936432488,6041.967693421482,31.32667604018549,0.0016723911670890653,0.03862172599111225,mixture,18
mixture,0.009750000000000007,3012.1669293376913,6030.3338586753825,6042.707908848065,31.712918266495603,0.001676789605620131,0.03823619599877757,mixture,18
mixture,0.05,3046.584735926798,6099.169471853596,6111.543522026279,72.03955808315001,0.001956064934779809,0.020439762796171223,mixture,18
mixture,0.1,3065.624331498463,6137.248662996926,6149.622713169609,104.17169523609954,0.0020899733773622198,0.01597892321863817,mixture,18
mixture,0.15000000000000002,3077.2305898277127,6160.461179655425,6172.835229828108,129.8619350764926,0.002174537411224828,0.013961491652528467,mixture,18
mixture,0.2,3085.4888091988464,6176.977618397693,6189.351668570375,152.17328372430137,0.0022372337855057945,0.012743485669976191,mixture,18
mixture,0.010000000000000007,3108.258346217018,6222.516692434036,6234.890742606718,9.287095434798836,0.002089650375420047,0.21992151727195092,mixture,18
mixture,0.25,3127.1090656240435,6260.218131248087,6272.5921814207695,97.73310389879379,0.002625629702638337,0.29787324038451335,mixture,18
mixture,0.3,3127.2394765400377,6260.478953080075,6272.853003252758,116.62887896050508,0.002625156714849749,0.29787395947530493,mixture,18
mixture,0.35000000000000003,3127.3329476690374,6260.665895338075,6273.039945510757,135.52485885275863,0.0026248149835830883,0.2978744780204008,mixture,18
mixture,0.4,3127.4032273757034,6260.806454751407,6273.180504924089,154.42096408842858,0.0026245566098452287,0.29787486968152455,mixture,18
mixture,0.45,3127.457994366796,6260.915988733592,6273.290038906274,173.31715198085277,0.0026243544374496036,0.29787517600551394,mixture,18
mixture,0.5,3127.501874343464,6261.003748686928,6273.37779885961,192.21341601938408,0.00262419168275334,0.297875420693639,mixture,18
null,,3127.70006913848,6257.40013827696,6261.524821667855,381.1770887301721,0.002623452535752695,,mixture,18
sum,,3145.481696570394,6292.963393140788,6297.088076531682,561.67336575642,0.003560788390431418,,mixture,18
mixture,0.0027500000000000007,2866.122152493981,5738.244304987962,5750.470343081228,21.37960624765802,0.001197413920530679,0.05225858151326941,mixture,19
mixture,0.003000000000000001,2866.175821118999,5738.351642237998,5750.577680331264,22.07605164155212,0.0012189334988304756,0.05082874888044642,mixture,19
mixture,0.0025000000000000005,2866.1936300599414,5738.387260119883,5750.6132982131485,20.647260481906915,0.0011737889945471092,0.05386823680564012,mixture,19
mixture,0.003250000000000001,2866.323579018682,5738.647158037364,5750.873196130629,22.741382356652295,0.0012386844187305172,0.04954609233242181,mixture,19
mixture,0.0022500000000000003,2866.434315154615,5738.86863030923,5751.094668402496,19.872285815256152,0.0011476575703037273,0.05570359380126182,mixture,19
mixture,0.0035000000000000014,2866.542970327671,5739.085940655342,5751.3119787486075,23.379889995377052,0.0012569030830879872,0.0483849008960573,mixture,19
mixture,0.0037500000000000016,2866.8174089573736,5739.634817914747,5751.860856008013,23.994759446056943,0.0012737899566454402,0.047326017114542984,mixture,19
mixture,0.002,2866.908686122737,5739.817372245474,5752.04341033874,19.045754716778145,0.0011185056287107693,0.05782941082023509,mixture,19
mixture,0.004000000000000002,2867.134422169655,5740.26884433931,5752.494882432576,24.588575611316017,0.0012895210865505175,0.04635436675658241,mixture,19
mixture,0.004250000000000002,2867.4844857759563,5740.968971551913,5753.195009645178,25.16353534794108,0.0013042317912120025,0.04545784042479822,mixture,19
mixture,0.004500000000000002,2867.860230965115,5741.72046193023,5753.946500023496,25.72143770846595,0.0013180404080603747,0.04462669020322786,mixture,19
mixture,0.0047500000000000025,2868.25589164923,5742.51178329846,5754.737821391725,26.2639833440385,0.001331036106074585,0.04385262463531247,mixture,19
mixture,0.005000000000000003,2868.6669115188724,5743.333823037745,5755.559861131011,26.792366425244182,0.0013433121268241087,0.0431291880935945,mixture,19
mixture,0.005250000000000003,2869.089659666739,5744.179319333478,5756.405357426744,27.307831392307804,0.001354928940433273,0.04245065518568326,mixture,19
mixture,0.005500000000000003,2869.5212214396684,5745.042442879337,5757.268480972602,27.811347207715535,0.0013659561806113542,0.041812305990836844,mixture,19
mixture,0.005750000000000003,2869.9592424623957,5745.918484924791,5758.144523018057,28.30381768076205,0.0013764496923877507,0.0412100372152672,mixture,19
mixture,0.006000000000000004,2870.4018107889615,5746.803621577923,5759.029659671189,28.786101017048157,0.0013864350346609307,0.040640342914908006,mixture,19
mixture,0.006250000000000004,2870.8473668154534,5747.694733630907,5759.9207717241725,29.258676584489567,0.0013959823077248877,0.04010040944084041,mixture,19
mixture,0.006500000000000004,2871.294633743495,5748.58926748699,5760.815305580256,29.722394121492407,0.001405110922521763,0.039587312030665955,mixture,19
mixture,0.006750000000000004,2871.742563306796,5749.485126613592,5761.711164706858,30.177746748526175,0.0014138542862658324,0.0390988459248167,mixture,19
mixture,0.0070000000000000045,2872.190293101966,5750.380586203932,5762.606624297197,30.625127559061024,0.0014222481132326991,0.03863310825048477,mixture,19
mixture,0.007250000000000005,2872.637112757471,5751.274225514942,5763.500263608208,31.06510276272896,0.0014303087693841934,0.038188174999848855,mixture,19
mixture,0.007500000000000005,2873.0824369144766,5752.164873828953,5764.390911922219,31.498846035947473,0.0014380336286887287,0.03776149002516594,mixture,19
mixture,0.007750000000000005,2873.525783325553,5753.051566651106,5765.277604744372,31.924652335740067,0.0014455257712567605,0.037354195393134663,mixture,19
mixture,0.008000000000000005,2873.9667555738056,5753.933511147611,5766.159549240877,32.344726446225934,0.0014527333162268287,0.036962700730730366,mixture,19
mixture,0.008250000000000006,2874.4050284314526,5754.810056862905,5767.036094956171,32.758859053706566,0.001459684765276055,0.03658655293683105,mixture,19
mixture,0.008500000000000006,2874.8403362667455,5755.680672533491,5767.906710626757,33.16739014968563,0.0014664022268858136,0.03622461608025883,mixture,19
mixture,0.008750000000000006,2875.2724633784437,5756.544926756887,5768.770964850153,33.57042395145534,0.0014729011904733046,0.03587616149811856,mixture,19
mixture,0.009000000000000006,2875.701236021933,5757.402472043866,5769.628510137131,33.96788991036136,0.001479204089787385,0.03554068506440355,mixture,19
mixture,0.009250000000000006,2876.1265157568732,5758.2530315137465,5770.479069607012,34.361319843092474,0.001485287071966476,0.03521593907313252,mixture,19
mixture,0.009500000000000007,2876.5481939894194,5759.096387978839,5771.3224260721045,34.74953407750207,0.0014912004863391099,0.03490278033942699,mixture,19
mixture,0.009750000000000007,2876.9661873085843,5759.9323746171685,5772.158412710434,35.133254039639816,0.0014969313327712033,0.03460001568549808,mixture,19
mixture,0.010000000000000007,2877.3804336048206,5760.760867209641,5772.986905302907,35.512633464739594,0.0015025104169647304,0.034306975028232455,mixture,19
mixture,0.05,2914.5157312797637,5835.031462559527,5847.257500652793,76.00451400601997,0.0018205823738909617,0.019571175142513025,mixture,19
mixture,0.1,2934.4193123178216,5874.838624635643,5887.064662728909,110.00022138451337,0.0019482069335659252,0.015339783420965158,mixture,19
mixture,0.15000000000000002,2946.328227831922,5898.656455663844,5910.88249375711,137.56701869498042,0.00202629380641464,0.013377349204474956,mixture,19
mixture,0.2,2996.3724791340364,5998.744958268073,6010.970996361339,84.27466689154899,0.002451265065944481,0.2980466715934378,mixture,19
mixture,0.25,2996.5205618820187,5999.041123764037,6011.267161857303,104.5251171462703,0.0024507703640718206,0.298047684135451,mixture,19
mixture,0.3,2996.6197226024988,5999.2394452049975,6011.465483298263,124.77658249028227,0.0024504204298200992,0.29804837554628116,mixture,19
mixture,0.35000000000000003,2996.690768316548,5999.381536633096,6011.607574726362,145.02889751862116,0.0024501560003365587,0.2980488832564208,mixture,19
mixture,0.4,2996.744172095978,5999.488344191956,6011.714382285221,165.27495017133094,0.0024500516876067224,0.2980495071726795,mixture,19
mixture,0.45,2996.7857786534614,5999.571557306923,6011.797595400189,185.52623501397758,0.0024499008154875977,0.29804973836464504,mixture,19
mixture,0.5,2996.8191087002215,5999.638217400443,6011.864255493709,205.77756799358156,0.00244977955966459,0.29804992291450755,mixture,19
null,,2996.9695894108786,5995.939178821757,6000.014524852846,408.2920400371557,0.002449227273470718,,mixture,19
sum,,3014.07124818574,6030.14249637148,6034.217842402569,598.76734159856,0.00334019553347799,,mixture,19
mixture,0.0035000000000000014,3005.023266815085,6016.04653363017,6028.400825224295,19.265005553985162,0.0015141299181243722,0.05877860717022402,mixture,20
mixture,0.003250000000000001,3005.0359503966165,6016.071900793233,6028.426192387357,18.65704949563553,0.0015009673511701233,0.060439203502452396,mixture,20
mixture,0.0037500000000000016,3005.0735478558827,6016.147095711765,6028.50138730589,19.852379732132597,0.0015263227015689035,0.05727057722163172,mixture,20
mixture,0.003000000000000001,3005.1283653765386,6016.256730753077,6028.6110223472015,18.02596101977129,0.0014866766527101276,0.062281213987492555,mixture,20
mixture,0.004000000000000002,3005.174040462949,6016.348080925898,6028.702372520022,20.421184843341276,0.0015376815083390507,0.05589267642437412,mixture,20
mixture,0.004250000000000002,3005.31489068312,6016.62978136624,6028.984072960365,20.97348309985705,0.0015482940167219053,0.054625918570195074,mixture,20
mixture,0.0027500000000000007,3005.322962820845,6016.64592564169,6029.0002172358145,17.3686562405984,0.0014710563620254032,0.06434181750708746,mixture,20
mixture,0.004500000000000002,3005.488380100443,6016.976760200886,6029.33105179501,21.510633738954205,0.0015582571893667362,0.053456001377426295,mixture,20
mixture,0.0025000000000000005,3005.65045971764,6017.30091943528,6029.655211029404,16.681371452441795,0.0014538270352943098,0.06666990995639674,mixture,20
mixture,0.0047500000000000025,3005.6883906352095,6017.376781270419,6029.731072864543,22.033839894106617,0.0015676528721366514,0.05237101552452736,mixture,20
mixture,0.005000000000000003,3005.9100217865957,6017.8200435731915,6030.174335167316,22.544194714147313,0.0015765346099915636,0.05136098421160057,mixture,20
mixture,0.005250000000000003,3006.149311947315,6018.29862389463,6030.652915488754,23.0430326470798,0.0015849315332738586,0.05041664569077808,mixture,20
mixture,0.0022500000000000003,3006.1539747119605,6018.307949423921,6030.662241018045,15.959093515113356,0.0014346501561527563,0.06933264959460793,mixture,20
mixture,0.005500000000000003,3006.403032198724,6018.806064397448,6031.160355991572,23.530521879710573,0.0015929425398033478,0.0495323385436059,mixture,20
mixture,0.005750000000000003,3006.668531663504,6019.337063327008,6031.691354921132,24.008577909981703,0.001600553086028443,0.04869938296176546,mixture,20
mixture,0.002,3006.895944499373,6019.791888998746,6032.14618059287,15.195658750839003,0.0014130488913082118,0.07242233336699637,mixture,20
mixture,0.006000000000000004,3006.9436200006803,6019.887240001361,6032.241531595485,24.476860420289075,0.0016078198947487253,0.047914931253430194,mixture,20
mixture,0.006250000000000004,3007.2264768413593,6020.4529536827185,6032.807245276843,24.93633101836817,0.001614768453101151,0.04717360211310183,mixture,20
mixture,0.006500000000000004,3007.515581615692,6021.031163231384,6033.3854548255085,25.387517478477545,0.0016214243022349994,0.0464714959090841,mixture,20
mixture,0.006750000000000004,3007.8096583843962,6021.6193167687925,6033.973608362917,25.830925300091977,0.001627813097527792,0.0458051190181575,mixture,20
mixture,0.0070000000000000045,3008.1076321806404,6022.215264361281,6034.569555955405,26.266995981727785,0.0016339472131024697,0.04517149092990691,mixture,20
mixture,0.007250000000000005,3008.408594148458,6022.817188296916,6035.171479891041,26.6961786056162,0.0016398501267165572,0.044567815464817834,mixture,20
mixture,0.007500000000000005,3008.711773510626,6023.423547021252,6035.777838615376,27.118725185375293,0.0016455415812236037,0.04399193165525766,mixture,20
mixture,0.007750000000000005,3009.016514867815,6024.03302973563,6036.387321329755,27.534971927144436,0.001651035511189691,0.04344171681898468,mixture,20
mixture,0.008000000000000005,3009.322259683475,6024.64451936695,6036.998810961074,27.94554162953172,0.0016563338563110922,0.04291474621700882,mixture,20
mixture,0.008250000000000006,3009.6285310984313,6025.2570621968625,6037.611353790987,28.35039604248322,0.00166145912365343,0.04240987983147112,mixture,20
mixture,0.008500000000000006,3009.934921415149,6025.869842830298,6038.224134424422,28.749883943410495,0.0016664199478221638,0.041925434351837036,mixture,20
mixture,0.008750000000000006,3010.2410817262644,6026.482163452529,6038.836455046653,29.144544045668255,0.0016712142337964389,0.041459578073813536,mixture,20
mixture,0.009000000000000006,3010.5467132106696,6027.093426421339,6039.447718015464,29.533748736610796,0.0016758859404098635,0.0410123471851042,mixture,20
mixture,0.009250000000000006,3010.851560004094,6027.703120008188,6040.057411602313,29.918552667727926,0.0016804085526595084,0.040581325395502084,mixture,20
mixture,0.009500000000000007,3011.155403005607,6028.310806011214,6040.665097605338,30.298882644340686,0.001684800866507916,0.04016587989771053,mixture,20
mixture,0.009750000000000007,3011.458054802546,6028.916109605092,6041.270401199216,30.67512279332854,0.0016890626940141865,0.03976477959476946,mixture,20
mixture,0.010000000000000007,3011.7593552757207,6029.5187105514415,6041.873002145566,31.04660462623987,0.0016932345746287622,0.03937830271771989,mixture,20
mixture,0.05,3041.277830877597,6088.555661755194,6100.909953349318,70.77427421709012,0.001948331816438634,0.021059027716812336,mixture,20
mixture,0.1,3058.158028962863,6122.316057925726,6134.670349519851,103.60845052714096,0.0020676255276514,0.01629142292512786,mixture,20
mixture,0.15000000000000002,3068.496862929148,6142.993725858296,6155.34801745242,130.00293161960823,0.002144421072451922,0.01415393220223695,mixture,20
mixture,0.2,3113.0805319670762,6232.1610639341525,6244.515355528277,80.50938527174792,0.002569895665983376,0.2979278175485219,mixture,20
mixture,0.25,3113.257651825781,6232.515303651562,6244.8695952456865,99.81934113658782,0.002569321251805055,0.2979289560367485,mixture,20
mixture,0.3,3113.3763298827384,6232.752659765477,6245.106951359601,119.12269299966377,0.0025690837537645696,0.2979301529858749,mixture,20
mixture,0.35000000000000003,3113.4613929416046,6232.922785883209,6245.2770774773335,138.43190415714605,0.002568803796722132,0.29793058561224256,mixture,20
mixture,0.4,3113.5253524142804,6233.050704828561,6245.404996422685,157.74123535423973,0.0025685919088407534,0.29793091260358034,mixture,20
mixture,0.45,3113.5751951836464,6233.150390367293,6245.504681961417,177.05064275132435,0.002568426026122233,0.2979311684538492,mixture,20
mixture,0.5,3113.6151303991,6233.2302607982,6245.584552392324,196.36010841539735,0.0025682925743319295,0.2979313727742294,mixture,20
null,,3113.795513761582,6229.591027523164,6233.709124721205,389.4558325166315,0.002567685258526191,,mixture,20
sum,,3129.464128570687,6260.928257141374,6265.046354339415,572.1214217914548,0.0034957614307422735,,mixture,20
mixture,0.0022500000000000003,2891.892514628716,5789.785029257432,5802.0453534381695,17.462434336067194,0.0013319845566607063,0.06325592670164722,mixture,21
mixture,0.0025000000000000005,2891.9497729430295,5789.899545886059,5802.159870066796,18.137858837086952,0.001358448535902868,0.0612056158079783,mixture,21
mixture,0.002,2892.0243675699458,5790.0487351398915,5802.309059320629,16.744514497752043,0.0013021822326118784,0.06562063277186966,mixture,21
mixture,0.0027500000000000007,2892.141063040278,5790.282126080556,5802.542450261293,18.77812192975054,0.0013821673246443042,0.05940080482047375,mixture,21
mixture,0.003000000000000001,2892.429038047642,5790.858076095284,5803.118400276021,19.388425544856624,0.0014036491310988129,0.05779328445877106,mixture,21
mixture,0.003250000000000001,2892.787605327868,5791.575210655736,5803.835534836473,19.97332287243826,0.0014232087644336562,0.05634618710427285,mixture,21
mixture,0.0035000000000000014,2893.1980840257283,5792.396168051457,5804.656492232194,20.535977371385297,0.0014411414685078729,0.05503291024884899,mixture,21
mixture,0.0037500000000000016,2893.6468268748686,5793.293653749737,5805.5539779304745,21.078880202729263,0.0014576897567132967,0.053832971512109716,mixture,21
mixture,0.004000000000000002,2894.1236947253797,5794.247389450759,5806.507713631497,21.604499827635994,0.001473007994298182,0.05272919075022046,mixture,21
mixture,0.004250000000000002,2894.6210478469384,5795.242095693877,5807.502419874614,22.11445153023239,0.001487269017008904,0.05170883231173757,mixture,21
mixture,0.004500000000000002,2895.133061515856,5796.266123031712,5808.526447212449,22.610222997957145,0.0015006018268534382,0.050761224167222306,mixture,21
mixture,0.0047500000000000025,2895.655250933042,5797.310501866084,5809.570826046822,23.09336637309613,0.001513087844532018,0.04987699111552511,mixture,21
mixture,0.005000000000000003,2896.1841348039543,5798.368269607909,5810.628593788646,23.564552070565835,0.0015248379852430822,0.04904977719255037,mixture,21
mixture,0.005250000000000003,2896.716993078905,5799.43398615781,5811.694310338547,24.02496489998539,0.0015359270129067658,0.04827282119649533,mixture,21
mixture,0.005500000000000003,2897.2516895965373,5800.503379193075,5812.763703373812,24.47573115552325,0.001546387071468262,0.0475403913197173,mixture,21
mixture,0.005750000000000003,2897.786540536065,5801.57308107213,5813.833405252867,24.917216254225345,0.0015563006992636956,0.04684873629945258,mixture,21
mixture,0.006000000000000004,2898.3202155377094,5802.640431075419,5814.900755256156,25.3499659597345,0.0015657476422197873,0.04619403272364617,mixture,21
mixture,0.006250000000000004,2898.851662772324,5803.703325544648,5815.963649725385,25.774903242803227,0.0015747236356211162,0.04557241809440285,mixture,21
mixture,0.006500000000000004,2899.3800511615195,5804.760102323039,5817.020426503776,26.192268541492304,0.0015832820219122724,0.04498147065572085,mixture,21
mixture,0.006750000000000004,2899.90472583903,5805.80945167806,5818.069775858798,26.602699557772997,0.0015914571641377712,0.0444182512005281,mixture,21
mixture,0.0070000000000000045,2900.425173276505,5806.85034655301,5819.110670733748,27.006481966648394,0.0015992802283081651,0.04388074997318157,mixture,21
mixture,0.007250000000000005,2900.940993858062,5807.881987716124,5820.142311896861,27.403917909729447,0.0016067785295198502,0.04336708764201853,mixture,21
mixture,0.007500000000000005,2901.451880130094,5808.903760260188,5821.164084440926,27.795668696600103,0.0016139723867787728,0.04287488702033532,mixture,21
mixture,0.007750000000000005,2901.9575994791894,5809.915198958379,5822.175523139116,28.1817660624829,0.0016208872818240091,0.04240305933472747,mixture,21
mixture,0.008000000000000005,2902.4579802067715,5810.915960413543,5823.17628459428,28.56251166030269,0.0016275395924534347,0.04195014618033579,mixture,21
mixture,0.008250000000000006,2902.95290031605,5811.9058006321,5824.166124812838,28.938322937679104,0.0016339444929387205,0.041514589856482945,mixture,21
mixture,0.008500000000000006,2903.442278418376,5812.884556836752,5825.14488101749,29.30936355799167,0.0016401201126365508,0.041095351655965597,mixture,21
mixture,0.008750000000000006,2903.92606632593,5813.85213265186,5826.112456832598,29.675668414381857,0.0016460856114392454,0.040691661755651885,mixture,21
mixture,0.009000000000000006,2904.4042430168897,5814.808486033779,5827.068810214517,30.037623943453518,0.0016518514318667858,0.040302259520522764,mixture,21
mixture,0.009250000000000006,2904.8768096652066,5815.753619330413,5828.0139435111505,30.39553845415437,0.0016574192721135889,0.039926135630444386,mixture,21
mixture,0.009500000000000007,2905.343785532549,5816.687571065098,5828.947895245836,30.74902582859193,0.0016628322588522597,0.03956321584304467,mixture,21
mixture,0.009750000000000007,2905.8052046548,5817.6104093096,5829.870733490337,31.099159394444996,0.0016680516338871954,0.03921158427798385,mixture,21
mixture,0.010000000000000007,2906.261112997687,5818.522225995374,5830.782550176112,31.44547473921869,0.001673109748436434,0.038871424326330166,mixture,21
mixture,0.05,2944.6303613384853,5895.2607226769705,5907.521046857708,69.19837122220264,0.00195387777799503,0.021784876565620545,mixture,21
mixture,0.1,2964.260260967643,5934.520521935286,5946.780846116023,101.54413434001668,0.0020653329489092273,0.016940924256171302,mixture,21
mixture,0.15000000000000002,2975.8288557013066,5957.657711402613,5969.9180355833505,128.09343269716015,0.0021339724794303054,0.014705375553283372,mixture,21
mixture,0.2,2983.9148821991457,5973.829764398291,5986.090088579029,151.4422409812633,0.0021851750539070344,0.013351938612933293,mixture,21
mixture,0.25,3023.3147935959923,6052.629587191985,6064.889911372722,101.84746124233429,0.0025168496640311446,0.29798139818614333,mixture,21
mixture,0.3,3023.428745544263,6052.857491088526,6065.117815269264,121.5651905916622,0.0025164395444380906,0.29798219340728244,mixture,21
mixture,0.35000000000000003,3023.5104186315143,6053.020837263029,6065.281161443766,141.2759608930051,0.0025162725694832847,0.2979831081647784,mixture,21
mixture,0.4,3023.57182538906,6053.14365077812,6065.403974958857,160.99266939400334,0.002516053447693175,0.29798344421847395,mixture,21
mixture,0.45,3023.6196773915917,6053.239354783183,6065.499678963921,180.70945701024488,0.0025158819448905826,0.29798370705473426,mixture,21
mixture,0.5,3023.6580166592207,6053.316033318441,6065.576357499179,200.42630302715412,0.0025157440277720927,0.29798391691629317,mixture,21
null,,3023.8311819448722,6049.6623638897445,6053.749138616657,397.59595105624396,0.0025151161558447056,,mixture,21
sum,,3039.297461027201,6080.594922054402,6084.681696781314,582.7058964919859,0.0034322631915009406,,mixture,21
mixture,0.005000000000000003,3017.0907359563835,6040.181471912767,6052.535763506891,19.734419800510743,0.0017674186519690193,0.05885681044375755,mixture,22
mixture,0.005500000000000003,3017.117974518168,6040.235949036336,6052.59024063046,20.57135994308108,0.0017849593783582241,0.05686087708796629,mixture,22
mixture,0.0047500000000000025,3017.1221735603317,6040.244347120663,6052.598638714788,19.30391768586521,0.0017578254127086485,0.059948624656645806,mixture,22
mixture,0.005750000000000003,3017.168093712819,6040.336187425638,6052.690479019762,20.975987697814737,0.0017931131629798141,0.05595332612373448,mixture,22
mixture,0.004500000000000002,3017.190859858052,6040.381719716104,6052.736011310229,18.860576513535086,0.0017477306969441572,0.061126837007239455,mixture,22
mixture,0.006000000000000004,3017.237991844974,6040.475983689948,6052.830275284073,21.371739233690448,0.0018008984751902474,0.05509956778892599,mixture,22
mixture,0.004250000000000002,3017.3036957175113,6040.607391435023,6052.961683029147,18.40605354037686,0.0017369560694608023,0.06239330481461627,mixture,22
mixture,0.006250000000000004,3017.3249198118656,6040.649839623731,6053.0041312178555,21.76170232757518,0.0018082641235984468,0.05428741120336298,mixture,22
mixture,0.006500000000000004,3017.4265462445646,6040.853092489129,6053.207384083254,22.145858078507118,0.0018152796183740988,0.05351426738248036,mixture,22
mixture,0.004000000000000002,3017.469185654065,6040.93837130813,6053.292662902254,17.937601951267137,0.0017255116858024898,0.0637666539802663,mixture,22
mixture,0.006750000000000004,3017.5408833910433,6041.081766782087,6053.436058376211,22.522499597815113,0.0018220298419652549,0.05278235919244027,mixture,22
mixture,0.0070000000000000045,3017.6662276292654,6041.332455258531,6053.686746852655,22.893394790929626,0.0018284766297084446,0.05208477762303639,mixture,22
mixture,0.0037500000000000016,3017.697921789701,6041.395843579402,6053.750135173526,17.454719452787458,0.0017132807948619893,0.06525967193216971,mixture,22
mixture,0.007250000000000005,3017.8011130898385,6041.602226179677,6053.956517773801,23.258778128112993,0.0018346543738558252,0.05141896096437327,mixture,22
mixture,0.007500000000000005,3017.944273251416,6041.888546502832,6054.242838096956,23.61850574215434,0.00184060550984415,0.05078347333278857,mixture,22
mixture,0.0035000000000000014,3018.0032540029615,6042.006508005923,6054.360799600047,16.955379351628647,0.0017001644551390323,0.06689376323916132,mixture,22
mixture,0.007750000000000005,3018.094609707488,6042.189219414976,6054.5435110091,23.974089026303243,0.001846299459498241,0.05017317662004418,mixture,22
mixture,0.008000000000000005,3018.2511667708773,6042.5023335417545,6054.856625135879,24.324042060718753,0.001851813638848236,0.049590198706534964,mixture,22
mixture,0.003250000000000001,3018.4022376221205,6042.804475244241,6055.158766838365,16.437440939774877,0.0016860547767771057,0.06869464713766457,mixture,22
mixture,0.008250000000000006,3018.4131100680056,6042.826220136011,6055.180511730136,24.670352098614785,0.0018571071640196243,0.049028673565676646,mixture,22
mixture,0.008500000000000006,3018.579709328287,6043.159418656574,6055.513710250699,25.011847118876492,0.0018622126300503322,0.04849030943823343,mixture,22
mixture,0.008750000000000006,3018.7503233456373,6043.500646691275,6055.854938285399,25.350284526087613,0.0018671219819484254,0.047970067373785584,mixture,22
mixture,0.003000000000000001,3018.9170022324133,6043.834004464827,6056.188296058951,15.898040557781039,0.001670821892259909,0.07069659955775612,mixture,22
mixture,0.009000000000000006,3018.924388110894,6043.848776221788,6056.203067815913,25.68448599062257,0.0018718568202234255,0.047469811303138695,mixture,22
mixture,0.009250000000000006,3019.101406110861,6044.202812221722,6056.557103815846,26.014968534362183,0.0018764534496684094,0.0469873632308633,mixture,22
mixture,0.009500000000000007,3019.280937705332,6044.561875410664,6056.916167004788,26.341975743070176,0.0018808974342260898,0.04652157789320616,mixture,22
mixture,0.009750000000000007,3019.4625936404245,6044.925187280849,6057.279478874973,26.665599969973883,0.0018852017964614777,0.04607155419085398,mixture,22
mixture,0.0027500000000000007,3019.576780047202,6045.153560094404,6057.507851688529,15.33390237930262,0.001654298428402515,0.0729433614062825,mixture,22
mixture,0.010000000000000007,3019.6460286820134,6045.292057364027,6057.646348958151,26.986095664731085,0.001889371679544656,0.0456361454179113,mixture,22
mixture,0.0025000000000000005,3020.4210010907505,6046.842002181501,6059.196293775625,14.740521746295611,0.0016363121725624422,0.07549556927461237,mixture,22
mixture,0.0022500000000000003,3021.504181055994,6049.008362111988,6061.362653706113,14.112323086233491,0.001616629636703697,0.07843614402099014,mixture,22
mixture,0.002,3022.9039596014154,6051.807919202831,6064.162210796955,13.4414731065823,0.0015949991334450752,0.08188681713566574,mixture,22
mixture,0.05,3041.288984640211,6088.577969280422,6100.932260874546,63.36323194492474,0.002109690153087544,0.02395175208341716,mixture,22
mixture,0.1,3054.4405143919985,6114.881028783997,6127.235320378121,95.16831300667295,0.0022041171628247387,0.018072770370405524,mixture,22
mixture,0.15000000000000002,3062.6104990115864,6131.220998023173,6143.575289617297,120.9785649454843,0.002269840418143306,0.015484212060340228,mixture,22
mixture,0.005250000000000003,3076.450671279021,6158.901342558042,6171.255634152167,6.970798170834552,0.002127081188541658,0.22092657273966673,mixture,22
mixture,0.2,3098.8257605915974,6203.651521183195,6216.005812777319,77.02295190423155,0.002690462528077762,0.29780836506168906,mixture,22
mixture,0.25,3098.9811404935413,6203.9622809870825,6216.316572581207,95.45619884722944,0.002689970928052621,0.29780914253177915,mixture,22
mixture,0.3,3099.085318034797,6204.170636069594,6216.524927663719,113.88972642064878,0.0026896365962473037,0.29780966937544506,mixture,22
mixture,0.35000000000000003,3099.160022741799,6204.320045483598,6216.674337077722,132.3234199761709,0.0026893944430324973,0.2978100500835583,mixture,22
mixture,0.4,3099.2162121186925,6204.432424237385,6216.786715831509,150.75721827369705,0.002689210982133662,0.29781033809439994,mixture,22
mixture,0.45,3099.2600107546064,6204.520021509213,6216.874313103337,169.1910887732412,0.002689067158846937,0.2978105636734534,mixture,22
mixture,0.5,3099.2951102381944,6204.590220476389,6216.944512070513,187.6250337091102,0.0026889510422210476,0.2978107442669322,mixture,22
null,,3099.4537287397025,6200.907457479405,6205.025554677446,371.9651320921905,0.0026884240315088264,,mixture,22
sum,,3112.696668955784,6227.393337911568,6231.511435109609,543.638181936325,0.0036789174610150077,,mixture,22
mixture,0.003250000000000001,3265.7241831435576,6537.448366287115,6550.06809406729,16.408389710872797,0.0017289258010165843,0.06860601352722648,mixture,23
mixture,0.003000000000000001,3265.7384493813233,6537.476898762647,6550.0966265428215,15.816892607966757,0.0017177408923117893,0.0708579075178809,mixture,23
mixture,0.0035000000000000014,3265.7840117263213,6537.568023452643,6550.187751232817,16.978644847016543,0.0017392594607429075,0.06658294902314531,mixture,23
mixture,0.0027500000000000007,3265.848156229775,6537.69631245955,6550.316040239725,15.201366942321911,0.0017055685433005608,0.07338655526094086,mixture,23
mixture,0.0037500000000000016,3265.9020164720223,6537.804032944045,6550.423760724219,17.53000649620791,0.0017488721747831253,0.06475140113027186,mixture,23
mixture,0.004000000000000002,3266.0661068511245,6538.132213702249,6550.751941482424,18.064283045053312,0.001757864738133537,0.06308271105872401,mixture,23
mixture,0.0025000000000000005,3266.0825511415255,6538.165102283051,6550.784830063226,14.558388847150274,0.001692211909611347,0.07625544847145824,mixture,23
mixture,0.004250000000000002,3266.26695582706,6538.53391165412,6551.153639434295,18.58547434401388,0.0017661751391359142,0.06154528144827727,mixture,23
mixture,0.0022500000000000003,3266.4827534359442,6538.9655068718885,6551.585234652063,13.883621111617805,0.001677417202373668,0.07955096984270146,mixture,23
mixture,0.004500000000000002,3266.497266184265,6538.99453236853,6551.6142601487045,19.08845816214477,0.0017742305551328099,0.06014325357288215,mixture,23
mixture,0.0047500000000000025,3266.7512688675365,6539.502537735073,6552.122265515248,19.581124663080235,0.0017816791161712011,0.05883796043951502,mixture,23
mixture,0.005000000000000003,3267.024349069058,6540.048698138116,6552.668425918291,20.061787421518524,0.0017887802381080366,0.05762574985651754,mixture,23
mixture,0.002,3267.1084039018215,6540.216807803643,6552.836535583818,13.17119314972656,0.0016608344817008066,0.0833961504200288,mixture,23
mixture,0.005250000000000003,3267.312785267898,6540.625570535796,6553.245298315971,20.53255538056394,0.0017954811412803152,0.05649244881393909,mixture,23
mixture,0.005500000000000003,3267.6135515360043,6541.2271030720085,6553.846830852183,20.99223959768591,0.0018018914137939237,0.0554351181698504,mixture,23
mixture,0.005750000000000003,3267.9241710636043,6541.8483421272085,6554.468069907383,21.443311694755696,0.0018079838295408089,0.054440751345290986,mixture,23
mixture,0.006000000000000004,3268.242603482451,6542.485206964902,6555.104934745077,21.885932818779605,0.0018137932333940614,0.05350429368338985,mixture,23
mixture,0.006250000000000004,3268.567159195301,6543.134318390602,6555.754046170777,22.320573471106698,0.0018193522512341324,0.05262033405334947,mixture,23
mixture,0.006500000000000004,3268.8964324692142,6543.7928649384285,6556.412592718603,22.74785878497657,0.0018246681428516773,0.05178371796236471,mixture,23
mixture,0.006750000000000004,3269.2292489580395,6544.458497916079,6557.078225696254,23.1680306177117,0.0018297742541557457,0.05099067721471032,mixture,23
mixture,0.0070000000000000045,3269.5646242163566,6545.129248432713,6557.748976212888,23.581706460321122,0.0018346738633807595,0.050236982848518255,mixture,23
mixture,0.007250000000000005,3269.901730537359,6545.803461074718,6558.423188854893,23.989242184718304,0.0018393825952815234,0.049519390743355034,mixture,23
mixture,0.007500000000000005,3270.2398703223434,6546.479740644687,6559.099468424862,24.39113549679641,0.0018439045011017113,0.048834660518171924,mixture,23
mixture,0.007750000000000005,3270.578454532504,6547.156909065008,6559.776636845183,24.787701137381987,0.0018482395844278293,0.04818028836497371,mixture,23
mixture,0.008000000000000005,3270.916984979847,6547.833969959694,6560.453697739868,25.178669045444316,0.0018524583356118534,0.04755493933411323,mixture,23
mixture,0.008500000000000006,3271.5922631560993,6549.184526312199,6561.804254092373,25.946160622750924,0.0018604479725475437,0.046380825542622246,mixture,23
mixture,0.008750000000000006,3271.928351892212,6549.856703784424,6562.476431564599,26.32310026417953,0.0018642448042877615,0.04582859107490859,mixture,23
mixture,0.009000000000000006,3272.263050923434,6550.526101846868,6563.145829627043,26.695811916632078,0.0018679137530969064,0.04529746844337165,mixture,23
mixture,0.009250000000000006,3272.5961451233616,6551.192290246723,6563.812018026898,27.063044810405078,0.0018714548920345565,0.0447890414418028,mixture,23
mixture,0.009500000000000007,3272.9274514968183,6551.854902993637,6564.474630773811,27.42803810078618,0.001874909371510129,0.04429562164225354,mixture,23
mixture,0.009750000000000007,3273.256818339525,6552.51363667905,6565.133364459225,27.790194538411836,0.001878250031624446,0.04381793756569082,mixture,23
mixture,0.010000000000000007,3273.5841185710315,6553.168237142063,6565.787964922238,28.147687674901455,0.0018814856190462255,0.04335879333501262,mixture,23
mixture,0.05,3304.6078418176257,6615.2156836352515,6627.835411415426,67.47667506138384,0.0020782962303145603,0.02188007063676017,mixture,23
mixture,0.1,3322.2839659627853,6650.5679319255705,6663.187659705745,99.75383655377388,0.0021882828851902385,0.016649429669683784,mixture,23
mixture,0.15000000000000002,3333.2115018384825,6672.423003676965,6685.04273145714,125.38765463144101,0.0022645540944186563,0.014370379028584243,mixture,23
mixture,0.2,3341.0617158525592,6688.1234317051185,6700.743159485293,147.48369816556973,0.0023238551361778512,0.013025112778121775,mixture,23
mixture,0.008250000000000006,3359.6089173506357,6725.217834701271,6737.837562481446,8.324682634516462,0.002156282960351642,0.2204548214139371,mixture,23
mixture,0.4,3359.7213261929905,6725.442652385981,6738.062380166156,218.12993375203314,0.0024831097831948773,0.010518637728888653,mixture,23
mixture,0.25,3381.634098761986,6769.268197523972,6781.887925304147,94.39547049155915,0.00272103470058136,0.297777844646787,mixture,23
mixture,0.3,3381.763973441698,6769.527946883396,6782.147674663571,112.62063988411346,0.0027205973824556925,0.29777852583422326,mixture,23
mixture,0.35000000000000003,3381.857051183926,6769.714102367852,6782.333830148027,130.84598091984807,0.002720281515115835,0.2977790169834417,mixture,23
mixture,0.45,3381.9815598374057,6769.963119674811,6782.582847454986,167.2969478760431,0.002719855849533531,0.29777967811776135,mixture,23
mixture,0.5,3382.0252478263433,6770.050495652687,6782.670223432861,185.52255179907038,0.002719705132736832,0.29777991004140175,mixture,23
null,,3382.222554944701,6766.445109889402,6770.651685816128,367.77909597324367,0.002719023487057435,,mixture,23
sum,,3400.4765749200915,6802.953149840183,6807.159725766908,542.7883911960948,0.0036846771825623918,,mixture,23
mixture,0.004000000000000002,3064.921970695546,6135.843941391092,6148.289346278845,23.816686210256123,0.0014362799406006806,0.047357053695594495,mixture,24
mixture,0.004250000000000002,3064.9336752855793,6135.867350571159,6148.312755458912,24.393914598307795,0.0014508597427658346,0.04639029903399067,mixture,24
mixture,0.0037500000000000016,3064.9715029451568,6135.9430058903135,6148.388410778067,23.215798392519375,0.0014209568067543622,0.048416338513505325,mixture,24
mixture,0.004500000000000002,3064.9959600442176,6135.991920088435,6148.437324976188,24.950523504539262,0.0014647242453199286,0.045501763606311973,mixture,24
mixture,0.0035000000000000014,3065.0957211987993,6136.191442397599,6148.636847285352,22.58836579948482,0.0014048250936508665,0.04958463243425288,mixture,24
mixture,0.0047500000000000025,3065.1002818722104,6136.200563744421,6148.645968632174,25.488260115151295,0.0014779538451781475,0.04468142383996216,mixture,24
mixture,0.005000000000000003,3065.2397210395084,6136.479442079017,6148.92484696677,26.008876956313348,0.001490602408830145,0.04392057876064569,mixture,24
mixture,0.003250000000000001,3065.311825807717,6136.623651615434,6149.069056503187,21.931139327117457,0.001387768223676798,0.05088250009449707,mixture,24
mixture,0.005250000000000003,3065.408621049488,6136.817242098976,6149.262646986729,26.514293940388736,0.0015026875255768945,0.04321138476967432,mixture,24
mixture,0.005500000000000003,3065.6023199132746,6137.204639826549,6149.650044714303,27.0055381759961,0.0015142735462344865,0.042548305930868766,mixture,24
mixture,0.003000000000000001,3065.6421523436443,6137.284304687289,6149.729709575042,21.23884679094978,0.0013697734803816057,0.05233951971731426,mixture,24
mixture,0.005750000000000003,3065.8169469283202,6137.6338938566405,6150.079298744394,27.483840183681405,0.0015253885714591946,0.04192616389728652,mixture,24
mixture,0.006000000000000004,3066.0492669735268,6138.0985339470535,6150.543938834807,27.95022711676356,0.001536065970811048,0.04134062595604577,mixture,24
mixture,0.0027500000000000007,3066.116221519787,6138.232443039574,6150.677847927327,20.506114294659795,0.0013507300856108503,0.05399244034289633,mixture,24
mixture,0.006250000000000004,3066.2965598986525,6138.593119797305,6151.038524685058,28.40559495612529,0.001546335246418951,0.04078800479935754,mixture,24
mixture,0.006500000000000004,3066.556526107614,6139.113052215228,6151.558457102981,28.850695740110666,0.001556225286399946,0.040265182667626895,mixture,24
mixture,0.0025000000000000005,3066.773866046699,6139.547732093398,6151.993136981151,19.72548218120782,0.0013305750567343387,0.05589301390278826,mixture,24
mixture,0.006750000000000004,3066.827211954168,6139.654423908336,6152.099828796089,29.286222113795123,0.0015657732272661008,0.03976936687858379,mixture,24
mixture,0.0070000000000000045,3067.106950259038,6140.213900518076,6152.659305405829,29.71317546579157,0.0015749480401923968,0.0392978088747354,mixture,24
mixture,0.007250000000000005,3067.3943125133183,6140.7886250266365,6153.23402991439,30.13144876800763,0.0015838389873902223,0.03884915970215169,mixture,24
mixture,0.0022500000000000003,3067.670169831943,6141.340339663886,6153.785744551639,18.88790946723504,0.0013092309854192527,0.058112298133052694,mixture,24
mixture,0.007500000000000005,3067.688070216189,6141.376140432378,6153.821545320131,30.541946023468874,0.0015924331700829103,0.03842108169867464,mixture,24
mixture,0.007750000000000005,3067.9871633080975,6141.974326616195,6154.419731503948,30.945196985886795,0.0016007445656194403,0.03801185273530032,mixture,24
mixture,0.008000000000000005,3068.290674303776,6142.581348607552,6155.0267534953055,31.34143894014026,0.0016087961747767554,0.0376202510837227,mixture,24
mixture,0.002,3068.8836019068667,6143.767203813733,6156.212608701487,17.98061694868467,0.001286681697994982,0.06075648164672132,mixture,24
mixture,0.008500000000000006,3068.907868485714,6143.815736971428,6156.261141859181,32.114741841739324,0.0016241723807779536,0.036884366990938194,mixture,24
mixture,0.008750000000000006,3069.2202548877463,6144.4405097754925,6156.885914663246,32.49226221904422,0.0016315248974071372,0.03653814643365886,mixture,24
mixture,0.009000000000000006,3069.5344384559376,6145.068876911875,6157.514281799628,32.86427792826706,0.001638669197050531,0.03620485937866532,mixture,24
mixture,0.009250000000000006,3069.8499573839626,6145.699914767925,6158.145319655679,33.23096633364861,0.0016456080916503533,0.03588381068736994,mixture,24
mixture,0.009500000000000007,3070.166406928693,6146.332813857386,6158.778218745139,33.5925844580846,0.00165236124016473,0.03557416918761278,mixture,24
mixture,0.009750000000000007,3070.483431920324,6146.966863840648,6159.412268728402,33.949374470088024,0.0016589337316106113,0.035275230973989366,mixture,24
mixture,0.010000000000000007,3070.8007203671623,6147.601440734325,6160.046845622078,34.3015677336824,0.001665334090362385,0.03498632947308482,mixture,24
mixture,0.05,3104.5808365784824,6215.161673156965,6227.607078044718,70.64302346818,0.0020444254482806772,0.020568881351841154,mixture,24
mixture,0.1,3124.3398463556896,6254.679692711379,6267.1250975991325,101.13147170211892,0.0021894228391470083,0.01622869210041912,mixture,24
mixture,0.15000000000000002,3136.3577643567974,6278.715528713595,6291.160933601348,126.05871446963582,0.002274254385784344,0.014142381356552923,mixture,24
mixture,0.35000000000000003,3161.1453013524074,6328.290602704815,6340.736007592568,202.0329863366274,0.002466517587950464,0.010809459136511289,mixture,24
mixture,0.4,3164.905335958688,6335.810671917376,6348.256076805129,217.73003467434745,0.002499393791047059,0.010400194655762317,mixture,24
mixture,0.008250000000000006,3165.568673691096,6337.137347382192,6349.582752269946,8.330266463720665,0.0021729547847931436,0.21875585726953373,mixture,24
mixture,0.45,3168.1717339222914,6342.343467844583,6354.788872732336,232.59741954707408,0.002528965088870476,0.010062383085405134,mixture,24
mixture,0.2,3187.898976650098,6381.797953300196,6394.2433581879495,75.60350254046186,0.002742854570480693,0.2977555755116233,mixture,24
mixture,0.25,3188.1038656483397,6382.207731296679,6394.653136184433,93.68764324883897,0.0027421659452632786,0.2977566471195009,mixture,24
mixture,0.3,3188.241211013111,6382.482422026222,6394.927826913975,111.77212029935076,0.002741698725171996,0.29775737209248654,mixture,24
mixture,0.5,3188.5177325126488,6383.0354650252975,6395.480869913051,184.11148397292988,0.002740743139706276,0.29775884838588984,mixture,24
null,,3188.7267472884814,6379.453494576963,6383.601962872881,364.96195018060706,0.0027400116628737174,,mixture,24
sum,,3208.466585316507,6418.933170633014,6423.081638928932,541.1139939678669,0.0036960788711717673,,mixture,24
mixture,0.004500000000000002,2864.931633735042,5735.863267470084,5748.054623096146,24.52112378074036,0.0013589861307227904,0.04693578023857397,mixture,25
mixture,0.004250000000000002,2864.932853124322,5735.865706248644,5748.057061874706,23.902722832589347,0.0013492634168312553,0.04798134757807032,mixture,25
mixture,0.0047500000000000025,2864.9663385002405,5735.932677000481,5748.124032626543,25.122834310549344,0.0013681877597513748,0.045967665591907556,mixture,25
mixture,0.004000000000000002,2864.977185584579,5735.954371169158,5748.14572679522,23.266056919514853,0.001338954717952428,0.0491156908876068,mixture,25
mixture,0.005000000000000003,2865.0311509640533,5736.0623019281065,5748.253657554169,25.709418266649983,0.0013769042671325006,0.045067317052946934,mixture,25
mixture,0.0037500000000000016,2865.073610658319,5736.147221316638,5748.3385769427005,22.609197905915394,0.0013279882869110917,0.05035284183717212,mixture,25
mixture,0.005250000000000003,2865.1213205947324,5736.242641189465,5748.433996815527,26.281908258511045,0.0013851978401590978,0.04422715882261206,mixture,25
mixture,0.005500000000000003,2865.232934612623,5736.465869225246,5748.6572248513085,26.841411826715532,0.0013931023705591264,0.04344048848691699,mixture,25
mixture,0.0035000000000000014,2865.233479051963,5736.466958103926,5748.658313729989,21.929822996337396,0.0013162899268546158,0.05171026760174119,mixture,25
mixture,0.005750000000000003,2865.36274571605,5736.7254914321,5748.916847058163,27.38909927447357,0.0014006350357643272,0.04270132914099018,mixture,25
mixture,0.003250000000000001,2865.4713345932037,5736.942669186407,5749.13402481247,21.225253882339157,0.001303736479172078,0.05320989292832857,mixture,25
mixture,0.006000000000000004,2865.5080403018715,5737.016080603743,5749.207436229805,27.924996009256162,0.0014078745980396997,0.04200605927562324,mixture,25
mixture,0.006250000000000004,2865.6665367345895,5737.333073469179,5749.524429095241,28.450685685927308,0.0014148009209153409,0.04134921730549564,mixture,25
mixture,0.003000000000000001,2865.806104274305,5737.61220854861,5749.803564174673,20.49197452301499,0.0012902410014708585,0.05488024802341798,mixture,25
mixture,0.006500000000000004,2865.836305611212,5737.672611222424,5749.863966848487,28.966409120936735,0.0014214550830125871,0.040727845606411336,mixture,25
mixture,0.006750000000000004,2866.01570704322,5738.03141408644,5750.222769712503,29.473330947815953,0.001427830820176503,0.04013799450191916,mixture,25
mixture,0.0070000000000000045,2866.2033405584707,5738.406681116941,5750.598036743004,29.971087124147168,0.0014339903245076397,0.03957814606751193,mixture,25
mixture,0.0027500000000000007,2866.2628661152776,5738.525732230555,5750.717087856618,19.725782767659275,0.001275649534515273,0.05675862060332878,mixture,25
mixture,0.007250000000000005,2866.3980050575283,5738.796010115057,5750.987365741119,30.459817933995893,0.001439975047416777,0.039046201351797864,mixture,25
mixture,0.007500000000000005,2866.5986664792317,5739.197332958463,5751.388688584526,30.941362542018037,0.0014457161353951477,0.03853826830492665,mixture,25
mixture,0.007750000000000005,2866.8044311612293,5739.608862322459,5751.800217948521,31.41537287070029,0.0014512736056549605,0.03805334717205776,mixture,25
mixture,0.0025000000000000005,2866.87555469959,5739.75110939918,5751.942465025242,18.921363951537202,0.001259797613882759,0.058895011900119934,mixture,25
mixture,0.008000000000000005,2867.0145243604834,5740.029048720967,5752.220404347029,31.882222644930465,0.0014566557446145016,0.03758972469418962,mixture,25
mixture,0.008250000000000006,2867.228272372344,5740.456544744688,5752.64790037075,32.34226851696367,0.0014618748882013414,0.03714582149453489,mixture,25
mixture,0.008500000000000006,2867.445087744467,5740.890175488934,5753.081531114996,32.79586234325494,0.0014669453187491585,0.036720170425061066,mixture,25
mixture,0.008750000000000006,2867.6644569617324,5741.328913923465,5753.520269549527,33.243838446956076,0.0014718356267774213,0.03631101200827232,mixture,25
mixture,0.0022500000000000003,2867.6912494660914,5741.382498932183,5753.573854558245,18.071710085040355,0.0012424794505233872,0.061359163328912024,mixture,25
mixture,0.009000000000000006,2867.885930030123,5741.771860060246,5753.963215686308,33.684676999037585,0.0014766349191029273,0.03591915247403311,mixture,25
mixture,0.009250000000000006,2868.1091119914445,5742.218223982889,5754.409579608951,34.1208106585052,0.0014812758599147783,0.03554107860432648,mixture,25
mixture,0.009500000000000007,2868.3336553429017,5742.667310685803,5754.858666311866,34.55086311992181,0.001485813370758043,0.0351776798938285,mixture,25
mixture,0.009750000000000007,2868.5592539824233,5743.118507964847,5755.309863590909,34.97607970981756,0.0014902192923955467,0.03482697660748678,mixture,25
mixture,0.002,2868.777261970283,5743.554523940566,5755.745879566628,17.167586970576615,0.0012234546380401807,0.06425083657055282,mixture,25
mixture,0.010000000000000007,2868.785637779854,5743.571275559708,5755.76263118577,35.395902691711754,0.001494535579259668,0.0344889321354577,mixture,25
mixture,0.05,2894.24238213403,5794.48476426806,5806.676119894122,78.39689733009007,0.0017816012253971407,0.018874576306013316,mixture,25
mixture,0.1,2909.8958621319625,5825.791724263925,5837.9830798899875,112.72259813168361,0.0019188431587375575,0.014849558001454754,mixture,25
mixture,0.15000000000000002,2919.630711339668,5845.261422679336,5857.452778305398,140.10561342186176,0.002004477807127134,0.013022198574152466,mixture,25
mixture,0.2,2962.2557263409067,5930.511452681813,5942.702808307876,84.35423449721205,0.002448876162063985,0.29804942419560077,mixture,25
mixture,0.25,2962.3791929478543,5930.758385895709,5942.949741521771,104.62156702852243,0.0024484548113938433,0.2980502690970896,mixture,25
mixture,0.3,2962.461889679189,5930.923779358378,5943.11513498444,124.8897361774911,0.002448157338158299,0.29805084762330675,mixture,25
mixture,0.35000000000000003,2962.521149711787,5931.042299423574,5943.233655049637,145.15370252614036,0.002448016858482135,0.2980515336386092,mixture,25
mixture,0.4,2962.5656988339642,5931.1313976679285,5943.322753293991,165.4214267130558,0.002447855271663131,0.2980517802586351,mixture,25
mixture,0.45,2962.600410509483,5931.200821018966,5943.3921766450285,185.68921864126344,0.002447728713975177,0.2980519731983817,mixture,25
mixture,0.5,2962.6282192635917,5931.2564385271835,5943.447794153246,205.9570549213854,0.0024476269510524807,0.29805212732626,mixture,25
null,,2962.7537947271094,5927.507589454219,5931.571374662906,408.6364381996016,0.0024471630684866686,,mixture,25
sum,,2977.525856518909,5957.051713037818,5961.115498246506,597.6357480522371,0.003346520027488696,,mixture,25
mixture,0.0025000000000000005,2740.6740780111186,5487.348156022237,5499.425753943713,18.75950556285514,0.0012509813830934048,0.059512890858052454,mixture,26
mixture,0.0022500000000000003,2740.7017637368867,5487.4035274737735,5499.481125395249,18.047058421259788,0.0012259601854773075,0.06154482053713055,mixture,26
mixture,0.0027500000000000007,2740.7793542898808,5487.5587085797615,5499.636306501237,19.4355603026615,0.0012733900649502,0.05772468707188078,mixture,26
mixture,0.002,2740.9158515247636,5487.831703049527,5499.909300971003,17.28894053661116,0.0011979249352229745,0.06389495375312,mixture,26
mixture,0.003000000000000001,2740.981301705674,5487.962603411348,5500.040201332824,20.079449081195065,0.0012937537024723298,0.05613544307323624,mixture,26
mixture,0.003250000000000001,2741.2545150972664,5488.509030194533,5500.586628116009,20.696243319309026,0.0013123728215716228,0.054706928465028545,mixture,26
mixture,0.0035000000000000014,2741.580761246273,5489.161522492546,5501.239120414022,21.288524908753597,0.001329467796234069,0.053414758888024175,mixture,26
mixture,0.0037500000000000016,2741.946681417346,5489.893362834692,5501.970960756168,21.86025028931328,0.0013452841363559565,0.052234249370792095,mixture,26
mixture,0.004000000000000002,2742.3423164222136,5490.684632844427,5502.762230765903,22.41295171730334,0.0013599746306904017,0.051151104293700414,mixture,26
mixture,0.004250000000000002,2742.7601323920785,5491.520264784157,5503.597862705633,22.948923854727152,0.0013736850820369347,0.0501509537771205,mixture,26
mixture,0.004500000000000002,2743.19435904105,5492.3887180821,5504.466316003576,23.46982669280455,0.0013865121126079738,0.049223031032824015,mixture,26
mixture,0.0047500000000000025,2743.640530261456,5493.281060522912,5505.358658444388,23.97691700510684,0.0013985629674870938,0.04835871028168094,mixture,26
mixture,0.005000000000000003,2744.095158696804,5494.190317393608,5506.267915315084,24.47128142207721,0.0014099259415146187,0.0475507859748285,mixture,26
mixture,0.005250000000000003,2744.555501208408,5495.111002416816,5507.1886003382915,24.955150308840558,0.0014205879886610001,0.046790851962183105,mixture,26
mixture,0.005500000000000003,2745.019386455295,5496.03877291059,5508.1163708320655,25.42681516969632,0.0014308055676925339,0.04607830153368284,mixture,26
mixture,0.005750000000000003,2745.485088303791,5496.970176607582,5509.047774529058,25.888772629817467,0.0014404649968427113,0.045405750752613584,mixture,26
mixture,0.006000000000000004,2745.951228847961,5497.902457695922,5509.980055617398,26.341989749166657,0.0014496398660856094,0.0447686629875309,mixture,26
mixture,0.006250000000000004,2746.4167057431678,5498.8334114863355,5510.911009407811,26.786532586791076,0.0014583913125900813,0.04416472600516046,mixture,26
mixture,0.006500000000000004,2746.880636034232,5499.761272068464,5511.83886998994,27.22288830458507,0.0014667557300728695,0.043591119855930685,mixture,26
mixture,0.006750000000000004,2747.342312559251,5500.684625118502,5512.7622230399775,27.651903224925896,0.001474750580427031,0.04304468512958656,mixture,26
mixture,0.0070000000000000045,2747.801169841214,5501.602339682428,5513.679937603903,28.073920059873604,0.0014824058032006002,0.0425233679487234,mixture,26
mixture,0.007250000000000005,2748.256757185811,5502.513514371622,5514.5911122930975,28.4892088968855,0.0014897523648858505,0.04202538298088241,mixture,26
mixture,0.007500000000000005,2748.708717310212,5503.417434620424,5515.4950325418995,28.89817896641845,0.0014968114146723527,0.041548879070815246,mixture,26
mixture,0.007750000000000005,2749.1567692499593,5504.313538499919,5516.391136421395,29.301202464758827,0.0015036017558569801,0.04109221066135668,mixture,26
mixture,0.008000000000000005,2749.6006946048865,5505.201389209773,5517.278987131249,29.6985639926341,0.0015101414557728053,0.04065399322309522,mixture,26
mixture,0.008250000000000006,2750.0403264129573,5506.0806528259145,5518.15825074739,30.090574043740805,0.0015164456317090886,0.04023290543304121,mixture,26
mixture,0.008500000000000006,2750.4755400996846,5506.951080199369,5519.028678120845,30.477479698042334,0.0015225309491343143,0.039827801921235466,mixture,26
mixture,0.008750000000000006,2750.906246093643,5507.812492187286,5519.890090108762,30.859672800139144,0.0015284006043327308,0.03943745742505995,mixture,26
mixture,0.009000000000000006,2751.332383750963,5508.664767501926,5520.742365423402,31.236438500218902,0.0015341331961098098,0.03906198643839654,mixture,26
mixture,0.009250000000000006,2751.7539163093106,5509.507832618621,5521.585430540097,31.60982550888894,0.0015396048944472534,0.03869846514615065,mixture,26
mixture,0.009500000000000007,2752.170826914303,5510.341653828606,5522.4192517500815,31.978731266095437,0.0015449208690737153,0.0383475530190703,mixture,26
mixture,0.009750000000000007,2752.58311499724,5511.16622999448,5523.243827915956,32.343439561492566,0.001550086121209071,0.038008377938453485,mixture,26
mixture,0.010000000000000007,2752.9907935718084,5511.981587143617,5524.059185065093,32.70480210110467,0.0015550685864644512,0.03767952356476225,mixture,26
mixture,0.05,2787.7575299455452,5581.5150598910905,5593.592657812566,72.36141927548054,0.0018290856396841364,0.021099222202074254,mixture,26
mixture,0.1,2812.621951403452,5631.243902806904,5643.32150072838,93.5445360918166,0.0018265215876430245,0.02319846983319637,mixture,26
mixture,0.15000000000000002,2816.1783309363627,5638.356661872725,5650.434259794201,135.29623220151336,0.0019990452986165435,0.014105445787298589,mixture,26
mixture,0.2,2859.677819145486,5725.355638290972,5737.433236212448,86.80198621715356,0.002377598074075533,0.29812042706745445,mixture,26
mixture,0.25,2859.8170057517455,5725.634011503491,5737.711609424967,107.6832568274317,0.0023771601778748556,0.2981213720112392,mixture,26
mixture,0.3,2859.910253280548,5725.820506561096,5737.898104482572,128.56563013823975,0.002376847636353037,0.2981220123729003,mixture,26
mixture,0.35000000000000003,2859.9770843674323,5725.954168734865,5738.031766656341,149.44878192451608,0.0023766119117087092,0.29812247965180194,mixture,26
mixture,0.4,2860.0273319549806,5726.054663909961,5738.132261831437,170.33257523131863,0.002376426109310667,0.2981228386098802,mixture,26
mixture,0.45,2860.0664876819897,5726.132975363979,5738.210573285455,191.21129947961543,0.0023763452219448915,0.2981233144737488,mixture,26
mixture,0.5,2860.097858711004,5726.195717422008,5738.273315343484,212.0943023719996,0.0023762322217815673,0.29812348729374155,mixture,26
null,,2860.239546975292,5722.479093950584,5726.504959924409,420.9255886629532,0.00237571681773124,,mixture,26
sum,,2874.5518726058303,5751.103745211661,5755.129611185486,613.7437466937446,0.0032586890062408914,,mixture,26
mixture,0.0027500000000000007,2875.7679999304746,5757.535999860949,5769.80313448729,16.306002896568796,0.0016757195642080063,0.06800243127267827,mixture,27
mixture,0.0025000000000000005,2875.7889545995754,5757.577909199151,5769.845043825491,15.742062917924837,0.001651918764067813,0.07010492958198963,mixture,27
mixture,0.003000000000000001,2875.8605426589347,5757.721085317869,5769.98821994421,16.847586138370495,0.0016969792936145668,0.06611520268779192,mixture,27
mixture,0.0022500000000000003,2875.9648122617514,5757.929624523503,5770.196759149843,15.151879827168877,0.0016249720769685111,0.07247276526824616,mixture,27
mixture,0.003250000000000001,2876.037519906696,5758.075039813392,5770.342174439733,17.36995402435756,0.0017160933948525267,0.06440568746328511,mixture,27
mixture,0.0035000000000000014,2876.2780195351143,5758.5560390702285,5770.823173696569,17.87553744736907,0.0017334288111211745,0.06284521550902242,mixture,27
mixture,0.002,2876.356373075245,5758.71274615049,5770.97988077683,14.530159777251338,0.0015941176939886497,0.07517580856354215,mixture,27
mixture,0.0037500000000000016,2876.5666800707404,5759.133360141481,5771.400494767821,18.366219420781462,0.0017492388774268714,0.06141188508915825,mixture,27
mixture,0.004000000000000002,2876.892019379136,5759.784038758272,5772.051173384612,18.843645298000695,0.0017637413793830255,0.06008781833423692,mixture,27
mixture,0.004250000000000002,2877.2453274178706,5760.490654835741,5772.757789462082,19.309036162967413,0.0017770969048800725,0.05885918611460444,mixture,27
mixture,0.004500000000000002,2877.6199133020455,5761.239826604091,5773.506961230431,19.76333526096672,0.0017894879813699618,0.057714663500818414,mixture,27
mixture,0.0047500000000000025,2878.010581695593,5762.021163391186,5774.288298017526,20.207805530536703,0.0018009972974442085,0.05664363080690803,mixture,27
mixture,0.005000000000000003,2878.413261204836,5762.826522409672,5775.093657036013,20.64306036426703,0.001811737719301863,0.05563856606854467,mixture,27
mixture,0.005250000000000003,2878.824736150508,5763.649472301016,5775.916606927357,21.069622753855278,0.00182181959300365,0.054692989911196754,mixture,27
mixture,0.005500000000000003,2879.242449940501,5764.484899881002,5776.752034507343,21.4884123671986,0.0018312727234463424,0.053800271969875545,mixture,27
mixture,0.005750000000000003,2879.664358658335,5765.32871731667,5777.5958519430105,21.899723113293412,0.0018401876881973239,0.05295594056321545,mixture,27
mixture,0.006000000000000004,2880.088821002651,5766.177642005302,5778.4447766316425,22.304165739684017,0.001848602601841474,0.05215528608352618,mixture,27
mixture,0.006250000000000004,2880.5145144104727,5767.029028820945,5779.296163447286,22.70243515544172,0.0018565302861948984,0.05139393244210759,mixture,27
mixture,0.006500000000000004,2880.940370220099,5767.880740440198,5780.147875066538,23.093818639631763,0.001864140267793549,0.05067079108702604,mixture,27
mixture,0.006750000000000004,2881.365524138587,5768.731048277174,5780.998182903514,23.47972748516997,0.00187133931649424,0.049980663851686445,mixture,27
mixture,0.0070000000000000045,2881.7892763612567,5769.578552722513,5781.845687348854,23.86021207952821,0.0018781958789158683,0.04932144208524255,mixture,27
mixture,0.007250000000000005,2882.2110608671774,5770.422121734355,5782.689256360695,24.235464247448775,0.0018847407427181044,0.04869099253385591,mixture,27
mixture,0.007500000000000005,2882.6304206948644,5771.260841389729,5783.527976016069,24.605544545040203,0.0018910151284585665,0.04808758974081178,mixture,27
mixture,0.007750000000000005,2883.0469893838385,5772.093978767677,5784.361113394018,24.968811212316766,0.001897024689908128,0.04751366375686082,mixture,27
mixture,0.008000000000000005,2883.4604693429906,5772.920938685981,5785.188073312322,25.33175386019988,0.0019027860642377374,0.0469532619766626,mixture,27
mixture,0.008250000000000006,2883.8706304224315,5773.741260844863,5786.008395471204,25.688362117161883,0.0019083102057765847,0.04641901765282264,mixture,27
mixture,0.008500000000000006,2884.277287967314,5774.554575934628,5786.821710560968,26.04046107958581,0.0019136584570164567,0.045905525446580046,mixture,27
mixture,0.008750000000000006,2884.6803000801438,5775.3606001602875,5787.627734786628,26.38863821081992,0.001918801544040433,0.04541081587470839,mixture,27
mixture,0.009000000000000006,2885.0795593258144,5776.159118651629,5788.426253277969,26.73289571741573,0.0019237654166939277,0.04493399651090305,mixture,27
mixture,0.009250000000000006,2885.4749870067017,5776.949974013403,5789.217108639744,27.073676962187413,0.0019285367522556007,0.04447353350363427,mixture,27
mixture,0.009500000000000007,2885.8665282519573,5777.733056503915,5790.000191130255,27.4104422524077,0.0019331994859831992,0.04402944513197882,mixture,27
mixture,0.05,2920.490428208058,5846.980856416116,5859.247991042456,63.30044773554036,0.002205785771957097,0.023380132958673465,mixture,27
mixture,0.1,2938.6978718556784,5883.395743711357,5895.662878337697,92.41979603451549,0.0023272371162109144,0.01820005922514222,mixture,27
mixture,0.009750000000000007,2977.5161326001116,5961.032265200223,5973.299399826564,8.439266762325492,0.0023437766252068343,0.23140391086712514,mixture,27
mixture,0.010000000000000007,2978.11145442415,5962.2229088483,5974.4900434746405,8.446557575676122,0.0023637581796510385,0.234819379157187,mixture,27
mixture,0.5,2980.5543120601583,5967.108624120317,5979.375758746657,234.5450444856209,0.002652541550896863,0.010858568905941801,mixture,27
mixture,0.15000000000000002,2994.8141848899113,5995.628369779823,6007.895504406163,56.02695200438534,0.002821059882763396,0.2976766980429839,mixture,27
mixture,0.2,2995.1265733581067,5996.253146716213,6008.520281342554,73.60996934956322,0.0028199793377229527,0.29767841925683075,mixture,27
mixture,0.25,2995.3157430691454,5996.631486138291,6008.898620764631,91.19362782712145,0.002819311263756887,0.2976794774722543,mixture,27
mixture,0.3,2995.4425911118556,5996.885182223711,6009.152316850052,108.77761401224257,0.0028188574802083506,0.297680193982876,mixture,27
mixture,0.35000000000000003,2995.5335604452084,5997.067120890417,6009.334255516757,126.36179504946993,0.0028185290673589706,0.297680711501655,mixture,27
mixture,0.4,2995.6019876945206,5997.203975389041,6009.471110015382,143.94610458191568,0.002818280284973924,0.29768110301313744,mixture,27
mixture,0.45,2995.655328180656,5997.310656361312,6009.577790987652,161.53050080128483,0.0028180853051688235,0.29768140962543765,mixture,27
null,,2995.8912773771,5993.7825547542,5997.871599629647,354.96030606508066,0.0028172164124082473,,mixture,27
sum,,3011.835004955623,6025.670009911246,6029.759054786693,524.562174872681,0.0038127034235463687,,mixture,27
mixture,0.0070000000000000045,3038.589653109409,6083.179306218818,6095.559913771161,24.457556323267756,0.0017936413907388774,0.04830969345675454,mixture,28
mixture,0.006750000000000004,3038.5914700685407,6083.1829401370815,6095.563547689424,23.99840693693783,0.0017899417443597522,0.04910434445337867,mixture,28
mixture,0.007250000000000005,3038.601336888273,6083.202673776546,6095.583281328889,24.907974820600074,0.001797292537168911,0.0475588693457654,mixture,28
mixture,0.006500000000000004,3038.608348120588,6083.216696241176,6095.597303793518,23.529674958389304,0.001786219613766356,0.04994795376039671,mixture,28
mixture,0.007500000000000005,3038.6251474709056,6083.250294941811,6095.630902494154,25.34961494283463,0.0018009345979440898,0.0468489412176514,mixture,28
mixture,0.006250000000000004,3038.6420658496,6083.2841316992,6095.664739251542,23.049753174066463,0.001782563808951255,0.0508479328987021,mixture,28
mixture,0.007750000000000005,3038.6598708733445,6083.319741746689,6095.700349299032,25.783157416770077,0.0018045533581073942,0.046175934785332495,mixture,28
mixture,0.006000000000000004,3038.6946592529275,6083.389318505855,6095.769926058198,22.559166255250332,0.001778884616135282,0.05180789159571678,mixture,28
mixture,0.008000000000000005,3038.7044309687485,6083.408861937497,6095.78946948984,26.209066191821748,0.0018081340816436464,0.04553672282041551,mixture,28
mixture,0.008250000000000006,3038.75787096175,6083.5157419235,6095.896349475843,26.627732100350414,0.001811677170448656,0.04492854336646591,mixture,28
mixture,0.005750000000000003,3038.7684689447524,6083.536937889505,6095.917545441847,22.05669193319893,0.001775229798149094,0.05283596504650225,mixture,28
mixture,0.008500000000000006,3038.819337865882,6083.638675731764,6096.019283284107,27.040618643600013,0.0018151427430097328,0.044346956503790405,mixture,28
mixture,0.005500000000000003,3038.8661991637864,6083.732398327573,6096.113005879915,21.54161999148566,0.0017716041400179757,0.053940185530328255,mixture,28
mixture,0.008750000000000006,3038.888068766333,6083.776137532666,6096.156745085009,27.444733015672742,0.0018186597443697263,0.04379570552445255,mixture,28
mixture,0.009000000000000006,3038.96338053217,6083.92676106434,6096.307368616683,27.843811422366887,0.0018220898330248336,0.04326674268018592,mixture,28
mixture,0.005250000000000003,3038.990991121381,6083.981982242762,6096.362589795104,21.012669455148966,0.0017680546450409718,0.05513125467320306,mixture,28
mixture,0.009250000000000006,3039.0446591726336,6084.089318345267,6096.46992589761,28.236993887592774,0.0018254783363169953,0.04276035038288566,mixture,28
mixture,0.009500000000000007,3039.1313520524586,6084.262704104917,6096.64331165726,28.624557733851457,0.0018288244680511722,0.04227492612360133,mixture,28
mixture,0.009750000000000007,3039.222960649993,6084.445921299986,6096.826528852329,29.00674814076622,0.00183212826139653,0.041809041319742946,mixture,28
mixture,0.010000000000000007,3039.3190343802376,6084.638068760475,6097.018676312818,29.38381214194901,0.001835388995615819,0.04136137263516106,mixture,28
mixture,0.0047500000000000025,3039.337092207694,6084.674184415388,6097.05479196773,19.909891223577958,0.0017611858042726463,0.05782019275016197,mixture,28
mixture,0.004500000000000002,3039.567841515375,6085.13568303075,6097.516290583093,19.333769048564665,0.0017579245747822608,0.059348039841544506,mixture,28
mixture,0.004250000000000002,3039.8448892339406,6085.689778467881,6098.070386020224,18.739408917182114,0.001754812081313847,0.061023451687506745,mixture,28
mixture,0.004000000000000002,3040.175637170353,6086.351274340706,6098.731881893049,18.125707881085138,0.00175186027902692,0.06286917981920413,mixture,28
mixture,0.0037500000000000016,3040.5691351532987,6087.138270306597,6099.51887785894,17.491279828690562,0.001749084732707843,0.06491369240605765,mixture,28
mixture,0.0035000000000000014,3041.03660051411,6088.07320102822,6100.4538085805625,16.834809022685942,0.0017465034140318706,0.0671912283320504,mixture,28
mixture,0.003250000000000001,3041.5921606412767,6089.184321282553,6101.564928834896,16.15511713900084,0.0017440792440996122,0.06974342542822212,mixture,28
mixture,0.003000000000000001,3042.25394001024,6090.50788002048,6102.888487572823,15.450879384465955,0.0017417753437346329,0.07262265256267125,mixture,28
mixture,0.0027500000000000007,3043.045692834395,6092.09138566879,6104.471993221133,14.72088331176703,0.001739497576861792,0.07589440642574229,mixture,28
mixture,0.0025000000000000005,3043.9993238319375,6093.998647663875,6106.379255216218,13.963608881420337,0.0017371112234937504,0.0796442926232685,mixture,28
mixture,0.0022500000000000003,3045.158903729737,6096.317807459474,6108.698415011817,13.177290396517119,0.0017343933730621151,0.08398564186643866,mixture,28
mixture,0.002,3046.587305387362,6099.174610774724,6111.5552183270665,12.358639170472603,0.0017311067118063242,0.08908082510718306,mixture,28
mixture,0.05,3057.5387763446797,6121.077552689359,6133.458160241702,66.96820300706686,0.0020979290867034293,0.02202378851744904,mixture,28
mixture,0.1,3070.793614686413,6147.587229372826,6159.967836925169,96.91632975934127,0.002233544220512383,0.01725975068286418,mixture,28
mixture,0.005000000000000003,3094.9163008320284,6195.832601664057,6208.213209216399,6.795380308787893,0.002174210032080509,0.22132286890686245,mixture,28
mixture,0.15000000000000002,3117.0334918805893,6240.066983761179,6252.447591313521,57.10154556285611,0.002765148198946665,0.29773318250805947,mixture,28
mixture,0.2,3117.2871930529127,6240.574386105825,6252.954993658168,75.03538316518551,0.002764400205927731,0.29773440690293757,mixture,28
mixture,0.25,3117.4409110391484,6240.881822078297,6253.262429630639,92.96975305464055,0.0027639355024708105,0.2977351620559722,mixture,28
mixture,0.3,3117.5440239024592,6241.0880478049185,6253.468655357261,110.90439757033243,0.0027636188658299956,0.2977356744013736,mixture,28
mixture,0.35000000000000003,3117.617989911034,6241.235979822068,6253.61658737441,128.83920041037112,0.002763389322186107,0.2977360448816728,mixture,28
mixture,0.4,3117.6736374114153,6241.3472748228305,6253.727882375173,146.7741043306972,0.0027632152796269877,0.2977363252998944,mixture,28
mixture,0.45,3117.7170218905203,6241.434043781041,6253.814651333383,164.709086012274,0.0027630786208057596,0.2977365451813974,mixture,28
mixture,0.5,3117.751794700701,6241.503589401402,6253.884196953744,182.6441645804185,0.0027629678317510255,0.29773672156095177,mixture,28
null,,3117.9089953497128,6237.8179906994255,6241.94485988354,361.9951456779994,0.0027624679831743278,,mixture,28
sum,,3131.674033128411,6265.348066256822,6269.474935440936,531.7958150069752,0.0037608419313600043,,mixture,28
mixture,0.0027500000000000007,2730.926921076196,5467.853842152392,5479.945897933176,17.03365929105591,0.0015664103739581783,0.06527336983840133,mixture,29
mixture,0.003000000000000001,2730.929368756886,5467.858737513772,5479.950793294556,17.644400094202833,0.0015843466168581,0.0632980705469527,mixture,29
mixture,0.003250000000000001,2731.014508231089,5468.029016462178,5480.121072242962,18.230835538127046,0.0016006862075633017,0.06152604469312671,mixture,29
mixture,0.0025000000000000005,2731.033958648096,5468.067917296192,5480.159973076976,16.394944067115155,0.0015465582756385688,0.06749692292651897,mixture,29
mixture,0.0035000000000000014,2731.162919521007,5468.325839042014,5480.417894822798,18.79567480517171,0.0016156799838608334,0.05992397478125552,mixture,29
mixture,0.0022500000000000003,2731.2883921844286,5468.576784368857,5480.668840149641,15.723444160510459,0.001524377094361735,0.07003016684253842,mixture,29
mixture,0.0037500000000000016,2731.360226744646,5468.720453489292,5480.812509270076,19.34205442564464,0.001629496983708776,0.05846286846768676,mixture,29
mixture,0.004000000000000002,2731.5955962077187,5469.191192415437,5481.283248196221,19.8712751684294,0.0016423108792057313,0.05712423292231188,mixture,29
mixture,0.002,2731.745528986052,5469.491057972104,5481.583113752888,15.012991215265691,0.0014993057100591417,0.07295833385988951,mixture,29
mixture,0.004250000000000002,2731.8607378885044,5469.721475777009,5481.813531557793,20.384699287630596,0.001654304597720757,0.055891889222425425,mixture,29
mixture,0.004500000000000002,2732.149224373778,5470.298448747556,5482.39050452834,20.884759906341948,0.0016654583008400988,0.05474954071409614,mixture,29
mixture,0.0047500000000000025,2732.4560152332906,5470.912030466581,5483.004086247365,21.37169490875009,0.0016759789711785964,0.05368838107125485,mixture,29
mixture,0.005000000000000003,2732.777118815658,5471.554237631316,5483.6462934121,21.84853798057741,0.0016857940146772937,0.052694079989977126,mixture,29
mixture,0.005250000000000003,2733.109345320726,5472.218690641452,5484.310746422236,22.31147296810277,0.001695243632190897,0.05177060148632694,mixture,29
mixture,0.005500000000000003,2733.450129069827,5472.900258139654,5484.992313920438,22.7662405201157,0.0017040929904360502,0.05089894048899448,mixture,29
mixture,0.005750000000000003,2733.797390618668,5473.594781237336,5485.68683701812,23.21121212126516,0.0017125236400204558,0.05007909339252102,mixture,29
mixture,0.006000000000000004,2734.149436245357,5474.298872490714,5486.390928271498,23.64751895687197,0.001720559953097085,0.04930486551199842,mixture,29
mixture,0.006250000000000004,2734.5048795251737,5475.009759050347,5487.101814831131,24.07578691233478,0.0017282138898683712,0.04857195660514861,mixture,29
mixture,0.006500000000000004,2734.86258106851,5475.72516213702,5487.817217917804,24.496936601874427,0.00173552287169271,0.0478756704656591,mixture,29
mixture,0.006750000000000004,2735.221601135395,5476.44320227079,5488.535258051574,24.90955211232992,0.0017425519524683838,0.047216849041339395,mixture,29
mixture,0.0070000000000000045,2735.5811630970275,5477.162326194055,5489.254381974839,25.31638285875933,0.0017492607575720688,0.046587582834518367,mixture,29
mixture,0.007250000000000005,2735.9406234581297,5477.881246916259,5489.973302697043,25.71644525470205,0.0017557260930504677,0.04598811422883162,mixture,29
mixture,0.007500000000000005,2736.299448593921,5478.598897187842,5490.690952968626,26.11040000343151,0.001761946959504304,0.045415556519563166,mixture,29
mixture,0.007750000000000005,2736.657195898248,5479.314391796496,5491.40644757728,26.497117623458273,0.001767996014941409,0.044870529535848476,mixture,29
mixture,0.008000000000000005,2737.0134976842273,5480.026995368455,5492.119051149239,26.881217077416245,0.0017737193563529673,0.04434327999348751,mixture,29
mixture,0.008250000000000006,2737.368050174466,5480.736100348932,5492.828156129716,27.258555286356387,0.0017793065263583758,0.04384022720946518,mixture,29
mixture,0.008750000000000006,2738.0709453117393,5482.1418906234785,5494.2339464042625,27.998321733453988,0.0017899434391957434,0.04289287440040604,mixture,29
mixture,0.009000000000000006,2738.418911038895,5482.83782207779,5494.929877858574,28.36111096821779,0.0017950124565876697,0.042446170336149544,mixture,29
mixture,0.009250000000000006,2738.7643607240657,5483.528721448131,5495.620777228915,28.71917241587847,0.001799933147293348,0.04201637433340397,mixture,29
mixture,0.009500000000000007,2739.1071827491096,5484.214365498219,5496.306421279003,29.073995400899687,0.0018046904894277705,0.041600281813615865,mixture,29
mixture,0.009750000000000007,2739.4472882975724,5484.894576595145,5496.986632375929,29.424085081304497,0.001809332573374141,0.04119971971354479,mixture,29
mixture,0.010000000000000007,2739.784607706817,5485.569215413634,5497.661271194418,29.770299284300393,0.001813830696269497,0.04081278358994044,mixture,29
mixture,0.05,2770.6240335953357,5547.2480671906715,5559.3401229714555,66.57161436628681,0.002085366746174471,0.02230307860822496,mixture,29
mixture,0.1,2787.43278848091,5580.86557696182,5592.957632742604,97.42967921800755,0.0022023420652080346,0.017299883379632407,mixture,29
mixture,0.15000000000000002,2797.536253290757,5601.072506581514,5613.164562362298,122.57349597762371,0.002275137678952293,0.015006156051014203,mixture,29
mixture,0.008500000000000006,2823.529862591534,5653.059725183068,5665.151780963852,8.432530058233455,0.002136689115360307,0.2225882648586946,mixture,29
mixture,0.2,2840.0308152524094,5686.061630504819,5698.153686285603,77.16958592740835,0.002685164195733688,0.29781348079753606,mixture,29
mixture,0.25,2840.185696346452,5686.371392692904,5698.463448473688,95.64367805173566,0.002684554209530239,0.2978144222010868,mixture,29
mixture,0.3,2840.2894694992756,5686.578938998551,5698.670994779335,114.1180702680224,0.0026841405824675926,0.29781505860023305,mixture,29
mixture,0.35000000000000003,2840.3638495650075,5686.727699130015,5698.819754910799,132.59263676863318,0.0026838416673295833,0.2978155176548489,mixture,29
mixture,0.4,2840.4197756523304,5686.839551304661,5698.931607085445,151.0673113217658,0.0026836156022218872,0.29781586446578395,mixture,29
mixture,0.45,2840.4633576645565,5686.926715329113,5699.018771109897,169.54206626322113,0.002683438527504188,0.2978161359081633,mixture,29
mixture,0.5,2840.498276336296,5686.996552672592,5699.088608453376,188.01689479947703,0.0026832958336060046,0.29781635288325786,mixture,29
null,,2840.6559975461932,5683.3119950923865,5687.342680352648,372.7658844171432,0.0026826489273920552,,mixture,29
sum,,2855.2070425599754,5712.414085119951,5716.4447703802125,549.8271328791393,0.003637506918814848,,mixture,29
mixture,0.003250000000000001,2845.3135445349153,5696.627089069831,5708.804458656576,22.173557857541738,0.0012062603633944196,0.05116975448153867,mixture,30
mixture,0.0035000000000000014,2845.318678978204,5696.637357956408,5708.814727543153,22.855521405185286,0.0012214129003154256,0.049849955974865315,mixture,30
mixture,0.0037500000000000016,2845.3878420935407,5696.775684187081,5708.9530537738265,23.512829926428715,0.0012354987699488903,0.04865067686628052,mixture,30
mixture,0.003000000000000001,2845.3896763369285,5696.779352673857,5708.956722260602,21.463889282883965,0.0011898636768710588,0.05263271243687866,mixture,30
mixture,0.004000000000000002,2845.5079566669447,5697.015913333889,5709.193282920634,24.147945312456397,0.0012486508898963112,0.047554278085242645,mixture,30
mixture,0.0027500000000000007,2845.5702236880393,5697.140447376079,5709.317816962824,20.722910584823868,0.0011720021130356383,0.054267683456475375,mixture,30
mixture,0.004250000000000002,2845.6689411735606,5697.337882347121,5709.515251933866,24.762767842035665,0.001261020794693542,0.04654672517217143,mixture,30
mixture,0.004500000000000002,2845.8629146619287,5697.725829323857,5709.903198910602,25.359241281951178,0.0012726731394079034,0.04561622236817473,mixture,30
mixture,0.0025000000000000005,2845.8869635976353,5697.7739271952705,5709.951296782016,19.946208740540015,0.001152374707736466,0.056112538529239975,mixture,30
mixture,0.0047500000000000025,2846.0836409406065,5698.167281881213,5710.344651467958,25.93884054724237,0.001283693439690942,0.04475330679335267,mixture,30
mixture,0.005000000000000003,2846.3261323306256,5698.652264661251,5710.829634247996,26.502907531397337,0.0012941575864353469,0.043949946629257663,mixture,30
mixture,0.0022500000000000003,2846.384667250918,5698.769334501836,5710.946704088581,19.127914048167938,0.0011306056514139614,0.05821915528464496,mixture,30
mixture,0.005250000000000003,2846.586361909696,5699.172723819392,5711.350093406137,27.052674131077026,0.0013040990695378585,0.04319946345814813,mixture,30
mixture,0.005500000000000003,2846.8610511635043,5699.7221023270085,5711.899471913754,27.5890964590237,0.0013135887315895726,0.04249619817293672,mixture,30
mixture,0.002,2847.128428321773,5700.256856643546,5712.434226230291,18.260311976049596,0.0011061963659540967,0.06066015738803782,mixture,30
mixture,0.005750000000000003,2847.1475110368187,5700.2950220736375,5712.4723916603825,28.11322853262018,0.0013226609912817366,0.04183509464348498,mixture,30
mixture,0.006000000000000004,2847.443521354694,5700.887042709388,5713.064412296133,28.625736777255813,0.0013313517151890587,0.04121225583276773,mixture,30
mixture,0.006250000000000004,2847.7472382906963,5701.4944765813925,5713.671846168138,29.12746381645699,0.0013396838331178327,0.040623928002698796,mixture,30
mixture,0.006500000000000004,2848.0571225613476,5702.114245122695,5714.29161470944,29.61891597570994,0.0013477029691112646,0.04006711632084732,mixture,30
mixture,0.006750000000000004,2848.3718831925376,5702.743766385075,5714.92113597182,30.101027228218587,0.0013554163163785559,0.03953862121695731,mixture,30
mixture,0.0070000000000000045,2848.690433018845,5703.38086603769,5715.558235624435,30.57413192288473,0.0013628521709272276,0.039036325844633624,mixture,30
mixture,0.007250000000000005,2849.011853236984,5704.023706473968,5716.201076060713,31.038824875397513,0.0013700301065213503,0.03855793462168356,mixture,30
mixture,0.007500000000000005,2849.3353649140417,5704.6707298280835,5716.8480994148285,31.495336210158165,0.0013769696793689765,0.038101865733606056,mixture,30
mixture,0.007750000000000005,2849.6603059347754,5705.320611869551,5717.497981456296,31.94460342547173,0.0013836744324690609,0.03766573081618486,mixture,30
mixture,0.008000000000000005,2849.9861122236307,5705.972224447261,5718.149594034006,32.38662491210293,0.0013901651900645046,0.03724854445125066,mixture,30
mixture,0.008250000000000006,2850.3123023464996,5706.624604692999,5718.801974279744,32.82174424797374,0.0013964652399924568,0.036848891616730904,mixture,30
mixture,0.008500000000000006,2850.638464852652,5707.276929705304,5719.454299292049,33.25042100814347,0.0014025732845534234,0.036465435844613384,mixture,30
mixture,0.008750000000000006,2850.9642477384114,5707.928495476823,5720.105865063568,33.67284182912408,0.0014085053026090528,0.03609719475958399,mixture,30
mixture,0.009000000000000006,2851.2893497290283,5708.578699458057,5720.756069044802,34.090003140178474,0.0014142441268779353,0.035742392663693855,mixture,30
mixture,0.009250000000000006,2851.6135128486794,5709.227025697359,5721.404395284104,34.50058072042667,0.0014198682341432743,0.0354017663876706,mixture,30
mixture,0.009500000000000007,2851.9365164718433,5709.873032943687,5722.050402530432,34.9062367924185,0.001425321608498341,0.03507302825707434,mixture,30
mixture,0.009750000000000007,2852.258171930774,5710.516343861548,5722.693713448293,35.30677615249497,0.001430629034541898,0.034755867349258576,mixture,30
mixture,0.010000000000000007,2852.5783182126415,5711.156636425283,5723.334006012028,35.702371558526124,0.0014358010799369425,0.03444961874239961,mixture,30
mixture,0.05,2883.71975756798,5773.43951513596,5785.616884722705,77.1843436271303,0.0017480105827428383,0.01955521244914718,mixture,30
mixture,0.1,2901.171720730638,5808.343441461276,5820.520811048021,112.3550720085776,0.0018727143222622656,0.015265454942063664,mixture,30
mixture,0.15000000000000002,2913.0164386628157,5832.0328773256315,5844.2102469123765,131.8260131489378,0.0019260742248174926,0.015756089937562456,mixture,30
mixture,0.2,2956.4979344597787,5918.995868919557,5931.173238506302,86.84833783861723,0.0023762883654609595,0.29812163860270324,mixture,30
mixture,0.25,2956.6619604202833,5919.323920840567,5931.501290427312,107.74597964391695,0.002375743007342593,0.2981227184479342,mixture,30
mixture,0.3,2956.7718355219426,5919.543671043885,5931.72104063063,128.64488569468745,0.0023753558709982696,0.29812344963524035,mixture,30
mixture,0.35000000000000003,2956.850576638789,5919.701153277578,5931.878522864323,149.54458239371888,0.0023750667160856156,0.2981239816436427,mixture,30
mixture,0.4,2956.9097748577874,5919.819549715575,5931.99691930232,170.44502768058385,0.0023748393613982994,0.2981243903187911,mixture,30
mixture,0.45,2956.9559029424763,5919.911805884953,5932.089175471698,191.34042031279125,0.0023747258739448837,0.29812491760595033,mixture,30
mixture,0.5,2956.992858537202,5919.985717074404,5932.1630866611495,212.24011412726784,0.002374586612313318,0.29812511950257137,mixture,30
null,,2957.1597512482767,5916.3195024965535,5920.378625692135,421.2385645163577,0.0023739516849511236,,mixture,30
sum,,2972.823360730383,5947.646721460766,5951.705844656347,613.3824935912263,0.0032606082190093457,,mixture,30
mixture,0.004000000000000002,2838.9105810529873,5683.8211621059745,5696.054088836022,22.536522968273164,0.0015628447382716535,0.04985711715383425,mixture,31
mixture,0.0037500000000000016,2838.933859432676,5683.867718865352,5696.100645595399,21.949098631673856,0.0015482238861106775,0.0510191845220638,mixture,31
mixture,0.004250000000000002,2838.9417964393233,5683.883592878647,5696.116519608694,23.101825302472534,0.001576744845935273,0.04879596907541327,mixture,31
mixture,0.004500000000000002,2839.017964026627,5684.035928053254,5696.268854783301,23.647575029553625,0.0015899535188408588,0.047820794593097904,mixture,31
mixture,0.0035000000000000014,2839.0236692276203,5684.047338455241,5696.280265185288,21.336566317493318,0.001532809707979399,0.05230098661240786,mixture,31
mixture,0.0047500000000000025,2839.131433732612,5684.262867465224,5696.495794195272,24.17546414592131,0.0016025535956942238,0.04692042496246943,mixture,31
mixture,0.003250000000000001,2839.1953956102934,5684.390791220587,5696.623717950634,20.695517816799768,0.0015165492066189043,0.05372592828351963,mixture,31
mixture,0.005000000000000003,2839.2760095961703,5684.552019192341,5696.784945922388,24.687441503903987,0.0016145694217846746,0.046084783548354394,mixture,31
mixture,0.005250000000000003,2839.4466278786012,5684.8932557572025,5697.12618248725,25.184807100006662,0.0016260637879660401,0.04530620957203005,mixture,31
mixture,0.003000000000000001,2839.468996426999,5684.937992853998,5697.170919584046,20.021382227544883,0.0014993809579787617,0.055325705404456305,mixture,31
mixture,0.005500000000000003,2839.6391166712624,5685.278233342525,5697.511160072572,25.66894677767106,0.0016370568043014566,0.04457790405176745,mixture,31
mixture,0.005750000000000003,2839.8500138266218,5685.7000276532435,5697.932954383291,26.140899847629488,0.001647590641746645,0.04389439595140217,mixture,31
mixture,0.0027500000000000007,2839.870808255022,5685.741616510044,5697.974543240091,19.30868336692415,0.001481234727328574,0.057142041392210706,mixture,31
mixture,0.006000000000000004,2840.0764274094954,5686.152854818991,5698.385781549038,26.60160985273666,0.001657702905888232,0.043250970165243034,mixture,31
mixture,0.006250000000000004,2840.315927508496,5686.631855016992,5698.864781747039,27.051512901685054,0.0016674425898000214,0.04264425187103693,mixture,31
mixture,0.0025000000000000005,2840.436284212943,5686.872568425886,5699.105495155934,18.549840472592674,0.0014621145307904088,0.05923400860486958,mixture,31
mixture,0.006500000000000004,2840.5664615390224,5687.132923078045,5699.365849808092,27.4921472498648,0.0016767846826865602,0.04206950539773332,mixture,31
mixture,0.006750000000000004,2840.826287221931,5687.652574443862,5699.88550117391,27.923577326809756,0.0016857985222727434,0.04152462776710015,mixture,31
mixture,0.0070000000000000045,2841.0939192155774,5688.187838431155,5700.420765161202,28.346553799019613,0.0016944860401632235,0.04100678018431006,mixture,31
mixture,0.0022500000000000003,2841.2142806451557,5688.428561290311,5700.661488020359,17.735112371810672,0.0014420566989571627,0.06168530554602798,mixture,31
mixture,0.007250000000000005,2841.3680861766097,5688.736172353219,5700.969099083267,28.76166482622895,0.0017028704813637694,0.04051354923615454,mixture,31
mixture,0.007500000000000005,2841.647696008556,5689.295392017112,5701.52831874716,29.169192923388596,0.0017109814810845974,0.04004317972501509,mixture,31
mixture,0.007750000000000005,2841.931807546266,5689.863615092532,5702.09654182258,29.56976960583949,0.0017188197633552372,0.039593610603823534,mixture,31
mixture,0.008000000000000005,2842.219607299157,5690.439214598314,5702.672141328361,29.96369659770925,0.001726408824022363,0.03916335701611843,mixture,31
mixture,0.002,2842.274028586766,5690.548057173532,5702.780983903579,16.851079011765997,0.0014212078571725613,0.06462129551128902,mixture,31
mixture,0.008250000000000006,2842.510390282866,5691.020780565732,5703.253707295779,30.351329015381268,0.0017337628505832423,0.0387509926742596,mixture,31
mixture,0.008500000000000006,2842.8035441040465,5691.607088208093,5703.8400149381405,30.733015504924374,0.001740893201466037,0.03835521034055423,mixture,31
mixture,0.008750000000000006,2843.0985356876818,5692.1970713753635,5704.429998105411,31.109096245433673,0.00174780879440141,0.037974812815146114,mixture,31
mixture,0.009500000000000007,2843.9901747828694,5693.980349565739,5706.213276295786,32.20788204896426,0.0017673864083319545,0.03691389629404167,mixture,31
mixture,0.009750000000000007,2844.2884179779176,5694.576835955835,5706.809762685883,32.56161306509777,0.0017736065901878815,0.036588736523396094,mixture,31
mixture,0.010000000000000007,2844.5866897868123,5695.1733795736245,5707.406306303672,32.91315900815344,0.0017796236962428023,0.03627171663746111,mixture,31
mixture,0.05,2876.1528632329555,5758.305726465911,5770.538653195958,68.88061861964655,0.002146225524034436,0.020840688976479935,mixture,31
mixture,0.1,2894.8173422006357,5795.634684401271,5807.867611131319,97.96016936046394,0.0023002319097266714,0.016517916110010536,mixture,31
mixture,0.009000000000000006,2936.2278011147305,5878.455602229461,5890.688528959508,8.168068986055003,0.002356227309737619,0.22789973083297238,mixture,31
mixture,0.009250000000000006,2936.9080969898496,5879.816193979699,5892.049120709747,8.169956652433985,0.002377906757131741,0.23148468637585412,mixture,31
mixture,0.5,2939.5580161440403,5885.1160322880805,5897.348959018128,234.51129712511232,0.0026875069557277128,0.010316666569080769,mixture,31
mixture,0.15000000000000002,2955.2911691676454,5916.582338335291,5928.815265065338,55.12017305456291,0.0028700303877692464,0.2976275856607811,mixture,31
mixture,0.2,2955.6105648234325,5917.221129646865,5929.454056376912,72.40075215691392,0.0028689117265960455,0.29762938500823427,mixture,31
mixture,0.25,2955.803974457591,5917.607948915182,5929.840875645229,89.68195237188074,0.0028682207695479825,0.2976304906564111,mixture,31
mixture,0.3,2955.933664707162,5917.867329414324,5930.100256144371,106.96347667381877,0.0028677515436311726,0.29763123920800766,mixture,31
mixture,0.35000000000000003,2956.0266720785507,5918.0533441571015,5930.286270887149,124.24519036981576,0.002867412082778328,0.2976317797655061,mixture,31
mixture,0.4,2956.0966322728154,5918.193264545631,5930.426191275678,141.5270306662377,0.0028671549689184023,0.297632188658277,mixture,31
mixture,0.45,2956.151163928637,5918.302327857274,5930.535254587321,158.81513087728308,0.0028668409320389125,0.29763052023073944,mixture,31
null,,2956.392403218881,5914.784806437762,5918.862448681111,348.9113840639146,0.002866057244543265,,mixture,31
sum,,2974.197808404934,5950.395616809868,5954.473259053218,519.9699654836638,0.0038463760077750778,,mixture,31
mixture,0.0037500000000000016,2792.9270227455145,5591.854045491029,5604.010312997802,24.314117690045265,0.0013125499115909714,0.046429888802707715,mixture,32
mixture,0.004000000000000002,2792.9270781472997,5591.854156294599,5604.010423801373,25.00741784304216,0.0013247148325348079,0.04529764086052319,mixture,32
mixture,0.004250000000000002,2792.9771414620395,5591.954282924079,5604.1105504308525,25.672303427367325,0.0013364683810480206,0.04427074421844313,mixture,32
mixture,0.0035000000000000014,2792.98789616505,5591.9757923301,5604.132059836874,23.58952061931889,0.0013000016398363767,0.04768577711939614,mixture,32
mixture,0.004500000000000002,2793.068539349296,5592.137078698592,5604.293346205365,26.311609802208444,0.0013478374223825271,0.04333361385960433,mixture,32
mixture,0.003250000000000001,2793.12363169134,5592.24726338268,5604.403530889454,22.827502913339856,0.0012869836671019284,0.04909562015745379,mixture,32
mixture,0.0047500000000000025,2793.1943029687586,5592.388605937517,5604.544873444291,26.927877050265494,0.0013588287264757128,0.042473569488906814,mixture,32
mixture,0.005000000000000003,2793.3487756223185,5592.697551244637,5604.8538187514105,27.523270285361367,0.001369457446164177,0.041680299457208886,mixture,32
mixture,0.003000000000000001,2793.3522856464565,5592.704571292913,5604.8608387996865,22.025559739706246,0.0012735678082850714,0.050686395056822736,mixture,32
mixture,0.005250000000000003,2793.5273240522165,5593.054648104433,5605.2109156112065,28.09969844665562,0.0013797340534269804,0.04094528375173158,mixture,32
mixture,0.0027500000000000007,2793.6976796368435,5593.395359273687,5605.5516267804605,21.177363412945336,0.001259714931277502,0.052502510429633914,mixture,32
mixture,0.005500000000000003,2793.726122590164,5593.452245180328,5605.608512687101,28.658515091834325,0.0013897017596300758,0.04026180269674209,mixture,32
mixture,0.005750000000000003,2793.9419896327126,5593.883979265425,5606.040246772199,29.201537882525788,0.0013993438111173204,0.03962344227182741,mixture,32
mixture,0.006000000000000004,2794.1722619558104,5594.344523911621,5606.500791418394,29.729782783780742,0.001408679725097593,0.03902557709075121,mixture,32
mixture,0.0025000000000000005,2794.1919259454075,5594.383851890815,5606.540119397589,20.276274006033983,0.001245417770977996,0.05460094234509704,mixture,32
mixture,0.006250000000000004,2794.414697243519,5594.829394487038,5606.985661993812,30.24445588921119,0.0014177328339248832,0.038463758186248614,mixture,32
mixture,0.006500000000000004,2794.6673975769886,5595.334795153977,5607.491062660751,30.74653237922569,0.0014265124872650174,0.037934376504089484,mixture,32
mixture,0.0022500000000000003,2794.879449437217,5595.758898874434,5607.915166381207,19.314834700093847,0.0012305939981518642,0.0570584672886633,mixture,32
mixture,0.006750000000000004,2794.92874885034,5595.85749770068,5608.013765207454,31.236995579337467,0.0014350290751480067,0.03743415132398031,mixture,32
mixture,0.0070000000000000045,2795.197372365829,5596.394744731658,5608.551012238431,31.71625110770674,0.00144330711833811,0.036960831783822576,mixture,32
mixture,0.007250000000000005,2795.4720858984087,5596.9441717968175,5609.100439303591,32.1854459699905,0.0014513438345464425,0.03651148363514957,mixture,32
mixture,0.007500000000000005,2795.751872063926,5597.503744127852,5609.660011634625,32.645078195453095,0.001459153676628184,0.0360842008517784,mixture,32
mixture,0.002,2795.823696066248,5597.647392132496,5609.803659639269,18.283736507282256,0.001215185177300779,0.05998354306329222,mixture,32
mixture,0.007750000000000005,2796.0358525251636,5598.071705050327,5610.227972557101,33.095654368108335,0.0014667521630566636,0.03567721076209591,mixture,32
mixture,0.008000000000000005,2796.3232667856046,5598.646533571209,5610.802801077983,33.53744750957027,0.0014741610628134659,0.035289138897503416,mixture,32
mixture,0.008250000000000006,2796.613454671441,5599.226909342882,5611.383176849656,33.97183215276852,0.0014813456571527738,0.03491761293790602,mixture,32
mixture,0.008500000000000006,2796.9058417282613,5599.811683456523,5611.967950963296,34.398087287416004,0.0014883724974397478,0.03456251156753824,mixture,32
mixture,0.008750000000000006,2797.199927098064,5600.399854196128,5612.556121702902,34.81772895238666,0.0014951936210275928,0.03422157635881326,mixture,32
mixture,0.009000000000000006,2797.495273252358,5600.990546504716,5613.146814011489,35.230202634325146,0.0015018608041209522,0.033894668457169846,mixture,32
mixture,0.009250000000000006,2797.7914974174632,5601.5829948349265,5613.7392623417,35.63634414558578,0.0015083618553474879,0.03358034796264159,mixture,32
mixture,0.009500000000000007,2798.088264257065,5602.17652851413,5614.3327960209035,36.03644224256646,0.001514704573271314,0.033277795126876286,mixture,32
mixture,0.009750000000000007,2798.385279667415,5602.77055933483,5614.9268268416035,36.430419791893,0.0015209047133273416,0.03298660420974187,mixture,32
mixture,0.010000000000000007,2798.6822855057226,5603.364571011445,5615.520838518219,36.818995180835635,0.0015269563038810179,0.03270562830095316,mixture,32
mixture,0.05,2830.2212989397067,5666.442597879413,5678.598865386187,75.43827351376416,0.001910587040642198,0.019282172844936774,mixture,32
mixture,0.1,2848.8553237885562,5703.7106475771125,5715.866915083886,106.79176828427794,0.002066426460976111,0.015411210419875608,mixture,32
mixture,0.15000000000000002,2860.243687931713,5726.487375863426,5738.643643370199,132.21423133218855,0.002157220663240291,0.013560876218250502,mixture,32
mixture,0.2,2870.3878661362874,5746.775732272575,5758.931999779348,140.7006619441164,0.0022182849291701996,0.015828758618363945,mixture,32
mixture,0.25,2909.0781596987044,5824.156319397409,5836.312586904182,98.03770011918533,0.002617255079528148,0.2978816420350147,mixture,32
mixture,0.3,2909.198592007023,5824.397184014046,5836.553451520819,116.99453562314757,0.002616782314397621,0.29788235498321464,mixture,32
mixture,0.35000000000000003,2909.284900313539,5824.569800627078,5836.726068133851,135.95156928214055,0.0026164408980076143,0.29788286900071054,mixture,32
mixture,0.4,2909.3497884099525,5824.699576819905,5836.855844326678,154.9087299347986,0.0026161827456439636,0.2978832572543342,mixture,32
mixture,0.45,2909.400350277516,5824.800700555032,5836.956968061805,173.86596899797945,0.002615980817897004,0.2978835608502085,mixture,32
mixture,0.5,2909.4408587691064,5824.881717538213,5837.037985044986,192.82327851923634,0.0026158183433203155,0.29788380327964326,mixture,32
null,,2909.6237996960654,5821.247599392131,5825.2996885610555,382.3974266650041,0.0026150803595130917,,mixture,32
sum,,2927.2569303121286,5856.513860624257,5860.565949793182,564.894422586978,0.0035404845932817753,,mixture,32
mixture,0.003000000000000001,2749.1038133653756,5504.207626730751,5516.306885396148,19.98461240068239,0.0013558384205180102,0.05609961060823611,mixture,33
mixture,0.0027500000000000007,2749.1325303565436,5504.265060713087,5516.364319378484,19.242803846397916,0.001341136359147056,0.058005605554265795,mixture,33
mixture,0.003250000000000001,2749.159148039055,5504.31829607811,5516.417554743506,20.69915793200628,0.0013692043997892071,0.054391372182684285,mixture,33
mixture,0.0025000000000000005,2749.2722626380914,5504.544525276183,5516.643783941579,18.468002449890434,0.0013248936198468773,0.060159006132815857,mixture,33
mixture,0.0035000000000000014,2749.2789775266883,5504.557955053377,5516.657213718773,21.389361404753473,0.0013814333600236208,0.05284856948523986,mixture,33
mixture,0.0037500000000000016,2749.4488165305056,5504.897633061011,5516.996891726408,22.05791396945745,0.0013927019012884589,0.05144509419011938,mixture,33
mixture,0.0022500000000000003,2749.561128901095,5505.12225780219,5517.221516467586,17.65588539604886,0.0013067327181679163,0.06261754062543765,mixture,33
mixture,0.004000000000000002,2749.6577435184718,5505.3154870369435,5517.41474570234,22.70732752239348,0.001403125335501389,0.05015977425623272,mixture,33
mixture,0.004250000000000002,2749.8973974749942,5505.7947949499885,5517.894053615385,23.339214762206762,0.0014128254459575109,0.048976791344179656,mixture,33
mixture,0.002,2750.0546764490546,5506.109352898109,5518.208611563506,16.798379465634348,0.0012862662438934485,0.06547056525242144,mixture,33
mixture,0.004500000000000002,2750.161292857194,5506.322585714388,5518.4218443797845,23.955161716860875,0.0014218811296503792,0.04788281435710613,mixture,33
mixture,0.0047500000000000025,2750.444341089598,5506.888682179196,5518.987940844592,24.556483208261458,0.0014303779520463524,0.0468668711820987,mixture,33
mixture,0.005000000000000003,2750.742509687474,5507.485019374948,5519.5842780403445,25.14451619796283,0.0014383614192095785,0.04591953386760088,mixture,33
mixture,0.005250000000000003,2751.0525750269608,5508.1051500539215,5520.204408719318,25.71957451761469,0.0014459310621082033,0.045034346935792884,mixture,33
mixture,0.005500000000000003,2751.3719404714197,5508.7438809428395,5520.843139608236,26.282857258038103,0.0014531379636885818,0.04420403771935463,mixture,33
mixture,0.005750000000000003,2751.6985000900677,5509.397000180135,5521.496258845532,26.836084193254937,0.0014598795971685749,0.04342195447522789,mixture,33
mixture,0.006000000000000004,2752.0305363072766,5510.061072614553,5522.16033127995,27.378087582017063,0.0014663714260041306,0.04268594236994052,mixture,33
mixture,0.006250000000000004,2752.3666408745025,5510.733281749005,5522.832540414402,27.91120561280254,0.0014725424113169018,0.04198911900440447,mixture,33
mixture,0.006500000000000004,2752.7056541180573,5511.411308236115,5523.510566901511,28.434187528249705,0.0014784988412310733,0.04133067477890316,mixture,33
mixture,0.006750000000000004,2753.0466177052463,5512.0932354104925,5524.192494075889,28.948923043013558,0.0014841873852005775,0.040705332671817814,mixture,33
mixture,0.0070000000000000045,2753.3887370689044,5512.777474137809,5524.876732803205,29.455623800552708,0.0014896378776983875,0.04011068582909247,mixture,33
mixture,0.007250000000000005,2753.7313518269657,5513.462703653931,5525.561962319328,29.953918120484282,0.0014949238121852446,0.03954521880439163,mixture,33
mixture,0.007500000000000005,2754.0739122226682,5514.1478244453365,5526.247083110733,30.444922656870858,0.0015000076836864246,0.039005777866253206,mixture,33
mixture,0.007750000000000005,2754.4159599194795,5514.831919838959,5526.931178504356,30.92880594520056,0.0015049166662713229,0.038490603340813945,mixture,33
mixture,0.008000000000000005,2754.7571126333123,5515.514225266625,5527.613483932021,31.405681470114402,0.0015096720244395865,0.03799817459770987,mixture,33
mixture,0.008250000000000006,2755.0970515606778,5516.1941031213555,5528.293361786752,31.87585800979617,0.0015142830215069325,0.03752686318813533,mixture,33
mixture,0.008500000000000006,2755.4355110759034,5516.871022151807,5528.970280817203,32.339942766972946,0.0015187546478572839,0.03707477300044417,mixture,33
mixture,0.008750000000000006,2755.7722702581364,5517.544540516273,5529.643799181669,32.797486107472025,0.0015231093908753123,0.03664149972100958,mixture,33
mixture,0.009000000000000006,2756.1071458906167,5518.214291781233,5530.31355044663,33.249790385203724,0.001527319850706009,0.03622457988991775,mixture,33
mixture,0.009250000000000006,2756.4399866300437,5518.879973260087,5530.979231925484,33.696181117310374,0.001531430726911371,0.03582395202672399,mixture,33
mixture,0.009500000000000007,2756.770668165141,5519.541336330282,5531.640594995679,34.13720246611663,0.0015354324997568362,0.03543825643012853,mixture,33
mixture,0.009750000000000007,2757.0990891273905,5520.198178254781,5532.2974369201775,34.572453797279145,0.0015393586282248487,0.03506718989563003,mixture,33
mixture,0.010000000000000007,2757.425167728562,5520.850335457124,5532.9495941225205,35.00309320685407,0.0015431725447853887,0.03470890880716396,mixture,33
mixture,0.05,2788.5125456029646,5583.025091205929,5595.124349871326,78.35643185455402,0.0018203075431038607,0.018668248094686878,mixture,33
mixture,0.1,2806.389800676843,5618.779601353686,5630.878860019083,112.05827599906681,0.001964184013081745,0.014718737407846016,mixture,33
mixture,0.15000000000000002,2817.3847596092246,5640.769519218449,5652.868777883846,138.75830898729322,0.002054265912689159,0.012929816677679616,mixture,33
mixture,0.2,2865.043688510814,5736.087377021628,5748.186635687024,82.10071468878463,0.0025183853099128104,0.29797937859626866,mixture,33
mixture,0.25,2865.198822903074,5736.397645806148,5748.496904471544,101.81037832288452,0.002517789812773518,0.2979805296096009,mixture,33
mixture,0.3,2865.3027465036657,5736.6054930073315,5748.704751672728,121.52120393165421,0.002517368512936111,0.29798132024615664,mixture,33
mixture,0.35000000000000003,2865.3772256561424,5736.754451312285,5748.853709977681,141.225002751548,0.0025171948775611843,0.2979822112366008,mixture,33
mixture,0.4,2865.4332201712987,5736.866440342597,5748.965699007994,160.93476269464242,0.0025169703270530985,0.29798254796455653,mixture,33
mixture,0.45,2865.4768525199133,5736.953705039827,5749.052963705223,180.64460334390859,0.0025167945800587685,0.2979828113191557,mixture,33
mixture,0.5,2865.511809643296,5737.023619286592,5749.122877951989,200.3544974849856,0.0025166533300952773,0.2979830215300809,mixture,33
null,,2865.6696838974194,5733.339367794839,5737.372454016638,397.4546718544751,0.0025160101788063573,,mixture,33
sum,,2882.7307304861133,5767.461460972227,5771.4945471940255,585.618199632376,0.0034151944069626037,,mixture,33
mixture,0.0047500000000000025,2853.995311771476,5713.990623542952,5726.12563948506,18.95723740341437,0.0015705217694786352,0.062465617858145396,mixture,34
mixture,0.004500000000000002,2854.0033757125934,5714.006751425187,5726.141767367295,18.446055789922944,0.0015654695735263342,0.06393082170044759,mixture,34
mixture,0.005000000000000003,2854.0114145711614,5714.022829142323,5726.157845084431,19.45633989274212,0.001575346716915893,0.06110879451911157,mixture,34
mixture,0.004250000000000002,2854.0401161283676,5714.080232256735,5726.215248198843,17.92223576730726,0.0015601545483053601,0.0655178570008858,mixture,34
mixture,0.005250000000000003,2854.0479893763804,5714.095978752761,5726.230994694869,19.945170276023088,0.0015799353651810765,0.05984448724080288,mixture,34
mixture,0.005500000000000003,2854.1019836015084,5714.203967203017,5726.338983145125,20.423672469678166,0.0015843370181639945,0.058664990613019885,mixture,34
mixture,0.004000000000000002,2854.111089423381,5714.222178846762,5726.35719478887,17.384006539822288,0.001554585663050993,0.06724743570272568,mixture,34
mixture,0.005750000000000003,2854.1708559328795,5714.341711865759,5726.476727807867,20.89284041646566,0.0015885628878969074,0.05756021132264321,mixture,34
mixture,0.0037500000000000016,2854.223214013156,5714.446428026312,5726.58144396842,16.83066192707321,0.0015486732451506582,0.06913968994966871,mixture,34
mixture,0.006000000000000004,2854.2524761387754,5714.504952277551,5726.639968219659,21.353109455139055,0.001592626615123674,0.05652304329969082,mixture,34
mixture,0.006250000000000004,2854.3450473675953,5714.6900947351905,5726.825110677299,21.805595442455072,0.001596524249861269,0.05554518013414176,mixture,34
mixture,0.0035000000000000014,2854.3852066323852,5714.7704132647705,5726.905429206879,16.25976126557792,0.001542422401592775,0.0712263778044782,mixture,34
mixture,0.006500000000000004,2854.4470453536715,5714.894090707343,5727.029106649451,22.250178672731888,0.001600288433823519,0.0546226938618334,mixture,34
mixture,0.006750000000000004,2854.5571703189753,5715.114340637951,5727.249356580059,22.687540424515092,0.0016039206403870502,0.053749903973369303,mixture,34
mixture,0.003250000000000001,2854.6081978661186,5715.216395732237,5727.351411674345,15.670388331770464,0.0015357839798320566,0.07353806276401392,mixture,34
mixture,0.0070000000000000045,2854.6743086345873,5715.348617269175,5727.483633211283,23.118103826888802,0.001607434850263655,0.05292234902282378,mixture,34
mixture,0.007250000000000005,2854.797502006494,5715.595004012988,5727.730019955096,23.542371797293264,0.0016108138763135543,0.05213601027560864,mixture,34
mixture,0.003000000000000001,2854.9066204229666,5715.813240845933,5727.948256788041,15.059065378488125,0.0015287053578445747,0.07612650912417232,mixture,34
mixture,0.007500000000000005,2854.925922468903,5715.851844937806,5727.986860879914,23.96024873523846,0.001614103800430702,0.05138837295973722,mixture,34
mixture,0.007750000000000005,2855.0588520529413,5716.117704105883,5728.252720047991,24.37252399873682,0.0016172965810581235,0.050675218393190766,mixture,34
mixture,0.008000000000000005,2855.1956660764718,5716.3913321529435,5728.526348095052,24.779276101265662,0.0016203882375376481,0.04999448729285675,mixture,34
mixture,0.0027500000000000007,2855.2995206594615,5716.599041318923,5728.734057261031,14.423007561751623,0.0015211579129669858,0.07905162330425326,mixture,34
mixture,0.008250000000000006,2855.335819289091,5716.671638578182,5728.80665452029,25.180692833138963,0.0016233925667817346,0.049343882483015335,mixture,34
mixture,0.008500000000000006,2855.47883443647,5716.95766887294,5729.092684815048,25.577260183583512,0.001626308317039018,0.0487206853349594,mixture,34
mixture,0.008750000000000006,2855.624292668432,5717.248585336864,5729.3836012789725,25.968904203085735,0.0016291507801239882,0.04812358591680977,mixture,34
mixture,0.009000000000000006,2855.771825514854,5717.543651029708,5729.678666971816,26.356015963123678,0.0016319159664747239,0.0475504418486147,mixture,34
mixture,0.0025000000000000005,2855.812553392865,5717.62510678573,5729.760122727838,13.758299816896898,0.001513088774055011,0.08239681519653808,mixture,34
mixture,0.009250000000000006,2855.921108097363,5717.842216194726,5729.977232136834,26.738725985338462,0.001634613534686207,0.04699975737877181,mixture,34
mixture,0.009500000000000007,2856.071853403722,5718.143706807444,5730.278722749552,27.117280245950486,0.0016372376889001565,0.04647000596699673,mixture,34
mixture,0.009750000000000007,2856.223807398579,5718.447614797158,5730.582630739266,27.49180657778141,0.0016397986367201753,0.04595990381026527,mixture,34
mixture,0.010000000000000007,2856.37674487262,5718.75348974524,5730.888505687348,27.86259079178551,0.0016422915034728046,0.045468035984705064,mixture,34
mixture,0.0022500000000000003,2856.4811146547527,5718.962229309505,5731.0972452516135,13.059823969290006,0.0015044593566760805,0.08627868345171259,mixture,34
mixture,0.002,2857.3554538311732,5720.7109076623465,5732.845923604455,12.320571352280995,0.0014952818585907222,0.09086744913144389,mixture,34
mixture,0.05,2874.1234483731555,5754.246896746311,5766.381912688419,68.85595724792744,0.001808111554487138,0.02305668759168172,mixture,34
mixture,0.1,2921.0352356956973,5848.070471391395,5860.205487333503,46.13449887299536,0.002319315235221872,0.2981786703664948,mixture,34
mixture,0.15000000000000002,2921.4000853464954,5848.800170692991,5860.935186635099,67.5577616178068,0.002318137091542522,0.2981796153197579,mixture,34
mixture,0.2,2921.5850524640655,5849.170104928131,5861.305120870239,88.9754799242118,0.0023176973498788035,0.2981807813256259,mixture,34
mixture,0.25,2921.6968625516165,5849.393725103233,5861.528741045341,110.39494020102572,0.002317396278092498,0.29818147624742186,mixture,34
mixture,0.3,2921.7717500133585,5849.543500026717,5861.678515968825,131.82363630621273,0.0023170305564734254,0.2981805642936697,mixture,34
mixture,0.35000000000000003,2921.825418224983,5849.650836449966,5861.785852392074,153.2362926038397,0.002317015090458568,0.2981822884291376,mixture,34
mixture,0.4,2921.8657624680554,5849.731524936111,5861.866540878219,174.65775842057542,0.0023168854206222673,0.29818255105312885,mixture,34
mixture,0.45,2921.8971978626664,5849.794395725333,5861.929411667441,196.07968298585172,0.0023167791119407485,0.29818276072397804,mixture,34
mixture,0.5,2921.9223819970944,5849.844763994189,5861.979779936297,217.49720068818482,0.002316741374951254,0.2981830443085359,mixture,34
null,,2922.0361051799573,5846.072210359915,5850.11721567395,431.709104926022,0.0023163745878636514,,mixture,34
sum,,2932.624366809311,5867.248733618622,5871.293738932658,619.2320813384106,0.003229806820856556,,mixture,34
mixture,0.0027500000000000007,2956.609261181771,5919.218522363542,5931.539591026769,18.16810435999623,0.001431479536282199,0.06138050561571271,mixture,35
mixture,0.0025000000000000005,2956.6459190275655,5919.291838055131,5931.612906718357,17.503192559039608,0.0014109402200756579,0.06340851999347664,mixture,35
mixture,0.003000000000000001,2956.6914988914436,5919.382997782887,5931.704066446114,18.799097430251713,0.0014503143511639277,0.05959147733375439,mixture,35
mixture,0.0022500000000000003,2956.843098834494,5919.686197668988,5932.007266332214,16.797771096675962,0.0013884190917914127,0.06573995809044304,mixture,35
mixture,0.003250000000000001,2956.863152293792,5919.726304587584,5932.047373250811,19.401320076252844,0.0014676704596042266,0.05799466230952911,mixture,35
mixture,0.0035000000000000014,2957.1028304985766,5920.205660997153,5932.52672966038,19.97855560927084,0.0014837492484971182,0.05655612165907017,mixture,35
mixture,0.002,2957.2613312784047,5920.522662556809,5932.843731220036,16.042955778526235,0.0013635651934267368,0.06846771723916496,mixture,35
mixture,0.0037500000000000016,2957.394693178121,5920.789386356242,5933.110455019469,20.533536966428553,0.0014987484260497689,0.055250689237345246,mixture,35
mixture,0.004000000000000002,2957.7268065178905,5921.453613035781,5933.7746816990075,21.06994091268581,0.001512661575194104,0.0540552412982615,mixture,35
mixture,0.004250000000000002,2958.090046957888,5922.180093915776,5934.501162579002,21.58856289175115,0.0015257589051927245,0.05295679518198623,mixture,35
mixture,0.004500000000000002,2958.477350782817,5922.954701565634,5935.275770228861,22.09190133427893,0.0015380527877094604,0.05194060105734667,mixture,35
mixture,0.0047500000000000025,2958.883189390436,5923.766378780872,5936.087447444099,22.58103729873423,0.0015496486984094102,0.05099707165776597,mixture,35
mixture,0.005000000000000003,2959.303194916749,5924.606389833498,5936.927458496724,23.057440991429658,0.0015606339958225384,0.050116817906545985,mixture,35
mixture,0.005250000000000003,2959.733888560568,5925.467777121136,5937.788845784363,23.52242183063345,0.001570994313584712,0.04929241600773186,mixture,35
mixture,0.005500000000000003,2960.172480313482,5926.344960626964,5938.666029290191,23.976323347537623,0.0015808694356473935,0.0485187625445032,mixture,35
mixture,0.005750000000000003,2960.616719562649,5927.233439125298,5939.5545077885245,24.418837260738332,0.0015903139390949293,0.047793130386372125,mixture,35
mixture,0.006000000000000004,2961.0647805342833,5928.1295610685665,5940.450629731793,24.8551596629076,0.0015992039239835375,0.0471016539102252,mixture,35
mixture,0.006250000000000004,2961.5151782820367,5929.030356564073,5941.3514252273,25.281177750961564,0.0016077645803497676,0.04645038932910064,mixture,35
mixture,0.006500000000000004,2961.9666990521996,5929.933398104399,5942.254466767626,25.69944372289126,0.0016159434773299719,0.045831933264637144,mixture,35
mixture,0.006750000000000004,2962.418349304914,5930.836698609828,5943.157767273055,26.110032737037233,0.0016237885864354555,0.04524420510700381,mixture,35
mixture,0.0070000000000000045,2962.86931430513,5931.73862861026,5944.059697273487,26.513583553483883,0.0016313163458754243,0.044684300012552615,mixture,35
mixture,0.007250000000000005,2963.318925475085,5932.63785095017,5944.958919613397,26.910116757338805,0.00163858702727697,0.044150531540178124,mixture,35
mixture,0.007500000000000005,2963.766634254932,5933.533268509864,5945.85433717309,27.301088036637232,0.0016455127058792318,0.04363934441117832,mixture,35
mixture,0.007750000000000005,2964.2119912179623,5934.423982435925,5946.745051099151,27.685735929250967,0.0016522199485265129,0.04315054015037993,mixture,35
mixture,0.008000000000000005,2964.654628974044,5935.309257948088,5947.630326611315,28.064606713334832,0.0016586986224967567,0.04268218185299682,mixture,35
mixture,0.008250000000000006,2965.094248412148,5936.188496824296,5948.509565487522,28.438364951679194,0.001664943558666754,0.04223224369808407,mixture,35
mixture,0.008500000000000006,2965.530607348457,5937.061214696914,5949.382283360141,28.806999949313795,0.0016709790944960618,0.041799883290938596,mixture,35
mixture,0.008750000000000006,2965.963511230933,5937.927022461866,5950.248091125092,29.17068082043498,0.0016768260072840293,0.04138400840239184,mixture,35
mixture,0.009000000000000006,2966.3928054657954,5938.785610931591,5951.106679594817,29.52977263919837,0.0016824860256795043,0.04098336004020465,mixture,35
mixture,0.009250000000000006,2966.818369026122,5939.636738052244,5951.957806715471,29.88453736210847,0.0016879601578386018,0.04059693753821786,mixture,35
mixture,0.009500000000000007,2967.240109140799,5940.480218281598,5952.801286944825,30.235121481482796,0.0016932725568702528,0.04022386660025501,mixture,35
mixture,0.010000000000000007,2968.0718633490424,5942.143726698085,5954.464795361311,30.924077908043564,0.0017034496293385755,0.039515220523851584,mixture,35
mixture,0.05,3004.65742906808,6015.31485813616,6027.635926799387,67.90568163267714,0.00198712163123705,0.02222551901909461,mixture,35
mixture,0.1,3023.872523241179,6053.745046482358,6066.066115145584,99.9812346648871,0.0020949090784550964,0.017226045453019718,mixture,35
mixture,0.15000000000000002,3035.22278737904,6076.44557475808,6088.766643421306,126.67555100996788,0.0021590540145651417,0.014859963303649235,mixture,35
mixture,0.2,3043.1608724031184,6092.321744806237,6104.642813469463,150.28241940836995,0.0022068845738244572,0.013410010085857623,mixture,35
mixture,0.009750000000000007,3060.7541707156483,6127.508341431297,6139.829410094523,9.624697549873849,0.0019779586840180797,0.21089910600020711,mixture,35
mixture,0.25,3082.0698713912243,6170.139742782449,6182.460811445675,100.84406228172246,0.002542539031790853,0.2979554466443026,mixture,35
mixture,0.3,3082.217028521809,6170.434057043618,6182.755125706844,120.36740521074927,0.002541983644612791,0.29795644405156446,mixture,35
mixture,0.35000000000000003,3082.3225482030025,6170.645096406005,6182.9661650692315,139.88253785601933,0.002541738633871304,0.2979575482848557,mixture,35
mixture,0.4,3082.4019104067647,6170.8038208135295,6183.124889476756,159.4047165673804,0.002541441220181876,0.29795798012114033,mixture,35
mixture,0.45,3082.463770025991,6170.927540051982,6183.248608715208,178.92700457164509,0.0025412083934605316,0.29795831799485695,mixture,35
mixture,0.5,3082.5133421515866,6171.026684303173,6183.3477529664,198.44936930767116,0.002541021181771997,0.2979585879008162,mixture,35
null,,3082.737352363148,6167.474704726296,6171.581727614039,393.67463342121334,0.0025401687462296993,,mixture,35
sum,,3099.1976982980423,6200.3953965960845,6204.502419483827,578.3270809447478,0.0034582506437928267,,mixture,35
mixture,0.0037500000000000016,2920.10964259549,5846.21928519098,5858.486419817321,19.790644045719965,0.0015380281405083258,0.057412618238679235,mixture,36
mixture,0.004000000000000002,2920.109933642375,5846.21986728475,5858.48700191109,20.311552365839923,0.0015519951745397798,0.056162590313850194,mixture,36
mixture,0.004250000000000002,2920.1602474851015,5846.320494970203,5858.587629596544,20.81554674740426,0.001565145169613883,0.05501337546251081,mixture,36
mixture,0.0035000000000000014,2920.1710832412437,5846.342166482487,5858.609301108828,19.25538814078442,0.0015227281115356899,0.058766700344802116,mixture,36
mixture,0.004500000000000002,2920.251378396606,5846.502756793212,5858.769891419553,21.30585395001988,0.0015774134426085,0.053947626302482024,mixture,36
mixture,0.003250000000000001,2920.3093527393567,5846.618705478713,5858.885840105054,18.699058661363985,0.001506318666716871,0.06025760448858457,mixture,36
mixture,0.0047500000000000025,2920.3760043724815,5846.752008744963,5859.0191433713035,21.783692107033623,0.00158893179589152,0.05295499135398574,mixture,36
mixture,0.005000000000000003,2920.528240884601,5847.056481769202,5859.323616395543,22.250165433378147,0.0015997708677579824,0.05202691135340794,mixture,36
mixture,0.003000000000000001,2920.5442142089933,5847.0884284179865,5859.355563044327,18.120145039922413,0.0014885064349658848,0.06190738597555675,mixture,36
mixture,0.005250000000000003,2920.703315091707,5847.406630183414,5859.673764809754,22.70622275282651,0.001609995814090859,0.05115620292981964,mixture,36
mixture,0.005500000000000003,2920.897324064446,5847.794648128892,5860.061782755232,23.15293956261658,0.0016196452849128607,0.05033624742617415,mixture,36
mixture,0.0027500000000000007,2920.902006301065,5847.80401260213,5860.07114722847,17.515014451543646,0.0014690608887677943,0.06375027302968318,mixture,36
mixture,0.005750000000000003,2921.10705280284,5848.21410560568,5860.48124023202,23.59068834093164,0.0016288089000106691,0.04956256989651697,mixture,36
mixture,0.006000000000000004,2921.3298356639334,5848.659671327867,5860.926805954207,24.02038450612218,0.00163750448106639,0.0488301581291269,mixture,36
mixture,0.0025000000000000005,2921.4185700780336,5848.837140156067,5861.104274782408,16.87876774243639,0.0014477702434137962,0.06583300452216596,mixture,36
mixture,0.006250000000000004,2921.5634494089145,5849.126898817829,5861.3940334441695,24.442463414511174,0.0016457690569747498,0.04813549900032061,mixture,36
mixture,0.006500000000000004,2921.8060299977883,5849.612059995577,5861.879194621917,24.857389393605548,0.0016536432100089464,0.047475292845209516,mixture,36
mixture,0.006750000000000004,2922.0560071291875,5850.112014258375,5862.3791488847155,25.265330350397385,0.0016612019962693849,0.0468469789541385,mixture,36
mixture,0.0022500000000000003,2922.143897576003,5850.287795152006,5862.554929778346,16.205324973394685,0.001424261871927661,0.06821961326785843,mixture,36
mixture,0.0070000000000000045,2922.312052235282,5850.624104470564,5862.891239096904,25.667836431784714,0.0016683516458486348,0.04624610559578858,mixture,36
mixture,0.007250000000000005,2922.5730370924493,5851.146074184899,5863.413208811239,26.06400713706937,0.001675238664689849,0.04567251889224049,mixture,36
mixture,0.007500000000000005,2922.8380002248105,5851.676000449621,5863.943135075961,26.45466371907806,0.0016818367046037119,0.04512337199050185,mixture,36
mixture,0.007750000000000005,2923.106119844384,5852.212239688768,5864.4793743151085,26.840554031880977,0.00168814993407037,0.0445960476303328,mixture,36
mixture,0.002,2923.149820419928,5852.299640839856,5864.566775466196,15.485530177660069,0.0013982213258832143,0.07100604446893535,mixture,36
mixture,0.008000000000000005,2923.376691540258,5852.753383080516,5865.0205177068565,27.22059583167952,0.0016942537918224244,0.044091332387445704,mixture,36
mixture,0.008250000000000006,2923.6491103333187,5853.2982206666375,5865.565355292978,27.596176881939382,0.0017001213942544472,0.04360570777043743,mixture,36
mixture,0.008500000000000006,2923.9228554313977,5853.845710862795,5866.112845489136,27.96782639826465,0.0017057434130407396,0.04313746287993736,mixture,36
mixture,0.008750000000000006,2924.1974776704665,5854.394955340933,5866.6620899672735,28.334047663676152,0.0017112179933153938,0.04268814848946495,mixture,36
mixture,0.009000000000000006,2924.4725894317985,5854.945178863597,5867.2123134899375,28.696785360194106,0.0017164783540122013,0.04225383626955134,mixture,36
mixture,0.009500000000000007,2925.022986213494,5856.045972426988,5868.313107053328,29.41032800858969,0.001726485743440085,0.04142995726442236,mixture,36
mixture,0.009750000000000007,2925.2977305610393,5856.595461122079,5868.862595748419,29.76194578906854,0.0017312298188712056,0.0410379377190635,mixture,36
mixture,0.010000000000000007,2925.571871557683,5857.143743115366,5869.410877741707,30.109747973236125,0.001735844107792652,0.040658984417779036,mixture,36
mixture,0.05,2964.837494899538,5935.674989799076,5947.942124425416,56.765838335903666,0.001838282912343907,0.032130912387370064,mixture,36
mixture,0.1,2968.824385878989,5943.648771757978,5955.915906384318,100.77576708019666,0.0021081669592627372,0.01687251324831248,mixture,36
mixture,0.15000000000000002,2978.4489778785196,5962.897955757039,5975.16509038338,127.06910137173182,0.002180778209653268,0.014583182836429872,mixture,36
mixture,0.009250000000000006,3001.686512747005,6009.37302549401,6021.640160120351,8.536297405638658,0.0021780643311511915,0.23097597076433196,mixture,36
mixture,0.2,3019.878069399866,6045.756138799732,6058.023273426073,79.46599766871518,0.0026048291498521406,0.2978927671967386,mixture,36
mixture,0.25,3020.066634962626,6046.133269925252,6058.400404551592,98.51111811823012,0.002604344376384206,0.2978946282565367,mixture,36
mixture,0.3,3020.193046576825,6046.38609315365,6058.653227779991,117.56174274145152,0.002603897148556385,0.29789529881664906,mixture,36
mixture,0.35000000000000003,3020.283689009002,6046.567378018004,6058.834512644345,136.61258248319945,0.002603573668925725,0.2978957829200674,mixture,36
mixture,0.4,3020.351862646333,6046.703725292666,6058.970859919006,155.66355994898277,0.0026033288012078217,0.29789614895615835,mixture,36
mixture,0.45,3020.405000816245,6046.81000163249,6059.07713625883,174.71462610075278,0.0026031370585381484,0.2978964354337305,mixture,36
mixture,0.5,3020.447583590175,6046.89516718035,6059.16230180669,193.76575996576315,0.0026029827759215507,0.29789666435363593,mixture,36
null,,3020.6400060786113,6043.280012157223,6047.36905703267,384.2783365624347,0.002602280443247228,,mixture,36
sum,,3035.4863900461833,6072.9727800923665,6077.061824967814,563.5849987299853,0.0035487104953235353,,mixture,36
mixture,0.0025000000000000005,2769.66376157227,5545.32752314454,5557.490841183348,16.041432709578345,0.0016250400852057074,0.06877883008280353,mixture,37
mixture,0.0027500000000000007,2769.709840688777,5545.419681377554,5557.582999416362,16.628426440334685,0.0016482112266185073,0.06666131472873303,mixture,37
mixture,0.0022500000000000003,2769.7599293653743,5545.519858730749,5557.683176769557,15.424014990904944,0.0015990913020540944,0.07118159584412002,mixture,37
mixture,0.003000000000000001,2769.8600221557317,5545.720044311463,5557.883362350271,17.189365917981927,0.0016691169108777454,0.06477387360760292,mixture,37
mixture,0.002,2770.054296235768,5546.108592471536,5558.271910510344,14.769910966314455,0.0015697197876983042,0.07394894204988038,mixture,37
mixture,0.003250000000000001,2770.087505936048,5546.175011872096,5558.338329910904,17.728077764252408,0.001688094701409803,0.06307414428046268,mixture,37
mixture,0.0035000000000000014,2770.372990775587,5546.745981551174,5558.909299589982,18.247196896135737,0.0017054568822990812,0.061531485381115594,mixture,37
mixture,0.0037500000000000016,2770.702286797508,5547.404573595016,5559.567891633824,18.749102212878917,0.0017214231893230767,0.06012127872993026,mixture,37
mixture,0.004000000000000002,2771.064779680986,5548.129559361972,5560.29287740078,19.23554535734804,0.0017361976823502098,0.058824709794752406,mixture,37
mixture,0.004250000000000002,2771.452412872839,5548.904825745678,5561.068143784486,19.70715057305071,0.0017499210649514277,0.05762952525446116,mixture,37
mixture,0.004500000000000002,2771.858993811194,5549.717987622388,5561.881305661196,20.166832774719875,0.0017626818785649485,0.05651784855232588,mixture,37
mixture,0.0047500000000000025,2772.2797095591122,5550.5594191182245,5562.7227371570325,20.61692366033314,0.0017746962790552742,0.055475322830038365,mixture,37
mixture,0.005000000000000003,2772.7107928306705,5551.421585661341,5563.584903700149,21.055265859453193,0.0017859318313610127,0.05450380279570078,mixture,37
mixture,0.005250000000000003,2773.149263982509,5552.298527965018,5564.461846003826,21.483817068858198,0.0017965378237488829,0.053592027292014344,mixture,37
mixture,0.005500000000000003,2773.5927554544637,5553.185510908927,5565.3488289477355,21.903661396765205,0.0018065375005775364,0.05273298633128228,mixture,37
mixture,0.005750000000000003,2774.0393752657756,5554.078750531551,5566.242068570359,22.31516116874985,0.0018160016688974776,0.051922138725698994,mixture,37
mixture,0.006000000000000004,2774.487605509933,5554.975211019866,5567.138529058674,22.720313975721627,0.0018249345795045564,0.051151356081241814,mixture,37
mixture,0.006250000000000004,2774.936223231034,5555.872446462068,5568.035764500876,23.115531812309627,0.001833557070009074,0.05042661066957181,mixture,37
mixture,0.006500000000000004,2775.384243718594,5556.768487437188,5568.931805475996,23.505418342030005,0.0018416991988803515,0.04973451002269095,mixture,37
mixture,0.006750000000000004,2775.830870870299,5557.661741740598,5569.825059779406,23.888863692305446,0.0018494893392795992,0.04907553787223213,mixture,37
mixture,0.0070000000000000045,2776.275462413799,5558.550924827598,5570.714242866406,24.26648883979561,0.0018569248371510423,0.04844655008127263,mixture,37
mixture,0.007250000000000005,2776.7175007108553,5559.435001421711,5571.598319460519,24.638392991221398,0.0018640468097157567,0.04784566620076501,mixture,37
mixture,0.007500000000000005,2777.156569893801,5560.313139787602,5572.47645782641,25.005046071708964,0.0018708737012603411,0.04727040468714548,mixture,37
mixture,0.007750000000000005,2777.592337482366,5561.184674964732,5573.34799300354,25.366576799371053,0.0018774350592131812,0.0467191713105759,mixture,37
mixture,0.008000000000000005,2778.024539671913,5562.049079343826,5574.212397382634,25.724078417896582,0.0018836976329340406,0.046188704774124636,mixture,37
mixture,0.008250000000000006,2778.4529689677815,5562.905937935563,5575.069255974371,26.075492276092074,0.0018898166002372058,0.04568173601904019,mixture,37
mixture,0.008500000000000006,2778.877465135266,5563.754930270532,5575.91824830934,26.423305403226777,0.0018956675728336097,0.04519267351478476,mixture,37
mixture,0.008750000000000006,2779.2979064762562,5564.5958129525125,5576.7591309913205,26.766919429598584,0.0019013172224813788,0.04472171678540892,mixture,37
mixture,0.009000000000000006,2779.714203617482,5565.428407234964,5577.591725273772,27.106539123352132,0.001906774927401345,0.04426769646022216,mixture,37
mixture,0.009250000000000006,2780.1262940027277,5566.252588005455,5578.4159060442635,27.442317089164916,0.0019120543559236348,0.04382959678752065,mixture,37
mixture,0.009500000000000007,2780.5341377626582,5567.0682755253165,5579.2315935641245,27.77581831277616,0.0019171547278075388,0.04340384592408465,mixture,37
mixture,0.009750000000000007,2780.937712144099,5567.875424288198,5580.038742327006,28.1027926614392,0.0019221193275292257,0.04299776501296345,mixture,37
mixture,0.010000000000000007,2781.337012041945,5568.67402408389,5580.837342122698,28.428109246235028,0.0019269088092414394,0.04260180852765134,mixture,37
mixture,0.05,2816.0491006432953,5638.098201286591,5650.261519325399,63.658591890633815,0.002201894766077043,0.02319852673960983,mixture,37
mixture,0.1,2834.4374401884047,5674.874880376809,5687.038198415617,93.14865767451607,0.0023226224906617073,0.017966267316630504,mixture,37
mixture,0.5,2876.760427800168,5759.520855600336,5771.684173639144,234.71601945906897,0.002659694116230723,0.010701029408984658,mixture,37
mixture,0.15000000000000002,2891.575482130801,5789.150964261602,5801.31428230041,55.78028061216926,0.00283421499424148,0.2976635556422784,mixture,37
mixture,0.2,2891.818993900347,5789.637987800694,5801.801305839502,73.27322999772935,0.002833437319713739,0.29766497388237484,mixture,37
mixture,0.25,2891.9661026419944,5789.932205283989,5802.095523322797,90.76658034028857,0.0028329582489602513,0.29766584164974136,mixture,37
mixture,0.3,2892.064597115467,5790.129194230934,5802.2925122697425,108.26013949567327,0.0028326334592610894,0.29766642761304,mixture,37
mixture,0.35000000000000003,2892.1351584686004,5790.270316937201,5802.433634976009,125.75381729079075,0.002832398835497235,0.29766684992853093,mixture,37
mixture,0.4,2892.1881938896895,5790.376387779379,5802.539705818187,143.24758027122832,0.0028322212084717032,0.29766716903484913,mixture,37
mixture,0.45,2892.229511709917,5790.459023419834,5802.622341458642,160.74140076277158,0.0028320820585522196,0.2976674187546026,mixture,37
null,,2892.412021891978,5786.824043783956,5790.8784831302255,353.1740806445166,0.0028314648633758002,,mixture,37
sum,,2908.8041105547804,5819.608221109561,5823.6626604558305,522.5324933969393,0.003827513169560365,,mixture,37
mixture,0.002,2941.321717668303,5888.643435336606,5900.984481876102,17.134574512740446,0.0012850485347089293,0.06406383042398546,mixture,38
mixture,0.0022500000000000003,2941.6258119220897,5889.251623844179,5901.592670383676,17.84317688861793,0.001317301107800318,0.061837086775525824,mixture,38
mixture,0.0025000000000000005,2942.0831489131597,5890.166297826319,5902.507344365816,18.512730672306112,0.0013457087689370646,0.059892019328533046,mixture,38
mixture,0.0027500000000000007,2942.6437413371887,5891.287482674377,5903.628529213874,19.150195078268748,0.0013709642363341375,0.05816799508543059,mixture,38
mixture,0.003000000000000001,2943.2743565047485,5892.548713009497,5904.889759548993,19.760374279975967,0.0013936597687075893,0.056622734278692015,mixture,38
mixture,0.003250000000000001,2943.9522597019095,5893.904519403819,5906.245565943315,20.347060247441863,0.0014142093602716767,0.05522479965080891,mixture,38
mixture,0.0035000000000000014,2944.6615403690894,5895.323080738179,5907.664127277675,20.913830364627035,0.0014329037188947269,0.05394873976147975,mixture,38
mixture,0.0037500000000000016,2945.390860511981,5896.781721023962,5909.122767563458,21.46287730491036,0.0014500220815364911,0.05277667617755619,mixture,38
mixture,0.004000000000000002,2946.1320248272027,5898.264049654405,5910.605096193902,21.996211630354214,0.0014657767215989458,0.0516938479514155,mixture,38
mixture,0.004250000000000002,2946.879044679895,5899.75808935979,5912.099135899286,22.515529232439977,0.0014803407111828196,0.05068831103134013,mixture,38
mixture,0.004500000000000002,2947.627509376657,5901.255018753314,5913.596065292811,23.022203951501076,0.001493856010049753,0.04975045950847159,mixture,38
mixture,0.0047500000000000025,2948.3741542974485,5902.748308594897,5915.089355134393,23.51739565061394,0.0015064445219067728,0.048872349092640426,mixture,38
mixture,0.005000000000000003,2949.1165584184264,5904.233116836853,5916.574163376349,24.002222335103742,0.0015182059915256603,0.04804706406415053,mixture,38
mixture,0.005250000000000003,2949.852928812274,5905.705857624548,5918.0469041640445,24.47749197898241,0.001529217087841824,0.047269191064283345,mixture,38
mixture,0.005500000000000003,2950.581944743279,5907.163889486558,5919.504936026055,24.9438903927164,0.0015395762334333418,0.046533981564154704,mixture,38
mixture,0.005750000000000003,2951.302643461683,5908.605286923366,5920.946333462863,25.402095406770908,0.001549332335796259,0.04583736482716627,mixture,38
mixture,0.006000000000000004,2952.014335411519,5910.028670823038,5922.369717362534,25.852756635236982,0.00155853962877935,0.04517566013442138,mixture,38
mixture,0.006250000000000004,2952.7165407063394,5911.433081412679,5923.774127952175,26.296359330391716,0.0015672503358702531,0.04454583421341571,mixture,38
mixture,0.006500000000000004,2953.408941057947,5912.817882115894,5925.15892865539,26.73343962720575,0.0015755006031081887,0.04394507462953995,mixture,38
mixture,0.006750000000000004,2954.091343079733,5914.182686159466,5926.523732698963,27.164292451167782,0.0015833310249043122,0.04337122543542402,mixture,38
mixture,0.0070000000000000045,2954.763650045901,5915.527300091802,5927.868346631299,27.589294373609743,0.0015908015357816321,0.042822033434641284,mixture,38
mixture,0.007250000000000005,2955.4258401503216,5916.851680300643,5929.19272684014,28.008621968567173,0.0015979160461791848,0.04229604363796027,mixture,38
mixture,0.007500000000000005,2956.0779494255644,5918.155898851129,5930.496945390625,28.423024652298725,0.0016046867800342368,0.04179085436627757,mixture,38
mixture,0.007750000000000005,2956.720058461977,5919.440116923954,5931.78116346345,28.83236743562531,0.001611167451006771,0.04130555816161292,mixture,38
mixture,0.008000000000000005,2957.3522819870986,5920.704563974197,5933.045610513694,29.23717235444932,0.0016173614329603643,0.04083843204213276,mixture,38
mixture,0.008250000000000006,2957.9747605991165,5921.949521198233,5934.290567737729,29.637480597431573,0.0016232947745999007,0.04038855380119205,mixture,38
mixture,0.008500000000000006,2958.5876542516135,5923.175308503227,5935.516355042723,30.033512058823483,0.0016289928490606266,0.039954763799461945,mixture,38
mixture,0.008750000000000006,2959.1911371010683,5924.382274202137,5936.723320741633,30.425558919087827,0.0016344610077751822,0.0395359590783093,mixture,38
mixture,0.009000000000000006,2959.785393381817,5925.570786763634,5937.91183330313,30.813706160549103,0.0016397174625709815,0.039131361660326186,mixture,38
mixture,0.009250000000000006,2960.370614221019,5926.741228442038,5939.082274981534,31.197330417814022,0.00164479061731392,0.038741253499719235,mixture,38
mixture,0.009500000000000007,2960.9469947212265,5927.893989442453,5940.235035981949,31.579032671785086,0.0016496485886326306,0.03836139274237368,mixture,38
mixture,0.009750000000000007,2961.514732554704,5929.029465109408,5941.3705116489045,31.956516250887624,0.001654346333340708,0.03799454806493648,mixture,38
mixture,0.010000000000000007,2962.074025685146,5930.148051370292,5942.489097909788,32.33069832310478,0.0016588804258521116,0.037638955767287575,mixture,38
mixture,0.05,3006.613689552716,6019.227379105432,6031.5684256449285,74.02552099246878,0.0019044123208174853,0.019886665930896195,mixture,38
mixture,0.1,3029.243534694079,6064.487069388158,6076.828115927654,107.52046701758991,0.00203112730723457,0.015440908995146897,mixture,38
mixture,0.15000000000000002,3042.806492476533,6091.612984953066,6103.9540314925625,133.91364833872612,0.0021151185716398613,0.013492997647480439,mixture,38
mixture,0.2,3052.3921754210432,6110.7843508420865,6123.125397381583,156.72820923818853,0.002177872587620729,0.012327516377452562,mixture,38
mixture,0.25,3100.191930169952,6206.383860339904,6218.7249068794,100.04190328367162,0.00256345655694362,0.297934400415576,mixture,38
mixture,0.3,3100.3356962868165,6206.671392573633,6219.012439113129,119.39559317144176,0.0025630927720492907,0.2979359583759701,mixture,38
mixture,0.35000000000000003,3100.4387416144314,6206.877483228863,6219.218529768359,138.755453989433,0.0025627173595517637,0.2979365237643806,mixture,38
mixture,0.4,3100.516222814782,6207.032445629564,6219.37349216906,158.11546578958286,0.0025624334197415577,0.29793695085503064,mixture,38
mixture,0.45,3100.5766033946193,6207.1532067892385,6219.494253328735,177.47557515492093,0.0025622112132413,0.2979372848878972,mixture,38
mixture,0.5,3100.6249821073006,6207.249964214601,6219.591010754098,196.8357612199041,0.002562032478795282,0.29793755152932855,mixture,38
null,,3100.8435084515913,6203.687016903183,6207.8006990830145,390.43899957580555,0.0025612195530837216,,mixture,38
sum,,3120.8758184031294,6243.751636806259,6247.865318986091,576.9084136553208,0.0034667547788528492,,mixture,38
mixture,0.0035000000000000014,2890.5157727841697,5787.031545568339,5799.291869749077,16.281309347559464,0.0018413943868566683,0.0692948606958263,mixture,39
mixture,0.0037500000000000016,2890.5270830981117,5787.054166196223,5799.314490376961,16.746111065362033,0.0018555539816298714,0.06765635081875691,mixture,39
mixture,0.003250000000000001,2890.5732683203055,5787.146536640611,5799.406860821348,15.800323317927202,0.0018260390051216934,0.07109225466848793,mixture,39
mixture,0.004000000000000002,2890.5932156485437,5787.186431297087,5799.446755477825,17.196746487693584,0.0018686350578602726,0.06615238458007237,mixture,39
mixture,0.004250000000000002,2890.7033706154366,5787.406741230873,5799.667065411611,17.63443159959003,0.001880818303303536,0.06476516760506577,mixture,39
mixture,0.003000000000000001,2890.717957611604,5787.435915223208,5799.696239403946,15.301211422552752,0.0018092811646799195,0.0730772634784606,mixture,39
mixture,0.004500000000000002,2890.849094533492,5787.698189066984,5799.958513247721,18.061031057364946,0.001892127805928314,0.06347736250663742,mixture,39
mixture,0.0027500000000000007,2890.9744580197557,5787.9489160395115,5800.209240220249,14.780693742056675,0.0017908682603253552,0.07529184846749967,mixture,39
mixture,0.0047500000000000025,2891.0236923939015,5788.047384787803,5800.30770896854,18.476726973215015,0.0019027831659078841,0.062279480900104024,mixture,39
mixture,0.005000000000000003,2891.221807249989,5788.443614499978,5800.7039386807155,18.883089721958115,0.0019127571630589012,0.06115902637895801,mixture,39
mixture,0.0025000000000000005,2891.3764288679754,5788.752857735951,5801.013181916688,14.235508897833865,0.001770581951177811,0.0777866102509126,mixture,39
mixture,0.005250000000000003,2891.4391133855765,5788.878226771153,5801.1385509518905,19.28069894364787,0.0019221480128517386,0.06010799332152626,mixture,39
mixture,0.005500000000000003,2891.6720896848437,5789.3441793696875,5801.604503550425,19.66989703234578,0.0019310508525042043,0.05912004093446386,mixture,39
mixture,0.005750000000000003,2891.9178492618457,5789.8356985236915,5802.096022704429,20.05240451234953,0.0019393985731667282,0.05818557731263208,mixture,39
mixture,0.0022500000000000003,2891.9710602418295,5789.942120483659,5802.202444664396,13.66085200351218,0.0017479806733668854,0.08063504342741239,mixture,39
mixture,0.006250000000000004,2892.4385963208224,5790.877192641645,5803.137516822382,20.796573042174224,0.00195487924352132,0.05646484998280403,mixture,39
mixture,0.006500000000000004,2892.7099590569633,5791.4199181139265,5803.680242294664,21.159322393395197,0.001962079990773877,0.055669143010502714,mixture,39
mixture,0.002,2892.8265414417847,5791.653082883569,5803.913407064307,13.051113385966191,0.0017225556378322909,0.08393574301193256,mixture,39
mixture,0.006750000000000004,2892.9867177194064,5791.973435438813,5804.23375961955,21.516876895371976,0.001968890896632291,0.05491042427170063,mixture,39
mixture,0.0070000000000000045,2893.267711087845,5792.53542217569,5804.795746356427,21.868814041029122,0.001975428790008099,0.05418744068079144,mixture,39
mixture,0.007250000000000005,2893.5519591763496,5793.103918352699,5805.3642425334365,22.216055502007762,0.00198164861450554,0.053495932693085196,mixture,39
mixture,0.007500000000000005,2893.838632453587,5793.677264907174,5805.937589087911,22.558286765555323,0.0019876412423412084,0.05283479288876879,mixture,39
mixture,0.007750000000000005,2894.1270269932234,5794.254053986447,5806.514378167184,22.896229638345908,0.0019933655219100516,0.052200791266862494,mixture,39
mixture,0.008000000000000005,2894.416544139428,5794.833088278856,5807.093412459593,23.230354927236665,0.0019988255002508035,0.05159141696427937,mixture,39
mixture,0.008250000000000006,2894.706673848007,5795.413347696014,5807.6736718767515,23.560017489078383,0.0020041203268598463,0.05100676792969187,mixture,39
mixture,0.008500000000000006,2894.9969811093088,5795.9939622186175,5808.254286399355,23.886017759257292,0.0020092008852983746,0.050443947168820884,mixture,39
mixture,0.009000000000000006,2895.5766966756714,5797.153393351343,5809.41371753208,24.527575149644555,0.00201878014923914,0.04937856405514063,mixture,39
mixture,0.009250000000000006,2895.8655167100915,5797.731033420183,5809.99135760092,24.84331618932341,0.002023319489851795,0.04887374327519773,mixture,39
mixture,0.009500000000000007,2896.153323223576,5798.306646447152,5810.5669706278895,25.155925380581298,0.0020277010398916384,0.048385954533893084,mixture,39
mixture,0.009750000000000007,2896.4399189108913,5798.8798378217825,5811.14016200252,25.465396314179316,0.002031941428782394,0.04791448100700087,mixture,39
mixture,0.010000000000000007,2896.7251357971973,5799.4502715943945,5811.710595775132,25.771960178056105,0.0020360495438852414,0.04745814115014673,mixture,39
mixture,0.05,2923.7472515355857,5853.4945030711715,5865.754827251909,61.02055214016215,0.002241923560794478,0.02453621690670475,mixture,39
mixture,0.1,2938.6200801380137,5883.240160276027,5895.500484456765,91.86790985458441,0.0023312666125432677,0.01837755842269772,mixture,39
mixture,0.006000000000000004,2961.77322310859,5929.54644621718,5941.806770397918,7.498404640398844,0.0021501745729876833,0.2111329718003435,mixture,39
mixture,0.008750000000000006,2967.7972115009306,5941.594423001861,5953.854747182599,7.992146006624219,0.0023656501727209785,0.23087900981765036,mixture,39
mixture,0.5,2974.2806066872836,5954.561213374567,5966.8215375553045,235.47603623007572,0.0026525701692341184,0.010642915322915305,mixture,39
mixture,0.15000000000000002,2986.8829917604344,5979.765983520869,5992.026307701606,55.839689002298655,0.002831035501798083,0.29766673866049176,mixture,39
mixture,0.2,2987.1973417277045,5980.394683455409,5992.655007636146,73.36071280702386,0.002829928678232116,0.29766848101852217,mixture,39
mixture,0.25,2987.3876990708623,5980.7753981417245,5993.035722322462,90.88237765876055,0.0028292447187668705,0.2976695521945213,mixture,39
mixture,0.3,2987.5153435625148,5981.0306871250295,5993.291011305767,108.40437201614102,0.0028287802455180732,0.29767027752395586,mixture,39
mixture,0.35000000000000003,2987.6068841636,5981.2137683272,5993.474092507938,125.9265586118946,0.0028284442306931016,0.29767080132695906,mixture,39
mixture,0.4,2987.6757411939734,5981.351482387947,5993.611806568684,143.4488736732007,0.0028281897321664655,0.2976711975764034,mixture,39
mixture,0.45,2987.729416756775,5981.45883351355,5993.719157694288,160.97128104818879,0.002827990197319575,0.29767150799073855,mixture,39
null,,2987.9668488927437,5977.933697785487,5982.0204725123995,353.71914712380357,0.0028271016939040473,,mixture,39
sum,,3002.4292471243098,6006.8584942486195,6010.945268975532,521.4492017490657,0.0038354646882026487,,mixture,39
mixture,0.004000000000000002,2779.1608507833935,5564.321701566787,5576.456717508895,17.842069568137415,0.0018023559105519004,0.0637531719877474,mixture,40
mixture,0.004250000000000002,2779.162566909773,5564.325133819546,5576.460149761654,18.315860661299364,0.0018133572023579182,0.06234292372520456,mixture,40
mixture,0.004500000000000002,2779.20281892154,5564.40563784308,5576.540653785188,18.777661135859425,0.001823618368748173,0.061036026015641356,mixture,40
mixture,0.0037500000000000016,2779.2061656285596,5564.412331257119,5576.547347199227,17.35505974402183,0.001790504426913405,0.06528215901441736,mixture,40
mixture,0.0047500000000000025,2779.274850472313,5564.549700944626,5576.684716886734,19.228841696102123,0.001833186807888294,0.059818873623878076,mixture,40
mixture,0.0035000000000000014,2779.3093213662096,5564.618642732419,5576.753658674527,16.853669769655706,0.0017776464382219088,0.06694760560054576,mixture,40
mixture,0.005000000000000003,2779.3732308644867,5564.746461728973,5576.8814776710815,19.669823860277802,0.001842181879799719,0.05868250048493217,mixture,40
mixture,0.003250000000000001,2779.484262244202,5564.968524488404,5577.103540430512,16.33575031717627,0.0017636731366625098,0.06877455599243062,mixture,40
mixture,0.005250000000000003,2779.4935537133724,5564.987107426745,5577.122123368853,20.101617020975024,0.0018506529769994784,0.05761729791290421,mixture,40
mixture,0.005500000000000003,2779.6322135369323,5565.264427073865,5577.399443015973,20.52494047401095,0.0018586374628750352,0.05661574957259693,mixture,40
mixture,0.003000000000000001,2779.7492594328387,5565.498518865677,5577.6335348077855,15.799402199043644,0.0017483755107133118,0.07079194265441091,mixture,40
mixture,0.005750000000000003,2779.7862378020945,5565.572475604189,5577.707491546297,20.940073915100726,0.0018662147317593648,0.05567230107682529,mixture,40
mixture,0.006000000000000004,2779.953159148734,5565.906318297468,5578.041334239576,21.347354901100136,0.0018734311105308744,0.054781912335737676,mixture,40
mixture,0.0027500000000000007,2780.1286915099727,5566.257383019945,5578.392398962053,15.241853315975007,0.0017315138130714037,0.07303908988368471,mixture,40
mixture,0.006250000000000004,2780.1309168406697,5566.261833681339,5578.396849623447,21.7483579371948,0.0018802421753103676,0.05393686743999317,mixture,40
mixture,0.006500000000000004,2780.3177802504392,5566.6355605008785,5578.770576442987,22.142457281962365,0.0018867615467432963,0.05313572768262075,mixture,40
mixture,0.006750000000000004,2780.512288555932,5567.024577111864,5579.1595930539725,22.53008496480324,0.001893011985411227,0.05237461765458942,mixture,40
mixture,0.0025000000000000005,2780.6557838821764,5567.311567764353,5579.446583706461,14.65962528962691,0.0017128030954281814,0.07556801231161218,mixture,40
mixture,0.0070000000000000045,2780.7132030591097,5567.426406118219,5579.5614220603275,22.911929877598777,0.001898967582783719,0.05164957092556317,mixture,40
mixture,0.007250000000000005,2780.9194690208715,5567.838938041743,5579.973953983851,23.287928720140144,0.0019047011384037576,0.05095845190014179,mixture,40
mixture,0.007500000000000005,2781.1301849556585,5568.260369911317,5580.395385853425,23.658765805964038,0.001910196317524361,0.05029781425502169,mixture,40
mixture,0.0022500000000000003,2781.3769742884147,5568.753948576829,5580.888964518937,14.048244247754749,0.001691850335183957,0.07844970717967961,mixture,40
mixture,0.008000000000000005,2781.5619821420632,5569.1239642841265,5581.258980226235,24.384992763145892,0.001920599179669566,0.04906124377861097,mixture,40
mixture,0.008250000000000006,2781.7818244425116,5569.563648885023,5581.698664827131,24.74097392049611,0.0019255247935410268,0.048481094310920056,mixture,40
mixture,0.008500000000000006,2782.003608329453,5570.007216658906,5582.142232601014,25.092324997721025,0.001930296195951806,0.0479243518116082,mixture,40
mixture,0.008750000000000006,2782.226903640979,5570.453807281958,5582.588823224066,25.43945958972554,0.0019349044816224755,0.04738906558528345,mixture,40
mixture,0.002,2782.359167025662,5570.718334051324,5582.853349993432,13.401564689062914,0.00166817833422929,0.08178549970461597,mixture,40
mixture,0.009000000000000006,2782.4513367625686,5570.902673525137,5583.037689467245,25.78229930696942,0.0019393816053250804,0.046874309434168246,mixture,40
mixture,0.009250000000000006,2782.6765826603687,5571.353165320737,5583.4881812628455,26.12120521181431,0.001943713516318581,0.046378490687759316,mixture,40
mixture,0.009500000000000007,2782.9023581292868,5571.8047162585735,5583.939732200682,26.45617104142783,0.0019479302781683903,0.045900682621718154,mixture,40
mixture,0.009750000000000007,2783.1284164239673,5572.256832847935,5584.391848790043,26.788369363457818,0.0019520477786908095,0.04543762104385855,mixture,40
mixture,0.010000000000000007,2783.3545409369717,5572.709081873943,5584.8440978160515,27.114839426337934,0.001956002395900833,0.04499515023666673,mixture,40
mixture,0.05,2807.4154545517367,5620.8309091034735,5632.965925045582,61.435298234835,0.002217922509086955,0.024426818756868914,mixture,40
mixture,0.1,2821.6812840409157,5649.362568081831,5661.497584023939,90.01969688495777,0.0023379308709258083,0.0190488960147653,mixture,40
mixture,0.007750000000000005,2851.911503432504,5709.823006865008,5721.958022807116,7.684391537849346,0.002306717357752729,0.22944112793009258,mixture,40
mixture,0.5,2855.2769304860426,5716.553860972085,5728.688876914193,234.28444486474126,0.002644323096079815,0.01106191315281705,mixture,40
mixture,0.15000000000000002,2867.0545439982297,5740.1090879964595,5752.244103938568,56.22190926887965,0.002810748620892142,0.29768743397047653,mixture,40
mixture,0.2,2867.2663960790674,5740.532792158135,5752.667808100243,73.85942738484188,0.002810091664942174,0.2976886121154532,mixture,40
mixture,0.25,2867.3944956371156,5740.788991274231,5752.924007216339,91.49734120114228,0.0028096853071368113,0.2976893352229359,mixture,40
mixture,0.3,2867.480312402298,5740.960624804596,5753.095640746704,109.13546028958446,0.0028094091367287274,0.29768982441350783,mixture,40
mixture,0.35000000000000003,2867.5418160537206,5741.083632107441,5753.218648049549,126.77370180098116,0.0028092091799943376,0.2976901775293036,mixture,40
mixture,0.4,2867.5880570816894,5741.176114163379,5753.311130105487,144.41202153224125,0.002809057707442847,0.29769044450033316,mixture,40
mixture,0.45,2867.624089749651,5741.248179499302,5753.38319544141,162.05040030327305,0.0028089388831485764,0.2976906535974371,mixture,40
null,,2867.783339443874,5737.566678887748,5741.611684201784,356.07329754416094,0.0028084105348449443,,mixture,40
sum,,2881.2578122066348,5764.5156244132695,5768.560629727305,523.8967395660976,0.003817546186022159,,mixture,40
mixture,0.0047500000000000025,3219.764950298508,6445.529900597016,6458.069950557974,24.524960997930975,0.0013824171232320215,0.04719296053185115,mixture,41
mixture,0.004500000000000002,3219.782327619639,6445.564655239278,6458.104705200236,23.978105947559435,0.0013712887078544797,0.04809987082297111,mixture,41
mixture,0.005000000000000003,3219.7867454562893,6445.573490912579,6458.113540873536,25.0577546862268,0.001392948604668949,0.04634752009408772,mixture,41
mixture,0.005250000000000003,3219.8416568681996,6445.683313736399,6458.223363697357,25.577351886857752,0.0014029422244473627,0.04555713969306315,mixture,41
mixture,0.004250000000000002,3219.8462812117696,6445.692562423539,6458.232612384497,23.41552751489094,0.0013595139807322373,0.04907732571548782,mixture,41
mixture,0.005500000000000003,3219.9246884776094,6445.849376955219,6458.3894269161765,26.085318053126045,0.001412438719372288,0.044814771414008164,mixture,41
mixture,0.004000000000000002,3219.9659482974093,6445.931896594819,6458.471946555776,22.835502822202155,0.0013470248331554616,0.05013592176052149,mixture,41
mixture,0.005750000000000003,3220.0316872732474,6446.063374546495,6458.6034245074525,26.581887728324155,0.0014214967657742567,0.04411662456021848,mixture,41
mixture,0.0037500000000000016,3220.152725684273,6446.305451368546,6458.845501329503,22.236559528150273,0.0013337075453341014,0.05128740086638261,mixture,41
mixture,0.006000000000000004,3220.1591771609583,6446.318354321917,6458.858404282874,27.068660835984183,0.001430134815395317,0.043456872362182486,mixture,41
mixture,0.006250000000000004,3220.304230433272,6446.608460866544,6459.148510827502,27.545760095375527,0.00143839430760998,0.0428328752475529,mixture,41
mixture,0.0035000000000000014,3220.4209998888255,6446.841999777651,6459.382049738609,21.61579496739985,0.0013194991225450117,0.05254894467484094,mixture,41
mixture,0.006500000000000004,3220.464367175826,6446.928734351652,6459.468784312609,28.013926679762115,0.0014463083803255602,0.042241138221763556,mixture,41
mixture,0.006750000000000004,3220.6374759264245,6447.274951852849,6459.815001813807,28.473284535761373,0.001453907199697061,0.041679566150357276,mixture,41
mixture,0.003250000000000001,3220.7891806421735,6447.578361284347,6460.118411245305,20.97056288766824,0.0013042742398588823,0.053940320401450685,mixture,41
mixture,0.0070000000000000045,3220.8217502529424,6447.643500505885,6460.1835504668425,28.92596931259049,0.0014611827523527488,0.04114300542219838,mixture,41
mixture,0.007250000000000005,3221.015638271826,6448.031276543652,6460.57132650461,29.371282087613288,0.0014681682910172146,0.04063126336018807,mixture,41
mixture,0.007500000000000005,3221.2178010918155,6448.435602183631,6460.975652144589,29.808654143680105,0.0014749333456019471,0.04014370257371309,mixture,41
mixture,0.003000000000000001,3221.281196849578,6448.562393699156,6461.102443660114,20.29731274985226,0.0012879015386905869,0.05548771209024035,mixture,41
mixture,0.007750000000000005,3221.427079739631,6448.854159479262,6461.39420944022,30.240011229304717,0.0014814353072705917,0.039676354224560687,mixture,41
mixture,0.008000000000000005,3221.642467357153,6449.284934714306,6461.824984675263,30.665079589406098,0.0014877126034804641,0.03922856256552855,mixture,41
mixture,0.008250000000000006,3221.863086691129,6449.726173382258,6462.266223343216,31.084864923401803,0.0014937554502647756,0.03879801838112575,mixture,41
mixture,0.0027500000000000007,3221.9287185489293,6449.857437097859,6462.397487058816,19.591564118600786,0.0012702272269137023,0.05722574475767484,mixture,41
mixture,0.008500000000000006,3222.088171167703,6450.176342335406,6462.716392296364,31.498835749241174,0.0014996065322657327,0.038384584273160896,mixture,41
mixture,0.008750000000000006,3222.317049174555,6450.63409834911,6463.174148310068,31.906310872120876,0.0015053068732431777,0.03798832586179631,mixture,41
mixture,0.009000000000000006,3222.549131159175,6451.09826231835,6463.638312279308,32.30971649019262,0.0015107933955732472,0.03760542378091884,mixture,41
mixture,0.0025000000000000005,3222.7745570591915,6451.549114118383,6464.089164079341,18.84775089288503,0.001251062108666348,0.0592007495566703,mixture,41
mixture,0.009500000000000007,3223.020892594065,6452.04178518813,6464.581835149088,33.10188794196452,0.001521285677215659,0.036880281909382216,mixture,41
mixture,0.009750000000000007,3223.259710359811,6452.519420719622,6465.05947068058,33.49121379073096,0.0015263015787259828,0.03653624477561113,mixture,41
mixture,0.010000000000000007,3223.4999940317575,6452.999988063515,6465.540038024473,33.87769483717655,0.001531133385046135,0.03620196059570128,mixture,41
mixture,0.0022500000000000003,3223.8780532933633,6453.756106586727,6466.296156547684,18.058427599307063,0.0012301840479928838,0.06147781016150432,mixture,41
mixture,0.002,3225.3239797910437,6456.647959582087,6469.188009543045,17.21353606737786,0.0012073542830045743,0.06415109744774314,mixture,41
mixture,0.05,3251.0700876566043,6508.140175313209,6520.680225274166,75.1508090835486,0.0018190296652652188,0.01993134102266632,mixture,41
mixture,0.1,3267.9194365953836,6541.838873190767,6554.378923151725,109.41686493802356,0.0019461400693675589,0.015508390370903284,mixture,41
mixture,0.25,3295.1430161349626,6596.286032269925,6608.826082230883,159.78343928031202,0.002167024443942369,0.01688509450894963,mixture,41
mixture,0.009250000000000006,3311.7146741116103,6629.429348223221,6641.969398184178,8.674774825956716,0.0020802979484732045,0.23431422781032532,mixture,41
mixture,0.15000000000000002,3324.2272813099303,6654.454562619861,6666.994612580818,63.51413909955415,0.0024727164894830914,0.298024986200623,mixture,41
mixture,0.2,3324.4266804589697,6654.853360917939,6667.393410878897,83.58211769467324,0.0024722554448641004,0.2980261254992025,mixture,41
mixture,0.3,3324.6278671165073,6655.255734233015,6667.795784193972,123.72116568764834,0.002471731879373365,0.29802731857044423,mixture,41
mixture,0.35000000000000003,3324.6856822228046,6655.371364445609,6667.911414406567,143.78606977841625,0.0024716629845644763,0.29802790775390003,mixture,41
mixture,0.4,3324.7291408751853,6655.458281750371,6667.998331711328,163.85519376964706,0.002471546921240964,0.29802810501243454,mixture,41
mixture,0.45,3324.7630003373297,6655.526000674659,6668.066050635617,183.92437322386508,0.002471455911089892,0.29802825941448796,mixture,41
mixture,0.5,3324.7901247405484,6655.580249481097,6668.120299442055,203.99358534462368,0.0024713827130267655,0.2980283826146493,mixture,41
null,,3324.912591933472,6651.825183866944,6656.005200520596,404.6864690079025,0.0024710487663487275,,mixture,41
sum,,3341.391838394661,6684.783676789322,6688.9636934429745,589.7840405354871,0.0033910717526098623,,mixture,41
mixture,0.003000000000000001,2762.965624313735,5531.93124862747,5544.094566666278,19.76819352113215,0.0015073794998271242,0.056080597304298624,mixture,42
mixture,0.0027500000000000007,2762.9782404979446,5531.956480995889,5544.119799034697,19.06710696445044,0.0014895355278665642,0.05790930527045135,mixture,42
mixture,0.003250000000000001,2763.0436104642386,5532.087220928477,5544.250538967285,20.438513159606135,0.0015238464698513628,0.05445009742530681,mixture,42
mixture,0.0025000000000000005,2763.1100069558724,5532.220013911745,5544.383331950553,18.330502693871694,0.0014700707534096072,0.05998230558340267,mixture,42
mixture,0.0035000000000000014,2763.1914023699123,5532.382804739825,5544.546122778633,21.082127531154423,0.0015391076943359937,0.052982540508996936,mixture,42
mixture,0.0037500000000000016,2763.393528098597,5532.787056197194,5544.950374236002,21.701884627691157,0.0015533437685426726,0.05165198804650406,mixture,42
mixture,0.0022500000000000003,2763.4011108191553,5532.802221638311,5544.965539677119,17.552142623704295,0.0014486848713322292,0.062363234437758486,mixture,42
mixture,0.004000000000000002,2763.6382704324014,5533.276540864803,5545.439858903611,22.300663192333168,0.001566653626789811,0.050436890698045383,mixture,42
mixture,0.002,2763.9098800356373,5533.819760071275,5545.983078110083,16.724100812485545,0.0014249606438383763,0.06514125057783186,mixture,42
mixture,0.004250000000000002,2763.9166196807464,5533.833239361493,5545.996557400301,22.88040441920289,0.0015791579796059277,0.04932117632162218,mixture,42
mixture,0.004500000000000002,2764.2215567527514,5534.443113505503,5546.606431544311,23.443035234010434,0.0015909391834064903,0.04829121075903788,mixture,42
mixture,0.0047500000000000025,2764.5475509554017,5535.095101910803,5547.258419949611,23.990101046732825,0.0016020687202383341,0.04733608869387029,mixture,42
mixture,0.005000000000000003,2764.8902011374685,5535.780402274937,5547.943720313745,24.52289051347237,0.0016126189839644014,0.04644683117556546,mixture,42
mixture,0.005250000000000003,2765.2459747149833,5536.491949429967,5548.655267468775,25.04261864992167,0.0016226365222573446,0.04561578621796089,mixture,42
mixture,0.005500000000000003,2765.612014829305,5537.22402965861,5549.387347697418,25.5500145304853,0.0016321885859185321,0.044837073278319844,mixture,42
mixture,0.005750000000000003,2765.985995898281,5537.971991796562,5550.13530983537,26.046605425306975,0.0016412795462633534,0.044104128148219415,mixture,42
mixture,0.006000000000000004,2766.3660139571216,5538.732027914243,5550.895345953051,26.532671188682404,0.0016499706492637922,0.04341323621531175,mixture,42
mixture,0.006250000000000004,2766.750502515878,5539.501005031756,5551.664323070564,27.00892392627479,0.0016583010163412225,0.042760315508215824,mixture,42
mixture,0.006500000000000004,2767.1381673084215,5540.276334616843,5552.439652655651,27.476093603461294,0.0016662872760170179,0.04214173211085134,mixture,42
mixture,0.006750000000000004,2767.5279351666886,5541.055870333377,5553.219188372185,27.93470767060935,0.0016739584535066525,0.04155449232414829,mixture,42
mixture,0.0070000000000000045,2767.918913664641,5541.837827329282,5554.00114536809,28.385252541893326,0.0016813384919276916,0.040995953286493726,mixture,42
mixture,0.007250000000000005,2768.3103589799784,5542.620717959957,5554.784035998765,28.82820293534363,0.0016884467460486447,0.040463733075204164,mixture,42
mixture,0.007500000000000005,2768.701650115698,5543.403300231396,5555.566618270204,29.26394468291725,0.001695301949183126,0.03995579055186749,mixture,42
mixture,0.007750000000000005,2769.0922681104284,5544.184536220857,5556.347854259665,29.69331228212097,0.0017018955294363835,0.0394696547188596,mixture,42
mixture,0.008000000000000005,2769.481778998149,5544.963557996298,5557.126876035106,30.115372120252573,0.0017083211696819719,0.03900534491381607,mixture,42
mixture,0.008250000000000006,2769.8698202339847,5545.739640467969,5557.902958506777,30.53160685088605,0.0017145182529328192,0.03855984724309532,mixture,42
mixture,0.008500000000000006,2770.25608908906,5546.51217817812,5558.675496216928,30.94207474310989,0.0017205142653568652,0.03813213472711599,mixture,42
mixture,0.008750000000000006,2770.64033363575,5547.2806672715,5559.443985310308,31.348580657972292,0.0017262987440016685,0.037718893656483746,mixture,42
mixture,0.009000000000000006,2771.0223437087197,5548.0446874174395,5560.2080054562475,31.74700505903717,0.001731970964522354,0.03732493846417981,mixture,42
mixture,0.009250000000000006,2771.4019467738212,5548.8038935476425,5560.9672115864505,32.14124117248837,0.0017374581689519341,0.03694433594524374,mixture,42
mixture,0.009500000000000007,2771.779000201218,5549.558000402436,5561.721318441244,32.5296334071681,0.0017428151174067603,0.03657858935513107,mixture,42
mixture,0.009750000000000007,2772.1533880218135,5550.306776043627,5562.470094082435,32.91451974322283,0.0017479728947702457,0.036224289472325436,mixture,42
mixture,0.010000000000000007,2772.525016396149,5551.050032792298,5563.213350831106,33.294374933747584,0.0017530473122003198,0.035882537105696576,mixture,42
mixture,0.05,2807.4938093856154,5620.987618771231,5633.150936810039,71.75122118656036,0.002083272836529251,0.019895069531859575,mixture,42
mixture,0.1,2827.3399366367903,5660.679873273581,5672.843191312389,101.43293348782575,0.0022440388448334635,0.015825448807654185,mixture,42
mixture,0.5,2874.7135656833325,5755.427131366665,5767.590449405473,238.3871956333016,0.0026496547159280985,0.010063730987937848,mixture,42
mixture,0.15000000000000002,2891.320283226839,5788.640566453678,5800.803884492486,55.74516690828278,0.0028360977395499084,0.29766142944974794,mixture,42
mixture,0.2,2891.6456555397117,5789.291311079423,5801.454629118231,73.24145414626214,0.0028347139619286613,0.2976635218484158,mixture,42
mixture,0.25,2891.8424854832756,5789.684970966551,5801.848289005359,90.73844012996821,0.002833862193363168,0.29766480434199716,mixture,42
mixture,0.3,2891.974384032448,5789.948768064896,5802.112086103704,108.23578567629544,0.002833285137256797,0.2976656710959883,mixture,42
mixture,0.35000000000000003,2892.0689325985268,5790.1378651970535,5802.301183235862,125.7333382297256,0.00283286841479804,0.29766629617782464,mixture,42
mixture,0.4,2892.1400285416958,5790.2800570833915,5802.4433751221995,143.23102962261584,0.0028325532033827614,0.2976667685634087,mixture,42
mixture,0.45,2892.195435236532,5790.390870473064,5802.554188511872,160.728822560534,0.0028323062980996376,0.29766713832513375,mixture,42
null,,2892.4403754692935,5786.880750938587,5790.935190284857,353.2060241529256,0.0028312087892561986,,mixture,42
sum,,2911.596138057811,5825.192276115622,5829.246715461892,526.7493569222768,0.0037968722196183055,,mixture,42
mixture,0.004500000000000002,2950.2376899957103,5906.475379991421,5918.749309637654,20.077268508050896,0.0015923766481235836,0.05770578293376252,mixture,43
mixture,0.004250000000000002,2950.2393135070706,5906.478627014141,5918.7525566603745,19.57814110143573,0.0015826355174995198,0.05894541585765576,mixture,43
mixture,0.0047500000000000025,2950.2721060427975,5906.544212085595,5918.818141731828,20.56287699540402,0.0016015610235135696,0.0565578697936548,mixture,43
mixture,0.004000000000000002,2950.2842663050924,5906.568532610185,5918.842462256418,19.06433654056906,0.0015723089574716316,0.060289435500882935,mixture,43
mixture,0.005000000000000003,2950.3366588969548,5906.6733177939095,5918.947247440143,21.03620363882426,0.0016102656049682203,0.05549010193564125,mixture,43
mixture,0.0037500000000000016,2950.3816432830763,5906.763286566153,5919.037216212386,18.53322113624388,0.0015613587519628525,0.06175817774672768,mixture,43
mixture,0.005250000000000003,2950.426525096911,5906.853050193822,5919.126979840055,21.498513091201072,0.0016185397617437128,0.054492372047954735,mixture,43
mixture,0.005500000000000003,2950.537731020496,5907.075462040992,5919.349391687225,21.95059965248104,0.0016263950244455047,0.053557328405569316,mixture,43
mixture,0.0035000000000000014,2950.5429234683043,5907.0858469366085,5919.359776582842,17.9835232739401,0.0015496938322496923,0.063370378316018,mixture,43
mixture,0.005750000000000003,2950.6669791036993,5907.333958207399,5919.607887853632,22.39243439508763,0.0016339036713553456,0.052680366777552806,mixture,43
mixture,0.003250000000000001,2950.7827859321196,5907.565571864239,5919.8395015104725,17.41232917968949,0.0015372310934251697,0.0651549869825075,mixture,43
mixture,0.006000000000000004,2950.811514261315,5907.62302852263,5919.896958168863,22.82738364197712,0.0016410036445189194,0.051848918256550774,mixture,43
mixture,0.006250000000000004,2950.9690217735515,5907.938043547103,5920.211973193336,23.253278100929425,0.001647832003948486,0.05106519890142873,mixture,43
mixture,0.003000000000000001,2951.120285917104,5908.240571834208,5920.514501480441,16.816471918375157,0.0015239116194111623,0.0671477516102923,mixture,43
mixture,0.006500000000000004,2951.137545515294,5908.275091030588,5920.549020676821,23.672242184565956,0.0016543055033017187,0.05032137573027987,mixture,43
mixture,0.006750000000000004,2951.3154245636783,5908.630849127357,5920.90477877359,24.083504263322318,0.0016605727588579243,0.04961625337299217,mixture,43
mixture,0.0070000000000000045,2951.5012424472884,5909.002484894577,5921.27641454081,24.488474852490945,0.0016665545705518287,0.04894472522769103,mixture,43
mixture,0.0027500000000000007,2951.5805920822777,5909.161184164555,5921.435113810789,16.191970147977404,0.0015096331653318262,0.06939643102529301,mixture,43
mixture,0.007250000000000005,2951.6937860991357,5909.387572198271,5921.6615018445045,24.88803396712637,0.0016722507791617075,0.048302985521046754,mixture,43
mixture,0.007500000000000005,2951.892012753831,5909.784025507662,5922.057955153895,25.280651131872986,0.0016778004077597367,0.047692241509248445,mixture,43
mixture,0.007750000000000005,2952.095023272642,5910.190046545284,5922.463976191517,25.66870427529882,0.0016831223272552715,0.04710606472788689,mixture,43
mixture,0.0025000000000000005,2952.197627164288,5910.395254328576,5922.669183974809,15.533616950206802,0.0014943018254903917,0.07196660834791495,mixture,43
mixture,0.008000000000000005,2952.302039723154,5910.604079446308,5922.878009092541,26.05226068613076,0.0016881760287307316,0.046543448954224305,mixture,43
mixture,0.008250000000000006,2952.5123871257,5911.0247742514,5923.2987038976335,26.429255193156553,0.0016931378620777295,0.046006694368317155,mixture,43
mixture,0.008500000000000006,2952.7254788494747,5911.450957698949,5923.724887345183,26.802490961900407,0.0016978719799116584,0.045489530173736886,mixture,43
mixture,0.008750000000000006,2952.940803342673,5911.881606685346,5924.155536331579,27.171430146387948,0.0017024547070863209,0.04499179955380378,mixture,43
mixture,0.0022500000000000003,2953.0182183501615,5912.036436700323,5924.310366346556,14.834810680490328,0.0014778168845398902,0.0749495133231473,mixture,43
mixture,0.009000000000000006,2953.1579138944553,5912.315827788911,5924.589757435144,27.536094492246914,0.0017068870720776412,0.04451264239203354,mixture,43
mixture,0.009500000000000007,2953.5959783160265,5913.191956632053,5925.465886278286,28.25396392184203,0.0017153075089823993,0.043604398325523284,mixture,43
mixture,0.009750000000000007,2953.816289260281,5913.632578520562,5925.906508166795,28.60700999296279,0.0017193318589825747,0.043174104356684215,mixture,43
mixture,0.010000000000000007,2954.037088625404,5914.074177250808,5926.348106897041,28.956780237083613,0.001723236993624214,0.04275765652774555,mixture,43
mixture,0.002,2954.108883720506,5914.217767441012,5926.4916970872455,14.086020325750916,0.0014601424364140978,0.07848200427093767,mixture,43
mixture,0.05,2977.616286079642,5961.232572159284,5973.5065018055175,68.33244901812073,0.001936733023894617,0.022344645974846398,mixture,43
mixture,0.1,2991.4742988270577,5988.9485976541155,6001.222527300349,102.38257356597923,0.002032914537703447,0.01691980124980975,mixture,43
mixture,0.15000000000000002,3000.023828854729,6006.047657709458,6018.321587355691,130.0177309227898,0.002098701567974375,0.014518754245004605,mixture,43
mixture,0.009250000000000006,3023.7596328590644,6053.519265718129,6065.793195364362,8.649324055680232,0.0021090790631648777,0.23237821627695598,mixture,43
mixture,0.2,3037.701400799357,6081.402801598714,6093.676731244947,82.33947363618881,0.0025108343947473646,0.29798729307146893,mixture,43
mixture,0.25,3037.8386484506364,6081.677296901273,6093.951226547506,102.10146660540067,0.0025104286192312794,0.2979881620505716,mixture,43
mixture,0.3,3037.930616690963,6081.861233381926,6094.135163028159,121.85905688904627,0.002510250652771907,0.2979891263610657,mixture,43
mixture,0.35000000000000003,3037.996538739524,6081.993077479048,6094.267007125281,141.6207800363358,0.002510049255106113,0.29798945256191944,mixture,43
mixture,0.4,3038.046107826158,6082.092215652316,6094.366145298549,161.3826011691344,0.002509896699148593,0.2979896991665179,mixture,43
mixture,0.45,3038.084737498683,6082.169474997366,6094.443404643599,181.14449051341776,0.002509777111057059,0.29798989223724937,mixture,43
mixture,0.5,3038.1156892494673,6082.231378498935,6094.505308145168,200.90642254731313,0.002509680916526615,0.2979900463954852,mixture,43
null,,3038.2555036469394,6078.511007293879,6082.602317175956,398.5266719643497,0.0025092423427294603,,mixture,43
sum,,3051.7192191756894,6105.438438351379,6109.529748233456,580.3498027516305,0.0034461974321647704,,mixture,43
mixture,0.0037500000000000016,2982.697280041777,5971.394560083554,5983.7089397807995,18.03868366161168,0.0016156511520279148,0.06338420545064952,mixture,44
mixture,0.004000000000000002,2982.716658312699,5971.433316625398,5983.747696322644,18.564954705847242,0.0016259016726474442,0.06184498748121917,mixture,44
mixture,0.0035000000000000014,2982.7308740077738,5971.4617480155475,5983.776127712793,17.497457989019438,0.0016045146427243495,0.06506219959233395,mixture,44
mixture,0.004250000000000002,2982.7787746443364,5971.557549288673,5983.871928985918,19.077160334341595,0.0016354431035778849,0.06042731052429282,mixture,44
mixture,0.003250000000000001,2982.8306784899382,5971.6613569798765,5983.975736677122,16.93894874882281,0.0015923980630996762,0.06690494569119393,mixture,44
mixture,0.004500000000000002,2982.8756105323664,5971.751221064733,5984.065600761978,19.577603581936522,0.0016442390147503527,0.059112480755570566,mixture,44
mixture,0.0047500000000000025,2983.0008093641845,5972.001618728369,5984.315998425614,20.06656616146972,0.0016524870542598202,0.05788992416455302,mixture,44
mixture,0.003000000000000001,2983.014083242836,5972.028166485672,5984.342546182917,16.360966461675673,0.0015791275847644225,0.06894318255331924,mixture,44
mixture,0.005000000000000003,2983.149279399942,5972.298558799884,5984.612938497129,20.54529023246841,0.001660202803483428,0.05674815404195581,mixture,44
mixture,0.0027500000000000007,2983.304342853017,5972.608685706034,5984.923065403279,15.75946672287045,0.0015645417733195371,0.07122317089994121,mixture,44
mixture,0.005250000000000003,2983.3169044673614,5972.633808934723,5984.948188631968,21.014488572060884,0.001667453784804205,0.0556784598027679,mixture,44
mixture,0.005500000000000003,2983.5003297097583,5973.0006594195165,5985.315039116762,21.47495762918023,0.0016742790630544005,0.05467301248110895,mixture,44
mixture,0.005750000000000003,2983.6968007477753,5973.393601495551,5985.707981192796,21.92747626924492,0.001680744912435986,0.05372473249063355,mixture,44
mixture,0.0025000000000000005,2983.733208908256,5973.466417816512,5985.7807975137575,15.133655303894171,0.001548325029519287,0.07378500371796819,mixture,44
mixture,0.006000000000000004,2983.904041068952,5973.808082137904,5986.12246183515,22.37201485035363,0.0016868253969572478,0.052830083831911435,mixture,44
mixture,0.006250000000000004,2984.120158518628,5974.240317037256,5986.554696734502,22.809508093360204,0.0016926152200828321,0.051982536030754645,mixture,44
mixture,0.006500000000000004,2984.3435716169297,5974.687143233859,5987.001522931105,23.240408605199327,0.00169811291544383,0.05117802128572456,mixture,44
mixture,0.0022500000000000003,2984.3451277220133,5974.690255444027,5987.004635141272,14.475480054437481,0.0015302620403862014,0.07671964474505573,mixture,44
mixture,0.006750000000000004,2984.572952455306,5975.145904910612,5987.460284607858,23.66489064956438,0.0017033604806852252,0.05041331609542685,mixture,44
mixture,0.0070000000000000045,2984.8071813293877,5975.6143626587755,5987.928742356021,24.083267439011898,0.0017083454047418564,0.049685437101218005,mixture,44
mixture,0.007250000000000005,2985.0453101960948,5976.0906203921895,5988.405000089435,24.496303799398184,0.0017131483790322997,0.048990024690510774,mixture,44
mixture,0.002,2985.204193684193,5976.408387368386,5988.722767065631,13.779148203490218,0.001509950437202106,0.0801310268084511,mixture,44
mixture,0.007500000000000005,2985.2865342054633,5976.573068410927,5988.887448108172,24.903368084072312,0.0017177261392983462,0.048327101390483254,mixture,44
mixture,0.007750000000000005,2985.530167241474,5977.060334482948,5989.374714180193,25.30609988543139,0.0017221317310118012,0.04769088307354807,mixture,44
mixture,0.008000000000000005,2985.775623806516,5977.551247613032,5989.865627310277,25.702763539062463,0.0017263512544086377,0.047084035381495824,mixture,44
mixture,0.008250000000000006,2986.0224017893406,5978.044803578681,5990.359183275927,26.096246635845986,0.0017304246387260182,0.046498531092281144,mixture,44
mixture,0.008500000000000006,2986.2700714778266,5978.540142955653,5990.854522652899,26.484131728273823,0.0017343366765338645,0.045938672613293055,mixture,44
mixture,0.008750000000000006,2986.5182629449855,5979.036525889971,5991.350905587216,26.868182360594467,0.0017381211903789307,0.04539935434427478,mixture,44
mixture,0.009000000000000006,2986.766658492639,5979.533316985278,5991.847696682524,27.247551753650363,0.001741749692207933,0.04488156754116308,mixture,44
mixture,0.009250000000000006,2987.014983655735,5980.02996731147,5992.344347008715,27.62426767274722,0.0017452899115673298,0.04437991362543711,mixture,44
mixture,0.009750000000000007,2987.510513433517,5981.021026867034,5993.33540656428,28.36440459300871,0.001752028190673567,0.043433111670566085,mixture,44
mixture,0.010000000000000007,2987.757339496705,5981.51467899341,5993.829058690655,28.73046407673405,0.001755203889401973,0.042981584265548975,mixture,44
mixture,0.05,3012.628749081559,6031.257498163118,6043.571877860363,68.76985782246933,0.0019534002819927,0.022004256299910038,mixture,44
mixture,0.1,3027.1389052377745,6060.277810475549,6072.592190172794,102.48459767045532,0.0020543183374795303,0.016726556953133864,mixture,44
mixture,0.15000000000000002,3036.095793743525,6078.19158748705,6090.5059671842955,129.74466155653056,0.002122562107755383,0.014388403630315672,mixture,44
mixture,0.009500000000000007,3061.58445858922,6129.16891717844,6141.4832968756855,8.681953310953064,0.0021370701716886204,0.23379514308714774,mixture,44
mixture,0.2,3075.4708358406756,6156.941671681351,6169.256051378597,81.41342195220776,0.0025403768425686746,0.29795769938529654,mixture,44
mixture,0.25,3075.6115359421337,6157.2230718842675,6169.537451581513,100.94421184871504,0.0025399513099655054,0.2979585998746539,mixture,44
mixture,0.3,3075.705820005199,6157.411640010398,6169.726019707643,120.46958707225376,0.0025397841291649854,0.2979595747870677,mixture,44
mixture,0.35000000000000003,3075.773403258429,6157.546806516858,6169.861186214103,139.9997850997683,0.002539575961283627,0.297959911330345,mixture,44
mixture,0.4,3075.824222133041,6157.648444266082,6169.9628239633275,159.53007738632178,0.002539418353219911,0.2979601657095766,mixture,44
mixture,0.45,3075.8638261766637,6157.727652353327,6170.042032050573,179.06044091438932,0.0025392947708837107,0.29796036490492533,mixture,44
mixture,0.5,3075.8955588877243,6157.791117775449,6170.105497472694,198.5908500039699,0.002539195331966649,0.29796052395414296,mixture,44
null,,3076.038903817669,6154.077807635338,6158.1826008677535,393.8958587488158,0.0025387421009614927,,mixture,44
sum,,3090.2280965048067,6182.456193009613,6186.560986242029,575.2894987645408,0.003476510529559616,,mixture,44
mixture,0.003000000000000001,2879.9452539181325,5765.890507836265,5778.095784600997,19.274439828795227,0.0013144301862561627,0.05867438721394495,mixture,45
mixture,0.003250000000000001,2879.9492194919258,5765.8984389838515,5778.103715748583,19.929770634614997,0.0013293178804201855,0.057006306038021134,mixture,45
mixture,0.0035000000000000014,2880.025581152444,5766.051162304888,5778.25643906962,20.556874647063616,0.001343227242168155,0.055511578931571305,mixture,45
mixture,0.0027500000000000007,2880.0344789369447,5766.068957873889,5778.274234638621,18.586650137907867,0.0012984499181975468,0.06055411577081836,mixture,45
mixture,0.0037500000000000016,2880.1587869192153,5766.317573838431,5778.522850603163,21.15916284125855,0.0013562829579580485,0.05416093798899859,mixture,45
mixture,0.0025000000000000005,2880.245288656127,5766.490577312254,5778.695854076986,17.86124845861883,0.0012812014003920683,0.0626965949506567,mixture,45
mixture,0.004000000000000002,2880.3369975774312,5766.6739951548625,5778.879271919594,21.739427775600802,0.0013685724657871792,0.052931776720450255,mixture,45
mixture,0.004250000000000002,2880.5510627915055,5767.102125583011,5779.307402347743,22.30002608384608,0.001380175513011867,0.05180610526507347,mixture,45
mixture,0.0022500000000000003,2880.617442909783,5767.234885819566,5779.440162584298,17.091757300746988,0.0012624685644470593,0.06517180431173009,mixture,45
mixture,0.004500000000000002,2880.7938175380013,5767.587635076003,5779.792911840735,22.842969189369597,0.0013911551218327833,0.050769453666054495,mixture,45
mixture,0.0047500000000000025,2881.059587465488,5768.119174930976,5780.324451695708,23.369950739066788,0.0014015695711356172,0.04981008570661986,mixture,45
mixture,0.002,2881.20835300809,5768.41670601618,5780.621982780912,16.269982394522074,0.0012419518990030474,0.06807819055153111,mixture,45
mixture,0.005000000000000003,2881.3438341417927,5768.6876682835855,5780.892945048317,23.882424380541497,0.0014114689894918478,0.04891834965378368,mixture,45
mixture,0.005250000000000003,2881.6428961004285,5769.285792200857,5781.491068965589,24.381462916157272,0.001420904982033808,0.04808660376684284,mixture,45
mixture,0.005500000000000003,2881.953796844522,5769.907593689044,5782.112870453776,24.86869089397796,0.0014298920048059116,0.04730702768415976,mixture,45
mixture,0.005750000000000003,2882.2741004703284,5770.548200940657,5782.753477705389,25.344533570980683,0.001438488712454072,0.04657501404720541,mixture,45
mixture,0.006000000000000004,2882.6018017550673,5771.203603510135,5783.4088802748665,25.810043933160202,0.001446716770915262,0.04588527673541856,mixture,45
mixture,0.006250000000000004,2882.9352414930163,5771.870482986033,5784.0757597507645,26.26586918198423,0.0014546052763114415,0.045233841767708054,mixture,45
mixture,0.006500000000000004,2883.273040625966,5772.546081251932,5784.751358016664,26.712759509312015,0.001462176827354051,0.04461692881234355,mixture,45
mixture,0.006750000000000004,2883.614048495374,5773.228096990748,5785.43337375548,27.151328508512968,0.0014694506414477326,0.044031381442409215,mixture,45
mixture,0.0070000000000000045,2883.9573018353476,5773.914603670695,5786.119880435427,27.581923886416874,0.001476465095698612,0.04347470052227744,mixture,45
mixture,0.007250000000000005,2884.3019920511924,5774.603984102385,5786.809260867117,28.00534883320042,0.0014832007470109566,0.04294408193407784,mixture,45
mixture,0.007500000000000005,2884.6474388454053,5775.294877690811,5787.5001544555425,28.42165899039402,0.0014897097273736044,0.04243788681021367,mixture,45
mixture,0.007750000000000005,2884.993068912564,5775.986137825128,5788.19141458986,28.83150247626508,0.0014959909877863271,0.04195384635721517,mixture,45
mixture,0.008000000000000005,2885.3383985305595,5776.676797061119,5788.882073825851,29.235187512091084,0.001502059866026236,0.04149036033894993,mixture,45
mixture,0.008250000000000006,2885.683019311924,5777.366038623848,5789.57131538858,29.632988761910696,0.0015079311645184563,0.04104599856589986,mixture,45
mixture,0.008500000000000006,2886.026586456298,5778.053172912596,5790.258449677328,30.02521818571495,0.0015136157069818685,0.04061938780542756,mixture,45
mixture,0.008750000000000006,2886.368809017161,5778.737618034322,5790.942894799054,30.412177211186197,0.0015191226287874795,0.04020927312114459,mixture,45
mixture,0.009000000000000006,2886.7094417998196,5779.418883599639,5791.624160364371,30.794062053260127,0.0015244645941341502,0.039814626954702864,mixture,45
mixture,0.009250000000000006,2887.0482785964887,5780.096557192977,5792.301833957709,31.171199869638947,0.001529646098862193,0.03943432768343897,mixture,45
mixture,0.009500000000000007,2887.385146494962,5780.770292989924,5792.975569754656,31.543533098876708,0.0015346917354501996,0.039067792560128746,mixture,45
mixture,0.009750000000000007,2887.7199011053817,5781.439802210763,5793.645078975495,31.91176704492446,0.0015395710081927579,0.038713648838089046,mixture,45
mixture,0.010000000000000007,2888.052422490868,5782.104844981736,5794.310121746468,32.275742410457866,0.0015443270638258225,0.03837145330430777,mixture,45
mixture,0.05,2919.0217078609794,5844.043415721959,5856.248692486691,71.18499557737861,0.0018237094902400683,0.02170518283001956,mixture,45
mixture,0.15000000000000002,2945.8869129254263,5897.7738258508525,5909.979102615584,131.68194993215747,0.0020059494359805355,0.014937335571977526,mixture,45
mixture,0.1,2985.9691244638047,5977.9382489276095,5990.143525692341,45.45522172310258,0.002356461091704672,0.2981410682785165,mixture,45
mixture,0.2,2986.6560407699103,5979.312081539821,5991.5173583045525,87.63610011898355,0.002354247591477871,0.29814388598801395,mixture,45
mixture,0.25,2986.795745091439,5979.591490182878,5991.79676694761,108.72532714387795,0.0023538324026008287,0.29814478380678705,mixture,45
mixture,0.3,2986.8893218953926,5979.778643790785,5991.983920555517,129.81567036794644,0.002353535142834637,0.2981453911644652,mixture,45
mixture,0.35000000000000003,2986.9563801098793,5979.912760219759,5992.118036984491,150.9067224889277,0.002353311673353701,0.2981458331880057,mixture,45
mixture,0.4,2987.006793513994,5980.013587027988,5992.21886379272,171.99839500422158,0.002353135527349495,0.2981461724960822,mixture,45
mixture,0.45,2987.0460754811284,5980.092150962257,5992.297427726989,193.08586414679021,0.0023530502564363324,0.29814662973697614,mixture,45
mixture,0.5,2987.0775457633,5980.1550915266,5992.360368291332,214.1769630365427,0.0023529418763857638,0.29814679448912845,mixture,45
null,,2987.219660919476,5976.439321838952,5980.507747427197,425.089188698483,0.0023524475018095624,,mixture,45
sum,,2998.790598085906,5999.581196171812,6003.649621760056,614.4539313659909,0.0032549226197541047,,mixture,45
mixture,0.003000000000000001,3146.707120738134,6299.414241476268,6311.94807381842,18.884815585268296,0.0015383640817903316,0.05887322881283398,mixture,46
mixture,0.003250000000000001,3146.7480450064163,6299.496090012833,6312.029922354985,19.47002852660294,0.0015578066460550926,0.05733799192208539,mixture,46
mixture,0.0027500000000000007,3146.7789724651193,6299.557944930239,6312.091777272391,18.270859325938858,0.0015172486881173972,0.060592277226112136,mixture,46
mixture,0.0035000000000000014,3146.8760567133922,6299.7521134267845,6312.2859457689365,20.031657610792372,0.0015757444781415225,0.055950187941677824,mixture,46
mixture,0.0025000000000000005,3146.9988333937627,6299.997666787525,6312.531499129677,17.62494480983473,0.0014940888802384802,0.06253258179677376,mixture,46
mixture,0.0037500000000000016,3147.0720293036147,6300.144058607229,6312.677890949381,20.57193045130043,0.0015923981148629556,0.0546879537213555,mixture,46
mixture,0.004000000000000002,3147.3214666696854,6300.642933339371,6313.176765681523,21.093434791296893,0.001607922276398536,0.05353183148947001,mixture,46
mixture,0.0022500000000000003,3147.4162498806354,6300.832499761271,6313.366332103423,16.940673447386402,0.0014685243930990877,0.06475312309377883,mixture,46
mixture,0.004250000000000002,3147.6132134316545,6301.226426863309,6313.760259205461,21.59794403559526,0.001622461417312352,0.052467356098648964,mixture,46
mixture,0.004500000000000002,3147.938571561406,6301.877143122812,6314.410975464964,22.08630559522875,0.0016361465881675555,0.05148443569693894,mixture,46
mixture,0.002,3148.1030363724476,6302.206072744895,6314.739905087047,16.20991892570502,0.0014400669666013155,0.0673364569454084,mixture,46
mixture,0.0047500000000000025,3148.2906803090273,6302.5813606180545,6315.1151929602065,22.56254701154525,0.0016490177815546442,0.050566393356727336,mixture,46
mixture,0.005000000000000003,3148.6640753196025,6303.328150639205,6315.861982981357,23.025541378512756,0.001661161492985208,0.04971122716683307,mixture,46
mixture,0.005250000000000003,3149.0543650116692,6304.1087300233385,6316.64256236549,23.477073517234416,0.001672664175200649,0.04891002031005846,mixture,46
mixture,0.005500000000000003,3149.4579933803116,6304.915986760623,6317.449819102775,23.917717272491323,0.0016836140004040279,0.0481576252799117,mixture,46
mixture,0.005750000000000003,3149.8720615987095,6305.744123197419,6318.277955539571,24.34856361380347,0.0016940284222343384,0.04744852308276364,mixture,46
mixture,0.006000000000000004,3150.2941926477793,6306.5883852955585,6319.1222176377105,24.770315586962084,0.001703956891398806,0.04677845235459961,mixture,46
mixture,0.006250000000000004,3150.72242747061,6307.44485494122,6319.978687283372,25.184192411927167,0.0017134014151180116,0.04614264347116778,mixture,46
mixture,0.006500000000000004,3151.1551441480387,6308.3102882960775,6320.8441206382295,25.588854409865558,0.0017225109510772693,0.04554144551008612,mixture,46
mixture,0.006750000000000004,3151.5909952144757,6309.181990428951,6321.715822771103,25.98686616188916,0.0017311973754587035,0.044968200570255794,mixture,46
mixture,0.0070000000000000045,3152.0288573221446,6310.057714644289,6322.591546986441,26.377619544957916,0.0017395595405072192,0.04442235025454797,mixture,46
mixture,0.007250000000000005,3152.467791833179,6310.935583666358,6323.46941600851,26.761300676747005,0.001747588033069343,0.0439022704994223,mixture,46
mixture,0.007500000000000005,3152.9070125445596,6311.814025089119,6324.347857431271,27.140169250691013,0.0017552869107782673,0.04340246744403314,mixture,46
mixture,0.007750000000000005,3153.345860612439,6312.691721224878,6325.22555356703,27.512177630946375,0.0017627398773420466,0.042925532838440625,mixture,46
mixture,0.008000000000000005,3153.7837829728096,6313.567565945619,6326.101398287771,27.87909707650951,0.0017698920839861643,0.042467485065358995,mixture,46
mixture,0.008250000000000006,3154.22031549897,6314.44063099794,6326.974463340092,28.24041132355964,0.001776834504806184,0.04202807288052818,mixture,46
mixture,0.008500000000000006,3154.655068954148,6315.310137908296,6327.843970250448,28.596911084446,0.001783517535554512,0.04160538768843576,mixture,46
mixture,0.008750000000000006,3155.0877173177123,6316.175434635425,6328.709266977577,28.949018496673396,0.0017899995643911428,0.041197802852827085,mixture,46
mixture,0.009000000000000006,3155.517987905181,6317.035975810362,6329.569808152514,29.295834279575725,0.0017962672806405386,0.04080633638892768,mixture,46
mixture,0.009250000000000006,3155.9456538350455,6317.891307670091,6330.425140012243,29.63831080454036,0.0018023424646661202,0.040428708240468555,mixture,46
mixture,0.009500000000000007,3156.370526841445,6318.74105368289,6331.274886025042,29.976042469058633,0.0018082635005034304,0.040064907389103774,mixture,46
mixture,0.009750000000000007,3156.792451518596,6319.584903037192,6332.118735379344,30.311448664826848,0.0018139643894284636,0.03971089590989872,mixture,46
mixture,0.010000000000000007,3157.2113011089577,6320.4226022179155,6332.9564345600675,30.64223945623841,0.0018195203802839745,0.039369631549350914,mixture,46
mixture,0.05,3195.8348828418457,6397.669765683691,6410.203598025843,65.957988787935,0.002135737061644599,0.022328318445174373,mixture,46
mixture,0.1,3216.780912356212,6439.561824712424,6452.095657054576,95.76997902092234,0.0022612718845506745,0.01745976714541558,mixture,46
mixture,0.15000000000000002,3229.3148627503233,6464.629725500647,6477.163557842799,120.11078505539942,0.002337465838018103,0.015195198176674717,mixture,46
mixture,0.45,3267.36303879745,6540.7260775949,6553.259909937052,254.70392993108223,0.010206596442304872,0.0026114024801617746,mixture,46
mixture,0.2,3281.504251362462,6569.008502724924,6581.542335067076,75.23664450624943,0.0027567289305472416,0.29774171164487806,mixture,46
mixture,0.25,3281.7245783043804,6569.449156608761,6581.982988950913,93.23027396885571,0.0027559955653662788,0.2977428247531116,mixture,46
mixture,0.3,3281.8723913844833,6569.744782768967,6582.278615111119,111.22429081897477,0.002755497170980026,0.2977435789399127,mixture,46
mixture,0.35000000000000003,3281.978432103172,6569.956864206344,6582.490696548496,129.21852857997783,0.0027551365459784556,0.2977441237295751,mixture,46
mixture,0.4,3282.0582161971743,6570.1164323943485,6582.6502647365005,147.2129138586696,0.0027548633689706897,0.2977445359260354,mixture,46
mixture,0.5,3282.170281666363,6570.340563332726,6582.874395674878,183.20199602325724,0.0027544763257033697,0.2977451172417338,mixture,46
null,,3282.3957126790337,6566.7914253580675,6570.969369472118,363.14864309485193,0.0027536933402193845,,mixture,46
sum,,3300.6688958165155,6603.337791633031,6607.515735747082,537.5083178227684,0.0037208726519827665,,mixture,46
mixture,0.008000000000000005,2869.548521263033,5745.097042526066,5757.288398152128,30.397274328322982,0.0015508964481348259,0.039304302231413075,mixture,47
mixture,0.008250000000000006,2869.5511537240236,5745.102307448047,5757.29366307411,30.84595977505274,0.0015560034578014123,0.038825293613573494,mixture,47
mixture,0.007750000000000005,2869.556914397143,5745.113828794286,5757.305184420348,29.94276206621641,0.0015456260164178808,0.03980365932886449,mixture,47
mixture,0.008500000000000006,2869.5637428296777,5745.127485659355,5757.318841285418,31.28955602334961,0.0015609014147665479,0.03836482693870543,mixture,47
mixture,0.007500000000000005,2869.577539783815,5745.15507956763,5757.346435193693,29.483061865869615,0.0015401121049758728,0.040323749543775884,mixture,47
mixture,0.008750000000000006,2869.5853386272975,5745.170677254595,5757.362032880657,31.72871913161964,0.0015656102901798754,0.03792103693922466,mixture,47
mixture,0.007250000000000005,2869.611763733334,5745.223527466668,5757.414883092731,29.01766708994523,0.0015343565459644704,0.0408664227565268,mixture,47
mixture,0.009000000000000006,2869.615094539503,5745.230189079006,5757.421544705068,32.16326468726017,0.001570151190962936,0.03749338011656918,mixture,47
mixture,0.009250000000000006,2869.652254165598,5745.304508331196,5757.495863957259,32.59425856136709,0.0015745235251169779,0.03707970890430135,mixture,47
mixture,0.0070000000000000045,2869.6611388000174,5745.322277600035,5757.513633226097,28.5462590015965,0.001528329297140861,0.04143353482228664,mixture,47
mixture,0.009500000000000007,2869.6961396875677,5745.392279375135,5757.583635001198,33.0193915575878,0.0015787691127238975,0.03668240607041076,mixture,47
mixture,0.006750000000000004,2869.727435584412,5745.454871168824,5757.646226794886,28.0674628484776,0.0015220717867434873,0.04202859779303629,mixture,47
mixture,0.009750000000000007,2869.746142794109,5745.492285588218,5757.68364121428,33.44147671907839,0.0015828539049300414,0.03629720249320609,mixture,47
mixture,0.010000000000000007,2869.8017158050943,5745.603431610189,5757.794787236251,33.85962146294008,0.0015868105034010727,0.035924660438033267,mixture,47
mixture,0.006500000000000004,2869.812681564278,5745.625363128556,5757.816718754619,27.58207439801827,0.0015154976292360684,0.042652199797688695,mixture,47
mixture,0.006250000000000004,2869.9192080372986,5745.838416074597,5758.02977170066,27.089393078998537,0.0015086007964474806,0.043307293468559,mixture,47
mixture,0.006000000000000004,2870.049708066935,5746.09941613387,5758.290771759933,26.588340785495475,0.0015013693378000406,0.04399789673274576,mixture,47
mixture,0.005750000000000003,2870.20730806541,5746.41461613082,5758.605971756882,26.078576963155335,0.00149376755315046,0.044727105431491374,mixture,47
mixture,0.005500000000000003,2870.395657007375,5746.79131401475,5758.982669640813,25.559468759078,0.0014857645658793326,0.04549890067530068,mixture,47
mixture,0.005250000000000003,2870.619038662324,5747.238077324648,5759.42943295071,25.03014369279349,0.0014773255823293753,0.04631823101414641,mixture,47
mixture,0.0047500000000000025,2871.1921041391206,5748.384208278241,5760.575563904304,23.936532245406177,0.001459004868151116,0.04812414116420673,mixture,47
mixture,0.004500000000000002,2871.555026750031,5749.110053500062,5761.301409126125,23.3700262143873,0.0014490279586428412,0.049125327191483846,mixture,47
mixture,0.004250000000000002,2871.980007491513,5749.960014983026,5762.151370609088,22.78817930528722,0.0014384546254712714,0.0502051575803501,mixture,47
mixture,0.004000000000000002,2872.4776934553965,5750.955386910793,5763.1467425368555,22.189200137892634,0.0014272302283544352,0.05137577486548641,mixture,47
mixture,0.0037500000000000016,2873.0612117049723,5752.1224234099445,5764.313779036007,21.570899415646302,0.001415291556262972,0.05265238904295446,mixture,47
mixture,0.0035000000000000014,2873.7469357625364,5753.493871525073,5765.685227151135,20.93026441751541,0.0014025929814549213,0.05405512082865291,mixture,47
mixture,0.003250000000000001,2874.5555569373428,5755.1111138746855,5767.302469500748,20.264016964164544,0.0013890774460884531,0.0556087588253917,mixture,47
mixture,0.003000000000000001,2875.5136124831406,5757.027224966281,5769.218580592344,19.56720138133007,0.0013747201416087335,0.05734848985773181,mixture,47
mixture,0.0027500000000000007,2876.655715649398,5759.311431298796,5771.502786924859,18.83389048357513,0.0013595118283772376,0.059320905168174745,mixture,47
mixture,0.0025000000000000005,2878.0278938722795,5762.055787744559,5774.247143370621,18.055898733855976,0.0013435134642369145,0.061592680886324205,mixture,47
mixture,0.0022500000000000003,2879.692728669485,5765.38545733897,5777.576812965032,17.22112062679537,0.0013269741258650043,0.0642651016221101,mixture,47
mixture,0.002,2881.7375145148635,5769.475029029727,5781.666384655789,16.31266126560243,0.001310378449493184,0.06749452448269681,mixture,47
mixture,0.05,2885.0876883660967,5776.175376732193,5788.366732358256,78.8712570251468,0.0018343058934607046,0.01840621908375488,mixture,47
mixture,0.1,2897.2659333267084,5800.531866653417,5812.723222279479,112.97762184022062,0.001984679949332589,0.014378911513905543,mixture,47
mixture,0.005000000000000003,2927.323718788824,5860.647437577648,5872.83879320371,6.614970086396965,0.002146467301361228,0.23217495980097827,mixture,47
mixture,0.15000000000000002,2943.656770942251,5893.313541884502,5905.504897510565,60.26798107871513,0.002612578952179358,0.29788519837473804,mixture,47
mixture,0.2,2943.849868188262,5893.699736376524,5905.891092002586,79.24849702618735,0.002612230780543633,0.2978868736887297,mixture,47
mixture,0.25,2943.966834276002,5893.933668552004,5906.125024178066,98.23284675209538,0.0026119176153856496,0.29788740517307016,mixture,47
mixture,0.3,2944.045281039618,5894.090562079236,5906.281917705299,117.21743335858253,0.0026117035386131757,0.29788776631867603,mixture,47
mixture,0.35000000000000003,2944.1015464951606,5894.203092990321,5906.394448616384,136.2021597844887,0.0026115479457170234,0.2978880277926656,mixture,47
mixture,0.4,2944.143873326841,5894.287746653682,5906.479102279744,155.1869759260741,0.00261142974598227,0.2978882259084584,mixture,47
mixture,0.45,2944.176870264032,5894.353740528064,5906.545096154126,174.17184922783542,0.002611336961481521,0.2978883811818831,mixture,47
mixture,0.5,2944.2033159170624,5894.406631834125,5906.597987460187,193.15677495829107,0.002611262028408494,0.2978885054250353,mixture,47
null,,2944.322854025915,5890.64570805183,5894.709493260518,383.00672816389283,0.002610920191386531,,mixture,47
sum,,2959.403315576072,5920.806631152144,5924.870416360832,561.2525978601104,0.003563457893336096,,mixture,47
mixture,0.0025000000000000005,3071.6675672815063,6149.335134563013,6161.761246779774,18.555721500285106,0.0012819881341084587,0.060070004779506546,mixture,48
mixture,0.0027500000000000007,3071.7112413690397,6149.422482738079,6161.848594954841,19.335528259275883,0.0012979370215891776,0.057923137743631205,mixture,48
mixture,0.0022500000000000003,3071.767269519407,6149.534539038814,6161.960651255576,17.726889563501707,0.0012648986237908813,0.06256234725353736,mixture,48
mixture,0.003000000000000001,3071.8612502213373,6149.722500442675,6162.148612659436,20.073925391141447,0.0013128680053144629,0.056046337947208855,mixture,48
mixture,0.002,3072.064077231933,6150.128154463866,6162.554266680628,16.83980870129325,0.0012465014437616924,0.06550568890514025,mixture,48
mixture,0.003250000000000001,3072.0912866889257,6150.182573377851,6162.608685594613,20.776542926715646,0.001326882138244612,0.05438640028471973,mixture,48
mixture,0.0035000000000000014,3072.382206912409,6150.764413824818,6163.19052604158,21.448105291164836,0.0013400835353745337,0.052903092897354904,mixture,48
mixture,0.0037500000000000016,3072.7197947197337,6151.439589439467,6163.865701656229,22.092231683805938,0.001352552354934523,0.05156654704335206,mixture,48
mixture,0.004000000000000002,3073.093311531331,6152.186623062662,6164.612735279424,22.712041145749215,0.001364357153143656,0.050353237333875325,mixture,48
mixture,0.004250000000000002,3073.494527154653,6152.989054309306,6165.415166526068,23.310204947654494,0.0013755584108500394,0.04924445524849544,mixture,48
mixture,0.004500000000000002,3073.917055117555,6153.83411023511,6166.260222451871,23.888770854271666,0.0013862110053594046,0.04822572023676765,mixture,48
mixture,0.0047500000000000025,3074.3558865681457,6154.711773136291,6167.137885353053,24.449585647078457,0.0013963631671387244,0.0472850207356689,mixture,48
mixture,0.005000000000000003,3074.807056974327,6155.614113948654,6168.040226165416,24.99449182542265,0.0014060436615707973,0.04641201430944275,mixture,48
mixture,0.005250000000000003,3075.267403601327,6156.534807202654,6168.960919419415,25.524522339290186,0.0014153133110557518,0.04559915687358352,mixture,48
mixture,0.005500000000000003,3075.7343863926053,6157.468772785211,6169.894885001972,26.040925234424158,0.0014241876939855194,0.044839562210196984,mixture,48
mixture,0.005750000000000003,3076.2059537349173,6158.411907469835,6170.838019686596,26.54495748661411,0.0014326984094341284,0.044127009562489064,mixture,48
mixture,0.006000000000000004,3076.6804411624576,6159.360882324915,6171.786994541677,27.03514540715233,0.0014409397661838252,0.04346077885037904,mixture,48
mixture,0.006250000000000004,3077.1564909416024,6160.312981883205,6172.739094099967,27.51891199099226,0.001448744427393526,0.04282513311555441,mixture,48
mixture,0.006500000000000004,3077.632996316011,6161.265992632022,6173.692104848784,27.990675177384837,0.0014563101538292791,0.04222746771105388,mixture,48
mixture,0.006750000000000004,3078.109049476615,6162.21809895323,6174.644211169992,28.452982015486135,0.0014636078288526517,0.0416612648223404,mixture,48
mixture,0.0070000000000000045,3078.5839066326803,6163.167813265361,6175.593925482122,28.906433763173187,0.0014706555437106474,0.04112371420049867,mixture,48
mixture,0.007250000000000005,3079.0569578931636,6164.113915786327,6176.540028003089,29.351716686439,0.001477459981573408,0.04061216449781421,mixture,48
mixture,0.007500000000000005,3079.5277035171193,6165.055407034239,6177.4815192510005,29.789259636758715,0.0014840411516567915,0.04012453130698669,mixture,48
mixture,0.007750000000000005,3079.9957347956274,6165.991469591255,6178.417581808017,30.21944380139172,0.0014904116482569616,0.03965900550643804,mixture,48
mixture,0.008000000000000005,3080.4607185366385,6166.921437073277,6179.347549290039,30.642660242737794,0.0014965873428978834,0.0392138797500682,mixture,48
mixture,0.008250000000000006,3080.9223844273365,6167.844768854673,6180.270881071435,31.05939861836737,0.0015025676995884811,0.038787510550448254,mixture,48
mixture,0.008500000000000006,3081.3805146965283,6168.761029393057,6181.187141609818,31.47056857221856,0.0015083435038867235,0.0383778015573657,mixture,48
mixture,0.008750000000000006,3081.8349380713553,6169.669876142711,6182.095988359472,31.86855739479474,0.0015141488515947215,0.03799387260676997,mixture,48
mixture,0.009000000000000006,3082.2855096603607,6170.5710193207215,6182.997131537483,32.27341587985385,0.0015194887790759162,0.03760857842326061,mixture,48
mixture,0.009250000000000006,3082.732131619217,6171.464263238434,6183.890375455196,32.66712369608205,0.0015248090871828185,0.03724513376430592,mixture,48
mixture,0.009500000000000007,3083.1747215083024,6172.349443016605,6184.7755552333665,33.05580469876326,0.0015299805690576836,0.0368948359706798,mixture,48
mixture,0.009750000000000007,3083.613221594321,6173.226443188642,6185.652555405404,33.43905813164274,0.0015350451857822733,0.03655751535808112,mixture,48
mixture,0.010000000000000007,3084.047592839663,6174.095185679326,6186.521297896088,33.81799497963603,0.001539958813639998,0.03623146661294991,mixture,48
mixture,0.05,3122.7625320664138,6251.5250641328275,6263.951176349589,73.70277088666872,0.001834774001463926,0.02045145699517971,mixture,48
mixture,0.1,3143.381679529272,6292.763359058544,6305.189471275306,107.40820284652138,0.001954316314388339,0.016003011865994253,mixture,48
mixture,0.15000000000000002,3155.6567885543727,6317.313577108745,6329.739689325507,135.00372060675272,0.002026895554979623,0.013934672784303739,mixture,48
mixture,0.2,3164.278219009931,6334.556438019862,6346.982550236624,159.22234922727353,0.0020806305885576627,0.012678761630778702,mixture,48
mixture,0.25,3206.5185442890656,6419.037088578131,6431.463200794893,105.72211880834566,0.002422340260863499,0.2980757397138578,mixture,48
mixture,0.3,3206.6733038719794,6419.346607743959,6431.772719960721,126.22253261837533,0.002421812906022846,0.29807669526104785,mixture,48
mixture,0.35000000000000003,3206.7842574718425,6419.568514943685,6431.994627160447,146.723995990301,0.0024214188317017668,0.29807739192538424,mixture,48
mixture,0.4,3206.8676990363724,6419.735398072745,6432.161510289507,167.22638902647458,0.0024211097637899482,0.2980779272736228,mixture,48
mixture,0.45,3206.9327333007604,6419.865466601521,6432.291578818283,187.72158823477966,0.002420963122709594,0.29807859037309453,mixture,48
mixture,0.5,3206.9848453414916,6419.969690682983,6432.395802899745,208.22282635338934,0.002420775077620421,0.29807885667581024,mixture,48
null,,3207.220294618985,6416.44058923797,6420.582626643557,413.23714932658976,0.0024199179614649785,,mixture,48
sum,,3223.808899915957,6449.617799831914,6453.759837237501,603.6484432278407,0.0033131867106383326,,mixture,48
mixture,0.0022500000000000003,2698.050736009447,5402.101472018894,5414.14994349799,15.748255784031715,0.0014437819629120044,0.07031435071682031,mixture,49
mixture,0.0025000000000000005,2698.1037823951374,5402.207564790275,5414.25603626937,16.407752435122127,0.0014663566190023433,0.06784400525751236,mixture,49
mixture,0.002,2698.15988281712,5402.31976563424,5414.368237113335,15.051597135281437,0.0014181700506098772,0.07316002702586163,mixture,49
mixture,0.0027500000000000007,2698.2714100277863,5402.5428200555725,5414.591291534668,17.036135232120607,0.0014864636590825114,0.06566857534276457,mixture,49
mixture,0.003000000000000001,2698.521421188947,5403.042842377894,5415.0913138569895,17.638031351590193,0.0015045400916237287,0.06373023263721421,mixture,49
mixture,0.003250000000000001,2698.8313748927076,5403.662749785415,5415.711221264511,18.217022991367237,0.0015209242447416188,0.06198630645856998,mixture,49
mixture,0.0035000000000000014,2699.18524070542,5404.37048141084,5416.418952889935,18.77580258670695,0.0015358910667343667,0.060404939901797135,mixture,49
mixture,0.0037500000000000016,2699.5713326907617,5405.142665381523,5417.191136860619,19.316904251542585,0.0015496289995173226,0.05896027446622313,mixture,49
mixture,0.004000000000000002,2699.980986986959,5405.961973973918,5418.010445453014,19.842280965597723,0.0015622923547406952,0.05763241620027034,mixture,49
mixture,0.004250000000000002,2700.4076891274894,5406.815378254979,5418.863849734074,20.353079258140784,0.0015740651167119397,0.05640663887044733,mixture,49
mixture,0.004500000000000002,2700.8464830316257,5407.692966063251,5419.741437542347,20.851164941834718,0.0015850097651433936,0.05526850810980361,mixture,49
mixture,0.0047500000000000025,2701.293561239281,5408.587122478562,5420.635593957658,21.337608992298193,0.0015952148250534927,0.05420765328768929,mixture,49
mixture,0.005000000000000003,2701.7459752568966,5409.491950513793,5421.540421992889,21.813126593870038,0.0016048208510674672,0.05321563060164497,mixture,49
mixture,0.005250000000000003,2702.2014273977093,5410.4028547954185,5422.451326274514,22.27884196249446,0.0016138328500219191,0.05228449483809536,mixture,49
mixture,0.005500000000000003,2702.6581182872596,5411.316236574519,5423.364708053615,22.735483858998858,0.001622322514800337,0.05140788200829415,mixture,49
mixture,0.005750000000000003,2703.1146341133117,5412.229268226623,5424.277739705719,23.183583982174085,0.0016303571627752824,0.05058059087263632,mixture,49
mixture,0.006000000000000004,2703.5698619794057,5413.139723958811,5425.188195437907,23.6241976968475,0.0016379439547488587,0.04979693297313885,mixture,49
mixture,0.006250000000000004,2704.022925521766,5414.045851043532,5426.094322522627,24.056754626314728,0.0016451797764201765,0.049055232731380786,mixture,49
mixture,0.006500000000000004,2704.4731358513022,5414.9462717026045,5426.9947431817,24.482797762688342,0.0016520400627668562,0.04834957265987511,mixture,49
mixture,0.006750000000000004,2704.9199532431253,5415.839906486251,5427.888377965346,24.902252038773128,0.0016585830331967038,0.04767787719955327,mixture,49
mixture,0.0070000000000000045,2705.36295750131,5416.72591500262,5428.774386481716,25.31570882266653,0.0016648246054321214,0.047036952213919764,mixture,49
mixture,0.007250000000000005,2705.801824550404,5417.603649100808,5429.652120579904,25.723355772326627,0.0016707906089622436,0.046424695879119904,mixture,49
mixture,0.007500000000000005,2706.236307925689,5418.472615851378,5430.521087330473,26.125568961707557,0.0016765026086790558,0.04583878469216454,mixture,49
mixture,0.007750000000000005,2706.6662240273636,5419.332448054727,5431.380919533823,26.522615719980937,0.0016819787761659052,0.04527731567071451,mixture,49
mixture,0.008000000000000005,2707.091440326483,5420.182880652966,5432.231352132061,26.914575370483185,0.0016872698758186348,0.044738717674877526,mixture,49
mixture,0.008250000000000006,2707.5118657074245,5421.023731414849,5433.072202893944,27.302036181596186,0.0016922936246479175,0.04422125973431312,mixture,49
mixture,0.008500000000000006,2707.9274430388205,5421.854886077641,5433.903357556736,27.684920083004823,0.0016971592474563843,0.04372358047199953,mixture,49
mixture,0.008750000000000006,2708.338142627767,5422.676285255534,5434.724756734629,28.063519312530975,0.0017018474290926358,0.0432443910218719,mixture,49
mixture,0.009000000000000006,2708.7439572677495,5423.487914535499,5435.536386014594,28.43835292200285,0.0017063461016238789,0.04278204198810651,mixture,49
mixture,0.009250000000000006,2709.1448979123525,5424.289795824705,5436.3382673038,28.808372917496957,0.0017107475275028312,0.042337247026451495,mixture,49
mixture,0.009500000000000007,2709.5409904566122,5425.0819809132245,5437.13045239232,29.175181693562497,0.001714972019610616,0.04190688784170035,mixture,49
mixture,0.009750000000000007,2709.932272678847,5425.864545357694,5437.913016836789,29.538523920440905,0.0017190377212549632,0.04149078367743336,mixture,49
mixture,0.010000000000000007,2710.31879198985,5426.6375839797,5438.686055458796,29.898069869149143,0.0017229996838246718,0.04108866147417909,mixture,49
mixture,0.05,2742.97694542946,5491.95389085892,5504.002362338016,69.19081311073914,0.001955509532797801,0.021777987174255952,mixture,49
mixture,0.1,2760.1066573379026,5526.213314675805,5538.261786154901,101.92193742633731,0.002067455785801878,0.016805684115250137,mixture,49
mixture,0.15000000000000002,2770.3660675530027,5546.732135106005,5558.780606585101,128.46950514416602,0.0021395920376503902,0.014564101012753851,mixture,49
mixture,0.2,2777.603785132571,5561.207570265142,5573.256041744237,151.6863931302488,0.0021940429456313005,0.013216483189063004,mixture,49
mixture,0.25,2813.6000835080367,5633.2001670160735,5645.248638495169,100.54869340823353,0.0025502013431636557,0.29794796072936575,mixture,49
mixture,0.3,2813.704748517918,5633.409497035836,5645.457968514931,119.9988994376959,0.0025499469593726815,0.29794923979307864,mixture,49
mixture,0.35000000000000003,2813.779735161327,5633.559470322654,5645.60794180175,139.45460561894228,0.00254966326563178,0.29794968651794557,mixture,49
mixture,0.4,2813.83610046937,5633.67220093874,5645.720672417836,158.91042763613743,0.002549448674687883,0.29795002390363784,mixture,49
mixture,0.45,2813.88001471594,5633.76002943188,5645.808500910975,178.36632271843845,0.0025492807524673034,0.29795028772155935,mixture,49
mixture,0.5,2813.915193229954,5633.830386459908,5645.878857939004,197.82226779489574,0.0025491457886450924,0.2979504981976036,mixture,49
null,,2814.0740176632007,5630.148035326401,5634.1641924861,392.382799842218,0.002548531689977523,,mixture,49
sum,,2828.696361735963,5659.392723471926,5663.408880631624,574.4980202193209,0.0034813000734736704,,mixture,49
mixture,0.0027500000000000007,3095.8980752667376,6197.796150533475,6210.241555421228,15.852395419220286,0.0015678670058475682,0.0707348760697562,mixture,50
mixture,0.003000000000000001,3095.927535601014,6197.855071202028,6210.300476089781,16.452971495402046,0.0015828544821229393,0.06848627462645636,mixture,50
mixture,0.0025000000000000005,3095.9784700189743,6197.956940037949,6210.402344925702,15.22642144758656,0.0015511934438770662,0.07326607760693664,mixture,50
mixture,0.003250000000000001,3096.039561974727,6198.079123949454,6210.524528837207,17.031334150140033,0.0015964438566479072,0.06646967742410614,mixture,50
mixture,0.0022500000000000003,3096.207504092193,6198.415008184386,6210.86041307214,14.571116472431516,0.0015324310587486918,0.07614749066501927,mixture,50
mixture,0.0035000000000000014,3096.2144558353516,6198.428911670703,6210.8743165584565,17.58999903821933,0.001608866836696587,0.06464669329181813,mixture,50
mixture,0.0037500000000000016,3096.4376896991344,6198.875379398269,6211.320784286022,18.131068686049353,0.001620299337933428,0.06298729597718528,mixture,50
mixture,0.002,3096.642033484769,6199.284066969538,6211.729471857291,13.881117457903684,0.0015110411117735228,0.07947424848807963,mixture,50
mixture,0.004000000000000002,3096.6983532942336,6199.396706588467,6211.84211147622,18.656098063722748,0.0016308958266684536,0.06146835960919106,mixture,50
mixture,0.004250000000000002,3096.988124730258,6199.976249460516,6212.421654348269,19.166668466891526,0.0016407571111397114,0.060070337859527055,mixture,50
mixture,0.004500000000000002,3097.300571042563,6200.601142085126,6213.04654697288,19.66413074266603,0.001649977431366977,0.058777265046706384,mixture,50
mixture,0.0047500000000000025,3097.6306617059236,6201.261323411847,6213.7067282996,20.149451760879774,0.0016586327017184615,0.05757666994441434,mixture,50
mixture,0.005000000000000003,3097.9744233140814,6201.948846628163,6214.394251515916,20.623553085820095,0.0016667903955736984,0.05645782222528091,mixture,50
mixture,0.005250000000000003,3098.328690079249,6202.657380158498,6215.1027850462515,21.087303281776613,0.0016745015792697573,0.05541152371785465,mixture,50
mixture,0.005500000000000003,3098.690920639818,6203.381841279636,6215.82724616739,21.54141327820606,0.0016818089936047336,0.054430145505458584,mixture,50
mixture,0.005750000000000003,3099.0590616162444,6204.118123232489,6216.563528120242,21.986555448197286,0.0016887592877264624,0.05350697695657438,mixture,50
mixture,0.006000000000000004,3099.431444691724,6204.862889383448,6217.308294271202,22.42326223533714,0.0016953817882057757,0.05263649429725186,mixture,50
mixture,0.006250000000000004,3099.8067080243272,6205.6134160486545,6218.058820936408,22.852068675332678,0.001701714274278718,0.0518136695438016,mixture,50
mixture,0.006500000000000004,3100.183735636065,6206.36747127213,6218.812876159884,23.273580709080562,0.0017077508959208623,0.05103402331645718,mixture,50
mixture,0.006750000000000004,3100.561610175274,6207.123220350548,6219.568625238301,23.68804950587437,0.0017135467678859918,0.05029406391942794,mixture,50
mixture,0.0070000000000000045,3100.939575811336,6207.879151622672,6220.324556510425,24.095847948679346,0.001719116595199124,0.04959051823176986,mixture,50
mixture,0.007250000000000005,3101.31700882755,6208.6340176551,6221.0794225428535,24.497620652791582,0.0017244553465981178,0.04891985874575055,mixture,50
mixture,0.007500000000000005,3101.693394492948,6209.386788985896,6221.832193873649,24.894686160480646,0.0017295934640236689,0.048277086710661304,mixture,50
mixture,0.007750000000000005,3102.0683062929334,6210.136612585867,6222.58201747362,25.283378536648407,0.001734578084111574,0.04766895739154125,mixture,50
mixture,0.008000000000000005,3102.4413944976995,6210.882788995399,6223.328193883152,25.668180488074636,0.001739367363005809,0.04708382379381726,mixture,50
mixture,0.008250000000000006,3102.8123698542204,6211.624739708441,6224.070144596194,26.04780820191436,0.001744003369535126,0.046523218541903125,mixture,50
mixture,0.008500000000000006,3103.180995370162,6212.361990740324,6224.807395628077,26.42256418603305,0.0017484958028842594,0.04598528981591503,mixture,50
mixture,0.008750000000000006,3103.5470775386198,6213.0941550772395,6225.539559964993,26.792774388049637,0.0017528287510242384,0.04546842421133104,mixture,50
mixture,0.009000000000000006,3103.9104594430246,6213.820918886049,6226.2663237738025,27.158104348273277,0.0017570398677301791,0.04497216442286516,mixture,50
mixture,0.009250000000000006,3104.2710149357135,6214.542029871427,6226.98743475918,27.519916470039135,0.0017611165189095753,0.04449296210875851,mixture,50
mixture,0.009500000000000007,3104.628644136501,6215.257288273002,6227.702693160755,27.878174621419934,0.0017650701685683148,0.0440301430804408,mixture,50
mixture,0.009750000000000007,3104.9832686407544,6215.966537281509,6228.411942169262,28.230723470896393,0.0017689353365625746,0.04358699314984331,mixture,50
mixture,0.010000000000000007,3105.3348294960188,6216.6696589920375,6229.115063879791,28.580394943721004,0.0017726799369155498,0.04315752921740391,mixture,50
mixture,0.05,3137.2149244583597,6280.4298489167195,6292.875253804473,66.35662416865915,0.0020038154693052877,0.022944517389011314,mixture,50
mixture,0.1,3154.5419845378538,6315.0839690757075,6327.529373963461,98.603834037952,0.0021076051242441465,0.01759303236755439,mixture,50
mixture,0.15000000000000002,3164.955205448645,6335.91041089729,6348.355815785043,125.19279387594457,0.002172962720946986,0.015134622256498692,mixture,50
mixture,0.2,3209.046441334466,6424.092882668932,6436.538287556686,80.49448980598841,0.0025703877833616884,0.29792732098447255,mixture,50
mixture,0.25,3209.2110641943855,6424.422128388771,6436.867533276524,99.79738919266903,0.002569901167824276,0.2979283739222081,mixture,50
mixture,0.3,3209.321320623584,6424.642641247168,6437.088046134922,119.09355855381531,0.0025697250015478566,0.29792951105420923,mixture,50
mixture,0.35000000000000003,3209.4003235205146,6424.800647041029,6437.246051928782,138.39560526415292,0.0025694884377931546,0.29792990063030156,mixture,50
mixture,0.4,3209.4597132842455,6424.919426568491,6437.364831456244,157.69774964519198,0.002569309449534125,0.2979301949191276,mixture,50
mixture,0.45,3209.5059871923213,6425.011974384643,6437.457379272396,176.99995622163496,0.0025691693520869382,0.29793042508743867,mixture,50
mixture,0.5,3209.5430580579614,6425.086116115923,6437.531521003676,196.30221790384695,0.002569056564603109,0.2979306088147781,mixture,50
null,,3209.7104492867247,6421.420898573449,6425.5693668693675,389.32566911160734,0.002568543713754799,,mixture,50
sum,,3225.4175552581046,6452.835110516209,6456.983578812127,569.4943730939616,0.0035118872011576795,,mixture,50
mixture,0.005750000000000003,2747.335463562137,5500.670927124274,5512.784539884041,34.46811214394059,0.0012571785691460897,0.033258761414474376,mixture,51
mixture,0.006000000000000004,2747.336295176876,5500.672590353752,5512.786203113518,35.10661196332664,0.0012665283930563941,0.032730472805129904,mixture,51
mixture,0.006250000000000004,2747.36004857816,5500.72009715632,5512.833709916086,35.72835983690799,0.0012756105904138404,0.03223452610452124,mixture,51
mixture,0.005500000000000003,2747.360805990086,5500.721611980172,5512.835224739939,33.81201531201672,0.0012475246173076723,0.03382275181061822,mixture,51
mixture,0.006500000000000004,2747.4039419914498,5500.8078839828995,5512.921496742666,36.33425292020564,0.0012844521984566116,0.03176787691103522,mixture,51
mixture,0.005250000000000003,2747.4161470231084,5500.832294046217,5512.945906805983,33.135810925194704,0.0012376144883738795,0.03442782597768411,mixture,51
mixture,0.006750000000000004,2747.465583240226,5500.931166480452,5513.044779240218,36.925763540030836,0.0012930376795630865,0.03132737416761997,mixture,51
mixture,0.005000000000000003,2747.506013347348,5501.012026694696,5513.1256394544625,32.43919058981356,0.0012273617531297404,0.03507793220452987,mixture,51
mixture,0.0070000000000000045,2747.5429049178774,5501.085809835755,5513.199422595521,37.503131810627245,0.0013014214228882048,0.030911085525506986,mixture,51
mixture,0.007250000000000005,2747.6341121807036,5501.268224361407,5513.381837121174,38.06746648900458,0.0013095881933116915,0.030516693463137897,mixture,51
mixture,0.0047500000000000025,2747.6358001935077,5501.2716003870155,5513.385213146782,31.719691651545027,0.0012167803342033282,0.03577983550881778,mixture,51
mixture,0.007500000000000005,2747.7376401570955,5501.475280314191,5513.5888930739575,38.61947269327178,0.0013175558536397886,0.030142331580126653,mixture,51
mixture,0.004500000000000002,2747.811988052821,5501.623976105642,5513.737588865409,30.976495310043397,0.0012057902004767652,0.03653948128189226,mixture,51
mixture,0.007750000000000005,2747.852119143018,5501.704238286036,5513.817851045803,39.15982420973401,0.0013253374936055744,0.029786333554024602,mixture,51
mixture,0.008000000000000005,2747.9763458907387,5501.952691781477,5514.066304541244,39.68899910056904,0.0013329392802095324,0.029447364396075197,mixture,51
mixture,0.004250000000000002,2748.042427778396,5502.084855556792,5514.198468316558,30.20611784890202,0.001194425335241838,0.03736689197932964,mixture,51
mixture,0.008500000000000006,2748.2499229876485,5502.499845975297,5514.613458735063,40.71636411789167,0.0013476391212864647,0.028815104108633628,mixture,51
mixture,0.004000000000000002,2748.336721319145,5502.67344263829,5514.7870553980565,29.406562301154356,0.0011826246584285978,0.038271988937191206,mixture,51
mixture,0.008750000000000006,2748.397503769704,5502.795007539408,5514.908620299175,41.21543055290148,0.0013547541280849369,0.028519686016375508,mixture,51
mixture,0.009000000000000006,2748.5512624875037,5503.102524975007,5515.216137734774,41.705853579950336,0.0013617067623845115,0.028236432966980758,mixture,51
mixture,0.0037500000000000016,2748.7067378130287,5503.413475626057,5515.527088385824,28.574553425048535,0.0011703710636560643,0.03926813823740888,mixture,51
mixture,0.009250000000000006,2748.710539676039,5503.421079352078,5515.534692111844,42.18749518523826,0.001368520869979328,0.027964874498575584,mixture,51
mixture,0.009500000000000007,2748.8747459490514,5503.749491898103,5515.863104657869,42.660569100858496,0.0013752084144722536,0.027704336755082055,mixture,51
mixture,0.009750000000000007,2749.0433533771884,5504.086706754377,5516.200319514143,43.125810257936635,0.001381761457969904,0.027453867313272887,mixture,51
mixture,0.0035000000000000014,2749.1673257037637,5504.334651407527,5516.448264167294,27.7065779106201,0.001157619570310246,0.04037169977305699,mixture,51
mixture,0.010000000000000007,2749.215888061017,5504.431776122034,5516.5453888818,43.58360503471806,0.0013881850265269025,0.027212788398388185,mixture,51
mixture,0.003250000000000001,2749.7373146637115,5505.474629327423,5517.588242087189,26.79834878405963,0.0011443334967633264,0.04160359235741914,mixture,51
mixture,0.003000000000000001,2750.440957455608,5506.881914911216,5518.9955276709825,25.844654057969237,0.0011304765537467245,0.0429909897248497,mixture,51
mixture,0.0027500000000000007,2751.310059443317,5508.620118886634,5520.733731646401,24.839374042269412,0.0011159973599972953,0.044569413087287874,mixture,51
mixture,0.0025000000000000005,2752.3872207251698,5510.7744414503395,5522.888054210106,23.774696347717406,0.001100854255405235,0.04638729536436676,mixture,51
mixture,0.0022500000000000003,2753.730953817819,5513.461907635638,5525.575520395405,22.641298840048474,0.0010849820522233823,0.048510925319339725,mixture,51
mixture,0.002,2755.42412251362,5516.84824502724,5528.961857787007,21.42764694850177,0.0010682850330241474,0.05103426871380509,mixture,51
mixture,0.05,2774.83426006813,5555.66852013626,5567.782132896026,84.80268019262923,0.0018498748041181554,0.01644343292062846,mixture,51
mixture,0.1,2804.56873206086,5615.13746412172,5627.251076881486,91.50723505235754,0.001994941352207617,0.02174940194579417,mixture,51
mixture,0.35000000000000003,2827.8571056222363,5661.714211244473,5673.827824004239,209.68390803843363,0.0024331641918669557,0.009872673967180298,mixture,51
mixture,0.4,2831.569366960366,5669.138733920732,5681.252346680499,224.4462782083325,0.0024724290186620003,0.00957517221798931,mixture,51
mixture,0.45,2834.80160235005,5675.6032047001,5687.716817459866,238.47840094689883,0.002506942505384738,0.009325688767660751,mixture,51
mixture,0.008250000000000006,2841.989177780765,5689.97835556153,5702.091968321297,7.727358357560047,0.0023195748998387235,0.23779140599655085,mixture,51
mixture,0.15000000000000002,2854.553749416468,5715.107498832936,5727.221111592702,57.62629717359513,0.0027386432210164684,0.2977597864378252,mixture,51
mixture,0.2,2854.7454855098363,5715.4909710196725,5727.604583779439,75.72915757799447,0.0027381342809673927,0.2977607454932632,mixture,51
mixture,0.25,2854.861481476963,5715.722962953926,5727.836575713693,93.83240660304729,0.002737817481744916,0.29776133595693266,mixture,51
mixture,0.3,2854.9392151924167,5715.878430384833,5727.9920431446,111.93585252277084,0.002737601458425223,0.29776173607591383,mixture,51
mixture,0.5,2855.0956620350025,5716.191324070005,5728.304936829772,184.35052313375263,0.0027371563579877472,0.2977625528367352,mixture,51
null,,2855.2138649159356,5712.427729831871,5716.465600751793,365.3882579019237,0.0027368148219705972,,mixture,51
sum,,2874.9176557493365,5751.835311498673,5755.873182418595,544.8979601688296,0.0036704119783827517,,mixture,51
mixture,0.0047500000000000025,2850.860204448577,5707.720408897154,5719.918733167465,24.16415730531503,0.0014895577436438462,0.047448685413700245,mixture,52
mixture,0.005000000000000003,2850.8608547437752,5707.7217094875505,5719.920033757861,24.666604679690742,0.0015015801034029054,0.04663309304368361,mixture,52
mixture,0.005250000000000003,2850.893819563099,5707.787639126198,5719.985963396509,25.155700821965937,0.0015130071421029625,0.04587105216655187,mixture,52
mixture,0.004500000000000002,2850.8976188907527,5707.795237781505,5719.993562051816,23.64527072474472,0.0014769199723200933,0.048329021484936605,mixture,52
mixture,0.005500000000000003,2850.9543426715372,5707.9086853430745,5720.107009613385,25.632224883043268,0.001523886398112601,0.04515726997535633,mixture,52
mixture,0.004250000000000002,2850.980105764919,5707.960211529838,5720.1585358001485,23.113272557978597,0.0014635608339492506,0.049271635832412244,mixture,52
mixture,0.005750000000000003,2851.038459345845,5708.07691869169,5720.275242962,26.097663006103833,0.0015343176869035218,0.04448532157813177,mixture,52
mixture,0.004000000000000002,2851.11682441538,5708.23364883076,5720.431973101071,22.634349919682002,0.0014454496531302711,0.050133273579977586,mixture,52
mixture,0.006000000000000004,2851.1428423417656,5708.285684683531,5720.484008953842,26.552323442617993,0.0015442853971573106,0.04385223583667619,mixture,52
mixture,0.006250000000000004,2851.264681476323,5708.529362952646,5720.727687222957,26.9972701413345,0.0015538294286779827,0.04325363130289706,mixture,52
mixture,0.0037500000000000016,2851.3169079518284,5708.633815903657,5720.832140173968,21.987397624942556,0.0014345615453363082,0.051423711575962615,mixture,52
mixture,0.006500000000000004,2851.4015899551005,5708.803179910201,5721.001504180512,27.433055559657717,0.0015629928252170547,0.04268644511762901,mixture,52
mixture,0.006750000000000004,2851.5515300123916,5709.103060024783,5721.301384295094,27.860242329477977,0.001571803040635576,0.04214792328009279,mixture,52
mixture,0.0035000000000000014,2851.59545122672,5709.19090245344,5721.389226723751,21.395933183437833,0.0014184944130776443,0.05264540288865582,mixture,52
mixture,0.0070000000000000045,2851.712753593729,5709.425507187458,5721.623831457769,28.279407833299665,0.00158028363321936,0.04163552866165356,mixture,52
mixture,0.007250000000000005,2851.8837546272644,5709.767509254529,5721.96583352484,28.691135093309917,0.0015884473496650296,0.04114696786419568,mixture,52
mixture,0.003250000000000001,2851.9691503457334,5709.938300691467,5722.136624961778,20.77624000734059,0.001401467931926973,0.05400319009242784,mixture,52
mixture,0.007500000000000005,2852.0632303173143,5710.1264606346285,5722.324784904939,29.095718457575774,0.001596327889107384,0.040680505008054195,mixture,52
mixture,0.007750000000000005,2852.2500495794156,5710.500099158831,5722.698423429142,29.493702797425655,0.0016039456225683632,0.04023417825321992,mixture,52
mixture,0.003000000000000001,2852.460323209706,5710.920646419412,5723.118970689723,20.127169244438942,0.0013832354030431418,0.055517377666757455,mixture,52
mixture,0.008250000000000006,2852.6419016339496,5711.283803267899,5723.48212753821,30.270927264757937,0.0016184001418909132,0.03939690001857305,mixture,52
mixture,0.008500000000000006,2852.8453187275236,5711.690637455047,5723.888961725358,30.650352185581585,0.0016253184518558988,0.03900378805415903,mixture,52
mixture,0.008750000000000006,2853.05281523269,5712.10563046538,5724.303954735691,31.025275954675692,0.001631986655426506,0.038624575448986044,mixture,52
mixture,0.0027500000000000007,2853.0984111506386,5712.196822301277,5724.395146571588,19.444146235189184,0.0013636409568683326,0.05722282487106013,mixture,52
mixture,0.009000000000000006,2853.2638070338044,5712.527614067609,5724.72593833792,31.394388631511447,0.0016384654547491645,0.038260415112352134,mixture,52
mixture,0.009250000000000006,2853.477778595163,5712.955557190326,5725.1538814606365,31.759931156557702,0.001644701880851844,0.03790775717501882,mixture,52
mixture,0.009500000000000007,2853.6942735597477,5713.388547119495,5725.586871389806,32.11875885580651,0.0016508623586845542,0.037569899725206135,mixture,52
mixture,0.009750000000000007,2853.9128878436486,5713.825775687297,5726.024099957608,32.47395989506594,0.0016567941982994431,0.03724270325313303,mixture,52
mixture,0.0025000000000000005,2853.923073840292,5713.846147680584,5726.044471950895,18.721260747180864,0.001342490888244142,0.059167032406142295,mixture,52
mixture,0.010000000000000007,2854.1332628640193,5714.266525728039,5726.46484999835,32.82727928078004,0.0016624977461740585,0.03692344387526591,mixture,52
mixture,0.0022500000000000003,2854.9890783076066,5715.978156615213,5728.176480885524,17.950588950616318,0.0013195812072991926,0.06141699822922767,mixture,52
mixture,0.002,2856.374344707339,5718.748689414678,5730.947013684989,17.12152497454733,0.0012946707499303868,0.06406992719497047,mixture,52
mixture,0.05,2880.122035489755,5766.24407097951,5778.442395249821,69.54671754203338,0.0020031857623857953,0.02130690918173553,mixture,52
mixture,0.1,2895.993865675925,5797.98773135185,5810.186055622161,100.32542060084882,0.0021382873292272475,0.01680389195980631,mixture,52
mixture,0.15000000000000002,2905.7335874742457,5817.467174948491,5829.665499218802,125.54888036177331,0.0022180538033552064,0.014674900872826491,mixture,52
mixture,0.25,2917.996189651175,5841.99237930235,5854.190703572661,167.84341733681123,0.0023223644633259995,0.01245960830234869,mixture,52
mixture,0.008000000000000005,2932.746800393682,5871.493600787364,5883.691925057675,7.867810396895889,0.0022053133700832453,0.23395078563808822,mixture,52
mixture,0.2,2947.5044795081294,5901.008959016259,5913.20728328657,78.43510560015275,0.002640289561771339,0.29785859654187535,mixture,52
mixture,0.3,2947.7295596607996,5901.459119321599,5913.65744359191,116.00351617635485,0.002639603881649923,0.2978597374799759,mixture,52
mixture,0.35000000000000003,2947.7943167947756,5901.588633589551,5913.786957859862,134.7879932967358,0.0026394026817027423,0.29786007034268686,mixture,52
mixture,0.4,2947.8430168441237,5901.686033688247,5913.884357958558,153.57256534917605,0.002639250164787914,0.2978603221800937,mixture,52
mixture,0.45,2947.880973369094,5901.761946738188,5913.960271008499,172.35720317314716,0.0026391305443384653,0.2978605194304737,mixture,52
mixture,0.5,2947.911388354698,5901.822776709396,5914.021100979707,191.14189734655372,0.002639034077100704,0.2978606770659727,mixture,52
null,,2948.048806738669,5898.097613477338,5902.163721567442,378.9895248580085,0.0026385953553060815,,mixture,52
sum,,2962.5992405147235,5927.198481029447,5931.264589119551,557.1718141363668,0.0035895570257803875,,mixture,52
mixture,0.003000000000000001,3057.1656447852556,6120.331289570511,6132.7444707327695,22.15895045002622,0.0012083429678718058,0.050670323077913304,mixture,53
mixture,0.003250000000000001,3057.1777423953267,6120.3554847906535,6132.768665952912,22.83362554631164,0.001227656133791467,0.049377537289836904,mixture,53
mixture,0.0027500000000000007,3057.268477976394,6120.536955952788,6132.950137115046,21.45002590106121,0.0011873376485560868,0.05211948266011314,mixture,53
mixture,0.0035000000000000014,3057.2785953755647,6120.557190751129,6132.970371913388,23.481252388305908,0.0012455269817360747,0.04820717481898641,mixture,53
mixture,0.0037500000000000016,3057.448749499901,6120.897498999802,6133.310680162061,24.10403276238314,0.0012621541391023036,0.04714208520096507,mixture,53
mixture,0.0025000000000000005,3057.5222331098817,6121.044466219763,6133.457647382022,20.704757250378776,0.0011643500306865143,0.053751456703469015,mixture,53
mixture,0.004000000000000002,3057.6734813026055,6121.346962605211,6133.760143767469,24.705301926339526,0.001277644224859537,0.04616552676481311,mixture,53
mixture,0.004250000000000002,3057.941472225655,6121.88294445131,6134.296125613569,25.28678872581623,0.0012921730929767487,0.04526598141896705,mixture,53
mixture,0.0022500000000000003,3057.977681824405,6121.95536364881,6134.368544811068,19.915235833630355,0.0011390111338296025,0.055616443907435524,mixture,53
mixture,0.004500000000000002,3058.243903383507,6122.487806767014,6134.900987929273,25.850403100061058,0.0013058497023200031,0.04443329385460153,mixture,53
mixture,0.0047500000000000025,3058.5738227907395,6123.147645581479,6135.560826743737,26.398417052263948,0.001318714473407104,0.043658162688721205,mixture,53
mixture,0.002,3058.70872521848,6123.41745043696,6135.830631599219,19.072678342746386,0.0011108139582287153,0.05778072181763768,mixture,53
mixture,0.005000000000000003,3058.9256940038385,6123.851388007677,6136.264569169935,26.93172556472696,0.0013308948284069023,0.04293446551115991,mixture,53
mixture,0.005250000000000003,3059.2950683859763,6124.5901367719525,6137.003317934211,27.451617647291922,0.0013424363214768762,0.04225639125936074,mixture,53
mixture,0.005500000000000003,3059.67834326909,6125.35668653818,6137.769867700438,27.959143986332684,0.0013534080690176017,0.041619012661427104,mixture,53
mixture,0.005750000000000003,3060.0725809689884,6126.145161937977,6138.558343100235,28.455394266919047,0.0013638516554012106,0.041017940951125015,mixture,53
mixture,0.006000000000000004,3060.475371556511,6126.950743113022,6139.363924275281,28.94111352379154,0.0013738098297547232,0.04044975435852807,mixture,53
mixture,0.006250000000000004,3060.8847276088827,6127.769455217765,6140.182636380024,29.416948547751893,0.0013833315037347982,0.039911449343118945,mixture,53
mixture,0.006500000000000004,3061.299002663018,6128.598005326036,6141.011186488295,29.884099660544187,0.0013924346064298294,0.0393995611782998,mixture,53
mixture,0.006750000000000004,3061.7168272253666,6129.433654450733,6141.8468356129915,30.341834167625805,0.0014011758506715204,0.03891366648382816,mixture,53
mixture,0.0070000000000000045,3062.137058600079,6130.274117200158,6142.687298362416,30.79195424211738,0.0014095615456193322,0.03844981649627685,mixture,53
mixture,0.007250000000000005,3062.5587405162555,6131.117481032511,6143.530662194769,31.234514622336352,0.0014176140569077357,0.038006855516437586,mixture,53
mixture,0.007500000000000005,3062.981071016261,6131.962142032522,6144.37532319478,31.669764906038615,0.0014253824225541696,0.037583280921860425,mixture,53
mixture,0.007750000000000005,3063.4033765088834,6132.806753017767,6145.219934180025,32.09836838070259,0.0014328605637138924,0.037177391826814725,mixture,53
mixture,0.008000000000000005,3063.8250942351024,6133.650188470205,6146.063369632463,32.51518403390562,0.0014401297461040835,0.036795076170188824,mixture,53
mixture,0.008250000000000006,3064.2457366726626,6134.491473345325,6146.9046545075835,32.936774730875094,0.0014470383090755092,0.03641390583758524,mixture,53
mixture,0.008500000000000006,3064.664914030246,6135.329828060492,6147.7430092227505,33.34713083797673,0.001453771174795331,0.036054193497687,mixture,53
mixture,0.008750000000000006,3065.08228580459,6136.16457160918,6148.577752771438,33.75204553433246,0.0014602876217235908,0.03570775620001325,mixture,53
mixture,0.009000000000000006,3065.4975693896085,6136.995138779217,6149.408319941475,34.15168728498469,0.0014665950627447178,0.03537387646640297,mixture,53
mixture,0.009250000000000006,3065.9105282772152,6137.8210565544305,6150.234237716689,34.54627443758841,0.0014727040794202013,0.03505179860365111,mixture,53
mixture,0.009500000000000007,3066.3209652217656,6138.641930443531,6151.0551116057895,34.93616467612112,0.0014786411229821817,0.03474055465860885,mixture,53
mixture,0.009750000000000007,3066.7287165739435,6139.457433147887,6151.870614310145,35.32113119860854,0.001484409187528532,0.03444005051903593,mixture,53
mixture,0.010000000000000007,3067.1336474026575,6140.267294805315,6152.680475967573,35.702015143185214,0.0014900069270599153,0.034148956497716536,mixture,53
mixture,0.05,3104.8475520168286,6215.695104033657,6228.108285195915,75.99516206114228,0.0018144210580293711,0.019612634908661285,mixture,53
mixture,0.1,3125.552198717979,6257.104397435958,6269.5175785982165,109.38304087019577,0.001947967356328993,0.015504549474289276,mixture,53
mixture,0.15000000000000002,3138.0016834971257,6282.003366994251,6294.41654815651,136.4983929749814,0.0020283131905995703,0.013590146220659252,mixture,53
mixture,0.2,3190.153914523554,6386.307829047108,6398.721010209366,84.52366904408906,0.0024438048728917757,0.29805432264766724,mixture,53
mixture,0.25,3190.299404308203,6386.598808616406,6399.011989778664,104.8331330820272,0.002443391011038068,0.2980552050051161,mixture,53
mixture,0.3,3190.3968737536834,6386.793747507367,6399.206928669625,125.14352463805781,0.0024430967906196514,0.29805580891474526,mixture,53
mixture,0.35000000000000003,3190.466730081171,6386.933460162342,6399.346641324601,145.4547184232829,0.0024428730296381217,0.298056253550182,mixture,53
mixture,0.4,3190.5192521109057,6387.038504221811,6399.45168538407,165.75999988858393,0.002442793429831618,0.2980568056289364,mixture,53
mixture,0.45,3190.5601791336735,6387.120358267347,6399.533539429605,186.07018329056422,0.002442666562342109,0.2980570054935226,mixture,53
mixture,0.5,3190.5929694847664,6387.185938969533,6399.599120131791,206.3804169716034,0.0024425644832820927,0.298057165131305,mixture,53
null,,3190.7410654213018,6383.4821308426035,6387.61985789669,409.4837403482485,0.0024420994082684274,,mixture,53
sum,,3207.9112852723474,6417.822570544695,6421.960297598781,599.247231054094,0.0033375206364857786,,mixture,53
mixture,0.0035000000000000014,2898.214469700333,5802.428939400666,5814.709648710802,19.906248713273897,0.0015657945850130787,0.05639195002881319,mixture,54
mixture,0.0037500000000000016,2898.2453211131806,5802.490642226361,5814.771351536497,20.490713448594445,0.0015797964969686599,0.054989818970353134,mixture,54
mixture,0.003250000000000001,2898.2534278013036,5802.506855602607,5814.787564912743,19.298552437538778,0.0015508159318275967,0.05794087487991245,mixture,54
mixture,0.004000000000000002,2898.3320732453376,5802.664146490675,5814.944855800811,21.05508918299569,0.0015929040243742231,0.05371023298124414,mixture,54
mixture,0.003000000000000001,2898.3804021234046,5802.760804246809,5815.041513556945,18.664567712795154,0.0015347311836022282,0.059665485501712,mixture,54
mixture,0.004250000000000002,2898.463940331387,5802.927880662774,5815.20858997291,21.600921886978696,0.0016052457227315694,0.052536880666440695,mixture,54
mixture,0.0027500000000000007,2898.619640751658,5803.239281503316,5815.519990813452,17.999294863694143,0.0015174198062044841,0.06160805015672851,mixture,54
mixture,0.004500000000000002,2898.6324484462957,5803.264896892591,5815.545606202727,22.130438218261034,0.001616883643507696,0.051454190542316015,mixture,54
mixture,0.0047500000000000025,2898.8308630745228,5803.6617261490455,5815.942435459181,22.645147242401457,0.0016278812550212557,0.05045053430877274,mixture,54
mixture,0.0025000000000000005,2899.004094879447,5804.008189758894,5816.28889906903,17.297539042374385,0.0014987358430439699,0.06382175587366717,mixture,54
mixture,0.005000000000000003,2899.0537774979484,5804.107554995897,5816.388264306032,23.14622159279861,0.001638311627083579,0.049516531623100574,mixture,54
mixture,0.005250000000000003,2899.2968117587907,5804.593623517581,5816.874332827717,23.634801375134003,0.001648228572775927,0.048644069969069455,mixture,54
mixture,0.005500000000000003,2899.556389095902,5805.112778191804,5817.3934875019395,24.111754196368103,0.001657677882120586,0.047826618293208806,mixture,54
mixture,0.0022500000000000003,2899.5796163523305,5805.159232704661,5817.4399420147965,16.551661430458847,0.0014785544493409928,0.0663843192372508,mixture,54
mixture,0.005750000000000003,2899.8295676422927,5805.659135284585,5817.939844594721,24.578288802589565,0.001666691280814898,0.04705764918670407,mixture,54
mixture,0.006000000000000004,2900.1139121531914,5806.227824306383,5818.508533616518,25.03481842620052,0.0016752993901351862,0.04633304908460695,mixture,54
mixture,0.006250000000000004,2900.40739513039,5806.81479026078,5819.095499570915,25.481999069492232,0.0016835577241170198,0.04564847154629434,mixture,54
mixture,0.002,2900.4118362938407,5806.823672587681,5819.104381897817,15.750482589363722,0.0014568002698856204,0.06941348004224622,mixture,54
mixture,0.006500000000000004,2900.7083198480104,5807.416639696021,5819.697349006156,25.92057015749403,0.0016914755059888199,0.045000013032342606,mixture,54
mixture,0.006750000000000004,2901.0152597629126,5808.030519525825,5820.311228835961,26.350487339533494,0.001699119081148433,0.04438542667928792,mixture,54
mixture,0.0070000000000000045,2901.3270106445834,5808.654021289167,5820.934730599302,26.773065166142263,0.0017064559804217615,0.04380045712044702,mixture,54
mixture,0.007250000000000005,2901.642552078681,5809.285104157362,5821.565813467498,27.188253865723528,0.0017135348402490182,0.04324345002840132,mixture,54
mixture,0.007500000000000005,2901.9610166571497,5809.922033314299,5822.202742624435,27.59647323236217,0.0017203681470469505,0.042712162085043116,mixture,54
mixture,0.007750000000000005,2902.2816649207944,5810.563329841589,5822.844039151724,27.998185055630536,0.0017269681519981599,0.04220445421784155,mixture,54
mixture,0.008000000000000005,2902.6038649193033,5811.207729838607,5823.488439148742,28.393617925511133,0.0017333589690979485,0.04171870716158995,mixture,54
mixture,0.008250000000000006,2902.927075452747,5811.854150905494,5824.1348602156295,28.783009336172345,0.0017395567501785174,0.041253435751342694,mixture,54
mixture,0.008750000000000006,2903.5747364161316,5813.149472832263,5825.430182142399,29.545101358255422,0.0017513935483520777,0.04037829563531534,mixture,54
mixture,0.009000000000000006,2903.8984449856544,5813.796889971309,5826.077599281444,29.91824536372364,0.0017570582607109296,0.03996604694438726,mixture,54
mixture,0.009250000000000006,2904.2216627941675,5814.443325588335,5826.724034898471,30.286389001102428,0.0017625675544123735,0.039569279830595695,mixture,54
mixture,0.009500000000000007,2904.54413579657,5815.08827159314,5827.368980903276,30.649765142767443,0.0017679291309494875,0.03918698912841584,mixture,54
mixture,0.009750000000000007,2904.865645364077,5815.731290728154,5828.012000038289,31.00855693901616,0.0017731514691298848,0.03881830422449386,mixture,54
mixture,0.010000000000000007,2905.186003463267,5816.372006926534,5828.652716236669,31.362951376941492,0.0017782395437622174,0.03846241700952505,mixture,54
mixture,0.05,2937.2371899506015,5880.474379901203,5892.755089211339,67.43523269737493,0.002105622284787588,0.021744462850483363,mixture,54
mixture,0.1,2955.6950096162036,5917.390019232407,5929.670728542543,96.73676656320637,0.0022486559913657113,0.017219687145186905,mixture,54
mixture,0.15000000000000002,2966.9156159652193,5939.831231930439,5952.111941240574,120.58979926018816,0.0023336188982449758,0.015094486616089729,mixture,54
mixture,0.008500000000000006,2992.1085065316497,5990.217013063299,6002.497722373435,8.343769954989646,0.0022016106853031308,0.22117082345375377,mixture,54
mixture,0.5,2998.9998493293015,6003.999698658603,6016.2804079687385,239.64110776562154,0.002601078321284992,0.010545599831966224,mixture,54
mixture,0.45,3001.3386597329436,6008.677319465887,6020.958028776023,253.41666611911066,0.010278544434415353,0.0026235933307803953,mixture,54
mixture,0.2,3014.1157759333805,6034.231551866761,6046.512261176897,74.82332951837107,0.0027725294934452423,0.29772576826168523,mixture,54
mixture,0.25,3014.33383104237,6034.66766208474,6046.948371394876,92.71436092561983,0.0027717638444794018,0.2977269482406786,mixture,54
mixture,0.3,3014.480109717594,6034.960219435188,6047.240928745324,110.60578428963242,0.0027712437239133534,0.29772774748876357,mixture,54
mixture,0.35000000000000003,3014.585044558222,6035.170089116444,6047.450798426579,128.4974362911606,0.0027708673687232704,0.2977283248233883,mixture,54
mixture,0.4,3014.6639937843806,6035.327987568761,6047.608696878897,146.38923729080372,0.0027705823408435805,0.29772876158135597,mixture,54
null,,3014.9979318442433,6031.995863688487,6036.089433458532,361.0939800406418,0.002769362147459363,,mixture,54
sum,,3031.58760095648,6065.17520191296,6069.268771683005,533.570390100275,0.0037483339351423455,,mixture,54
mixture,0.003000000000000001,2895.3692879342116,5796.738575868423,5808.97837545371,16.30023226584935,0.0016018146826729403,0.06910482903018357,mixture,55
mixture,0.003250000000000001,2895.384157332681,5796.768314665362,5809.008114250649,16.919969679024152,0.001612052729566236,0.06687843846490804,mixture,55
mixture,0.0027500000000000007,2895.4353038392387,5796.870607678477,5809.1104072637645,15.649329672440322,0.0015911542600999457,0.07163625017629797,mixture,55
mixture,0.0035000000000000014,2895.462265463421,5796.924530926842,5809.164330512129,17.512776299130614,0.0016218530975314297,0.06489847991425673,mixture,55
mixture,0.0037500000000000016,2895.590300662166,5797.180601324332,5809.420400909619,18.08226389943941,0.001631207233350854,0.06312030128167354,mixture,55
mixture,0.0025000000000000005,2895.6060630969946,5797.212126193989,5809.451925779276,14.96326088805717,0.001579963871748684,0.07454629763564648,mixture,55
mixture,0.004000000000000002,2895.758053352336,5797.516106704672,5809.755906289959,18.631110424950347,0.0016401405469447959,0.06151073690068045,mixture,55
mixture,0.0022500000000000003,2895.91459690766,5797.82919381532,5810.068993400607,14.234317800050306,0.0015684234194491592,0.07795070342784968,mixture,55
mixture,0.004250000000000002,2895.9575814327004,5797.915162865401,5810.154962450688,19.16131963195112,0.0016486906121261028,0.06004456331236932,mixture,55
mixture,0.004500000000000002,2896.1826307274287,5798.365261454857,5810.605061040144,19.675457675159386,0.001656833910994827,0.058698892631837314,mixture,55
mixture,0.002,2896.407994960714,5798.815989921428,5811.055789506715,13.455540899663195,0.0015564663301718153,0.08200102916734953,mixture,55
mixture,0.0047500000000000025,2896.4282234277352,5798.8564468554705,5811.096246440758,20.173889628139474,0.0016646783382277084,0.05746086035169726,mixture,55
mixture,0.005000000000000003,2896.6903608140956,5799.380721628191,5811.620521213478,20.659121907649308,0.0016721693115026935,0.05631333599425965,mixture,55
mixture,0.005250000000000003,2896.9658040387094,5799.931608077419,5812.171407662706,21.13197894699003,0.0016793567876946063,0.05524614248582514,mixture,55
mixture,0.005500000000000003,2897.251910865194,5800.503821730388,5812.743621315675,21.59349616977471,0.0016862470332077364,0.05424994708383501,mixture,55
mixture,0.005750000000000003,2897.5465120010776,5801.093024002155,5813.332823587442,22.043983027100438,0.001692918784120015,0.05331818997045187,mixture,55
mixture,0.006000000000000004,2897.847816315795,5801.69563263159,5813.935432216877,22.485969822830974,0.0016992520525180362,0.052439976881680776,mixture,55
mixture,0.006250000000000004,2898.1543378738425,5802.308675747685,5814.548475332972,22.918633091903725,0.0017053682035169143,0.05161336122934488,mixture,55
mixture,0.006500000000000004,2898.4648383583417,5802.929676716683,5815.1694763019705,23.342856392234783,0.001711266437890028,0.05083271537002966,mixture,55
mixture,0.006750000000000004,2898.778282069216,5803.556564138432,5815.796363723719,23.75925642692507,0.0017169631943964175,0.05009356344443112,mixture,55
mixture,0.0070000000000000045,2899.0937999949365,5804.187599989873,5816.42739957516,24.16841471650186,0.0017224603820594152,0.04939202403380074,mixture,55
mixture,0.007250000000000005,2899.4106610288836,5804.821322057767,5817.061121643054,24.57078529118772,0.0017277783154756145,0.048724775045280826,mixture,55
mixture,0.007500000000000005,2899.7282488754527,5805.456497750905,5817.696297336192,24.967012552248974,0.0017329309891982584,0.048088372438177,mixture,55
mixture,0.007750000000000005,2900.0460424465628,5806.0920848931255,5818.331884478413,25.356495975728652,0.0017378574152275676,0.04748293392537552,mixture,55
mixture,0.008000000000000005,2900.363602047275,5806.72720409455,5818.967003679837,25.740072267888227,0.00174269037700933,0.04690425070446193,mixture,55
mixture,0.008250000000000006,2900.6805550343734,5807.361110068747,5819.600909654034,26.119229862731792,0.0017473262829625182,0.04634837333880783,mixture,55
mixture,0.008500000000000006,2900.996586280346,5807.993172560692,5820.232972145979,26.492749632685296,0.0017518445971917093,0.04581640307605145,mixture,55
mixture,0.008750000000000006,2901.3114292532237,5808.622858506447,5820.862658091734,26.861702736921053,0.001756230076776648,0.04530509046571307,mixture,55
mixture,0.009000000000000006,2901.6248587001137,5809.249717400227,5821.4895169855145,27.225300822810695,0.0017604893211230442,0.04481509320363476,mixture,55
mixture,0.009250000000000006,2901.9366848684635,5809.873369736927,5822.113169322214,27.585234790572766,0.0017646289305863064,0.04434207330414548,mixture,55
mixture,0.009500000000000007,2902.2467479528327,5810.493495905665,5822.7332954909525,27.94004295492977,0.0017686531373775872,0.04388817006159657,mixture,55
mixture,0.009750000000000007,2902.554914468622,5811.109828937244,5823.349628522531,28.291660267736475,0.0017725984517101916,0.04344867179473702,mixture,55
mixture,0.010000000000000007,2902.8610724615723,5811.722144923145,5823.961944508432,28.638517666450486,0.0017763833533758716,0.04302645071673926,mixture,55
mixture,0.05,2931.5120767099165,5869.024153419833,5881.26395300512,66.5100532487865,0.002003050957981882,0.022865047143702695,mixture,55
mixture,0.1,2947.2161030075713,5900.432206015143,5912.67200560043,99.25208730888193,0.0021009949317982867,0.017423090185855004,mixture,55
mixture,0.15000000000000002,2956.6805896387286,5919.361179277457,5931.600978862744,126.09960370629474,0.0021649473790022957,0.01496113931290845,mixture,55
mixture,0.2,2963.3868756142683,5932.773751228537,5945.013550813824,149.53328350781482,0.00221533509935701,0.013501314918643955,mixture,55
mixture,0.25,2997.0828363488563,6000.165672697713,6012.405472283,99.95121751595674,0.002565842945887058,0.29793227309580955,mixture,55
mixture,0.3,2997.2105752724383,6000.421150544877,6012.660950130164,119.2864694284947,0.0025654850039928028,0.29793368066771014,mixture,55
mixture,0.35000000000000003,2997.302133119084,6000.604266238168,6012.844065823455,138.62774169229763,0.0025651163576681625,0.2979342163419926,mixture,55
mixture,0.4,2997.3709764621985,6000.741952924397,6012.981752509684,157.96915826819125,0.0025648375935792027,0.29793462098150425,mixture,55
mixture,0.45,2997.4246254402337,6000.8492508804675,6013.089050465755,177.3106710937656,0.0025646194267923994,0.29793493750468986,mixture,55
mixture,0.5,2997.4676104715018,6000.9352209430035,6013.175020528291,196.65225025407585,0.002564444057006794,0.2979351903578974,mixture,55
null,,2997.6617720156173,5997.323544031235,6001.40347722633,390.06943806485134,0.002563646116345429,,mixture,55
sum,,3011.6946468037186,6025.389293607437,6029.469226802533,569.949546545831,0.003509082535675244,,mixture,55
mixture,0.0022500000000000003,2778.886705093243,5563.773410186486,5575.964765812549,17.686843390298435,0.0014652339513734182,0.06177539505890577,mixture,56
mixture,0.0025000000000000005,2778.8962114438846,5563.792422887769,5575.983778513832,18.34484642317766,0.0014949272748605582,0.05982897273865931,mixture,56
mixture,0.0027500000000000007,2779.050737291722,5564.101474583444,5576.292830209506,18.969440570044043,0.0015214633006335368,0.05810813063301735,mixture,56
mixture,0.002,2779.0808933785347,5564.161786757069,5576.353142383132,16.98936909406138,0.001431599063934695,0.06400582891003995,mixture,56
mixture,0.003000000000000001,2779.310454918059,5564.620909836118,5576.81226546218,19.56609646874342,0.0015453829513162307,0.0565679212886247,mixture,56
mixture,0.003250000000000001,2779.6474979280147,5565.294995856029,5577.486351482092,20.13808757780266,0.0015671468306548773,0.05517802946547472,mixture,56
mixture,0.0035000000000000014,2780.041879554511,5566.083759109022,5578.275114735085,20.689007438628245,0.0015870637969228139,0.05391243293330817,mixture,56
mixture,0.0037500000000000016,2780.478966955463,5566.957933910926,5579.149289536988,21.219776906423608,0.0016054401040281475,0.05275638877841225,mixture,56
mixture,0.004000000000000002,2780.947861187228,5567.895722374456,5580.087078000519,21.735041705663637,0.0016224153930289428,0.05168768098306076,mixture,56
mixture,0.004250000000000002,2781.4403265817155,5568.880653163431,5581.072008789493,22.234726426423027,0.0016382169010935432,0.05069895991287608,mixture,56
mixture,0.004500000000000002,2781.9500629651134,5569.900125930227,5582.091481556289,22.719862392852452,0.001652995385876242,0.049781143628240494,mixture,56
mixture,0.0047500000000000025,2782.4722014560734,5570.944402912147,5583.135758538209,23.192916920309454,0.0016668123274142922,0.04892306345313733,mixture,56
mixture,0.005000000000000003,2783.002946318433,5572.005892636866,5584.197248262928,23.65384204471282,0.0016798719957926466,0.048120112164715505,mixture,56
mixture,0.005250000000000003,2783.5393176439075,5573.078635287815,5585.269990913877,24.104491630888724,0.0016921535870489525,0.04736468019380415,mixture,56
mixture,0.005500000000000003,2784.0789621758668,5574.1579243517335,5586.349279977796,24.545204481429785,0.001703776655341338,0.04665272702639595,mixture,56
mixture,0.005750000000000003,2784.6200133162947,5575.240026632589,5587.431382258652,24.97714875270352,0.0017147777559154884,0.04597912274031572,mixture,56
mixture,0.006000000000000004,2785.1609855170054,5576.321971034011,5588.513326660073,25.399729210257604,0.0017252540300110863,0.04534261859165001,mixture,56
mixture,0.006250000000000004,2785.7006944141203,5577.401388828241,5589.592744454303,25.814749812940534,0.0017352222024109268,0.04473750605434228,mixture,56
mixture,0.006500000000000004,2786.2381948919224,5578.476389783845,5590.667745409907,26.222348278244667,0.0017447268297203606,0.04416176430144556,mixture,56
mixture,0.006750000000000004,2786.7727336133967,5579.545467226793,5591.736822852856,26.62143850206649,0.0017538738784819926,0.043615600193496286,mixture,56
mixture,0.0070000000000000045,2787.3037108216727,5580.607421643345,5592.798777269408,27.01657547534032,0.0017625307238098875,0.0430895820445224,mixture,56
mixture,0.007250000000000005,2787.8306524750187,5581.661304950037,5593.8526605761,27.404169551894306,0.001770874966065346,0.04258874689871237,mixture,56
mixture,0.007500000000000005,2788.353185570444,5582.706371140888,5594.897726766951,27.785949851985144,0.001778809173721853,0.042109245114835665,mixture,56
mixture,0.007750000000000005,2788.871018572892,5583.742037145784,5595.933392771846,28.161738983587774,0.0017866057221308496,0.0416493443422457,mixture,56
mixture,0.008000000000000005,2789.383929613505,5584.76785922701,5596.959214853073,28.532502039853558,0.001794014503751863,0.041207599873400884,mixture,56
mixture,0.008250000000000006,2789.891750934133,5585.783501868266,5597.974857494329,28.89814140594993,0.0018011629397969128,0.040782938076770275,mixture,56
mixture,0.008500000000000006,2790.3943607393635,5586.788721478727,5598.980077104789,29.259069897829207,0.0018080684662029596,0.040373939659162035,mixture,56
mixture,0.008750000000000006,2790.8916747470685,5587.783349494137,5599.974705120199,29.61492721573288,0.0018147361438774225,0.03998057598663458,mixture,56
mixture,0.009000000000000006,2791.383639689848,5588.767279379696,5600.958635005759,29.966568407958903,0.0018211871087300785,0.03960081608571124,mixture,56
mixture,0.009250000000000006,2791.870227773831,5589.740455547662,5601.931811173725,30.314095089085534,0.001827418630401558,0.039234034112181376,mixture,56
mixture,0.009500000000000007,2792.3514322439582,5590.7028644879165,5602.894220113979,30.65753797896764,0.001833458804919167,0.038879616380374744,mixture,56
mixture,0.009750000000000007,2792.8272636648985,5591.654527329797,5603.845882955859,30.997085506625588,0.0018393148910412088,0.03853682837453047,mixture,56
mixture,0.010000000000000007,2793.2977468431272,5592.5954936862545,5604.786849312317,31.33239830620582,0.0018450323362514602,0.03820558907054506,mixture,56
mixture,0.05,2833.686647226649,5673.373294453298,5685.56465007936,67.26640310359498,0.002164439102016662,0.021509890100898623,mixture,56
mixture,0.1,2854.818834343778,5715.637668687556,5727.829024313618,97.16491172296932,0.0022948135005436262,0.0167946838965602,mixture,56
mixture,0.5,2903.127426674362,5812.254853348724,5824.446208974787,237.7379182212216,0.0026476126907922664,0.010227344889477798,mixture,56
mixture,0.45,2905.727246757917,5817.454493515834,5829.645849141896,251.0335714639137,0.009977528385341728,0.0026707816588022867,mixture,56
mixture,0.15000000000000002,2919.7071206948203,5845.414241389641,5857.605597015703,55.95871000470664,0.002824687203978485,0.29767271866462364,mixture,56
mixture,0.2,2920.057249307496,5846.114498614992,5858.3058542410545,73.52891310997698,0.002823207187444404,0.2976749419407197,mixture,56
mixture,0.25,2920.269016532802,5846.538033065604,5858.729388691667,91.09983796603731,0.0028222972378211175,0.29767630365746806,mixture,56
mixture,0.3,2920.410908019073,5846.821816038146,5859.013171664208,108.67113222350615,0.002821681260154956,0.2976772235475336,mixture,56
mixture,0.35000000000000003,2920.512611399112,5847.025222798224,5859.216578424286,126.24264265835428,0.0028212365910079114,0.29767788679595003,mixture,56
mixture,0.4,2920.5890827424378,5847.1781654848755,5859.369521110938,143.81429340681274,0.0028209004264916366,0.29767838783708445,mixture,56
null,,2920.912093161861,5843.824186323722,5847.887971532409,354.6769181386397,0.002819467376811676,,mixture,56
sum,,2939.7707359810815,5881.541471962163,5885.605257170851,529.3810826019203,0.003777996731900493,,mixture,56
mixture,0.0027500000000000007,2766.0169535150635,5538.033907030127,5550.1760235672655,17.994856270768285,0.0014898086741524073,0.06175311983912003,mixture,57
mixture,0.0025000000000000005,2766.0390395655018,5538.0780791310035,5550.220195668142,17.360578749586026,0.0014667453812182757,0.06371308446787825,mixture,57
mixture,0.003000000000000001,2766.105852061112,5538.211704122224,5550.353820659362,18.598774452182177,0.0015106841465241314,0.06001353441496774,mixture,57
mixture,0.0022500000000000003,2766.211730635335,5538.42346127067,5550.565577807808,16.692960085279484,0.0014409639190105543,0.06593858178081805,mixture,57
mixture,0.003250000000000001,2766.2778168629425,5538.555633725885,5550.697750263023,19.182367510116336,0.0015295567565654612,0.058434469950098065,mixture,57
mixture,0.0035000000000000014,2766.5126850612373,5539.025370122475,5551.167486659613,19.742466974386566,0.0015468978331598915,0.057008419726422864,mixture,57
mixture,0.002,2766.593010341294,5539.186020682588,5551.328137219726,15.985408296657054,0.0014118015347812263,0.06850265409157298,mixture,57
mixture,0.0037500000000000016,2766.795578487477,5539.591156974954,5551.733273512093,20.283688814556683,0.001562868928690641,0.05570542246295708,mixture,57
mixture,0.004000000000000002,2767.115327352186,5540.230654704372,5552.37277124151,20.808021169663604,0.0015776553367749461,0.05450780312927246,mixture,57
mixture,0.004250000000000002,2767.463418823515,5540.92683764703,5553.068954184168,21.317400693241034,0.0015913898925761884,0.053400642952889946,mixture,57
mixture,0.004500000000000002,2767.8332815224303,5541.666563044861,5553.808679581999,21.812984163509498,0.00160421750552753,0.0523730206253156,mixture,57
mixture,0.0047500000000000025,2768.219786851495,5542.43957370299,5554.581690240128,22.296107395784862,0.0016162420933247944,0.05141500064079195,mixture,57
mixture,0.005000000000000003,2768.6188943927855,5543.237788785571,5555.379905322709,22.7679116639148,0.0016275337106161942,0.05051843932279969,mixture,57
mixture,0.005250000000000003,2769.027395384048,5544.054790768096,5556.196907305234,23.22843150444742,0.0016381845333689493,0.0496787192919958,mixture,57
mixture,0.005500000000000003,2769.44272326686,5544.88544653372,5557.027563070858,23.681130178374882,0.0016482187057374853,0.04888372482799367,mixture,57
mixture,0.005750000000000003,2769.8628144964223,5545.725628992845,5557.867745529983,24.123647652197292,0.0016577575827858122,0.04813579578947847,mixture,57
mixture,0.006000000000000004,2770.2860008317257,5546.572001663451,5558.71411820059,24.558085673239628,0.0016667947575450235,0.047427369773973514,mixture,57
mixture,0.006250000000000004,2770.7109291112283,5547.421858222457,5559.563974759595,24.98605861369427,0.0016753599801751617,0.046752567652940835,mixture,57
mixture,0.006500000000000004,2771.13649722498,5548.27299444996,5560.415110987098,25.404359114219762,0.0016835603913704746,0.04611601123893802,mixture,57
mixture,0.006750000000000004,2771.561807762586,5549.123615525172,5561.26573206231,25.816538822541116,0.0016914227616861024,0.045508035789767094,mixture,57
mixture,0.0070000000000000045,2771.9861276349407,5549.972255269881,5562.11437180702,26.22195351117803,0.0016988844214821893,0.04492886867337543,mixture,57
mixture,0.007250000000000005,2772.4088578618994,5550.817715723799,5562.959832260937,26.621652004178465,0.001706049327982651,0.044374529958641516,mixture,57
mixture,0.007500000000000005,2772.8295095707676,5551.659019141535,5563.801135678674,27.016934007533088,0.0017129419959363112,0.043841239955353634,mixture,57
mixture,0.007750000000000005,2773.2476861326463,5552.495372265293,5564.637488802431,27.405725125040203,0.0017195473184636679,0.043332106941365564,mixture,57
mixture,0.008000000000000005,2773.663064658772,5553.326129317544,5565.468245854682,27.789242858912232,0.001725904505612714,0.042843583582010715,mixture,57
mixture,0.008250000000000006,2774.075384954642,5554.150769909284,5566.292886446422,28.16839084475525,0.0017319837506406663,0.042373303707172606,mixture,57
mixture,0.008500000000000006,2774.4844385113165,5554.968877022633,5567.1109935597715,28.54201659915249,0.0017379058061617548,0.041921988799504546,mixture,57
mixture,0.008750000000000006,2774.890060238331,5555.780120476662,5567.9222370138,28.911539150061177,0.0017435916964429693,0.041486764400082,mixture,57
mixture,0.009000000000000006,2775.2921210753384,5556.584242150677,5568.726358687815,29.276775072215806,0.0017490842491080228,0.041067123044142055,mixture,57
mixture,0.009250000000000006,2775.6905229009367,5557.381045801873,5569.523162339012,29.639964133095013,0.0017543769930851987,0.040658769040838004,mixture,57
mixture,0.009750000000000007,2776.4760737837532,5558.9521475675065,5571.094264104645,30.348540473150827,0.0017645089399103385,0.039892560907206394,mixture,57
mixture,0.010000000000000007,2776.86313802542,5559.72627605084,5571.868392587979,30.698213322465534,0.0017693410592748678,0.03952665160713334,mixture,57
mixture,0.05,2824.2117501189578,5654.4235002379155,5666.565616775054,58.42029681712416,0.001822893912235832,0.030653682016156713,mixture,57
mixture,0.1,2829.516989659789,5665.033979319578,5677.1760958567165,99.61463114366066,0.0021731329931643523,0.016791633938726475,mixture,57
mixture,0.15000000000000002,2840.6060800496434,5687.212160099287,5699.354276636425,124.74656593819206,0.0022522819489614303,0.014618011394861465,mixture,57
mixture,0.009500000000000007,2871.9648170646587,5749.9296341293175,5762.071750666456,8.904265512324182,0.002138987433592337,0.2219403087803788,mixture,57
mixture,0.2,2887.5290935525727,5781.058187105145,5793.200303642284,77.10650344939349,0.0026874410412172905,0.29781114513919427,mixture,57
mixture,0.25,2887.6860806043255,5781.372161208651,5793.5142777457895,95.5616352828418,0.002686921957645133,0.2978120098877303,mixture,57
mixture,0.3,2887.7912839112596,5781.582567822519,5793.724684359658,114.01704388242653,0.0026865694312253044,0.29781259477897093,mixture,57
mixture,0.35000000000000003,2887.8666986515555,5781.733397303111,5793.875513840249,132.47261730339721,0.0026863143231732898,0.2978130169244874,mixture,57
mixture,0.4,2887.92340805074,5781.84681610148,5793.988932638618,150.92829097744314,0.0026861212367117098,0.29781333599629395,mixture,57
mixture,0.45,2887.967603689377,5781.935207378754,5794.0773239158925,169.38403467357907,0.0026859699676030835,0.2978135857279456,mixture,57
mixture,0.5,2888.0030160506494,5782.006032101299,5794.148148638437,187.83985159756756,0.0026858479162303137,0.29781378523683616,mixture,57
null,,2888.1629900652806,5778.325980130561,5782.373352309607,372.3986237490752,0.0026852945640148417,,mixture,57
sum,,2904.5257162997596,5811.051432599519,5815.098804778565,549.4249023275315,0.003640169914991821,,mixture,57
mixture,0.005000000000000003,2905.5243364789294,5817.048672957859,5829.288472543146,22.811371034098862,0.0015481132304196613,0.0508129221932983,mixture,58
mixture,0.005250000000000003,2905.527202838349,5817.054405676698,5829.294205261985,23.30196831129573,0.0015574108030389482,0.04990971661965024,mixture,58
mixture,0.0047500000000000025,2905.5521998336335,5817.104399667267,5829.344199252554,22.31068394821538,0.0015382257140357657,0.05177469610942934,mixture,58
mixture,0.005500000000000003,2905.556237574806,5817.112475149612,5829.352274734899,23.782784689951495,0.0015661925961940092,0.049060031120331984,mixture,58
mixture,0.005750000000000003,2905.607650590934,5817.215301181868,5829.455100767155,24.2557903548708,0.0015744683143051432,0.04825574622098322,mixture,58
mixture,0.004500000000000002,2905.6163245902253,5817.232649180451,5829.472448765738,21.798273219393923,0.0015276938540362444,0.052804228448834485,mixture,58
mixture,0.006000000000000004,2905.6782697753115,5817.356539550623,5829.59633913591,24.71858741886471,0.0015823730309491883,0.047498869157799106,mixture,58
mixture,0.004250000000000002,2905.7234768885974,5817.446953777195,5829.686753362482,21.273542257074126,0.0015164395423527181,0.05390904966201007,mixture,58
mixture,0.006250000000000004,2905.7654247149976,5817.530849429995,5829.770649015282,25.173951280368026,0.001589867459814725,0.04678054307635901,mixture,58
mixture,0.006500000000000004,2905.86685311414,5817.73370622828,5829.9735058135675,25.62208711365336,0.0015970172211602954,0.046097811003243734,mixture,58
mixture,0.004000000000000002,2905.882011908131,5817.764023816262,5830.003823401549,20.735180256492278,0.0015043633605073823,0.05509992949330537,mixture,58
mixture,0.006750000000000004,2905.980628702071,5817.961257404142,5830.201056989429,26.063932721616414,0.0016037960699576722,0.04544691630532539,mixture,58
mixture,0.0037500000000000016,2906.1023577034684,5818.204715406937,5830.444514992224,20.181322853618934,0.0014913891325956607,0.05639080120802756,mixture,58
mixture,0.0070000000000000045,2906.105103317424,5818.210206634848,5830.450006220135,26.499287798632775,0.0016102738540724234,0.044826245214387814,mixture,58
mixture,0.007250000000000005,2906.2388603342883,5818.477720668577,5830.717520253864,26.92776460113333,0.0016165224880102566,0.044234620347769475,mixture,58
mixture,0.007500000000000005,2906.3806773378756,5818.761354675751,5831.001154261038,27.35104764811483,0.0016224867940570367,0.04366761528737257,mixture,58
mixture,0.0035000000000000014,2906.397686942113,5818.795373884226,5831.035173469513,19.610409775500948,0.0014773695210762924,0.057797151110708794,mixture,58
mixture,0.007750000000000005,2906.529495373152,5819.058990746304,5831.298790331591,27.769362067269174,0.001628192342417354,0.04312352588731268,mixture,58
mixture,0.008000000000000005,2906.684393418545,5819.36878683709,5831.608586422377,28.180523070649976,0.0016337171805240536,0.04260488559053988,mixture,58
mixture,0.003250000000000001,2906.7848677332727,5819.569735466545,5831.809535051832,19.02005453747485,0.0014621643310142442,0.059339815627539684,mixture,58
mixture,0.008250000000000006,2906.8445689035652,5819.6891378071305,5831.9289373924175,28.5872340900987,0.001639044845421222,0.042105706014245244,mixture,58
mixture,0.008500000000000006,2907.009319479601,5820.018638959202,5832.258438544489,28.99053384673992,0.0016441330066838027,0.0416235741070288,mixture,58
mixture,0.008750000000000006,2907.1780287956244,5820.356057591249,5832.595857176536,29.388109325617396,0.0016490711768202147,0.0411612908930312,mixture,58
mixture,0.003000000000000001,2907.285840043124,5820.571680086248,5832.811479671535,18.40742433250337,0.001445601593415595,0.061045187585538584,mixture,58
mixture,0.009000000000000006,2907.3501550541387,5820.700310108277,5832.940109693564,29.780756273219346,0.0016538589149370315,0.0407166495208833,mixture,58
mixture,0.009250000000000006,2907.5252206783425,5821.050441356685,5833.290240941972,30.168383541739402,0.001658505288410565,0.04028901152861524,mixture,58
mixture,0.009500000000000007,2907.7028038604876,5821.405607720975,5833.645407306262,30.5536768824311,0.0016629675602707506,0.03987359960589958,mixture,58
mixture,0.009750000000000007,2907.8825308553105,5821.765061710621,5834.004861295908,30.933470460780228,0.001667325370811188,0.039474552391179224,mixture,58
mixture,0.0027500000000000007,2907.9296592106543,5821.859318421309,5834.099118006596,17.768547100543806,0.0014274870645833119,0.06294941681940133,mixture,58
mixture,0.010000000000000007,2908.0640705405904,5822.128141081181,5834.367940666468,31.310006916377656,0.0016715388562817467,0.039087954559262256,mixture,58
mixture,0.0025000000000000005,2908.7556200570116,5823.511240114023,5835.75103969931,17.099502570241008,0.001407521388612295,0.06509681375953703,mixture,58
mixture,0.0022500000000000003,2909.8181990382823,5825.636398076565,5837.876197661852,16.392837142261026,0.0013854887483157861,0.0675576787676224,mixture,58
mixture,0.002,2911.1951931147446,5828.390386229489,5840.630185814776,15.639748269170305,0.0013610467435599255,0.0704290404759947,mixture,58
mixture,0.05,2930.303592378151,5866.607184756302,5878.846984341589,71.52934830314986,0.0019340074241324604,0.02079853525763878,mixture,58
mixture,0.1,2950.2399063314324,5906.479812662865,5918.719612248152,86.87138919455444,0.002055236334589363,0.02355084802454853,mixture,58
mixture,0.15000000000000002,2953.861581560025,5913.72316312005,5925.962962705337,123.95967527982509,0.0021473517416168353,0.015709847173684444,mixture,58
mixture,0.2,2993.3356146765072,5992.6712293530145,6004.911028938302,79.65426033508845,0.0025984556849720643,0.2978998288567174,mixture,58
mixture,0.25,2993.4548082218525,5992.909616443705,6005.149416028992,98.735049058273,0.0025982817203485135,0.2979009854169167,mixture,58
mixture,0.3,2993.534705932703,5993.069411865406,6005.3092114506935,117.82054258559286,0.0025980600627287017,0.2979013665964029,mixture,58
mixture,0.35000000000000003,2993.591991746478,5993.183983492956,6005.423783078243,136.90617106074143,0.0025978991799937372,0.29790164218045984,mixture,58
mixture,0.4,2993.635075014439,5993.270150028878,6005.509949614165,155.9918821075262,0.002597777150829523,0.2979018507055274,mixture,58
mixture,0.45,2993.6686550285576,5993.337310057115,6005.577109642402,175.0776530224497,0.0025976813571499777,0.29790201411102174,mixture,58
mixture,0.5,2993.6955638137133,5993.391127627427,6005.630927212714,194.16347277985778,0.0025976040731392836,0.2979021446929794,mixture,58
null,,2993.8171491286425,5989.634298257285,5993.714231452381,385.02238394488364,0.0025972515928921968,,mixture,58
sum,,3008.799107637288,6019.598215274576,6023.678148469672,564.25227178048,0.0035445138637883794,,mixture,58
mixture,0.003000000000000001,2982.630018742744,5971.260037485488,5983.634087658171,20.893464117103516,0.0013892257264233358,0.053218781207955486,mixture,59
mixture,0.0027500000000000007,2982.6439611003398,5971.2879222006795,5983.661972373362,20.17218601199977,0.0013703413654939036,0.05489836313884321,mixture,59
mixture,0.003250000000000001,2982.715322946866,5971.430645893732,5983.804696066414,21.580779871830963,0.0014067259102527444,0.05172427043500236,mixture,59
mixture,0.0025000000000000005,2982.7882254906967,5971.5764509813935,5983.950501154076,19.411481286506362,0.0013498381718979361,0.05680715618978731,mixture,59
mixture,0.0035000000000000014,2982.8772064106224,5971.754412821245,5984.128462993927,22.23819391374957,0.0014230518657880086,0.05038250471447439,mixture,59
mixture,0.0037500000000000016,2983.098786641675,5972.19757328335,5984.571623456032,22.869741787122784,0.0014382986715911208,0.04916719357615582,mixture,59
mixture,0.0022500000000000003,2983.1064870967803,5972.2129741935605,5984.587024366243,18.604018335587728,0.0013274585392812279,0.05900686268683763,mixture,59
mixture,0.004000000000000002,2983.367265035983,5972.734530071966,5985.108580244649,23.47775664668295,0.001452625573013605,0.04805993694093281,mixture,59
mixture,0.002,2983.6620036134386,5973.324007226877,5985.69805739956,17.74013051881463,0.0013028699570987636,0.06158571023315709,mixture,59
mixture,0.004250000000000002,2983.6727907980103,5973.345581596021,5985.719631768703,24.065746123646512,0.001466091811655327,0.047042827061811364,mixture,59
mixture,0.004500000000000002,2984.00768217554,5974.01536435108,5986.389414523763,24.634489094767957,0.0014788399540117232,0.046105971050405564,mixture,59
mixture,0.0047500000000000025,2984.3658803699086,5974.731760739817,5987.1058109125,25.18618995902979,0.0014909175437780847,0.045238158458679276,mixture,59
mixture,0.005000000000000003,2984.742559072611,5975.485118145222,5987.859168317905,25.722363208887362,0.0015023921855981473,0.04443087478553511,mixture,59
mixture,0.005250000000000003,2985.133840297649,5976.267680595298,5988.64173076798,26.244189978819325,0.0015133207507736061,0.043677281286260757,mixture,59
mixture,0.005500000000000003,2985.536584314488,5977.073168628976,5989.447218801659,26.75279947858526,0.0015237520355843872,0.042971421646917744,mixture,59
mixture,0.005750000000000003,2985.948232174842,5977.896464349684,5990.270514522366,27.24895460589587,0.0015337476011903692,0.04230856917296652,mixture,59
mixture,0.006000000000000004,2986.36668616707,5978.73337233414,5991.107422506822,27.734197422031933,0.0015432833309879277,0.041683471318789245,mixture,59
mixture,0.006250000000000004,2986.7902180031224,5979.580436006245,5991.954486178927,28.20862909301943,0.001552455115747636,0.04109334505686877,mixture,59
mixture,0.006500000000000004,2987.2173975985606,5980.434795197121,5992.808845369804,28.673136880557102,0.0015612703117697188,0.04053470662813232,mixture,59
mixture,0.006750000000000004,2987.647037271828,5981.294074543656,5993.668124716339,29.128376256107696,0.001569747073547764,0.0400047196727785,mixture,59
mixture,0.0070000000000000045,2988.0781476149223,5982.1562952298445,5994.530345402527,29.574788511444453,0.00157793583446992,0.03950098568692307,mixture,59
mixture,0.007250000000000005,2988.509902450238,5983.019804900476,5995.393855073158,30.013006522890937,0.0015858282235850529,0.039021254653300246,mixture,59
mixture,0.007500000000000005,2988.941610565974,5983.883221131948,5996.25727130463,30.44346096662711,0.0015934535164227517,0.038563603084841025,mixture,59
mixture,0.007750000000000005,2989.3726929920495,5984.745385984099,5997.119436156781,30.866607603349358,0.0016008228782493311,0.03812629213099961,mixture,59
mixture,0.008000000000000005,2989.802664456539,5985.605328913078,5997.97937908576,31.282649519609816,0.0016079684456502198,0.03770798188406701,mixture,59
mixture,0.008250000000000006,2990.2311182813837,5986.462236562767,5998.83628673545,31.69198940920237,0.0016148985630022043,0.03730724361460964,mixture,59
mixture,0.008500000000000006,2990.6577139152773,5987.315427830555,5999.689478003237,32.09511757673824,0.0016216165407324733,0.03692265138335156,mixture,59
mixture,0.008750000000000006,2991.0821666367237,5988.1643332734475,6000.53838344613,32.49225860194993,0.0016281348517433272,0.03655319720838182,mixture,59
mixture,0.009000000000000006,2991.5042390160434,5989.008478032087,6001.382528204769,32.88359279799232,0.0016344743485987743,0.03619795743672353,mixture,59
mixture,0.009250000000000006,2991.9237338021157,5989.8474676042315,6002.221517776914,33.2694723285979,0.0016406338211615884,0.03585593688689005,mixture,59
mixture,0.009500000000000007,2992.340487935993,5990.680975871986,6003.055026044669,33.65010169225398,0.001646636036121869,0.03552628665604481,mixture,59
mixture,0.009750000000000007,2992.7543675514044,5991.508735102809,6003.882785275491,34.025452090350385,0.0016524834134052828,0.03520858646134923,mixture,59
mixture,0.05,3031.7193845516113,6069.4387691032225,6081.812819275905,71.73643860745686,0.0020154699219508553,0.02024363605004897,mixture,59
mixture,0.1,3053.151380466259,6112.302760932518,6124.676811105201,101.85229025464766,0.0021651710003798754,0.016167695143791624,mixture,59
mixture,0.15000000000000002,3066.062628754188,6138.125257508376,6150.499307681059,126.32141103738685,0.0022522282469396404,0.014232920631551156,mixture,59
mixture,0.010000000000000007,3100.069435039727,6206.138870079454,6218.512920252137,9.142940172096237,0.0021454006193835857,0.2208930921154017,mixture,59
mixture,0.2,3119.838292030963,6245.676584061926,6258.050634234609,77.1580203007442,0.00268558142182682,0.2978128218892124,mixture,59
mixture,0.25,3120.0473514464347,6246.0947028928695,6258.468753065552,95.63684236626035,0.0026847513710736696,0.29781404259209515,mixture,59
mixture,0.3,3120.1874390056937,6246.374878011387,6258.74892818407,114.11605272722399,0.00268418907157306,0.297814867381725,mixture,59
mixture,0.35000000000000003,3120.2878547240884,6246.575709448177,6258.949759620859,132.5954856005616,0.0026837830479831053,0.2978154620670899,mixture,59
mixture,0.4,3120.3633608810987,6246.7267217621975,6259.10077193488,151.0750645457989,0.002683476010993528,0.2978159113398225,mixture,59
mixture,0.45,3120.4222036158735,6246.844407231747,6259.2184574044295,169.5547378703274,0.002683235760806129,0.297816262763994,mixture,59
mixture,0.5,3120.46935097183,6246.93870194366,6259.312752116342,188.03449900166706,0.0026830423388711864,0.2978165435627068,mixture,59
null,,3120.682324130572,6243.364648261144,6247.489331652038,372.8331703243761,0.002682164784667549,,mixture,59
sum,,3139.1118721600546,6280.223744320109,6284.348427711004,552.9397501832783,0.0036170306065662246,,mixture,59
mixture,0.003000000000000001,2820.8569879399765,5647.713975879953,5659.891345466698,25.08750933638193,0.0010396627111002913,0.04490594904213133,mixture,60
mixture,0.003250000000000001,2820.90588079818,5647.81176159636,5659.989131183105,25.724262373558282,0.0010653120396913805,0.043960986479816076,mixture,60
mixture,0.0027500000000000007,2820.9229331116067,5647.845866223213,5660.023235809958,24.418313624435292,0.0010117543050203524,0.04595566543687937,mixture,60
mixture,0.0035000000000000014,2821.0428303239432,5648.0856606478865,5660.2630302346315,26.332815843357025,0.0010890340018028946,0.043103152895645175,mixture,60
mixture,0.0025000000000000005,2821.1407915528566,5648.281583105713,5660.458952692458,23.70857367423288,0.000981354850473955,0.047138436555241324,mixture,60
mixture,0.0037500000000000016,2821.2480553452488,5648.4961106904975,5660.673480277243,26.917153299186968,0.0011110368038306662,0.04231811506493577,mixture,60
mixture,0.004000000000000002,2821.506667462215,5649.01333492443,5661.190704511175,27.480230226393633,0.0011315448540294632,0.041594905710290925,mixture,60
mixture,0.0022500000000000003,2821.5632769966433,5649.1265539932865,5661.303923580032,22.9508343544946,0.0009479674847857492,0.04848781385412234,mixture,60
mixture,0.004250000000000002,2821.8072794653253,5649.614558930651,5661.791928517396,28.024542274079334,0.0011507164288632962,0.04092483596071361,mixture,60
mixture,0.004500000000000002,2822.1410608809388,5650.2821217618775,5662.459491348623,28.552034750926314,0.0011687000213619775,0.040301028698208737,mixture,60
mixture,0.002,2822.2678037761143,5650.535607552229,5662.712977138974,22.132032797646314,0.0009112049612137081,0.05005733788593596,mixture,60
mixture,0.0047500000000000025,2822.5010816327795,5651.002163265559,5663.179532852304,29.06444874252421,0.0011856207505776253,0.03971768243396343,mixture,60
mixture,0.005000000000000003,2822.881846303058,5651.763692606116,5663.941062192861,29.56311741480571,0.0012015777787432655,0.039170264432897506,mixture,60
mixture,0.005250000000000003,2823.278957513048,5652.557915026096,5664.7352846128415,30.049317542336833,0.0012166716043276453,0.03865468625791674,mixture,60
mixture,0.005500000000000003,2823.6888686253005,5653.377737250601,5665.555106837346,30.52400889220554,0.0012309790912564695,0.03816776207187967,mixture,60
mixture,0.005750000000000003,2824.1086993742583,5654.217398748517,5666.394768335262,30.988201261968733,0.0012445688741247777,0.03770650760053794,mixture,60
mixture,0.006000000000000004,2824.5360965969558,5655.0721931939115,5667.249562780657,31.44255488744447,0.0012575059120384644,0.03726865657158003,mixture,60
mixture,0.006250000000000004,2824.9691277780908,5655.9382555561815,5668.115625142927,31.887805820792515,0.0012698471796268893,0.03685202496693258,mixture,60
mixture,0.006500000000000004,2825.4061987878995,5656.812397575799,5668.989767162544,32.32442900335401,0.0012816348918615551,0.03645499409430814,mixture,60
mixture,0.006750000000000004,2825.8459896868935,5657.691979373787,5669.869348960532,32.75351807388614,0.001292898724900138,0.03607529614144394,mixture,60
mixture,0.0070000000000000045,2826.287404165255,5658.57480833051,5670.752177917255,33.17492277894423,0.001303702969455137,0.0357122286093669,mixture,60
mixture,0.007250000000000005,2826.7295294327723,5659.459058865545,5671.63642845229,33.58928669305097,0.0013140737452602463,0.035364303498760415,mixture,60
mixture,0.007500000000000005,2827.171604105216,5660.343208210432,5672.520577797177,33.997031251221316,0.0013240369956987548,0.03503039637109018,mixture,60
mixture,0.007750000000000005,2827.6129923367457,5661.225984673491,5673.4033542602365,34.39866267846757,0.0013336174575801765,0.034709346237879135,mixture,60
mixture,0.008000000000000005,2828.0531628443523,5662.106325688705,5674.28369527545,34.79410947071006,0.0013428543848406588,0.03440066669767281,mixture,60
mixture,0.008250000000000006,2828.4916718187187,5662.983343637437,5675.1607132241825,35.18428091648587,0.0013517490563931573,0.03410293217792382,mixture,60
mixture,0.008500000000000006,2828.92814886984,5663.85629773968,5676.033667326425,35.56892591641863,0.0013603390325773992,0.03381594976833072,mixture,60
mixture,0.008750000000000006,2829.3622854875907,5664.724570975181,5676.9019405619265,35.94897514874881,0.0013686229893107658,0.03353838373377252,mixture,60
mixture,0.009000000000000006,2829.7938253751927,5665.587650750385,5677.76502033713,36.32338177042983,0.0013766591130816037,0.03327087000735973,mixture,60
mixture,0.009250000000000006,2830.222556613602,5666.445113227204,5678.622482813949,36.69339801356976,0.001384434143464762,0.033011830609173454,mixture,60
mixture,0.009500000000000007,2830.648304876695,5667.29660975339,5679.473979340135,37.059335448640375,0.0013919506405187057,0.032760717233708575,mixture,60
mixture,0.009750000000000007,2831.070927848878,5668.141855697756,5680.319225284501,37.420476236092114,0.001399257846189217,0.032517859171716755,mixture,60
mixture,0.010000000000000007,2831.4903105869757,5668.9806211739515,5681.1579907606965,37.77793117870818,0.001406333899492689,0.03228200063145426,mixture,60
mixture,0.05,2869.835516616882,5745.671033233764,5757.848402820509,76.04230890429217,0.001794911716800331,0.019715357701897446,mixture,60
mixture,0.15000000000000002,2903.9540950660494,5813.908190132099,5826.085559718844,129.10800021037852,0.0019672945666620117,0.016079859866707107,mixture,60
mixture,0.1,2951.7225913812154,5909.445182762431,5921.622552349176,44.4283762528382,0.0024149293131017803,0.2980826610961154,mixture,60
mixture,0.2,2952.4606498178673,5910.921299635735,5923.09866922248,85.58417552875889,0.0024125341033192677,0.29808558127849955,mixture,60
mixture,0.25,2952.611196286036,5911.222392572072,5923.399762158817,106.16173640605724,0.0024120636735970335,0.29808652646873085,mixture,60
mixture,0.3,2952.712120509199,5911.424241018398,5923.601610605143,126.74032814421786,0.0024117302355000257,0.29808717163792503,mixture,60
mixture,0.35000000000000003,2952.784486284928,5911.568972569856,5923.746342156601,147.3196629105096,0.002411479809498403,0.2980876439369967,mixture,60
mixture,0.4,2952.838913614901,5911.677827229802,5923.855196816547,167.8944337124079,0.0024113583625419515,0.2980882396395777,mixture,60
mixture,0.45,2952.881336372059,5911.762672744118,5923.940042330863,188.47321936212697,0.0024112120785625417,0.29808845905901243,mixture,60
mixture,0.5,2952.91533210694,5911.83066421388,5924.008033800625,209.0520645782737,0.0024110943773441957,0.29808863445674916,mixture,60
null,,2953.068950358295,5908.13790071659,5912.197023912171,414.84176307081384,0.0024105576849293717,,mixture,60
sum,,2969.237018135023,5940.474036270046,5944.533159465627,606.2322198003037,0.0032990658277100666,,mixture,60
mixture,0.0035000000000000014,3070.5022533957144,6147.004506791429,6159.3981862598785,20.50349406478491,0.0013601246315745636,0.05557662344955431,mixture,61
mixture,0.003250000000000001,3070.511515088664,6147.023030177328,6159.416709645778,19.87708668752218,0.0013463814729816389,0.057077138094652355,mixture,61
mixture,0.0037500000000000016,3070.5592776925123,6147.118555385025,6159.512234853474,21.108136555696763,0.0013728748761439014,0.05421284204884562,mixture,61
mixture,0.003000000000000001,3070.6049395023415,6147.209879004683,6159.603558473133,19.22613123415492,0.0013314779760509954,0.05874036631999472,mixture,61
mixture,0.004000000000000002,3070.6690066470037,6147.338013294007,6159.731692762457,21.69355989183632,0.0013847280288818626,0.05296490179884534,mixture,61
mixture,0.0027500000000000007,3070.806484694499,6147.612969388998,6160.0066488574475,18.546855776383584,0.0013152365748828857,0.06060108062412646,mixture,61
mixture,0.004250000000000002,3070.8209611546627,6147.641922309325,6160.035601777775,22.261846810884606,0.0013958043485308152,0.05181608020030011,mixture,61
mixture,0.004500000000000002,3071.0069463444906,6148.013892688981,6160.407572157431,22.814412581748524,0.00140619751724755,0.05075380450334922,mixture,61
mixture,0.0025000000000000005,3071.1489446916157,6148.297889383231,6160.691568851681,17.834785906496826,0.001297412125539187,0.06270479980548099,mixture,61
mixture,0.0047500000000000025,3071.2204779722333,6148.440955944467,6160.834635412916,23.352663648677623,0.0014159813392005613,0.04976722871674102,mixture,61
mixture,0.005000000000000003,3071.456372144795,6148.91274428959,6161.306423758039,23.87802923003182,0.001425207455998349,0.048846898887282574,mixture,61
mixture,0.0022500000000000003,3071.678350225792,6149.356700451584,6161.750379920034,17.08368564846359,0.0012777300731059643,0.06511559464452484,mixture,61
mixture,0.005250000000000003,3071.7104466283977,6149.420893256795,6161.814572725245,24.3912219664148,0.0014339487888393144,0.047986002856922456,mixture,61
mixture,0.005500000000000003,3071.979300016873,6149.958600033746,6162.352279502195,24.893735425250373,0.0014422235027065455,0.04717701765841984,mixture,61
mixture,0.005750000000000003,3072.260146061071,6150.520292122142,6162.913971590591,25.385678257812046,0.0014501008812674008,0.046415953374100996,mixture,61
mixture,0.002,3072.4612998196035,6150.922599639207,6163.316279107657,16.285434309247297,0.001255826345781534,0.06792416006293064,mixture,61
mixture,0.006000000000000004,3072.550687890286,6151.101375780572,6163.495055249022,25.868307838591015,0.0014575968767828178,0.04569706638656795,mixture,61
mixture,0.006250000000000004,3072.8490213085433,6151.698042617087,6164.091722085536,26.341941503364467,0.001464757041775541,0.04501694213655871,mixture,61
mixture,0.006500000000000004,3073.153559760267,6152.307119520534,6164.7007989889835,26.806948367040505,0.0014716078492502207,0.044372466323324464,mixture,61
mixture,0.006750000000000004,3073.4629754354237,6152.925950870847,6165.319630339297,27.264609923908345,0.001478162751179703,0.04375911074538365,mixture,61
mixture,0.0070000000000000045,3073.776152797557,6153.552305595114,6165.945985063564,27.714401686155963,0.0014844625247279147,0.04317599627025055,mixture,61
mixture,0.007250000000000005,3074.092151395018,6154.184302790036,6166.5779822584855,28.15776946179846,0.0014904933345340767,0.042618987716539124,mixture,61
mixture,0.007500000000000005,3074.4101760874105,6154.820352174821,6167.214031643271,28.59425380367191,0.0014963054581605157,0.04208734887748629,mixture,61
mixture,0.007750000000000005,3074.7295529166545,6155.459105833309,6167.852785301759,29.024483374021166,0.001501903056175968,0.041578733297743725,mixture,61
mixture,0.008000000000000005,3075.0497095720953,6156.0994191441905,6168.49309861264,29.449002358333136,0.001507258834450751,0.04109131589384046,mixture,61
mixture,0.008250000000000006,3075.370158800588,6156.740317601176,6169.133997069625,29.867450739925005,0.0015125118290799137,0.040623934571900146,mixture,61
mixture,0.008500000000000006,3075.690486175303,6157.380972350606,6169.774651819055,30.280715112046583,0.0015175496866894182,0.04017491294060539,mixture,61
mixture,0.008750000000000006,3076.0103381160043,6158.020676232009,6170.414355700458,30.68879096301316,0.001522423444081398,0.03974319695629651,mixture,61
mixture,0.009000000000000006,3076.329413274254,6158.658826548508,6171.0525060169575,31.09206362904162,0.0015271363812223162,0.039327456274579856,mixture,61
mixture,0.009250000000000006,3076.6474547993175,6159.294909598635,6171.688589067085,31.490596190286787,0.0015317066567592423,0.03892685511031963,mixture,61
mixture,0.009500000000000007,3076.9642439519594,6159.928487903919,6172.322167372368,31.88462639262385,0.0015361375109676412,0.038540429814750345,mixture,61
mixture,0.009750000000000007,3077.2795946949836,6160.559189389967,6172.952868858417,32.27416810541583,0.0015404551623655663,0.03816746823055144,mixture,61
mixture,0.010000000000000007,3077.593349166101,6161.186698332202,6173.580377800651,32.65977510916768,0.0015446287652684746,0.03780685474426364,mixture,61
mixture,0.05,3107.774053300164,6221.548106600328,6233.941786068777,74.51644543365954,0.0017901170663370356,0.02039269406359582,mixture,61
mixture,0.15000000000000002,3137.1693068966792,6280.3386137933585,6292.732293261808,126.02800504838675,0.001951906234089249,0.0172834305281311,mixture,61
mixture,0.1,3178.0652217654597,6362.130443530919,6374.524122999369,45.23712380944632,0.002368641297730098,0.29812898553094935,mixture,61
mixture,0.2,3178.8101576783656,6363.620315356731,6376.013994825181,87.20635613286369,0.0023662203873748722,0.2981319621976167,mixture,61
mixture,0.25,3178.9616795175234,6363.923359035047,6376.317038503496,108.19013796291742,0.0023657556388936222,0.2981328923788533,mixture,61
mixture,0.3,3179.0631744213615,6364.126348842723,6376.520028311173,129.17493510313412,0.0023654270350369545,0.2981335226690432,mixture,61
mixture,0.35000000000000003,3179.1359079286376,6364.271815857275,6376.665495325725,150.16048973841046,0.002365180297962423,0.298133982590643,mixture,61
mixture,0.4,3179.190588480012,6364.381176960024,6376.774856428474,171.14662602240907,0.00236498716312406,0.2981343352465371,mixture,61
mixture,0.45,3179.2331956544967,6364.4663913089935,6376.860070777443,192.12814653080423,0.002364894330601622,0.2981347922593673,mixture,61
mixture,0.5,3179.2673301001723,6364.534660200345,6376.928339668794,213.11358616471017,0.0023647762598200603,0.2981349654445503,mixture,61
null,,3179.421477925382,6360.842955850764,6364.974182340247,422.9692417586138,0.0023642381082894307,,mixture,61
sum,,3195.2135817881754,6392.427163576351,6396.558390065834,616.1474568318556,0.003245976231539965,,mixture,61
mixture,0.004500000000000002,2869.751036733577,5745.502073467154,5757.67242550684,21.316014922227737,0.001465338199487973,0.054562739905658936,mixture,62
mixture,0.0047500000000000025,2869.7552175588444,5745.510435117689,5757.680787157375,21.80655575564013,0.001475579624740428,0.053544100965643174,mixture,62
mixture,0.004250000000000002,2869.784505912809,5745.569011825618,5757.739363865304,20.812405324310607,0.0014544243939904593,0.05565869308744992,mixture,62
mixture,0.005000000000000003,2869.7908999449996,5745.581799889999,5757.752151929685,22.2849467336257,0.0014852397996827807,0.05259405790186558,mixture,62
mixture,0.005250000000000003,2869.8530723450567,5745.706144690113,5757.876496729799,22.75071741564005,0.0014944098031984816,0.05170856635405426,mixture,62
mixture,0.004000000000000002,2869.8632379920336,5745.726475984067,5757.896828023753,20.295292485229638,0.0014427793019983802,0.056840017937690626,mixture,62
mixture,0.005500000000000003,2869.9376087746905,5745.875217549381,5758.045569589067,23.21190003153909,0.0015029715096131818,0.050863106008609285,mixture,62
mixture,0.0037500000000000016,2869.9967605700504,5745.993521140101,5758.163873179787,19.762174663297447,0.0014302963196418399,0.058123116631049666,mixture,62
mixture,0.005750000000000003,2870.0410984153455,5746.082196830691,5758.252548870377,23.661145451598852,0.0015111557102662364,0.05007274663531534,mixture,62
mixture,0.006000000000000004,2870.160690812569,5746.321381625138,5758.491733664824,24.10191705594644,0.0015189362766541811,0.04932565707984068,mixture,62
mixture,0.0035000000000000014,2870.1971412324633,5746.394282464927,5758.5646345046125,19.211559635709843,0.0014168676507571717,0.05952337626514243,mixture,62
mixture,0.006250000000000004,2870.293994337766,5746.587988675532,5758.758340715218,24.534813591896015,0.0015263469941945605,0.048617740232074186,mixture,62
mixture,0.006500000000000004,2870.4389899565604,5746.877979913121,5759.048331952807,24.96033383672462,0.001533419098662425,0.0479455084219919,mixture,62
mixture,0.003250000000000001,2870.4798758747042,5746.9597517494085,5759.130103789094,18.64106291035001,0.0014023551982909985,0.06106214842746619,mixture,62
mixture,0.006750000000000004,2870.5939644054315,5747.187928810863,5759.358280850549,25.37895028526239,0.0015401786549081962,0.0473058596672063,mixture,62
mixture,0.0070000000000000045,2870.757457067144,5747.514914134288,5759.685266173974,25.79113822715702,0.0015466415663110864,0.04669600443616749,mixture,62
mixture,0.003000000000000001,2870.8651778276494,5747.730355655299,5759.900707694985,18.047545884223524,0.0013866442347328942,0.06276736984445319,mixture,62
mixture,0.007250000000000005,2870.9282173581355,5747.856434716271,5760.026786755957,26.196993607766625,0.0015528545795595438,0.046113992858529934,mixture,62
mixture,0.007500000000000005,2871.1051706448698,5748.2103412897395,5760.380693329425,26.59540295247085,0.001558867600851817,0.04556050577269909,mixture,62
mixture,0.007750000000000005,2871.2873889349344,5748.574777869869,5760.745129909555,26.99175755597559,0.0015645398179826603,0.04502404485748752,mixture,62
mixture,0.0027500000000000007,2871.379898192362,5748.759796384724,5760.93014842441,17.428851418873762,0.0013694582482652372,0.06466932400325508,mixture,62
mixture,0.008000000000000005,2871.474070566963,5748.948141133926,5761.118493173612,27.381152263575636,0.0015700517799485995,0.0445126914303976,mixture,62
mixture,0.008250000000000006,2871.664518788833,5749.329037577666,5761.499389617352,27.765813849240423,0.0015753486473904258,0.04402127817484468,mixture,62
mixture,0.008500000000000006,2871.858127419602,5749.716254839204,5761.88660687889,28.146111357590144,0.0015804596577268398,0.04354809755268813,mixture,62
mixture,0.008750000000000006,2872.054367476695,5750.10873495339,5762.279086993076,28.520813731562583,0.0015854416928141992,0.043094365472299535,mixture,62
mixture,0.0025000000000000005,2872.0604741056145,5750.120948211229,5762.291300250915,16.77935486458569,0.0013505570628683681,0.06681954512297367,mixture,62
mixture,0.009000000000000006,2872.252776610103,5750.505553220206,5762.675905259892,28.89187929193874,0.0015902337100078539,0.0426560675251674,mixture,62
mixture,0.009250000000000006,2872.4529494209937,5750.905898841987,5763.076250881673,29.25847113023817,0.0015948378266749505,0.04223414312133916,mixture,62
mixture,0.009500000000000007,2872.6545303861517,5751.309060772303,5763.479412811989,29.62131957923332,0.0015993189340638848,0.041826266794590956,mixture,62
mixture,0.009750000000000007,2872.857206750331,5751.714413500662,5763.884765540348,29.980430829683115,0.001603665685408596,0.04143199688285624,mixture,62
mixture,0.0022500000000000003,2872.9576170117803,5751.9152340235605,5764.085586063246,16.09347590684632,0.0013297107368255027,0.06928156185393003,mixture,62
mixture,0.010000000000000007,2873.060703214569,5752.121406429138,5764.291758468824,30.335767319576163,0.001607883778426467,0.04105088213175411,mixture,62
mixture,0.002,2874.1440871676314,5754.288174335263,5766.458526374949,15.363478829849246,0.0013065013853407555,0.0721480225447174,mixture,62
mixture,0.05,2895.470797236066,5796.941594472132,5809.111946511818,69.20002267650953,0.0018516182272208769,0.022513653701726182,mixture,62
mixture,0.1,2908.7128056588076,5823.425611317615,5835.595963357301,102.6709471530269,0.0019545274949967746,0.017473120305267337,mixture,62
mixture,0.15000000000000002,2950.5005456284985,5907.001091256997,5919.171443296683,66.18841278097022,0.00236827250156413,0.29812983161326795,mixture,62
mixture,0.2,2950.6633831740464,5907.326766348093,5919.497118387779,87.148159502641,0.002367851010694147,0.2981308270016491,mixture,62
mixture,0.25,2950.761864641092,5907.523729282184,5919.69408132187,108.10906559465997,0.002367572290869055,0.2981314376339722,mixture,62
mixture,0.3,2950.827847623128,5907.655695246256,5919.826047285942,129.07066665627653,0.0023673735721871083,0.29813185515250673,mixture,62
mixture,0.35000000000000003,2950.87514062834,5907.75028125668,5919.920633296366,150.032797241278,0.00236722319316957,0.29813216141873894,mixture,62
mixture,0.4,2950.9106998558473,5907.8213997116945,5919.99175175138,170.99168484732192,0.0023671558459193525,0.2981325625116761,mixture,62
mixture,0.45,2950.9384098961436,5907.876819792287,5920.047171831973,191.95338832031413,0.002367068431932828,0.2981327012695969,mixture,62
mixture,0.5,2950.960611518738,5907.921223037476,5920.091575077162,212.91512273309016,0.0023669981622062514,0.2981328121597918,mixture,62
null,,2951.0608904670835,5904.121780934167,5908.178564947396,422.53334098196285,0.0023666771423907305,,mixture,62
sum,,2961.5456653972283,5925.091330794457,5929.1481148076855,609.7722245097708,0.003279913252211363,,mixture,62
mixture,0.005000000000000003,2895.1870563219954,5796.374112643991,5808.634436824728,23.53058921651929,0.001603658900763717,0.04874411831894424,mixture,63
mixture,0.0047500000000000025,2895.1943988513294,5796.388797702659,5808.649121883396,23.024288699270688,0.0015928855393012528,0.049657526272780424,mixture,63
mixture,0.005250000000000003,2895.2123466162916,5796.424693232583,5808.685017413321,24.02305408499326,0.0016139567304010575,0.04789318429967809,mixture,63
mixture,0.004500000000000002,2895.2400878394837,5796.4801756789675,5808.740499859705,22.503002505083266,0.001581590728377017,0.050641563764617356,mixture,63
mixture,0.004250000000000002,2895.3310838142115,5796.662167628423,5808.92249180916,21.965520268755405,0.0015697069657077956,0.051705761645136884,mixture,63
mixture,0.005750000000000003,2895.3426856925753,5796.685371385151,5808.945695565888,24.97126242063954,0.001633244899066968,0.046350547315560854,mixture,63
mixture,0.006000000000000004,2895.440469595931,5796.880939191862,5809.1412633725995,25.428274991747998,0.0016423328162975402,0.04564881574255727,mixture,63
mixture,0.004000000000000002,2895.4759484693914,5796.951896938783,5809.21222111952,21.410134612624603,0.0015571720450001628,0.052862382794511026,mixture,63
mixture,0.006250000000000004,2895.5560852551403,5797.1121705102805,5809.372494691018,25.87515997400638,0.0016510756584480826,0.04498693046615147,mixture,63
mixture,0.0037500000000000016,2895.6853276577895,5797.370655315579,5809.630979496316,20.835126641739848,0.0015439078841513899,0.054125709436313584,mixture,63
mixture,0.006500000000000004,2895.687146358049,5797.374292716098,5809.634616896836,26.31263197633183,0.001659486121945292,0.04436108183194635,mixture,63
mixture,0.006750000000000004,2895.8316123528184,5797.663224705637,5809.923548886374,26.741586565554673,0.001667616127209379,0.043767282434213184,mixture,63
mixture,0.0035000000000000014,2895.9726216092567,5797.9452432185135,5810.205567399251,20.238373281986743,0.001529823755755169,0.055513687271743606,mixture,63
mixture,0.0070000000000000045,2895.9877295724477,5797.9754591448955,5810.235783325633,27.16079243640494,0.0016754713179033172,0.043206104295520194,mixture,63
mixture,0.007250000000000005,2896.15398484433,5798.30796968866,5810.568293869397,27.572809600713445,0.001683072818275148,0.04267100549099412,mixture,63
mixture,0.007500000000000005,2896.32906654759,5798.65813309518,5810.918457275918,27.977440808264024,0.0016904155211438872,0.04216109155943398,mixture,63
mixture,0.003250000000000001,2896.354933866536,5798.709867733072,5810.97019191381,19.617316022298706,0.0015147980522795305,0.05704902272663974,mixture,63
mixture,0.007750000000000005,2896.511833774908,5799.023667549816,5811.283991730554,28.374918499453536,0.0016975383608934982,0.04167456947678544,mixture,63
mixture,0.008000000000000005,2896.7012906555487,5799.4025813110975,5811.662905491835,28.7658140453914,0.0017044560056598606,0.041209302932272825,mixture,63
mixture,0.003000000000000001,2896.8544457215767,5799.708891443153,5811.969215623891,18.968990829612675,0.0014986983983002115,0.05876024538865136,mixture,63
mixture,0.008250000000000006,2896.896565082113,5799.793130164226,5812.053454344963,29.150159026956285,0.0017111514106911635,0.04076437005257728,mixture,63
mixture,0.008500000000000006,2897.096891183243,5800.193782366486,5812.454106547223,29.528597132909873,0.001717663910769818,0.040337647391358006,mixture,63
mixture,0.008750000000000006,2897.301594471662,5800.603188943324,5812.863513124062,29.90138314941214,0.0017240063973280061,0.039927904684271646,mixture,63
mixture,0.0027500000000000007,2897.5004596970407,5801.000919394081,5813.261243574819,18.289412622765028,0.0014813660403279088,0.06068574877617057,mixture,63
mixture,0.009000000000000006,2897.5100794582268,5801.0201589164535,5813.280483097191,30.268496382396016,0.001730158613322248,0.039534583139300625,mixture,63
mixture,0.009250000000000006,2897.7218192601963,5801.443638520393,5813.70396270113,30.630489634505025,0.0017361569392616535,0.0391560082595307,mixture,63
mixture,0.009500000000000007,2897.9363466298773,5801.872693259755,5814.133017440492,30.987562057385638,0.001741999712273506,0.03879132507472831,mixture,63
mixture,0.009750000000000007,2898.1532464359652,5802.3064928719305,5814.566817052668,31.33985294399286,0.0017476937983987352,0.03843978158668814,mixture,63
mixture,0.0025000000000000005,2898.332530953886,5802.665061907772,5814.925386088509,17.574294634162147,0.001462550192387257,0.06287444335541702,mixture,63
mixture,0.010000000000000007,2898.3721491846018,5802.7442983692035,5815.004622549941,31.68767721529823,0.0017532482661536172,0.03810040108126364,mixture,63
mixture,0.0022500000000000003,2899.4054386945663,5804.810877389133,5817.07120156987,16.81746533182964,0.001441992992402624,0.06539567631319121,mixture,63
mixture,0.002,2900.7974185249514,5807.594837049903,5819.85516123064,16.01110086861805,0.001419331843171288,0.06834686204837274,mixture,63
mixture,0.05,2924.818251937746,5855.636503875492,5867.896828056229,67.35111122276561,0.0020974165443975994,0.02183292685943584,mixture,63
mixture,0.1,2941.1984337890185,5888.396867578037,5900.657191758774,96.96238340551935,0.002237759940977259,0.017216696260859927,mixture,63
mixture,0.005500000000000003,2968.2438468979653,5942.487693795931,5954.748017976668,7.280419178092726,0.002119204367620967,0.21226843062349132,mixture,63
mixture,0.45,2982.7725831810435,5971.545166362087,5983.805490542824,254.6963845574859,0.010180070771272521,0.002612921318147969,mixture,63
mixture,0.15000000000000002,2994.353627116715,5994.70725423343,6006.967578414167,57.094011243340105,0.0027655326883483044,0.29773239620334996,mixture,63
mixture,0.2,2994.6751768028676,5995.350353605735,6007.6106777864725,75.03414424976435,0.002764447660769129,0.29773407156215986,mixture,63
mixture,0.25,2994.8699875700904,5995.739975140181,6008.000299320918,92.97497257090909,0.002763776032241719,0.29773510327882635,mixture,63
mixture,0.3,2995.000657318854,5996.001314637708,6008.261638818445,110.91615887966502,0.0027633194456636186,0.29773580262932164,mixture,63
mixture,0.35000000000000003,2995.0943865976205,5996.188773195241,6008.449097375978,128.8575553052896,0.002762988869945149,0.29773630807338586,mixture,63
mixture,0.4,2995.164900404261,5996.329800808522,6008.5901249892595,146.79908371929508,0.0027627384982460757,0.2977366904967979,mixture,63
mixture,0.5,2995.2639339574803,5996.527867914961,6008.788192095698,182.68244128186174,0.0027623835035497503,0.29773723014560716,mixture,63
null,,2995.4631105670105,5992.926221134021,5997.012995860933,362.100295029597,0.0027616657973677235,,mixture,63
sum,,3010.9952138460894,6023.990427692179,6028.077202419091,534.1952242003572,0.003743949607549978,,mixture,63
mixture,0.003000000000000001,2846.7689631681756,5699.537926336351,5711.750139520359,19.0232434271682,0.0014508112047754405,0.058801205322928735,mixture,64
mixture,0.0027500000000000007,2846.801013426454,5699.602026852908,5711.814240036916,18.40941415040098,0.0014298005253750793,0.06049046646321885,mixture,64
mixture,0.003250000000000001,2846.8342455759084,5699.668491151817,5711.880704335825,19.609711815589716,0.0014700730063048216,0.05728798174361561,mixture,64
mixture,0.0025000000000000005,2846.9613973660344,5699.922794732069,5712.135007916077,17.763625322823675,0.0014067595794252066,0.06239643005507678,mixture,64
mixture,0.0035000000000000014,2846.974293464067,5699.948586928134,5712.160800112142,20.172737157656833,0.0014878195541789866,0.05591936862524544,mixture,64
mixture,0.0037500000000000016,2847.1723374209505,5700.344674841901,5712.556888025909,20.71534287568416,0.0015042408767617817,0.05467174948736964,mixture,64
mixture,0.0022500000000000003,2847.2937592114636,5700.587518422927,5712.799731606935,17.079211042263477,0.0013813151683527778,0.06457791446798082,mixture,64
mixture,0.004000000000000002,2847.4156967047547,5700.8313934095095,5713.043606593517,21.240058564826178,0.001519500003302467,0.053526476674247286,mixture,64
mixture,0.004250000000000002,2847.694637858649,5701.389275717298,5713.601488901306,21.748589250002244,0.0015337297171302475,0.05246984654766912,mixture,64
mixture,0.002,2847.861389892493,5701.722779784986,5713.934992968994,16.346996622499383,0.001353082148894351,0.06712000799134064,mixture,64
mixture,0.004500000000000002,2848.0015927727163,5702.003185545433,5714.2153987294405,22.24287514163851,0.0015470445825703804,0.05148932918623502,mixture,64
mixture,0.0047500000000000025,2848.3306108277866,5702.661221655573,5714.873434839581,22.724213504686585,0.0015595417092449928,0.05057563756026715,mixture,64
mixture,0.005000000000000003,2848.6769675371597,5703.353935074319,5715.566148258327,23.19397225524591,0.001571300493796204,0.049720429466816485,mixture,64
mixture,0.005250000000000003,2849.0368799696153,5704.0737599392305,5716.285973123238,23.65260824940574,0.001582401989911294,0.048918440874156595,mixture,64
mixture,0.005500000000000003,2849.4072967744173,5704.814593548835,5717.0268067328425,24.101592932112137,0.0015928964517027714,0.04816269059096031,mixture,64
mixture,0.005750000000000003,2849.78574080587,5705.57148161174,5717.783694795748,24.541416068724526,0.0016028476556183562,0.047449059333178764,mixture,64
mixture,0.006000000000000004,2850.170189948929,5706.340379897858,5718.552593081866,24.972690630691314,0.0016123060654169772,0.046773580905725365,mixture,64
mixture,0.006250000000000004,2850.5589856822244,5707.117971364449,5719.330184548457,25.39633929845344,0.0016212952389965437,0.04613210608027334,mixture,64
mixture,0.006500000000000004,2850.950762244698,5707.901524489396,5720.113737673404,25.81275293831854,0.0016298582075680193,0.045521867172087525,mixture,64
mixture,0.006750000000000004,2851.3443912375187,5708.688782475037,5720.900995659045,26.222185880792217,0.0016380466559552977,0.044940542925948214,mixture,64
mixture,0.0070000000000000045,2851.7389379360593,5709.477875872119,5721.690089056126,26.625159662996467,0.0016458673038349141,0.0443856749881249,mixture,64
mixture,0.007250000000000005,2852.1336265391933,5710.267253078387,5722.479466262394,27.02229887663687,0.0016533510326242676,0.04385467910368523,mixture,64
mixture,0.007500000000000005,2852.527812321752,5711.055624643504,5723.267837827512,27.413501252318845,0.0016605399956292647,0.04334648261077574,mixture,64
mixture,0.007750000000000005,2852.9209592206453,5711.8419184412905,5724.054131625298,27.799421486332392,0.0016674297138508899,0.04285890254112535,mixture,64
mixture,0.008000000000000005,2853.312621572847,5712.625243145694,5724.837456329702,28.180579762779878,0.001674049204844998,0.04238999635166698,mixture,64
mixture,0.008250000000000006,2853.702429309766,5713.404858619532,5725.61707180354,28.556607473387082,0.0016804282022252006,0.041939524624003535,mixture,64
mixture,0.008500000000000006,2854.090075723723,5714.180151447446,5726.392364631454,28.928265730963794,0.0016865604738929092,0.041505461084861514,mixture,64
mixture,0.008750000000000006,2854.475307395328,5714.950614790656,5727.162827974664,29.295290630179977,0.0016924865948523566,0.041087431255278875,mixture,64
mixture,0.009000000000000006,2854.857915906936,5715.715831813872,5727.92804499788,29.658278552608564,0.001698199815778049,0.040683868566692545,mixture,64
mixture,0.009250000000000006,2855.2377313398574,5716.475462679715,5728.687675863723,30.016246361648708,0.0017036843129335484,0.04029595227949888,mixture,64
mixture,0.009750000000000007,2855.9884549627363,5717.976909925473,5730.1891231094805,30.7234899271172,0.0017142690622252061,0.0395531468132082,mixture,64
mixture,0.010000000000000007,2856.3591658100095,5718.718331620019,5730.930544804027,31.072158601529043,0.0017192166010100373,0.039199295616709144,mixture,64
mixture,0.05,2889.652007516526,5785.304015033052,5797.5162282170595,69.99639043063698,0.0019836977548961868,0.021209647505902585,mixture,64
mixture,0.1,2907.504615525566,5821.009231051132,5833.22144423514,103.35866679791931,0.0020929715782417816,0.016192959817658198,mixture,64
mixture,0.15000000000000002,2918.268568002971,5842.537136005942,5854.7493491899495,130.16670151403196,0.002165975223802536,0.013954137755341546,mixture,64
mixture,0.2,2925.912659534725,5857.82531906945,5870.037532253458,153.29405433758208,0.002223023629996122,0.01263294204482876,mixture,64
mixture,0.009500000000000007,2947.2595218737215,5900.519043747443,5912.731256931451,8.95134446110809,0.0021021800387866865,0.22347685652592317,mixture,64
mixture,0.25,2964.752920391128,5935.505840782256,5947.718053966264,98.33351769033516,0.0026091728002266166,0.29788978269402905,mixture,64
mixture,0.3,2964.8738377984155,5935.747675596831,5947.959888780839,117.34894709853982,0.002608716292982058,0.29789046649429013,mixture,64
mixture,0.35000000000000003,2964.9605288370362,5935.9210576740725,5948.13327085808,136.36458796110372,0.0026083862457682147,0.29789095993549963,mixture,64
mixture,0.4,2965.025724065778,5936.051448131556,5948.263661315564,155.38036151517824,0.0026081365319261768,0.2978913328611522,mixture,64
mixture,0.45,2965.076536834654,5936.153073669308,5948.365286853315,174.39622711811327,0.002607940965808689,0.29789162472770364,mixture,64
mixture,0.5,2965.1172536790823,5936.234507358165,5948.446720542172,193.4121613041565,0.0026077836102006576,0.297891857855881,mixture,64
null,,2965.301217284788,5932.602434569576,5936.673172297578,383.57266932177555,0.002607067916929997,,mixture,64
sum,,2982.3487369447057,5966.697473889411,5970.768211617414,565.9574592953605,0.0035338345084983585,,mixture,64
mixture,0.0022500000000000003,2736.244139702444,5478.488279404888,5490.536750883984,17.260720845486404,0.0011961750500769303,0.06487437088423148,mixture,65
mixture,0.002,2736.2491082914303,5478.498216582861,5490.546688061956,16.445759434594567,0.0011754563009879278,0.06768720834309454,mixture,65
mixture,0.0025000000000000005,2736.3818122979437,5478.763624595887,5490.812096074983,18.03061608397813,0.0012146259668342379,0.06245159886927713,mixture,65
mixture,0.0027500000000000007,2736.6194139213526,5479.238827842705,5491.287299321801,18.762389303333702,0.00123123951911312,0.060333836226651304,mixture,65
mixture,0.003000000000000001,2736.9281659124435,5479.856331824887,5491.904803303983,19.461941230311552,0.0012463064616059802,0.05845851765574127,mixture,65
mixture,0.003250000000000001,2737.2880866085598,5480.5761732171195,5492.624644696215,20.133167290432596,0.0012601042192795383,0.056781879769836355,mixture,65
mixture,0.0035000000000000014,2737.6849592285607,5481.3699184571215,5493.418389936217,20.77875635147121,0.0012728628786534367,0.05527191045883356,mixture,65
mixture,0.0037500000000000016,2738.1084629601305,5482.216925920261,5494.2653973993565,21.404197988458026,0.0012845731903369736,0.053895223734722844,mixture,65
mixture,0.004000000000000002,2738.550980341699,5483.101960683398,5495.150432162493,22.009046132515007,0.0012955236458952087,0.05263855645849168,mixture,65
mixture,0.004250000000000002,2739.00681057476,5484.01362114952,5496.062092628616,22.596148832645614,0.001305764255761661,0.0514829627182879,mixture,65
mixture,0.004500000000000002,2739.4716387713675,5484.943277542735,5496.99174902183,23.167582047398007,0.0013153324805853302,0.050414268507100644,mixture,65
mixture,0.0047500000000000025,2739.9421683384207,5485.8843366768415,5497.932808155937,23.72350355915388,0.0013244080302895146,0.04942395687725481,mixture,65
mixture,0.005000000000000003,2740.4158622863365,5486.831724572673,5498.8801960517685,24.266335645057,0.0013329479141610413,0.04850050255295826,mixture,65
mixture,0.005250000000000003,2740.8907568263653,5487.781513652731,5499.829985131826,24.796790382064508,0.0013410362237662532,0.04763693204963973,mixture,65
mixture,0.005500000000000003,2741.3653259574203,5488.730651914841,5500.779123393936,25.315716426864984,0.0013487155764621349,0.046826966854475634,mixture,65
mixture,0.005750000000000003,2741.8383811632466,5489.676762326493,5501.725233805589,25.823984755705027,0.001356021689823468,0.04606498339983354,mixture,65
mixture,0.006000000000000004,2742.308996352808,5490.617992705616,5502.666464184712,26.32227118615231,0.001362992736056293,0.04534631516831971,mixture,65
mixture,0.006250000000000004,2742.776451052164,5491.552902104328,5503.601373583423,26.81127207021348,0.001369652498325871,0.04466679418082949,mixture,65
mixture,0.006500000000000004,2743.240186959887,5492.480373919774,5504.52884539887,27.29182016042433,0.0013760087671203223,0.04402248429486142,mixture,65
mixture,0.006750000000000004,2743.6997743828433,5493.399548765687,5505.448020244782,27.76341469730244,0.00138212869918261,0.04341195218234106,mixture,65
mixture,0.0070000000000000045,2744.154886119965,5494.30977223993,5506.358243719025,28.228048420126175,0.0013880023174376631,0.04282973113658571,mixture,65
mixture,0.007250000000000005,2744.6052771759873,5495.210554351975,5507.25902583107,28.685117222930657,0.0013936458554730782,0.04227538036749214,mixture,65
mixture,0.007500000000000005,2745.050768373063,5496.101536746126,5508.150008225221,29.135360729892337,0.0013990759984598199,0.04174609322273766,mixture,65
mixture,0.007750000000000005,2745.4912336495745,5496.982467299149,5509.0309387782445,29.57901886579093,0.0014043128005798147,0.04124012495261741,mixture,65
mixture,0.008000000000000005,2745.9265897844352,5497.8531795688705,5509.901651047966,30.01641103018966,0.0014093688207501948,0.040755771077198626,mixture,65
mixture,0.008250000000000006,2746.3567881672825,5498.713576334565,5510.7620478136605,30.448060809117244,0.0014142449920498494,0.040291194308916034,mixture,65
mixture,0.008500000000000006,2746.7818081297883,5499.5636162595765,5511.612087738672,30.873889865407996,0.0014189757720817198,0.03984543477004176,mixture,65
mixture,0.008750000000000006,2747.201651612103,5500.403303224206,5512.451774703301,31.294423912369187,0.001423549199196238,0.0394169431658886,mixture,65
mixture,0.009000000000000006,2747.6163387397187,5501.232677479437,5513.281148958533,31.709812365300184,0.0014279815820945306,0.03900467612747859,mixture,65
mixture,0.009250000000000006,2748.0259042758007,5502.051808551601,5514.100280030697,32.12032144803488,0.0014322792927836925,0.03860754279904046,mixture,65
mixture,0.009500000000000007,2748.4303946909276,5502.860789381855,5514.909260860951,32.526077379378606,0.001436453986615745,0.03822469270819181,mixture,65
mixture,0.009750000000000007,2748.829865772861,5503.659731545722,5515.7082030248175,32.92740364840559,0.001440503759498228,0.037855129837994245,mixture,65
mixture,0.010000000000000007,2749.2243806422075,5504.448761284415,5516.4972327635105,33.3243407428826,0.001444445888474282,0.03749819505720817,mixture,65
mixture,0.05,2782.2820729250875,5570.564145850175,5582.6126173292705,76.6316276812167,0.0016751980758987464,0.020305909174356044,mixture,65
mixture,0.1,2799.189529882436,5604.379059764872,5616.427531243968,114.34054617625175,0.0017702291426783673,0.015557292243059531,mixture,65
mixture,0.15000000000000002,2849.9791665818875,5705.958333163775,5718.0068046428705,70.81665017985142,0.0022069504172805604,0.2982917593439492,mixture,65
mixture,0.2,2850.2865373940986,5706.573074788197,5718.621546267293,93.35534809797993,0.0022057179494243636,0.29829336176122107,mixture,65
mixture,0.25,2850.4724493251147,5706.944898650229,5718.993370129325,115.89485036943314,0.002204963623638298,0.2982943411870289,mixture,65
mixture,0.3,2850.5970194577676,5707.194038915535,5719.242510394631,138.43475741665617,0.002204454527942699,0.2982950017281529,mixture,65
mixture,0.35000000000000003,2850.686307518436,5707.372615036872,5719.4210865159675,160.97923455983062,0.002204027678516661,0.29829499672536675,mixture,65
mixture,0.4,2850.7534437266577,5707.506887453315,5719.555358932411,183.52899518913856,0.0022036435705034218,0.29829420210266994,mixture,65
mixture,0.45,2850.805764795695,5707.61152959139,5719.660001070485,206.06782798730913,0.0022034627093130235,0.29829479152071353,mixture,65
mixture,0.5,2850.847686795265,5707.69537359053,5719.743845069625,228.5995101238024,0.0022033874389192714,0.29829609184375616,mixture,65
null,,2851.0370406271118,5704.0740812542235,5708.090238413922,454.00273948950115,0.0022026298808778995,,mixture,65
sum,,2864.4511287251103,5730.9022574502205,5734.918414609919,655.2610806365421,0.003052218511218665,,mixture,65
mixture,0.0035000000000000014,2906.76737468404,5819.53474936808,5831.8222230553765,18.67607600045074,0.0016638192310511014,0.060129797968517196,mixture,66
mixture,0.003250000000000001,2906.7826320603726,5819.565264120745,5831.852737808042,18.112892719065524,0.001648650455396499,0.061750447589461306,mixture,66
mixture,0.0037500000000000016,2906.818997481332,5819.637994962664,5831.925468649961,19.219559766581412,0.0016778672927973653,0.05865614688222794,mixture,66
mixture,0.003000000000000001,2906.882593027558,5819.765186055116,5832.052659742412,17.527334763211982,0.0016321921078188987,0.06354642936168013,mixture,66
mixture,0.004000000000000002,2906.9239308056567,5819.847861611313,5832.13533529861,19.745467410576975,0.0016909427335526732,0.057307503348991755,mixture,66
mixture,0.004250000000000002,2907.07168210696,5820.14336421392,5832.430837901216,20.2557895304072,0.0017031362843926347,0.056065763165215186,mixture,66
mixture,0.0027500000000000007,2907.091095449551,5820.182190899102,5832.469664586399,16.916478440369488,0.0016141985103268362,0.06555314906403545,mixture,66
mixture,0.004500000000000002,2907.25402849342,5820.50805698684,5832.795530674136,20.75164659843659,0.0017145933665574761,0.05491772170363397,mixture,66
mixture,0.0025000000000000005,2907.4407079260395,5820.881415852079,5833.168889539375,16.276117452401905,0.001594409212782686,0.06781959500127212,mixture,66
mixture,0.0047500000000000025,2907.464450033135,5820.92890006627,5833.216373753567,21.23472045994923,0.0017253537617117549,0.05385067680471275,mixture,66
mixture,0.005000000000000003,2907.697723697879,5821.395447395758,5833.682921083055,21.70597646027839,0.001735502726224939,0.05285533870661021,mixture,66
mixture,0.005250000000000003,2907.9496274263406,5821.899254852681,5834.186728539978,22.166251235516683,0.0017451163688070098,0.051923869083418304,mixture,66
mixture,0.0022500000000000003,2907.97707435277,5821.95414870554,5834.241622392837,15.60195004357105,0.0015723843954466889,0.07040786411821345,mixture,66
mixture,0.005500000000000003,2908.216720973585,5822.43344194717,5834.720915634466,22.6170554042125,0.0017541807460097444,0.0510479362493648,mixture,66
mixture,0.005750000000000003,2908.496180985772,5822.992361971544,5835.27983565884,23.057806277000683,0.0017628586057485509,0.050224644267191684,mixture,66
mixture,0.002,2908.7661672923623,5823.532334584725,5835.819808272021,14.885535942628277,0.0015477859271464508,0.07341815733194684,mixture,66
mixture,0.006000000000000004,2908.785676110814,5823.571352221628,5835.858825908925,23.490291283768546,0.0017710933410036362,0.049446454886887176,mixture,66
mixture,0.006250000000000004,2909.083270178111,5824.166540356222,5836.454014043518,23.914816301063105,0.0017789415886953442,0.04870967452868453,mixture,66
mixture,0.006500000000000004,2909.3873473662316,5824.774694732463,5837.0621684197595,24.33189879899774,0.0017864287394408697,0.04801058219757411,mixture,66
mixture,0.006750000000000004,2909.696553334131,5825.393106668262,5837.680580355558,24.741380630999085,0.001793599098742067,0.0473472257956438,mixture,66
mixture,0.0070000000000000045,2910.009748840191,5826.019497680382,5838.306971367679,25.147200755705104,0.0018004670608858181,0.04670892426950448,mixture,66
mixture,0.007250000000000005,2910.325969624047,5826.651939248094,5838.9394129353905,25.54221738163305,0.0018070994654009321,0.04610951497548244,mixture,66
mixture,0.007500000000000005,2910.6444031307683,5827.288806261537,5839.576279948833,25.933361766556818,0.001813444945723604,0.04553256302360324,mixture,66
mixture,0.007750000000000005,2910.964356948911,5827.928713897822,5840.216187585118,26.319130445436905,0.0018195396951282577,0.04497998555359007,mixture,66
mixture,0.008000000000000005,2911.2852427724306,5828.570485544861,5840.857959232158,26.699373784560727,0.0018254285155380003,0.044450735313487734,mixture,66
mixture,0.008250000000000006,2911.6065594172396,5829.213118834479,5841.500592521776,27.074510625105642,0.0018311125655203586,0.04394291591685905,mixture,66
mixture,0.008500000000000006,2911.9278799016583,5829.855759803317,5842.143233490613,27.44683941409775,0.0018365652955276942,0.04345132867435837,mixture,66
mixture,0.008750000000000006,2912.2488377378995,5830.497675475799,5842.785149163095,27.811114441076835,0.001841859785648579,0.04298479220197164,mixture,66
mixture,0.009250000000000006,2912.888469343994,5831.776938687988,5844.0644123752845,28.532670978618864,0.0018518413908628771,0.04209215043394552,mixture,66
mixture,0.009500000000000007,2913.206648192897,5832.413296385794,5844.70077007309,28.882871573584886,0.0018567724963995797,0.04167636762654281,mixture,66
mixture,0.009750000000000007,2913.523468119397,5833.046936238794,5845.33440992609,29.232924442825034,0.0018613942845254266,0.041269159794681265,mixture,66
mixture,0.010000000000000007,2913.838763780507,5833.677527561014,5845.965001248311,29.578248774171826,0.0018659431922128694,0.04087694876609419,mixture,66
mixture,0.05,2944.4800715279835,5894.960143055967,5907.247616743263,66.32438669150609,0.0021410302058474722,0.02210785965063708,mixture,66
mixture,0.1,2961.9733196570924,5929.946639314185,5942.234113001481,96.1150397254429,0.002272326846502614,0.01727205669742212,mixture,66
mixture,0.5,3003.5537162194255,6013.107432438851,6025.394906126147,238.12430602844006,0.0026232812000799603,0.010521151862228628,mixture,66
mixture,0.009000000000000006,3004.4015256450257,6014.803051290051,6027.090524977348,8.200990904446591,0.0022977430069328953,0.2313202599602552,mixture,66
mixture,0.15000000000000002,3018.3341782239468,6042.6683564478935,6054.95583013519,56.51837696794263,0.002795212570290141,0.297702929204365,mixture,66
mixture,0.2,3018.5493421525507,6043.098684305101,6055.386157992398,74.25436546292498,0.0027945788876654588,0.29770409696680544,mixture,66
mixture,0.25,3018.679373621534,6043.358747243068,6055.6462209303645,91.99071441197935,0.0027941877197166,0.29770481223043205,mixture,66
mixture,0.3,3018.7664551712105,6043.532910342421,6055.820384029717,109.72725138987767,0.002793922178067804,0.2977052955236655,mixture,66
mixture,0.35000000000000003,3018.828850853216,6043.657701706432,6055.945175393728,127.46389601132529,0.00279373017013431,0.2977056440223442,mixture,66
mixture,0.4,3018.8757546607153,6043.751509321431,6056.038983008727,145.2006105014937,0.0027935848372689608,0.29770590731160773,mixture,66
mixture,0.45,3018.9122991173585,6043.824598234717,6056.1120719220135,162.93738012606843,0.0027934708662617595,0.29770611344642334,mixture,66
null,,3019.0737620449186,6040.147524089837,6044.24334865227,358.0425276398132,0.0027929643067596396,,mixture,66
sum,,3035.26143008266,6072.52286016532,6076.618684727752,529.5323184954266,0.003776917725593501,,mixture,66
mixture,0.003250000000000001,2658.3379600307635,5322.675920061527,5334.672729747367,22.856595176787128,0.0012391816040629524,0.04926139667945187,mixture,67
mixture,0.0035000000000000014,2658.3780505000036,5322.756101000007,5334.752910685847,23.49430733348176,0.001257852751092963,0.04811269868897374,mixture,67
mixture,0.003000000000000001,2658.378766386795,5322.75753277359,5334.7543424594305,22.193502914000803,0.0012188533604723672,0.05052661915031035,mixture,67
mixture,0.0037500000000000016,2658.48148562571,5322.96297125142,5334.95978093726,24.109748908324473,0.0012750979623575704,0.04706218941455686,mixture,67
mixture,0.0027500000000000007,2658.5240926818415,5323.048185363683,5335.044995049523,21.501475312577433,0.0011966063655992369,0.05193115316506629,mixture,67
mixture,0.004000000000000002,2658.634982382216,5323.269964764432,5335.266774450272,24.706012712522057,0.0012910375804248391,0.04609461617799667,mixture,67
mixture,0.0025000000000000005,2658.806428998225,5323.61285799645,5335.60966768229,20.77565964484779,0.0011720594073794848,0.05350630730893779,mixture,67
mixture,0.004250000000000002,2658.828328434585,5323.65665686917,5335.65346655501,25.28299917850617,0.0013060229543938812,0.045202097437329704,mixture,67
mixture,0.004500000000000002,2659.0535657063274,5324.107131412655,5336.103941098495,25.844658814621905,0.0013199751291216328,0.04437163589318437,mixture,67
mixture,0.0022500000000000003,2659.2716309344814,5324.543261868963,5336.540071554803,20.009725231663857,0.0011447647963294587,0.0552946045955073,mixture,67
mixture,0.0047500000000000025,2659.304417903703,5324.608835807406,5336.605645493246,26.39141438104585,0.0013330954129827054,0.04359724263776729,mixture,67
mixture,0.005000000000000003,2659.5758841107804,5325.151768221561,5337.148577907401,26.923888264039547,0.0013454569746282397,0.04287374064441085,mixture,67
mixture,0.005250000000000003,2659.8639426901104,5325.727885380221,5337.724695066061,27.444311300758233,0.0013571425989799173,0.04219352994010784,mixture,67
mixture,0.002,2659.986479640018,5325.972959280036,5337.969768965876,19.19561597339892,0.0011141110424289706,0.05735479641223769,mixture,67
mixture,0.005500000000000003,2660.1653334216307,5326.3306668432615,5338.327476529102,27.95510428532294,0.0013681717056821926,0.041549786535413705,mixture,67
mixture,0.005750000000000003,2660.477395524022,5326.954791048044,5338.951600733884,28.453999682354812,0.0013786606790590556,0.04094380105563666,mixture,67
mixture,0.006000000000000004,2660.7979424277605,5327.595884855521,5339.592694541361,28.942907345608567,0.0013886413760727326,0.04037017526510839,mixture,67
mixture,0.006250000000000004,2661.125168091221,5328.250336182442,5340.247145868282,29.42296226171448,0.0013981350720508171,0.039825314802085614,mixture,67
mixture,0.006500000000000004,2661.4575732186167,5328.9151464372335,5340.911956123074,29.893148491816753,0.0014072647023951896,0.03930876849521436,mixture,67
mixture,0.006750000000000004,2661.7939081420154,5329.587816284031,5341.584625969871,30.355842297623667,0.0014159684135014138,0.03881583005430651,mixture,67
mixture,0.0070000000000000045,2662.133127162473,5330.266254324946,5342.263064010786,30.810689633230115,0.001424314399263146,0.03834562473672563,mixture,67
mixture,0.007250000000000005,2662.4743526333173,5330.9487052666345,5342.945514952475,31.25820474247696,0.0014323270163291268,0.037896267239266763,mixture,67
mixture,0.007500000000000005,2662.816845991021,5331.633691982042,5343.6305016678825,31.698834520799707,0.0014400308963414736,0.03746610176492232,mixture,67
mixture,0.007750000000000005,2663.1599843929835,5332.319968785967,5344.316778471807,32.13280664370093,0.0014474543534379052,0.03705387045102203,mixture,67
mixture,0.008000000000000005,2663.50324173341,5333.00648346682,5345.00329315266,32.560511903757956,0.0014546018221409125,0.03665829347512946,mixture,67
mixture,0.008250000000000006,2663.8461731144944,5333.692346228989,5345.689155914829,32.982280899186186,0.0014615006420231858,0.03627814177721028,mixture,67
mixture,0.008500000000000006,2664.1884020821435,5334.376804164287,5346.373613850127,33.398243529955266,0.0014681736127051745,0.035912544005201476,mixture,67
mixture,0.008750000000000006,2664.529610092543,5335.059220185086,5347.056029870926,33.80890861871417,0.001474618664298762,0.035560319761756824,mixture,67
mixture,0.009000000000000006,2664.8695277316456,5335.739055463291,5347.735865149131,34.21427877845458,0.0014808629187253752,0.035220852055097646,mixture,67
mixture,0.009250000000000006,2665.2079274296625,5336.415854859325,5348.412664545165,34.61477553800502,0.0014869099271681385,0.034893155876479086,mixture,67
mixture,0.009500000000000007,2665.544617318417,5337.089234636834,5349.086044322674,35.01028793576848,0.0014927809447389307,0.03457685897562588,mixture,67
mixture,0.009750000000000007,2665.879436104775,5337.75887220955,5349.75568189539,35.4011334602351,0.0014984839219413083,0.03427116031365349,mixture,67
mixture,0.010000000000000007,2666.212248715694,5338.424497431388,5350.421307117228,35.7876393063133,0.001504020700158486,0.03397532437422484,mixture,67
mixture,0.05,2697.8939112354774,5401.787822470955,5413.784632156795,76.28512633034846,0.0018329247185309748,0.01938525514186885,mixture,67
mixture,0.1,2722.6644720394047,5451.328944078809,5463.32575376465,96.19307718444705,0.0018533120275583197,0.0213090265913228,mixture,67
mixture,0.15000000000000002,2731.2854899079443,5468.570979815889,5480.567789501729,119.14251652937489,0.002013284342592618,0.019042331007540103,mixture,67
mixture,0.25,2739.7111490545467,5485.422298109093,5497.419107794934,181.84787482669034,0.0021598809303162926,0.01134631543215234,mixture,67
mixture,0.2,2771.867385685475,5549.73477137095,5561.73158105679,83.01201834554574,0.002489806493513725,0.2980081127520558,mixture,67
mixture,0.3,2772.1123296446985,5550.224659289397,5562.221468975237,122.88579110620887,0.0024888649019140464,0.2980099155709431,mixture,67
mixture,0.35000000000000003,2772.1827595161626,5550.365519032325,5562.362328718165,142.81753797448525,0.002488686985651361,0.298010761105105,mixture,67
mixture,0.4,2772.235712222381,5550.471424444762,5562.4682341306025,162.75424096973228,0.002488476905830102,0.29801107541871974,mixture,67
mixture,0.45,2772.276975765885,5550.55395153177,5562.55076121761,182.69102764806993,0.002488312394205765,0.2980113213454539,mixture,67
mixture,0.5,2772.3100359748714,5550.620071949743,5562.616881635583,202.62786844574754,0.0024881801373393075,0.29801151772149076,mixture,67
null,,2772.4593533455463,5546.918706691093,5550.917643253039,401.9974727200933,0.0024875778278742803,,mixture,67
sum,,2788.6633830034752,5579.3267660069505,5583.325702568897,591.3705376818695,0.0033819743672720967,,mixture,67
mixture,0.005500000000000003,2972.1564558319487,5950.3129116638975,5962.613868519958,22.85798720204891,0.0016096605794709486,0.05115446605556024,mixture,68
mixture,0.005250000000000003,2972.168049601756,5950.336099203512,5962.637056059572,22.44105279177065,0.0015987017649117057,0.051925814172827524,mixture,68
mixture,0.005750000000000003,2972.171704444653,5950.343408889306,5962.6443657453665,23.266532048178078,0.0016200336230935272,0.05042545799170848,mixture,68
mixture,0.006000000000000004,2972.2101095946286,5950.420219189257,5962.721176045317,23.66678622754735,0.001629912815600036,0.04973579053155557,mixture,68
mixture,0.005000000000000003,2972.210875429199,5950.421750858398,5962.722707714458,22.01360748778706,0.001587236941090179,0.05274742744242972,mixture,68
mixture,0.0047500000000000025,2972.290198511399,5950.580397022798,5962.881353878858,21.575787564001825,0.0015750646945886242,0.053623272610035494,mixture,68
mixture,0.006500000000000004,2972.3443993149567,5950.688798629913,5962.989755485974,24.445356160771443,0.001648277162043633,0.04845905420188847,mixture,68
mixture,0.004500000000000002,2972.4123826992954,5950.824765398591,5963.125722254651,21.126723669104745,0.0015621573962039386,0.05455962831043065,mixture,68
mixture,0.006750000000000004,2972.4353754299746,5950.870750859949,5963.171707716009,24.824166228697834,0.0016568807811548371,0.047866902214975894,mixture,68
mixture,0.0070000000000000045,2972.5395435032015,5951.079087006403,5963.380043862463,25.197296562445565,0.0016651054159513901,0.047300673638019444,mixture,68
mixture,0.004250000000000002,2972.585186182113,5951.170372364226,5963.471329220286,20.665063168532573,0.001548433112676349,0.05556531146819674,mixture,68
mixture,0.007250000000000005,2972.655228892324,5951.310457784648,5963.611414640708,25.56408090754483,0.0016729907031817152,0.046760503335476745,mixture,68
mixture,0.007500000000000005,2972.780981527314,5951.561963054628,5963.862919910688,25.925580430596305,0.001680581350727099,0.04624271744347445,mixture,68
mixture,0.004000000000000002,2972.818157962318,5951.636315924636,5963.937272780696,20.189540794834528,0.0015337944065422846,0.05665003968963102,mixture,68
mixture,0.007750000000000005,2972.9155408145143,5951.831081629029,5964.132038485089,26.281801277052075,0.0016878838625303458,0.045746354063822214,mixture,68
mixture,0.008000000000000005,2973.0578069924804,5952.115613984961,5964.416570841021,26.632757672174776,0.0016948845343410293,0.045270608462694796,mixture,68
mixture,0.0037500000000000016,2973.1231779212176,5952.246355842435,5964.547312698495,19.698226103920188,0.001518141258899827,0.057827037604391035,mixture,68
mixture,0.008250000000000006,2973.2068178727027,5952.413635745405,5964.7145926014655,26.9793848999979,0.0017016444263626336,0.04481243587123739,mixture,68
mixture,0.008500000000000006,2973.3617286389385,5952.723457277877,5965.024414133937,27.321594926233132,0.00170816861358599,0.04437133927496616,mixture,68
mixture,0.0035000000000000014,2973.515205812787,5953.030411625574,5965.331368481634,19.189092617437957,0.0015013564101832863,0.059111866249517545,mixture,68
mixture,0.008750000000000006,2973.5217957410337,5953.043591482067,5965.344548338127,27.659700322507533,0.0017144812523400884,0.043945952805450696,mixture,68
mixture,0.009000000000000006,2973.6863628767505,5953.372725753501,5965.673682609561,27.99338462899034,0.0017205572325820464,0.04353647795367128,mixture,68
mixture,0.009250000000000006,2973.8548496582353,5953.7096993164705,5966.010656172531,28.323701443925902,0.0017264519039644009,0.04314006144918183,mixture,68
mixture,0.003250000000000001,2974.0133404177413,5954.026680835483,5966.327637691543,18.66102368628085,0.0014832141302032309,0.0605197269747553,mixture,68
mixture,0.009500000000000007,2974.026741371158,5954.053482742316,5966.354439598376,28.65000497740577,0.0017321469698542483,0.04275758231771285,mixture,68
mixture,0.009750000000000007,2974.2015808569304,5954.403161713861,5966.704118569921,28.972856467811074,0.00173767378719803,0.0423873789326324,mixture,68
mixture,0.010000000000000007,2974.37896120165,5954.7579224033,5967.05887925936,29.29273916237996,0.0017430333037859822,0.04202819737792695,mixture,68
mixture,0.003000000000000001,2974.642352330968,5955.284704661936,5967.585661517996,18.109819367608086,0.0014635774074636997,0.06207951804985406,mixture,68
mixture,0.0027500000000000007,2975.4349589654457,5956.8699179308915,5969.170874786952,17.532343408137365,0.0014422071526923607,0.06382177870269115,mixture,68
mixture,0.0025000000000000005,2976.4353054077515,5958.870610815503,5971.171567671563,16.923947976271123,0.0014188038183175348,0.06578990638381439,mixture,68
mixture,0.0022500000000000003,2977.704479643331,5961.408959286662,5973.709916142722,16.27851975892913,0.00139301122752798,0.06804396413197485,mixture,68
mixture,0.002,2979.3296243796467,5964.659248759293,5976.9602056153535,15.58802281436622,0.0013644073765889182,0.07066895128417774,mixture,68
mixture,0.05,2996.5190469460485,5999.038093892097,6011.339050748157,65.22894635785087,0.0020249762809820054,0.02343520709767506,mixture,68
mixture,0.1,3009.989770584166,6025.979541168332,6038.280498024392,97.50150329014609,0.0021255513097536843,0.017837717607516235,mixture,68
mixture,0.006250000000000004,3039.2478158098443,6084.4956316196885,6096.796588475749,7.315232429100711,0.002116815739310902,0.2277840645623857,mixture,68
mixture,0.15000000000000002,3054.400661869234,6114.801323738468,6127.102280594529,60.49305555112681,0.0026023728446764737,0.29789527563105006,mixture,68
mixture,0.2,3054.5864609936953,6115.1729219873905,6127.473878843451,79.55119183935484,0.002601940978863481,0.2978963873149212,mixture,68
mixture,0.25,3054.6988387847273,6115.397677569455,6127.698634425515,98.6040161340352,0.002601825801139127,0.29789746013575785,mixture,68
mixture,0.3,3054.7741345438417,6115.548269087683,6127.8492259437435,117.66156260380163,0.002601642634394982,0.29789779880804695,mixture,68
mixture,0.35000000000000003,3054.82810427578,6115.65620855156,6127.95716540762,136.71922130817717,0.0026015096672252435,0.29789804356291544,mixture,68
mixture,0.4,3054.8686844547,6115.7373689094,6128.03832576546,155.77695312016053,0.0026014087253827703,0.29789822880088673,mixture,68
mixture,0.45,3054.900308042539,6115.800616085078,6128.101572941138,174.83473057035272,0.0026013295410713087,0.2978983738561084,mixture,68
mixture,0.5,3054.9256456119265,6115.851291223853,6128.152248079913,193.89255070750156,0.002601265623839909,0.2978984897338488,mixture,68
null,,3055.040092853006,6112.080185706012,6116.180504658032,384.47129927038316,0.002600974381957027,,mixture,68
sum,,3068.6136177188564,6139.227235437713,6143.3275543897325,560.8557374589523,0.003565979389033843,,mixture,68
mixture,0.0035000000000000014,2726.148279445011,5458.296558890022,5470.381394450715,19.500470403326688,0.0015662233102095525,0.0577152673207798,mixture,69
mixture,0.0037500000000000016,2726.163787225485,5458.32757445097,5470.412410011662,20.09919621401551,0.0015783696114917453,0.05621122988095431,mixture,69
mixture,0.003250000000000001,2726.1965028288055,5458.393005657611,5470.477841218303,18.8780758861787,0.0015532831714922524,0.059380782596543,mixture,69
mixture,0.004000000000000002,2726.230483709014,5458.460967418028,5470.5458029787205,20.67676166830944,0.0015898172717994591,0.05484355223092909,mixture,69
mixture,0.003000000000000001,2726.3248493218925,5458.649698643785,5470.734534204477,18.228788104203115,0.0015394546272004728,0.061240613081156366,mixture,69
mixture,0.004250000000000002,2726.338624826065,5458.67724965213,5470.762085212822,21.235664608385417,0.0016006169415536831,0.0535913080625805,mixture,69
mixture,0.004500000000000002,2726.480539543405,5458.96107908681,5471.045914647502,21.777479278495914,0.001610850606216058,0.05243910547882339,mixture,69
mixture,0.0027500000000000007,2726.555122390791,5459.110244781582,5471.195080342274,17.548404493911015,0.0015246333575306826,0.06333880587894886,mixture,69
mixture,0.0047500000000000025,2726.650118234893,5459.300236469786,5471.385072030478,22.30388398909104,0.0016205626883081768,0.05137356656912825,mixture,69
mixture,0.005000000000000003,2726.842444674463,5459.684889348926,5471.769724909618,22.8160501393256,0.001629813408590631,0.050384302363171256,mixture,69
mixture,0.0025000000000000005,2726.9169268980113,5459.833853796023,5471.918689356715,16.83229665042777,0.0015086531896194618,0.06573229286667936,mixture,69
mixture,0.005250000000000003,2727.0535268032386,5460.107053606477,5472.191889167169,23.31528212671036,0.0016386287745785656,0.049462036537380835,mixture,69
mixture,0.005500000000000003,2727.2800966228306,5460.560193245661,5472.645028806353,23.80254180506313,0.0016470650412474315,0.04859927388636023,mixture,69
mixture,0.0022500000000000003,2727.4514523840253,5460.902904768051,5472.987740328743,16.073272081494814,0.0014914084446226562,0.06850499664264419,mixture,69
mixture,0.005750000000000003,2727.5194595008998,5461.0389190017995,5473.123754562492,24.27901173215207,0.0016551049670339919,0.04778919555189512,mixture,69
mixture,0.006000000000000004,2727.7693790718695,5461.538758143739,5473.623593704431,24.7447598237252,0.0016628537419827217,0.0470276424125714,mixture,69
mixture,0.006250000000000004,2728.0279886352464,5462.055977270493,5474.140812831185,25.201133507007643,0.0016702774247045395,0.04630872263218663,mixture,69
mixture,0.002,2728.2177101100838,5462.4354202201675,5474.52025578086,15.26247367675924,0.001472742190473558,0.07177551686672673,mixture,69
mixture,0.006500000000000004,2728.2937218278535,5462.587443655707,5474.672279216399,25.648506759522768,0.0016774208744414838,0.045628839249279574,mixture,69
mixture,0.006750000000000004,2728.5652582245057,5463.130516449011,5475.215352009704,26.087466704167845,0.0016842974646069481,0.044984431587534374,mixture,69
mixture,0.0070000000000000045,2728.8414800668297,5463.682960133659,5475.767795694352,26.51862586855828,0.0016909221887793989,0.04437220768379386,mixture,69
mixture,0.007250000000000005,2729.1214376326334,5464.242875265267,5476.327710825959,26.9422493459344,0.0016973241135589785,0.043789770254097464,mixture,69
mixture,0.007500000000000005,2729.404321340873,5464.808642681746,5476.8934782424385,27.359079860777214,0.0017034937941526605,0.04323419953037427,mixture,69
mixture,0.007750000000000005,2729.6894390100388,5465.3788780200775,5477.46371358077,27.76889999711527,0.0017094875519817966,0.042704276834714804,mixture,69
mixture,0.008000000000000005,2729.9761974296716,5465.952394859343,5478.0372304200355,28.172727471972035,0.0017152728698443072,0.04219706054269264,mixture,69
mixture,0.008500000000000006,2730.5526692722497,5467.105338544499,5479.1901741051915,28.962464299203646,0.0017263320599548457,0.04124593899222237,mixture,69
mixture,0.008750000000000006,2730.841566313841,5467.683132627682,5479.767968188375,29.34916969630642,0.0017316137291778677,0.040798763090508734,mixture,69
mixture,0.009000000000000006,2731.1304521002585,5468.260904200517,5480.345739761209,29.730691352675127,0.0017367475117371226,0.04036891577546069,mixture,69
mixture,0.009250000000000006,2731.4190451197896,5468.838090239579,5480.9229258002715,30.10731858291924,0.0017417359543003804,0.0399551952152688,mixture,69
mixture,0.009750000000000007,2731.9944132600226,5469.988826520045,5482.073662080737,30.846690556140384,0.001751312590239857,0.0391721529293544,mixture,69
mixture,0.010000000000000007,2732.2807978258215,5470.561595651643,5482.646431212335,31.213198993596453,0.0017558417722041224,0.03879625794007201,mixture,69
mixture,0.05,2767.3085496840495,5540.617099368099,5552.701934928791,60.916401677822876,0.001907219592031971,0.02737734170063789,mixture,69
mixture,0.1,2777.2509747621525,5560.501949524305,5572.586785084997,101.98117231474114,0.002156691932163189,0.01618301511673305,mixture,69
mixture,0.15000000000000002,2787.2783841835526,5580.556768367105,5592.641603927797,127.75284902586753,0.002236447905418629,0.014007401207077308,mixture,69
mixture,0.008250000000000006,2811.6838687184736,5629.367737436947,5641.452572997639,8.629445089907716,0.002077734602022158,0.21287787872176545,mixture,69
mixture,0.009500000000000007,2813.5260684720292,5633.0521369440585,5645.136972504751,8.84177639482072,0.0021737957107746883,0.2215120260219769,mixture,69
mixture,0.4,2820.8139534289603,5647.627906857921,5659.712742418613,276.7640899421923,0.009300539171498022,0.0025667808938240506,mixture,69
mixture,0.2,2831.0649206784346,5668.129841356869,5680.2146769175615,76.64076579734032,0.0027043711659386497,0.297794075102536,mixture,69
mixture,0.25,2831.236788368196,5668.473576736392,5680.558412297084,94.9833890248813,0.0027037292783589073,0.29779509692854345,mixture,69
mixture,0.3,2831.351935271575,5668.70387054315,5680.788706103842,113.32631730709917,0.0027032941833971765,0.29779578737939355,mixture,69
mixture,0.35000000000000003,2831.4344640118807,5668.868928023761,5680.953763584454,131.66942150001805,0.002702979860657155,0.29779628526434176,mixture,69
mixture,0.45,2831.5448692947107,5669.089738589421,5681.174574150114,168.355929509414,0.0027025560743418196,0.29779695565369296,mixture,69
mixture,0.5,2831.5836107871783,5669.1672215743565,5681.252057135049,186.6993070405001,0.002702405992819786,0.29779719076593264,mixture,69
null,,2831.7585920410547,5665.517184082109,5669.54546260234,370.1336711964592,0.0027017266404526083,,mixture,69
sum,,2848.0912049089875,5698.182409817975,5702.210688338206,547.0888961752873,0.0036557130184546823,,mixture,69
mixture,0.0035000000000000014,2821.860421898727,5649.720843797454,5661.905214554238,22.284984936305214,0.0013385286809422903,0.05066045788112216,mixture,70
mixture,0.003250000000000001,2821.8826749097207,5649.765349819441,5661.949720576225,21.55517152363777,0.0013262987626632922,0.05217290740082361,mixture,70
mixture,0.0037500000000000016,2821.9032970458743,5649.806594091749,5661.990964848533,22.982532667219367,0.0013502951699119119,0.04930621856525524,mixture,70
mixture,0.003000000000000001,2821.986459687092,5649.972919374184,5662.157290130968,20.788010523710383,0.001313615229233432,0.0538795527256635,mixture,70
mixture,0.004000000000000002,2821.9986557098355,5649.997311419671,5662.181682176455,23.651279409178628,0.0013615970036828942,0.0480844603768166,mixture,70
mixture,0.004250000000000002,2822.1366131585864,5650.273226317173,5662.457597073957,24.29507553048897,0.0013724468796864591,0.046972848145700186,mixture,70
mixture,0.0027500000000000007,2822.193403844888,5650.386807689776,5662.57117844656,19.977291089067826,0.0013005226077147172,0.055828449454260194,mixture,70
mixture,0.004500000000000002,2822.309346659739,5650.618693319478,5662.803064076262,24.916428608406544,0.0013828641670928746,0.04595538824988086,mixture,70
mixture,0.0047500000000000025,2822.51059809805,5651.0211961961,5663.2055669528845,25.517687938569285,0.00139286699271281,0.0450187491499539,mixture,70
mixture,0.0025000000000000005,2822.532567665331,5651.065135330662,5663.249506087446,19.11518802569386,0.0012871074292519975,0.05808587995946013,mixture,70
mixture,0.005000000000000003,2822.7353128713326,5651.470625742665,5663.654996499449,26.10072195921389,0.001402479806093613,0.04415234723102269,mixture,70
mixture,0.005250000000000003,2822.979373531266,5651.958747062532,5664.143117819316,26.667106852974353,0.0014117288245459841,0.04334750864695931,mixture,70
mixture,0.0022500000000000003,2823.043888299474,5652.087776598948,5664.272147355732,18.191821386730712,0.0012735193283664819,0.06074557854009684,mixture,70
mixture,0.005500000000000003,2823.239400470756,5652.478800941512,5664.6631716982965,27.218697159308128,0.001420600381145195,0.04259630651683811,mixture,70
mixture,0.005750000000000003,2823.512600675301,5653.025201350602,5665.2095721073865,27.75582832762577,0.00142919373317244,0.04189388435584399,mixture,70
mixture,0.002,2823.7837846144753,5653.567569228951,5665.751939985735,17.194637250024506,0.0012600006436372536,0.06394428682249108,mixture,70
mixture,0.006000000000000004,2823.796652035002,5653.593304070004,5665.777674826788,28.281188764022847,0.0014374137389257277,0.0412327937670802,mixture,70
mixture,0.006250000000000004,2824.0896129639877,5654.1792259279755,5666.36359668476,28.792990161283942,0.0014454303030204594,0.04061258155127129,mixture,70
mixture,0.006500000000000004,2824.3898526002977,5654.779705200595,5666.9640759573795,29.294525611139733,0.0014531372049378486,0.04002587294761462,mixture,70
mixture,0.006750000000000004,2824.6959946188736,5655.391989237747,5667.576359994531,29.785920309798577,0.001460575593570734,0.03947035670697833,mixture,70
mixture,0.0070000000000000045,2825.006873131084,5656.013746262168,5668.198117018952,30.26748326171129,0.001467775838862686,0.03894367702969959,mixture,70
mixture,0.007250000000000005,2825.321497195835,5656.64299439167,5668.827365148454,30.741433545747487,0.0014747183862592274,0.038441074453211814,mixture,70
mixture,0.007500000000000005,2825.639021211138,5657.278042422276,5669.46241317906,31.204000306417118,0.001481513164035192,0.037966294130977435,mixture,70
mixture,0.007750000000000005,2825.9587230562292,5657.9174461124585,5670.101816869243,31.659699883700725,0.0014880832450248254,0.0375118264180158,mixture,70
mixture,0.008000000000000005,2826.2799833261433,5658.559966652287,5670.744337409071,32.10867417451631,0.001494415791553997,0.037076611328675804,mixture,70
mixture,0.008250000000000006,2826.6022701632187,5659.204540326437,5671.3889110832215,32.549137833854196,0.0015006375492742357,0.036661587493761284,mixture,70
mixture,0.008500000000000006,2826.9251262446087,5659.850252489217,5672.0346232460015,32.98372852937554,0.0015066360381320897,0.03626286450733202,mixture,70
mixture,0.008750000000000006,2827.248157618198,5660.496315236396,5672.68068599318,33.411686766039224,0.001512476741544686,0.03588043866355137,mixture,70
mixture,0.009000000000000006,2827.5710246874314,5661.142049374863,5673.326420131647,33.83315823175156,0.0015181794690101813,0.03551334205836306,mixture,70
mixture,0.009250000000000006,2827.893434561769,5661.786869123538,5673.971239880322,34.248840886672255,0.001523725655838137,0.035160166424004775,mixture,70
mixture,0.009500000000000007,2828.2151345362668,5662.4302690725335,5674.614639829318,34.65908169732727,0.0015291310640848366,0.03481986809685832,mixture,70
mixture,0.009750000000000007,2828.535906637789,5663.071813275578,5675.256184032362,35.0637653666591,0.001534397576240212,0.034492091062993765,mixture,70
mixture,0.010000000000000007,2828.85556296143,5663.71112592286,5675.895496679645,35.46304905993351,0.0015395511233365635,0.03417605584130867,mixture,70
mixture,0.05,2860.9693350846474,5727.938670169295,5740.123040926079,75.72983572978012,0.0018758217325767258,0.019358184169314754,mixture,70
mixture,0.1,2879.6387789126543,5765.277557825309,5777.461928582093,107.73322813194284,0.002028323771951501,0.015402668230255729,mixture,70
mixture,0.15000000000000002,2891.0712990081465,5788.142598016293,5800.326968773077,133.4591560580006,0.002119914858323328,0.013556273454651744,mixture,70
mixture,0.2,2899.2104029928796,5804.420805985759,5816.605176742543,155.89720127380428,0.0021861177401790175,0.012420273392292762,mixture,70
mixture,0.25,2940.25164172593,5886.50328345186,5898.687654208644,99.29440632860872,0.002583260849582615,0.2979149064597616,mixture,70
mixture,0.3,2940.3639433498306,5886.727886699661,5898.912257456445,118.49163985684694,0.002583045218621615,0.297916142536466,mixture,70
mixture,0.35000000000000003,2940.4444337387117,5886.888867477423,5899.073238234208,137.69526461835198,0.0025827695393204992,0.29791658077676125,mixture,70
mixture,0.4,2940.5049538754706,5887.009907750941,5899.194278507725,156.89900360969267,0.0025825609340892532,0.2979169119083949,mixture,70
mixture,0.45,2940.5521157820103,5887.104231564021,5899.288602320805,176.1028257261308,0.0025823974891356037,0.2979171710803126,mixture,70
mixture,0.5,2940.5899026398833,5887.179805279767,5899.364176036551,195.30670459625193,0.0025822659990168985,0.2979173778950785,mixture,70
null,,2940.760578095068,5883.521156190136,5887.582613109064,387.3465353698245,0.0025816675991311914,,mixture,70
sum,,2958.3389737463913,5918.677947492783,5922.739404411711,569.9919029614819,0.0035088217737983436,,mixture,70
mixture,0.0037500000000000016,2921.151068919008,5848.302137838016,5860.541937423303,19.967033597986998,0.0014299571039735042,0.057438701574533256,mixture,71
mixture,0.0035000000000000014,2921.1774274287764,5848.354854857553,5860.59465444284,19.36912640869019,0.001418763369440402,0.05895685950056495,mixture,71
mixture,0.004000000000000002,2921.1780917253936,5848.356183450787,5860.595983036074,20.54711520411365,0.0014403166703328273,0.05604968520018719,mixture,71
mixture,0.004250000000000002,2921.2482774845666,5848.496554969133,5860.73635455442,21.10949432549327,0.001450090239111803,0.05477581806159505,mixture,71
mixture,0.003250000000000001,2921.2703522887655,5848.540704577531,5860.780504162818,18.750448903117707,0.001406692261982209,0.06062932453488048,mixture,71
mixture,0.004500000000000002,2921.3536001900284,5848.707200380057,5860.946999965344,21.657633094523547,0.0014592038416618078,0.053597118708724044,mixture,71
mixture,0.003000000000000001,2921.4471232864407,5848.8942465728815,5861.1340461581685,18.10814812865306,0.0013936156897327444,0.06248639057954509,mixture,71
mixture,0.0047500000000000025,2921.4876804572546,5848.975360914509,5861.215160499796,22.19242734887078,0.001467759070902704,0.052502607420498476,mixture,71
mixture,0.005000000000000003,2921.645395049054,5849.290790098108,5861.530589683395,22.71472697541004,0.0014758373826040164,0.05148286206753892,mixture,71
mixture,0.0027500000000000007,2921.7307987234235,5849.461597446847,5861.701397032134,17.438810102412457,0.0013793583082039808,0.06456728022564637,mixture,71
mixture,0.005250000000000003,2921.822591575549,5849.645183151098,5861.884982736385,23.22592427479257,0.0014834569720632762,0.050528540939295805,mixture,71
mixture,0.005500000000000003,2922.0158768914307,5850.031753782861,5862.2715533681485,23.72664655471972,0.001490673518133627,0.04963308155824602,mixture,71
mixture,0.0025000000000000005,2922.152806538782,5850.305613077564,5862.545412662851,16.73797118750387,0.0013637343834644816,0.06692488545404442,mixture,71
mixture,0.005750000000000003,2922.2224580581246,5850.444916116249,5862.684715701536,24.21784046394473,0.0014975218944220478,0.04878997018260125,mixture,71
mixture,0.006000000000000004,2922.440021177732,5850.880042355464,5863.119841940751,24.700462360745753,0.0015040121526906502,0.047993511756064165,mixture,71
mixture,0.006250000000000004,2922.6666380171246,5851.333276034249,5863.573075619536,25.174597803003913,0.0015102055936983387,0.04724024635855254,mixture,71
mixture,0.0022500000000000003,2922.757075174105,5851.51415034821,5863.753949933497,15.999723734851827,0.0013465167990346471,0.06963275231213764,mixture,71
mixture,0.006500000000000004,2922.9006933761957,5851.801386752391,5864.0411863376785,25.641225924900723,0.0015161026334840032,0.04652542150511428,mixture,71
mixture,0.006750000000000004,2923.1408278893696,5852.281655778739,5864.521455364026,26.100207483736533,0.0015217614361289907,0.04584676918412373,mixture,71
mixture,0.0070000000000000045,2923.3858927971464,5852.771785594293,5865.01158517958,26.552884474955675,0.0015271405316291688,0.045199736977040564,mixture,71
mixture,0.002,2923.606902286505,5853.21380457301,5865.453604158297,15.216903374929885,0.0013273491957233896,0.07279283338620318,mixture,71
mixture,0.007250000000000005,2923.634913632438,5853.269827264876,5865.509626850163,26.999050393866845,0.0015323036699186638,0.044582687534160725,mixture,71
mixture,0.007500000000000005,2923.8870610959757,5853.774122191951,5866.0139217772385,27.43917143352425,0.001537259563235368,0.043993092900684726,mixture,71
mixture,0.007750000000000005,2924.1416273861396,5854.283254772279,5866.523054357566,27.87395236071586,0.0015420062678436152,0.04342824713938276,mixture,71
mixture,0.008000000000000005,2924.3980068185174,5854.796013637035,5867.035813222322,28.302890890687163,0.0015465728202929145,0.04288772154123438,mixture,71
mixture,0.008250000000000006,2924.6556800629405,5855.311360125881,5867.551159711168,28.726909883942124,0.0015509694317705936,0.04236861628740774,mixture,71
mixture,0.008500000000000006,2924.914200949984,5855.828401899968,5868.0682014852555,29.146127662901144,0.0015552008843956117,0.04186972357989923,mixture,71
mixture,0.008750000000000006,2925.173185631663,5856.346371263326,5868.586170848613,29.560764367314196,0.0015592776845669398,0.04138970581869411,mixture,71
mixture,0.009000000000000006,2925.43230350223,5856.86460700446,5869.104406589747,29.971100827965216,0.0015632124926480797,0.040927199444616785,mixture,71
mixture,0.009250000000000006,2925.691269589974,5857.382539179948,5869.622338765235,30.377070057883024,0.00156701270706591,0.04048153960709071,mixture,71
mixture,0.009500000000000007,2925.949838179753,5857.899676359506,5870.139475944793,30.77866925102696,0.0015706907798544647,0.04005196037846852,mixture,71
mixture,0.009750000000000007,2926.2077973444116,5858.415594688823,5870.65539427411,31.176993183676018,0.0015742497716993576,0.039636053816943136,mixture,71
mixture,0.010000000000000007,2926.464964472372,5858.929928944744,5871.169728530031,31.571390313687694,0.001577691772661741,0.03923431011829221,mixture,71
mixture,0.05,2951.949942340297,5909.899884680594,5922.139684265881,76.29372653421514,0.001767051913113792,0.0197924872220997,mixture,71
mixture,0.15000000000000002,2978.405344014317,5962.810688028634,5975.050487613921,126.6059952082885,0.0019500432378127984,0.017107908515826956,mixture,71
mixture,0.1,3016.434759832109,6038.869519664218,6051.1093192495055,44.81692940337768,0.0023924668927918567,0.2981052597039977,mixture,71
mixture,0.2,3017.085775231816,6040.171550463632,6052.411350048919,86.34503918655517,0.002390587449513396,0.29810764645075455,mixture,71
mixture,0.25,3017.218292277961,6040.436584555922,6052.676384141209,107.1084604639411,0.0023902265152080516,0.2981084545666513,mixture,71
mixture,0.3,3017.3070762814364,6040.614152562873,6052.85395214816,127.87281855187665,0.002389968171932357,0.2981090054391312,mixture,71
mixture,0.35000000000000003,3017.3707104468986,6040.741420893797,6052.981220479084,148.63788663468404,0.0023897721177149234,0.29810940920756973,mixture,71
mixture,0.4,3017.4185554782516,6040.837110956503,6053.07691054179,169.4035493042364,0.0023896166254084796,0.2981097204603591,mixture,71
mixture,0.45,3017.4558395300837,6040.911679060167,6053.1514786454545,190.1636386150816,0.002389566415899351,0.29811012671439646,mixture,71
mixture,0.5,3017.485711422207,6040.971422844414,6053.211222429701,210.92829793676108,0.002389474084853265,0.29811027296844766,mixture,71
null,,3017.6206323817496,6037.241264763499,6041.321197958595,418.57597137031075,0.0023890525696595903,,mixture,71
sum,,3032.750447565187,6067.500895130374,6071.58082832547,609.3304003525511,0.0032822915102263474,,mixture,71
mixture,0.003250000000000001,2649.2800536669,5304.5601073338,5316.5345009751245,18.548331669976356,0.001489448242075475,0.060902528362344485,mixture,72
mixture,0.0035000000000000014,2649.3010776071546,5304.602155214309,5316.5765488556335,19.230100440688297,0.0014976421308516845,0.058988603706872846,mixture,72
mixture,0.003000000000000001,2649.3188487834855,5304.637697566971,5316.612091208295,17.844640514170663,0.0014804600029288185,0.06302849058523503,mixture,72
mixture,0.0037500000000000016,2649.36917473439,5304.73834946878,5316.712743110104,19.891763342892393,0.0015051927264967775,0.057254470318976576,mixture,72
mixture,0.0027500000000000007,2649.4346396527235,5304.869279305447,5316.843672946771,17.116318822368125,0.0014705136306781175,0.0654096386914684,mixture,72
mixture,0.004000000000000002,2649.4747077243055,5304.949415448611,5316.923809089935,20.53493754791328,0.001512211714748952,0.05567416661699501,mixture,72
mixture,0.004250000000000002,2649.61027001979,5305.22054003958,5317.194933680904,21.160973563172522,0.0015187870348424678,0.05422681069121328,mixture,72
mixture,0.0025000000000000005,2649.6510865637383,5305.302173127477,5317.276566768801,16.360672959164972,0.0014593488166304933,0.06809998590024544,mixture,72
mixture,0.004500000000000002,2649.77008782921,5305.54017565842,5317.514569299744,21.771059591120263,0.0015249883955403144,0.05289524426973146,mixture,72
mixture,0.0047500000000000025,2649.949603383684,5305.899206767368,5317.873600408692,22.366228647508613,0.0015308732569418782,0.05166526874182421,mixture,72
mixture,0.0022500000000000003,2650.00163426413,5306.00326852826,5317.977662169585,15.573668672204782,0.0014466441456416465,0.07117459341022844,mixture,72
mixture,0.005000000000000003,2650.1451786509674,5306.290357301935,5318.264750943259,22.947378950367696,0.0015364856514255057,0.05052505556175529,mixture,72
mixture,0.005250000000000003,2650.353880908252,5306.707761816504,5318.682155457828,23.51547029847896,0.0015418538910171105,0.049464263354259116,mixture,72
mixture,0.002,2650.5350477002876,5307.070095400575,5319.044489041899,14.750008755056818,0.0014319761472466714,0.07473787014144888,mixture,72
mixture,0.005500000000000003,2650.5733250415533,5307.146650083107,5319.121043724431,24.070905051971472,0.0015470296647904676,0.04847505858238353,mixture,72
mixture,0.005750000000000003,2650.801555959247,5307.603111918494,5319.577505559818,24.614733926332327,0.0015520151435870877,0.047549308020960315,mixture,72
mixture,0.006000000000000004,2651.03695964656,5308.07391929312,5320.048312934444,25.147293498133386,0.0015568433462775108,0.04668126016002051,mixture,72
mixture,0.006250000000000004,2651.2781954661864,5308.556390932373,5320.530784573697,25.667234478285415,0.0015616056935477713,0.04586903210109123,mixture,72
mixture,0.006500000000000004,2651.5241422604186,5309.048284520837,5321.022678162161,26.18127351640439,0.0015660771805747987,0.04509600641763587,mixture,72
mixture,0.006750000000000004,2651.7738599274376,5309.547719854875,5321.522113496199,26.683819662688027,0.0015705020526339743,0.0443695835781641,mixture,72
mixture,0.0070000000000000045,2652.0265544278154,5310.053108855631,5322.027502496955,27.177179309278912,0.0015748227633794688,0.043682463005421286,mixture,72
mixture,0.007250000000000005,2652.281553384406,5310.563106768812,5322.537500410136,27.661853828560673,0.0015790421136447287,0.04303121329691799,mixture,72
mixture,0.007500000000000005,2652.538285200727,5311.076570401454,5323.050964042778,28.138289355631596,0.0015831652227169912,0.04241281842652321,mixture,72
mixture,0.007750000000000005,2652.79626241992,5311.59252483984,5323.566918481164,28.606770707683324,0.0015872023141495144,0.04182479557399264,mixture,72
mixture,0.008000000000000005,2653.055068201402,5312.110136402804,5324.084530044128,29.067427791999634,0.0015911716619925102,0.04126509777095488,mixture,72
mixture,0.008250000000000006,2653.3143452780146,5312.628690556029,5324.603084197353,29.521076670484888,0.0015950533882666267,0.04073089981947777,mixture,72
mixture,0.008500000000000006,2653.573786826192,5313.147573652384,5325.121967293709,29.96799843874221,0.0015988484257861036,0.04022039543754863,mixture,72
mixture,0.008750000000000006,2653.8331289329954,5313.666257865991,5325.640651507315,30.40792426318032,0.0016025892642266926,0.03973262799124853,mixture,72
mixture,0.009000000000000006,2654.092144358744,5314.184288717488,5326.158682358812,30.841583560572992,0.001606259872860321,0.039265399980462204,mixture,72
mixture,0.009250000000000006,2654.350637265983,5314.701274531966,5326.67566817329,31.269084538008293,0.0016098691745914154,0.038817509117243215,mixture,72
mixture,0.009500000000000007,2654.6084388345666,5315.216877669133,5327.1912713104575,31.690704804331755,0.0016134171285526007,0.03838763280061072,mixture,72
mixture,0.009750000000000007,2654.8654035425193,5315.730807085039,5327.705200726363,32.106645015004894,0.0016169077586156552,0.03797463534311346,mixture,72
mixture,0.010000000000000007,2655.1214060216244,5316.242812043249,5328.217205684573,32.51675016259238,0.0016203616793420829,0.037577876605165456,mixture,72
mixture,0.05,2681.2136626160473,5368.4273252320945,5380.401718873419,73.1080764057743,0.0018920152316495022,0.020350792895560868,mixture,72
mixture,0.1,2696.642826161825,5399.28565232365,5411.260045964974,105.37731091424864,0.0020276580771221796,0.016054419155707815,mixture,72
mixture,0.15000000000000002,2706.1201447898857,5418.240289579771,5430.214683221096,131.50665093354888,0.0021099262512032416,0.014069558873486394,mixture,72
mixture,0.2,2746.5603027566603,5499.120605513321,5511.094999154645,81.6038750861358,0.002534244539708125,0.29796348192900657,mixture,72
mixture,0.25,2746.7180161402607,5499.436032280521,5511.410425921846,101.1904364373588,0.0025336119202583073,0.29796467781809544,mixture,72
mixture,0.3,2746.823680601339,5499.647361202678,5511.621754844003,120.77180355244258,0.0025333014772036862,0.2979659419878767,mixture,72
mixture,0.35000000000000003,2746.8994108411457,5499.798821682291,5511.773215323616,140.35816754171378,0.0025329883085650523,0.29796640669548724,mixture,72
mixture,0.4,2746.9563500861404,5499.912700172281,5511.887093813605,159.94466475154746,0.0025327513671275065,0.29796675782472887,mixture,72
mixture,0.45,2747.000720417018,5500.001440834036,5511.97583447536,179.53125238666263,0.002532565833528477,0.29796703256706014,mixture,72
mixture,0.5,2747.0362699348025,5500.072539869605,5512.046933510929,199.1178982630662,0.0025324166871655046,0.2979672519907218,mixture,72
null,,2747.196832001555,5496.39366400311,5500.385128550218,394.985615420736,0.002531737767044521,,mixture,72
sum,,2761.054340978354,5524.108681956708,5528.100146503816,578.6301838419595,0.003456439114047769,,mixture,72
mixture,0.003250000000000001,2783.3320903007902,5572.6641806015805,5584.770624899154,21.23133280620794,0.0012510598488094063,0.053492264205893564,mixture,73
mixture,0.003000000000000001,2783.3630320617885,5572.726064123577,5584.832508421151,20.548807341995467,0.0012349202602046294,0.05502359126405283,mixture,73
mixture,0.0035000000000000014,2783.375300237766,5572.750600475532,5584.857044773106,21.887637405847176,0.001265976855087211,0.052110095677509655,mixture,73
mixture,0.0037500000000000016,2783.4766124754633,5572.953224950927,5585.0596692485005,22.521288683592616,0.0012797332434217753,0.050852456901164675,mixture,73
mixture,0.0027500000000000007,2783.4896778003986,5572.979355600797,5585.085799898371,19.836039732862897,0.0012173303535125855,0.05673608182003108,mixture,73
mixture,0.004000000000000002,2783.623860385805,5573.24772077161,5585.354165069184,23.134424319961546,0.001292565574143732,0.04970108549443993,mixture,73
mixture,0.0025000000000000005,2783.741582126453,5573.483164252906,5585.58960855048,19.08786103808587,0.0011980547326421694,0.05867251874919769,mixture,73
mixture,0.004250000000000002,2783.8076778537175,5573.615355707435,5585.721800005009,23.729313290427456,0.001304550037689856,0.04864082890367654,mixture,73
mixture,0.004500000000000002,2784.02075805405,5574.0415161081,5586.147960405674,24.30761450310293,0.0013157885479289527,0.047659828006322756,mixture,73
mixture,0.0022500000000000003,2784.1602929157407,5574.320585831481,5586.427030129055,18.29730779817647,0.0011768107436889747,0.060892770329613946,mixture,73
mixture,0.0047500000000000025,2784.257334033972,5574.514668067944,5586.621112365518,24.87118899757928,0.001326353081502691,0.04674742988084515,mixture,73
mixture,0.005000000000000003,2784.5128075676134,5575.025615135227,5587.132059432801,25.42097099185498,0.0013363189419563887,0.04589621156410315,mixture,73
mixture,0.005250000000000003,2784.7834792477724,5575.566958495545,5587.673402793119,25.957983634096408,0.001345756030441016,0.045099407554204024,mixture,73
mixture,0.002,2784.8059904389056,5575.611980877811,5587.718425175385,17.4547697574598,0.0011532661712986094,0.06348372450776249,mixture,73
mixture,0.005500000000000003,2785.0663491498976,5576.132698299795,5588.239142597369,26.483720516203416,0.001354683254525685,0.044350336087364384,mixture,73
mixture,0.005750000000000003,2785.358967470011,5576.717934940022,5588.824379237596,26.998421466543455,0.0013631795580556028,0.043645087045120254,mixture,73
mixture,0.006000000000000004,2785.6593212670014,5577.318642534003,5589.425086831577,27.503249625015954,0.0013712636646831106,0.04297872206667649,mixture,73
mixture,0.006250000000000004,2785.9657474986375,5577.931494997275,5590.037939294849,27.998639195344047,0.001378984285947386,0.04234793072310452,mixture,73
mixture,0.006500000000000004,2786.27686562854,5578.55373125708,5590.6601755546535,28.4852429719674,0.0013863605984426634,0.04174947204866331,mixture,73
mixture,0.006750000000000004,2786.5915248157526,5579.183049631505,5591.289493929079,28.963499884932656,0.0013934314860030515,0.0411806398924876,mixture,73
mixture,0.0070000000000000045,2786.908762251127,5579.817524502254,5591.923968799828,29.43402692871595,0.001400208382872509,0.04063880927194798,mixture,73
mixture,0.007250000000000005,2787.227769935047,5580.455539870094,5592.561984167668,29.897149134731833,0.001406720798678909,0.04012194155370098,mixture,73
mixture,0.007500000000000005,2787.5478680647257,5581.095736129451,5593.202180427025,30.353413071471984,0.0014129800803219222,0.0396279047675067,mixture,73
mixture,0.007750000000000005,2787.8684835080135,5581.736967016027,5593.843411313601,30.803021985709435,0.0014190107432416619,0.03915518610378435,mixture,73
mixture,0.008000000000000005,2788.1891323251402,5582.3782646502805,5594.484708947854,31.24635422545732,0.0014248266425212048,0.03870217245586789,mixture,73
mixture,0.008250000000000006,2788.509406189137,5583.018812378274,5595.125256675848,31.680729067244826,0.0014304897490119495,0.03827159646632099,mixture,73
mixture,0.008500000000000006,2788.82895698964,5583.65791397928,5595.764358276854,32.1154001712432,0.0014358653560118798,0.03784983171013735,mixture,73
mixture,0.008750000000000006,2789.1474943782077,5584.2949887564155,5596.401433053989,32.5415900239818,0.0014411146382334644,0.03744819452804929,mixture,73
mixture,0.009000000000000006,2789.4647704270583,5584.929540854117,5597.0359851516905,32.96267456274335,0.0014461969407104363,0.037061337711996364,mixture,73
mixture,0.009250000000000006,2789.7805765223698,5585.5611530447395,5597.6675973423135,33.378629532080474,0.0014511255177845446,0.03668864615786304,mixture,73
mixture,0.009500000000000007,2790.094736995786,5586.189473991572,5598.295918289146,33.790009565626086,0.0014559024535961591,0.036328830133311264,mixture,73
mixture,0.009750000000000007,2790.407104372029,5586.814208744058,5598.920653041632,34.19629852991687,0.0014605660972797667,0.03598186940823196,mixture,73
mixture,0.010000000000000007,2790.7175553514135,5587.435110702827,5599.541555000401,34.59902403906169,0.0014650477196646988,0.03564573607359611,mixture,73
mixture,0.05,2820.1697247423845,5646.339449484769,5658.445893782343,77.61468847378242,0.0017357599266094215,0.01946367871584944,mixture,73
mixture,0.1,2836.66493921013,5679.32987842026,5691.436322717834,113.25393181291467,0.0018576739973606643,0.0151456064559526,mixture,73
mixture,0.15000000000000002,2858.313460792303,5722.626921584606,5734.73336588218,111.09938036092166,0.0019340882850196837,0.02534026123881155,mixture,73
mixture,0.2,2889.596650736563,5785.193301473126,5797.2997457707,87.55703034229394,0.0023564414270789195,0.2981415637565474,mixture,73
mixture,0.25,2889.7478078682298,5785.4956157364595,5797.6020600340335,108.62972408044669,0.0023559534916100205,0.298142570001788,mixture,73
mixture,0.3,2889.8490681994435,5785.698136398887,5797.804580696461,129.70362666491383,0.0023556060227718674,0.2981432491489673,mixture,73
mixture,0.35000000000000003,2889.9216384863157,5785.843276972631,5797.949721270205,150.77835922857412,0.0023553447714153714,0.298143743555548,mixture,73
mixture,0.4,2889.9761990440575,5785.952398088115,5798.058842385689,171.85371872964296,0.0023551401958864936,0.298144122115169,mixture,73
mixture,0.45,2890.0187141123924,5786.037428224785,5798.143872522359,192.9297557582575,0.0023549727671674636,0.2981444247459679,mixture,73
mixture,0.5,2890.052776280396,5786.105552560792,5798.211996858366,213.9996614386301,0.002354906841708822,0.2981448119376932,mixture,73
null,,2890.20660807197,5782.41321614394,5786.448697576465,424.7495155973531,0.002354328759136157,,mixture,73
sum,,2904.922431253306,5811.844862506612,5815.880343939137,618.4430819242033,0.0032339273547652377,,mixture,73
mixture,0.002,2847.3699320234773,5700.739864046955,5712.958997649256,13.450460295534834,0.0016090448023427125,0.0817531089072064,mixture,74
mixture,0.0022500000000000003,2847.5369162727106,5701.073832545421,5713.292966147723,14.088622622894814,0.0016326404814487779,0.07849817238866943,mixture,74
mixture,0.0025000000000000005,2847.836807657035,5701.67361531407,5713.892748916372,14.693572887284184,0.0016533362825872518,0.07567436206118869,mixture,74
mixture,0.0027500000000000007,2848.227388287173,5702.454776574346,5714.673910176648,15.270114225443226,0.0016717642757177965,0.07319187910285402,mixture,74
mixture,0.003000000000000001,2848.6804720845785,5703.360944169157,5715.5800777714585,15.822593331462526,0.001688317712550812,0.07098269658004343,mixture,74
mixture,0.003250000000000001,2849.1766875862454,5704.353375172491,5716.572508774792,16.35428301832231,0.0017033014739961353,0.06899726950085314,mixture,74
mixture,0.0035000000000000014,2849.7024080920646,5705.404816184129,5717.623949786431,16.867920480981898,0.0017169506773986746,0.0671974907215057,mixture,74
mixture,0.0037500000000000016,2850.2478666991137,5706.4957333982275,5718.714867000529,17.365477269749142,0.0017294659815848693,0.06555493438558888,mixture,74
mixture,0.004000000000000002,2850.8059569005018,5707.6119138010035,5719.831047403305,17.848769075491305,0.0017409939792680216,0.06404637688152741,mixture,74
mixture,0.004250000000000002,2851.3714459809244,5708.742891961849,5720.96202556415,18.319203732849758,0.001751670496054871,0.06265357309060178,mixture,74
mixture,0.004500000000000002,2851.9404456417924,5709.880891283585,5722.100024885886,18.778091025144874,0.0017615873757702706,0.061361314580350934,mixture,74
mixture,0.0047500000000000025,2852.5100476001744,5711.020095200349,5723.23922880265,19.226426501337517,0.0017708358732728175,0.060157479651814054,mixture,74
mixture,0.005000000000000003,2853.0780678388737,5712.156135677747,5724.375269280049,19.66519889212246,0.001779483387094464,0.059031545784682185,mixture,74
mixture,0.005250000000000003,2853.6428639535816,5713.285727907163,5725.504861509465,20.09512771974642,0.0017875993960798247,0.057975100612772446,mixture,74
mixture,0.005500000000000003,2854.2032027363352,5714.4064054726705,5726.625539074972,20.516927289107905,0.001795229822570898,0.05698078274822282,mixture,74
mixture,0.005750000000000003,2854.758162836455,5715.51632567291,5727.735459275212,20.9312410982033,0.0018024260449080723,0.05604219609488252,mixture,74
mixture,0.006000000000000004,2855.307062373339,5716.614124746678,5728.833258348979,21.338502731402507,0.001809225275062593,0.05515430236486696,mixture,74
mixture,0.006250000000000004,2855.8494044895083,5717.698808979017,5729.917942581318,21.739301634962356,0.0018156652995987498,0.054312071760416476,mixture,74
mixture,0.006500000000000004,2856.3848360299203,5718.769672059841,5730.988805662142,22.134034086105512,0.0018217710933406562,0.05351157211216115,mixture,74
mixture,0.006750000000000004,2856.9131158816394,5719.826231763279,5732.04536536558,22.523203464560062,0.0018275642315723386,0.05274893842833176,mixture,74
mixture,0.0070000000000000045,2857.4340905455797,5720.868181091159,5733.087314693461,22.906958368809157,0.0018330816254117828,0.05202152540990646,mixture,74
mixture,0.007250000000000005,2857.9476751550774,5721.895350310155,5734.114483912456,23.285652565272276,0.0018383434477162064,0.05132643589695823,mixture,74
mixture,0.007500000000000005,2858.4538386332615,5722.907677266523,5735.126810868825,23.65966853473494,0.0018433590406911964,0.05066099406837147,mixture,74
mixture,0.007750000000000005,2858.9525920036767,5723.9051840073535,5736.124317609655,24.029076475191314,0.001848158975324368,0.05002340659849944,mixture,74
mixture,0.008000000000000005,2859.443979186407,5724.887958372814,5737.1070919751155,24.394366228978715,0.0018527484353617098,0.04941110931676841,mixture,74
mixture,0.008250000000000006,2859.9280696686874,5725.856139337375,5738.075272939676,24.755652559662984,0.0018571393497809942,0.04882260484826372,mixture,74
mixture,0.008500000000000006,2860.4049526815857,5726.809905363171,5739.029038965473,25.11315846822582,0.0018613420674603494,0.04825625080061032,mixture,74
mixture,0.008750000000000006,2860.8747324985416,5727.749464997083,5739.968598599385,25.466731955675517,0.0018654089097843857,0.04771113754309509,mixture,74
mixture,0.009000000000000006,2861.337524832718,5728.675049665436,5740.894183267737,25.817004650773427,0.0018692962569683846,0.04718517681175917,mixture,74
mixture,0.009250000000000006,2861.7934537074307,5729.586907414861,5741.806041017163,26.163964349151613,0.001873035297710439,0.04667744187150428,mixture,74
mixture,0.009500000000000007,2862.2426491305364,5730.485298261073,5742.704431863374,26.50774080630633,0.0018766391666975456,0.0461868464500882,mixture,74
mixture,0.009750000000000007,2862.6852451556488,5731.3704903112975,5743.589623913599,26.84845052037538,0.0018801105738793168,0.045712457004652755,mixture,74
mixture,0.010000000000000007,2863.1213783306794,5732.242756661359,5744.46189026366,27.186318428452854,0.0018834495266599226,0.04525318854131476,mixture,74
mixture,0.05,2897.6845995799877,5801.369199159975,5813.588332762277,66.5509462796053,0.002046663296303535,0.022554103281311952,mixture,74
mixture,0.1,2915.005851201789,5836.011702403578,5848.23083600588,100.04531701480602,0.0021355125690867213,0.016911523050370848,mixture,74
mixture,0.15000000000000002,2925.4032755241437,5856.8065510482875,5869.025684650589,126.55447826123819,0.002203287665245594,0.014536276077925122,mixture,74
mixture,0.2,2932.7800818212036,5871.560163642407,5883.779297244709,149.408333763141,0.0022574212979675737,0.01315537009612374,mixture,74
mixture,0.25,2969.8876997445795,5945.775399489159,5957.994533091461,97.79202680653934,0.002624005517383611,0.2978747362001102,mixture,74
mixture,0.3,2970.026408973423,5946.052817946846,5958.271951549147,116.70325087809816,0.0026234491011002427,0.2978755667982416,mixture,74
mixture,0.35000000000000003,2970.1258057126147,5946.251611425229,5958.470745027531,135.6146969067782,0.0026230474938804607,0.297876165343709,mixture,74
mixture,0.4,2970.2005285455516,5946.401057091103,5958.620190693405,154.52628432157263,0.0026227439663825147,0.2978766172884874,mixture,74
mixture,0.45,2970.258750606603,5946.517501213206,5958.736634815507,173.4379628080716,0.00262250656323536,0.297876970656999,mixture,74
mixture,0.5,2970.305394174255,5946.61078834851,5958.829921950812,192.34971518468421,0.002622315666441862,0.2978772527730567,mixture,74
null,,2970.5160194989276,5943.032038997855,5947.105083531956,381.4684281375406,0.0026214489227387497,,mixture,74
sum,,2986.141747646901,5974.283495293802,5978.356539827902,561.4787477395865,0.003562022619826029,,mixture,74
mixture,0.004500000000000002,3035.257274956268,6076.514549912536,6088.882028341079,19.98025983238418,0.001633671708787322,0.05779146021199113,mixture,75
mixture,0.004250000000000002,3035.2700860108216,6076.540172021643,6088.907650450186,19.524492072117873,0.001621426872231816,0.058908462307702206,mixture,75
mixture,0.0047500000000000025,3035.284907526294,6076.569815052588,6088.937293481131,20.423596129034514,0.001645199427582067,0.05675335514132771,mixture,75
mixture,0.004000000000000002,3035.3315641799063,6076.663128359813,6089.030606788356,19.055227954644767,0.0016083798920104341,0.060114966917523285,mixture,75
mixture,0.005000000000000003,3035.3463415487186,6076.692683097437,6089.06016152598,20.856159863833135,0.00165605343373654,0.05578313075502641,mixture,75
mixture,0.005250000000000003,3035.436161016264,6076.872322032528,6089.239800461071,21.278328124398694,0.00166635487042851,0.054874466992620344,mixture,75
mixture,0.0037500000000000016,3035.451999904949,6076.903999809898,6089.271478238441,18.571258930661813,0.0015944049301509547,0.061423795503276264,mixture,75
mixture,0.005500000000000003,3035.5499120767918,6077.0998241535835,6089.467302582127,21.691243330727133,0.0016760738704295467,0.054020243996144544,mixture,75
mixture,0.0035000000000000014,3035.644426270421,6077.288852540842,6089.656330969385,18.07058136815983,0.0015793802937704628,0.0628527293516242,mixture,75
mixture,0.005750000000000003,3035.68390427531,6077.36780855062,6089.735286979163,22.095709420699684,0.0016853327677668673,0.053214206867621586,mixture,75
mixture,0.006000000000000004,3035.8350583720817,6077.670116744163,6090.0375951727065,22.49141465510591,0.001694151424240219,0.05245432797831395,mixture,75
mixture,0.003250000000000001,3035.925578207979,6077.851156415958,6090.218634844501,17.55116179667954,0.0015631696757692395,0.06442260812253968,mixture,75
mixture,0.006250000000000004,3036.000789545816,6078.001579091632,6090.369057520175,22.879986384507863,0.0017025549397687008,0.0517334738045587,mixture,75
mixture,0.006500000000000004,3036.1789154521966,6078.357830904393,6090.725309332936,23.261796886392965,0.001710592516042604,0.051048343510799794,mixture,75
mixture,0.003000000000000001,3036.317285300538,6078.634570601076,6091.002049029619,17.010425202255664,0.0015455812998970665,0.06616052897921738,mixture,75
mixture,0.006750000000000004,3036.3675841537497,6078.735168307499,6091.1026467360425,23.63641313297516,0.0017182869770829279,0.050398105372632424,mixture,75
mixture,0.0070000000000000045,3036.5652170193543,6079.130434038709,6091.497912467252,24.005248338137097,0.0017256530942551163,0.04977739750408384,mixture,75
mixture,0.0027500000000000007,3036.848547408864,6079.697094817728,6092.064573246271,16.4452546960427,0.0015263850065773154,0.0681013661262501,mixture,75
mixture,0.007500000000000005,3036.9821587665638,6079.9643175331275,6092.331795961671,24.725610804353252,0.0017395315896492135,0.04861834426491763,mixture,75
mixture,0.007750000000000005,3037.199304239601,6080.398608479202,6092.766086907745,25.07806619624762,0.0017460762052922687,0.04807519270991154,mixture,75
mixture,0.008000000000000005,3037.421032026926,6080.842064053852,6093.209542482395,25.425236168286403,0.0017523818631839888,0.04755508121866841,mixture,75
mixture,0.0025000000000000005,3037.558722440307,6081.117444880614,6093.484923309157,15.851601227298495,0.0015053088683409839,0.07029195826642506,mixture,75
mixture,0.008250000000000006,3037.6465900273924,6081.293180054785,6093.660658483328,25.76806362455939,0.001758461816381604,0.04705485854632942,mixture,75
mixture,0.008500000000000006,3037.875323913987,6081.750647827974,6094.118126256517,26.106643835694754,0.0017643356601311944,0.046573421121647925,mixture,75
mixture,0.008750000000000006,3038.1066628771378,6082.2133257542755,6094.580804182819,26.440137834808063,0.0017700233879654787,0.04611172806855243,mixture,75
mixture,0.009000000000000006,3038.3401085517576,6082.680217103515,6095.047695532058,26.769381210640333,0.0017754886482633614,0.04566745745481373,mixture,75
mixture,0.0022500000000000003,3038.5025982034786,6083.005196406957,6095.3726748355,15.2242054948021,0.0014819559119972207,0.07279689506281405,mixture,75
mixture,0.009250000000000006,3038.5752237860042,6083.1504475720085,6095.517926000552,27.097149932735228,0.001780812202818929,0.04523375511584225,mixture,75
mixture,0.009500000000000007,3038.8116256845374,6083.623251369075,6095.990729797618,27.418721941383126,0.0017859629037080332,0.04482009456377883,mixture,75
mixture,0.009750000000000007,3039.0489781922115,6084.097956384423,6096.465434812966,27.738447626857667,0.0017909410533360581,0.04441701879963177,mixture,75
mixture,0.010000000000000007,3039.2869850690495,6084.573970138099,6096.941448566642,28.05360732799894,0.0017957757395745141,0.044029385677154614,mixture,75
mixture,0.002,3039.758807857852,6085.517615715704,6097.885094144247,14.555903405127145,0.0014558960213344031,0.07570827292033601,mixture,75
mixture,0.05,3064.740704768633,6135.481409537266,6147.848887965809,63.14367108757641,0.002058442169793023,0.02445084843355341,mixture,75
mixture,0.1,3079.29961735033,6164.59923470066,6176.9667131292035,94.63144346741959,0.002152966842995581,0.018678434448085354,mixture,75
mixture,0.15000000000000002,3088.0499386586985,6182.099877317397,6194.46735574594,121.17437442971456,0.0022098079321667824,0.01594891185078995,mixture,75
mixture,0.007250000000000005,3109.190274952663,6224.380549905326,6236.748028333869,7.744434428334722,0.0021267689245728165,0.22898127044218805,mixture,75
mixture,0.2,3125.2690189571003,6256.538037914201,6268.905516342744,80.10640371038305,0.0025832759949477786,0.2979149152641247,mixture,75
mixture,0.25,3125.404462767987,6256.808925535974,6269.176403964517,99.30228058279978,0.002583050393085847,0.29791617704022905,mixture,75
mixture,0.3,3125.495262988695,6256.99052597739,6269.358004405933,118.50260865255649,0.00258280121192991,0.2979165943072434,mixture,75
mixture,0.35000000000000003,3125.5603707386617,6257.1207414773235,6269.488219905867,137.70308130632642,0.0025826205245970506,0.2979168958789608,mixture,75
mixture,0.4,3125.609339465159,6257.218678930318,6269.586157358861,156.90364224011537,0.0025824835677314088,0.29791712401455145,mixture,75
mixture,0.45,3125.6475084005015,6257.295016801003,6269.662495229546,176.10426679244716,0.002582376121335571,0.29791730271763694,mixture,75
mixture,0.5,3125.6780955072672,6257.3561910145345,6269.723669443078,195.3049406953844,0.0025822895178743734,0.29791744555601407,mixture,75
null,,3125.816313066199,6253.632626132398,6257.755118941913,387.31248046994955,0.00258189459525456,,mixture,75
sum,,3139.0246806280584,6280.049361256117,6284.171854065631,564.8478051819553,0.003540776792707439,,mixture,75
mixture,0.005000000000000003,3110.8144690949484,6227.628938189897,6240.055050406659,22.6895473521396,0.0014813417788608677,0.05151642329606927,mixture,76
mixture,0.0047500000000000025,3110.8281154960064,6227.656230992013,6240.082343208775,22.183190000594085,0.0014721000436725578,0.05250176065469835,mixture,76
mixture,0.005250000000000003,3110.832836825598,6227.665673651196,6240.091785867958,23.184101189027174,0.0014900982857585139,0.050595489036830255,mixture,76
mixture,0.005500000000000003,3110.8785178866874,6227.757035773375,6240.183147990137,23.664727086776445,0.0014985743453159947,0.049738498603060954,mixture,76
mixture,0.004500000000000002,3110.8794545752557,6227.7589091505115,6240.185021367273,21.662643308892427,0.001462399618123694,0.053563235669219514,mixture,76
mixture,0.005750000000000003,3110.947593173735,6227.89518634747,6240.321298564232,24.135898810427676,0.0015066140002882914,0.04893108591993025,mixture,76
mixture,0.004250000000000002,3110.9754031076955,6227.950806215391,6240.376918432153,21.126534555741188,0.001452196200121783,0.054711740579781176,mixture,76
mixture,0.006000000000000004,3111.0367722219808,6228.0735444439615,6240.499656660723,24.596916151169626,0.001514313309876957,0.04817122778637924,mixture,76
mixture,0.004000000000000002,3111.1244624830283,6228.248924966057,6240.675037182818,20.573038463809855,0.0014414440427477399,0.05596120728564783,mixture,76
mixture,0.006250000000000004,3111.1432759381014,6228.286551876203,6240.712664092965,25.048695185030564,0.0015217040559576277,0.04745371674287997,mixture,76
mixture,0.006500000000000004,3111.2647439147995,6228.529487829599,6240.955600046361,25.49206561112006,0.0015287754176929794,0.046774299830396916,mixture,76
mixture,0.0037500000000000016,3111.337187586221,6228.674375172442,6241.100487389203,19.99990763504168,0.0014301194207197005,0.05732905915914589,mixture,76
mixture,0.006750000000000004,3111.399160987433,6228.798321974866,6241.224434191628,25.92700610230594,0.0015355991028785845,0.04613045788504592,mixture,76
mixture,0.0070000000000000045,3111.54479874199,6229.08959748398,6241.515709700741,26.35466650795855,0.0015421719529526156,0.04551785778850653,mixture,76
mixture,0.0035000000000000014,3111.6268315773614,6229.253663154723,6241.6797753714845,19.404790447331727,0.0014181391456011465,0.05883649296800993,mixture,76
mixture,0.007250000000000005,3111.7001682728765,6229.400336545753,6241.826448762515,26.774900406365873,0.0015485088995655966,0.044935093998669795,mixture,76
mixture,0.007500000000000005,3111.8639818676584,6229.727963735317,6242.1540759520785,27.188696070628385,0.0015546112033953837,0.04437868755308501,mixture,76
mixture,0.003250000000000001,3112.010248022825,6230.02049604565,6242.446608262412,18.784119562078697,0.0014055261415272342,0.060512445402371606,mixture,76
mixture,0.007750000000000005,3112.0351217265243,6230.0702434530485,6242.49635566981,27.596109686438552,0.001560505607650994,0.043847108205854135,mixture,76
mixture,0.008000000000000005,3112.2126142823736,6230.425228564747,6242.851340781509,27.997602580110698,0.001566202101323748,0.04333826067753696,mixture,76
mixture,0.008250000000000006,3112.39560892758,6230.79121785516,6243.217330071921,28.39335602879839,0.0015717202638332684,0.042850667283413774,mixture,76
mixture,0.003000000000000001,3112.509179136666,6231.018358273332,6243.444470490093,18.13299039749699,0.0013922978060189857,0.06239720824631888,mixture,76
mixture,0.008500000000000006,3112.5833603550027,6231.166720710005,6243.592832926767,28.783850796301767,0.0015770501333170332,0.04238258764577822,mixture,76
mixture,0.008750000000000006,3112.77521376446,6231.55042752892,6243.976539745682,29.169191741509877,0.0015822230767938567,0.041932826249244055,mixture,76
mixture,0.009000000000000006,3112.970592482027,6231.941184964054,6244.3672971808155,29.54962672520326,0.0015872400578815355,0.041500193158531165,mixture,76
mixture,0.0027500000000000007,3113.152135326851,6232.304270653702,6244.7303828704635,17.44773085703204,0.0013782851392594277,0.06453649174018611,mixture,76
mixture,0.009250000000000006,3113.168987489046,6232.337974978092,6244.764087194853,29.925038217209185,0.0015921416380704628,0.041083955263492955,mixture,76
mixture,0.009500000000000007,3113.3699485157185,6232.739897031437,6245.166009248199,30.29673107840849,0.0015968414608156776,0.04068181698034623,mixture,76
mixture,0.009750000000000007,3113.5730765777944,6233.146153155589,6245.572265372351,30.663777851316354,0.001601444160482145,0.040294157544152276,mixture,76
mixture,0.010000000000000007,3113.7780174530562,6233.5560349061125,6245.982147122874,31.026779197591317,0.001605916496382922,0.03991966813536578,mixture,76
mixture,0.0025000000000000005,3113.977206888235,6233.95441377647,6246.3805259932315,16.71956594332822,0.0013637026111016485,0.06700782248283671,mixture,76
mixture,0.0022500000000000003,3115.036386706123,6236.072773412246,6248.498885629007,15.938730888714195,0.0013486965582768622,0.06991718948737571,mixture,76
mixture,0.002,3116.4024198488814,6238.804839697763,6251.230951914525,15.092091843014037,0.0013336404597545433,0.07342318227352851,mixture,76
mixture,0.05,3138.119783533527,6282.239567067054,6294.665679283816,70.3165546552625,0.0018700646180059544,0.021799235145447925,mixture,76
mixture,0.1,3153.008948308618,6312.017896617236,6324.444008833998,104.28942228189561,0.0019785756160350296,0.01674480505829952,mixture,76
mixture,0.15000000000000002,3162.1815021208777,6330.363004241755,6342.789116458517,132.33297766747916,0.002046110567893923,0.014401127483896908,mixture,76
mixture,0.2,3202.389260491142,6410.778520982284,6423.204633199046,84.1013799687536,0.0024564836245455747,0.29804176988731795,mixture,76
mixture,0.25,3202.530415898013,6411.060831796026,6423.486944012788,104.30332799702718,0.0024561115220522256,0.29804257646405763,mixture,76
mixture,0.3,3202.6250240624686,6411.250048124937,6423.676160341699,124.506171929211,0.0024558455632311253,0.29804313088855944,mixture,76
mixture,0.35000000000000003,3202.692851369602,6411.385702739204,6423.811814955966,144.7046431575842,0.002455730964221156,0.2980438062389261,mixture,76
mixture,0.4,3202.743858465024,6411.487716930048,6423.91382914681,164.90700794650647,0.0024555863826894006,0.29804403824794273,mixture,76
mixture,0.45,3202.78361247308,6411.56722494616,6423.993337162922,185.10944663559235,0.0024554729596727404,0.29804421996361574,mixture,76
mixture,0.5,3202.8154674243915,6411.630934848783,6424.057047065545,205.31193602780635,0.002455381622379002,0.298044365178047,mixture,76
null,,3202.959387762594,6407.918775525188,6412.060812930775,407.33785659072146,0.0024549645553930536,,mixture,76
sum,,3217.627726169732,6437.255452339464,6441.397489745051,592.0902013518374,0.0033778637029183685,,mixture,76
mixture,0.006250000000000004,2941.2964314032715,5888.592862806543,5900.880336493839,25.54434300721375,0.0016372822702233286,0.04573793435360351,mixture,77
mixture,0.006500000000000004,2941.3066996233692,5888.6133992467385,5900.900872934035,26.06523965539413,0.0016415786326886767,0.04494328864096886,mixture,77
mixture,0.005750000000000003,2941.331149263368,5888.662298526736,5900.949772214032,24.461709797828316,0.001628808382653554,0.04750012995897,mixture,77
mixture,0.006750000000000004,2941.3326794977975,5888.665358995595,5900.952832682891,26.573882529224196,0.001645880429796881,0.04419800444435533,mixture,77
mixture,0.0070000000000000045,2941.3726628403265,5888.745325680653,5901.032799367949,27.070610219600095,0.0016502102243778638,0.04349782731152472,mixture,77
mixture,0.005500000000000003,2941.3809858793666,5888.761971758733,5901.0494454460295,23.897967635448428,0.001624689147797183,0.04848214879156009,mixture,77
mixture,0.007250000000000005,2941.425152347788,5888.850304695576,5901.137778382872,27.556682587713418,0.0016545209662898702,0.042837571801545536,mixture,77
mixture,0.005250000000000003,2941.4563612312995,5888.912722462599,5901.200196149895,23.317429953597095,0.001620681612796355,0.04954414856820014,mixture,77
mixture,0.007500000000000005,2941.488830696225,5888.97766139245,5901.265135079746,28.032593202635187,0.001658814249126373,0.04221375962763009,mixture,77
mixture,0.005000000000000003,2941.56080277088,5889.12160554176,5901.409079229056,22.718966108342105,0.0016168193423157257,0.0506968275027596,mixture,77
mixture,0.007750000000000005,2941.562535009286,5889.125070018572,5901.412543705868,28.49893135323661,0.001663082872270043,0.04162312612147515,mixture,77
mixture,0.008000000000000005,2941.645235502858,5889.290471005716,5901.577944693013,28.956243697372482,0.0016673224941017206,0.041062777982217344,mixture,77
mixture,0.0047500000000000025,2941.698456007618,5889.396912015236,5901.684385702532,22.1011411462466,0.001613139045066902,0.05195345061572684,mixture,77
mixture,0.008250000000000006,2941.7360175691915,5889.472035138383,5901.759508825679,29.40507800815847,0.0016715259751573575,0.040530100284677205,mixture,77
mixture,0.008500000000000006,2941.834066657052,5889.668133314104,5901.9556070014005,29.845860900631752,0.0016756891444817876,0.040022893938637547,mixture,77
mixture,0.004500000000000002,2941.8742264685134,5889.748452937027,5902.035926624323,21.4621826426594,0.001609715020428317,0.05333038544017459,mixture,77
mixture,0.008750000000000006,2941.938655455001,5889.877310910002,5902.164784597298,30.279073435392753,0.0016798121775923969,0.039539041192956925,mixture,77
mixture,0.009000000000000006,2942.0491329851893,5890.098265970379,5902.385739657675,30.705064134971266,0.0016838890915231233,0.03907683392997499,mixture,77
mixture,0.004250000000000002,2942.093964220501,5890.187928441002,5902.475402128299,20.800291063625185,0.0016065806297936324,0.054847387640008495,mixture,77
mixture,0.009250000000000006,2942.164915264622,5890.329830529244,5902.61730421654,31.124214352199623,0.0016879191391370822,0.038634626724431076,mixture,77
mixture,0.009500000000000007,2942.2854773066647,5890.570954613329,5902.858428300626,31.53717344072941,0.0016918899162166874,0.0382105637552972,mixture,77
mixture,0.004000000000000002,2942.3647073364964,5890.729414672993,5903.016888360289,20.113704819434403,0.0016038172884024155,0.056527780611889594,mixture,77
mixture,0.009750000000000007,2942.410346167228,5890.820692334456,5903.108166021752,31.94309125001517,0.0016958469713382772,0.03780481734480182,mixture,77
mixture,0.010000000000000007,2942.5390950884407,5891.078190176881,5903.365663864178,32.34339504811614,0.0016997275385419828,0.03741482574074562,mixture,77
mixture,0.0035000000000000014,2943.0953868382867,5892.190773676573,5904.47824736387,18.656520940443038,0.0015997887843021087,0.06050860455329067,mixture,77
mixture,0.003250000000000001,2943.5789527093093,5893.157905418619,5905.445379105915,17.881440550166644,0.0015987117142497868,0.06289217414013712,mixture,77
mixture,0.003000000000000001,2944.1623241127318,5894.3246482254635,5906.61212191276,17.071784486413975,0.0015984202042110113,0.06561398522438766,mixture,77
mixture,0.0027500000000000007,2944.866979127124,5895.733958254248,5908.0214319415445,16.22560089885156,0.0015989723977129946,0.0687486171352298,mixture,77
mixture,0.0025000000000000005,2945.721342353978,5897.442684707956,5909.730158395252,15.339623450771036,0.0016005258063142497,0.07239993454811916,mixture,77
mixture,0.0022500000000000003,2946.76411195118,5899.52822390236,5911.815697589656,14.411628863597697,0.0016031097991391552,0.07670216862531899,mixture,77
mixture,0.002,2948.049769475673,5902.099538951346,5914.387012638643,13.438682093522187,0.0016067369449320238,0.08184404464814152,mixture,77
mixture,0.0037500000000000016,2948.5731763773647,5903.146352754729,5915.433826442026,29.708690275600638,0.0011244899864998,0.03777416588307722,mixture,77
mixture,0.05,2963.1967494223263,5932.393498844653,5944.680972531949,71.79798475757099,0.00199700763813157,0.020316282088981126,mixture,77
mixture,0.1,2977.557528465311,5961.115056930622,5973.402530617918,103.31523473835244,0.002139850427427208,0.01590583843028994,mixture,77
mixture,0.15000000000000002,2988.6817052811193,5983.363410562239,5995.650884249535,114.57484001356255,0.002249686597117396,0.017745715406741126,mixture,77
mixture,0.006000000000000004,3005.4453897524145,6016.890779504829,6029.178253192125,7.44067524811533,0.0021068473022063778,0.21642485354142077,mixture,77
mixture,0.2,3027.9746464199197,6061.9492928398395,6074.236766527136,76.41734826824494,0.0027125685234679797,0.2977861123757791,mixture,77
mixture,0.25,3028.143247760361,6062.286495520722,6074.573969208019,94.70147184121123,0.0027119999325475623,0.29778700267965746,mixture,77
mixture,0.3,3028.2563030944702,6062.5126061889405,6074.800079876237,112.98590511257183,0.0027116134939607827,0.29778760570030627,mixture,77
mixture,0.35000000000000003,3028.337380752043,6062.674761504086,6074.962235191382,131.27052355629658,0.0027113336845397554,0.29778804135103704,mixture,77
mixture,0.4,3028.398367383627,6062.796734767254,6075.08420845455,149.55525381288263,0.002711121832984029,0.2977883708097612,mixture,77
mixture,0.45,3028.4459077118686,6062.891815423737,6075.1792891110335,167.84006870105455,0.0027109557135551812,0.2977886288898929,mixture,77
mixture,0.5,3028.4840072089346,6062.968014417869,6075.255488105166,186.12496914172775,0.0027108215838450088,0.29778883539578943,mixture,77
null,,3028.6561999888295,6059.312399977659,6063.408224540091,368.97460334216186,0.0027102136324343934,,mixture,77
sum,,3044.7374771665245,6091.474954333049,6095.570778895481,543.840565317003,0.0036775483984616084,,mixture,77
mixture,0.005500000000000003,2674.7738739483902,5355.5477478967805,5367.551992530664,26.387632006350326,0.0014735982330729175,0.04389706848347973,mixture,78
mixture,0.005250000000000003,2674.779003996918,5355.558007993836,5367.56225262772,25.9277312553315,0.0014612177771996175,0.04453804479592393,mixture,78
mixture,0.005750000000000003,2674.794441623466,5355.588883246932,5367.593127880816,26.838205515778885,0.0014853290949939143,0.043290355142840256,mixture,78
mixture,0.005000000000000003,2674.814029367636,5355.628058735272,5367.632303369156,25.45766485589485,0.001448129502394163,0.04521712974818988,mixture,78
mixture,0.006000000000000004,2674.837184510459,5355.674369020918,5367.678613654802,27.27976549334561,0.0014964898622560543,0.04271523991314228,mixture,78
mixture,0.0047500000000000025,2674.8839877659607,5355.767975531921,5367.772220165805,24.97580410059068,0.001434302080081472,0.04594008105150209,mixture,78
mixture,0.006250000000000004,2674.8991274728232,5355.7982549456465,5367.80249957953,27.71306112204731,0.001507120447912737,0.042168659306463505,mixture,78
mixture,0.004500000000000002,2674.994972974114,5355.989945948228,5367.9941905821115,24.48244392380265,0.0014195774529492658,0.04670970687451819,mixture,78
mixture,0.006750000000000004,2675.0708715161063,5356.141743032213,5368.1459876660965,28.556650671673054,0.0015269759521315859,0.04115196698381271,mixture,78
mixture,0.004250000000000002,2675.154420571561,5356.308841143122,5368.313085777006,23.975339554202424,0.001403907979633706,0.047534199239913116,mixture,78
mixture,0.0070000000000000045,2675.1766601161235,5356.353320232247,5368.357564866131,28.967824775997656,0.0015362710383744786,0.04067782090426766,mixture,78
mixture,0.007250000000000005,2675.293510426367,5356.587020852734,5368.591265486618,29.37275755451126,0.001545181858923435,0.04022365086186148,mixture,78
mixture,0.004000000000000002,2675.371492270664,5356.742984541328,5368.747229175212,23.453627384179782,0.0013871581829855947,0.048419948865452034,mixture,78
mixture,0.007500000000000005,2675.42003850637,5356.84007701274,5368.844321646624,29.77132841424525,0.00155374679497593,0.03978866971655716,mixture,78
mixture,0.007750000000000005,2675.5550413316687,5357.110082663337,5369.114327297221,30.164159788874443,0.0015619793209359694,0.03937108414840018,mixture,78
mixture,0.0037500000000000016,2675.657600403202,5357.315200806404,5369.319445440288,22.91593027047357,0.00136915569994475,0.04937548728374021,mixture,78
mixture,0.008000000000000005,2675.6974693955663,5357.3949387911325,5369.399183425016,30.551410139649594,0.001569908851419072,0.038969855606743806,mixture,78
mixture,0.008250000000000006,2675.8464041011553,5357.6928082023105,5369.697052836194,30.933420800940468,0.0015775536403675793,0.038583782190476194,mixture,78
mixture,0.008500000000000006,2676.001038976621,5358.002077953242,5370.006322587126,31.310710815588724,0.0015849202823551723,0.03821153070499776,mixture,78
mixture,0.0035000000000000014,2676.027137106792,5358.054274213584,5370.058518847468,22.360041376599614,0.0013497618675373082,0.050412325306273466,mixture,78
mixture,0.008750000000000006,2676.1606639312217,5358.3213278624435,5370.325572496327,31.682530564633762,0.0015920633046540282,0.03785344816587544,mixture,78
mixture,0.009000000000000006,2676.324652189108,5358.649304378216,5370.6535490121,32.0502415761056,0.001598952516531425,0.03750725268883684,mixture,78
mixture,0.009250000000000006,2676.492449069933,5358.984898139866,5370.98914277375,32.4136515099461,0.001605619546058528,0.03717268418227711,mixture,78
mixture,0.003250000000000001,2676.498508683152,5358.997017366304,5371.001262000188,21.783786993959005,0.0013287584727970836,0.051543873375526954,mixture,78
mixture,0.009500000000000007,2676.6635626151037,5359.3271252302075,5371.331369864091,32.77244353807957,0.0016120926637416789,0.03684966840336487,mixture,78
mixture,0.009750000000000007,2676.8375556677206,5359.675111335441,5371.679355969325,33.128319504018144,0.001618326887618621,0.03653576563417807,mixture,78
mixture,0.010000000000000007,2677.014038727507,5360.028077455014,5372.032322088898,33.47858331034937,0.0016244423317018583,0.03623370800751778,mixture,78
mixture,0.003000000000000001,2677.0956369599016,5360.191273919803,5372.195518553687,21.1843008747604,0.0013058884899501892,0.05278759153136809,mixture,78
mixture,0.0027500000000000007,2677.8501972650374,5361.700394530075,5373.704639163959,20.556815057697037,0.0012808907477114661,0.05416930770675543,mixture,78
mixture,0.0025000000000000005,2678.805056627696,5363.610113255392,5375.614357889276,19.900624230704054,0.0012532008067048463,0.05570841646831855,mixture,78
mixture,0.0022500000000000003,2680.019756837837,5366.039513675674,5378.043758309558,19.20577216875197,0.0012224844644409913,0.057456675912301816,mixture,78
mixture,0.002,2681.5796307755245,5369.159261551049,5381.163506184933,18.46528583494753,0.001188040401056884,0.0594690401446235,mixture,78
mixture,0.05,2699.5019310907164,5405.003862181433,5417.008106815317,71.11073864120772,0.0019693686247042167,0.020777793298204186,mixture,78
mixture,0.1,2713.6725816095186,5433.345163219037,5445.349407852921,102.83898216221692,0.002106403149671108,0.01625584847085422,mixture,78
mixture,0.006500000000000004,2748.320921211125,5502.64184242225,5514.646087056134,7.3602115327642865,0.002163918669140885,0.22805518175387934,mixture,78
mixture,0.15000000000000002,2761.2167602686586,5528.433520537317,5540.437765171201,59.35136289746713,0.002654984413029583,0.29784263078844847,mixture,78
mixture,0.2,2761.3735621933924,5528.747124386785,5540.751369020669,78.02088708924491,0.0026548113654230585,0.2978442282411451,mixture,78
mixture,0.25,2761.4683579762404,5528.936715952481,5540.940960586365,96.69488446836196,0.002654581775730679,0.29784469291679794,mixture,78
mixture,0.3,2761.53185764087,5529.06371528174,5541.067959915624,115.36905203966374,0.0026544247808000404,0.2978450079200856,mixture,78
mixture,0.35000000000000003,2761.577363852735,5529.15472770547,5541.158972339354,134.04331952908132,0.002654310661645141,0.29784523560095655,mixture,78
mixture,0.4,2761.611575612792,5529.223151225584,5541.227395859468,152.71764494395586,0.0026542240696476346,0.2978454078084143,mixture,78
mixture,0.45,2761.638233610339,5529.276467220678,5541.280711854562,171.3920150982216,0.00265415603050277,0.297845542752705,mixture,78
mixture,0.5,2761.659590880444,5529.319181760888,5541.323426394772,190.0664369650119,0.0026541008774410768,0.2978456505974372,mixture,78
null,,2761.756040084732,5525.512080169464,5529.513495047425,376.8109326130656,0.002653850813364978,,mixture,78
sum,,2776.6987469322958,5555.3974938645915,5559.3989087425525,553.6686789311859,0.003612268629428061,,mixture,78
mixture,0.002,2702.17304472813,5410.34608945626,5422.430925016953,19.252638135983,0.0011408377787950137,0.057030068837970536,mixture,79
mixture,0.0022500000000000003,2702.371863705324,5410.743727410648,5422.82856297134,20.028808159819867,0.001174403869192286,0.055084920517367915,mixture,79
mixture,0.0025000000000000005,2702.7235432005964,5411.447086401193,5423.531921961885,20.760153667783896,0.0012040883835137467,0.05338822803619454,mixture,79
mixture,0.0027500000000000007,2703.179687712636,5412.359375425272,5424.444210985965,21.453825785073576,0.0012306966652823699,0.05188789456778276,mixture,79
mixture,0.003000000000000001,2703.707995434622,5413.415990869244,5425.500826429936,22.11691281987378,0.0012546389541204814,0.050542977889901,mixture,79
mixture,0.003250000000000001,2704.2862637177186,5414.572527435437,5426.657362996129,22.752701377126094,0.00127642581978629,0.049328115366584664,mixture,79
mixture,0.0035000000000000014,2704.8988681582555,5415.797736316511,5427.882571877203,23.36675553983246,0.0012962543135323504,0.048217738607914166,mixture,79
mixture,0.0037500000000000016,2705.534603289643,5417.069206579286,5429.154042139979,23.9600341454948,0.0013145305799023182,0.0471992995243124,mixture,79
mixture,0.004000000000000002,2706.185308944682,5418.370617889364,5430.455453450057,24.535153582222378,0.0013313700910218545,0.046259463124968175,mixture,79
mixture,0.004250000000000002,2706.8449705324533,5419.689941064907,5431.774776625599,25.094344487216368,0.0013470160280372042,0.04538674986321646,mixture,79
mixture,0.004500000000000002,2707.509112990948,5421.018225981896,5433.103061542588,25.63860393231307,0.0013615804798330722,0.04457405236346984,mixture,79
mixture,0.0047500000000000025,2708.1743840996714,5422.348768199343,5434.433603760035,26.169875399577904,0.0013751958367105614,0.04381307463245648,mixture,79
mixture,0.005000000000000003,2708.838261753209,5423.676523506418,5435.76135906711,26.689159730927713,0.0013879586962336835,0.04309831946437825,mixture,79
mixture,0.005250000000000003,2709.4988449770754,5424.997689954151,5437.082525514843,27.197125220742063,0.0013999632060183002,0.04242542196518128,mixture,79
mixture,0.005500000000000003,2710.154702335611,5426.309404671222,5438.394240231914,27.694835951936625,0.00141128996583622,0.04178976664697492,mixture,79
mixture,0.005750000000000003,2710.804760510361,5427.609521020722,5439.6943565814145,28.18292271083359,0.0014219993024011477,0.04118798678763265,mixture,79
mixture,0.006000000000000004,2711.448221362272,5428.896442724544,5440.981278285236,28.662035264107615,0.0014321483430877948,0.0406169773984245,mixture,79
mixture,0.006250000000000004,2712.0844995612792,5430.1689991225585,5442.253834683251,29.13278051993909,0.0014417882845845168,0.04007398034986735,mixture,79
mixture,0.006500000000000004,2712.7131752048263,5431.4263504096525,5443.511185970345,29.595871882870075,0.0014509605844328238,0.0395563304667994,mixture,79
mixture,0.006750000000000004,2713.333957526739,5432.667915053478,5444.7527506141705,30.05132386905049,0.0014597151555957948,0.03906260135667061,mixture,79
mixture,0.0070000000000000045,2713.9466568689722,5433.8933137379445,5445.978149298637,30.49990897998159,0.0014680719005100771,0.038590457094081876,mixture,79
mixture,0.007250000000000005,2714.5511628739696,5435.102325747939,5447.187161308631,30.941783318680773,0.0014760692736578629,0.038138554673100254,mixture,79
mixture,0.007500000000000005,2715.147427441766,5436.294854883532,5448.379690444224,31.377554159659287,0.0014837313001928349,0.037705054874413335,mixture,79
mixture,0.007750000000000005,2715.7354513188548,5437.4709026377095,5449.555738198402,31.807162151726637,0.0014911045996802374,0.037289071552174036,mixture,79
mixture,0.008000000000000005,2716.315273457152,5438.630546914304,5450.715382474997,32.231127569416415,0.0014981599111504932,0.03688933142927415,mixture,79
mixture,0.008250000000000006,2716.886962659777,5439.773925319554,5451.858760880246,32.649797099988064,0.0015049569665088515,0.03650446054154692,mixture,79
mixture,0.008500000000000006,2717.450610813067,5440.901221626134,5452.986057186827,33.06309567678598,0.0015115368894441086,0.036133803100450314,mixture,79
mixture,0.008750000000000006,2718.0063274683507,5442.012654936701,5454.097490497394,33.47150682627535,0.0015178354120798888,0.035776521250164624,mixture,79
mixture,0.009000000000000006,2718.554235740058,5443.108471480116,5455.193307040809,33.87549810826756,0.0015239264214119948,0.03543119728461546,mixture,79
mixture,0.009250000000000006,2719.0944686036873,5444.188937207375,5456.273772768067,34.27430628977126,0.001529836724071199,0.035098242159021055,mixture,79
mixture,0.009500000000000007,2719.627166315732,5445.254332631464,5457.339168192157,34.668866812557894,0.0015355515308977021,0.034776148958278436,mixture,79
mixture,0.009750000000000007,2720.152474080884,5446.304948161768,5458.38978372246,35.05923992414937,0.0015410821734494714,0.03446443630073459,mixture,79
mixture,0.010000000000000007,2720.6705402883067,5447.341080576613,5459.425916137306,35.44547213787493,0.001546444453976352,0.03416263904626953,mixture,79
mixture,0.05,2763.208041070983,5532.416082141966,5544.500917702659,76.16442286636169,0.0018609753314978736,0.019271031227307243,mixture,79
mixture,0.1,2785.087975201156,5576.175950402312,5588.260785963004,109.06892708976667,0.001999028790671355,0.015242705778128137,mixture,79
mixture,0.15000000000000002,2798.0948396486547,5602.189679297309,5614.274514858002,135.55999407791424,0.002082597555929045,0.01337854618220183,mixture,79
mixture,0.2,2807.2275528465007,5620.455105693001,5632.5399412536935,158.68229948601143,0.0021433105003538125,0.012238271519555989,mixture,79
mixture,0.35000000000000003,2842.0586791261067,5690.117358252213,5702.2021938129055,303.09629448032274,0.010395139280046616,0.0024125299058801904,mixture,79
mixture,0.25,2852.0980709354626,5710.196141870925,5722.280977431617,102.06987740159629,0.00251122552473711,0.2979866584728582,mixture,79
mixture,0.3,2852.233004109211,5710.466008218422,5722.550843779114,121.83911583916804,0.0025106698144067257,0.29798768104167195,mixture,79
mixture,0.4,2852.4023978948853,5710.804795789771,5722.889631350463,161.37033923383154,0.0025100898686853082,0.29798930428836984,mixture,79
mixture,0.45,2852.4590425044357,5710.9180850088715,5723.002920569564,181.13910227160835,0.0025098525573624595,0.297989651731778,mixture,79
mixture,0.5,2852.504423614011,5711.008847228022,5723.093682788714,200.90792925135358,0.002509661945055554,0.29798992893969817,mixture,79
null,,2852.7093625401267,5707.418725080253,5711.447003600484,398.59782049808143,0.002508794450382132,,mixture,79
sum,,2871.2517990362876,5744.503598072575,5748.531876592806,589.3547610516069,0.003393541771735801,,mixture,79
mixture,0.004000000000000002,2988.6479403645753,5983.295880729151,5995.623623477444,20.997517071598814,0.0014798031169390036,0.054442726597537634,mixture,80
mixture,0.0037500000000000016,2988.6600491383706,5983.320098276741,5995.647841025035,20.46338079473636,0.0014656651207728946,0.05564145597320365,mixture,80
mixture,0.004250000000000002,2988.686924558132,5983.373849116264,5995.7015918645575,21.516904644530943,0.001492930559126595,0.05333378413230212,mixture,80
mixture,0.0035000000000000014,2988.735228450032,5983.470456900064,5995.798199648358,19.913256811846825,0.0014503280539771859,0.056942825608327176,mixture,80
mixture,0.004500000000000002,2988.767600204805,5983.53520040961,5995.862943157904,22.023141918904056,0.0015051545239110086,0.05230275099589722,mixture,80
mixture,0.0047500000000000025,2988.8824988093857,5983.764997618771,5996.092740367065,22.517412117248846,0.0015165759475056358,0.05134029867901295,mixture,80
mixture,0.003250000000000001,2988.888947978591,5983.777895957182,5996.105638705476,19.344560208025822,0.001433663597568833,0.05836579059337776,mixture,80
mixture,0.005000000000000003,2989.025624477623,5984.051248955246,5996.378991703539,23.00065766350923,0.0015272823457549761,0.05043882089121676,mixture,80
mixture,0.003000000000000001,2989.141505156679,5984.283010313358,5996.610753061652,18.755235684699812,0.0014154090007450482,0.05993132729170218,mixture,80
mixture,0.005250000000000003,2989.1921182944507,5984.384236588901,5996.711979337195,23.473883327130345,0.0015373645135877201,0.0495913338765341,mixture,80
mixture,0.005500000000000003,2989.378009821354,5984.756019642708,5997.083762391002,23.937561072591823,0.001546866049258613,0.048793088738312784,mixture,80
mixture,0.0027500000000000007,2989.520023694664,5985.040047389328,5997.367790137621,18.14203551783772,0.001395301666572269,0.061668520215213934,mixture,80
mixture,0.005750000000000003,2989.580030382348,5985.160060764696,5997.48780351299,24.392853039531392,0.0015558429521148039,0.048038114059728444,mixture,80
mixture,0.006000000000000004,2989.7954710332174,5985.590942066435,5997.918684814728,24.840021575190683,0.001564347380531993,0.04732306572431019,mixture,80
mixture,0.006250000000000004,2990.022073226846,5986.044146453692,5998.371889201985,25.27962396406611,0.0015724308045538514,0.046644229295459576,mixture,80
mixture,0.0025000000000000005,2990.061537201937,5986.123074403874,5998.4508171521675,17.501296097998335,0.0013729692277950616,0.06361434723099448,mixture,80
mixture,0.006500000000000004,2990.257943771864,5986.515887543728,5998.843630292022,25.71211776829731,0.0015801175888995795,0.04599856499859324,mixture,80
mixture,0.006750000000000004,2990.501488038006,5987.002976076012,5999.330718824305,26.13836389659885,0.0015874359952905224,0.04538242878412674,mixture,80
mixture,0.0070000000000000045,2990.7513569620096,5987.502713924019,5999.830456672313,26.558206789285407,0.0015944305343456582,0.044794450475821035,mixture,80
mixture,0.0022500000000000003,2990.817920229836,5987.635840459672,5999.963583207966,16.82786102810165,0.0013479462657365843,0.06582048330947453,mixture,80
mixture,0.007250000000000005,2991.006404754893,5988.012809509786,6000.34055225808,26.970668945446892,0.0016011427401658427,0.04423496651272888,mixture,80
mixture,0.007500000000000005,2991.265654855444,5988.531309710888,6000.859052459182,27.379422320624162,0.001607544917403224,0.04369566664509582,mixture,80
mixture,0.007750000000000005,2991.52827251386,5989.05654502772,6001.3842877760135,27.781933503633713,0.0016137066504221963,0.04318011802801665,mixture,80
mixture,0.008000000000000005,2991.793541915852,5989.587083831704,6001.914826579998,28.179536161659094,0.0016196207115756302,0.04268482727973258,mixture,80
mixture,0.002,2991.8641182864817,5989.728236572963,6002.055979321257,16.114774787149983,0.0013196577990210042,0.06835976789162171,mixture,80
mixture,0.008250000000000006,2992.060847916712,5990.121695833424,6002.449438581718,28.572207302812572,0.0016253070412013317,0.04220887511409099,mixture,80
mixture,0.008750000000000006,2992.599523220875,5991.19904644175,6003.526789190044,29.344044749850756,0.0016360727128847139,0.04130918904005363,mixture,80
mixture,0.009000000000000006,2992.870040449663,5991.740080899326,6004.06782364762,29.723496257353588,0.0016411647875852866,0.04088353611816815,mixture,80
mixture,0.009250000000000006,2993.1408706958846,5992.281741391769,6004.609484140063,30.09900936748532,0.0016460856076986488,0.0404724460300358,mixture,80
mixture,0.009500000000000007,2993.411718073118,5992.823436146236,6005.15117889453,30.47035338052417,0.0016508525518455002,0.04007565861135714,mixture,80
mixture,0.009750000000000007,2993.6823262427774,5993.364652485555,6005.692395233848,30.838052077493142,0.0016554609337174825,0.039691838668914146,mixture,80
mixture,0.010000000000000007,2993.9524730491485,5993.904946098297,6006.2326888465905,31.20210056460356,0.001659932434801505,0.039320417711288726,mixture,80
mixture,0.05,3021.491209574274,6048.982419148548,6061.310161896841,70.60228527190006,0.0019229418103589742,0.021300229496800153,mixture,80
mixture,0.1,3037.5427318906204,6081.085463781241,6093.413206529534,103.2069522859538,0.0020444495748868285,0.016576407650440887,mixture,80
mixture,0.15000000000000002,3055.225234012027,6116.450468024054,6128.778210772348,105.50292363043792,0.0021363404706125425,0.02408655542144138,mixture,80
mixture,0.008500000000000006,3076.7975089485985,6159.595017897197,6171.922760645491,8.204252729199112,0.0021321591290427875,0.23508165150145877,mixture,80
mixture,0.2,3089.8219022476555,6185.643804495311,6197.971547243605,81.56959710703903,0.002535345905350329,0.297962951336394,mixture,80
mixture,0.25,3089.943383835256,6185.886767670512,6198.214510418806,101.13538259553408,0.0025350265279503507,0.2979636904697661,mixture,80
mixture,0.3,3090.024790255021,6186.049580510042,6198.377323258335,120.69592463638594,0.002534925966281135,0.29796450645254813,mixture,80
mixture,0.35000000000000003,3090.083143291547,6186.166286583094,6198.4940293313875,140.2609932420043,0.002534771133503865,0.2979647749523653,mixture,80
mixture,0.4,3090.127021766379,6186.254043532758,6198.581786281052,159.82614553381958,0.002534653689186873,0.29796497807744127,mixture,80
mixture,0.45,3090.161217155247,6186.322434310494,6198.650177058787,179.39135196744397,0.0025345615853897105,0.2979651371289555,mixture,80
mixture,0.5,3090.188616259352,6186.377232518704,6198.704975266997,198.95660234258423,0.0025344873472600508,0.2979652641831746,mixture,80
null,,3090.312385914909,6182.624771829818,6186.734019412583,394.60982622671236,0.0025341487553973813,,mixture,80
sum,,3104.766056988722,6211.532113977444,6215.641361560209,576.2180713030157,0.003470908150237899,,mixture,80
mixture,0.0037500000000000016,3171.601153998357,6349.202307996714,6361.742357957672,19.943243250961142,0.0016166258998550921,0.05652932217716764,mixture,81
mixture,0.0035000000000000014,3171.603635274581,6349.207270549162,6361.74732051012,19.35061370565948,0.001604374728430547,0.05804038939510731,mixture,81
mixture,0.004000000000000002,3171.65853336676,6349.31706673352,6361.857116694478,20.515109422559735,0.0016281435699225895,0.055154621254870535,mixture,81
mixture,0.003250000000000001,3171.680477025603,6349.360954051206,6361.901004012164,18.734917937526095,0.0015913101549351993,0.05971217504559906,mixture,81
mixture,0.004250000000000002,3171.7645118730015,6349.529023746003,6362.069073706961,21.06815533397847,0.0016390354774965465,0.05389667136459021,mixture,81
mixture,0.003000000000000001,3171.85064756241,6349.70129512482,6362.2413450857775,18.09313434342605,0.0015773085919811307,0.06157680990803138,mixture,81
mixture,0.004500000000000002,3171.9102214762042,6349.8204429524085,6362.360492913366,21.604106437018213,0.0016493626952715317,0.0527395426802253,mixture,81
mixture,0.0047500000000000025,3172.088593952765,6350.17718790553,6362.717237866488,22.1242364790396,0.0016591991662240882,0.05167067320509156,mixture,81
mixture,0.0027500000000000007,3172.1394220361885,6350.278844072377,6362.818894033335,17.422055079956095,0.0015621904254512398,0.06367441583377756,mixture,81
mixture,0.005000000000000003,3172.2939353359634,6350.587870671927,6363.1279206328845,22.630383750514703,0.0016685497515315489,0.05067799136175895,mixture,81
mixture,0.005250000000000003,3172.521615300269,6351.043230600538,6363.5832805614955,23.12318138829098,0.0016774927597546624,0.049753643434518754,mixture,81
mixture,0.0025000000000000005,3172.5812133862773,6351.162426772555,6363.702476733512,16.71738712380062,0.0015457613848858613,0.06605933502564768,mixture,81
mixture,0.005500000000000003,3172.7678368437428,6351.5356736874855,6364.075723648443,23.60370822911737,0.001686063221910243,0.048889787421525055,mixture,81
mixture,0.005750000000000003,3173.0294630200415,6352.058926040083,6364.598976001041,24.073067555424096,0.0016942690269314484,0.04807954185091312,mixture,81
mixture,0.0022500000000000003,3173.2240876360793,6352.448175272159,6364.988225233116,15.973503856438509,0.0015277577520271526,0.06880675131529396,mixture,81
mixture,0.006000000000000004,3173.303884836214,6352.607769672428,6365.147819633386,24.53170936897426,0.0017021676755654305,0.0473180287954121,mixture,81
mixture,0.006250000000000004,3173.588919455814,6353.177838911628,6365.717888872586,24.980638124463386,0.0017097586647918336,0.04659990349434225,mixture,81
mixture,0.006500000000000004,3173.8827307653983,6353.7654615307965,6366.305511491754,25.42041565193012,0.0017170708971184175,0.04592117519635535,mixture,81
mixture,0.002,3174.1372708645085,6354.274541729017,6366.814591689975,15.183609970364419,0.0015078402170025731,0.07202027228400085,mixture,81
mixture,0.0070000000000000045,3174.4907105731936,6354.981421146387,6367.521471107345,26.274637892127302,0.0017309384484248272,0.04466818253724923,mixture,81
mixture,0.007250000000000005,3174.8024393611304,6355.604878722261,6368.1449286832185,26.690072440665716,0.0017375279682545245,0.04408797520089548,mixture,81
mixture,0.007500000000000005,3175.117993566704,6356.235987133408,6368.776037094366,27.098418863666772,0.0017438984855973458,0.04353507471275671,mixture,81
mixture,0.008000000000000005,3175.7574013731723,6357.514802746345,6370.054852707302,27.89520488972054,0.0017560476067939917,0.04250301681193549,mixture,81
mixture,0.008250000000000006,3176.0799372583706,6358.159874516741,6370.699924477699,28.284333425752667,0.0017618492341283096,0.04202018309512596,mixture,81
mixture,0.008500000000000006,3176.403631010497,6358.807262020994,6371.347311981952,28.667586465063508,0.0017674889336863283,0.041557509184238645,mixture,81
mixture,0.008750000000000006,3176.7280269353887,6359.456053870777,6371.996103831735,29.0455579416783,0.001772957753880249,0.0411131305320918,mixture,81
mixture,0.009000000000000006,3177.0527302936343,6360.105460587269,6372.645510548226,29.418273023920857,0.0017782759524514048,0.04068613616221075,mixture,81
mixture,0.009250000000000006,3177.377398805023,6360.754797610046,6373.294847571004,29.786031133200098,0.001783449065737273,0.04027528769993736,mixture,81
mixture,0.009500000000000007,3177.7017362905913,6361.4034725811825,6373.94352254214,30.15232393990553,0.001788381495830733,0.039874786742460366,mixture,81
mixture,0.009750000000000007,3178.025482447375,6362.05096489475,6374.591014855708,30.507546240149303,0.0017933888740328137,0.03949796537633723,mixture,81
mixture,0.010000000000000007,3178.3484159786112,6362.6968319572225,6375.23688191818,30.861872318440675,0.001798182479863403,0.039129349889866286,mixture,81
mixture,0.05,3210.917596109868,6427.835192219736,6440.375242180694,68.34166957106683,0.002085580283492852,0.021412056832739668,mixture,81
mixture,0.1,3229.5975162536315,6465.195032507263,6477.735082468221,99.73756026069987,0.002207609688526349,0.016532053558113532,mixture,81
mixture,0.15000000000000002,3241.0069891740363,6488.013978348073,6500.55402830903,124.93397969448137,0.0022862757110416443,0.014327832144201729,mixture,81
mixture,0.2,3249.1474285957,6504.2948571914,6516.834907152358,146.68365049973443,0.0023465417377501103,0.013018324528548838,mixture,81
mixture,0.006750000000000004,3262.438065761113,6530.876131522226,6543.416181483184,7.997440343614661,0.0020809820098599743,0.20893901660583267,mixture,81
mixture,0.007750000000000005,3264.8155282453254,6535.631056490651,6548.1711064516085,8.156777465618307,0.002170018447189361,0.2163943143825569,mixture,81
mixture,0.4,3268.3408881990563,6542.681776398113,6555.22182635907,216.3900033055607,0.002506077430235717,0.01056747041486264,mixture,81
mixture,0.45,3276.7129525086566,6559.425905017313,6571.965954978271,259.1472099368121,0.009706531145935712,0.002584748346245635,mixture,81
mixture,0.25,3290.560960068594,6587.121920137188,6599.6619700981455,93.75232728666279,0.0027402212765569194,0.2977585690357807,mixture,81
mixture,0.3,3290.70557583346,6587.41115166692,6599.951201627878,111.85270965220651,0.0027396805391997595,0.2977593727385218,mixture,81
mixture,0.35000000000000003,3290.809223507513,6587.618447015026,6600.158496975983,129.95329076219366,0.002739290222636294,0.29775995215606266,mixture,81
mixture,0.5,3290.9965313788316,6587.993062757663,6600.533112718621,184.25569348000008,0.0027385781591208534,0.2977610059900691,mixture,81
null,,3291.216273825227,6584.432547650454,6588.612564304106,365.2652453615367,0.002737736515310149,,mixture,81
sum,,3309.4489941539364,6620.897988307873,6625.078004961525,540.7693228050697,0.0036984346479301622,,mixture,81
mixture,0.003250000000000001,2933.9847341643153,5873.969468328631,5886.290536991857,15.706391915758621,0.001883380124940152,0.07129435099500522,mixture,82
mixture,0.0035000000000000014,2934.0041536048047,5874.0083072096095,5886.329375872836,16.261520618736885,0.001893101135237202,0.06914039970699659,mixture,82
mixture,0.003000000000000001,2934.0343601032237,5874.068720206447,5886.389788869674,15.133282132231544,0.0018726573787148568,0.07368112670663643,mixture,82
mixture,0.0037500000000000016,2934.077777937323,5874.155555874646,5886.476624537872,16.79989222101266,0.0019020766165264535,0.06718543463402735,mixture,82
mixture,0.0027500000000000007,2934.173024058696,5874.346048117392,5886.667116780618,14.539787560571456,0.001860758579275375,0.0763480297649657,mixture,82
mixture,0.004000000000000002,2934.1943861849163,5874.388772369833,5886.709841033059,17.323622691818752,0.0019103256323294536,0.06539836373392977,mixture,82
mixture,0.004250000000000002,2934.3453572098138,5874.6907144196275,5887.011783082854,17.833782522038696,0.001917982979987476,0.0637569180357985,mixture,82
mixture,0.0025000000000000005,2934.42824698977,5874.85649397954,5887.177562642766,13.923014685582396,0.0018474371831528355,0.07935694256119598,mixture,82
mixture,0.004500000000000002,2934.523974488651,5875.047948977302,5887.369017640529,18.331257017742843,0.0019251562731904229,0.062242929673666694,mixture,82
mixture,0.0047500000000000025,2934.7249408755265,5875.449881751053,5887.7709504142795,18.817101765122572,0.0019318879905184537,0.06084042464727476,mixture,82
mixture,0.0022500000000000003,2934.838892497517,5875.677784995034,5887.9988536582605,13.279861811820519,0.001832268848795095,0.08278794050264877,mixture,82
mixture,0.005000000000000003,2934.9440331367405,5875.888066273481,5888.209134936707,19.29216272419304,0.0019382326633855765,0.059536299958870435,mixture,82
mixture,0.005250000000000003,2935.177851745545,5876.35570349109,5888.6767721543165,19.757051770322803,0.0019442484197777286,0.05831991890169094,mixture,82
mixture,0.005500000000000003,2935.423636745283,5876.847273490566,5889.168342153793,20.212495724134534,0.0019499619553960145,0.05718169987789071,mixture,82
mixture,0.002,2935.4615534815434,5876.923106963087,5889.244175626313,12.604817986483733,0.0018148719120645177,0.08676139484656518,mixture,82
mixture,0.005750000000000003,2935.6791302677366,5877.358260535473,5889.6793291987,20.65916149649907,0.001955398615157125,0.056113398598056266,mixture,82
mixture,0.006000000000000004,2935.9424725773374,5877.884945154675,5890.206013817901,21.096863481261185,0.0019606231308273692,0.05511012847028365,mixture,82
mixture,0.006250000000000004,2936.212122494535,5878.42424498907,5890.745313652296,21.527365916803333,0.001965619154393467,0.054162083693767134,mixture,82
mixture,0.006500000000000004,2936.4867960687293,5878.973592137459,5891.294660800685,21.950430505207073,0.0019703874076448416,0.05326624528217131,mixture,82
mixture,0.006750000000000004,2936.7654182195997,5879.530836439199,5891.851905102426,22.365775261760007,0.001975034130432518,0.05241946838000661,mixture,82
mixture,0.0070000000000000045,2937.0470852103417,5880.094170420683,5892.41523908391,22.77477459821527,0.0019794817432753657,0.051615262858851436,mixture,82
mixture,0.007250000000000005,2937.33103493213,5880.66206986426,5892.9831385274865,23.179258052019847,0.001983746844414411,0.05084622186097068,mixture,82
mixture,0.007500000000000005,2937.6166196929826,5881.233239385965,5893.554308049192,23.57381127820528,0.0019879468293749138,0.05012354238996785,mixture,82
mixture,0.007750000000000005,2937.903293176124,5881.806586352248,5894.127655015474,23.96465199199313,0.0019919744692371844,0.049429512246217736,mixture,82
mixture,0.008500000000000006,2938.7655096709245,5883.531019341849,5895.8520880050755,25.104503971542158,0.0020033704645186523,0.04752739128196875,mixture,82
mixture,0.008750000000000006,2939.052506428582,5884.105012857164,5896.426081520391,25.473463453025467,0.002006970647892161,0.046948281683953944,mixture,82
mixture,0.009000000000000006,2939.338848303999,5884.677696607998,5896.998765271224,25.839730494170176,0.002010468883164492,0.04638826226556919,mixture,82
mixture,0.009250000000000006,2939.624323567127,5885.248647134254,5897.56971579748,26.201051638070545,0.002013855044674808,0.045851347410437775,mixture,82
mixture,0.009500000000000007,2939.908750513375,5885.81750102675,5898.138569689976,26.557800665988346,0.0020171747173298436,0.04533545261784436,mixture,82
mixture,0.009750000000000007,2940.1919741444144,5886.383948288829,5898.705016952055,26.910557143449832,0.0020204086017570574,0.044838530229970586,mixture,82
mixture,0.010000000000000007,2940.473862311105,5886.94772462221,5899.268793285437,27.259436674881794,0.0020235618928739043,0.044359498178484634,mixture,82
mixture,0.05,2968.284660242554,5942.569320485108,5954.890389148334,64.25377065622591,0.002240301214312383,0.022653922113793256,mixture,82
mixture,0.1,2984.4527970583576,5974.905594116715,5987.226662779942,94.40382762442236,0.002357695872262394,0.01731117580827426,mixture,82
mixture,0.008000000000000005,3014.5000013145004,6035.000002629001,6047.321071292227,7.7713015734408035,0.0023782040446237826,0.22507505667626568,mixture,82
mixture,0.008250000000000006,3015.345401296666,6036.690802593332,6049.011871256558,7.778490396957027,0.002399421722033218,0.2285052988662871,mixture,82
mixture,0.45,3021.5888650250245,6049.177730050049,6061.498798713275,218.3093352093817,0.002697465848107297,0.010682496452394396,mixture,82
mixture,0.15000000000000002,3038.1332143321124,6082.266428664225,6094.587497327451,54.30482883064736,0.002915538466515839,0.297581897566668,mixture,82
mixture,0.2,3038.494358619992,6082.988717239984,6095.3097859032105,71.32017404387564,0.0029140985768274954,0.2975840694501285,mixture,82
mixture,0.25,3038.712956092282,6083.425912184564,6095.746980847791,88.33623023901079,0.0029132115138702885,0.297585402506361,mixture,82
mixture,0.3,3038.85949536172,6083.71899072344,6096.040059386666,105.35265760674007,0.0029126100815583134,0.2975863043485857,mixture,82
mixture,0.35000000000000003,3038.964565503572,6083.929131007144,6096.25019967037,122.36930192071254,0.0029121754515938785,0.2975869552391459,mixture,82
mixture,0.4,3039.0435816442264,6084.087163288453,6096.408231951679,139.3961539059179,0.0029116336161101207,0.2975848625860082,mixture,82
mixture,0.5,3039.15453452519,6084.30906905038,6096.630137713606,173.41384665712053,0.0029114851211811004,0.2975862338617237,mixture,82
null,,3039.3775596865494,6080.755119373099,6084.862142260841,343.59007964934204,0.0029104449145347,,mixture,82
sum,,3056.2843822050336,6114.568764410067,6118.67578729781,510.3814627065399,0.003918637619387763,,mixture,82
mixture,0.004500000000000002,2997.857247313761,6001.714494627522,6014.062171003971,24.879865809219297,0.0013747152685945104,0.046074181901448116,mixture,83
mixture,0.004250000000000002,2997.876996480457,6001.753992960914,6014.101669337363,24.289258566123166,0.0013630497857750473,0.04703312126895299,mixture,83
mixture,0.0047500000000000025,2997.88098030799,6001.76196061598,6014.109636992429,25.45282280301831,0.0013858416902196666,0.04518666577764131,mixture,83
mixture,0.005000000000000003,2997.94121176498,6001.88242352996,6014.230099906409,26.01086814737134,0.0013962933468039708,0.044360313460076586,mixture,83
mixture,0.004000000000000002,2997.948850988455,6001.89770197691,6014.245378353359,23.6802527094888,0.0013506970254473115,0.048072238605368536,mixture,83
mixture,0.005250000000000003,2998.0322331080533,6002.064466216107,6014.412142592556,26.553817647153767,0.0014063269916533905,0.043589832586741976,mixture,83
mixture,0.0037500000000000016,2998.083571854783,6002.167143709566,6014.514820086015,23.04782865685745,0.00133770822025918,0.04921083175373066,mixture,83
mixture,0.005500000000000003,2998.149337530186,6002.298675060372,6014.6463514368215,27.083439338067443,0.0014159097344021087,0.04286820688756405,mixture,83
mixture,0.005750000000000003,2998.288615013238,6002.577230026476,6014.924906402925,27.600667270773737,0.0014250756673038073,0.04219038867623625,mixture,83
mixture,0.0035000000000000014,2998.294750500575,6002.58950100115,6014.937177377599,22.392487895888213,0.001323872001394418,0.050458946584306365,mixture,83
mixture,0.006000000000000004,2998.4467950159924,6002.893590031985,6015.241266408434,28.106968855690837,0.0014338287350698148,0.0415510693766168,mixture,83
mixture,0.003250000000000001,2998.5997859743766,6003.199571948753,6015.547248325202,21.709853863071416,0.0013091551097632584,0.05184025298976002,mixture,83
mixture,0.006250000000000004,2998.621124634159,6003.242249268318,6015.589925644767,28.601587493073797,0.0014422933678562035,0.040948630082053204,mixture,83
mixture,0.006500000000000004,2998.8092738592927,6003.618547718585,6015.966224095035,29.086687643829393,0.0014504019500400313,0.040377690797413074,mixture,83
mixture,0.006750000000000004,2999.0092601191,6004.0185202382,6016.366196614649,29.562533814343972,0.0014582018401925816,0.03983589175949014,mixture,83
mixture,0.003000000000000001,2999.0213010338425,6004.042602067685,6016.390278444134,20.99619301761353,0.0012934397395356506,0.05338174645574102,mixture,83
mixture,0.0070000000000000045,2999.2193886552805,6004.438777310561,6016.78645368701,30.029469571554642,0.0014657234278244672,0.039321016098859594,mixture,83
mixture,0.007250000000000005,2999.4382044838076,6004.876408967615,6017.224085344064,30.488432504808745,0.0014729709365051624,0.03883025042832466,mixture,83
mixture,0.0027500000000000007,2999.589242077906,6005.178484155812,6017.526160532261,20.246507801081414,0.0012766185694666804,0.055119891321589086,mixture,83
mixture,0.007500000000000005,2999.664453537148,6005.328907074296,6017.676583450745,30.939508657457548,0.001479976079729759,0.03836214447948944,mixture,83
mixture,0.007750000000000005,2999.897051044635,6005.79410208927,6018.14177846572,31.383375763783405,0.0014867382457479626,0.037914650639523914,mixture,83
mixture,0.008000000000000005,3000.135055501308,6006.270111002616,6018.617787379066,31.819674246069347,0.0014933206423285359,0.037487029948886946,mixture,83
mixture,0.0025000000000000005,3000.3440871684643,6006.688174336929,6019.035850713378,19.454474467487138,0.0012585802336768468,0.05710406236544967,mixture,83
mixture,0.008250000000000006,3000.3776474351143,6006.755294870229,6019.102971246678,32.249717096410286,0.001499675955754412,0.03707680568002026,mixture,83
mixture,0.008500000000000006,3000.6241114595227,6007.2482229190455,6019.595899295495,32.673364743266376,0.0015058410040823087,0.03668325848757051,mixture,83
mixture,0.008750000000000006,3000.8738215647404,6007.747643129481,6020.09531950593,33.09087190071186,0.0015118292465053308,0.03630529318295993,mixture,83
mixture,0.009000000000000006,3001.126228681081,6008.252457362162,6020.6001337386115,33.50293628444943,0.0015176377154401976,0.03594139051595113,mixture,83
mixture,0.0022500000000000003,3001.341915331091,6008.683830662182,6021.031507038631,18.611397521494673,0.0012391761915849394,0.059405173908611726,mixture,83
mixture,0.009250000000000006,3001.3808502169913,6008.761700433983,6021.109376810432,33.90937442206106,0.0015232879465022513,0.03559114091448186,mixture,83
mixture,0.009500000000000007,3001.6372612224795,6009.274522444959,6021.622198821408,34.310598485694,0.0015287864195742953,0.0352534772168418,mixture,83
mixture,0.010000000000000007,3002.1539960895825,6010.307992179165,6022.655668555614,35.09819802466501,0.0015393482609453604,0.03461303399209619,mixture,83
mixture,0.002,3002.662743179506,6011.325486359012,6023.673162735461,17.705732858865012,0.0012183485135149848,0.06212585031463205,mixture,83
mixture,0.05,3031.317820740488,6068.635641480976,6080.983317857425,75.43018753800024,0.001865375816327476,0.019536898432856498,mixture,83
mixture,0.1,3060.5091215664597,6127.018243132919,6139.365919509369,87.67177634858515,0.001945523887365081,0.024812705946241676,mixture,83
mixture,0.15000000000000002,3066.005292020204,6138.010584040408,6150.358260416857,114.26052775904633,0.0020868176364130663,0.020056278287037592,mixture,83
mixture,0.009750000000000007,3094.071003712791,6194.142007425582,6206.489683802031,8.954605400176034,0.002103979780602682,0.22919639423680424,mixture,83
mixture,0.2,3107.8675030873474,6221.735006174695,6234.082682551144,80.91279647878096,0.002556639006926647,0.29794134400823075,mixture,83
mixture,0.25,3108.005518525194,6222.011037050388,6234.358713426837,100.31713030497656,0.0025562407767762327,0.2979422404467999,mixture,83
mixture,0.3,3108.097977074231,6222.195954148462,6234.543630524911,119.71533106064705,0.002556108931867779,0.2979432187970309,mixture,83
mixture,0.35000000000000003,3108.164238643378,6222.328477286756,6234.676153663206,139.11883388999863,0.0025559159083870238,0.297943546526289,mixture,83
mixture,0.4,3108.2140565488885,6222.428113097777,6234.775789474226,158.52242438663876,0.002555769743174121,0.2979437941879077,mixture,83
mixture,0.45,3108.25287628536,6222.50575257072,6234.853428947169,177.92607038964084,0.002555655273945573,0.2979439879385254,mixture,83
mixture,0.5,3108.28397790035,6222.5679558007,6234.915632177149,197.32976310768964,0.0025555631014915294,0.2979441425644884,mixture,83
null,,3108.4244425242587,6218.848885048517,6222.964777174,391.3674741101103,0.0025551433528649657,,mixture,83
sum,,3125.490475299787,6252.980950599574,6257.096842725056,573.7050051405795,0.0034861121692844987,,mixture,83
mixture,0.0037500000000000016,3031.3652108308943,6068.730421661789,6081.15653387855,20.715464774022397,0.0016205664601614803,0.054139728546656135,mixture,84
mixture,0.004000000000000002,3031.3890984758355,6068.778196951671,6081.204309168433,21.266718662891265,0.0016350107741938144,0.052921715445525444,mixture,84
mixture,0.0035000000000000014,3031.40614618604,6068.81229237208,6081.238404588842,20.145352986017812,0.0016050598234108046,0.05546974272938081,mixture,84
mixture,0.004250000000000002,3031.4656203875215,6068.931240775043,6081.357352991805,21.80102442353733,0.0016485061314892306,0.0518001085009569,mixture,84
mixture,0.003250000000000001,3031.527621130645,6069.05524226129,6081.481354478052,19.554346016661725,0.0015883109177654506,0.056930638717290136,mixture,84
mixture,0.004500000000000002,3031.585191780672,6069.170383561344,6081.596495778106,22.32018021197891,0.0016611537411631214,0.050761758759337576,mixture,84
mixture,0.0047500000000000025,3031.740183701662,6069.480367403324,6081.9064796200855,22.822805367303047,0.0016731655036610479,0.04980265285626,mixture,84
mixture,0.003000000000000001,3031.75022725499,6069.50045450998,6081.926566726742,18.940069022773624,0.001570099448266346,0.05854593956158634,mixture,84
mixture,0.005000000000000003,3031.9244566547077,6069.848913309415,6082.275025526177,23.31538521014227,0.001684483155813175,0.0489012799116066,mixture,84
mixture,0.0027500000000000007,3032.101448009435,6070.20289601887,6082.629008235632,18.29948897373301,0.0015501517032055173,0.060346244741230556,mixture,84
mixture,0.005250000000000003,3032.1330267560443,6070.266053512089,6082.69216572885,23.794662329003696,0.0016952140888714378,0.04806087624167036,mixture,84
mixture,0.005500000000000003,3032.3618099567047,6070.7236199134095,6083.149732130171,24.262843918822192,0.0017054079259980939,0.04727203279060544,mixture,84
mixture,0.005750000000000003,3032.6074360993907,6071.214872198781,6083.640984415543,24.72020816319594,0.001715159182618642,0.04653040288272315,mixture,84
mixture,0.0025000000000000005,3032.618772090308,6071.237544180616,6083.663656397378,17.6291536415519,0.0015280888888815323,0.062370557019468684,mixture,84
mixture,0.006000000000000004,3032.867105022562,6071.734210045124,6084.160322261886,25.167943075057373,0.0017244641856118145,0.04583052538952176,mixture,84
mixture,0.006250000000000004,3033.138475883483,6072.276951766966,6084.703063983728,25.60659734295632,0.0017333739191455109,0.04516858099602316,mixture,84
mixture,0.0022500000000000003,3033.3546748621447,6072.7093497242895,6085.135461941051,16.923098421183038,0.0015034843202747952,0.06467735200887123,mixture,84
mixture,0.006500000000000004,3033.419581150461,6072.839162300922,6085.265274517684,26.036682318347705,0.001741910495053901,0.04454128844581231,mixture,84
mixture,0.006750000000000004,3033.7087589072953,6073.417517814591,6085.843630031352,26.458719084175243,0.0017501149715984186,0.04394555736520114,mixture,84
mixture,0.0070000000000000045,3034.0045991651677,6074.0091983303355,6086.435310547097,26.873172620963516,0.0017580078974440056,0.04337874936304504,mixture,84
mixture,0.007250000000000005,3034.305900900582,6074.611801801164,6087.037914017926,27.280432934272717,0.001765614340724739,0.042838562868925276,mixture,84
mixture,0.002,3034.3849401307452,6074.7698802614905,6087.195992478252,16.176801766793538,0.0014756079495860967,0.06733494141623415,mixture,84
mixture,0.007500000000000005,3034.6116374371104,6075.223274874221,6087.649387090983,27.68100903206414,0.001772944213354928,0.042322726700890025,mixture,84
mixture,0.007750000000000005,3034.9209283121027,6075.841856624205,6088.267968840967,28.075043749174625,0.0017800329308335877,0.04182968596167002,mixture,84
mixture,0.008250000000000006,3035.547248695194,6077.094497390388,6089.52060960715,28.84541914550647,0.0017934961189885689,0.040904556877332014,mixture,84
mixture,0.008500000000000006,3035.863061268453,6077.726122536906,6090.1522347536675,29.221825499116484,0.0017999368123947396,0.040470316918686876,mixture,84
mixture,0.008750000000000006,3036.1799657891524,6078.359931578305,6090.786043795067,29.59319333241079,0.0018061729392047899,0.040052615310066375,mixture,84
mixture,0.009000000000000006,3036.497538860659,6078.995077721318,6091.42118993808,29.959548819857623,0.0018122119655585606,0.03965071781878545,mixture,84
mixture,0.009250000000000006,3036.8154129097666,6079.630825819533,6092.056938036295,30.321091116830978,0.0018180888126296025,0.03926354413550623,mixture,84
mixture,0.009500000000000007,3037.1332685140424,6080.266537028085,6092.6926492448465,30.677937741849508,0.0018237989670649608,0.03889036952241152,mixture,84
mixture,0.009750000000000007,3037.450827898414,6080.901655796828,6093.32776801359,31.030548985120387,0.0018293472620416185,0.038529960405889824,mixture,84
mixture,0.010000000000000007,3037.767849404001,6081.535698808002,6093.961811024764,31.378775770455814,0.0018347558759543186,0.038181983164061836,mixture,84
mixture,0.05,3070.3796577941257,6146.759315588251,6159.185427805013,67.32748197386655,0.0021688894414867614,0.021457187334267575,mixture,84
mixture,0.1,3089.452167337218,6184.904334674436,6197.330446891197,96.38272126243075,0.002315800963465876,0.016916937937321214,mixture,84
mixture,0.008000000000000005,3130.8372470942486,6267.674494188497,6280.100606405259,7.6920285375322,0.002367744827903826,0.22998706407961683,mixture,84
mixture,0.45,3132.247107993998,6270.494215987996,6282.920328204757,219.71348716240357,0.00266850126131789,0.010767528459819615,mixture,84
mixture,0.5,3135.0509587177526,6276.101917435505,6288.528029652267,233.25917057189895,0.0026949779721811744,0.010475833922049444,mixture,84
mixture,0.15000000000000002,3151.087037723538,6308.174075447076,6320.6001876638375,54.99622928416827,0.0028768563187997727,0.2976209283350106,mixture,84
mixture,0.2,3151.3991688893766,6308.798337778753,6321.224449995515,72.23266108636243,0.002875848489586023,0.2976225687555189,mixture,84
mixture,0.25,3151.588118878958,6309.176237757916,6321.602349974678,89.46965892157093,0.0028752256516479985,0.29762357700216646,mixture,84
mixture,0.3,3151.7147921287233,6309.429584257447,6321.855696474208,106.7069508693925,0.0028748025761214744,0.297624259686747,mixture,84
mixture,0.35000000000000003,3151.8056223901885,6309.611244780377,6322.037356997139,123.94441700823965,0.002874496394307554,0.2976247527577562,mixture,84
mixture,0.4,3151.8739374214433,6309.747874842887,6322.173987059648,141.1820021437713,0.002874264371328461,0.297625125838134,mixture,84
null,,3152.1626796578666,6306.325359315733,6310.46739672132,348.0349951785365,0.0028732742794643842,,mixture,84
sum,,3170.2906497611966,6342.581299522393,6346.72333692798,516.9585026473063,0.003868782484006255,,mixture,84
mixture,0.002,2805.5704065556492,5617.1408131112985,5629.339137381609,16.174801843227076,0.0014047131925998535,0.06765632156333504,mixture,85
mixture,0.0022500000000000003,2805.7228047055346,5617.445609411069,5629.64393368138,16.98439438122829,0.0014270249879063436,0.06475663493564572,mixture,85
mixture,0.0025000000000000005,2806.010926381601,5618.021852763202,5630.220177033513,17.745522306829848,0.0014471335597363892,0.06227381163158419,mixture,85
mixture,0.0027500000000000007,2806.393438167571,5618.786876335142,5630.9852006054525,18.465986221136735,0.0014654139433868851,0.06011374735297782,mixture,85
mixture,0.003000000000000001,2806.842476534348,5619.684953068696,5631.883277339007,19.151297247854036,0.0014821968944020193,0.05821124609902822,mixture,85
mixture,0.003250000000000001,2807.3386946374003,5620.677389274801,5632.8757135451115,19.806420099811383,0.0014976827092261346,0.05651663266287351,mixture,85
mixture,0.0035000000000000014,2807.868334373988,5621.736668747976,5633.934993018287,20.434652933318556,0.0015120834881496004,0.05499458464348608,mixture,85
mixture,0.0037500000000000016,2808.421419594489,5622.842839188978,5635.041163459289,21.039017624632976,0.0015255271375699945,0.05361702775111483,mixture,85
mixture,0.004000000000000002,2808.990600308274,5623.981200616548,5636.179524886859,21.6222604190482,0.0015381392976221544,0.05236120730480281,mixture,85
mixture,0.004250000000000002,2809.5703905255978,5625.1407810511955,5637.339105321506,22.1862127183339,0.0015500205959346415,0.0512103444226485,mixture,85
mixture,0.004500000000000002,2810.1566523643787,5626.313304728757,5638.511628999068,22.73283428432499,0.001561235368065629,0.050149866676185706,mixture,85
mixture,0.0047500000000000025,2810.7462388350655,5627.492477670131,5639.690801940442,23.263370291775157,0.0015718813068530619,0.04916875379159756,mixture,85
mixture,0.005000000000000003,2811.336741689628,5628.673483379256,5640.871807649567,23.77988167412503,0.0015819624940712942,0.04825587626285526,mixture,85
mixture,0.005250000000000003,2811.9263100264548,5629.8526200529095,5642.05094432322,24.28250264907527,0.0015916174449879434,0.047405230623212294,mixture,85
mixture,0.005500000000000003,2812.5135183514594,5631.027036702919,5643.22536097323,24.77305506547215,0.0016007937706257204,0.046608609506378865,mixture,85
mixture,0.005750000000000003,2813.0972683926757,5632.194536785351,5644.392861055662,25.25161199432578,0.0016096161609588937,0.0458616534449675,mixture,85
mixture,0.006000000000000004,2813.6767161527687,5633.353432305537,5645.551756575848,25.72010426995665,0.0016180324501042353,0.04515739867972691,mixture,85
mixture,0.006250000000000004,2814.25121625326,5634.50243250652,5646.7007567768305,26.17832913989978,0.0016261262774328758,0.044493268629378996,mixture,85
mixture,0.006500000000000004,2814.8202796142114,5635.640559228423,5647.838883498734,26.62700474640773,0.0016339219881439644,0.04386536832218577,mixture,85
mixture,0.006750000000000004,2815.3835407197976,5636.767081439595,5648.965405709906,27.06727733994927,0.0016414041433965784,0.04326954463844598,mixture,85
mixture,0.0070000000000000045,2815.9407321681974,5637.881464336395,5650.079788606706,27.499418755777448,0.0016486091529149226,0.042703404340029956,mixture,85
mixture,0.007250000000000005,2816.491664675262,5638.983329350524,5651.181653620835,27.923280403926277,0.0016556022059841537,0.04216535764518379,mixture,85
mixture,0.007500000000000005,2817.036211495606,5640.072422991212,5652.270747261523,28.339992636752502,0.0016623414146890918,0.0416521809563062,mixture,85
mixture,0.007750000000000005,2817.5742957868024,5641.148591573605,5653.346915843916,28.749672627719256,0.0016688717233828347,0.041162264534154974,mixture,85
mixture,0.008000000000000005,2818.1058807583745,5642.211761516749,5654.41008578706,29.152875741730718,0.0016751861790341063,0.0406936175366615,mixture,85
mixture,0.008250000000000006,2818.630961644908,5643.261923289816,5655.460247560127,29.549660386236322,0.0016813126581646071,0.040245053418290794,mixture,85
mixture,0.008500000000000006,2819.1495593106415,5644.299118621283,5656.497442891594,29.940456344642726,0.0016872625372327396,0.03981494319164571,mixture,85
mixture,0.008750000000000006,2819.6617151001465,5645.323430200293,5657.521754470604,30.3260198091452,0.0016929993706214022,0.03940149060119167,mixture,85
mixture,0.009000000000000006,2820.167486400758,5646.334972801516,5658.533297071827,30.70532955066658,0.0016986467061871067,0.03900500762452192,mixture,85
mixture,0.009250000000000006,2820.666943668268,5647.333887336536,5659.532211606846,31.07986881753691,0.0017041033299955714,0.03862302931202586,mixture,85
mixture,0.009500000000000007,2821.160167199312,5648.320334398624,5660.518658668935,31.449195286373197,0.0017094432072543302,0.03825531035902435,mixture,85
mixture,0.009750000000000007,2821.6472450535366,5649.294490107073,5661.492814377384,31.81422047792018,0.001714591091339619,0.03790034072090971,mixture,85
mixture,0.010000000000000007,2822.1282711814692,5650.2565423629385,5662.454866633249,32.17424388693712,0.0017196452032376694,0.037558199752203945,mixture,85
mixture,0.05,2862.854653626254,5731.709307252508,5743.9076315228185,69.18204559653375,0.0020328093424293314,0.021307355103358256,mixture,85
mixture,0.1,2883.997782310202,5773.995564620404,5786.193888890715,99.90900744190861,0.0021608677465793685,0.01678124449879361,mixture,85
mixture,0.15000000000000002,2896.493002237154,5798.986004474308,5811.184328744619,125.11368272462595,0.002236280072978881,0.014645575607330572,mixture,85
mixture,0.2,2905.228596703791,5816.457193407582,5828.655517677893,147.2855454377222,0.002291195142195665,0.013334476193366867,mixture,85
mixture,0.25,2947.6532115656833,5901.3064231313665,5913.504747401677,97.25271163686087,0.0026389472284342554,0.2978597122223819,mixture,85
mixture,0.3,2947.8097822560753,5901.619564512151,5913.8178887824615,116.06120891444282,0.0026382644721833414,0.29786068681529976,mixture,85
mixture,0.35000000000000003,2947.922024660769,5901.844049321538,5914.042373591848,134.8699800531624,0.002637771622623658,0.2978613893533449,mixture,85
mixture,0.4,2948.0064301189454,5902.012860237891,5914.211184508202,153.67892891871236,0.0026373990496421956,0.29786192002165013,mixture,85
mixture,0.45,2948.072212016671,5902.144424033342,5914.342748303653,172.48799210553292,0.002637107597007168,0.29786233501529724,mixture,85
mixture,0.5,2948.124921781157,5902.249843562314,5914.448167832625,191.2971480495806,0.0026368732044188244,0.2978626665426517,mixture,85
null,,2948.3630488926597,5898.726097785319,5902.792205875423,379.3902194538289,0.002635808591585736,,mixture,85
sum,,2965.5688215530063,5933.137643106013,5937.203751196116,561.6054731445586,0.0035612188549401748,,mixture,85
mixture,0.003250000000000001,2885.5050605145434,5777.010121029087,5789.28405067532,19.077216660213566,0.0015781754878331055,0.0585707619860333,mixture,86
mixture,0.003000000000000001,2885.5351532128516,5777.070306425703,5789.344236071936,18.469455304948696,0.0015608515827422644,0.060251056820804914,mixture,86
mixture,0.0035000000000000014,2885.5554084084874,5777.110816816975,5789.384746463208,19.66213018625323,0.0015941132343878766,0.05705190075712692,mixture,86
mixture,0.0037500000000000016,2885.668854405758,5777.337708811516,5789.611638457749,20.227224006904624,0.001608814516398245,0.055667884224396724,mixture,86
mixture,0.0027500000000000007,2885.6689627468295,5777.337925493659,5789.611855139892,17.835852973386164,0.001541875088268351,0.06212501382537717,mixture,86
mixture,0.004000000000000002,2885.832241190549,5777.664482381098,5789.938412027332,20.77392680692314,0.0016225130418719637,0.05440061857530144,mixture,86
mixture,0.0025000000000000005,2885.9384021474393,5777.876804294879,5790.150733941112,17.17236516269107,0.0015209286146918145,0.06423617779887801,mixture,86
mixture,0.004250000000000002,2886.0354308780984,5778.070861756197,5790.34479140243,21.30466836886752,0.0016352740899262751,0.05323239256175116,mixture,86
mixture,0.004500000000000002,2886.270506558227,5778.541013116454,5790.814942762688,21.82077611480212,0.0016472235895061904,0.05215070845939715,mixture,86
mixture,0.0022500000000000003,2886.3883531220754,5778.776706244151,5791.050635890384,16.473914847141913,0.0014975952348561016,0.06664326122584063,mixture,86
mixture,0.0047500000000000025,2886.5312138986137,5779.062427797227,5791.336357443461,22.325561525615143,0.0016583774062675241,0.05113991253081304,mixture,86
mixture,0.005000000000000003,2886.812558408721,5779.625116817442,5791.899046463675,22.814300017267428,0.0016690217977895162,0.05020553167965822,mixture,86
mixture,0.002,2887.08391250132,5780.16782500264,5792.441754648873,15.733726493161246,0.0014713146318533637,0.0694289948454777,mixture,86
mixture,0.005250000000000003,2887.1105210221604,5780.221042044321,5792.494971690554,23.293307011827324,0.0016790530328921207,0.04932674498054987,mixture,86
mixture,0.005500000000000003,2887.421837158957,5780.843674317914,5793.117603964147,23.762160674697334,0.0016885413079650463,0.04850057539956251,mixture,86
mixture,0.005750000000000003,2887.743838686517,5781.487677373034,5793.761607019267,24.22135714164889,0.0016975547322256785,0.04772217043068419,mixture,86
mixture,0.006000000000000004,2888.0743311496453,5782.148662299291,5794.422591945524,24.671299160660833,0.001706150333088121,0.04698739373861726,mixture,86
mixture,0.006250000000000004,2888.4114998784735,5782.822999756947,5795.09692940318,25.113450087019316,0.001714315716186596,0.0462905155162414,mixture,86
mixture,0.006500000000000004,2888.7538370912216,5783.507674182443,5795.781603828676,25.54724672409731,0.001722151062572108,0.04563012398960584,mixture,86
mixture,0.006750000000000004,2889.100084847417,5784.200169694834,5796.474099341067,25.973691263964724,0.0017296459881367891,0.04500216861700396,mixture,86
mixture,0.0070000000000000045,2889.4491898550605,5784.898379710121,5797.172309356354,26.393353259222042,0.0017368172955742876,0.04440371712302575,mixture,86
mixture,0.007250000000000005,2889.800267506589,5785.600535013178,5797.874464659411,26.806411994695274,0.0017437060994652197,0.04383272901267516,mixture,86
mixture,0.007500000000000005,2890.152572988167,5786.305145976334,5798.579075622567,27.21320759572423,0.0017503330532075254,0.04328710018955532,mixture,86
mixture,0.007750000000000005,2890.505477915184,5787.010955830368,5799.284885476602,27.613982183199017,0.0017567249929482617,0.04276503902379877,mixture,86
mixture,0.008000000000000005,2890.8584513941105,5787.716902788221,5799.990832434454,28.00900779488763,0.0017628627288303685,0.042265040340535055,mixture,86
mixture,0.008250000000000006,2891.211044205803,5788.422088411606,5800.696018057839,28.398928290342365,0.0017688244808810043,0.041784612717194976,mixture,86
mixture,0.008500000000000006,2891.5628764671583,5789.125752934317,5801.39968258055,28.783363314480916,0.0017745719530912723,0.041323733472158425,mixture,86
mixture,0.008750000000000006,2891.9136267548192,5789.8272535096385,5802.101183155872,29.162725566173663,0.001780104806360312,0.040880866220787695,mixture,86
mixture,0.009000000000000006,2892.2630226088904,5790.526045217781,5802.799974864014,29.53866808424241,0.0017854962087639915,0.040452195114236034,mixture,86
mixture,0.009250000000000006,2892.6108350009085,5791.221670001817,5803.49559964805,29.909281468554603,0.0017907146158767924,0.04004042084320598,mixture,86
mixture,0.009500000000000007,2892.9568702886722,5791.9137405773445,5804.187670223578,30.275820612714757,0.0017957608862593268,0.03964285966904567,mixture,86
mixture,0.009750000000000007,2893.300965941864,5792.601931883728,5804.875861529961,30.638099964266676,0.0018006706401086233,0.03925910109298096,mixture,86
mixture,0.05,2926.3510692640857,5858.702138528171,5870.976068174405,68.52506895319698,0.0021014958337788143,0.02123735888530251,mixture,86
mixture,0.1,2944.9594567876284,5895.918913575257,5908.19284322149,98.46105724867729,0.0022435717014034386,0.01670091273996054,mixture,86
mixture,0.5,2989.2985732754773,5984.597146550955,5996.871076197188,239.2812244068268,0.0026163500882330232,0.010378762381089285,mixture,86
mixture,0.010000000000000007,2990.1188822805025,5986.237764561005,5998.511694207238,8.51930407754633,0.0023308720153382085,0.23409434006791024,mixture,86
mixture,0.15000000000000002,3004.9524445827064,6015.904889165413,6028.178818811646,56.56824319556705,0.0027926163471692755,0.29770533186278364,mixture,86
mixture,0.2,3005.216187282889,6016.432374565778,6028.706304212012,74.32633973423535,0.00279177029545681,0.2977067660624467,mixture,86
mixture,0.25,3005.375729238156,6016.751458476312,6029.025388122545,92.0849347351453,0.0027912475726992276,0.297707646255192,mixture,86
mixture,0.3,3005.482638391788,6016.965276783576,6029.239206429809,109.84378620935937,0.00279089262479911,0.29770824162740267,mixture,86
mixture,0.35000000000000003,3005.5592728867823,6017.118545773565,6029.392475419798,127.60278562404851,0.0027906358960991533,0.29770867126318173,mixture,86
mixture,0.4,3005.616897821536,6017.233795643072,6029.507725289305,145.36188227319914,0.0027904415110143414,0.29770899605134343,mixture,86
mixture,0.45,3005.661805975768,6017.323611951536,6029.597541597769,163.12104899185303,0.0027902891429285714,0.2977092503684712,mixture,86
null,,3005.8603320235347,6013.7206640470695,6017.811973929147,358.47296573720547,0.0027896106417494657,,mixture,86
sum,,3022.988206726407,6047.976413452814,6052.0677233348915,530.8673906759424,0.0037674191994604184,,mixture,86
mixture,0.004000000000000002,2844.2742717866804,5694.548543573361,5706.753820338093,20.524830338646026,0.0016085811836072527,0.05521625367618441,mixture,87
mixture,0.004250000000000002,2844.282208556613,5694.564417113226,5706.769693877958,21.044412784745802,0.0016214731930713315,0.054048290090060847,mixture,87
mixture,0.0037500000000000016,2844.317620164784,5694.635240329568,5706.8405170943,19.99081666123066,0.0015946549497914823,0.056479284356686164,mixture,87
mixture,0.004500000000000002,2844.332236201476,5694.664472402952,5706.869749167684,21.548861464899755,0.0016335959325292052,0.0529684625010024,mixture,87
mixture,0.0047500000000000025,2844.4170329520243,5694.834065904049,5707.039342668781,22.041459284722016,0.0016449149380363183,0.051961044620731936,mixture,87
mixture,0.0035000000000000014,2844.4239387859,5694.8478775718,5707.053154336532,19.439934811109904,0.00157961744566571,0.05785461795527786,mixture,87
mixture,0.005000000000000003,2844.5307050800834,5695.061410160167,5707.266686924899,22.52221874414152,0.0016555818494021844,0.05102006157234745,mixture,87
mixture,0.003250000000000001,2844.6082845808587,5695.216569161717,5707.421845926449,18.870216492040246,0.0015632913347961538,0.0593612059472293,mixture,87
mixture,0.005250000000000003,2844.66846339864,5695.33692679728,5707.542203562012,22.992377515238225,0.0016656341844432884,0.05013753507300227,mixture,87
mixture,0.005500000000000003,2844.8263830307815,5695.652766061563,5707.858042826295,23.452598647358172,0.0016751448869368449,0.04930760969839272,mixture,87
mixture,0.003000000000000001,2844.890368103035,5695.78073620607,5707.986012970802,18.279327488564633,0.0015454455924730486,0.06102285902094613,mixture,87
mixture,0.005750000000000003,2845.0012228642736,5696.002445728547,5708.207722493279,23.903349315477467,0.001684186157121107,0.048525476073827706,mixture,87
mixture,0.006000000000000004,2845.1902880723096,5696.380576144619,5708.585852909351,24.345493837905455,0.0016927773415257243,0.04778611139456597,mixture,87
mixture,0.0027500000000000007,2845.29646845366,5696.59293690732,5708.798213672052,17.664272137143488,0.0015258064797286953,0.06287059374504105,mixture,87
mixture,0.006250000000000004,2845.39132409174,5696.78264818348,5708.987924948212,24.779356024138526,0.0017009760597816454,0.047086009553951244,mixture,87
mixture,0.006500000000000004,2845.6024341440307,5697.204868288061,5709.410145052793,25.205725093573886,0.001708794290278353,0.04642116977033673,mixture,87
mixture,0.006750000000000004,2845.8220143311532,5697.6440286623065,5709.849305427038,25.624865932387568,0.0017162710613927142,0.04578893733655573,mixture,87
mixture,0.0025000000000000005,2845.862381802066,5697.724763604132,5709.930040368864,17.021135529536295,0.0015040392713114139,0.06494586752011935,mixture,87
mixture,0.0070000000000000045,2846.048702138175,5698.09740427635,5710.302681041082,26.036816016590855,0.001723473758009753,0.04518719631715852,mixture,87
mixture,0.007250000000000005,2846.281335330325,5698.56267066065,5710.767947425382,26.44275214615684,0.0017303531916762708,0.04461225092344187,mixture,87
mixture,0.007500000000000005,2846.518918680842,5699.037837361684,5711.243114126416,26.84229716239564,0.0017369844819389681,0.04406319132171845,mixture,87
mixture,0.0022500000000000003,2846.638125930922,5699.276251861844,5711.481528626576,16.346239822294503,0.0014796301112511433,0.06729917887902759,mixture,87
mixture,0.007750000000000005,2846.7605970908717,5699.521194181743,5711.726470946475,27.236010913900362,0.0017433694442851545,0.04353769365279049,mixture,87
mixture,0.008000000000000005,2847.0056335625986,5700.011267125197,5712.216543889929,27.624066574437038,0.0017495314440225797,0.04303423699926233,mixture,87
mixture,0.008250000000000006,2847.253391128461,5700.506782256922,5712.712059021654,28.006929418275096,0.0017554736076208998,0.04255096781481221,mixture,87
mixture,0.008500000000000006,2847.5033178777394,5701.006635755479,5713.211912520211,28.384667852081204,0.0017612224251720124,0.042086765887927396,mixture,87
mixture,0.002,2847.695767200068,5701.391534400136,5713.596811164868,15.629486758226514,0.0014520914586466796,0.07002445852325007,mixture,87
mixture,0.008750000000000006,2847.7549345860334,5701.509869172067,5713.715145936799,28.75778837694691,0.0017667592069643427,0.04164003103119615,mixture,87
mixture,0.009000000000000006,2848.0078241404735,5702.015648280947,5714.220925045679,29.125253828878478,0.001772194954812168,0.041211294706763026,mixture,87
mixture,0.009250000000000006,2848.261623238189,5702.523246476378,5714.7285232411095,29.488918179468122,0.0017774199901240137,0.04079721516198022,mixture,87
mixture,0.009750000000000007,2848.770721069659,5703.541442139318,5715.74671890405,30.20336022137833,0.001787427975277822,0.04001237245998943,mixture,87
mixture,0.010000000000000007,2849.025500124904,5704.051000249808,5716.25627701454,30.554378297978683,0.0017922297429628963,0.03964005787698929,mixture,87
mixture,0.05,2876.03473589266,5758.06947178532,5770.274748550052,67.30586742845209,0.0020889624136951096,0.021904269735558802,mixture,87
mixture,0.1,2892.039347519064,5790.078695038128,5802.28397180286,97.38942113752654,0.00222171068811232,0.017182438875194512,mixture,87
mixture,0.009500000000000007,2930.1374104728966,5866.274820945793,5878.480097710525,8.198128283560381,0.002338003360661028,0.23955023141605886,mixture,87
mixture,0.45,2932.330710664037,5870.661421328074,5882.866698092806,256.9341037450535,0.010161801127833535,0.0025864021061258913,mixture,87
mixture,0.15000000000000002,2943.713803685679,5893.427607371358,5905.63288413609,57.73820276064921,0.002733056651708662,0.2977651789925726,mixture,87
mixture,0.2,2943.949376921333,5893.898753842666,5906.104030607398,75.88486050395846,0.002732307961526926,0.29776643335073744,mixture,87
mixture,0.25,2944.0919008956043,5894.183801791209,5906.389078555941,94.03200452882687,0.0027318445921121035,0.29776720414862995,mixture,87
mixture,0.3,2944.18741535798,5894.37483071596,5906.580107480692,112.1793989050307,0.002731529610526335,0.297767725926981,mixture,87
mixture,0.35000000000000003,2944.2558863098266,5894.511772619653,5906.717049384385,130.32693841166846,0.00273130160999182,0.29776810267742565,mixture,87
mixture,0.4,2944.30737508484,5894.61475016968,5906.8200269344115,148.47457322727197,0.0027311288767883296,0.29776838760178215,mixture,87
mixture,0.5,2944.3796556705556,5894.759311341111,5906.964588105843,184.77005295599324,0.002730883981828548,0.2977687892427353,mixture,87
null,,2944.5249093011603,5891.049818602321,5895.118244190565,366.2481411033258,0.0027303892846732027,,mixture,87
sum,,2959.3020697935262,5920.6041395870525,5924.672565175297,540.204723029051,0.003702300099831679,,mixture,87
mixture,0.004000000000000002,2768.5452427084883,5543.090485416977,5555.196929714551,18.10452994424063,0.0016974830042635776,0.06324572539902627,mixture,88
mixture,0.004250000000000002,2768.5575214174796,5543.115042834959,5555.221487132533,18.627959984490033,0.0017058375979002722,0.06170787068414447,mixture,88
mixture,0.0037500000000000016,2768.5745381413735,5543.149076282747,5555.255520580321,17.565802465875496,0.0016885953723657454,0.06492333570444171,mixture,88
mixture,0.004500000000000002,2768.6040363698426,5543.208072739685,5555.314517037259,19.136794800894986,0.0017137300352789641,0.06029334371276435,mixture,88
mixture,0.0035000000000000014,2768.6546967605973,5543.309393521195,5555.4158378187685,17.00910413276243,0.0016791512527050006,0.06676843183663472,mixture,88
mixture,0.0047500000000000025,2768.6789219446327,5543.3578438892655,5555.464288186839,19.63247946810705,0.0017212138045030714,0.05898547099184058,mixture,88
mixture,0.005000000000000003,2768.7774403018357,5543.554880603671,5555.661324901245,20.116010653460986,0.0017283356175804064,0.05777140332881653,mixture,88
mixture,0.003250000000000001,2768.7976372783173,5543.595274556635,5555.701718854209,16.43268454900646,0.0016690488228180017,0.06881034296383351,mixture,88
mixture,0.005250000000000003,2768.8957290362705,5543.791458072541,5555.897902370115,20.589108309243244,0.001735092208700143,0.056637884579078895,mixture,88
mixture,0.003000000000000001,2769.0188925132356,5544.037785026471,5556.144229324045,15.834130992405992,0.001658216613794873,0.07108755473090396,mixture,88
mixture,0.005500000000000003,2769.0306129491682,5544.0612258983365,5556.16767019591,21.05063046710452,0.0017415896441894715,0.05558164930598843,mixture,88
mixture,0.005750000000000003,2769.1794629883625,5544.358925976725,5556.465370274299,21.503316414177426,0.0017477734346837968,0.054588880137923,mixture,88
mixture,0.0027500000000000007,2769.3390757986704,5544.678151597341,5556.784595894915,15.210265029257478,0.0016465216174518216,0.07365172065819055,mixture,88
mixture,0.006000000000000004,2769.3400871469053,5544.6801742938105,5556.7866185913845,21.947041990021862,0.0017537037160692043,0.05365515921889725,mixture,88
mixture,0.006250000000000004,2769.5106470327223,5545.021294065445,5557.127738363019,22.38223205209209,0.0017594139610616817,0.05277507166214759,mixture,88
mixture,0.006500000000000004,2769.6895923688053,5545.379184737611,5557.4856290351845,22.809742954352316,0.0017648880187985628,0.051942851542364776,mixture,88
mixture,0.0025000000000000005,2769.7861339300416,5545.572267860083,5557.678712157657,14.557513602098055,0.0016338125166733461,0.07656967680407652,mixture,88
mixture,0.006750000000000004,2769.8756093077845,5545.751218615569,5557.857662913143,23.23002098900657,0.0017701462363409906,0.05115421650989628,mixture,88
mixture,0.0070000000000000045,2770.0675793123646,5546.135158624729,5558.241602922303,23.6429666726905,0.0017752569940916907,0.05040640966556242,mixture,88
mixture,0.0022500000000000003,2770.3989379802656,5546.797875960531,5558.904320258105,13.871217955106335,0.0016198898136211076,0.07993360424270411,mixture,88
mixture,0.007500000000000005,2770.465690147616,5546.931380295232,5559.037824592806,24.449799871933443,0.0017849239584006153,0.049017331651713986,mixture,88
mixture,0.007750000000000005,2770.670304546589,5547.340609093178,5559.4470533907515,24.844658008522156,0.0017894835904804323,0.04836987870936642,mixture,88
mixture,0.008000000000000005,2770.8777796311215,5547.755559262243,5559.862003559817,25.232956736216924,0.0017939771072376747,0.0477529377968473,mixture,88
mixture,0.008250000000000006,2771.087587542332,5548.175175084664,5560.281619382238,25.6156414641774,0.0017983188388479459,0.04716325359689886,mixture,88
mixture,0.002,2771.2332627301853,5548.466525460371,5560.5729697579445,13.145506671117841,0.0016044831425330475,0.08387259898858705,mixture,88
mixture,0.008500000000000006,2771.29926981457,5548.59853962914,5560.704983926714,25.993875481084665,0.0018025189222232955,0.04659687203909156,mixture,88
mixture,0.009000000000000006,2771.7267136191736,5549.453427238347,5561.559871535921,26.73607959520178,0.0018105693601507523,0.045531257455164044,mixture,88
mixture,0.009250000000000006,2771.9418239986917,5549.883647997383,5561.990092294957,27.100116064278023,0.0018144334066458765,0.045029780592667115,mixture,88
mixture,0.009500000000000007,2772.1574934086293,5550.314986817259,5562.421431114833,27.45906651647794,0.0018182196812618293,0.04454853780723632,mixture,88
mixture,0.009750000000000007,2772.3734892619823,5550.746978523965,5562.8534228215385,27.81517545254582,0.0018218897017455494,0.04408244800287001,mixture,88
mixture,0.010000000000000007,2772.5896079381164,5551.179215876233,5563.285660173807,28.166645367450045,0.0018254777687139135,0.04363419532434485,mixture,88
mixture,0.05,2795.790123543558,5597.580247087116,5609.68669138469,65.11742276203897,0.002069007295877113,0.023198318421536527,mixture,88
mixture,0.1,2809.6692171276236,5625.338434255247,5637.444878552821,96.03015148168379,0.002184018277699708,0.01791294706012889,mixture,88
mixture,0.15000000000000002,2818.2029518291483,5642.405903658297,5654.512347955871,121.43480255764916,0.0022554453142583464,0.01547449658043726,mixture,88
mixture,0.007250000000000005,2835.9944854894857,5677.988970978971,5690.095415276545,7.8276412562327735,0.0021410174686438293,0.22352182292363537,mixture,88
mixture,0.008750000000000006,2838.527912408253,5683.055824816506,5695.16226911408,8.138064073423836,0.0022414476205569064,0.23409804771388326,mixture,88
mixture,0.2,2855.0075324779327,5716.0150649558655,5728.121509253439,77.52714380988975,0.0026723314823745158,0.29782634955459625,mixture,88
mixture,0.25,2855.1788637789164,5716.357727557833,5728.464171855407,96.0895767656442,0.002671758300635453,0.2978272439304573,mixture,88
mixture,0.3,2855.2938220078636,5716.587644015727,5728.694088313301,114.65236975418928,0.0026713678297602492,0.29782785079658786,mixture,88
mixture,0.35000000000000003,2855.376300277414,5716.752600554828,5728.859044852402,133.21537639645638,0.0026710846755890662,0.2978282897443166,mixture,88
mixture,0.4,2855.4383603171027,5716.876720634205,5728.983164931779,151.7785143713311,0.0026708700288732208,0.2978286220192248,mixture,88
mixture,0.45,2855.486749254882,5716.973498509764,5729.079942807338,170.34174043762084,0.0026707017220066517,0.29782888234429467,mixture,88
mixture,0.5,2855.525536361163,5717.051072722326,5729.1575170199,188.90505510302134,0.0026705658363812374,0.29782909075301633,mixture,88
null,,2855.7009206364355,5713.401841272871,5717.437322705396,374.5391881410405,0.002669947582690411,,mixture,88
sum,,2868.960279862245,5739.92055972449,5743.956041157015,548.078918642765,0.0036491095204915004,,mixture,88
mixture,0.004000000000000002,2989.973627957248,5985.947255914496,5998.27499866279,24.18879481555619,0.0012868271166801813,0.047247738243236775,mixture,89
mixture,0.004250000000000002,2989.9902402393773,5985.9804804787545,5998.308223227048,24.841655265330807,0.00129749122809907,0.046171994458399396,mixture,89
mixture,0.0037500000000000016,2990.0112516680874,5986.022503336175,5998.350246084468,23.51334291964226,0.0012755763940261382,0.0484239540684075,mixture,89
mixture,0.004500000000000002,2990.0515786133983,5986.103157226797,5998.43089997509,25.47328786578446,0.0013076568781672975,0.04518424017068143,mixture,89
mixture,0.0035000000000000014,2990.115141675575,5986.23028335115,5998.558026099444,22.81219294146749,0.0012636872902156786,0.04971929580493924,mixture,89
mixture,0.0047500000000000025,2990.1500346712482,5986.3000693424965,5998.62781209079,26.08641563744813,0.0013173208748633914,0.044271480975734495,mixture,89
mixture,0.005000000000000003,2990.279456249118,5986.558912498236,5998.88665524653,26.6816458688308,0.0013265923820894386,0.043425905744628956,mixture,89
mixture,0.003250000000000001,2990.3007269188815,5986.601453837763,5998.929196586057,22.082472440286224,0.0012510760314043282,0.05115549928723763,mixture,89
mixture,0.005250000000000003,2990.434821839253,5986.869643678506,5999.197386426799,27.26125279411236,0.001335451033968788,0.042638240043103785,mixture,89
mixture,0.003000000000000001,2990.5881097753536,5987.176219550707,5999.503962299001,21.320402471638264,0.0012376616424522044,0.05276115848933216,mixture,89
mixture,0.005500000000000003,2990.611998096426,5987.223996192852,5999.551738941145,27.82624057091987,0.0013439428054562823,0.041902258003097104,mixture,89
mixture,0.005750000000000003,2990.807557134392,5987.615114268784,5999.942857017078,28.377532243948473,0.001352103019633006,0.04121260998126335,mixture,89
mixture,0.0027500000000000007,2991.003965655086,5988.007931310172,6000.335674058466,20.521873229807703,0.0012232880478971352,0.05457256651054274,mixture,89
mixture,0.006000000000000004,2991.018636868267,5988.037273736534,6000.365016484828,28.91647662679223,0.0013599656065730972,0.0405638119330792,mixture,89
mixture,0.006250000000000004,2991.242832900444,5988.485665800888,6000.813408549181,29.44335808260135,0.0013675094621965534,0.039952951735044456,mixture,89
mixture,0.006500000000000004,2991.4781145339007,5988.956229067801,6001.283971816095,29.958313218519727,0.0013748267795548655,0.039377030594100706,mixture,89
mixture,0.0025000000000000005,2991.5844602491734,5989.168920498347,6001.49666324664,19.68062637844274,0.0012078984390790466,0.056641006238750374,mixture,89
mixture,0.006750000000000004,2991.7227573079276,5989.445514615855,6001.773257364149,30.465903058887204,0.0013818047202149284,0.03882766517525599,mixture,89
mixture,0.0070000000000000045,2991.975291433418,5989.950582866836,6002.27832561513,30.962347188493062,0.0013885952770178614,0.03830829119422801,mixture,89
mixture,0.007250000000000005,2992.234457975217,5990.468915950434,6002.796658698728,31.448715943361204,0.0013952074894212898,0.03781565325331664,mixture,89
mixture,0.0022500000000000003,2992.379892633783,5990.759785267566,6003.08752801586,18.790305939250327,0.001191230506602083,0.059033212356872596,mixture,89
mixture,0.007500000000000005,2992.499175023411,5990.998350046822,6003.326092795116,31.929324480836677,0.0014014949404372976,0.037343061376964755,mixture,89
mixture,0.007750000000000005,2992.7685096088126,5991.537019217625,6003.864761965919,32.399448477211834,0.0014076885786570574,0.036894888396569056,mixture,89
mixture,0.008000000000000005,2993.041654910476,5992.083309820952,6004.411052569246,32.862778457499786,0.0014136635479575304,0.036465596612114036,mixture,89
mixture,0.008250000000000006,2993.317911031549,5992.635822063098,6004.963564811392,33.31879388483967,0.0014194605661483947,0.036054816930003376,mixture,89
mixture,0.002,2993.4624013878897,5992.924802775779,6005.252545524073,17.84181060679029,0.0011730596203995088,0.061845956444292416,mixture,89
mixture,0.008500000000000006,2993.596669492087,5993.193338984174,6005.521081732468,33.76801933325197,0.0014250944568383955,0.035660974838808146,mixture,89
mixture,0.008750000000000006,2993.877400097442,5993.754800194884,6006.082542943178,34.21081297297948,0.0014305717923825552,0.03528286037233118,mixture,89
mixture,0.009000000000000006,2994.159639974213,5994.319279948426,6006.647022696719,34.64739475095059,0.0014358926786837585,0.03491955150289835,mixture,89
mixture,0.009250000000000006,2994.442984338852,5994.885968677704,6007.213711425998,35.07828137413243,0.0014410671501809483,0.03456977683724804,mixture,89
mixture,0.009500000000000007,2994.7270786952904,5995.454157390581,6007.781900138874,35.50331977295479,0.001446104335563853,0.03423314616282923,mixture,89
mixture,0.009750000000000007,2995.0116121737515,5996.023224347503,6008.3509670957965,35.922843754409165,0.0014510370761245455,0.03390859330985625,mixture,89
mixture,0.010000000000000007,2995.296312003001,5996.592624006002,6008.920366754295,36.3373671545395,0.001455830704984961,0.03359526713846172,mixture,89
mixture,0.05,3025.6128913284015,6057.225782656803,6069.5535254050965,79.52186060589212,0.0017532690826933739,0.01862609774101082,mixture,89
mixture,0.15000000000000002,3054.6638147549565,6115.327629509913,6127.655372258207,143.04970886179353,0.001968316954141947,0.01271646601615638,mixture,89
mixture,0.1,3102.06194770636,6210.12389541272,6222.451638161014,44.22954957295283,0.002426587693544043,0.2980707641033537,mixture,89
mixture,0.2,3102.921901882201,6211.843803764402,6224.171546512695,85.20763686377182,0.0024235449404278807,0.29807438879013426,mixture,89
mixture,0.25,3103.0970311294504,6212.194062258901,6224.521805007194,105.69630750506657,0.002422946273461724,0.2980755087979511,mixture,89
mixture,0.3,3103.214379695076,6212.428759390152,6224.756502138445,126.186082827551,0.0024225257961181146,0.29807627130315856,mixture,89
mixture,0.35000000000000003,3103.2984943846404,6212.596988769281,6224.924731517574,146.67669876989902,0.0024222114924950817,0.2980768287802155,mixture,89
mixture,0.4,3103.3617428040407,6212.723485608081,6225.051228356375,167.16230256439997,0.002422049320179112,0.2980775102608645,mixture,89
mixture,0.45,3103.41103173552,6212.82206347104,6225.149806219333,187.6523193555487,0.0024218657231982773,0.29807777400306296,mixture,89
mixture,0.5,3103.4505238252923,6212.901047650585,6225.228790398878,208.14239755338053,0.002421718152366404,0.2980779847550972,mixture,89
null,,3103.628912697126,6209.257825394252,6213.3670729770165,413.04460782872275,0.002421046010639776,,mixture,89
sum,,3120.7414514568018,6243.4829029136035,6247.592150496368,603.9610143530168,0.0033114720196674727,,mixture,89
mixture,0.004500000000000002,2732.933319968669,5471.866639937338,5483.944237858814,28.456313815936255,0.001213601111819903,0.04022491860174637,mixture,90
mixture,0.004250000000000002,2732.9474051259035,5471.894810251807,5483.972408173283,27.82430753804655,0.0011998799768362474,0.04100725835113551,mixture,90
mixture,0.0047500000000000025,2732.9620255315103,5471.924051063021,5484.001648984497,29.068436599345727,0.0012266334829548352,0.03950024032398657,mixture,90
mixture,0.004000000000000002,2733.0128003789396,5472.025600757879,5484.103198679355,27.17070282999143,0.0011853765129944986,0.041855338609172364,mixture,90
mixture,0.005000000000000003,2733.0266272495287,5472.053254499057,5484.130852420533,29.662423982763155,0.0012390438396681198,0.03882615575078029,mixture,90
mixture,0.005250000000000003,2733.121491891115,5472.24298378223,5484.320581703706,30.239884632200212,0.001250881475116936,0.038196672701489943,mixture,90
mixture,0.0037500000000000016,2733.1401464704704,5472.280292940941,5484.357890862417,26.4917186787383,0.0011700850446466138,0.0427817045543857,mixture,90
mixture,0.005500000000000003,2733.2419773059537,5472.483954611907,5484.561552533383,30.80220760949677,0.0012622017139175823,0.03760671907087911,mixture,90
mixture,0.0035000000000000014,2733.3428967051586,5472.685793410317,5484.763391331793,25.785642687076727,0.0011538327613450168,0.043797819664454826,mixture,90
mixture,0.005750000000000003,2733.3842285738865,5472.768457147773,5484.846055069249,31.350596660308163,0.0012730150318632121,0.03705220483121204,mixture,90
mixture,0.006000000000000004,2733.5450223111984,5473.090044622397,5485.167642543873,31.886049071708666,0.0012833932897526738,0.03652942151963599,mixture,90
mixture,0.003250000000000001,2733.6382974909684,5473.276594981937,5485.354192903413,25.04848912294822,0.0011365411074248139,0.04492103690418858,mixture,90
mixture,0.006250000000000004,2733.721646252472,5473.443292504944,5485.52089042642,32.40939656443393,0.001293358053034454,0.03603544512772325,mixture,90
mixture,0.006500000000000004,2733.9118052080157,5473.823610416031,5485.901208337507,32.92184136720748,0.0013029363010830484,0.03556711092975967,mixture,90
mixture,0.003000000000000001,2734.048813067145,5474.09762613429,5486.175224055766,24.275540359825595,0.0011180870943440042,0.04617368313007244,mixture,90
mixture,0.006750000000000004,2734.1135468721336,5474.227093744267,5486.304691665743,33.4237018622842,0.0013121588025625768,0.03512260608806109,mixture,90
mixture,0.0070000000000000045,2734.3252027452695,5474.650405490539,5486.728003412015,33.91572320714044,0.0013210528840096691,0.03469975173688699,mixture,90
mixture,0.007250000000000005,2734.545340745764,5475.090681491528,5487.168279413004,34.398689827810976,0.001329626816651132,0.03429658331744748,mixture,90
mixture,0.0027500000000000007,2734.604250104565,5475.20850020913,5487.286098130606,23.462882665839068,0.0010982152722790748,0.04758140038241876,mixture,90
mixture,0.007500000000000005,2734.772726853234,5475.545453706468,5487.623051627944,34.87305302311897,0.0013379092437000911,0.033911576544438125,mixture,90
mixture,0.007750000000000005,2735.0062938977726,5476.012587795545,5488.090185717021,35.33914880796977,0.0013459223948665158,0.03354347269615715,mixture,90
mixture,0.008000000000000005,2735.245115969209,5476.490231938418,5488.567829859894,35.79762820096892,0.0013536754162993235,0.03319080916047617,mixture,90
mixture,0.0025000000000000005,2735.345024408667,5476.690048817334,5488.76764673881,22.60134540854957,0.0010769235438295353,0.04918658979258607,mixture,90
mixture,0.008250000000000006,2735.4883872940773,5476.9767745881545,5489.05437250963,36.24879951226793,0.0013611857808882404,0.03285255857359592,mixture,90
mixture,0.008500000000000006,2735.7354047280396,5477.470809456079,5489.548407377555,36.69296435204709,0.0013684708948723135,0.03252776443659068,mixture,90
mixture,0.008750000000000006,2735.9855531584067,5477.971106316813,5490.048704238289,37.13062680901655,0.0013755362303805156,0.03221537326352411,mixture,90
mixture,0.009000000000000006,2736.2382932548276,5478.476586509655,5490.554184431131,37.56200109148574,0.001382395434868634,0.031914657641731216,mixture,90
mixture,0.0022500000000000003,2736.327369946559,5478.654739893118,5490.732337814594,21.68404113177448,0.0010538182452082964,0.05103855180742756,mixture,90
mixture,0.009250000000000006,2736.4931511590903,5478.986302318181,5491.0639002396565,37.987262844864674,0.0013890744833981704,0.03162490970480555,mixture,90
mixture,0.009500000000000007,2736.7497098297818,5479.4994196595635,5491.577017581039,38.40789255737907,0.001395528128741365,0.03134450628746801,mixture,90
mixture,0.009750000000000007,2737.0076014415645,5480.015202883129,5492.092800804605,38.82145574400084,0.0014018581796715619,0.031075049595695757,mixture,90
mixture,0.010000000000000007,2737.266501401945,5480.53300280389,5492.610600725366,39.230297969936956,0.0014080118785406077,0.030814161350197235,mixture,90
mixture,0.002,2737.6320058426836,5481.264011685367,5493.341609606843,20.699244159541745,0.0010286348399899212,0.05321270483725221,mixture,90
mixture,0.05,2766.316569708767,5538.633139417534,5550.71073733901,80.82402598116971,0.0017853680348485356,0.017986089693336205,mixture,90
mixture,0.1,2784.011001062847,5574.022002125694,5586.09960004717,113.95738980162928,0.0019471075572514067,0.014377190035640586,mixture,90
mixture,0.15000000000000002,2794.9698445777503,5595.939689155501,5608.017287076977,140.3217212222692,0.002044581843917061,0.01269469810545676,mixture,90
mixture,0.2,2842.827246253916,5691.654492507832,5703.732090429308,81.64546412158442,0.0025329093093248486,0.29796496145717993,mixture,90
mixture,0.25,2842.9774028413212,5691.9548056826425,5704.032403604118,101.23719007399993,0.0025324117236273504,0.2979659855659016,mixture,90
mixture,0.3,2843.078031652376,5692.156063304752,5704.233661226228,120.82383962140271,0.0025321886121828638,0.29796710220382,mixture,90
mixture,0.35000000000000003,2843.150166487716,5692.300332975432,5704.377930896908,140.415263546302,0.0025319419393125117,0.29796749081440776,mixture,90
mixture,0.4,2843.2044099735713,5692.408819947143,5704.486417868618,160.00679645382039,0.0025317552370979564,0.2979677845279597,mixture,90
mixture,0.45,2843.2466841055575,5692.493368211115,5704.570966132591,179.59840733868273,0.0025316089430619795,0.29796801443315063,mixture,90
mixture,0.5,2843.2805569968614,5692.561113993723,5704.638711915199,199.19007142114774,0.002531491244843204,0.29796819796678636,mixture,90
null,,2843.433578212634,5688.867156425268,5692.893022399094,395.1077956220173,0.0025309548712540643,,mixture,90
sum,,2860.7492235141294,5723.498447028259,5727.524313002084,581.3384118732785,0.0034403369176230604,,mixture,90
mixture,0.004000000000000002,2858.110126374122,5722.220252748244,5734.487387374585,18.77025731800115,0.0018810473485207696,0.059842166634111654,mixture,91
mixture,0.0037500000000000016,2858.1187519322766,5722.237503864553,5734.504638490894,18.31079282491283,0.0018644592441248895,0.06112156009285671,mixture,91
mixture,0.004250000000000002,2858.156201822645,5722.31240364529,5734.579538271631,19.213499351664726,0.0018965567319606678,0.05866810177811312,mixture,91
mixture,0.0035000000000000014,2858.194644921602,5722.389289843204,5734.656424469545,17.838681513696674,0.001846592473307462,0.06250274996474318,mixture,91
mixture,0.004500000000000002,2858.2470752086406,5722.494150417281,5734.761285043622,19.643444402078707,0.0019110934442198794,0.05758072524780626,mixture,91
mixture,0.003250000000000001,2858.3539860344376,5722.707972068875,5734.975106695216,17.346402410793623,0.0018273401090092508,0.06402613679915309,mixture,91
mixture,0.0047500000000000025,2858.374854127892,5722.749708255784,5735.016842882124,20.0614210914334,0.0019247919357324374,0.056568795565004444,mixture,91
mixture,0.005000000000000003,2858.5331819094777,5723.066363818955,5735.333498445296,20.46726918671681,0.0019377513335113795,0.05562711997074076,mixture,91
mixture,0.003000000000000001,2858.6179171852878,5723.2358343705755,5735.502968996916,16.832908350740222,0.0018065250520911368,0.06571202288865693,mixture,91
mixture,0.005250000000000003,2858.716889384184,5723.433778768368,5735.700913394709,20.865863630772147,0.0019499073058193304,0.05473650885312874,mixture,91
mixture,0.005500000000000003,2858.921741151356,5723.843482302712,5736.110616929052,21.25352008222646,0.001961556110455106,0.053903538301247514,mixture,91
mixture,0.0027500000000000007,2859.014577296858,5724.029154593716,5736.296289220057,16.295546049696814,0.001783737469241493,0.06759257547027521,mixture,91
mixture,0.005750000000000003,2859.144238607744,5724.288477215488,5736.555611841828,21.63282211614813,0.0019725983333117856,0.05311764643213712,mixture,91
mixture,0.006000000000000004,2859.381473494922,5724.762946989844,5737.030081616184,22.004438800023085,0.0019830921827670993,0.052374060190269675,mixture,91
mixture,0.0025000000000000005,2859.5822181370295,5725.164436274059,5737.4315709003995,15.730322798290931,0.0017587076841307026,0.0697122255420432,mixture,91
mixture,0.006250000000000004,2859.631013792859,5725.262027585718,5737.5291622120585,22.368460689218768,0.0019931308028864276,0.051669837664379374,mixture,91
mixture,0.006500000000000004,2859.8908147162583,5725.781629432517,5738.048764058857,22.725873833136596,0.002002699868202697,0.051000358546402426,mixture,91
mixture,0.0022500000000000003,2860.3741650394695,5726.748330078939,5739.01546470528,15.131728238060939,0.001731016923480979,0.0721339058007583,mixture,91
mixture,0.002,2861.467052942845,5728.93410588569,5741.20124051203,14.492898335062993,0.0017001244536115443,0.07494453953365143,mixture,91
mixture,0.05,2894.3492040436495,5794.698408087299,5806.9655427136395,58.59253175900587,0.002432201756113442,0.02497697736510619,mixture,91
mixture,0.1,2911.6424317967258,5829.2848635934515,5841.551998219792,85.11230665643458,0.0025626216714554253,0.019527110124319673,mixture,91
mixture,0.2,2929.504444900279,5865.008889800558,5877.276024426898,125.8037736668139,0.002700515352364883,0.015460778896376641,mixture,91
mixture,0.3,2939.723972172721,5885.447944345442,5897.7150789717825,159.08087444659748,0.0027870131606184977,0.013608416120133256,mixture,91
mixture,0.35000000000000003,2943.5046116589083,5893.009223317817,5905.276357944157,174.09614081953714,0.002821196434504441,0.012990828311127531,mixture,91
mixture,0.006750000000000004,2946.032622051406,5898.065244102812,5910.332378729153,7.454584405770653,0.0023667446711712423,0.21580354480456415,mixture,91
mixture,0.4,2946.719707457918,5899.439414915836,5911.706549542177,188.31761255312338,0.002851392579964659,0.01249081905250189,mixture,91
mixture,0.0070000000000000045,2946.721336857544,5899.442673715088,5911.7098083414285,7.427505060936928,0.002404117709369547,0.21989293750065098,mixture,91
mixture,0.007250000000000005,2947.342787104456,5900.685574208912,5912.952708835252,7.423808450171295,0.0024355686480666385,0.22323582492079289,mixture,91
mixture,0.007500000000000005,2947.9085736110455,5901.817147222091,5914.084281848432,7.436948767840159,0.0024625585730250125,0.22601322592019102,mixture,91
mixture,0.007750000000000005,2948.427374064944,5902.854748129888,5915.121882756229,7.4619349872365435,0.002486293512789826,0.22837407170973453,mixture,91
mixture,0.008000000000000005,2948.9057304507733,5903.8114609015465,5916.078595527887,7.495964907769709,0.0025074554955709216,0.2304040663642536,mixture,91
mixture,0.008250000000000006,2949.34875987926,5904.69751975852,5916.96465438486,7.537136796488912,0.0025265208712087544,0.23216334317168105,mixture,91
mixture,0.008500000000000006,2949.7609396230214,5905.521879246043,5917.789013872383,7.584029280953139,0.002543848801289891,0.23369906468687407,mixture,91
mixture,0.008750000000000006,2950.1456818587,5906.2913637174,5918.55849834374,7.635640735355668,0.00255970362492761,0.2350450728146701,mixture,91
mixture,0.009000000000000006,2950.5061962334275,5907.012392466855,5919.279527093196,7.690857482688936,0.0025743859489245477,0.23624047182651997,mixture,91
mixture,0.009250000000000006,2950.8449303577154,5907.689860715431,5919.956995341771,7.749736682077993,0.002587866587766376,0.2372847093953034,mixture,91
mixture,0.009500000000000007,2951.1637648529245,5908.327529705849,5920.5946643321895,7.811454986118829,0.002600389032360667,0.23820658167508174,mixture,91
mixture,0.009750000000000007,2951.4650273157267,5908.9300546314535,5921.197189257794,7.875535344745383,0.0026120766988169245,0.23902493977514733,mixture,91
mixture,0.010000000000000007,2951.7498696939883,5909.499739387977,5921.766874014317,7.94169018644002,0.002623026614759661,0.23975005823359646,mixture,91
mixture,0.15000000000000002,2965.9640791861343,5937.928158372269,5950.195292998609,51.63914755000964,0.0030749516645937375,0.2974219159545284,mixture,91
mixture,0.25,2966.3611078895588,5938.7222157791175,5950.989350405458,83.85274196533945,0.003073855435848206,0.2974235710431866,mixture,91
mixture,0.45,2966.6293458429145,5939.258691685829,5951.52582631217,148.27328623040503,0.003073264894332731,0.2974257099762879,mixture,91
mixture,0.5,2966.6630789481023,5939.326157896205,5951.593292522545,164.38225470984668,0.003073118720609266,0.29742635484923596,mixture,91
null,,2966.8154400574967,5935.6308801149935,5939.719924990441,325.4510352241724,0.0030726588388670963,,mixture,91
sum,,2982.1340614721794,5966.268122944359,5970.357167819806,483.84959574583075,0.004133515905737395,,mixture,91
mixture,0.004000000000000002,2871.5724358307443,5749.144871661489,5761.384671246776,21.1601782010219,0.0015806706189799053,0.053463286441432285,mixture,92
mixture,0.004250000000000002,2871.586521573943,5749.173043147886,5761.412842733173,21.691014226308955,0.0015937494370308269,0.05234082515478298,mixture,92
mixture,0.0037500000000000016,2871.6125071040565,5749.225014208113,5761.4648137934,20.612239938906956,0.0015666956063104167,0.05468292454014709,mixture,92
mixture,0.004500000000000002,2871.6450918527244,5749.290183705449,5761.529983290736,22.206334674779438,0.001606041247273913,0.05130276000093346,mixture,92
mixture,0.0035000000000000014,2871.7190017969106,5749.438003593821,5761.677803179108,20.04446937860841,0.0015517309692221076,0.05601800389081831,mixture,92
mixture,0.0047500000000000025,2871.740428485691,5749.480856971382,5761.720656556669,22.707937878218672,0.001617596332822294,0.05033765257991131,mixture,92
mixture,0.005000000000000003,2871.866307726549,5749.732615453098,5761.972415038385,23.196347672515536,0.0016285515076914158,0.049438206386081054,mixture,92
mixture,0.003250000000000001,2871.90768736024,5749.81537472048,5762.055174305767,19.4561462240045,0.001535613724498717,0.05748359878392124,mixture,92
mixture,0.005250000000000003,2872.017664222572,5750.035328445144,5762.275128030431,23.672702117966782,0.001638910270942493,0.04859703907058853,mixture,92
mixture,0.005500000000000003,2872.1903404779687,5750.380680955937,5762.620480541224,24.139701106553368,0.0016487195114228425,0.04780381506144072,mixture,92
mixture,0.003000000000000001,2872.1991501922835,5750.398300384567,5762.638099969854,18.842289046692052,0.0015182013979267634,0.05911207394334888,mixture,92
mixture,0.005750000000000003,2872.3808994255483,5750.7617988510965,5763.001598436384,24.595575448860938,0.0016580977307134495,0.04705897146038843,mixture,92
mixture,0.006000000000000004,2872.586479894387,5751.172959788774,5763.412759374061,25.042634606677538,0.0016670047997362756,0.04635466532736415,mixture,92
mixture,0.0027500000000000007,2872.620756088868,5751.241512177736,5763.481311763023,18.199902040878086,0.001499294336832079,0.06093534924188835,mixture,92
mixture,0.006250000000000004,2872.804685957728,5751.609371915456,5763.849171500743,25.48096406034923,0.0016755195946183557,0.04568802111264581,mixture,92
mixture,0.006500000000000004,2873.033500274807,5752.067000549614,5764.306800134901,25.91208214162002,0.0016836060955980345,0.04505398898606803,mixture,92
mixture,0.0025000000000000005,2873.2096599732895,5752.419319946579,5764.659119531866,17.523902418706005,0.00147865599489978,0.06300061861429698,mixture,92
mixture,0.006750000000000004,2873.2712163263736,5752.542432652747,5764.782232238034,26.333760520821063,0.0016913930016785466,0.04445470442200058,mixture,92
mixture,0.007250000000000005,2873.767761068785,5753.53552213757,5765.775321722857,27.160048775236024,0.0017060525493285048,0.04333171168237747,mixture,92
mixture,0.0022500000000000003,2874.0175878772097,5754.0351757544195,5766.2749753397065,16.8079168167553,0.0014559898153623596,0.0653723184067301,mixture,92
mixture,0.007500000000000005,2874.0242922674493,5754.0485845348985,5766.288384120186,27.56307815475092,0.0017129403649295515,0.04280851088327015,mixture,92
mixture,0.007750000000000005,2874.2850646920488,5754.5701293840975,5766.809928969385,27.960430282535597,0.0017195691453146533,0.04230714115274279,mixture,92
mixture,0.008000000000000005,2874.549293191569,5755.098586383138,5767.338385968425,28.35266412618413,0.0017259461742887016,0.04182561141767111,mixture,92
mixture,0.008250000000000006,2874.816299260918,5755.632598521836,5767.872398107123,28.739466862741434,0.001732096916255443,0.0413634978128006,mixture,92
mixture,0.008500000000000006,2875.0854948556425,5756.170989711285,5768.410789296572,29.119040089388662,0.0017381181875194937,0.04092255291242608,mixture,92
mixture,0.002,2875.118759380928,5756.237518761856,5768.477318347143,16.04308280130915,0.0014309546443007069,0.06814419643269982,mixture,92
mixture,0.008750000000000006,2875.3563703825052,5756.7127407650105,5768.952540350298,29.495796296567015,0.0017438745790388844,0.04049516053236862,mixture,92
mixture,0.009000000000000006,2875.6284820196897,5757.256964039379,5769.4967636246665,29.866709481686733,0.00174947253868782,0.040085264259569306,mixture,92
mixture,0.009250000000000006,2875.9014436161797,5757.802887232359,5770.042686817646,30.233699226185017,0.0017548807189873197,0.0396892390409018,mixture,92
mixture,0.009500000000000007,2876.174918293612,5758.349836587224,5770.589636172511,30.596741131985908,0.001760126894986023,0.039306486738348835,mixture,92
mixture,0.009750000000000007,2876.448612062085,5758.89722412417,5771.137023709457,30.95550147160335,0.0017652178681836527,0.038937006626986584,mixture,92
mixture,0.010000000000000007,2876.7222680771747,5759.444536154349,5771.6843357396365,31.310206765983818,0.001770168372201884,0.038579906180401156,mixture,92
mixture,0.05,2905.334785233822,5816.669570467644,5828.909370052931,69.15038224527223,0.0020619913850318003,0.02115719697881141,mixture,92
mixture,0.1,2922.1473369740525,5850.294673948105,5862.534473533392,100.20454511183816,0.0021933330733287923,0.016479944458584413,mixture,92
mixture,0.15000000000000002,2932.4880573045125,5870.976114609025,5883.215914194312,125.07930305010922,0.002276794961029631,0.014358782952271335,mixture,92
mixture,0.0070000000000000045,2956.4204580043624,5918.840916008725,5931.080715594012,7.829012980411722,0.0021487854135953653,0.21722207009727063,mixture,92
mixture,0.45,2964.8885667416225,5935.777133483245,5948.016933068532,259.1881474794145,0.009769058683522213,0.00258065310532837,mixture,92
mixture,0.2,2977.338697690204,5960.677395380408,5972.917194965695,75.73329281977806,0.0027379793171801296,0.29776061297585626,mixture,92
mixture,0.25,2977.508753746129,5961.017507492258,5973.257307077545,93.8472837710723,0.0027373714406576447,0.297761564297155,mixture,92
mixture,0.3,2977.6227378455956,5961.245475691191,5973.485275276478,111.96157655949465,0.0027369588901729343,0.2977622080080905,mixture,92
mixture,0.35000000000000003,2977.704458202883,5961.408916405766,5973.648715991053,130.07604198957975,0.002736660636824492,0.2977626725621681,mixture,92
mixture,0.4,2977.7659153006975,5961.531830601395,5973.771630186682,148.19061613133775,0.00273643497853912,0.2977630237051541,mixture,92
mixture,0.5,2977.8521968255427,5961.704393651085,5973.9441932363725,184.42002193743554,0.002736115298945643,0.29776351867194534,mixture,92
null,,2978.0256121266607,5958.051224253321,5962.131157448417,365.5679318444958,0.0027354696976686047,,mixture,92
sum,,2994.6566530977066,5991.313306195413,5995.393239390509,539.7057558262051,0.0037057229396012517,,mixture,92
mixture,0.0047500000000000025,3137.0174055798025,6280.034811159605,6292.505748116361,25.723379447920266,0.0013402396965974657,0.0448730489077522,mixture,93
mixture,0.004500000000000002,3137.0280721515946,6280.056144303189,6292.527081259946,25.096048710996026,0.0013314589477332415,0.04584114765926868,mixture,93
mixture,0.005000000000000003,3137.043396787788,6280.086793575576,6292.557730532332,26.334533159548737,0.001348597450162389,0.04397405691733452,mixture,93
mixture,0.004250000000000002,3137.082211313207,6280.164422626414,6292.635359583171,24.451112667902734,0.0013222069053614575,0.04688797192077524,mixture,93
mixture,0.005250000000000003,3137.1004687672507,6280.2009375345015,6292.671874491258,26.93070953392302,0.0013565743564280335,0.04313621914661627,mixture,93
mixture,0.005500000000000003,3137.1840170596793,6280.3680341193585,6292.838971076115,27.512631709491032,0.0013642316889267009,0.04235328668067355,mixture,93
mixture,0.004000000000000002,3137.188232901172,6280.376465802344,6292.8474027591,23.787541072683194,0.0013124109527401196,0.0480238030414851,mixture,93
mixture,0.005750000000000003,3137.290209923307,6280.580419846614,6293.05135680337,28.08198673489158,0.0013715394682187174,0.04161849824152406,mixture,93
mixture,0.0037500000000000016,3137.356630728101,6280.713261456202,6293.184198412959,23.103318320986283,0.0013019852425080148,0.049262968279772945,mixture,93
mixture,0.006000000000000004,3137.415835767119,6280.831671534238,6293.302608490994,28.638656571192747,0.00137858025804986,0.04092833561807444,mixture,93
mixture,0.006250000000000004,3137.558185451015,6281.11637090203,6293.5873078587865,29.18526120217198,0.0013853159083694196,0.04027575178993892,mixture,93
mixture,0.0035000000000000014,3137.600664007733,6281.201328015466,6293.672264972222,22.396478564880532,0.0012908610633256274,0.05062201815159286,mixture,93
mixture,0.006500000000000004,3137.7149595857427,6281.429919171485,6293.900856128242,29.7185256846745,0.0013918992951674333,0.039662819943406535,mixture,93
mixture,0.006750000000000004,3137.884197175287,6281.768394350574,6294.239331307331,30.24240902718743,0.001398236076177638,0.039081407994072295,mixture,93
mixture,0.003250000000000001,3137.937326696122,6281.874653392244,6294.345590349,21.66497919333069,0.0012788789851770812,0.05212121432631277,mixture,93
mixture,0.0070000000000000045,3138.064216622267,6282.128433244534,6294.59937020129,30.756988250600195,0.001404357032046789,0.03852943909634769,mixture,93
mixture,0.007250000000000005,3138.253569885413,6282.507139770826,6294.978076727582,31.26231715795936,0.001410284269580778,0.0380050775909015,mixture,93
mixture,0.003000000000000001,3138.3887584508057,6282.777516901611,6295.248453858368,20.90580462817092,0.0012659231873794047,0.05378724634157378,mixture,93
mixture,0.007500000000000005,3138.451004838928,6282.902009677856,6295.372946634612,31.758701824332483,0.001416049523310691,0.03750622079999594,mixture,93
mixture,0.007750000000000005,3138.6554346985986,6283.310869397197,6295.7818063539535,32.247332842124706,0.0014216212673057082,0.03703004234096647,mixture,93
mixture,0.008000000000000005,3138.8659128762893,6283.7318257525785,6296.202762709335,32.72778430087047,0.0014270539745604562,0.03657570363957211,mixture,93
mixture,0.0027500000000000007,3138.9843538308237,6283.968707661647,6296.439644618404,20.11625105348485,0.0012517556892223652,0.055652171443941315,mixture,93
mixture,0.008250000000000006,3139.0816123135564,6284.163224627113,6296.634161583869,33.201053948917085,0.0014323244420820379,0.036140930968588315,mixture,93
mixture,0.008500000000000006,3139.3018082127446,6284.603616425489,6297.0745533822455,33.666811964854,0.0014374744183384422,0.035725013697626165,mixture,93
mixture,0.008750000000000006,3139.525863744994,6285.051727489988,6297.522664446744,34.12586965677807,0.0014424868824149952,0.03532614158250256,mixture,93
mixture,0.009000000000000006,3139.7532179353916,6285.506435870783,6297.9773728275395,34.578232944859344,0.001447381653253364,0.0349434494712595,mixture,93
mixture,0.0025000000000000005,3139.7640131988655,6285.528026397731,6297.998963354487,19.291951532230136,0.0012361203038410331,0.05776080999933688,mixture,93
mixture,0.009250000000000006,3139.9833755387745,6285.966751077549,6298.437688034305,35.02466051615376,0.0014521457033445989,0.03457538770289191,mixture,93
mixture,0.009500000000000007,3140.2158984000916,6286.431796800183,6298.90273375694,35.46490625909144,0.0014568055750675897,0.0342215043268878,mixture,93
mixture,0.010000000000000007,3140.686530007578,6287.373060015156,6299.843996971912,36.328509832075234,0.0014657987898700209,0.03355216680813489,mixture,93
mixture,0.0022500000000000003,3140.7833371608303,6287.566674321661,6300.037611278417,18.4279530839106,0.0012186806110130405,0.060171776940850304,mixture,93
mixture,0.002,3142.1222896951613,6290.2445793903225,6302.715516347079,17.5174598021655,0.0011989478204722554,0.06296795946475894,mixture,93
mixture,0.05,3168.8096421632868,6343.6192843265735,6356.09022128333,79.00737998485037,0.0017793539407597288,0.018661373226589527,mixture,93
mixture,0.1,3199.1969857332583,6404.393971466517,6416.864908423273,90.98684426660961,0.0018587185215954178,0.024202437813499945,mixture,93
mixture,0.15000000000000002,3204.1411510118487,6414.282302023697,6426.753238980454,118.2983408291436,0.0020076687209271992,0.0195022030988358,mixture,93
mixture,0.009750000000000007,3233.969860615058,6473.939721230116,6486.410658186873,8.765079946615153,0.0021175622050325104,0.23799917065846268,mixture,93
mixture,0.2,3246.5810439356633,6499.162087871327,6511.633024828083,83.04136758701463,0.0024888967721608847,0.29800938102023344,mixture,93
mixture,0.25,3246.715672078112,6499.431344156224,6511.902281112981,102.97434346682358,0.002488610867862691,0.2980100929178008,mixture,93
mixture,0.3,3246.8059357064435,6499.611871412887,6512.082808369643,122.90821030937592,0.0024884019636074012,0.29801058592739704,mixture,93
mixture,0.35000000000000003,3246.870663237437,6499.741326474874,6512.21226343163,142.83650827273826,0.002488351278931752,0.29801119057167635,mixture,93
mixture,0.4,3246.9193476108517,6499.838695221703,6512.30963217846,162.76946505298352,0.0024882412070594204,0.2980113871057033,mixture,93
mixture,0.45,3246.95729629034,6499.91459258068,6512.385529537436,182.70247965248342,0.002488154813553754,0.2980115410627456,mixture,93
mixture,0.5,3246.987707770764,6499.975415541528,6512.446352498284,202.63554227973034,0.002488085112734384,0.2980116640660681,mixture,93
null,,3247.1251414988196,6496.250282997639,6500.407261983225,401.96701659790375,0.0024877663059611715,,mixture,93
sum,,3264.104200032368,6530.208400064736,6534.365379050322,587.3162636317081,0.003405320308402275,,mixture,93
mixture,0.003250000000000001,2638.653367500064,5283.306735000128,5295.318396201448,19.333454711777843,0.001598520992484596,0.05761452348946032,mixture,94
mixture,0.0035000000000000014,2638.659799154464,5283.319598308928,5295.331259510248,19.897346549763675,0.001616216862531748,0.056198482308946716,mixture,94
mixture,0.003000000000000001,2638.72991109299,5283.45982218598,5295.4714833872995,18.745575525451326,0.0015793421568858484,0.05918301158157932,mixture,94
mixture,0.0037500000000000016,2638.731601261761,5283.463202523522,5295.474863724842,20.44038199325722,0.001632645159795149,0.05490948418890753,mixture,94
mixture,0.004000000000000002,2638.8553908698414,5283.710781739683,5295.722442941003,20.965279398468468,0.0016479152425690085,0.053727565364946946,mixture,94
mixture,0.0027500000000000007,2638.9130083017694,5283.826016603539,5295.837677804859,18.131973854276048,0.0015583734920416833,0.06092936407579158,mixture,94
mixture,0.004250000000000002,2639.020836315264,5284.041672630528,5296.053333831848,21.475498037782348,0.0016621298800167852,0.05263356027340357,mixture,94
mixture,0.004500000000000002,2639.219850922066,5284.439701844132,5296.451363045452,21.96730348726885,0.0016755697310118591,0.0516293994296857,mixture,94
mixture,0.0025000000000000005,2639.2349131601263,5284.469826320253,5296.4814875215725,17.4864892905377,0.0015353678329630724,0.06290115257440913,mixture,94
mixture,0.0047500000000000025,2639.4460356675872,5284.8920713351745,5296.903732536494,22.447397511968557,0.0016881604488709525,0.05069094542027397,mixture,94
mixture,0.005000000000000003,2639.6942697996324,5285.388539599265,5297.400200800585,22.915210590704213,0.0017000385547365157,0.049814507739399994,mixture,94
mixture,0.0022500000000000003,2639.740868269992,5285.481736539984,5297.493397741304,16.8037959017301,0.0015099033063998386,0.06515435745002772,mixture,94
mixture,0.005250000000000003,2639.96042021197,5285.92084042394,5297.93250162526,23.371210798880174,0.0017113344420212277,0.04899418621870569,mixture,94
mixture,0.005500000000000003,2640.2411236332464,5286.482247266493,5298.493908467813,23.81702669713894,0.0017220187058786748,0.04822262208395567,mixture,94
mixture,0.002,2640.4962882010373,5286.9925764020745,5299.004237603394,16.075900277913316,0.0014814626284696969,0.06777182688236569,mixture,94
mixture,0.005750000000000003,2640.5336236083126,5287.067247216625,5299.078908417945,24.252991132928475,0.0017321926834258654,0.04749564324634582,mixture,94
mixture,0.006000000000000004,2640.8356466254786,5287.671293250957,5299.682954452277,24.680091094777776,0.001741867678979028,0.0468083827373129,mixture,94
mixture,0.006250000000000004,2641.145306920902,5288.290613841804,5300.302275043124,25.09846599500896,0.001751138224041519,0.04615790039601912,mixture,94
mixture,0.006500000000000004,2641.4610325205927,5288.922065041185,5300.933726242505,25.509092417223123,0.0017599869545623763,0.04554021442931986,mixture,94
mixture,0.006750000000000004,2641.781507220369,5289.563014440738,5301.574675642058,25.912267067543393,0.0017684669670374152,0.04495279177760329,mixture,94
mixture,0.0070000000000000045,2642.105624672182,5290.211249344364,5302.222910545684,26.308278259392296,0.0017766271134377475,0.044393324183878334,mixture,94
mixture,0.007250000000000005,2642.4324518293984,5290.864903658797,5302.876564860117,26.697657970777808,0.0017844657259771498,0.043859421908899104,mixture,94
mixture,0.007500000000000005,2642.7611994578556,5291.522398915711,5303.534060117031,27.080912791109753,0.0017920102932097923,0.04334880981772655,mixture,94
mixture,0.007750000000000005,2643.091198351602,5292.182396703204,5304.194057904524,27.458258059904722,0.0017992740999263346,0.04285998358633139,mixture,94
mixture,0.008000000000000005,2643.421879949734,5292.843759899468,5304.855421100788,27.830376866077785,0.0018062715420008538,0.04239069151553578,mixture,94
mixture,0.008250000000000006,2643.752760353975,5293.50552070795,5305.51718190927,28.196450749163272,0.0018130442781409345,0.04194138956212043,mixture,94
mixture,0.008500000000000006,2644.0834274193485,5294.166854838697,5306.178516040017,28.558006286689867,0.0018195851003892263,0.04150860794853575,mixture,94
mixture,0.008750000000000006,2644.4135297879857,5294.827059575971,5306.838720777291,28.913025542157254,0.0018259659614259863,0.04109482609431503,mixture,94
mixture,0.009000000000000006,2644.7427675444565,5295.485535088913,5307.497196290233,29.26610273700418,0.0018320586384188747,0.04069214218018166,mixture,94
mixture,0.009250000000000006,2645.0708855424054,5296.141771084811,5308.153432286131,29.613565666487503,0.0018380050530579348,0.04030562657394154,mixture,94
mixture,0.009500000000000007,2645.397666133069,5296.795332266138,5308.806993467458,29.956796857440196,0.0018437746599796227,0.03993255466359472,mixture,94
mixture,0.009750000000000007,2645.722924302681,5297.445848605362,5309.457509806682,30.295941126501376,0.0018493776364594393,0.039572173317900215,mixture,94
mixture,0.05,2677.1221206172186,5360.244241234437,5372.255902435757,66.2554102125415,0.0021699713374337187,0.021983804031500166,mixture,94
mixture,0.1,2694.452493126554,5394.904986253108,5406.916647454428,95.99905881539775,0.0022999173890949753,0.01713657821999906,mixture,94
mixture,0.010000000000000007,2732.331224269213,5470.662448538426,5482.674109739746,8.541589227226472,0.002355068280918143,0.23047762341774433,mixture,94
mixture,0.5,2735.076524605255,5476.15304921051,5488.16471041183,236.71054494100386,0.0026530186389193207,0.010363557462749522,mixture,94
mixture,0.15000000000000002,2749.2239638539713,5504.447927707943,5516.4595889092625,55.826297539341475,0.002831751676193944,0.297665833407283,mixture,94
mixture,0.2,2749.5264792301114,5505.052958460223,5517.064619661543,73.34655551478023,0.0028304959383697913,0.297667780281658,mixture,94
mixture,0.25,2749.7095011344545,5505.419002268909,5517.430663470229,90.86746087285043,0.0028297225692870877,0.2976689740866985,mixture,94
mixture,0.3,2749.832154576239,5505.664309152478,5517.675970353798,108.38869488993318,0.002829198573084232,0.2976697810337516,mixture,94
mixture,0.35000000000000003,2749.9200798217466,5505.840159643493,5517.851820844813,125.91012472446407,0.002828819990328639,0.29767036318130746,mixture,94
mixture,0.4,2749.9861974367977,5505.9723948735955,5517.984056074915,143.43168369749796,0.002828533569169948,0.29767080319737826,mixture,94
mixture,0.45,2750.037725641118,5506.075451282236,5518.087112483556,160.9533305578406,0.0028283092943236447,0.2976711475646128,mixture,94
null,,2750.2655327690245,5502.531065538049,5506.534952605156,353.69283977586497,0.002827311971126415,,mixture,94
sum,,2766.5568622369037,5535.113724473807,5539.117611540914,525.8233621475715,0.0038035586548143957,,mixture,94
mixture,0.005750000000000003,2744.670819049307,5495.341638098614,5507.411980877497,21.972768155665456,0.0017676583056148141,0.053111994162120785,mixture,95
mixture,0.006250000000000004,2744.67221514581,5495.34443029162,5507.414773070503,22.748634850663382,0.0017853888942645833,0.05162874878326698,mixture,95
mixture,0.006500000000000004,2744.700701094331,5495.401402188662,5507.471744967545,23.12503359969654,0.0017937110645990693,0.050945422010402586,mixture,95
mixture,0.005500000000000003,2744.703439984625,5495.40687996925,5507.4772227481335,21.572403627365745,0.0017581397164616586,0.053919690191931595,mixture,95
mixture,0.006750000000000004,2744.744681271113,5495.489362542226,5507.5597053211095,23.494237890328144,0.0018016931131136092,0.050296838968522856,mixture,95
mixture,0.005250000000000003,2744.7627899368526,5495.525579873705,5507.595922652588,21.162666821385255,0.0017481860257087156,0.054778327933439556,mixture,95
mixture,0.0070000000000000045,2744.8022754000576,5495.604550800115,5507.674893578998,23.857457827053477,0.0018093631765908628,0.04967808465819461,mixture,95
mixture,0.005000000000000003,2744.853048693123,5495.706097386246,5507.776440165129,20.742422771074544,0.0017377422412759407,0.05569510092007828,mixture,95
mixture,0.007250000000000005,2744.871856423844,5495.743712847688,5507.814055626571,24.214488841116694,0.0018167438338552132,0.04908812372103763,mixture,95
mixture,0.007500000000000005,2744.9520103049117,5495.904020609823,5507.9743633887065,24.565431119435797,0.0018238566044764526,0.04852525816607925,mixture,95
mixture,0.0047500000000000025,2744.9792127005903,5495.958425401181,5508.028768180064,20.311444475303357,0.0017267349449281992,0.05667520927294494,mixture,95
mixture,0.007750000000000005,2745.0415035659344,5496.083007131869,5508.153349910752,24.910959484090846,0.001830713339693648,0.047986624462844116,mixture,95
mixture,0.008000000000000005,2745.1392564255007,5496.278512851001,5508.348855629884,25.25179837061035,0.0018373431629366145,0.047469372269475646,mixture,95
mixture,0.004500000000000002,2745.147300688812,5496.294601377624,5508.364944156507,19.868361036714937,0.0017151344895509541,0.05772801524319633,mixture,95
mixture,0.008250000000000006,2745.2443199499276,5496.488639899855,5508.558982678738,25.58663270826252,0.0018437399709732899,0.04697558223740255,mixture,95
mixture,0.008500000000000006,2745.355858780659,5496.711717561318,5508.7820603402015,25.91795677908517,0.0018499167552508435,0.04649874654745624,mixture,95
mixture,0.004250000000000002,2745.364625175144,5496.729250350288,5508.799593129171,19.412141308007772,0.0017028527466952414,0.05886324218615157,mixture,95
mixture,0.008750000000000006,2745.4731341537045,5496.946268307409,5509.016611086292,26.243998129984977,0.0018559042516305335,0.0460418730664947,mixture,95
mixture,0.009000000000000006,2745.5954919986953,5497.1909839973905,5509.261326776274,26.566909937030857,0.001861708746351374,0.045599611263492185,mixture,95
mixture,0.004000000000000002,2745.6401555401007,5497.2803110802015,5509.350653859085,18.941177166611407,0.0016898310090427515,0.06009384572108848,mixture,95
mixture,0.009250000000000006,2745.7223508480242,5497.4447016960485,5509.5150444749315,26.885037418054612,0.001867327366999706,0.045174885448956544,mixture,95
mixture,0.009500000000000007,2745.853193508605,5497.70638701721,5509.776729796093,27.19936335981041,0.001872779965217654,0.04476494112677835,mixture,95
mixture,0.0037500000000000016,2745.985011412986,5497.970022825972,5510.040365604855,18.453818592383605,0.0016760170263052819,0.061434829682831774,mixture,95
mixture,0.009750000000000007,2745.9875583738703,5497.975116747741,5510.045459526624,27.510060931542434,0.00187807515824712,0.04436887130957558,mixture,95
mixture,0.010000000000000007,2746.1250327709677,5498.250065541935,5510.320408320818,27.817290437782503,0.0018832206042161913,0.043985850074358686,mixture,95
mixture,0.0035000000000000014,2746.4131449496767,5498.8262898993535,5510.8966326782365,17.948293307019945,0.0016612446841294795,0.06290463766543275,mixture,95
mixture,0.003250000000000001,2746.9423031210717,5499.8846062421435,5511.954949021027,17.422005449662567,0.0016454476174559032,0.0645276815970493,mixture,95
mixture,0.003000000000000001,2747.595415738659,5501.190831477318,5513.261174256201,16.872262920962857,0.0016284621258528214,0.06633384854512937,mixture,95
mixture,0.0027500000000000007,2748.402649853837,5502.805299707674,5514.875642486557,16.294959461300966,0.001610161206914935,0.06836540589874712,mixture,95
mixture,0.0025000000000000005,2749.4045425075965,5504.809085015193,5516.879427794076,15.686348379943702,0.0015902407308298978,0.07067320890972459,mixture,95
mixture,0.0022500000000000003,2750.6569477967787,5507.313895593557,5519.38423837244,15.03950289311066,0.001568581136686866,0.07333654734933344,mixture,95
mixture,0.002,2752.239181534634,5510.478363069268,5522.548705848151,14.346931917450455,0.0015447594457619904,0.07646201842089861,mixture,95
mixture,0.05,2765.181497591926,5536.362995183852,5548.433337962735,61.44972889825695,0.0021684656395700615,0.024744770337457648,mixture,95
mixture,0.1,2777.1297537502096,5560.259507500419,5572.329850279302,91.5930285759015,0.0022684248100801026,0.01894354983439691,mixture,95
mixture,0.006000000000000004,2803.6412858126737,5613.282571625347,5625.35291440423,6.77912083119133,0.0022977551727217742,0.2384907476108214,mixture,95
mixture,0.15000000000000002,2816.014736052527,5638.029472105054,5650.099814883937,58.05000264582484,0.002717610025742985,0.2977811478345342,mixture,95
mixture,0.2,2816.169332474646,5638.338664949292,5650.409007728175,76.29093617856725,0.002717228637315257,0.2977818848160091,mixture,95
mixture,0.25,2816.2629128709273,5638.5258257418545,5650.596168520738,94.53221896302816,0.002716989637703854,0.29778234025865563,mixture,95
mixture,0.3,2816.325647176983,5638.651294353966,5650.721637132849,112.77367629538077,0.0027168260744658145,0.29778264951204714,mixture,95
mixture,0.35000000000000003,2816.3706290296436,5638.741258059287,5650.81160083817,131.01524061349238,0.002716707020163874,0.2977828733907247,mixture,95
mixture,0.4,2816.404459859236,5638.808919718472,5650.879262497355,149.25686780098732,0.0027166165877875337,0.29778304290907076,mixture,95
mixture,0.45,2816.4308289470428,5638.8616578940855,5650.932000672969,167.4985442869724,0.0027165454540581477,0.29778317585633773,mixture,95
mixture,0.5,2816.4519597605895,5638.903919521179,5650.974262300062,185.74028751282185,0.002716487569169599,0.29778328251013403,mixture,95
null,,2816.547441838321,5635.094883676642,5639.118331269603,368.15782468587145,0.0027162263924534113,,mixture,95
sum,,2828.5868213252893,5659.173642650579,5663.19709024354,540.3388956559588,0.003701380774323208,,mixture,95
mixture,0.0027500000000000007,3197.1560339685634,6400.312067937127,6412.858322657276,20.365483260273816,0.0012283626119010192,0.05501543654435943,mixture,96
mixture,0.003000000000000001,3197.157396479147,6400.314792958294,6412.861047678443,21.106570666654264,0.0012457855446127886,0.05331992320144849,mixture,96
mixture,0.003250000000000001,3197.2604334088346,6400.520866817669,6413.067121537819,21.813836446229146,0.0012619084822415253,0.051810516104409544,mixture,96
mixture,0.0025000000000000005,3197.288745550499,6400.577491100998,6413.123745821147,19.584127046586346,0.001209489135408872,0.05694423156209859,mixture,96
mixture,0.0035000000000000014,3197.441521334431,6400.883042668862,6413.4292973890115,22.492008272928278,0.0012768773091675937,0.0504532791155474,mixture,96
mixture,0.0022500000000000003,3197.601036935678,6401.202073871356,6413.748328591506,18.754087841763162,0.0011889832829335616,0.05917251099472604,mixture,96
mixture,0.0037500000000000016,3197.6830872346727,6401.366174469345,6413.912429189495,23.145250573232058,0.0012908062048450646,0.04922162040393844,mixture,96
mixture,0.004000000000000002,3197.971834058846,6401.943668117692,6414.489922837842,23.776342442390327,0.0013038239824273215,0.04809632322218285,mixture,96
mixture,0.002,3198.158673390615,6402.31734678123,6414.86360150138,17.863607923826788,0.0011666984828920535,0.06179808031856115,mixture,96
mixture,0.004250000000000002,3198.297552049307,6402.595104098614,6415.141358818763,24.387796377151258,0.0013160137006632709,0.04706180560216206,mixture,96
mixture,0.004500000000000002,3198.6523023470795,6403.304604694159,6415.850859414309,24.98177324066757,0.001327465704467073,0.04610534819101514,mixture,96
mixture,0.0047500000000000025,3199.029843964152,6404.059687928304,6416.6059426484535,25.560180489599798,0.0013382396174938332,0.04521655956923765,mixture,96
mixture,0.005000000000000003,3199.42522372245,6404.8504474449,6417.39670216505,26.124115752284908,0.0013484129810216005,0.04438783231188459,mixture,96
mixture,0.005250000000000003,3199.8344778186383,6405.668955637277,6418.215210357426,26.674611526720827,0.0013580685470963975,0.0436125008944299,mixture,96
mixture,0.005500000000000003,3200.254411359526,6406.508822719052,6419.055077439201,27.213391331084495,0.0013671983565555343,0.04288381725185808,mixture,96
mixture,0.005750000000000003,3200.6824330131967,6407.364866026393,6419.911120746543,27.741846065652865,0.001375840651008855,0.0421961378121863,mixture,96
mixture,0.006000000000000004,3201.116429476351,6408.232858952702,6420.779113672852,28.25857644439639,0.001384140001810992,0.04154866186964771,mixture,96
mixture,0.006250000000000004,3201.5546698649528,6409.1093397299055,6421.655594450055,28.766510368821727,0.001392016439144603,0.04093444493563717,mixture,96
mixture,0.006500000000000004,3201.9957306109663,6409.991461221933,6422.537715942082,29.265346368785707,0.001399551854711667,0.04035172807540362,mixture,96
mixture,0.006750000000000004,3202.438437483327,6410.876874966654,6423.423129686804,29.7561625466279,0.0014067399369921477,0.03979712296983843,mixture,96
mixture,0.0070000000000000045,3202.8818195514423,6411.763639102885,6424.309893823034,30.23863942398492,0.0014136305425244205,0.039269421798800705,mixture,96
mixture,0.007250000000000005,3203.3250724168083,6412.650144833617,6425.196399553766,30.714419814164977,0.0014202553632704808,0.03876460265390416,mixture,96
mixture,0.007500000000000005,3203.7675293760362,6413.5350587520725,6426.081313472222,31.18286038514095,0.0014266146426878492,0.03828253651093197,mixture,96
mixture,0.007750000000000005,3204.2086374139144,6414.417274827829,6426.963529547978,31.645566492951474,0.0014326863644625874,0.03781995729620144,mixture,96
mixture,0.008000000000000005,3204.647937915871,6415.295875831742,6427.842130551891,32.10021384519413,0.001438622007309724,0.03737847727512098,mixture,96
mixture,0.008250000000000006,3205.0850517127506,6416.170103425501,6428.716358145651,32.54978631019537,0.001444302365396843,0.036953633046874074,mixture,96
mixture,0.008500000000000006,3205.5196655347704,6417.039331069541,6429.58558578969,32.99366127433239,0.001449786322514439,0.036545277669246506,mixture,96
mixture,0.008750000000000006,3205.951521803449,6417.903043606898,6430.4492983270475,33.43208593861403,0.0014550857982758647,0.03615234080635796,mixture,96
mixture,0.009000000000000006,3206.3804098074897,6418.7608196149795,6431.307074335129,33.86535200696791,0.0014602084562878633,0.03577378605040393,mixture,96
mixture,0.009250000000000006,3206.8061584113434,6419.612316822687,6432.158571542836,34.29355546198936,0.0014651758057641884,0.03540881603585032,mixture,96
mixture,0.009500000000000007,3207.2286300036903,6420.457260007381,6433.00351472753,34.71713104349006,0.0014699802698340495,0.03505641324067571,mixture,96
mixture,0.009750000000000007,3207.647715381517,6421.295430763034,6433.841685483184,35.136297840175814,0.0014746308833668833,0.034715802601937074,mixture,96
mixture,0.010000000000000007,3208.063329414722,6422.126658829444,6434.672913549593,35.55032557023202,0.0014791795560441434,0.034387153589460574,mixture,96
mixture,0.05,3246.2000228120805,6498.400045624161,6510.946300344311,79.16119370028696,0.0017604282692264524,0.01871588757509739,mixture,96
mixture,0.1,3267.444024099277,6540.888048198554,6553.434302918704,113.7289678013922,0.001899234210485538,0.01473569871626018,mixture,96
mixture,0.15000000000000002,3281.098482216519,6568.196964433038,6580.743219153188,135.19620176406332,0.001966699525011605,0.0144248009773079,mixture,96
mixture,0.2,3289.6256525847307,6585.251305169461,6597.797559889611,164.99372834856698,0.0020507483901937604,0.011857410576217331,mixture,96
mixture,0.25,3336.0486853336615,6678.097370667323,6690.643625387473,105.20382659750497,0.002434568871896768,0.29806368717639503,mixture,96
mixture,0.3,3336.180766359569,6678.361532719138,6690.907787439288,125.59417554224119,0.0024341621924908736,0.2980644809778597,mixture,96
mixture,0.35000000000000003,3336.2754309829397,6678.550861965879,6691.097116686029,145.98543626747687,0.002433856400166285,0.29806506150519974,mixture,96
mixture,0.4,3336.3466068212592,6678.6932136425185,6691.239468362668,166.37121507436814,0.002433708270648192,0.2980657948997831,mixture,96
mixture,0.45,3336.4020701105383,6678.8041402210765,6691.350394941226,186.7618471642115,0.00243352924835301,0.29806606435346017,mixture,96
mixture,0.5,3336.4465072884323,6678.8930145768645,6691.439269297014,207.1525363612273,0.0024333853803880576,0.29806627945741676,mixture,96
null,,3336.6472113363366,6675.294422672673,6679.476507579389,411.06088765601874,0.0024327296272391,,mixture,96
sum,,3355.729452302685,6713.45890460537,6717.640989512086,602.1434316802017,0.0033214677679357296,,mixture,96
mixture,0.0022500000000000003,2669.310642522481,5344.621285044962,5356.640344523767,16.651288477938277,0.0013710038083914217,0.06647166454709394,mixture,97
mixture,0.002,2669.3134855015173,5344.626971003035,5356.64603048184,15.951428499830037,0.0013422521544730777,0.06901132050368752,mixture,97
mixture,0.0025000000000000005,2669.465503183142,5344.931006366284,5356.95006584509,17.305576305245072,0.0013968147798269063,0.06428934663730394,mixture,97
mixture,0.0027500000000000007,2669.73140169848,5345.46280339696,5357.481862875766,17.922090331210427,0.0014202213158277907,0.06238359805463802,mixture,97
mixture,0.003000000000000001,2670.0766783028794,5346.153356605759,5358.172416084564,18.507937420930176,0.00144152154053422,0.06069348953270007,mixture,97
mixture,0.003250000000000001,2670.4792257778545,5346.958451555709,5358.9775110345145,19.06707156076367,0.001461054453120936,0.05918011467331013,mixture,97
mixture,0.0035000000000000014,2670.9232396196676,5347.846479239335,5359.865538718141,19.603213999829855,0.0014790575320630757,0.057812213345157716,mixture,97
mixture,0.0037500000000000016,2671.3971998660127,5348.794399732025,5360.813459210831,20.118908031356813,0.0014957637156214818,0.0565670993859462,mixture,97
mixture,0.004000000000000002,2671.8925733594706,5349.785146718941,5361.804206197747,20.617871747483623,0.0015112483291210047,0.05542246105322016,mixture,97
mixture,0.004250000000000002,2672.4029547406794,5350.805909481359,5362.824968960164,21.100487570421034,0.0015257347742165912,0.05436816926085776,mixture,97
mixture,0.004500000000000002,2672.923482434412,5351.846964868824,5363.86602434763,21.569022989855227,0.0015393035279122143,0.05339054655605924,mixture,97
mixture,0.0047500000000000025,2673.4504334507646,5352.900866901529,5364.919926380335,22.02505301859755,0.001552054017875303,0.05247937694930289,mixture,97
mixture,0.005000000000000003,2673.9809361324033,5353.9618722648065,5365.980931743612,22.468780645696093,0.0015640718798260772,0.0516293158204454,mixture,97
mixture,0.005250000000000003,2674.512763686815,5355.02552737363,5367.044586852436,22.902138460703465,0.001575434272829077,0.050831069540240005,mixture,97
mixture,0.005500000000000003,2675.044182627102,5356.088365254204,5368.10742473301,23.32569316834269,0.001586193198883666,0.0500798863038036,mixture,97
mixture,0.005750000000000003,2675.5738407732624,5357.147681546525,5369.16674102533,23.74021630121465,0.0015964077890305978,0.049370903451857004,mixture,97
mixture,0.006000000000000004,2676.1006830601495,5358.201366120299,5370.220425599105,24.146324418425124,0.0016061231179982265,0.04870013565250732,mixture,97
mixture,0.006250000000000004,2676.6238876577513,5359.247775315503,5371.266834794308,24.544616251454848,0.0016153866830894835,0.048063962816973504,mixture,97
mixture,0.006500000000000004,2677.1428170249615,5360.285634049923,5372.304693528728,24.935702080723736,0.0016242263811046343,0.04745914014765502,mixture,97
mixture,0.006750000000000004,2677.6569800372363,5361.313960074473,5373.333019553278,25.319950991402862,0.0016326749137638853,0.046883190999817324,mixture,97
mixture,0.0070000000000000045,2678.1660024717653,5362.332004943531,5374.351064422336,25.697811215830036,0.001640768485766837,0.04633362952923155,mixture,97
mixture,0.007250000000000005,2678.6696038191576,5363.339207638315,5375.358267117121,26.069695706367675,0.0016485317406134219,0.04580828710307926,mixture,97
mixture,0.007500000000000005,2679.16757894268,5364.33515788536,5376.354217364165,26.43584107070024,0.001655984575639361,0.04530553955185031,mixture,97
mixture,0.007750000000000005,2679.659783485161,5365.319566970322,5377.338626449127,26.796714102743763,0.001663149877179458,0.044823386683255924,mixture,97
mixture,0.008000000000000005,2680.1461222145426,5366.292244429085,5378.311303907891,27.152767948506316,0.0016700201907554689,0.044360162711831144,mixture,97
mixture,0.008250000000000006,2680.6265395193814,5367.253079038763,5379.272138517568,27.503519958153912,0.0016766868297695572,0.043915579017004075,mixture,97
mixture,0.008500000000000006,2681.10101204485,5368.2020240897,5380.2210835685055,27.84998864575539,0.0016830969602191737,0.0434872721221841,mixture,97
mixture,0.008750000000000006,2681.5695423231773,5369.139084646355,5381.15814412516,28.191984936047547,0.001689281847524215,0.043074848346968383,mixture,97
mixture,0.009000000000000006,2682.032153843987,5370.064307687974,5382.08336716678,28.53003299473049,0.0016952649749103718,0.04267665130488568,mixture,97
mixture,0.009250000000000006,2682.488886985163,5370.977773970326,5382.996833449131,28.863980147286345,0.0017010508982403339,0.04229245339678649,mixture,97
mixture,0.009500000000000007,2682.939795613431,5371.879591226862,5383.898650705668,29.19422609116292,0.0017066512577247784,0.04192101148196449,mixture,97
mixture,0.009750000000000007,2683.3849443499457,5372.769888699891,5384.788948178697,29.5208588187571,0.0017120771348766116,0.041561700997524875,mixture,97
mixture,0.010000000000000007,2683.8244062981303,5373.6488125962605,5385.667872075066,29.84399755161855,0.001717335784264839,0.041213895776322354,mixture,97
mixture,0.05,2719.943646664805,5445.88729332961,5457.906352808415,65.61826943557152,0.001998045175108956,0.023402582682076487,mixture,97
mixture,0.1,2737.877024174785,5481.75404834957,5493.773107828376,97.25216016515785,0.0020994924047780675,0.01813726292641313,mixture,97
mixture,0.15000000000000002,2748.291683503051,5502.583367006102,5514.6024264849075,123.68371715994854,0.0021603372165534965,0.0156681702431192,mixture,97
mixture,0.2,2755.510772138551,5517.021544277102,5529.040603755908,147.15491932649172,0.0022057016266770896,0.014164099355759616,mixture,97
mixture,0.25,2790.045838506913,5586.091677013826,5598.110736492631,101.99128510864662,0.0025132100020035016,0.297984693985917,mixture,97
mixture,0.3,2790.1745322570714,5586.349064514143,5598.368123992948,121.74447099199632,0.002512660352730318,0.29798570607802954,mixture,97
mixture,0.35000000000000003,2790.266740567984,5586.533481135968,5598.5525406147735,141.49083129389797,0.002512390984462453,0.29798686924855045,mixture,97
mixture,0.4,2790.336050841771,5586.672101683542,5598.691161162347,161.24334467144652,0.002512092016215346,0.29798730798165834,mixture,97
mixture,0.45,2790.390051477648,5586.780102955296,5598.799162434101,180.99596422083977,0.0025118580611476395,0.2979876510541561,mixture,97
mixture,0.5,2790.4333105323985,5586.866621064797,5598.885680543603,200.74865445787748,0.0025116700463866243,0.2979879250205763,mixture,97
null,,2790.628623863129,5583.257247726258,5587.26360088586,398.2770331287639,0.002510815128214279,,mixture,97
sum,,2803.7743525860415,5609.548705172083,5613.555058331684,581.8903716404711,0.003437073540779821,,mixture,97
mixture,0.0022500000000000003,2833.6074065749626,5673.214813149925,5685.420089914657,14.66632617602043,0.001583704833102002,0.07532686182654831,mixture,98
mixture,0.0025000000000000005,2833.632512966175,5673.26502593235,5685.470302697082,15.319059551219718,0.0016033522494886276,0.07249364722234652,mixture,98
mixture,0.002,2833.7464038089433,5673.492807617887,5685.698084382619,13.975341102656937,0.0015616059801645905,0.07861605307015702,mixture,98
mixture,0.0027500000000000007,2833.7742768731496,5673.548553746299,5685.753830511031,15.940220485108702,0.0016209598028056526,0.07001343517919595,mixture,98
mixture,0.003000000000000001,2834.0004416677593,5674.000883335519,5686.206160100251,16.534608097542346,0.001636875874776639,0.06781460176686777,mixture,98
mixture,0.003250000000000001,2834.2884234420335,5674.576846884067,5686.782123648799,17.106042528758984,0.0016513524582951278,0.06584441251373269,mixture,98
mixture,0.0035000000000000014,2834.6220255237126,5675.244051047425,5687.449327812157,17.65735089116274,0.0016646035878240815,0.06406403934175317,mixture,98
mixture,0.0037500000000000016,2834.989398185082,5675.978796370164,5688.184073134896,18.19098881893945,0.0016768232688883688,0.06244273921986068,mixture,98
mixture,0.004000000000000002,2835.3817265827915,5676.763453165583,5688.968729930315,18.708952477406818,0.0016881071410522134,0.06095682149278938,mixture,98
mixture,0.004250000000000002,2835.7923611167053,5677.5847222334105,5689.789998998142,19.212800062789036,0.0016985858292609594,0.059587503072331446,mixture,98
mixture,0.004500000000000002,2836.2162264123144,5678.432452824629,5690.637729589361,19.703889315277852,0.0017083545747279963,0.05831945398458564,mixture,98
mixture,0.0047500000000000025,2836.649410392022,5679.298820784044,5691.504097548776,20.18338828894604,0.0017174885360492676,0.0571400780853666,mixture,98
mixture,0.005000000000000003,2837.0888729860058,5680.1777459720115,5692.383022736743,20.652441974432808,0.0017260540622010825,0.05603846466497796,mixture,98
mixture,0.005250000000000003,2837.532236001194,5681.064472002388,5693.26974876712,21.111299488782347,0.0017341393094792322,0.055007611324351086,mixture,98
mixture,0.005500000000000003,2837.977629370842,5681.955258741684,5694.160535506416,21.5613825216377,0.0017417607899760036,0.05403816874360992,mixture,98
mixture,0.005750000000000003,2838.4235767778246,5682.847153555649,5695.052430320381,22.00310405227255,0.0017489501688295191,0.0531246498507898,mixture,98
mixture,0.006000000000000004,2838.8689098268924,5683.737819653785,5695.943096418517,22.436685637735064,0.0017557964781319672,0.0522623358776049,mixture,98
mixture,0.006250000000000004,2839.3127028175777,5684.625405635155,5696.830682399887,22.863171059956294,0.0017622891849694096,0.051445262262695066,mixture,98
mixture,0.006500000000000004,2839.754222535341,5685.508445070682,5697.713721835414,23.282724971219103,0.0017684755876576767,0.05067005065516139,mixture,98
mixture,0.006750000000000004,2840.192889476069,5686.385778952138,5698.59105571687,23.695874647634078,0.0017743674063442306,0.04993288162534202,mixture,98
mixture,0.0070000000000000045,2840.6282474720224,5687.256494944045,5699.461771708777,24.10299553283346,0.0017799963034577685,0.04923054810843965,mixture,98
mixture,0.007250000000000005,2841.0599397993537,5688.1198795987075,5700.325156363439,24.504126693905043,0.0017854040364925913,0.04856085441064614,mixture,98
mixture,0.007500000000000005,2841.487690294215,5688.97538058843,5701.180657353162,24.899900637519217,0.0017905774021166893,0.04792068265834589,mixture,98
mixture,0.007750000000000005,2841.911288173706,5689.822576347412,5702.027853112144,25.29049126783739,0.0017955417001788766,0.0473080197035901,mixture,98
mixture,0.008000000000000005,2842.3305759492464,5690.661151898493,5702.866428663225,25.67613146097157,0.0018003148971740275,0.04672090724399005,mixture,98
mixture,0.008250000000000006,2842.745439640887,5691.490879281774,5703.696156046506,26.05682516823608,0.0018049223607980015,0.04615798170998298,mixture,98
mixture,0.008500000000000006,2843.155800872434,5692.311601744868,5704.5168785096,26.43314718057297,0.001809339602347675,0.04561703662056672,mixture,98
mixture,0.008750000000000006,2843.5616103133175,5693.123220626635,5705.328497391367,26.80557796721281,0.001813610225007746,0.045095873196756536,mixture,98
mixture,0.009000000000000006,2843.9628426219383,5693.925685243877,5706.130962008609,27.173838369948065,0.0018177102569900709,0.04459433378207789,mixture,98
mixture,0.009250000000000006,2844.359491826597,5694.718983653194,5706.924260417926,27.537874959603045,0.0018216995906426433,0.044111363160445435,mixture,98
mixture,0.009500000000000007,2844.751567977146,5695.503135954292,5707.708412719024,27.89784738457478,0.0018255865364716752,0.04364581992771528,mixture,98
mixture,0.010000000000000007,2845.5221040903743,5697.044208180749,5709.249484945481,28.607399715463778,0.0018329587175731224,0.04276136577636445,mixture,98
mixture,0.05,2878.2884275634087,5762.5768551268175,5774.782131891549,67.28200405719198,0.002049706981379898,0.022150576937806237,mixture,98
mixture,0.1,2895.6623151837157,5797.324630367431,5809.529907132163,99.4835688732485,0.002159068665061375,0.016927697331131086,mixture,98
mixture,0.15000000000000002,2906.158458452517,5818.316916905034,5830.522193669766,125.18716820742716,0.0022339787099399204,0.014644468762049683,mixture,98
mixture,0.2,2913.6140221270653,5833.2280442541305,5845.433321018862,147.41123614592283,0.002291959315141963,0.013300160012593534,mixture,98
mixture,0.009750000000000007,2931.3055211092915,5868.611042218583,5880.816318983315,9.362611740387514,0.00206866433053381,0.21298329726327417,mixture,98
mixture,0.35000000000000003,2942.48650039101,5890.97300078202,5903.178277546752,290.72607702271307,0.00948756842864992,0.002560711540496562,mixture,98
mixture,0.25,2951.1305136207056,5908.261027241411,5920.466304006143,96.18863218190239,0.002668932325451768,0.2978298175423982,mixture,98
mixture,0.3,2951.2619046722666,5908.523809344533,5920.729086109265,114.77629809832526,0.0026684226371138696,0.2978305994282412,mixture,98
mixture,0.4,2951.426850509916,5908.853701019832,5921.058977784564,151.95215857697306,0.002667776510585413,0.29783158858604064,mixture,98
mixture,0.45,2951.4820082442293,5908.964016488459,5921.1692932531905,170.5402350900908,0.002667558920654478,0.29783192139864534,mixture,98
mixture,0.5,2951.5261980433843,5909.052396086769,5921.2576728515005,189.1283917489714,0.002667383744513139,0.29783218720456,mixture,98
null,,2951.7257560605867,5905.451512121173,5909.519937709418,375.0108920280561,0.0026665892144945645,,mixture,98
sum,,2967.305471877412,5936.610943754824,5940.679369343068,551.7514120370955,0.0036248208094581827,,mixture,98
mixture,0.002,2894.1402704637535,5794.280540927507,5806.5476755538475,16.45254205730001,0.0013152370013428617,0.06683675628561853,mixture,99
mixture,0.0022500000000000003,2894.2131682536246,5794.426336507249,5806.69347113359,17.180370901927137,0.0013432073867661646,0.0643490646272356,mixture,99
mixture,0.0025000000000000005,2894.451118187886,5794.902236375772,5807.169371002113,17.86559069760945,0.0013680470407947192,0.06219538230816019,mixture,99
mixture,0.0027500000000000007,2894.8038144234597,5795.607628846919,5807.87476347326,18.51543565008923,0.0013903360818597972,0.060302355481038045,mixture,99
mixture,0.003000000000000001,2895.237428207986,5796.474856415972,5808.741991042312,19.1346793023335,0.0014105537639366003,0.058619972886979975,mixture,99
mixture,0.003250000000000001,2895.728530440725,5797.45706088145,5809.724195507791,19.728209512424687,0.0014289787722287829,0.057107717888359916,mixture,99
mixture,0.0035000000000000014,2896.2605018527106,5798.521003705421,5810.788138331762,20.299028162196482,0.001445897973778623,0.055737690103334785,mixture,99
mixture,0.0037500000000000016,2896.821320897618,5799.642641795236,5811.909776421577,20.84969664230112,0.0014615258060946242,0.0544878729358887,mixture,99
mixture,0.004000000000000002,2897.4021509796394,5800.804301959279,5813.071436585619,21.38258447042806,0.001476024995154653,0.05334017897898089,mixture,99
mixture,0.004250000000000002,2897.9964105920917,5801.992821184183,5814.259955810524,21.899440126054955,0.0014895341034995419,0.05228077273091899,mixture,99
mixture,0.004500000000000002,2898.5991452013022,5803.1982904026045,5815.465425028945,22.401671052132613,0.0015021832780256806,0.05129848481480673,mixture,99
mixture,0.0047500000000000025,2899.206593333076,5804.413186666152,5816.680321292492,22.89069899481318,0.0015140579583987396,0.05038364294656516,mixture,99
mixture,0.005000000000000003,2899.815880797631,5805.631761595262,5817.898896221603,23.367522891519958,0.0015252476256001715,0.04952868930935653,mixture,99
mixture,0.005250000000000003,2900.424801500726,5806.849603001452,5819.116737627793,23.83325821314527,0.0015358134927125709,0.04872672645605573,mixture,99
mixture,0.005500000000000003,2901.0316578300913,5808.0633156601825,5820.330450286523,24.28854501291384,0.0015458283046481855,0.047972604054358714,mixture,99
mixture,0.005750000000000003,2901.6351428704284,5809.270285740857,5821.537420367197,24.73446655371667,0.0015553273184052971,0.0472608537320883,mixture,99
mixture,0.006000000000000004,2902.234252374764,5810.468504749528,5822.735639375868,25.171191526443717,0.0015643687292437901,0.04658840988507761,mixture,99
mixture,0.006250000000000004,2902.828218191772,5811.656436383544,5823.923571009885,25.600027636243595,0.0015729900134864826,0.04595013862188392,mixture,99
mixture,0.006500000000000004,2903.4164576547055,5812.832915309411,5825.1000499357515,26.0208674393788,0.001581224318138712,0.045344325077975006,mixture,99
mixture,0.006750000000000004,2903.998534355897,5813.997068711794,5826.264203338134,26.434353136009296,0.0015891023211713406,0.044767867904159646,mixture,99
mixture,0.0070000000000000045,2904.574127881815,5815.14825576363,5827.4153903899705,26.84098068210483,0.0015966531306251834,0.04421821284050458,mixture,99
mixture,0.007250000000000005,2905.1430100776633,5816.286020155327,5828.553154781667,27.241123027871147,0.0016038996009333276,0.0436932708786913,mixture,99
mixture,0.007500000000000005,2905.705026366788,5817.410052733576,5829.677187359916,27.634870916232853,0.001610876746180652,0.04319156983435114,mixture,99
mixture,0.007750000000000005,2906.260080968602,5818.520161937204,5830.787296563544,28.023255575543185,0.001617566055328125,0.04271028961920893,mixture,99
mixture,0.008000000000000005,2906.8081251052977,5819.616250210595,5831.883384836936,28.40589164009623,0.0016240227908183038,0.04224898790872144,mixture,99
mixture,0.008250000000000006,2907.3491475902906,5820.698295180581,5832.965429806922,28.783247996484604,0.001630253156976191,0.04180597730587932,mixture,99
mixture,0.008500000000000006,2907.8831672512674,5821.766334502535,5834.033469128875,29.15560946486963,0.0016362673549293436,0.04137998494790686,mixture,99
mixture,0.008750000000000006,2908.4102268130587,5822.820453626117,5835.087588252458,29.523167691519717,0.0016420829727697391,0.04096993711924921,mixture,99
mixture,0.009000000000000006,2908.9303879586073,5823.860775917215,5836.127910543555,29.886263235150548,0.0016477081704255414,0.04057462687912454,mixture,99
mixture,0.009250000000000006,2909.443727308609,5824.887454617218,5837.154589243559,30.2449142035005,0.001653165617015496,0.04019336867719613,mixture,99
mixture,0.009500000000000007,2909.9503331379365,5825.900666275873,5838.1678009022135,30.599386338548157,0.0016584342847566274,0.03982535252663614,mixture,99
mixture,0.009750000000000007,2910.450302747101,5826.900605494202,5839.1677401205425,30.949849806561804,0.0016635559800580305,0.039469628822689146,mixture,99
mixture,0.010000000000000007,2910.943740244502,5827.887480489004,5840.154615115344,31.296462245729053,0.001668529706140768,0.03912554532811686,mixture,99
mixture,0.05,2951.6372764177695,5909.274552835539,5921.5416874618795,68.64015546452772,0.0019511917478546303,0.02208542646723318,mixture,99
mixture,0.1,2972.152421604765,5950.30484320953,5962.571977835871,100.68354317372447,0.002062056081714588,0.01724525886665409,mixture,99
mixture,0.15000000000000002,2984.1483138773874,5974.296627754775,5986.563762381115,127.27839994350005,0.002127924336327364,0.014968169289169178,mixture,99
mixture,0.2,2992.4864009087687,5990.972801817537,6003.239936443878,150.85217200946903,0.002176270828171675,0.013570397927285717,mixture,99
mixture,0.25,3032.5228792963544,6071.045758592709,6083.312893219049,102.67259983692772,0.0024961101675869952,0.2980017113326145,mixture,99
mixture,0.3,3032.672921768287,6071.345843536574,6083.612978162914,122.56466809632464,0.00249551437960991,0.2980027890504696,mixture,99
mixture,0.35000000000000003,3032.780430783228,6071.560861566456,6083.8279961927965,142.45792590929045,0.0024950678915236185,0.29800357839917446,mixture,99
mixture,0.4,3032.861247946663,6071.722495893326,6083.989630519666,162.34247423679307,0.002494868649588773,0.29800450866116496,mixture,99
mixture,0.45,3032.924214484869,6071.848428969738,6084.115563596079,182.23437516764147,0.00249461208418939,0.2980048784679378,mixture,99
mixture,0.5,3032.9746571864107,6071.949314372821,6084.216448999162,202.1263517600743,0.002494405938719805,0.2980051737739253,mixture,99
null,,3033.202417768228,6068.404835536456,6072.493880411903,401.04775896851424,0.002493468614740492,,mixture,99
sum,,3048.865139043637,6099.730278087274,6103.819322962721,587.0590748898176,0.0034068121685630545,,mixture,99
