,model,w1,NLL,AIC,mean,phi1,phi2
0,null,,6100956.980544368,12201915.961088736,458.99072499826497,0.0021786932622740473,
