,model,w1,NLL,AIC,mean,phi1,phi2
0,sum,,6134075.492531235,12268152.98506247,649.3640151765513,0.0030799366045194745,
