239
2380
2398
2459
3027
3160
3210
3627
4064
4160
4198
5249
5256
5411
6380
6951
7510
8730
10283
12151
13260
13289
13395
13635
13766
14141
14827
14931
16287
16427
16801
17735
17936
18041
18072
18484
18625
18628
18648
18800
18854
18910
19020
19092
19560
19780
19813
20468
20776
20961
22042
22154
22237
22959
23361
25270
26912
27893
28634
29035
29391
30543
30667
31494
31777
31919
33038
33075
33993
34067
34188
36047
36662
37132
37470
38049
38131
38397
39241
39608
40070
40728
40940
41267
41272
41895
42316
42665
43718
43776
44257
44351
45675
46463
46582
47007
48179
48244
48346
48576
48702
49122
49342
49450
49645
49890
50630
50823
50866
52624
52745
52816
53603
53732
53980
55298
56041
56698
56964
57105
58280
58666
58785
59204
59923
60722
60864
61449
61486
63989
64488
64615
64665
65197
66289
66536
67227
67751
68016
69483
69771
70311
70434
71073
71338
71690
75788
76198
76376
76516
78873
78956
79091
79201
79497
80470
82500
83006
84168
84520
84624
85580
85812
86836
86962
87016
87171
88230
88359
89954
89983
90615
90650
90793
90911
91251
91257
91315
91355
91694
92225
92300
92513
92848
93108
93173
93309
93334
93516
93714
93720
94158
94644
95496
96333
96395
96594
98109
98797
98937
99452
100389
100642
101004
101498
101619
102211
102268
102742
102769
103233
103700
105786
106319
107266
107662
107775
108176
109401
109770
110512
111654
112472
113561
114060
114175
115145
115813
115897
115906
117221
117409
117551
118106
118125
118243
119283
121103
122335
122535
123686
123806
125256
125558
125872
126346
126917
127701
129162
129278
129422
130831
132223
132376
132901
133087
133160
133224
133407
133412
134270
134529
135527
135862
136508
136916
137231
137405
138862
143531
144220
145401
146687
146871
148274
148497
148974
149513
151476
153528
155837
156539
157330
157401
158050
158146
158551
158764
159234
160352
160439
160469
161066
161489
161726
161798
162015
162055
162539
162743
163101
163768
164062
164254
165695
166421
166617
166928
166995
167589
168247
168811
169322
171009
171876
172928
174273
175978
176411
176813
179467
179537
179620
179847
179928
180928
181427
181546
181549
181607
182427
182523
182546
183425
183727
183829
184393
184693
184970
185758
186819
186910
187759
187923
187958
188074
188621
189186
189920
190509
190817
191441
191689
191805
192041
193755
193825
193913
194264
194334
194401
194739
194742
194798
195060
195467
196593
196808
196843
198250
199168
199177
199322
200236
201064
201841
201970
202475
203166
203275
203647
203975
204023
204534
204673
204759
204850
204925
205454
206627
206826
207058
207976
208495
209829
210642
211923
212080
212503
213629
213942
213973
214448
215167
216194
216659
218108
219654
221659
222187
222789
225093
225351
226002
226222
229060
229141
229291
229588
231389
232341
233031
233364
234889
234963
235237
237727
239628
240096
240163
240581
241333
241981
242009
242313
242813
243035
243313
243603
243891
244010
244628
245331
246046
247156
248619
248979
249057
251236
251487
251949
251990
252210
252890
253790
254322
254388
254642
255093
255601
256111
257655
258483
258624
258816
259819
260139
260466
260472
260727
260828
261253
263232
264059
265072
265318
265357
265489
266961
267344
267690
269427
270282
270907
271252
271282
271345
273937
274434
275242
275594
275979
276345
276665
276817
277916
279722
280816
282149
282523
283736
283969
284494
284541
286331
287474
288004
289340
289809
291488
291576
292881
293631
293833
293964
295923
296457
296647
296869
297944
298654
301779
302455
302550
303570
305081
305707
306263
307016
307264
307478
308587
308949
310041
310323
311260
312381
312464
313113
313622
314089
314128
314485
314583
315488
315988
316815
318821
318894
318933
320291
320781
320994
321289
321408
322012
322236
322554
322767
323413
323553
323777
324432
324855
325262
325982
326528
326901
327274
330053
330250
331422
332235
332766
333479
334562
334653
334729
335786
335956
336961
336974
337657
338042
339111
341480
342305
342654
343024
345839
346380
346663
347646
347873
348006
348826
349273
350291
350416
350531
351541
352849
352926
352935
353201
353202
353260
353323
353366
354247
354578
354594
354818
355000
355641
357386
357739
358525
361091
364706
364849
365282
365332
365868
366499
368568
368805
372189
373371
374863
375725
375870
377247
377409
380085
380914
381493
382460
383209
387223
387252
387304
388138
388264
388625
389084
391250
391715
392854
393152
396093
396267
396709
397046
397440
397609
397836
398435
398499
398660
400675
400797
400982
400993
401193
401386
401452
401595
402457
406285
410249
410419
410469
410550
410795
411222
412308
412932
414541
415079
416487
417094
417382
417549
419762
420800
421380
422084
423101
423166
423837
425449
425782
425923
426925
426966
428084
428649
429793
430523
430595
431256
432010
432136
432167
432743
433851
434664
435859
435863
436260
436304
438634
438638
440367
441531
442606
443360
444169
444273
445104
445186
446140
446619
446675
447650
447654
447745
448244
448715
451350
452338
452399
452442
452702
453049
454062
454483
455495
456472
456549
457929
458102
458550
458616
458860
459131
459514
459628
459668
460535
460544
460639
461079
461356
461544
461618
461666
461968
463451
464143
465540
465604
465676
467105
467315
467925
468287
468746
469376
470552
471471
471611
472011
472250
472364
473045
473971
474220
475341
475627
475775
477045
477420
478088
478439
478860
480322
481257
482306
482409
483395
483621
483734
484442
485782
486132
486244
487704
487912
487960
488876
489388
489902
490018
490591
491012
491684
491884
493003
493521
493561
494994
496168
496902
497690
497788
498719
500332
500551
500893
501004
501339
502249
502767
502929
503084
503591
503788
503827
505345
505448
506956
508481
508588
508965
510645
511055
512731
513208
513273
513558
514175
514244
514364
515044
516563
516778
519476
520662
521073
522146
522313
524292
525467
525514
525715
527023
527415
528509
529142
530238
531478
531502
531898
532529
533098
534038
535420
537645
539208
539351
540100
540881
543316
543605
543608
543872
544088
546258
547321
547452
548705
549506
550287
550642
551144
551272
551758
553004
554097
554373
554645
555804
556649
556908
557953
557958
560264
560612
560630
560671
561114
561719
562139
563145
564339
565178
565690
565868
566035
567450
568148
570164
570610
570784
571574
572186
572429
572707
573030
573272
575412
576087
576406
577378
577641
578305
578610
579856
581964
582451
583060
583860
585565
585977
587219
587330
588073
588623
589899
590377
591077
591491
592508
593361
594114
595621
595980
598287
598951
599785
599857
600431
601086
601501
601670
601970
602442
602592
603920
604160
604604
605468
606332
607747
608064
608502
609511
611775
612983
613051
613321
613458
613528
613726
615235
615648
615991
616107
620328
620550
622368
622585
622719
623418
624110
624263
624470
625461
625663
626801
626856
626995
627538
628180
630019
630539
630652
630814
631047
631121
631465
633022
633055
633134
634388
634402
635496
635835
636096
636233
636253
636546
636550
636841
636959
637348
638234
638507
638710
639515
639593
640862
642068
642414
643373
643940
644756
644981
645264
645760
646327
647706
648182
648841
649049
649593
650951
651423
651732
654159
654832
655953
657383
660273
660940
661049
661167
662093
662184
662412
662508
662517
662650
662662
662895
662904
662908
662991
664320
665400
666925
667592
667858
668237
668820
668959
669751
671161
671507
671743
671782
671990
672041
672332
672416
672470
672632
672892
673238
673243
673351
673661
673798
673847
674095
674678
674771
674924
675112
676853
676966
676979
677323
679983
680001
680046
682002
682450
682710
683128
683855
686312
686325
687479
688032
689480
691331
694070
694134
694237
694681
694866
697573
698575
698897
700445
701313
702559
702734
704180
704951
705572
706115
707595
710247
711427
711433
712103
712505
713493
713901
714825
715320
715609
716341
717095
717558
717658
723037
723810
728775
730145
730207
731951
733719
734496
736118
737064
740313
740953
741347
741789
743302
744039
744606
747076
748151
748611
749251
749739
750085
751308
751597
752550
752842
754331
754772
755494
755514
755606
755776
755988
756336
756482
757238
757989
758134
759729
760185
760993
761308
762064
763749
764195
766109
767420
768060
768527
769818
770138
770762
771545
772736
773446
775042
775151
776881
777450
777584
779176
779920
781229
781351
781694
781793
783586
783802
784889
785654
785769
786608
786953
786997
787253
787436
787504
787711
788109
790281
791345
791829
792748
793212
793733
794198
795603
796160
796661
797095
798669
800423
802217
803323
804069
804210
804988
805696
808491
808742
809172
810185
810318
810960
813265
813814
814679
816110
817350
817930
818372
819829
820259
822231
822349
824414
824827
825339
825413
826216
826857
826946
827329
828609
828974
829255
829378
829526
830397
830527
832539
832681
832697
832749
833179
833358
833579
833742
833765
834162
834193
834601
834958
835063
836296
836310
836317
836431
836783
837172
837866
838207
838877
839949
840722
840863
841034
841790
843064
843128
843797
843829
844357
845229
847429
847908
848136
848190
848604
848639
848813
849341
849445
849484
849560
849616
849658
850154
851131
851827
853165
853905
854615
855912
856294
856885
858402
859124
860249
860521
862088
862166
862334
862794
863253
865576
867316
868607
869196
869726
871735
874788
876087
876842
878205
880893
881799
884972
885612
885628
886496
887994
891946
892929
893816
893861
894064
895402
896526
896764
897688
898822
898898
899795
900076
900245
900754
901670
901813
901947
902143
902437
902820
903553
903968
904560
906510
908296
908637
909549
910253
910382
910821
910884
911583
912000
912639
912648
912817
913912
915008
915362
915438
915842
917998
919071
920016
920104
920194
921059
921165
922492
922594
922915
923093
923380
924143
925278
925845
926767
927040
927460
927515
928401
928512
928748
928832
929839
930167
930834
930889
933370
934486
934732
935073
938215
938792
938940
940678
940756
943019
943157
945146
945671
946408
947120
947253
948068
948255
949827
950467
953091
954515
954571
955915
956381
956437
958511
960023
960884
962893
963356
963492
964885
966170
966573
966791
967638
967978
968838
969590
970207
970734
970912
971473
972258
972587
974867
975164
976543
977339
977559
977859
977885
978014
979663
983383
983650
983823
984563
984871
984972
985285
985983
986752
987389
987566
987639
988024
988480
989466
991261
991913
992071
994768
995359
996392
997070
997301
997432
997637
998351
998427
998477
998543
998748
998765
998774
999651
999815
1000350
1000398
1000495
1000880
1002030
1002705
1003810
1004184
1004506
1004631
1004922
1005463
1005806
1006182
1006789
1007010
1007185
1007228
1007751
1007921
1008352
1008706
1009050
1009308
1010162
1010326
1010448
1010847
1011917
1012102
1012322
1012543
1012834
1013117
1013897
1014307
1015259
1016338
1017038
1018208
1018538
1018738
1019356
1019549
1019859
1020417
1020565
1023012
1024987
1026285
1026388
1026545
1027531
1028683
1029731
1030365
1031820
1032321
1032600
1033712
1033882
1035244
1035490
1036370
1036680
1037599
1037660
1038322
1038432
1039531
1039685
1040038
1040244
1040535
1042526
1043233
1043729
1044804
1045183
1046722
1047749
1047865
1047896
1049572
1049853
1052307
1053597
1054708
1057123
1059761
1060050
1060986
1061609
1061656
1062223
1062843
1063899
1063938
1064336
1064403
1064616
1064649
1064789
1066387
1066728
1067097
1067180
1067667
1069385
1069467
1072645
1072777
1072788
1073427
1074488
1075706
1075894
1076228
1077042
1078186
1078742
1079273
1080031
1080220
1080259
1081186
1081375
1082280
1082753
1083148
1084988
1085307
1086239
1087128
1087149
1088001
1088360
1088919
1088925
1092898
1092917
1093321
1094447
1094914
1098120
1098929
1100859
1101084
1101894
1103462
1103508
1104007
1104620
1104646
1105911
1106577
1106585
1108947
1109840
1111739
1112086
1112508
1113044
1113184
1116591
1117298
1117743
1118292
1118912
1120629
1123598
1123974
1124004
1126798
1129567
1130113
1130159
1130629
1130918
1131585
1133831
1134148
1134946
1135624
1138254
1138939
1139642
1140174
1140937
1141341
1141591
1141930
1142576
1144108
1145819
1146698
1147218
1147545
1148741
1149466
1149536
1149747
1150634
1151014
1151204
1151430
1151550
1151797
1153143
1153447
1153476
1153574
1154946
1155155
1155515
1155624
1155674
1155730
1156126
1156149
1156161
1156264
1156597
1156762
1158207
1158368
1159736
1159894
1160439
1161126
1161294
1161407
1161773
1161857
1162095
1164540
1164995
1166014
1166708
1167522
1168090
1168789
1168844
1169271
1169454
1169883
1169916
1170520
1170549
1170803
1173999
1174676
1175070
1175125
1177208
1177387
1178168
1178288
1178527
1180136
1180170
1181399
1181590
1183326
1183441
1184700
1185170
1185567
1186794
1186909
1187728
1187848
1188652
1191560
1191691
1192317
1192798
1193113
1193922
1193987
1193997
1194642
1195225
1196062
1196333
1196513
1197574
1197677
1197803
1198081
1199283
1200142
1200377
1200446
1200627
1200863
1200913
1201158
1202620
1203852
1204532
1205067
1205936
1206772
1208069
1208355
1208708
1210123
1210582
1212502
1213398
1214486
1214699
1214780
1217970
1219230
1220974
1221585
1222626
1223402
1225904
1227453
1228375
1228497
1231782
1231897
1232572
1233590
1233601
1234268
1234789
1235682
1237796
1238133
1238198
1239878
1240251
1240253
1240386
1241365
1241789
1242559
1243207
1243440
1243532
1245645
1246527
1246890
1246919
1247224
1250087
1250591
1250842
1251067
1253279
1253593
1255380
1255467
1255693
1256008
1257495
1257534
1257960
1257999
1262947
1263220
1264192
1264225
1264895
1265823
1271066
1273413
1274369
1275186
1275469
1275720
1276036
1276954
1280465
1282470
1286827
1288615
1291121
1292576
1293303
1293869
1295362
1295493
1297634
1300754
1304770
1307676
1309041
1309139
1309727
1312276
1312532
1313203
1313338
1313431
1313559
1315118
1315633
1316429
1316584
1317409
1318360
1319898
1320485
1322001
1322668
1322859
1323683
1324241
1325378
1326994
1327293
1327746
1328429
1328939
1329168
1330035
1330340
1330697
1332006
1332468
1333444
1334870
1334930
1336564
1336612
1336696
1337336
1338058
1339045
1340103
1341143
1341845
1343037
1343046
1343404
1343420
1344114
1345768
1346211
1346439
1346919
1349361
1349392
1351765
1352067
1353292
1353844
1354558
1355372
1355380
1355396
1356591
1356808
1359714
1360575
1360713
1361164
1363818
1365642
1366435
1366778
1367065
1367990
1368567
1368944
1369401
1369417
1369986
1370373
1374422
1376969
1377102
1377186
1377618
1378783
1379429
1379639
1380003
1380574
1381179
1381339
1381376
1381382
1381388
1382173
1383025
1383755
1385398
1385447
1385898
1386647
1389046
1389905
1390239
1390356
1391164
1391600
1391857
1392000
1392514
1392770
1392987
1394232
1394342
1394430
1394765
1394890
1395003
1395234
1395897
1395911
1395937
1396508
1396826
1396872
1397454
1398174
1398285
1399424
1399568
1399950
1400275
1401927
1402488
1402974
1403002
1403435
1403514
1403610
1403935
1404726
1405645
1406007
1406235
1406346
1407930
1409395
1409718
1410132
1410690
1411101
1411338
1412335
1413532
1413795
1415253
1415520
1416227
1416475
1417206
1417540
1417688
1418386
1418766
1419066
1419539
1420477
1421934
1421938
1422316
1422691
1423208
1423501
1424276
1425152
1425882
1427056
1428221
1428880
1429229
1429249
1429679
1432024
1432368
1432689
1433229
1434435
1434548
1435101
1435417
1435563
1435730
1436187
1436604
1438339
1440212
1440682
1441236
1441601
1441818
1442085
1442796
1442837
1443023
1443045
1443063
1443131
1443200
1443334
1444583
1446647
1447474
1449435
1449913
1449972
1450972
1451247
1451824
1451864
1452096
1452931
1452979
1453605
1453702
1453756
1453806
1455559
1456214
1456807
1457423
1458603
1458626
1458703
1459891
1460170
1461762
1463564
1464394
1464439
1464646
1465885
1465954
1465993
1467135
1469045
1469240
1470331
1470677
1471469
1472961
1474502
1477208
1477728
1480050
1480096
1480182
1480680
1481346
1481737
1482242
1482656
1483274
1483451
1484076
1484722
1484886
1485066
1485096
1485533
1485809
1486094
1486220
1486513
1486722
1486904
1487100
1487538
1487658
1487987
1488073
1488623
1489269
1489307
1489793
1489875
1490878
1492973
1493071
1493321
1493581
1495064
1495612
1495861
1495871
1496061
1496440
1496725
1496772
1496959
1498217
1498333
1499103
1499294
1499460
1499592
1500396
1500478
1500486
1500881
1501054
1502268
1503000
1503836
1503958
1504374
1504460
1504780
1505021
1505649
1506042
1506333
1506769
1506810
1507289
1508035
1508502
1508686
1509342
1509536
1511217
1512359
1514174
1514216
1514707
1514881
1515796
1516303
1516742
1517322
1517423
1517631
1517802
1518005
1519932
1520475
1520634
1520954
1520961
1521074
1521957
1522217
1523169
1523936
1524570
1524894
1525112
1525586
1526141
1526621
1527584
1529635
1530222
1531746
1532782
1534127
1534762
1534888
1537161
1538038
1538328
1538598
1539178
1539432
1540040
1540128
1540629
1540871
1541182
1541500
1542128
1542707
1543859
1543968
1544047
1545194
1545464
1546458
1546904
1549622
1551517
1552018
1552489
1553074
1553267
1553434
1553604
1555763
1556709
1557371
1558636
1559180
1560589
1560728
1560770
1560810
1561210
1561503
1561745
1562614
1563099
1563472
1564092
1564182
1565254
1566966
1567142
1567204
1567345
1567798
1567989
1568211
1568383
1568728
1568738
1568747
1569730
1570070
1571446
1571923
1572361
1573327
1573937
1574196
1574201
1575146
1576213
1577084
1577705
1577779
1578186
1578331
1578743
1579414
1580009
1580473
1580584
1580604
1581858
1581877
1582348
1582390
1582436
1584163
1584257
1584621
1586126
1586937
1587701
1587943
1588130
1589101
1589298
1590580
1591214
1591525
1591596
1591647
1591698
1592148
1592776
1594841
1595528
1596077
1597721
1598056
1599618
1599955
1600565
1601129
1601679
1602490
1603060
1603439
1604227
1604461
1604578
1604891
1605518
1605671
1606300
1606437
1607486
1607678
1608062
1608178
1609998
1610928
1611659
1611675
1611807
1613452
1615855
1618176
1618189
1620061
1620408
1621262
1622507
1623441
1624204
1625386
1625542
1626109
1626930
1627186
1627732
1628244
1628538
1629322
1629472
1629758
1631341
1634141
1634897
1638381
1639942
1641041
1641081
1641199
1641757
1642970
1643177
1643572
1644252
1645593
1646138
1649224
1649506
1649584
1650250
1650457
1654195
1654655
1655144
1656010
1660056
1660942
1663719
1665248
1666228
1668263
1669580
1669779
1670059
1670607
1672186
1672689
1675952
1677312
1679459
1683937
1684372
1684662
1685752
1688187
1688561
1688635
1688943
1693307
1694231
1695010
1695395
1696419
1696692
1697057
1697501
1697763
1698844
1699196
1699861
1700572
1701241
1702866
1705314
1705672
1707300
1708230
1708515
1708642
1709527
1709605
1710650
1712118
1712578
1713950
1714888
1719221
1721794
1721840
1722276
1723072
1723916
1724541
1725627
1725933
1726748
1728716
1728813
1732016
1732455
1734224
1734520
1735533
1736067
1736251
1738295
1739337
1740056
1740721
1741125
1741274
1741901
1742281
1742395
1742502
1743195
1743414
1745295
1745741
1746207
1746309
1747304
1747326
1747681
1747921
1748381
1748927
1748965
1749695
1749874
1750772
1751239
1751647
1751905
1751998
1753027
1753064
1754440
1754980
1755007
1755195
1757075
1757230
1757726
1758596
1758737
1759784
1760735
1761036
1761349
1763500
1764081
1764358
1766125
1766779
1768233
1768651
1768686
1769550
1769699
1769751
1770215
1770356
1770770
1771037
1771551
1771962
1773044
1774257
1775230
1775345
1776643
1776692
1777913
1778227
1778637
1780388
1780576
1780761
1780790
1780838
1780926
1781603
1781796
1782005
1782064
1782667
1782931
1783789
1784010
1784149
1784899
1785158
1786091
1786527
1787996
1788084
1788280
1788587
1789019
1790579
1790842
1791575
1791612
1791617
1792007
1792210
1793162
1793617
1794323
1795151
1795295
1795810
1796050
1796544
1797996
1798682
1799591
1799735
1801089
1801370
1801461
1801562
1801767
1802201
1802205
1803749
1803753
1803786
1804315
1804422
1804445
1805190
1805272
1805847
1806232
1808119
1808322
1808574
1809306
1809335
1809426
1809945
1811104
1813210
1813492
1814265
1814416
1814452
1814593
1816599
1816766
1817126
1818119
1819093
1819549
1820668
1820777
1822222
1822450
1823149
1823769
1824440
1824625
1826412
1826858
1826879
1829225
1829952
1830758
1830877
1831001
1831153
1832790
1833109
1834236
1834501
1834524
1834988
1835095
1835669
1835672
1837094
1837159
1837533
1837922
1838203
1839153
1840122
1840151
1840244
1842888
1843151
1844143
1845064
1846278
1846457
1848579
1849327
1849468
1849750
1850252
1850847
1852278
1852804
1853998
1854709
1856398
1857712
1859235
1859391
1860617
1860831
1861280
1861646
1861720
1861863
1863011
1863652
1863825
1864008
1864738
1864846
1864922
1865221
1865499
1865718
1865752
1865773
1865855
1866304
1867281
1867464
1867546
1867665
1869914
1871922
1872360
1873403
1873613
1873689
1875004
1876210
1876423
1876699
1876882
1877055
1878340
1878817
1879541
1879675
1880175
1880182
1880607
1880978
1881480
1883128
1883141
1883505
1885755
1885783
1886000
1887138
1888479
1888551
1888614
1889134
1889568
1889674
1890165
1890502
1890859
1890984
1892230
1892511
1893073
1893397
1895370
1895491
1896329
1897278
1897540
1897735
1897890
1898127
1898961
1900069
1900632
1901414
1901637
1903736
1906369
1907043
1907902
1908548
1909162
1909166
1909917
1910061
1910192
1910303
1911688
1912379
1912439
1913019
1913787
1914080
1914406
1914818
1914895
1915102
1916428
1916850
1917052
1917986
1918050
1918117
1918262
1918770
1919231
1919486
1921209
1921560
1921929
1922118
1923410
1923956
1925267
1925459
1926516
1926760
1927073
1927076
1927465
1927533
1927769
1927927
1930362
1930988
1931202
1933128
1934053
1934133
1934783
1935156
1935266
1935268
1935893
1935994
1936109
1936463
1936538
1936621
1936695
1937319
1938966
1939294
1939653
1939694
1939716
1939966
1940267
1940404
1940737
1941146
1941237
1941261
1941285
1942066
1942144
1942156
1942289
1942728
1942790
1943961
1943963
1944470
1944693
1945431
1945949
1946390
1946545
1946883
1947287
1947702
1947707
1947937
1949365
1950390
1950404
1951490
1952869
1953033
1953492
1954531
1954889
1954992
1955285
1956234
1957812
1958453
1960217
1961377
1961532
1963279
1964491
1966498
1967196
1967354
1967452
1968125
1969458
1969816
1970217
1970736
1971189
1971605
1972372
1972614
1972852
1973197
1973341
1973546
1973681
1974011
1974110
1975016
1975041
1976462
1977420
1978315
1978348
1979313
1979818
1979893
1980609
1981996
1982859
1982982
1983937
1984158
1984225
1984740
1985859
1986182
1986322
1986927
1987982
1988195
1988495
1991805
1992688
1992792
1994717
1994881
1994981
1995078
1995560
1995739
1995753
1995906
1996686
1996762
1998184
1998607
1998703
1999128
1999524
2000595
2001759
2002959
2003261
2003355
2003644
2004042
2004240
2005085
2006032
2007644
2009252
2009711
2009938
2010217
2010625
2010784
2011195
2011915
2012109
2012707
2012800
2012900
2013355
2014376
2014566
2014729
2015186
2015201
2015346
2015727
2017014
2017386
2018141
2018167
2018253
2018779
2018991
2019036
2020179
2020302
2020631
2021777
2022311
2023367
2023373
2024011
2024605
2024666
2024835
2025205
2026785
2027090
2028283
2028371
2028599
2028916
2029177
2029248
2030749
2031166
2031251
2032130
2032541
2032624
2032917
2033048
2033073
2033203
2033591
2033731
2033739
2033907
2034395
2034498
2034686
2035059
2035259
2035373
2036223
2036254
2036301
2037133
2037947
2038203
2038247
2038383
2040218
2041635
2041738
2041818
2041900
2042728
2045142
2046346
2047732
2048451
2051826
2052169
2052321
2052908
2053846
2054783
2055241
2057274
2063879
2064726
2064727
2065716
2068020
2069028
2069816
2070336
2072483
2073777
2074619
2074688
2075017
2076016
2076444
2076599
2077218
2077244
2078091
2080191
2081164
2082409
2083164
2083232
2083246
2083311
2083861
2085065
2085345
2086224
2087000
2087997
2088483
2089087
2090289
2091408
2091436
2092939
2095702
2097060
2098099
2098943
2099189
2099451
2101477
2101821
2102358
2102627
2103872
2104382
2104900
2108182
2111218
2111349
2111500
2113245
2113466
2113686
2115608
2116261
2116705
2116862
2117256
2117618
2118327
2119129
2120138
2120341
2121586
2122795
2124528
2125145
2126710
2128276
2130843
2131708
2132116
2133720
2133753
2133919
2136997
2137058
2137121
2137478
2138140
2139558
2140429
2142076
2142585
2142596
2143455
2143892
2144735
2144960
2145388
2146649
2147282
2149053
2149093
2150528
2150754
2150814
2151380
2151431
2151845
2151875
2152712
2154903
2156029
2157571
2157652
2157787
2158776
2158921
2159186
2159382
2160302
2161332
2163193
2163536
2164436
2164791
2165038
2168268
2168902
2169400
2169519
2170222
2171730
2172378
2173292
2174396
2175711
2176033
2176284
2176316
2176950
2177811
2178541
2178862
2178943
2180503
2181290
2181380
2181823
2182129
2182865
2183540
2184702
2184706
2185521
2186619
2186674
2187176
2188869
2190388
2190927
2191572
2192329
2192919
2193253
2193759
2193885
2193886
2193947
2194134
2195143
2195232
2196188
2196232
2196702
2196760
2197805
2197823
2197952
2197972
2199056
2199191
2199227
2201020
2201168
2201231
2201326
2202741
2203719
2204447
2204836
2204837
2205611
2205697
2207557
2208190
2208552
2209181
2209656
2209813
2210179
2210533
2212178
2212702
2212717
2213925
2215679
2216368
2216696
2216706
2216736
2216763
2217009
2217505
2217533
2218064
2218193
2218220
2218858
2220246
2220343
2221186
2222284
2222866
2223909
2225723
2225930
2225995
2226346
2228245
2228428
2229115
2230119
2231402
2231508
2232830
2233363
2233564
2233803
2234320
2235594
2236125
2236726
2237275
2238682
2238945
2240863
2241028
2241204
2241881
2242352
2243271
2243316
2243669
2243796
2243971
2244157
2244336
2244422
2244617
2244827
2245672
2245913
2246207
2246216
2246244
2247061
2247269
2247735
2247978
2248442
2248487
2251947
2252753
2255005
2255946
2256157
2259178
2259313
2260991
2261014
2261025
2261636
2261700
2261823
2261919
2263651
2264096
2264343
2264549
2265410
2265582
2266259
2266479
2266569
2266627
2266893
2266932
2267213
2267261
2268429
2269027
2269096
2269579
2269930
2270615
2270652
2272627
2273066
2273661
2273835
2274109
2274589
2274825
2281327
2281577
2281660
2281805
2282834
2283395
2284006
2285786
2286881
2287312
2289080
2289182
2290295
2290389
2291032
2291906
2291917
2292097
2292220
2294519
2295257
2297151
2297493
2298422
2299872
2300072
2300859
2301289
2301404
2301732
2302294
2302333
2303028
2303624
2303828
2304033
2304720
2304998
2306394
2306415
2306773
2306930
2307666
2307831
2308124
2308217
2308719
2308865
2309515
2309706
2310233
2310332
2310375
2310692
2310797
2311428
2311472
2311680
2312407
2313360
2314305
2315593
2315628
2316695
2317134
2317141
2317441
2319028
2319141
2319351
2320237
2320314
2320576
2322916
2324834
2326256
2326939
2328014
2329169
2331249
2331269
2331406
2331801
2332012
2332196
2332475
2333073
2333181
2333595
2334733
2334791
2334903
2335259
2335384
2335952
2337648
2337912
2338434
2338593
2338631
2339486
2339676
2340013
2340206
2341395
2343508
2344275
2344395
2345320
2345325
2345372
2345583
2345586
2347133
2347529
2347601
2347772
2349996
2350309
2351524
2355365
2356111
2357096
2357147
2357421
2357493
2357746
2357846
2358061
2358642
2358863
2360217
2360272
2360282
2360502
2360516
2360521
2360805
2360847
2361246
2361414
2361598
2361832
2362132
2362508
2363366
2363630
2364588
2365104
2365987
2367569
2367658
2368574
2369582
2370474
2371037
2372472
2372791
2373743
2373940
2374399
2374459
2374964
2375118
2375212
2375873
2377192
2377315
2377995
2378639
2378655
2379131
2379317
2379575
2379757
2381250
2381443
2381878
2382455
2382986
2384135
2385117
2385509
2387948
2388216
2388234
2388762
2389159
2391698
2391885
2392371
2392455
2393673
2393942
2394331
2394455
2395189
2397487
2398189
2399557
2399867
2400391
2402254
2402810
2403103
2403353
2404845
2404854
2404908
2404911
2405181
2406720
2406761
2407075
2407340
2407699
2407770
2408795
2408930
2409128
2409174
2411823
2414166
2414210
2414881
2415370
2415766
2415869
2415978
2417059
2422990
2423025
2423194
2423508
2423666
2424775
2425029
2425716
2425723
2425840
2428400
2428446
2429548
2430142
2432292
2432961
2432963
2433573
2434033
2434090
2434128
2435036
2435379
2435434
2435802
2436412
2436768
2437038
2437140
2437822
2438520
2438663
2439249
2439719
2439946
2440172
2440561
2440790
2441000
2441972
2442704
2443076
2443168
2443672
2443783
2444293
2444310
2444748
2446428
2446857
2447282
2448445
2449180
2449864
2449899
2450470
2450521
2450556
2451096
2451377
2452075
2452187
2452417
2452581
2455582
2455972
2456183
2456423
2456626
2458582
2458678
2460145
2460314
2461290
2461520
2461826
2462092
2464641
2466294
2466326
2466789
2466955
2467507
2468852
2470335
2470372
2470373
2470449
2470500
2471579
2472355
2473183
2473591
2474890
2474895
2476776
2477911
2482599
2484357
2487932
2488270
2488645
2488662
2490119
2490869
2492001
2492928
2493633
2496040
2497216
2497621
2500108
2500144
2500234
2502427
2504778
2506300
2506326
2506942
2508728
2508954
2509265
2509294
2509480
2510692
2511342
2511872
2514503
2514606
2515565
2516195
2518303
2518917
2522457
2522639
2522670
2522859
2523337
2524696
2524781
2528825
2529417
2529884
2533941
2534055
2534673
2534980
2535019
2535960
2537850
2538867
2539272
2539881
2540064
2540107
2540440
2540902
2541178
2541478
2541484
2542433
2542604
2543337
2543644
2544201
2544501
2545345
2547133
2547810
2548837
2551244
2552501
2552661
2554847
2555641
2555825
2555873
2556210
2557760
2557971
2558071
2558969
2559711
2559790
2560307
2560892
2562817
2563771
2564917
2565023
2565839
2567259
2567879
2575638
2575674
2578441
2580381
2580513
2581159
2582253
2582777
2583638
2584273
2589327
2592067
2592982
2593328
2594878
2595728
2596591
2596812
2597351
2597464
2599844
2600155
2601281
2602005
2602659
2602705
2604327
2604453
2605476
2605583
2605629
2605953
2606026
2606031
2606137
2606520
2607171
2607385
2607649
2607994
2608786
2608972
2609011
2609441
2609820
2610133
2610832
2611124
2611488
2611516
2611777
2611901
2611995
2612188
2612226
2612603
2613188
2613732
2614852
2616594
2616933
2617793
2618018
2618079
2618132
2618760
2620333
2622479
2623004
2623163
2623451
2624024
2624256
2624467
2624658
2625858
2626557
2630851
2631710
2631814
2632150
2633093
2634423
2635144
2637116
2637261
2638316
2638573
2638650
2639374
2641954
2642267
2642752
2643401
2643533
2643925
2644440
2645362
2645375
2645974
2645983
2646151
2646405
2647468
2647626
2648593
2649562
2650836
2651592
2654323
2654376
2655517
2656029
2656356
2656637
2656677
2656802
2656925
2657187
2658187
2659007
2659140
2659554
2659891
2660030
2660132
2660256
2660565
2660856
2661002
2661076
2661185
2661588
2661758
2661792
2661827
2661829
2662615
2662618
2663175
2663384
2663422
2663670
2664724
2665223
2665289
2665395
2665559
2665843
2667578
2667685
2668145
2668180
2668389
2668591
2669191
2669634
2670031
2670378
2670501
2671421
2671431
2671827
2672104
2673636
2673834
2673840
2673898
2673919
2675979
2676160
2676662
2677926
2678247
2678644
2679024
2679127
2679188
2679214
2679459
2679780
2679856
2680241
2681560
2681774
2681898
2682088
2682391
2682990
2684227
2685493
2686283
2687207
2687964
2688150
2689344
2689401
2690329
2690796
2690898
2690916
2691833
2691971
2692105
2692199
2693129
2693637
2693701
2693707
2694076
2694171
2694360
2694816
2696840
2698887
2699357
2703479
2706175
2706213
2706636
2707337
2709809
2710785
2712578
2712667
2713036
2713502
2713983
2715275
2715527
2716875
2719112
2719152
2719364
2720802
2721078
2721185
2721396
2722631
2724179
2724466
2725155
2725830
2727372
2727414
2727733
2727932
2728257
2728513
2729231
2729624
2730097
2731412
2731458
2732788
2732802
2734959
2735703
2736827
2737963
2740082
2740517
2740668
2741108
2741906
2742731
2742983
2743812
2744562
2744571
2745908
2746273
2746820
2747045
2747572
2748737
2748903
2749044
2749800
2750352
2750464
2751113
2751758
2752079
2752137
2752770
2753045
2753264
2753775
2754292
2754358
2754657
2755626
2755682
2756966
2757750
2757923
2758884
2758988
2759176
2760170
2760456
2761525
2761799
2761962
2762402
2764669
2764885
2765580
2767621
2770990
2771389
2772127
2772302
2772463
2772567
2773023
2773145
2773379
2773508
2774136
2774586
2775644
2777330
2778363
2778391
2778496
2778512
2778687
2778870
2778996
2779240
2779312
2779561
2780477
2781288
2781755
2783210
2783977
2784310
2785156
2785725
2785833
2786570
2788803
2789011
2789191
2789768
2789789
2791433
2792495
2792925
2794046
2794568
2796381
2798458
2799466
2800252
2800406
2801186
2801530
2802521
2802660
2803272
2804859
2805244
2805766
2806527
2807012
2807606
2808196
2808746
2809359
2810660
2811262
2812964
2813966
2814009
2814573
2814983
2816679
2817059
2817242
2817449
2817661
2818487
2819216
2819622
2819930
2820382
2821805
2822099
2822311
2822329
2822766
2822943
2823543
2824229
2825165
2825609
2825690
2826164
2826480
2826644
2827253
2828485
2828507
2828825
2828828
2829798
2832685
2833683
2835897
2836022
2836721
2837215
2837350
2840593
2842181
2842614
2843055
2843915
2844960
2845074
2846224
2847290
2847450
2848915
2850291
2851648
2851850
2852649
2854258
2854860
2855828
2856054
2856820
2856977
2858583
2859196
2859465
2860008
2860185
2860509
2860701
2860786
2861602
2861693
2862168
2862542
2862724
2863303
2863855
2863922
2864069
2864843
2865079
2865678
2865796
2866022
2866124
2867301
2869417
2869564
2870279
2870736
2871230
2871757
2871776
2872370
2872711
2872950
2873667
2874732
2875459
2876184
2876538
2876703
2877580
2878055
2879034
2883332
2885466
2886275
2887122
2887262
2887629
2888937
2890885
2891495
2891580
2891582
2893340
2894520
2894669
2894952
2895272
2895321
2897151
2897249
2898882
2899842
2900017
2901417
2904563
2905395
2906229
2907738
2908077
2908430
2908602
2908918
2910677
2911447
2912738
2912815
2913172
2913453
2914443
2917132
2917190
2919386
2919618
2921190
2921355
2921727
2924228
2924661
2926723
2926905
2927044
2927055
2927930
2929363
2929626
2931453
2932506
2933024
2933082
2934698
2936150
2937899
2938747
2938804
2939594
2940402
2940996
2942126
2942184
2943052
2944599
2945678
2948125
2948388
2948424
2949137
2950171
2951757
2952141
2953500
2953630
2955714
2955961
2957817
2957948
2957987
2958296
2958401
2958559
2958768
2958955
2959444
2959490
2959549
2959922
2960046
2960459
2960803
2961566
2961857
2961973
2962193
2962561
2963169
2963409
2963738
2963851
2966646
2966963
2967830
2968105
2968484
2968532
2968628
2969841
2970016
2970040
2971280
2971877
2971879
2972373
2974406
2974965
2976011
2976059
2977356
2977737
2978274
2978282
2979379
2979512
2979643
2980062
2980272
2980299
2980470
2980489
2981007
2981180
2981739
2982726
2983261
2983578
2983748
2983787
2984267
2985688
2986226
2986478
2986981
2987784
2988372
2988505
2991577
2991698
2992120
2992724
2996218
2997040
2997436
2998341
2998970
2999203
2999678
3000298
3000452
3000550
3000730
3000857
3001273
3001887
3001937
3002009
3002210
3002361
3002864
3002907
3003397
3004192
3004655
3005516
3005698
3005937
3006120
3007112
3007204
3007547
3008005
3008407
3009029
3009533
3009620
3010041
3010137
3010522
3010766
3011023
3011473
3011588
3012156
3012327
3013718
3013755
3014319
3014407
3014552
3014866
3015256
3015702
3016444
3017432
3018292
3019195
3019206
3020435
3021109
3021771
3021852
3021960
3022356
3022923
3023155
3023336
3023660
3023798
3024327
3024523
3025025
3025317
3025743
3026125
3026192
3026530
3026940
3027218
3027834
3027949
3028906
3028966
3029225
3029765
3030516
3030653
3031053
3031058
3031764
3031947
3032159
3032237
3032547
3033177
3034809
3034834
3034913
3035105
3035384
3035612
3036172
3037274
3037472
3037521
3037742
3037867
3038464
3040589
3041761
3042107
3042230
3042535
3043899
3045999
3046815
3047163
3048434
3048914
3049261
3050889
3051052
3051525
3051685
3051977
3052537
3052647
3052878
3053070
3053642
3054120
3054312
3055041
3055086
3055335
3056218
3058077
3058643
3061962
3061965
3062027
3062085
3063281
3063902
3064395
3064730
3064751
3066352
3066630
3067307
3070157
3070901
3072007
3074903
3075262
3075543
3075775
3075830
3077609
3079119
3080505
3082657
3083198
3083583
3085875
3086548
3086550
3087774
3090599
3090990
3094472
3096520
3096829
3097109
3097962
3097970
3098378
3098874
3099702
3100802
3101082
3101363
3101393
3103961
3104045
3104727
3106005
3106375
3107476
3107849
3109136
3109164
3109985
3110298
3110301
3110714
3111534
3111644
3112958
3112960
3113225
3113383
3113386
3113472
3113558
3113665
3113795
3114738
3114962
3115531
3115588
3115791
3116376
3117152
3117560
3117909
3118359
3118993
3119063
3119309
3119315
3119718
3119786
3119955
3121763
3122593
3123516
3125141
3125839
3125858
3127590
3128485
3128653
3128656
3129745
3130286
3130473
3132360
3132372
3133714
3133723
3133837
3134574
3134873
3135317
3135717
3136654
3137010
3137391
3139402
3139788
3140645
3140908
3141295
3141322
3141403
3142673
3143416
3143649
3143897
3143979
3145683
3146225
3148190
3149036
3149384
3149689
3149786
3150251
3150297
3151040
3151638
3152246
3152558
3153179
3153611
3153998
3154633
3154939
3155178
3156128
3156705
3157128
3157421
3157423
3159018
3159147
3159249
3159327
3159578
3159697
3161999
3162907
3163058
3164079
3164364
3164746
3164992
3165326
3165606
3166535
3168427
3169624
3169656
3170905
3172184
3172341
3172731
3173045
3173189
3173443
3173681
3174032
3176186
3176564
3177060
3177081
3178224
3178320
3178777
3179997
3180269
3180335
3180697
3183748
3184599
3185553
3186361
3188579
3188712
3189124
3190004
3191655
3192429
3193131
3193822
3194522
3196663
3196677
3198007
3198948
3199177
3199396
3199646
3199765
3201206
3201235
3201342
3201532
3202903
3203504
3203544
3204368
3204685
3205846
3205872
3205976
3207467
3208920
3209171
3209374
3210236
3210279
3211413
3211943
3211951
3212024
3213483
3213675
3214360
3215515
3216731
3217311
3217875
3219626
3220494
3220789
3222011
3222131
3222850
3223313
3224155
3226168
3226340
3226901
3227586
3227706
3228571
3228676
3228709
3229735
3230031
3230302
3230468
3230656
3231229
3231598
3232155
3233408
3235356
3238086
3239043
3239354
3239458
3239639
3240461
3240852
3241400
3241665
3242115
3242234
3242503
3242905
3243273
3243384
3243684
3244291
3246189
3246191
3248266
3248323
3248716
3248757
3248995
3250639
3250767
3251259
3251502
3252496
3252747
3252795
3253594
3254860
3255256
3255390
3256415
3256808
3257590
3258627
3259989
3260947
3261833
3263796
3264617
3266592
3266614
3266893
3268157
3271092
3271292
3271852
3271929
3272715
3273385
3274617
3274750
3277354
3280517
3281029
3282565
3282844
3285369
3287848
3288034
3290057
3290626
3292285
3292712
3292935
3293004
3293333
3293795
3295630
3295888
3296904
3298866
3298961
3299596
3300051
3300059
3300227
3300338
3300880
3301667
3301717
3302101
3302258
3302287
3302383
3303332
3303691
3303811
3304024
3304161
3304220
3304531
3306354
3307278
3307680
3308629
3309060
3310323
3310670
3310934
3311101
3311305
3311739
3312676
3314843
3317282
3318904
3319013
3319344
3319463
3320289
3320354
3320371
3320990
3321055
3321179
3321237
3321814
3322452
3322712
3324319
3324420
3324810
3326824
3328445
3328546
3329787
3329871
3330980
3331026
3332275
3333280
3333711
3333891
3334248
3335656
3336536
3336782
3337468
3338065
3338131
3339106
3341135
3341457
3342116
3342551
3342668
3342761
3348606
3348842
3349358
3350761
3351311
3351420
3351424
3352135
3352203
3352234
3352320
3352603
3353971
3354121
3354571
3355497
3356360
3358336
3358608
3359594
3359640
3359756
3360960
3362077
3362742
3363155
3363612
3363701
3364053
3364190
3364964
3365015
3366448
3366453
3367455
3367466
3367509
3368066
3368083
3368147
3370435
3370808
3372082
3372125
3372133
3372693
3373092
3374244
3374714
3374951
3375168
3375474
3375793
3375894
3376559
3377242
3377736
3378110
3378322
3380956
3381037
3381743
3382339
3383160
3383309
3383684
3386068
3386200
3386650
3387391
3387865
3387941
3388585
3388728
3388817
3391250
3391766
3393084
3393218
3394043
3394462
3394579
3396574
3396805
3396822
3398020
3398039
3398658
3399220
3400012
3400016
3400268
3400542
3401035
3401486
3403097
3403194
3404615
3404768
3404891
3406836
3407179
3407333
3407510
3407643
3408498
3409068
3409489
3410203
3410824
3411267
3412998
3413434
3413731
3413980
3414268
3414290
3414770
3415665
3415997
3416210
3416495
3418372
3419563
3420667
3421174
3422271
3423142
3423181
3423791
3423905
3424545
3424996
3425288
3425403
3425895
3425978
3426794
3428201
3428432
3428763
3430206
3430382
3432076
3432155
3432487
3433660
3433924
3434156
3434278
3434529
3434783
3434848
3435246
3435842
3436345
3438631
3439337
3439421
3439446
3439523
3440280
3441323
3443022
3443900
3444294
3444416
3444793
3445737
3446382
3446719
3447195
3447987
3448187
3448443
3448817
3449690
3450879
3451680
3451849
3452213
3452855
3452870
3453966
3454771
3455962
3456334
3457139
3457579
3457889
3458346
3459053
3459102
3459578
3459593
3459632
3460053
3460621
3460918
3461600
3461778
3463959
3465441
3465523
3467159
3467254
3467383
3469493
3470931
3471755
3472371
3473374
3473679
3475751
3476269
3476877
3477871
3477977
3480154
3480521
3480562
3480726
3481490
3482113
3486214
3486233
3487431
3488110
3489184
3490679
3490878
3493484
3495325
3495621
3496432
3499639
3501330
3501444
3501560
3502567
3502801
3504032
3506878
3507449
3507523
3507939
3510108
3510664
3510901
3511655
3511825
3512270
3513088
3513513
3514607
3515706
3515883
3516989
3517390
3518626
3519485
3520788
3522267
3523403
3524323
3524567
3525305
3525781
3525819
3529714
3531091
3531126
3531943
3532220
3536642
3537608
3540210
3541458
3541479
3542514
3544644
3545667
3545724
3545957
3546218
3547135
3549224
3549796
3552101
3552672
3553194
3555185
3555639
3556240
3557520
3558659
3558839
3558979
3562445
3562874
3563068
3564169
3566868
3569010
3569723
3570269
3571090
3571230
3571648
3571941
3572348
3572527
3572600
3572911
3573468
3573940
3574024
3574945
3575009
3575207
3575215
3575480
3575646
3575990
3577165
3577511
3578224
3578608
3579564
3579763
3580108
3581296
3581587
3582546
3583467
3583812
3583988
3584036
3584200
3585659
3586076
3586173
3586832
3586981
3587610
3588356
3589034
3589579
3590258
3590714
3592505
3593293
3594605
3595307
3596720
3597233
3598729
3599714
3600417
3601304
3601401
3603000
3603978
3604608
3605894
3606117
3606667
3606741
3607016
3607053
3608683
3609706
3610126
3610562
3611564
3611868
3612524
3612663
3613411
3613549
3614253
3614436
3615975
3616147
3616212
3616546
3617561
3618769
3618881
3619915
3620061
3620954
3621626
3622512
3622647
3624215
3624553
3626581
3627435
3627445
3627570
3628381
3628830
3629416
3630476
3633274
3634116
3635009
3635386
3636466
3636690
3636786
3637087
3637474
3640090
3640385
3642212
3642360
3642577
3642704
3642945
3643173
3643936
3643951
3644250
3644813
3644876
3644945
3645423
3645476
3645920
3645939
3647510
3648772
3649970
3651138
3651205
3651765
3653230
3654016
3654087
3654420
3654776
3656766
3657136
3657780
3657961
3657994
3658316
3658503
3659740
3660076
3660700
3660767
3660932
3661103
3661241
3661613
3661729
3662530
3662738
3662927
3663170
3663361
3664709
3665304
3666054
3666985
3667595
3667803
3668300
3668479
3669371
3669814
3669841
3670355
3671713
3671747
3671846
3672270
3673051
3673133
3673978
3674067
3674680
3674863
3676052
3676649
3676782
3676791
3676809
3677280
3677670
3677938
3678570
3679062
3679851
3680540
3680777
3681366
3681454
3681708
3681790
3682235
3683225
3683392
3684034
3684523
3684690
3685117
3686295
3686737
3686798
3686920
3688140
3688524
3688633
3688763
3688844
3689117
3689540
3690177
3693046
3694884
3695325
3698112
3699952
3702035
3702169
3703535
3707387
3707591
3707888
3709281
3710727
3711690
3711784
3711935
3712416
3712797
3712863
3712922
3713213
3713628
3713741
3714739
3717909
3718125
3718848
3719088
3719358
3719495
3719517
3719618
3719641
3720172
3720301
3721886
3721998
3722437
3722466
3723712
3724490
3729380
3729545
3729800
3730395
3730528
3733093
3733149
3733601
3736503
3737295
3737628
3737765
3738177
3739175
3739234
3740019
3740171
3740191
3741509
3741710
3741832
3741995
3742282
3742387
3743482
3744507
3744615
3744640
3745230
3745848
3747451
3748029
3748129
3748323
3748513
3749006
3749169
3749242
3750002
3750256
3751148
3751417
3752181
3752229
3752711
3753219
3753645
3753738
3753773
3754357
3755083
3755209
3755380
3756289
3757443
3757612
3757648
3758223
3758247
3758634
3758995
3759106
3759277
3759708
3760312
3760341
3761119
3762261
3762866
3762961
3763284
3763583
3764104
3764401
3765522
3766027
3766913
3767291
3767429
3767432
3767843
3768073
3768173
3769843
3770983
3771421
3771765
3772067
3772415
3773094
3773141
3773692
3773830
3773848
3776212
3776722
3777020
3779050
3779595
3779918
3783387
3784539
3784695
3786046
3786105
3786878
3787026
3787100
3787223
3787364
3787644
3788046
3788424
3790274
3792013
3792407
3794294
3795053
3795070
3795955
3796092
3796174
3797149
3803932
3803950
3804065
3804271
3804424
3804658
3804663
3804804
3805061
3805269
3805556
3805599
3805646
3806204
3806289
3806347
3806539
3806669
3806901
3807021
3808221
3809158
3809264
3809702
3809814
3809832
3811669
3811809
3811906
3813701
3814206
3814779
3815096
3815132
3815379
3815544
3815614
3817258
3817458
3818222
3818359
3818456
3819318
3819657
3819673
3820781
3820795
3821972
3823406
3824559
3824763
3824981
3825485
3825502
3825856
3826451
3826479
3826933
3827208
3827444
3827568
3827570
3827647
3827656
3828703
3828734
3830915
3832419
3833005
3833062
3833065
3833176
3833393
3834006
3834606
3834784
3835786
3836026
3836298
3836784
3836928
3837442
3837559
3837636
3838455
3839192
3839234
3839953
3840152
3840578
3841718
3843187
3843246
3843425
3843588
3843832
3844128
3844734
3845285
3845340
3845429
3845438
3845535
3845843
3846086
3846156
3846954
3847868
3848556
3848761
3848789
3849278
3849590
3849983
3849995
3850205
3850428
3851296
3851765
3851772
3853606
3854375
3855385
3855486
3858075
3858370
3858420
3858526
3858537
3858741
3858816
3859740
3860426
3860513
3860678
3861941
3862247
3862366
3862968
3863203
3863553
3865041
3865314
3865410
3867511
3867618
3867636
3867664
3871506
3872831
3873503
3874131
3874360
3879347
3879616
3881154
3881299
3881354
3881542
3881641
3882495
3882601
3883153
3883203
3885670
3885733
3885756
3886072
3886736
3887071
3887208
3887792
3889571
3890374
3890697
3891145
3892017
3892709
3893220
3893400
3893465
3893480
3894316
3894406
3896426
3896736
3897834
3897906
3898566
3898990
3899677
3900121
3901086
3901642
3902957
3903847
3903919
3904547
3904853
3904882
3905129
3905284
3905526
3905781
3905989
3906430
3907614
3907743
3907808
3908384
3908936
3909288
3909704
3909727
3910310
3910569
3910717
3910920
3911051
3911133
3911359
3912873
3913315
3913955
3914093
3914386
3914806
3915615
3917406
3917449
3917557
3917708
3917829
3918183
3918209
3919182
3919454
3919515
3919823
3920452
3921643
3922726
3922774
3923179
3923291
3923596
3923826
3924335
3924654
3924849
3925646
3925758
3925975
3926036
3926042
3927122
3927643
3927722
3927834
3928309
3928617
3930489
3930606
3930898
3931638
3933011
3933024
3933190
3933225
3933673
3933758
3933922
3933937
3934223
3934268
3934931
3935591
3935968
3936049
3936068
3937023
3937349
3937375
3937857
3937961
3937962
3938624
3939112
3939367
3939411
3940103
3941007
3942562
3942704
3942942
3943608
3944274
3944367
3944700
3945745
3946021
3946585
3946987
3947071
3947300
3947841
3948209
3948537
3949337
3950412
3950527
3951183
3951401
3951695
3952351
3953179
3953501
3953950
3955199
3955417
3956621
3957097
3958906
3959328
3960211
3960749
3960780
3960956
3961041
3963928
3966622
3967972
3968459
3968586
3971826
3974575
3977010
3977179
3978640
3984321
3984724
3988320
3990355
3991817
3993076
3993553
3993600
3993713
3993916
3994895
3995770
3995888
3996983
3998094
3998279
3998639
3999057
4000428
4001688
4001884
4002609
4003441
4003604
4003928
4004284
4006304
4007266
4007685
4009682
4010167
4012568
4013038
4013331
4013989
4014105
4014158
4014344
4014677
4014839
4014900
4015687
4017235
4017546
4018101
4020205
4020768
4020869
4020919
4021004
4021835
4022057
4022166
4023628
4024771
4025112
4025805
4025830
4025999
4028016
4030521
4031117
4031409
4032173
4032481
4032503
4034607
4034852
4034860
4037398
4038810
4040332
4043340
4045354
4046336
4047980
4049284
4049459
4049749
4056889
4057376
4058319
4058405
4058629
4058800
4059064
4059296
4059440
4059649
4060098
4065195
4069180
4070805
4074479
4075325
4075956
4076291
4078070
4078612
4078793
4082807
4082940
4083817
4083926
4084196
4084293
4084523
4085224
4085280
4086421
4088330
4088378
4089372
4089423
4091962
4092443
4092735
4093226
4093354
4094528
4096829
4097349
4098023
4099111
4099398
4099681
4099809
4100000
4100030
4100063
4100117
4100595
4100727
4100944
4101393
4101731
4101936
4102272
4102876
4103146
4103357
4103680
4104045
4104276
4105198
4105397
4106864
4107925
4109189
4110149
4110265
4111211
4112284
4114716
4115985
4116633
4117103
4117256
4117260
4118804
4119472
4119656
4120885
4121001
4121738
4122748
4123340
4123357
4123904
4124079
4126324
4126413
4126598
4126821
4127073
4128612
4128917
4129957
4130316
4131046
4131139
4131986
4132782
4133144
4133725
4133791
4133858
4133911
4133913
4133925
4133980
4133991
4134049
4134108
4135078
4136959
4139339
4139958
4140596
4141149
4143646
4143955
4144278
4144755
4145489
4146738
4147342
4147556
4147629
4148173
4149492
4150013
4150126
4152340
4153885
4153899
4155029
4155602
4156227
4156507
4158433
4158469
4158648
4160379
4161680
4162163
4163547
4164624
4164753
4165394
4165415
4165416
4167669
4168846
4170263
4171521
4171808
4172494
4172616
4172830
4173043
4173491
4173953
4175163
4175508
4175566
4177463
4178928
4179154
4179190
4179424
4179447
4179932
4182344
4182739
4183553
4183588
4185270
4185333
4185452
4185601
4185608
4185818
4187066
4187112
4187122
4187177
4187358
4188137
4189622
4190122
4190667
4190950
4191446
4192109
4192156
4193425
4195095
4195845
4196460
4196965
4196993
4197217
4198691
4199543
4200370
4200411
4200457
4201352
4203365
4204201
4205406
4205443
4205461
4205624
4205681
4206619
4206646
4206880
4206934
4207089
4207171
4207216
4208387
4209365
4209726
4209960
4210545
4210791
4210985
4212134
4214658
4215006
4215732
4216420
4217704
4218405
4219367
4220679
4220707
4221434
4221683
4221761
4222033
4223493
4223529
4227117
4227652
4227695
4227872
4227998
4228575
4228945
4229059
4229582
4229921
4230148
4230509
4230568
4230572
4230894
4231713
4233077
4233579
4234018
4234201
4235588
4235706
4236706
4237249
4237256
4237307
4237585
4238029
4238743
4238968
4240436
4240754
4241096
4242199
4243233
4243350
4243407
4243856
4243979
4246029
4247034
4248357
4249433
4250780
4254128
4254272
4255247
4255794
4255852
4256221
4257158
4257388
4258555
4259896
4259971
4260392
4262625
4262999
4264092
4267017
4268294
4268927
4268997
4270478
4270835
4271931
4272599
4273898
4274861
4275265
4275393
4275746
4276224
4276547
4276552
4277630
4278395
4278528
4278721
4279776
4279793
4280186
4280418
4281730
4282693
4282844
4283940
4285451
4285577
4286129
4286832
4287741
4288584
4288598
4288779
4289565
4291742
4292135
4292230
4292771
4293088
4293719
4294506
4294783
4294999
4295189
4297114
4297375
4297408
4297480
4297912
4299083
4300228
4300537
4300618
4300924
4301085
4303343
4303763
4303960
4304852
4307261
4307348
4308101
4309185
4309230
4309563
4309781
4310038
4310039
4312825
4313151
4315097
4315332
4315849
4315977
4317098
4318360
4318583
4319406
4320610
4322961
4323040
4323285
4323529
4324091
4324471
4325670
4326698
4326996
4328119
4328970
4329073
4329440
4329711
4330518
4330574
4330679
4330684
4331056
4332615
4333234
4333243
4333589
4336368
4337428
4338990
4340922
4341791
4342784
4342843
4343255
4343289
4343674
4344080
4344267
4345061
4345127
4345187
4345202
4345240
4346056
4346422
4347136
4348053
4349414
4351096
4351157
4351283
4351793
4351958
4353685
4355182
4355267
4355845
4355931
4357554
4357668
4358504
4358734
4359625
4360657
4360676
4362601
4362928
4363588
4364665
4364717
4365505
4365833
4366350
4366388
4366462
4366558
4367962
4368129
4369464
4370076
4371051
4371688
4372839
4373610
4374183
4374316
4374892
4374955
4375503
4376639
4377389
4378181
4381960
4383140
4383423
4385584
4385844
4386047
4386995
4387574
4387640
4389575
4389827
4390113
4391401
4391462
4391707
4391781
4392558
4393248
4393660
4394996
4395480
4395571
4396483
4398791
4399261
4400368
4400399
4400543
4400793
4402568
4403279
4405513
4406452
4408202
4408395
4408854
4409306
4409577
4409678
4410146
4414095
4416316
4416361
4416421
4419480
4420190
4420388
4421915
4425753
4426454
4426660
4427544
4434096
4456522
4456959
4457632
4457821
4459697
4461596
4462865
4463278
4463324
4463672
4463760
4463808
4464073
4464410
4465353
4466286
4466509
4466659
4466710
4467409
4468177
4470204
4470541
4470543
4470707
4471231
4472838
4473464
4474963
4477095
4477776
4479035
4479272
4479374
4479901
4481777
4482235
4482410
4482623
4483783
4483833
4484889
4484958
4485382
4485961
4486680
4486916
4487745
4487842
4488012
4489323
4489773
4490608
4491466
4492078
4492419
4492492
4492941
4494059
4494414
4495080
4495849
4496259
4496355
4497358
4498037
4500510
4504910
4507127
4508053
4508277
4508498
4509444
4510136
4510489
4511921
4513598
4514287
4514822
4516625
4517184
4517223
4517583
4517744
4518115
4518419
4518463
4518770
4519359
4521179
4523604
4524050
4524083
4525062
4526800
4527152
4529643
4529670
4529774
4531105
4531959
4533123
4535643
4536247
4536995
4537274
4537706
4538267
4538498
4540183
4540766
4540768
4541198
4541896
4541971
4542118
4542258
4542818
4542889
4543271
4543730
4543982
4544201
4544214
4544941
4545927
4546156
4548052
4548750
4549492
4549758
4550315
4550342
4551416
4552774
4553102
4553186
4554224
4554571
4554843
4555035
4555813
4555983
4556885
4559079
4559616
4561073
4561631
4561825
4562208
4562497
4563004
4563526
4564587
4564635
4564828
4568544
4569622
4570303
4570392
4570472
4570681
4573014
4574406
4574546
4574595
4574694
4575180
4575595
4575966
4576058
4576663
4577282
4577345
4577889
4578241
4578993
4579987
4580293
4580941
4581206
4581498
4581554
4582437
4584758
4585443
4586342
4586987
4588194
4588381
4588954
4589480
4589535
4590924
4591209
4591310
4591802
4591828
4592226
4592564
4592728
4593195
4594556
4594692
4594953
4595145
4595760
4596722
4598435
4599549
4599681
4600282
4600458
4600650
4601374
4602668
4603543
4603685
4603940
4603991
4604776
4606948
4609356
4609463
4610185
4610311
4610874
4612887
4613021
4613138
4614614
4614615
4615685
4617313
4617741
4618396
4619265
4622513
4622981
4625601
4629340
4630563
4630689
4631164
4631184
4631279
4633149
4633304
4633448
4633885
4634049
4634370
4635177
4635502
4635882
4636044
4636676
4637021
4637260
4637929
4638019
4638272
4639132
4645180
4645519
4645719
4647476
4647602
4648544
4649570
4650315
4650447
4650964
4651988
4652523
4652577
4653534
4653557
4653728
4653818
4654362
4655431
4655532
4655720
4655774
4655780
4657709
4658056
4658071
4658270
4659511
4661233
4661265
4661342
4662017
4662273
4662883
4664389
4664597
4665161
4665344
4666378
4668270
4668389
4668409
4668787
4669321
4669328
4669337
4669486
4670200
4670457
4670624
4670785
4671021
4672293
4672514
4672874
4674289
4675402
4675870
4676259
4676656
4676926
4677908
4678131
4680964
4681167
4683557
4686814
4686890
4687212
4692722
4693253
4695157
4696030
4696606
4697581
4698044
4698863
4701701
4701844
4703241
4703447
4704254
4704903
4708736
4708999
4710133
4710731
4711603
4712601
4712605
4713090
4713794
4714060
4714378
4715392
4716556
4716748
4716820
4717022
4717035
4717119
4717714
4718025
4718169
4718990
4719626
4719857
4720535
4721084
4721878
4722647
4724423
4726218
4726306
4727020
4727283
4728677
4729409
4729854
4730211
4730758
4734107
4734507
4735101
4735219
4735719
4736205
4738089
4738470
4739563
4739822
4740098
4741056
4741668
4742165
4742237
4742518
4743916
4744896
4745444
4748080
4748236
4748662
4749488
4749510
4749988
4751432
4752334
4754860
4754986
4755099
4755163
4755744
4756035
4756647
4756771
4757604
4758433
4758519
4758584
4760486
4762077
4762681
4763266
4763865
4764038
4764261
4764295
4765071
4766335
4766895
4767398
4767584
4768521
4768545
4769476
4770004
4770054
4770069
4770078
4770079
4770151
4770970
4771339
4772351
4773819
4777719
4778948
4779462
4780055
4781352
4782841
4783497
4784012
4784284
4784486
4784973
4784996
4785508
4786014
4788284
4789277
4789303
4789395
4790218
4790483
4791501
4792098
4792700
4792989
4792998
4794232
4794439
4796788
4797192
4797878
4798961
4799534
4801056
4801997
4803244
4803314
4803776
4803839
4804665
4804737
4804747
4805581
4806247
4806254
4806416
4806431
4806995
4807389
4810721
4811982
4813184
4814611
4814859
4816661
4817602
4817747
4817755
4818261
4818676
4819433
4820620
4820768
4821773
4821783
4821786
4823292
4824409
4827224
4828677
4829309
4829412
4829636
4829926
4831118
4831351
4831963
4832279
4832947
4832983
4833239
4833468
4833543
4834769
4835414
4835598
4836083
4837057
4837382
4837571
4837702
4839078
4839948
4839972
4840212
4840329
4840600
4841751
4842002
4842670
4842676
4843672
4844433
4845153
4845599
4846108
4847054
4847287
4847353
4847572
4848944
4848995
4849018
4849087
4849303
4850579
4851301
4852267
4852635
4852894
4853024
4854173
4858320
4858846
4860291
4860920
4861621
4861881
4867359
4867709
4868799
4869312
4870365
4870492
4872167
4872592
4872731
4873215
4873312
4873702
4874160
4874449
4876298
4876811
4877384
4877421
4877877
4877900
4878270
4878980
4880413
4881040
4881959
4882717
4883757
4884275
4884725
4885348
4886951
4888343
4889156
4889936
4891054
4892504
4893453
4893526
4893790
4895166
4895198
4895849
4897106
4897436
4897884
4898011
4898032
4898365
4898959
4900616
4901345
4901519
4901571
4901971
4902637
4902822
4904018
4904528
4907148
4907216
4908132
4909107
4909174
4909906
4909995
4911041
4911803
4912759
4915366
4915394
4915543
4915782
4916781
4917247
4917815
4917941
4921465
4922311
4922464
4924946
4924987
4926176
4926692
4926725
4927654
4929128
4929140
4929201
4929329
4929401
4929475
4929491
4929732
4929838
4930545
4930553
4930707
4931068
4931119
4933154
4933541
4933742
4934236
4934252
4934308
4934755
4934823
4935330
4935525
4935589
4935843
4937067
4937104
4937119
4938618
4939044
4941208
4941565
4942141
4943110
4943559
4943885
4944960
4945920
4947169
4947972
4948875
4949487
4949595
4950032
4950121
4951243
4952234
4952785
4954051
4954346
4954610
4954740
4955256
4955525
4955619
4955686
4955986
4956300
4956580
4956730
4957097
4957464
4957908
4958000
4958288
4958428
4958618
4959254
4959386
4960650
4961211
4961539
4961910
4961919
4961989
4962351
4963166
4963170
4963264
4963408
4964022
4964032
4964192
4965159
4965799
4966298
4966376
4966729
4966734
4967339
4967639
4967851
4968124
4968170
4968495
4968634
4970512
4970695
4971386
4971457
4971711
4971908
4972701
4972710
4972745
4973708
4973854
4974065
4974088
4974779
4975850
4976938
4977142
4977227
4977807
4978143
4978310
4978344
4979291
4979454
4979591
4981022
4981653
4983305
4984432
4984882
4985051
4985771
4986355
4986832
4988624
4988687
4988933
4989212
4990430
4990603
4991577
4991742
4992736
4993120
4993276
4994647
4995387
4995696
4996674
4998730
4998808
4998894
4998960
4998966
4999581
4999596
4999854
5000103
5001017
5002649
5002652
5004014
5004500
5005725
5005809
5006706
5006915
5007358
5007862
5008515
5008632
5009309
5010379
5010460
5011285
5011338
5011514
5012576
5013466
5013626
5014467
5015752
5016333
5018050
5018482
5018607
5020596
5020705
5021371
5021799
5021800
5022331
5022447
5022568
5023089
5023732
5023872
5024188
5024807
5024974
5025443
5025571
5026879
5027123
5027422
5028401
5029606
5030018
5030232
5030673
5031590
5032305
5033929
5034186
5034329
5034908
5034960
5035738
5035765
5036037
5037184
5037200
5037965
5038238
5039683
5039822
5040180
5041800
5041855
5046102
5046426
5046450
5046599
5047548
5047903
5048127
5048799
5048960
5050174
5050865
5051450
5052265
5052720
5053804
5053989
5054096
5055223
5055770
5056267
5057136
5057374
5057879
5058258
5059830
5060781
5061615
5064360
5064670
5067453
5067461
5067687
5068170
5068321
5070156
5070605
5070704
5071584
5072757
5074918
5075266
5075587
5076009
5076057
5076670
5076792
5077789
5078320
5078594
5078673
5079200
5079402
5079625
5081290
5081736
5083535
5084502
5085121
5085813
5086776
5086900
5088185
5088610
5091674
5092898
5094529
5094545
5095315
5095760
5097752
5097775
5098041
5099568
5099923
5100169
5100861
5101249
5101889
5102156
5102167
5102437
5102596
5102717
5103091
5104567
5104666
5105885
5106521
5108550
5109155
5109310
5110145
5111329
5111428
5112035
5112953
5113184
5114354
5115373
5116162
5116734
5117376
5118259
5118570
5119155
5120336
5120574
5122659
5123304
5124549
5124841
5125166
5128281
5129218
5129724
5130839
5130889
5131477
5131907
5134118
5135114
5136618
5136925
5136967
5137248
5138084
5138456
5138596
5139559
5139855
5141120
5141335
5141864
5141890
5142164
5143585
5143771
5143888
5144320
5146160
5147047
5147280
5148036
5149749
5152991
5153276
5155565
5156183
5156855
5157111
5157592
5157754
5158314
5158623
5159064
5159271
5159446
5159674
5160124
5161285
5162369
5162394
5162842
5163060
5163189
5163551
5164122
5164392
5164537
5164715
5164918
5165645
5165698
5166410
5168626
5169288
5169904
5174103
5176831
5177326
5177608
5179222
5179923
5180293
5181327
5182620
5183032
5185416
5187721
5187753
5187988
5188487
5189762
5190049
5190565
5191526
5191911
5192193
5192417
5192478
5192542
5194954
5195275
5197294
5199277
5200743
5201064
5201595
5201750
5201756
5202015
5202035
5202522
5203230
5203633
5204501
5204555
5205494
5207248
5207387
5208139
5209133
5209363
5209652
5209679
5209768
5209894
5209998
5210284
5210456
5212620
5212913
5212934
5212935
5212962
5213458
5213874
5215636
5219340
5221372
5221840
5221991
5222148
5222180
5224502
5225157
5227071
5227580
5228990
5229696
5230668
5230965
5231290
5232095
5232542
5233459
5234989
5235070
5235793
5235910
5236178
5236523
5237139
5237473
5238455
5239063
5239162
5239294
5239485
5240185
5241274
5241279
5241995
5242838
5244016
5246006
5247371
5249585
5254939
5257430
5257491
5258080
5259686
5260463
5260472
5261287
5263934
5264872
5265313
5265995
5266475
5267962
5268260
5268568
5268760
5270156
5270333
5271927
5272481
5272871
5273640
5274025
5274177
5274975
5275013
5275030
5275517
5275589
5275721
5276048
5276193
5276556
5276603
5277044
5277581
5277793
5278288
5278480
5283329
5284146
5284413
5284527
5286540
5287152
5287774
5287975
5289569
5289982
5290175
5290324
5290448
5290980
5291237
5293066
5293916
5294076
5295550
5296364
5297278
5298700
5300994
5302613
5302623
5303133
5303462
5303556
5303565
5303725
5303819
5304256
5305585
5306433
5306602
5308127
5309148
5309178
5310892
5311358
5311406
5311714
5311861
5313331
5314480
5314917
5315170
5315579
5316020
5316911
5317135
5317151
5317239
5318440
5318611
5318633
5319018
5320150
5320871
5322031
5322954
5323142
5325466
5325632
5326405
5326560
5329447
5330983
5331364
5331984
5333023
5333227
5333416
5334604
5334728
5337331
5338146
5338751
5338886
5340892
5340923
5341728
5342151
5342459
5343449
5343858
5343884
5344084
5346273
5347316
5347917
5348513
5350462
5350763
5350911
5351773
5351848
5353344
5354603
5354904
5355259
5355427
5356025
5356298
5356518
5356643
5357226
5357367
5357488
5357622
5357660
5357996
5358067
5361703
5363010
5363050
5363472
5364563
5366037
5366764
5367239
5367309
5367611
5368226
5368769
5368802
5368914
5370064
5370720
5371649
5371692
5372607
5373547
5373611
5374094
5374382
5375566
5377736
5378172
5378651
5378911
5378918
5379656
5380401
5380556
5380729
5380889
5381018
5381078
5381501
5382247
5382434
5382588
5382729
5385186
5386163
5386258
5386740
5386766
5387068
5387825
5388193
5388573
5389049
5389423
5389669
5389771
5391091
5391155
5392027
5392500
5392923
5392926
5394090
5395960
5395994
5396905
5397471
5397560
5398387
5400328
5402344
5402375
5404779
5405517
5405781
5407888
5408550
5409705
5409835
5410646
5411407
5412954
5413392
5414283
5414464
5415045
5415229
5415620
5417507
5418510
5418537
5419340
5420098
5420132
5420363
5420372
5421373
5421565
5423279
5423977
5424880
5425005
5425629
5425962
5427246
5428209
5428274
5428850
5432623
5432967
5433131
5435363
5436572
5436906
5437280
5439553
5440022
5442128
5443516
5444967
5445160
5447032
5447295
5447678
5448751
5456115
5457144
5459931
5464778
5467472
5467841
5469132
5470815
5470898
5471567
5471945
5472370
5473196
5473421
5473648
5474068
5474110
5475200
5475297
5475585
5476085
5476832
5477905
5478949
5479880
5480027
5480315
5482013
5482679
5484149
5485388
5485749
5485804
5486608
5487428
5487555
5487757
5488399
5488479
5488488
5488509
5488938
5489985
5490260
5490294
5490628
5491030
5491999
5492803
5493069
5493537
5494541
5496163
5496557
5498037
5498571
5499113
5499244
5500056
5500403
5501499
5502933
5502935
5503528
5503891
5503997
5504337
5504427
5505313
5505766
5506515
5507714
5508728
5508767
5508882
5508956
5509332
5509786
5510995
5512313
5512524
5512949
5513096
5513408
5515502
5515866
5516433
5516620
5516718
5516914
5517427
5518095
5519254
5520665
5520728
5520807
5521481
5521778
5521906
5522177
5522258
5522969
5523313
5523764
5523999
5524092
5524843
5525548
5526392
5526647
5526695
5527486
5527757
5527853
5528428
5528993
5529081
5529146
5529221
5529248
5529275
5530026
5530509
5530910
5531560
5533231
5533315
5533740
5534235
5535000
5536123
5538418
5538897
5539024
5539456
5539846
5540246
5540524
5541644
5541710
5541762
5541818
5541846
5542406
5542457
5542811
5542885
5544575
5544772
5544777
5545314
5545930
5546281
5546561
5546946
5546948
5548394
5549448
5549488
5549615
5549778
5550542
5552597
5552765
5553186
5553614
5553616
5553994
5554707
5554871
5555980
5556047
5556245
5556366
5557499
5557505
5557855
5558492
5559537
5559569
5559887
5559956
5561355
5561411
5562359
5562913
5563721
5563986
5564130
5564272
5564356
5564566
5565567
5566773
5568640
5569017
5569651
5569751
5571149
5571336
5572436
5572726
5574669
5575146
5575431
5575922
5575952
5576456
5576821
5577032
5577385
5577405
5577468
5577896
5578380
5578710
5579318
5579871
5580457
5581161
5581727
5582052
5582680
5583361
5583746
5584393
5586248
5586983
5587135
5587198
5587264
5588138
5588154
5589198
5589260
5589410
5589678
5589683
5589953
5590187
5590313
5590457
5590572
5590647
5590944
5591122
5591368
5591906
5592551
5593122
5594410
5594455
5598128
5599305
5599342
5599418
5600026
5600202
5600254
5600936
5600945
5601243
5601294
5601298
5601361
5601465
5601542
5601582
5601863
5601893
5602566
5603515
5603547
5603572
5603718
5603940
5604106
5604409
5604915
5605212
5605222
5606045
5606194
5606452
5606531
5607026
5607155
5607252
5607342
5607471
5608120
5608949
5610134
5610374
5610440
5610622
5611367
5611898
5611983
5612339
5612487
5613063
5613380
5613803
5614735
5616387
5617392
5617989
5618961
5619143
5619350
5621048
5622093
5622557
5623283
5625539
5625902
5626526
5626570
5627051
5627312
5628293
5630162
5633308
5633470
5633637
5634048
5635682
5636026
5636314
5636406
5636706
5637481
5637482
5638023
5638114
5638221
5638658
5638888
5639560
5640059
5640410
5641043
5641081
5641218
5641267
5641283
5642001
5642480
5642603
5642874
5642932
5643424
5643767
5643910
5644783
5644973
5645091
5645734
5646098
5646561
5646747
5648963
5649479
5649587
5649608
5649650
5649859
5650116
5650132
5650257
5650499
5650964
5650972
5651256
5651312
5652008
5654080
5655914
5656667
5657204
5657773
5657926
5658474
5659312
5659498
5659521
5659647
5659801
5659848
5659894
5660031
5661450
5661771
5661832
5661849
5663014
5663662
5664403
5665630
5665640
5666407
5667181
5667642
5668105
5668415
5669426
5670394
5670476
5671114
5671796
5672834
5672848
5673450
5673825
5674022
5676613
5676647
5677661
5678240
5678597
5679006
5681443
5682540
5682977
5683306
5685490
5686559
5689085
5689120
5689905
5691171
5693611
5694797
5695056
5695689
5698029
5698038
5698269
5699879
5701513
5702716
5702993
5703853
5704785
5705006
5705727
5707994
5708598
5709201
5709378
5709391
5709735
5709797
5711532
5712065
5714358
5716221
5716505
5717759
5717864
5718329
5718336
5718448
5718594
5719209
5720287
5721077
5722144
5722500
5723280
5724380
5726137
5726352
5726816
5726987
5727453
5727507
5727613
5727623
5727640
5727668
5729606
5729684
5730542
5730787
5731012
5731836
5732013
5732254
5736530
5736640
5737609
5738194
5738232
5738712
5739301
5739962
5740263
5740529
5741738
5741950
5742701
5742941
5743175
5743764
5744118
5744346
5750853
5751694
5751761
5752052
5752295
5752666
5754322
5755645
5755876
5756238
5757597
5757778
5757809
5759264
5760158
5760657
5762148
5762901
5763799
5764840
5764845
5765658
5766709
5766766
5767096
5767431
5767673
5770751
5771358
5771490
5772123
5774283
5774532
5774764
5775193
5776795
5777481
5778589
5778608
5780142
5781922
5783087
5783373
5784048
5784266
5787499
5790318
5791202
5791812
5794380
5794432
5794576
5796177
5798482
5798551
5798618
5799473
5800234
5801094
5801151
5801779
5802016
5802127
5802225
5804126
5804162
5804411
5804873
5805024
5805698
5806163
5806299
5806714
5808203
5808986
5810365
5811009
5812112
5812833
5813228
5813813
5814690
5814718
5816492
5817091
5817425
5818302
5820414
5820677
5821901
5821914
5822526
5824201
5825535
5826655
5827616
5827718
5827988
5828630
5828865
5828890
5829234
5829390
5829685
5830437
5831678
5832722
5833641
5835886
5836140
5837098
5837697
5839481
5841035
5841979
5842336
5843411
5844233
5844393
5845308
5845702
5845869
5846129
5846301
5846476
5847192
5847402
5847560
5848246
5849012
5849822
5850293
5850410
5850424
5851357
5851458
5852365
5852780
5853025
5853657
5853783
5855560
5855756
5856860
5857013
5857120
5857674
5858673
5859266
5859627
5860539
5860821
5860964
5862917
5862958
5864341
5868700
5869482
5869715
5871542
5871887
5873518
5874338
5874352
5876614
5877777
5878152
5878382
5879867
5880068
5880570
5880687
5881106
5882039
5882576
5883651
5883694
5883870
5884462
5884630
5884720
5885610
5886195
5888077
5888079
5889692
5890316
5892140
5892951
5894472
5894989
5895246
5899043
5899483
5899959
5900528
5900861
5900894
5901126
5901376
5901639
5901817
5902802
5904232
5904618
5905031
5905137
5905229
5906836
5907080
5907381
5909245
5909506
5910877
5910954
5911342
5912471
5912587
5912797
5913404
5913441
5913742
5913883
5913996
5914882
5914950
5915044
5915631
5916113
5918707
5918765
5919252
5919402
5919642
5920118
5920900
5921476
5923201
5923281
5923585
5924732
5927293
5930006
5930138
5930311
5930637
5931535
5931811
5932838
5932931
5933166
5934046
5934216
5934755
5936313
5936342
5937011
5937338
5937581
5938562
5938972
5939385
5939537
5939592
5939925
5940532
5940989
5941335
5941593
5942505
5942832
5944044
5944692
5944874
5944922
5946538
5946558
5946851
5948165
5948252
5950262
5950574
5951285
5952482
5953912
5955154
5955637
5955735
5956183
5959789
5959888
5960277
5962852
5963235
5963373
5963631
5964033
5964598
5964647
5964804
5965125
5965311
5965760
5966273
5967467
5967479
5967516
5967763
5968307
5969112
5969238
5969502
5969635
5971014
5971274
5971733
5971760
5972852
5973147
5973371
5973699
5973822
5973871
5974747
5975416
5976704
5977755
5977889
5978786
5979276
5979410
5979515
5979765
5980703
5980802
5981014
5981318
5981416
5981505
5982175
5982570
5982613
5983102
5983386
5983408
5983902
5984558
5987103
5987156
5987178
5987716
5987983
5988156
5988233
5988424
5990198
5991162
5991183
5991472
5991615
5992092
5992231
5992279
5992302
5992508
5992607
5992720
5993198
5993790
5995600
5995705
5995742
5996025
5996569
5996832
5996960
5997510
6003793
6003879
6005507
6006243
6006955
6009605
6010487
6013036
6014429
6014874
6015546
6016796
6017704
6019157
6020883
6020906
6021323
6022261
6022403
6022871
6022910
6022929
6023522
6024182
6024413
6024502
6024763
6024908
6025158
6025185
6025315
6025966
6026534
6026697
6026727
6027440
6027524
6029022
6029709
6030536
6031303
6031315
6031645
6032858
6034026
6034656
6034737
6036055
6037600
6040130
6040459
6041179
6041446
6041673
6042693
6043358
6044122
6046719
6048015
6048168
6048917
6049333
6049593
6049708
6051939
6052093
6052152
6054336
6056138
6056364
6056654
6056856
6056898
6056977
6059732
6060512
6061214
6061294
6061805
6062334
6062522
6062722
6062738
6062808
6063295
6063511
6063625
6063899
6063987
6064024
6064564
6065884
6066363
6066590
6066602
6066727
6066771
6067069
6067406
6069146
6070409
6072306
6072851
6075380
6075411
6078260
6082967
6083046
6083427
6084621
6084902
6084983
6087216
6088423
6089092
6090383
6090478
6091170
6091173
6091864
6092118
6094305
6094900
6096993
6097474
6097684
6098131
6098146
6099218
6099321
6099725
6100361
6100846
6100955
6101374
6101747
6102047
6102965
6103839
6104303
6106391
6107064
6107390
6107985
6109954
6110729
6112036
6113161
6114163
6114718
6117157
6122274
6122712
6123017
6123338
6123709
6123710
6124513
6124980
6126390
6128102
6128421
6128472
6130403
6135993
6136573
6137960
6138436
6138670
6140988
6141051
6143059
6143328
6143355
6144039
6145496
6145647
6146303
6146489
6147196
6147289
6147349
6147602
6149202
6150198
6150543
6151203
6152682
6152920
6153579
6153598
6153822
6154971
6155678
6156001
6156797
6156804
6157475
6158179
6158717
6159621
6160333
6161483
6162068
6163080
6163736
6165144
6165602
6167817
6168543
6168756
6168827
6169157
6169500
6169774
6169785
6172468
6172981
6174402
6174498
6175104
6175456
6175809
6175816
6177121
6178181
6178268
6179116
6180610
6180955
6180972
6181409
6181628
6181956
6182112
6182139
6183230
6183632
6184820
6184951
6185202
6185729
6185780
6186880
6187509
6187668
6188040
6189779
6190602
6190827
6191609
6192439
6192787
6193604
6193753
6193782
6194930
6195301
6195582
6199047
6199263
6201626
6201940
6202628
6203099
6203427
6203706
6203925
6205383
6207042
6207205
6207318
6207977
6209500
6209646
6210043
6210437
6210523
6211607
6212618
6212642
6214145
6215169
6215905
6216602
6217227
6217334
6217463
6217752
6218117
6221783
6222288
6222918
6223065
6224024
6224670
6226762
6228652
6229353
6231639
6231729
6233628
6234512
6235593
6235681
6236016
6236142
6237036
6237299
6237955
6239035
6239838
6241912
6242343
6242914
6243026
6243640
6243754
6244273
6244439
6245313
6246046
6247838
6248238
6248484
6248879
6249058
6249608
6249702
6250226
6251072
6251599
6251639
6251938
6252161
6252460
6252688
6253076
6253627
6254053
6254116
6254338
6255158
6256308
6256888
6256899
6257343
6257434
6257645
6257800
6258159
6260095
6261488
6261524
6261887
6262023
6262340
6262576
6264306
6265086
6265206
6265589
6265640
6266601
6266641
6267566
6267593
6268280
6269129
6269778
6270159
6271179
6271359
6271941
6272915
6273820
6274016
6275245
6275375
6276808
6277586
6278127
6278337
6278547
6279803
6279898
6280686
6283378
6283495
6283608
6283822
6285956
6286153
6287056
6287191
6287760
6287928
6290541
6291975
6292556
6294960
6295592
6298088
6299508
6299542
6299586
6300637
6300648
6301892
6301936
6302163
6302503
6302662
6302818
6302973
6304059
6304170
6304611
6304763
6305647
6306658
6307566
6308083
6308147
6308159
6308513
6308603
6309012
6309201
6309989
6310466
6311111
6311745
6311928
6313310
6314015
6314028
6314822
6314984
6315340
6318273
6318515
6318680
6318965
6321999
6322432
6322520
6322857
6322882
6323087
6323988
6324043
6324156
6324222
6324381
6324627
6325126
6325580
6325752
6327259
6327490
6328124
6328549
6329158
6329805
6330344
6331133
6331547
6332123
6333067
6333323
6334221
6334496
6335875
6336909
6338762
6340855
6341394
6341603
6342210
6343732
6344437
6345247
6345313
6345315
6345404
6346271
6346653
6347217
6347868
6348149
6349031
6349638
6350561
6350724
6350904
6351229
6351988
6353115
6353356
6355519
6355660
6356008
6356165
6356466
6356814
6358200
6359107
6359599
6359840
6360874
6362615
6362828
6362843
6364615
6366420
6366471
6366536
6367568
6367901
6368802
6369965
6378084
6378149
6378970
6379712
6380577
6380748
6381089
6381656
6383202
6384401
6385686
6386269
6386508
6387220
6387339
6388179
6388660
6389674
6390469
6390867
6390976
6391351
6391390
6392059
6392093
6392429
6393389
6393989
6394248
6394922
6398454
6398516
6398606
6400608
6400660
6401066
6401140
6401530
6401560
6401869
6402497
6403698
6404747
6404930
6405782
6406479
6406869
6407310
6407372
6407731
6407790
6408231
6408392
6410117
6411054
6413205
6413245
6413347
6414544
6415110
6418046
6419665
6419995
6420292
6420533
6420801
6420808
6421015
6422079
6422418
6422875
6422914
6423459
6423575
6423912
6424326
6424643
6424875
6424925
6425079
6425816
6425906
6426169
6426744
6426839
6427071
6427413
6427503
6427731
6427751
6428934
6429811
6430726
6430855
6430972
6431679
6431905
6431933
6432286
6432506
6433091
6433265
6434074
6434367
6434407
6435069
6435565
6435594
6435916
6436170
6436257
6436426
6436578
6436648
6436720
6437205
6437369
6437741
6437909
6437944
6438225
6438257
6438264
6438597
6439784
6439971
6440697
6440921
6441066
6441348
6442292
6442725
6443126
6443302
6443449
6443566
6443621
6444769
6447138
6448324
6448520
6449327
6449415
6449580
6450062
6450238
6450886
6450930
6451452
6451605
6451653
6451812
6451950
6452081
6452727
6452995
6453033
6453293
6454085
6454117
6454924
6455092
6456215
6456501
6456611
6456881
6457169
6459160
6460136
6460968
6461247
6461375
6461956
6462347
6462828
6463842
6464808
6464908
6466132
6466535
6467573
6467623
6467912
6468158
6469855
6471473
6471485
6472039
6472616
6473518
6474669
6475404
6475458
6475666
6475690
6475721
6476163
6476191
6476556
6476573
6477623
6478255
6478346
6478446
6478484
6478657
6478896
6479354
6479743
6480926
6481574
6482615
6482861
6483806
6483848
6484149
6484773
6485785
6486675
6487050
6487901
6488487
6488861
6488974
6488992
6490120
6490285
6490563
6490609
6490730
6490837
6491044
6493139
6493677
6494077
6494082
6494185
6494460
6495247
6495820
6496115
6497347
6498781
6500143
6500617
6501138
6501883
6503189
6504755
6506074
6506345
6507089
6507543
6507589
6507665
6508009
6510129
6512955
6513029
6514337
6515457
6515677
6516234
6516765
6517066
6519058
6519915
6520614
6520622
6520868
6520919
6521132
6522059
6522124
6522373
6523827
6524064
6524159
6524593
6525595
6525596
6526165
6526621
6526672
6527610
6527694
6528243
6528256
6530841
6531306
6531560
6531830
6532550
6533596
6534804
6535102
6535732
6535774
6536037
6536923
6537052
6537091
6537305
6538527
6538548
6539445
6539670
6539854
6540146
6540456
6540651
6540656
6541878
6542229
6543575
6543672
6544281
6544392
6544720
6544818
6545002
6545025
6545026
6545278
6546252
6546297
6546310
6546535
6546628
6546715
6547132
6547205
6547264
6547292
6547522
6547615
6548007
6548818
6549421
6549424
6549529
6549692
6550064
6550305
6551051
6551225
6551610
6552216
6552505
6552843
6552858
6553039
6553419
6554942
6556136
6556604
6556851
6557051
6557225
6558288
6559365
6559679
6559877
6561327
6561926
6562079
6562108
6562352
6562468
6562728
6562782
6563231
6563646
6563970
6564172
6564254
6564352
6564536
6564617
6564788
6564918
6565107
6565300
6565927
6566200
6566403
6566653
6566769
6567001
6567164
6568100
6568967
6569518
6569947
6569997
6570023
6570477
6570489
6570760
6570853
6571095
6571111
6571408
6572252
6572334
6572712
6573226
6573267
6573357
6573403
6574368
6574604
6574829
6574941
6575187
6575794
6575812
6576098
6577446
6577680
6578017
6578087
6578205
6578465
6578603
6578652
6578921
6579104
6579189
6579261
6579343
6579366
6579490
6580979
6581096
6581342
6581537
6581630
6581672
6582504
6582849
6583522
6583746
6584349
6585118
6586285
6586587
6587187
6587922
6590081
6590794
6591071
6593254
6593415
6593656
6593711
6593749
6594098
6594411
6594417
6595216
6595336
6596374
6596407
6597655
6599123
6599173
6599929
6600412
6600574
6600722
6600973
6601162
6601603
6601897
6602395
6602430
6603191
6603306
6604003
6604404
6605274
6605382
6605958
6606035
6606187
6606540
6606954
6608974
6609104
6609748
6610218
6611078
6612784
6612948
6613671
6614606
6614913
6614922
6615358
6615403
6615410
6615568
6615899
6616122
6617185
6617811
6617915
6618386
6618985
6619451
6619615
6620055
6620487
6620488
6620739
6621144
6621162
6621632
6621865
6622666
6623352
6624051
6624094
6624599
6624766
6624870
6624992
6625561
6626610
6626662
6627300
6627680
6627832
6628119
6628223
6628236
6629470
6629804
6630554
6631014
6631490
6631637
6633334
6633668
6634258
6634445
6635407
6635561
6636301
6639622
6640433
6640995
6641104
6642590
6642962
6644207
6645495
6646264
6647190
6647276
6647324
6649412
6649718
6650067
6651909
6652065
6652241
6652806
6653940
6654469
6655348
6657504
6658607
6659413
6660380
6662902
6662986
6663260
6663351
6663999
6664217
6665873
6667087
6670061
6670570
6670885
6671003
6671146
6671151
6671219
6671293
6671734
6672807
6673128
6673613
6673888
6674426
6674563
6676792
6677648
6677783
6678253
6678638
6679048
6680578
6681586
6681814
6682785
6683614
6683698
6684154
6684277
6684388
6685529
6685854
6688264
6688900
6692125
6692600
6692872
6693202
6693291
6693845
6694041
6694351
6694775
6694998
6695091
6695543
6696051
6696153
6696283
6696801
6697554
6698022
6698189
6698381
6698397
6699800
6700078
6700181
6700188
6700538
6700791
6700847
6701495
6701607
6701740
6702637
6702751
6702939
6702991
6703613
6705652
6705761
6706527
6708727
6709182
6710329
6710614
6710708
6713251
6713840
6714386
6714863
6715270
6717855
6720820
6721416
6725211
6727004
6728155
6730200
6733928
6734787
6734871
6735741
6735749
6737151
6737618
6739354
6741598
6743245
6743539
6744294
6745111
6745318
6746322
6747034
6749381
6751043
6752803
6753629
6753799
6754070
6755941
6757413
6757964
6758379
6758487
6758664
6758706
6758725
6758877
6758982
6759071
6759319
6759361
6767257
6767630
6767988
6768001
6768035
6768248
6768552
6770062
6770776
6770834
6770942
6772454
6774535
6775129
6775729
6777453
6778371
6778619
6779591
6781651
6783392
6785853
6786729
6787569
6788763
6791852
6792349
6792636
6793108
6793156
6794524
6794731
6797370
6797552
6798028
6798040
6798846
6799827
6800578
6801090
6801169
6801238
6801434
6801925
6803618
6804732
6806049
6809056
6809818
6810507
6813063
6813133
6813327
6814892
6815941
6815965
6816101
6816453
6816713
6816840
6817161
6817282
6817811
6818500
6818621
6821044
6821174
6821189
6824204
6824657
6824773
6825280
6826188
6826279
6826587
6828245
6828976
6832275
6833285
6835814
6836570
6837277
6837496
6837583
6838224
6838351
6839315
6839331
6839498
6840286
6840946
6840953
6845441
6845524
6847352
6847770
6849155
6850198
6850879
6853097
6853346
6853353
6853961
6854595
6856317
6856606
6857344
6861029
6861453
6861840
6862971
6863444
6864061
6864294
6864985
6865638
6866332
6867424
6867817
6869953
6871465
6872090
6872578
6873429
6874289
6874455
6875426
6876326
6876905
6877212
6878025
6878617
6879072
6879515
6880268
6880423
6881703
6881884
6882180
6882674
6882741
6883511
6884128
6885154
6885672
6888017
6889038
6889737
6891175
6891608
6891785
6891859
6893063
6893232
6894388
6894602
6896883
6897438
6898076
6898518
6898906
6899065
6899584
6899742
6900751
6901226
6902188
6902499
6903443
6905001
6905122
6905769
6908700
6909110
6909440
6910295
6911316
6911411
6912239
6912620
6913042
6913059
6913299
6913736
6914067
6914454
6916629
6918886
6919205
6919577
6921830
6922006
6922448
6923032
6923384
6924752
6926117
6928771
6931133
6931893
6932865
6933265
6933769
6934929
6935661
6936078
6936355
6936571
6936696
6937466
6938227
6938535
6939217
6940460
6941659
6941760
6941937
6945412
6947110
6947980
6948474
6948650
6949455
6949966
6951289
6952560
6952590
6954691
6955157
6955365
6955808
6956250
6957877
6958059
6958203
6958213
6960460
6961895
6961964
6965145
6965368
6965389
6965838
6966104
6966468
6966573
6966605
6967167
6968029
6968885
6969052
6970156
6970890
6971304
6972992
6973322
6977199
6980057
6980273
6982559
6982584
6982851
6982929
6983067
6983132
6983806
6984763
6984859
6984918
6984955
6985345
6985637
6986248
6987192
6987304
6988530
6988582
6989801
6990140
6990728
6992265
6992385
6993881
6994061
6994101
6994233
6994750
6995217
6995573
6995982
6997926
6998027
6998088
6998244
7000755
7000981
7001962
7002045
7002064
7002766
7003142
7003355
7003492
7003776
7003903
7004677
7005189
7006725
7007176
7007294
7008728
7008928
7008979
7009877
7010215
7010615
7010941
7012191
7013319
7013486
7013875
7014038
7015221
7015261
7015523
7015710
7016794
7016815
7017115
7017240
7017977
7018310
7019598
7020068
7020385
7021172
7022117
7022341
7022780
7023080
7024116
7024164
7025200
7025555
7025616
7026196
7027293
7027623
7027710
7028207
7029977
7030283
7030449
7030628
7031489
7031606
7031624
7031688
7032173
7032379
7032424
7032484
7032931
7033000
7033404
7033672
7033879
7034013
7034180
7034603
7035595
7035830
7036204
7036651
7036703
7036836
7037541
7038566
7038752
7038969
7039044
7039049
7039165
7039807
7039849
7039870
7039916
7039955
7040061
7040100
7040387
7040518
7041416
7043568
7044013
7044866
7045277
7045366
7046184
7046792
7046953
7047187
7048577
7049106
7049445
7050246
7051038
7051139
7051273
7051468
7052067
7052124
7052349
7053850
7054241
7054628
7056209
7057404
7058406
7058871
7060803
7061271
7061419
7062700
7063041
7063048
7063225
7063304
7063670
7063840
7064049
7064414
7064752
7065179
7066002
7066082
7066179
7066713
7068112
7068483
7068941
7069001
7069125
7069298
7069994
7070675
7070930
7071502
7071543
7071718
7072694
7073182
7073371
7073793
7073844
7073949
7075087
7075580
7076071
7076273
7076849
7076920
7077100
7077216
7077322
7077963
7078730
7078878
7078948
7079022
7079183
7080728
7080866
7081639
7082073
7082319
7083141
7084342
7084446
7084649
7084877
7085615
7085639
7085776
7087364
7087517
7087946
7088062
7088276
7088678
7088882
7089493
7089536
7089834
7089976
7090205
7090274
7090585
7091012
7091292
7092034
7092657
7094557
7095556
7096529
7096957
7097224
7097471
7098093
7098371
7098886
7098888
7099077
7099519
7099752
7099869
7100362
7100584
7103337
7103592
7104594
7105731
7108298
7108855
7109423
7109720
7109921
7110513
7110550
7111657
7112972
7113663
7113776
7114010
7114464
7114617
7114917
7114929
7115243
7115297
7116302
7116607
7116852
7117105
7117563
7118245
7119242
7119330
7120380
7120439
7121016
7122401
7122440
7123212
7124937
7124989
7125842
7125931
7125964
7126186
7126608
7127045
7129633
7131046
7131709
7132199
7132204
7132260
7132389
7132484
7132980
7133215
7133710
7133842
7134484
7134743
7134843
7135724
7136276
7136619
7137782
7139014
7139730
7140227
7141254
7141459
7141879
7141941
7142159
7142483
7142486
7142997
7143412
7144456
7144995
7149090
7149613
7149962
7150165
7150172
7150789
7151508
7153484
7153492
7161340
7161953
7162669
7164404
7166714
7167577
7167642
7168329
7168575
7169247
7170469
7170801
7170861
7171525
7171705
7172509
7172877
7173261
7173758
7175528
7177607
7178069
7179073
7181557
7184905
7185360
7185678
7187221
7187611
7187853
7188120
7188155
7188893
7189599
7191262
7191568
7192298
7192799
7194454
7196731
7199583
7199785
7200283
7200539
7201672
7201769
7205461
7205782
7206367
7207367
7207419
7207796
7208360
7208652
7209008
7209515
7209646
7210158
7210164
7210696
7210866
7211303
7212129
7212542
7212687
7212932
7213006
7213717
7213787
7217395
7220127
7222849
7223423
7223639
7223731
7224081
7224193
7224229
7224369
7224856
7226063
7226273
7227546
7227966
7229320
7229624
7229846
7230041
7230476
7230803
7231312
7232541
7232710
7232736
7234676
7235251
7235326
7235509
7235787
7236468
7236774
7236970
7237010
7237520
7238541
7238624
7238674
7238917
7239133
7239466
7239691
7239715
7239882
7239904
7241630
7241880
7242860
7243188
7243193
7243324
7243400
7243595
7243703
7243766
7243824
7244890
7245528
7245823
7246454
7247056
7247717
7248781
7249030
7249307
7249714
7250104
7250133
7250214
7250816
7251362
7251422
7251758
7252458
7252635
7252902
7253284
7254623
7255383
7256714
7257073
7257103
7257634
7259203
7260173
7261172
7262660
7263264
7263996
7264742
7264779
7265433
7265634
7266053
7266749
7267900
7267969
7268193
7268224
7268433
7268874
7269272
7270197
7270637
7271476
7271507
7271532
7271867
7271881
7271950
7272128
7273912
7273986
7275494
7275555
7277354
7278231
7279602
7279704
7281106
7281169
7282670
7282682
7283129
7283211
7283337
7283493
7283543
7284750
7285357
7285732
7287798
7288327
7289096
7289334
7289979
7290228
7290697
7291893
7292800
7292809
7293101
7293335
7293636
7293934
7294379
7294387
7294469
7294711
7295194
7295210
7295284
7295375
7295963
7295973
7297021
7297769
7298488
7301362
7301412
7302679
7303001
7303590
7304302
7304733
7305054
7306038
7306170
7306211
7310469
7310694
7310910
7312437
7312471
7313988
7314768
7315201
7315397
7316501
7317505
7317685
7318651
7319012
7320430
7321501
7322052
7322247
7322364
7322514
7322578
7324599
7326881
7327366
7327720
7330516
7331004
7333895
7334894
7335663
7336646
7336752
7338977
7340269
7340725
7341228
7344921
7345176
7345391
7345519
7348343
7348382
7349132
7351420
7351603
7352131
7352421
7353346
7353699
7353820
7354932
7355198
7355389
7355724
7359772
7361287
7362359
7362385
7363949
7364530
7367395
7367875
7368208
7369734
7370364
7370592
7370864
7371047
7372453
7372618
7372891
7372998
7373979
7374058
7374282
7375477
7377043
7377240
7377448
7378527
7378593
7379100
7379870
7380012
7380021
7380170
7380599
7381449
7382105
7382972
7383238
7386350
7386460
7387398
7387984
7388172
7389231
7389459
7391380
7399472
7399631
7403035
7403381
7405238
7407636
7408051
7408131
7408149
7408182
7409279
7409496
7410445
7411292
7411428
7412138
7413056
7413307
7413763
7415437
7416220
7416376
7416507
7416592
7416613
7417133
7418138
7421064
7422772
7423197
7423238
7423561
7424255
7425419
7426883
7428362
7429926
7430266
7430862
7431569
7432171
7432643
7434674
7434883
7437626
7437696
7439642
7441272
7441624
7441638
7442123
7442942
7443143
7443334
7443955
7443956
7444309
7444396
7444539
7445845
7446850
7447095
7447422
7447531
7447712
7448663
7448873
7448941
7449568
7450008
7450049
7450128
7450242
7450464
7451387
7452114
7453348
7453414
7454615
7455271
7455287
7455401
7455847
7456508
7456599
7456681
7456757
7457190
7457647
7457947
7458245
7458473
7458503
7458764
7458891
7459619
7459742
7460343
7460435
7460779
7461048
7462034
7462382
7463262
7463429
7463776
7463815
7463967
7464047
7464865
7465561
7465916
7466279
7466463
7466497
7466856
7468161
7470221
7470257
7471674
7471967
7472606
7472947
7473736
7474112
7474410
7475430
7475560
7475941
7476373
7477541
7477770
7478580
7478592
7479321
7479854
7480294
7481009
7481572
7481627
7481834
7481967
7483199
7484177
7484936
7485117
7485888
7486065
7486265
7486882
7486963
7486983
7487116
7487242
7487981
7489287
7489484
7489692
7489768
7489852
7490274
7492123
7493080
7493308
7494808
7496064
7496916
7497605
7498215
7500270
7500598
7501410
7501680
7502432
7503164
7503597
7503919
7504083
7504121
7505357
7505772
7506883
7507613
7508037
7508130
7508371
7508816
7510173
7510430
7511203
7511843
7512090
7512148
7512274
7512447
7512450
7512480
7512485
7514083
7514356
7515613
7515759
7516150
7516383
7516630
7516795
7517418
7517429
7518186
7518395
7519264
7519277
7519814
7520449
7520490
7520673
7521004
7521088
7521177
7521376
7521549
7521882
7522284
7523185
7523270
7525008
7525356
7525602
7525764
7525774
7526112
7527079
7527115
7527200
7527215
7527919
7527948
7529159
7529529
7529554
7530350
7530815
7531330
7531395
7532066
7533309
7533814
7534119
7534213
7534244
7535838
7536761
7537366
7538001
7538303
7539285
7540151
7540697
7541066
7541690
7541791
7541829
7542382
7542545
7542741
7543234
7543376
7543473
7544535
7544762
7544776
7545232
7545255
7546103
7546268
7546730
7547148
7547226
7547864
7548998
7549971
7550592
7550785
7551070
7551895
7552462
7552771
7553195
7553519
7553884
7554086
7555189
7555448
7555500
7556423
7556427
7556543
7556862
7558653
7558819
7559036
7560085
7560365
7560463
7560473
7560493
7563657
7563941
7564032
7564301
7565799
7566107
7567610
7567672
7571231
7571766
7572866
7573268
7576381
7578292
7578428
7579088
7580827
7583689
7584427
7585137
7585341
7585383
7586645
7586718
7586961
7587663
7589164
7593162
7593440
7593878
7593942
7594762
7595386
7595441
7596478
7596547
7597716
7598840
7599348
7599778
7600310
7601971
7602062
7602345
7603228
7603327
7603814
7604176
7604191
7604201
7604672
7604814
7605190
7605920
7606416
7606562
7606594
7608021
7608233
7608308
7608387
7608848
7608933
7609552
7609767
7612132
7613877
7614478
7614711
7615884
7615964
7616222
7617018
7617635
7617677
7618028
7618388
7620029
7621166
7621612
7623043
7623261
7623601
7623903
7626881
7627854
7629048
7629362
7630206
7631697
7632416
7633863
7636458
7640246
7641898
7643592
7643987
7644102
7644880
7649397
7650046
7650522
7653013
7653339
7654335
7657302
7657411
7657573
7657644
7660363
7660536
7660902
7662929
7664262
7666566
7667016
7667481
7667981
7668397
7668939
7672225
7672490
7672747
7674369
7675562
7675590
7676215
7676363
7677194
7678230
7679463
7680026
7681540
7681542
7682267
7683243
7683858
7684061
7684099
7685627
7687194
7689758
7691048
7691113
7692483
7695584
7695841
7696038
7696417
7698522
7699456
7700360
7700714
7700952
7701266
7701381
7701511
7702091
7702208
7702550
7703326
7704024
7704072
7704901
7705218
7705985
7706056
7706335
7706360
7706705
7706900
7706915
7707023
7707525
7708214
7710187
7710332
7710704
7710746
7711155
7711447
7712027
7712224
7713822
7714008
7715669
7715726
7715985
7716057
7716173
7716230
7716959
7717706
7718059
7719287
7720828
7721296
7722491
7722767
7722921
7723140
7723332
7723381
7723912
7724277
7724812
7726991
7727832
7728398
7728523
7730486
7730667
7730714
7731000
7731592
7731745
7732521
7732786
7733544
7733575
7733998
7734784
7735357
7736668
7736791
7736924
7737201
7737283
7737290
7737776
7737909
7738916
7739544
7739580
7739728
7740105
7740308
7740450
7741943
7742091
7743118
7743806
7743814
7744720
7745447
7745957
7745975
7746256
7746898
7747048
7747120
7747706
7748041
7748281
7748344
7748611
7750016
7750022
7750834
7750999
7751139
7751352
7753344
7753628
7754683
7755016
7755276
7755531
7756977
7758546
7758837
7759146
7759602
7759649
7760053
7760091
7760171
7760222
7760646
7760654
7761603
7763195
7763742
7764815
7765147
7765175
7765240
7765806
7765989
7766161
7766215
7767155
7767344
7767482
7767596
7767608
7767941
7768373
7769596
7769685
7769880
7770208
7770384
7771222
7771699
7771773
7772037
7772091
7772696
7772968
7773029
7773970
7774084
7774866
7775143
7775912
7777859
7778325
7778448
7778596
7778834
7778900
7779849
7781014
7781395
7781457
7782990
7783101
7783180
7783196
7783435
7783574
7783883
7783935
7784033
7784742
7785192
7785513
7786127
7786275
7786468
7786994
7788537
7788860
7789352
7790191
7790671
7794328
7795249
7795721
7796114
7796815
7797070
7797382
7797440
7797584
7799082
7799709
7800140
7800391
7801054
7801516
7801924
7802268
7803316
7803404
7804466
7804501
7806043
7806097
7806486
7808640
7809539
7810037
7810341
7811020
7812768
7815308
7816261
7816915
7819616
7820175
7820712
7820918
7821200
7821210
7821819
7823326
7823398
7824503
7824557
7824845
7825632
7827300
7830699
7830754
7830943
7830950
7831461
7832370
7833367
7834314
7834612
7835734
7835975
7838415
7838425
7838465
7839695
7840060
7840359
7841468
7841848
7841893
7842138
7842446
7842759
7842770
7842857
7843109
7843396
7843937
7846171
7846749
7847298
7847759
7849004
7849901
7851450
7851583
7854034
7855625
7858467
7858894
7858921
7859118
7859542
7860543
7861265
7861363
7862303
7862546
7863850
7864093
7864509
7864532
7865270
7865368
7866696
7867085
7867513
7867665
7868143
7868994
7869120
7870951
7872744
7872996
7873098
7873260
7873266
7873269
7873634
7874075
7874399
7874760
7876106
7876123
7876254
7876335
7877057
7877695
7878028
7879461
7879562
7879951
7880523
7880553
7881012
7881224
7881611
7881794
7883334
7883743
7883998
7884167
7884861
7884877
7884936
7884944
7884959
7885021
7885272
7885445
7885493
7886769
7887866
7888065
7888141
7888827
7888951
7888953
7889003
7889342
7889449
7889782
7890299
7890317
7892915
7893947
7895243
7896405
7896651
7897281
7897616
7897682
7897685
7897809
7898627
7900209
7902301
7902327
7902512
7903572
7904235
7904885
7905300
7905668
7905763
7905945
7906069
7906097
7906476
7906708
7908299
7908459
7909258
7910359
7911454
7911748
7912568
7912917
7913415
7913443
7913857
7914708
7914807
7915740
7916195
7916378
7916642
7916733
7917428
7917861
7918344
7918704
7919630
7921393
7922402
7923278
7923807
7924134
7924884
7925846
7927820
7929177
7931481
7933251
7933377
7933602
7933918
7935546
7936002
7936589
7936602
7936968
7937095
7938273
7938498
7938525
7939447
7940790
7941347
7942177
7944035
7944181
7944527
7944610
7945848
7945943
7946419
7949028
7949242
7949809
7950707
7951130
7951749
7951932
7952605
7952686
7952866
7952902
7953076
7953175
7955994
7956251
7956892
7958548
7960626
7960975
7961785
7962080
7962588
7963035
7963103
7963343
7963595
7963931
7964203
7964305
7965335
7966073
7966462
7967122
7967935
7968279
7969286
7970565
7970917
7970948
7971712
7972136
7972414
7972455
7972613
7972931
7972949
7974028
7974251
7974473
7974494
7974619
7974839
7975273
7975275
7975447
7975619
7975877
7976270
7976740
7977122
7977328
7977597
7977654
7977689
7978174
7979878
7979980
7980547
7980581
7981112
7982803
7983142
7983341
7984013
7984155
7985955
7986040
7986314
7986331
7986407
7986642
7986924
7986972
7987033
7987117
7987187
7987528
7988334
7988338
7988399
7989387
7989576
7990384
7990618
7991207
7991604
7991890
7992876
7993291
7993970
7993997
7994342
7994708
7995031
7995689
7997116
7997373
7998130
7998331
7998479
7998703
8000573
8000998
8002112
8002623
8004721
8004790
8005046
8005357
8005485
8006458
8006668
8007832
8010523
8011526
8012128
8012173
8012459
8012775
8013195
8013342
8014085
8014711
8014955
8015410
8018950
8020017
8021470
8022117
8022123
8023090
8023733
8023915
8024632
8025098
8025507
8025836
8025893
8026053
8026235
8026786
8026970
8027257
8028007
8028721
8029358
8029469
8030456
8030541
8031998
8032642
8033884
8034748
8035104
8035897
8035934
8036456
8036583
8036740
8037988
8038150
8039759
8039801
8039847
8043763
8048023
8049715
8050918
8051548
8051564
8051947
8053469
8053788
8054059
8055556
8056603
8056957
8059541
8061205
8061636
8063666
8063738
8064182
8064737
8065396
8065715
8065873
8066161
8066754
8067049
8067077
8067614
8069883
8071410
8071689
8071693
8072115
8074604
8076214
8077073
8077838
8078481
8079520
8080321
8081819
8082882
8084718
8086200
8086980
8087826
8088390
8088461
8088750
8090013
8090128
8090330
8090520
8090546
8090773
8091409
8092157
8092654
8092943
8093372
8093415
8093519
8093683
8094352
8094635
8095157
8095241
8095498
8095516
8095649
8095737
8096133
8096632
8096650
8096655
8096728
8096961
8097584
8097669
8097712
8098062
8098199
8098240
8098326
8098983
8100227
8100720
8100870
8100899
8101638
8101681
8102307
8103019
8104192
8104335
8105285
8105424
8105492
8105564
8106465
8106696
8106896
8108007
8108444
8109183
8109304
8109535
8110083
8110200
8110237
8110567
8111067
8111376
8111484
8111698
8113020
8116572
8116967
8118700
8119032
8119086
8119941
8123944
8125397
8126595
8126621
8126692
8127622
8128830
8128966
8129260
8129307
8129872
8130150
8130309
8130432
8130552
8130619
8130864
8131965
8133098
8133128
8133292
8134166
8135022
8138323
8143267
8143522
8145021
8145639
8147266
8148688
8148702
8149521
8149968
8150033
8151205
8152105
8152278
8152749
8153025
8153269
8154018
8156288
8156468
8156470
8156913
8157096
8158233
8158601
8159469
8159599
8159659
8159741
8159956
8160026
8160862
8161294
8161898
8161918
8162188
8162509
8162946
8163188
8163604
8163623
8163698
8163731
8164385
8164546
8165621
8166104
8166593
8167952
8169011
8169346
8169794
8171224
8171264
8172781
8173416
8173835
8175119
8175503
8176299
8177069
8177390
8178014
8179348
8179882
8180525
8180733
8180863
8181249
8183303
8184073
8185094
8185722
8185935
8187589
8188190
8190343
8191079
8193707
8194439
8194999
8196244
8196560
8196785
8197348
8197877
8198318
8198664
8199576
8199694
8199743
8201464
8201696
8201971
8203935
8205565
8206483
8206524
8207005
8207339
8207745
8207955
8208513
8208608
8209683
8215045
8215606
8217108
8218371
8220381
8220383
8220487
8220737
8220772
8221270
8221454
8221599
8222312
8222350
8224023
8224090
8224638
8224760
8225209
8225823
8225983
8226815
8227412
8227526
8227579
8228121
8228496
8228878
8229108
8229522
8232591
8232639
8233336
8237712
8237898
8239350
8239358
8239819
8240548
8241398
8242345
8242784
8243081
8243365
8243901
8243932
8244541
8244926
8245388
8245902
8246080
8246763
8247469
8247736
8247875
8248083
8249188
8249495
8249672
8249908
8251165
8251743
8253557
8254667
8255358
8255405
8255971
8256367
8256428
8256618
8257025
8257191
8257526
8257528
8257646
8258000
8258180
8258819
8260577
8260985
8261576
8261851
8261882
8262466
8262724
8262791
8262942
8263023
8263397
8263655
8263738
8265353
8267059
8267285
8267389
8268346
8269483
8269530
8270080
8270168
8270444
8272194
8272201
8272524
8272571
8273240
8274014
8274028
8274896
8276613
8278015
8278292
8278570
8279404
8280176
8280324
8280947
8281175
8281734
8282156
8282447
8282792
8283159
8283529
8284256
8284277
8284729
8284811
8285328
8285378
8285739
8285888
8286421
8286930
8287310
8288485
8288705
8289024
8289276
8289455
8289524
8289976
8290136
8290276
8290467
8290837
8291264
8291598
8291622
8291814
8291942
8292082
8292853
8292893
8292976
8293905
8293980
8294819
8295258
8295881
8296033
8298903
8300094
8301011
8301192
8301241
8301565
8302549
8303072
8303326
8304445
8306391
8307298
8307559
8307816
8308244
8308618
8308786
8308937
8310220
8311011
8311843
8312010
8312278
8312469
8313259
8313363
8314142
8314236
8314608
8314692
8314962
8315178
8315535
8316303
8316526
8316550
8316638
8316724
8316934
8317773
8317891
8318153
8318656
8318885
8319081
8319112
8319133
8319523
8321075
8321170
8321209
8321301
8321786
8321920
8322405
8322506
8322932
8324593
8324865
8326118
8326341
8326563
8327123
8327808
8328313
8328407
8329003
8329127
8329921
8330980
8331906
8332327
8332817
8333045
8333156
8333445
8333738
8334050
8334816
8335785
8335900
8336392
8337692
8338009
8338349
8338424
8339205
8339958
8340371
8341114
8341398
8341408
8341484
8341872
8342321
8343662
8344024
8344404
8345597
8345723
8345768
8345945
8346334
8346420
8346953
8347523
8348288
8349239
8350834
8351406
8351941
8352737
8352905
8353007
8353394
8355070
8355215
8355667
8355752
8356117
8356458
8356504
8357538
8357800
8357971
8358099
8358211
8358475
8360910
8361279
8361808
8362013
8362154
8362388
8362507
8363842
8364603
8364702
8365066
8365792
8365939
8365963
8367132
8367156
8368165
8369041
8369212
8369445
8369498
8370867
8371023
8371887
8373022
8374029
8375616
8375693
8376066
8376692
8377861
8377867
8378008
8379468
8379877
8379937
8380021
8380651
8381094
8383260
8385240
8387362
8388312
8388560
8389510
8390228
8390291
8390322
8390370
8391209
8391696
8391854
8394367
8395233
8395585
8395653
8395994
8396631
8396824
8396902
8397764
8397993
8400216
8401282
8402183
8402433
8403066
8403370
8403507
8405703
8405913
8406696
8407032
8407699
8407777
8408224
8408462
8409235
8410326
8412087
8412367
8415761
8416601
8416848
8417152
8417557
8417824
8419309
8419554
8419605
8420078
8420334
8420480
8420523
8420597
8420887
8421295
8421439
8422102
8423029
8423904
8424587
8424835
8425403
8426077
8426250
8426375
8426565
8426627
8428048
8428529
8428727
8429015
8429897
8431237
8431279
8432060
8432106
8432703
8432898
8432944
8432976
8433070
8433934
8435444
8436438
8436771
8436780
8436904
8436987
8437145
8437442
8437458
8438218
8438736
8438853
8438961
8439103
8439368
8439423
8439579
8439916
8439960
8440034
8440167
8440481
8440485
8440695
8441394
8442302
8443684
8444175
8444725
8445206
8445944
8446509
8446872
8447545
8447820
8449326
8452092
8452397
8452810
8453931
8454004
8456012
8456032
8457138
8458999
8459615
8459853
8461663
8461947
8462691
8462927
8463235
8463308
8464021
8464630
8464712
8464892
8464966
8465292
8465560
8465564
8465652
8465816
8465821
8466156
8466194
8466275
8467622
8468312
8469576
8471054
8472384
8473278
8473431
8473553
8474192
8475198
8475505
8475677
8475730
8475968
8476381
8476505
8477394
8477781
8478099
8478322
8479006
8479597
8481189
8481200
8481277
8482189
8483357
8484357
8485827
8486518
8487271
8488092
8488877
8489213
8490260
8490538
8491342
8491508
8493559
8494341
8494653
8494831
8495506
8496236
8496705
8497688
8498492
8499535
8499713
8499759
8500095
8500714
8501291
8501372
8502050
8502064
8502237
8503505
8503812
8504800
8504835
8505154
8505192
8505971
8506339
8506568
8506624
8508477
8509370
8510069
8510684
8511212
8511215
8511411
8511836
8512861
8513762
8514786
8514991
8517511
8519446
8519971
8525195
8526247
8526283
8527445
8527896
8528324
8528708
8528775
8529336
8529361
8529972
8532696
8532893
8533021
8533083
8533419
8534078
8534352
8535972
8537591
8538053
8538914
8539913
8540277
8540443
8540978
8541375
8543340
8544099
8545558
8545840
8546456
8547614
8547965
8548205
8548264
8549712
8551833
8552009
8552551
8552857
8553333
8555129
8556776
8558021
8558516
8558539
8558756
8558974
8559659
8560982
8561181
8563445
8563519
8564231
8565775
8566306
8566384
8567154
8567531
8569221
8570177
8570704
8571354
8572600
8572650
8574675
8574796
8575599
8577102
8579406
8579445
8579821
8580724
8581020
8581123
8582109
8582675
8583152
8584752
8585700
8586853
8586890
8586898
8587225
8587273
8587285
8588013
8588793
8589067
8589373
8589654
8590123
8590485
8590609
8590733
8590931
8591086
8592198
8592958
8593945
8594608
8594820
8595626
8596300
8596902
8596954
8597256
8597270
8597728
8597746
8597978
8598034
8598073
8598609
8598790
8599443
8599668
8600394
8600887
8604375
8604913
8605671
8607199
8607894
8609298
8609682
8609849
8610346
8611691
8612001
8613191
8614462
8614776
8614911
8615214
8616391
8616462
8616528
8616902
8616980
8617659
8617833
8618039
8619259
8619492
8622508
8623097
8624896
8625846
8626184
8626236
8626438
8628071
8628075
8628127
8628135
8628180
8628236
8628840
8631128
8632592
8632974
8634160
8635728
8636086
8636383
8637365
8637529
8637689
8638277
8640159
8640785
8640970
8641239
8641452
8642030
8642852
8643442
8643732
8644415
8646108
8647407
8647891
8648076
8648120
8648267
8648704
8648978
8649055
8649787
8650103
8651362
8651682
8652187
8652859
8652876
8653324
8653528
8653597
8653761
8655365
8655554
8655587
8655631
8656330
8656781
8658919
8660736
8661347
8662543
8663800
8664286
8664486
8665291
8667459
8667625
8668057
8669033
8669528
8670978
8671761
8672219
8672541
8672564
8672946
8673226
8673621
8674038
8674133
8674550
8676033
8676204
8676544
8677833
8678020
8678069
8678281
8679678
8679999
8680368
8680369
8682535
8683087
8683253
8683649
8683723
8683901
8684031
8685971
8685975
8686584
8686682
8686880
8686900
8687775
8688065
8688445
8688700
8689077
8689094
8691244
8691883
8692373
8692589
8693255
8693412
8693516
8693525
8694627
8694758
8695282
8695909
8695938
8696114
8696330
8697507
8697673
8697801
8698036
8698393
8698503
8698970
8699400
8700229
8700817
8701227
8703830
8704286
8704519
8705057
8705413
8705414
8705594
8705696
8705715
8706098
8706206
8706389
8707027
8707052
8710691
8710843
8710892
8710908
8713346
8713355
8713406
8713871
8715543
8716439
8716751
8717563
8717680
8718936
8722443
8724093
8724227
8727256
8727806
8727832
8727959
8727989
8728271
8729509
8729837
8730872
8733422
8734238
8734254
8735013
8735064
8735093
8735496
8735577
8735797
8737824
8738050
8738632
8738637
8738732
8740382
8741492
8741646
8742485
8742965
8743843
8744824
8745463
8745808
8746486
8746624
8747202
8748597
8749061
8749519
8750027
8751137
8752268
8753621
8753630
8753929
8754068
8754813
8757503
8759017
8759209
8760536
8760547
8760775
8761414
8762221
8762788
8763050
8763170
8764042
8764338
8764492
8764844
8764985
8765185
8766398
8767126
8767850
8768086
8768158
8768981
8769086
8769318
8769728
8770209
8771163
8771275
8771513
8771794
8771967
8771996
8772253
8772724
8772785
8772821
8773175
8775585
8776444
8777674
8777876
8778207
8778413
8778422
8779125
8779980
8780224
8780948
8781086
8781104
8781280
8782466
8782946
8783069
8783638
8783905
8784068
8784098
8784117
8784365
8784622
8786047
8788304
8790073
8793077
8794965
8795021
8795170
8796415
8798154
8798644
8798981
8799529
8799839
8800422
8800774
8801257
8801822
8802466
8802615
8804366
8805527
8805552
8805587
8808300
8809426
8812137
8814211
8814579
8815572
8817941
8817994
8818252
8818324
8818470
8819125
8819869
8820101
8820574
8821382
8821608
8822068
8823625
8825909
8826061
8826166
8827309
8828212
8828905
8828947
8830168
8830310
8833293
8834700
8836288
8836936
8837945
8838190
8838762
8839000
8839526
8840067
8840360
8840536
8840651
8840734
8841325
8841614
8842067
8842431
8842726
8842855
8843377
8843598
8844108
8844647
8844691
8844895
8845115
8845809
8848444
8850555
8853027
8854478
8857625
8857953
8859720
8860063
8860548
8862625
8862690
8863289
8864585
8865361
8865568
8865855
8865955
8866270
8866840
8867886
8867897
8868157
8868686
8868710
8868725
8869954
8870354
8871261
8872246
8872313
8873122
8873681
8873797
8874094
8874883
8875227
8875847
8881130
8881348
8881930
8882030
8884137
8884205
8885091
8885187
8885254
8885330
8885551
8885582
8886043
8886487
8886516
8886774
8887035
8887652
8888273
8888319
8889888
8890074
8890116
8890433
8890761
8891119
8891402
8892277
8894343
8894995
8895815
8896934
8897296
8897962
8898463
8898780
8900012
8900428
8900435
8901047
8902573
8904000
8904682
8904813
8904853
8906213
8906531
8907220
8908065
8910035
8910119
8910977
8911292
8911705
8911843
8911908
8912044
8912110
8912282
8912731
8914043
8915456
8915496
8915983
8916408
8917504
8917790
8918182
8918196
8918225
8919459
8919761
8919916
8920827
8922604
8922879
8923028
8924330
8925700
8925904
8927696
8928083
8930129
8932346
8933064
8933435
8933938
8934940
8935063
8936076
8936386
8936606
8936736
8936832
8936899
8936988
8937456
8937663
8937809
8938923
8939155
8939191
8939193
8939727
8939841
8939844
8939888
8940263
8940348
8941084
8941251
8941856
8941974
8942444
8942613
8942705
8942888
8943086
8943176
8943332
8943446
8943707
8945866
8946324
8946691
8948087
8948840
8948851
8948967
8949012
8949086
8949859
8950051
8953878
8954037
8955215
8957186
8957452
8957522
8957901
8959195
8960641
8961228
8961742
8962253
8963644
8964608
8965937
8967008
8967713
8967932
8969294
8971462
8973024
8973592
8974233
8976884
8978897
8978996
8981536
8983144
8983536
8983980
8984083
8984273
8984588
8985734
8986054
8986088
8986327
8986870
8987331
8987538
8989113
8991648
8994571
8995394
8996035
8996204
8996381
8996514
8997805
8998666
8999647
9000862
9000919
9001382
9001449
9001618
9001708
9001909
9002379
9002522
9002620
9003357
9003506
9003731
9004063
9004680
9004682
9005063
9005151
9005587
9005772
9005846
9005964
9005996
9006089
9006113
9006181
9006245
9007776
9008620
9008863
9009606
9009699
9010434
9010506
9011585
9012440
9012554
9013520
9013557
9013724
9014327
9014519
9014714
9015502
9015557
9015701
9016509
9016634
9016809
9016826
9016959
9017033
9018638
9018641
9018951
9019508
9020192
9021364
9021919
9022659
9022937
9023861
9024665
9025613
9025875
9025928
9026268
9026643
9026934
9027786
9027822
9028178
9030075
9030274
9032259
9032666
9032848
9033161
9033237
9033282
9033410
9033692
9035026
9035032
9035195
9035411
9035431
9035743
9037641
9039205
9039232
9040218
9040395
9040552
9040673
9040897
9041275
9041389
9042512
9042878
9042908
9043052
9043352
9043543
9043810
9044277
9044990
9045022
9045093
9045249
9045273
9045368
9045674
9045951
9046271
9046523
9046776
9047564
9048000
9048654
9048785
9049497
9049970
9050456
9050615
9050738
9052218
9052425
9052588
9052827
9052948
9052966
9053873
9054311
9054405
9054536
9054648
9054660
9054710
9055039
9055392
9055903
9055906
9056188
9056189
9056338
9056675
9057468
9058606
9058611
9060139
9060172
9060260
9061208
9061577
9061806
9062541
9063331
9064460
9064702
9066069
9066399
9068334
9068484
9068637
9070025
9070448
9070990
9072907
9073423
9073900
9073965
9074494
9074534
9075853
9076419
9076834
9077201
9077847
9077919
9078585
9079363
9079366
9079835
9080299
9080505
9080620
9082263
9082265
9082808
9083227
9083812
9083823
9084072
9084102
9085258
9085320
9085394
9085432
9085553
9085746
9086190
9086607
9087218
9087362
9087595
9087894
9088282
9088449
9089051
9089444
9089867
9089873
9090282
9090375
9090381
9090412
9090487
9090502
9090625
9090679
9090792
9090923
9092074
9092648
9092667
9092760
9092948
9093208
9093402
9093528
9094474
9095212
9095264
9097427
9097916
9097921
9098132
9099463
9099489
9099763
9100161
9100410
9100418
9103249
9103313
9103752
9104542
9105177
9105460
9106296
9107185
9108337
9108684
9109332
9109448
9110620
9110696
9111403
9111986
9111988
9113134
9114693
9115149
9115511
9116412
9117313
9117511
9118226
9119100
9119549
9122064
9124733
9125521
9126050
9128235
9129628
9129691
9131131
9131577
9131643
9132714
9133106
9133807
9134205
9134250
9135753
9136072
9136339
9136586
9136956
9137081
9137371
9137752
9138243
9139977
9140180
9140330
9141913
9142263
9142626
9142647
9143608
9144037
9144090
9145994
9146851
9147205
9147644
9150227
9150850
9151969
9152193
9153071
9153812
9156315
9156769
9157392
9157908
9157917
9158139
9160122
9160219
9161293
9161703
9162641
9163593
9165286
9165681
9166075
9166431
9166574
9166853
9166860
9169348
9170536
9170643
9171483
9171974
9172551
9175914
9176375
9178165
9178715
9179374
9179456
9179591
9179901
9180447
9181424
9181970
9183508
9183970
9185667
9185948
9186413
9186664
9186877
9187767
9188379
9188445
9188477
9189100
9189240
9191263
9192455
9192606
9194755
9195157
9195172
9195173
9195214
9195292
9195482
9196337
9197945
9198108
9199008
9199634
9199730
9201139
9201336
9201390
9203698
9203800
9203866
9205267
9206022
9207330
9208904
9209442
9210146
9216618
9217573
9218266
9218286
9219027
9220004
9220322
9221046
9221594
9222692
9222799
9222994
9223060
9223991
9224368
9224595
9228214
9228758
9231151
9232787
9235326
9235517
9236089
9236383
9239265
9241470
9241976
9242136
9243161
9243959
9244874
9246255
9247015
9247156
9247370
9247716
9247729
9247834
9248114
9249289
9249305
9249862
9250764
9251134
9251468
9252220
9252356
9252394
9253139
9253370
9254988
9255247
9255290
9256036
9257361
9257596
9257950
9257978
9258509
9259337
9259535
9259656
9259897
9260027
9260154
9260459
9260734
9261145
9264428
9264695
9265455
9265579
9265927
9266321
9266882
9268056
9268407
9270016
9270928
9272261
9272566
9272620
9272838
9273508
9273670
9274056
9274412
9274862
9275223
9275450
9275868
9275972
9276090
9278413
9279034
9279319
9279540
9279866
9280053
9280265
9280392
9281203
9281206
9281262
9281338
9281483
9281924
9283032
9284093
9284608
9285006
9285029
9285369
9287229
9287422
9287604
9288119
9288223
9288447
9288593
9289681
9290944
9293283
9294524
9294618
9297379
9297405
9297576
9298672
9302134
9302463
9303281
9304493
9305307
9305470
9305520
9306510
9307500
9308209
9309144
9309648
9311651
9311682
9312140
9312814
9312940
9312978
9313165
9313255
9313772
9313923
9315418
9315762
9315867
9316561
9316785
9319087
9319799
9320177
9321817
9322029
9322397
9322733
9322804
9323373
9323427
9323761
9324024
9324134
9324169
9324470
9325415
9325530
9325831
9327178
9327340
9327410
9328278
9328377
9328660
9329535
9329898
9330028
9330293
9331108
9331160
9331945
9332921
9334294
9336591
9336949
9338041
9338408
9340207
9340774
9341235
9342103
9342812
9343425
9343878
9345831
9346345
9346457
9346888
9347263
9347264
9348728
9348788
9349297
9349639
9350952
9351255
9353663
9353700
9355097
9355486
9356943
9359892
9360473
9360572
9360625
9361854
9362467
9363677
9363817
9366606
9367540
9367562
9368451
9370003
9370023
9371362
9375447
9375905
9376121
9376524
9377042
9378648
9378658
9380299
9380678
9381610
9381954
9384047
9386109
9386176
9386920
9387264
9387635
9387938
9388134
9388168
9388300
9388360
9388475
9389327
9389404
9392054
9392185
9392404
9393830
9394603
9394811
9395600
9395602
9395797
9396077
9396965
9397013
9397142
9397593
9397793
9397820
9398153
9398437
9399117
9400051
9400200
9400720
9402334
9403227
9403804
9405010
9405649
9406817
9407818
9408507
9408786
9409070
9409330
9409386
9409556
9409736
9410492
9411398
9411587
9412757
9412995
9413107
9413150
9413349
9413383
9413419
9413872
9414679
9415192
9415369
9416102
9416153
9416544
9418758
9419423
9420060
9420097
9420151
9420279
9421672
9422215
9422682
9422853
9423058
9423204
9423306
9424543
9425890
9426061
9426254
9427752
9428229
9429600
9430651
9430782
9431542
9431645
9433747
9435577
9436470
9436689
9437483
9437978
9438673
9442740
9443270
9444453
9447358
9450925
9450933
9451186
9451715
9452097
9452512
9452525
9452857
9455538
9456674
9457194
9459341
9460091
9464766
9465919
9466599
9466994
9468834
9469574
9469813
9469910
9470222
9470254
9470260
9470363
9470954
9471295
9471517
9471601
9472306
9472936
9473028
9473038
9473265
9473326
9473756
9474326
9474594
9475455
9476710
9477442
9477445
9477839
9479684
9481447
9481578
9482060
9484057
9485209
9485419
9488553
9490411
9491202
9491306
9491361
9491441
9492879
9493535
9494302
9495757
9496560
9497015
9499502
9499754
9499774
9503803
9507749
9507767
9507907
9507929
9508693
9508941
9510035
9510240
9511456
9511940
9512529
9512636
9513253
9515079
9517565
9517654
9518035
9518243
9518542
9518561
9519239
9519403
9520182
9521395
9522005
9522577
9522894
9523662
9524748
9525111
9525567
9525577
9525675
9526205
9526384
9526444
9526916
9527436
9528640
9530080
9530818
9531166
9532275
9532391
9532430
9535053
9535554
9535583
9536884
9538699
9541972
9542453
9542462
9543922
9544034
9545066
9545175
9546398
9546472
9547199
9547255
9549165
9549940
9550149
9550307
9550602
9551259
9551511
9551811
9552039
9552175
9552308
9553732
9554465
9554681
9555234
9555868
9557299
9558461
9558564
9558658
9558829
9559083
9559490
9560400
9560798
9561436
9562780
9564841
9564876
9565244
9565387
9565401
9565780
9565808
9566443
9566626
9566766
9567234
9567530
9568823
9568941
9569565
9569918
9570258
9570659
9570691
9571894
9572295
9572645
9572930
9574036
9574716
9575009
9575139
9575766
9576933
9577108
9577988
9578082
9578841
9579148
9579700
9580209
9581371
9581801
9582782
9582860
9583305
9583569
9584860
9585065
9585733
9586436
9587136
9587533
9587953
9588326
9588890
9590670
9590716
9590959
9592862
9592908
9593902
9594215
9595044
9595467
9596071
9596391
9596719
9597003
9597434
9597456
9598578
9599048
9599053
9599481
9599495
9599728
9601433
9603432
9603593
9604067
9604471
9604916
9605191
9606711
9606897
9607055
9607684
9607786
9609592
9609691
9610061
9610464
9610571
9611395
9611405
9611595
9612418
9612836
9612930
9613182
9613446
9613612
9613863
9614721
9615634
9615970
9616215
9618625
9618979
9619946
9620104
9620385
9620890
9620988
9621444
9621721
9621938
9622576
9622792
9622912
9623431
9623613
9623619
9624723
9625722
9626908
9626928
9627729
9628138
9628307
9628338
9628793
9628847
9628967
9629058
9629208
9629221
9630713
9631814
9632027
9632162
9632255
9632778
9633290
9633496
9633687
9634193
9634454
9635107
9637195
9637335
9638128
9638532
9638916
9639619
9640332
9641491
9641700
9641800
9642392
9643185
9643478
9644558
9644726
9644803
9645114
9646048
9648674
9649234
9649370
9650056
9650173
9651073
9651302
9651990
9653598
9656630
9658941
9660067
9660416
9660985
9661525
9662805
9663330
9663515
9664847
9665031
9665609
9667772
9668254
9669343
9669803
9670011
9670829
9671429
9671881
9672218
9672341
9672389
9672878
9673026
9673662
9673797
9673802
9674440
9674523
9676300
9676856
9678083
9678932
9679068
9679113
9680420
9680684
9681058
9681263
9682835
9683747
9683965
9684614
9685194
9685237
9687749
9690906
9691097
9692036
9692157
9692459
9692814
9693591
9693954
9696033
9696694
9696950
9697003
9697601
9702322
9702381
9702611
9703078
9703695
9703881
9704760
9705094
9705280
9705645
9705884
9706146
9706350
9707936
9708186
9708476
9708855
9709706
9710185
9711046
9711477
9712287
9713592
9714280
9715656
9716742
9717176
9717708
9717959
9718680
9718758
9719866
9720264
9721169
9721381
9721975
9725423
9725459
9727818
9729069
9730090
9732239
9732464
9732474
9733079
9733661
9733984
9734442
9735724
9738040
9738937
9739438
9741166
9741347
9741984
9742049
9742253
9742490
9743283
9743823
9744117
9744996
9746775
9747000
9747373
9747813
9748294
9748518
9749797
9750005
9750686
9752001
9752062
9754565
9754796
9754993
9756064
9756954
9757764
9759090
9759322
9759422
9759679
9759681
9759695
9760335
9760841
9762203
9762360
9762491
9762523
9762853
9763056
9763450
9763571
9763895
9765143
9765284
9765577
9765645
9767850
9768364
9768480
9768889
9769782
9770401
9770578
9770665
9770808
9771455
9771803
9771970
9772065
9772099
9772602
9772687
9772845
9773414
9774793
9774879
9774956
9775542
9775825
9776107
9776742
9776830
9777342
9777738
9777807
9778399
9780104
9780111
9780481
9781287
9781495
9783755
9784269
9785914
9786723
9787736
9787992
9788605
9788826
9789211
9790244
9790786
9791800
9793000
9794880
9795476
9795648
9796232
9796843
9797290
9797988
9798196
9798893
9801061
9801341
9802561
9803590
9803635
9803795
9804348
9805336
9806213
9806663
9806787
9808632
9808645
9809291
9809573
9809728
9811203
9811259
9811593
9811800
9811930
9812238
9813135
9813484
9813760
9814432
9814524
9814987
9816003
9816539
9816576
9816879
9816916
9817146
9817288
9817507
9817844
9818032
9818208
9818250
9819294
9819549
9822090
9823333
9823923
9824914
9826337
9827398
9827844
9827907
9828140
9828247
9828412
9829165
9829274
9829287
9829565
9829771
9830283
9830766
9830898
9831229
9831301
9831526
9832129
9834296
9834600
9834782
9834933
9835365
9835471
9835481
9835567
9835571
9835759
9835764
9836216
9837641
9838352
9838429
9838666
9839215
9839485
9839702
9839784
9844194
9844660
9844969
9845153
9845241
9847119
9847222
9848356
9848572
9849230
9849246
9849263
9849355
9849690
9850616
9850846
9851115
9851937
9851994
9853253
9855477
9855954
9856329
9857599
9857617
9859088
9859244
9859332
9859515
9859545
9859662
9861469
9862395
9862824
9863228
9864179
9864870
9864947
9864997
9866457
9866896
9867100
9867253
9869194
9869665
9870040
9870411
9870910
9871406
9871509
9872142
9872209
9872291
9872373
9872394
9873745
9875363
9875939
9876223
9876293
9876358
9877824
9877873
9878294
9878638
9879274
9879409
9879461
9879722
9880427
9880456
9880663
9880688
9880691
9880873
9882623
9882840
9884233
9884706
9884787
9885115
9885262
9885288
9885811
9885894
9886681
9888575
9888672
9889131
9889374
9889557
9889767
9890077
9890178
9890492
9890796
9891287
9891589
9891857
9892338
9892520
9892741
9892808
9893250
9894003
9894165
9894705
9895402
9895911
9896297
9896747
9896758
9897714
9897757
9897759
9898226
9898302
9898318
9898658
9898736
9900064
9901914
9902555
9903518
9905216
9905234
9905964
9906298
9906912
9907105
9907213
9907421
9907490
9907575
9908146
9909960
9910022
9912458
9916109
9917132
9917201
9917546
9918254
9919103
9919759
9921375
9921658
9921836
9921901
9922000
9922011
9922291
9922943
9923018
9923061
9923209
9923284
9924417
9924421
9924605
9924910
9925145
9926515
9927348
9927357
9927420
9927630
9927920
9928096
9928607
9930190
9932121
9932336
9932547
9933037
9933178
9933459
9934354
9934505
9934649
9935092
9935270
9935839
9936024
9939520
9939602
9940315
9940332
9940487
9940646
9945229
9947975
9948049
9948536
9952825
9952844
9952935
9952971
9953162
9953251
9953856
9954060
9954445
9955096
9955223
9955263
9955331
9956467
9956551
9956820
9956923
9957178
9957400
9957493
9957731
9957795
9958021
9958473
9958667
9959841
9959960
9960038
9960107
9960217
9960322
9961476
9962137
9962507
9962568
9962600
9963425
9963627
9963661
9963693
9963864
9964280
9964320
9965095
9965216
9965238
9965532
9965714
9966347
9966419
9967017
9967173
9967501
9968258
9968940
9969000
9969432
9970106
9970250
9971118
9971273
9971276
9971524
9971979
9972635
9973379
9973877
9974378
9974404
9974660
9974954
9975169
9975192
9975894
9976004
9976178
9976245
9976366
9976666
9977716
9978749
9979569
9979774
9979876
9980026
9982326
9982359
9984236
9986178
9986256
9986291
9987876
9988017
9988126
9988196
9988968
9989028
9989893
9990364
9990409
9990860
9991226
9991685
9991765
9991941
9992242
9993225
9993693
9993896
9994658
9995001
9995461
9995856
9996707
9996744
9996962
9997061
9997383
9997566
9997876
9998521
9998666
9999653
9999968
