obs_start,obs_end,length,iteration,ind_idx,distribution
3075830,3075830,1,0,44141,geom
6436648,6436648,1,0,47936,geom
6746322,6746322,1,0,47936,geom
5942505,5942505,1,0,97495,geom
6609104,6609104,1,0,23985,geom
9876293,9876293,1,0,24105,geom
945671,945671,1,0,41736,geom
8396902,8396902,1,0,17792,geom
4977807,4977807,1,0,15545,geom
6938227,6938227,1,0,55202,geom
4960650,4960650,1,0,55202,geom
324855,324855,1,0,109578,geom
2959444,2959444,1,0,119395,geom
2408930,2408930,1,0,40787,geom
2306773,2306773,1,0,79681,geom
740313,740313,1,0,124925,geom
6434367,6434367,1,0,75090,geom
2650836,2650836,1,0,75090,geom
4343255,4343255,1,0,75090,geom
8823625,8823625,1,0,69908,geom
1184700,1184700,1,0,40335,geom
5442128,5442128,1,0,40335,geom
7027623,7027623,1,0,58205,geom
1534888,1534888,1,0,85705,geom
2777330,2777330,1,0,21603,geom
4617741,4617741,1,0,21603,geom
7024164,7024164,1,0,11012,geom
3054312,3054312,1,0,11012,geom
8405703,8405703,1,0,58767,geom
5778608,5778608,1,0,110924,geom
4832279,4832279,1,0,22454,geom
8540277,8540277,1,0,1712,geom
3010137,3010137,1,0,1712,geom
3855486,3855486,1,0,87985,geom
676966,676979,14,0,122251,geom
5590187,5590187,1,0,122251,geom
5025571,5025571,1,0,122251,geom
2684227,2684227,1,0,100197,geom
5939592,5939592,1,0,100197,geom
7876335,7876335,1,0,88709,geom
7935546,7935546,1,0,6713,geom
8762788,8762788,1,0,74591,geom
7841468,7841468,1,0,56008,geom
9890796,9890796,1,0,56008,geom
7085776,7085776,1,0,110672,geom
2432292,2432292,1,0,90639,geom
5740263,5740263,1,0,90639,geom
5581161,5581161,1,0,83221,geom
50823,50823,1,0,83221,geom
9324024,9324024,1,0,48383,geom
6178181,6178181,1,0,62366,geom
2779561,2779561,1,0,9929,geom
6314984,6314984,1,0,63927,geom
4259971,4259971,1,0,83811,geom
1177208,1177208,1,0,42599,geom
2266569,2266569,1,0,16481,geom
20961,20961,1,0,71774,geom
6117157,6117157,1,0,21901,geom
2625858,2625858,1,0,120094,geom
4243407,4243407,1,0,18841,geom
804210,804210,1,0,120448,geom
1604227,1604227,1,0,120448,geom
2462092,2462092,1,0,120448,geom
8643442,8643442,1,0,114038,geom
2315628,2315628,1,0,107714,geom
4329440,4329440,1,0,57834,geom
1578743,1578743,1,0,57834,geom
3721998,3721998,1,0,115552,geom
5752052,5752052,1,0,2643,geom
1434435,1434435,1,0,2643,geom
680046,680046,1,0,25240,geom
6572334,6572334,1,0,25240,geom
6407372,6407372,1,0,114034,geom
9894003,9894003,1,0,57308,geom
530238,530238,1,0,57308,geom
2963169,2963169,1,0,96884,geom
9158139,9158139,1,0,38527,geom
2605583,2605583,1,0,43927,geom
7874399,7874399,1,0,43927,geom
6994101,6994101,1,0,13082,geom
5026879,5026879,1,0,62068,geom
5480027,5480027,1,0,108304,geom
8898780,8898780,1,0,80711,geom
9274412,9274412,1,0,61505,geom
353201,353201,1,0,61505,geom
2164436,2164436,1,0,75838,geom
7806486,7806486,1,0,54697,geom
2041818,2041818,1,0,65489,geom
2450470,2450470,1,0,15514,geom
4100595,4100595,1,0,15514,geom
1895370,1895370,1,0,95777,geom
1161407,1161407,1,0,95777,geom
4262625,4262625,1,0,23026,geom
6552505,6552505,1,0,24174,geom
5556366,5556366,1,0,24174,geom
6741598,6741598,1,0,75522,geom
4216420,4216420,1,0,75522,geom
4237307,4237307,1,0,114807,geom
1790579,1790579,1,0,19978,geom
5827718,5827718,1,0,19978,geom
2510692,2510692,1,0,84644,geom
3037742,3037742,1,0,84168,geom
7123212,7123212,1,0,36738,geom
7614478,7614478,1,0,36738,geom
7287798,7287798,1,0,11786,geom
5559537,5559537,1,0,105533,geom
1523169,1523169,1,0,105533,geom
6207318,6207318,1,0,24738,geom
2017014,2017014,1,0,24738,geom
5379656,5379656,1,0,108781,geom
2688150,2688150,1,0,25958,geom
3008407,3008407,1,0,25958,geom
4386047,4386047,1,0,28304,geom
6215905,6215905,1,0,70016,geom
4237307,4237307,1,0,70016,geom
2244157,2244157,1,0,70016,geom
9741347,9741347,1,0,20408,geom
7748344,7748344,1,0,20408,geom
6146303,6146303,1,0,81008,geom
8135022,8135022,1,0,81008,geom
307478,307478,1,0,81008,geom
7603814,7603814,1,0,38635,geom
4649570,4649570,1,0,53312,geom
3416495,3416495,1,0,19002,geom
8426250,8426250,1,0,116176,geom
644981,644981,1,0,116176,geom
1998607,1998607,1,0,83491,geom
4818261,4818261,1,0,95154,geom
7515613,7515613,1,0,95154,geom
1028683,1028683,1,0,120211,geom
2292097,2292097,1,0,41150,geom
1178527,1178527,1,0,114375,geom
8255405,8255405,1,0,24261,geom
5022447,5022447,1,0,47756,geom
9891287,9891287,1,0,28178,geom
2659140,2659140,1,0,29108,geom
9676856,9676856,1,0,36533,geom
2290389,2290389,1,0,36533,geom
5894989,5894989,1,0,77472,geom
9398437,9398437,1,0,23141,geom
8724227,8724227,1,0,25657,geom
9090625,9090679,55,0,8803,geom
1951490,1951490,1,0,8803,geom
7003492,7003492,1,0,8803,geom
4897436,4897436,1,0,65001,geom
3919823,3919823,1,0,65001,geom
4117103,4117103,1,0,65001,geom
4549492,4549492,1,0,70664,geom
1208355,1208355,1,0,70664,geom
4300228,4300228,1,0,70664,geom
8894343,8894343,1,0,50630,geom
5598128,5598128,1,0,50630,geom
2274825,2274825,1,0,50630,geom
1151430,1151430,1,0,50630,geom
7873266,7873269,4,0,70398,geom
6821044,6821044,1,0,70398,geom
5666407,5666407,1,0,21553,geom
9759090,9759090,1,0,80606,geom
4650315,4650315,1,0,28085,geom
6437944,6437944,1,0,28085,geom
7657573,7657573,1,0,72623,geom
2643925,2643925,1,0,107220,geom
2905395,2905395,1,0,75918,geom
915362,915362,1,0,25904,geom
9000919,9000919,1,0,79945,geom
3148190,3148190,1,0,79945,geom
4216420,4216420,1,0,36014,geom
3349358,3349358,1,0,36014,geom
5617989,5617989,1,0,74115,geom
9264695,9264695,1,0,5761,geom
7657573,7657573,1,0,46888,geom
3657136,3657136,1,0,46888,geom
2407699,2407699,1,0,80230,geom
6256308,6256308,1,0,19483,geom
8897962,8897962,1,0,37384,geom
194798,194798,1,0,88142,geom
4574694,4574694,1,0,88142,geom
1464439,1464439,1,0,79939,geom
8029358,8029358,1,0,79939,geom
2761962,2761962,1,0,86184,geom
2030749,2030749,1,0,86184,geom
1018538,1018538,1,0,17761,geom
6674426,6674426,1,0,890,geom
1797996,1797996,1,0,29862,geom
8673226,8673226,1,0,73068,geom
9294618,9294618,1,0,16518,geom
7987528,7987528,1,0,16518,geom
387252,387252,1,0,16518,geom
6813327,6813327,1,0,10867,geom
4726218,4726218,1,0,102528,geom
5418510,5418510,1,0,116141,geom
2003261,2003261,1,0,4746,geom
6621632,6621632,1,0,51747,geom
920104,920104,1,0,50719,geom
8802615,8802615,1,0,113078,geom
8597256,8597256,1,0,48110,geom
1577779,1577779,1,0,87900,geom
4158469,4158469,1,0,113620,geom
4406452,4406452,1,0,77336,geom
8570177,8570177,1,0,3590,geom
7804466,7804466,1,0,87506,geom
9896297,9896297,1,0,87506,geom
6872578,6872578,1,0,70285,geom
8260985,8260985,1,0,70285,geom
2360847,2360847,1,0,70285,geom
8799529,8799529,1,0,19304,geom
348006,348006,1,0,19304,geom
4160,4160,1,0,69732,geom
2151845,2151845,1,0,69732,geom
17936,17936,1,0,69732,geom
5751761,5751761,1,0,65469,geom
2158921,2158921,1,0,65469,geom
8941974,8941974,1,0,65469,geom
8948967,8948967,1,0,65469,geom
2023367,2023367,1,0,16423,geom
8737824,8737824,1,0,68289,geom
6304611,6304611,1,0,68289,geom
472364,472364,1,0,73278,geom
7408131,7408182,52,0,8007,geom
4341791,4341791,1,0,14552,geom
4147629,4147629,1,0,110189,geom
1195225,1195225,1,0,19962,geom
3024327,3024327,1,0,19962,geom
9232787,9232787,1,0,19962,geom
1641081,1641081,1,0,19962,geom
432010,432010,1,0,98881,geom
9707936,9707936,1,0,115905,geom
2340206,2340206,1,0,7427,geom
7020385,7020385,1,0,6751,geom
6516765,6516765,1,0,119059,geom
2860701,2860701,1,0,123191,geom
6022910,6022910,1,0,123191,geom
7457647,7457647,1,0,21501,geom
4187112,4187122,11,0,92147,geom
489388,489388,1,0,55152,geom
2216706,2216706,1,0,55152,geom
7710704,7710704,1,0,43694,geom
647706,647706,1,0,43694,geom
2175711,2175711,1,0,113086,geom
3933758,3933758,1,0,56357,geom
4229059,4229059,1,0,56357,geom
4387574,4387574,1,0,59429,geom
9423204,9423204,1,0,6003,geom
4666378,4666378,1,0,28712,geom
4210545,4210545,1,0,28712,geom
9309648,9309648,1,0,28712,geom
2444310,2444310,1,0,97271,geom
8030456,8030456,1,0,104861,geom
5636706,5636706,1,0,104861,geom
1831001,1831001,1,0,21814,geom
4229059,4229059,1,0,21814,geom
1324241,1324241,1,0,11219,geom
4408854,4408854,1,0,5105,geom
6770776,6770776,1,0,5105,geom
8265353,8265353,1,0,60495,geom
576087,576087,1,0,114800,geom
3495325,3495325,1,0,99309,geom
3937023,3937023,1,0,8455,geom
9438673,9438673,1,0,8455,geom
5955637,5955637,1,0,71429,geom
6597655,6597655,1,0,27497,geom
5862958,5862958,1,0,27389,geom
796160,796160,1,0,27389,geom
3024523,3024523,1,0,27389,geom
7623601,7623601,1,0,31164,geom
6777453,6777453,1,0,31164,geom
6378149,6378149,1,0,118370,geom
5920900,5920900,1,0,60254,geom
4594556,4594556,1,0,60254,geom
3767843,3767843,1,0,60254,geom
1080220,1080220,1,0,103059,geom
7832370,7832370,1,0,60645,geom
5421373,5421373,1,0,70631,geom
7868143,7868143,1,0,93933,geom
1629758,1629758,1,0,93933,geom
1560770,1560770,1,0,93933,geom
3585659,3585659,1,0,110400,geom
1148741,1148741,1,0,110400,geom
9959960,9959960,1,0,3315,geom
8104192,8104192,1,0,87063,geom
3662738,3662738,1,0,1245,geom
2957948,2957948,1,0,51453,geom
4236706,4236706,1,0,51453,geom
1200913,1200913,1,0,51453,geom
7016794,7016794,1,0,51453,geom
9934649,9934649,1,0,119745,geom
5939925,5939925,1,0,119745,geom
3960211,3960211,1,0,119745,geom
5804873,5804873,1,0,38630,geom
1155674,1155674,1,0,79992,geom
9338041,9338041,1,0,79992,geom
9995461,9995461,1,0,88739,geom
9033410,9033410,1,0,88739,geom
603920,603920,1,0,106851,geom
2310233,2310233,1,0,106851,geom
834958,834958,1,0,63740,geom
3766027,3766027,1,0,113312,geom
7091012,7091012,1,0,20031,geom
9958473,9958473,1,0,77226,geom
4979454,4979454,1,0,124353,geom
5831678,5831678,1,0,124353,geom
6910295,6910295,1,0,7393,geom
8828212,8828212,1,0,7393,geom
3911133,3911133,1,0,63748,geom
3552672,3552672,1,0,63748,geom
5649650,5649650,1,0,101022,geom
1472961,1472961,1,0,101022,geom
9218286,9218286,1,0,121400,geom
9663330,9663330,1,0,87490,geom
9054660,9054660,1,0,118053,geom
6331547,6331547,1,0,94905,geom
8164546,8164546,1,0,21455,geom
930167,930167,1,0,38998,geom
9541972,9541972,1,0,38998,geom
4649570,4649570,1,0,38998,geom
4392558,4392558,1,0,103273,geom
414541,414541,1,0,103273,geom
5638114,5638114,1,0,16013,geom
1567142,1567142,1,0,5938,geom
5476832,5476832,1,0,5938,geom
7864093,7864093,1,0,103091,geom
2317141,2317141,1,0,37359,geom
3832419,3832419,1,0,102002,geom
9963864,9963864,1,0,102002,geom
3745848,3745848,1,0,2831,geom
6344437,6344437,1,0,2831,geom
1504374,1504374,1,0,109351,geom
1582348,1582348,1,0,124891,geom
8963644,8963644,1,0,72281,geom
1641081,1641081,1,0,590,geom
6624992,6624992,1,0,590,geom
6595336,6595336,1,0,10199,geom
7322052,7322052,1,0,34589,geom
1982982,1982982,1,0,34589,geom
1976462,1976462,1,0,34589,geom
5501499,5501499,1,0,97886,geom
9787736,9787736,1,0,97886,geom
9798196,9798196,1,0,81509,geom
2978274,2978274,1,0,15617,geom
1493321,1493321,1,0,1985,geom
8911292,8911292,1,0,101288,geom
7998130,7998130,1,0,82865,geom
7073793,7073793,1,0,109002,geom
976543,976543,1,0,109002,geom
662093,662093,1,0,109002,geom
4089423,4089423,1,0,77549,geom
6605274,6605274,1,0,77549,geom
5939385,5939385,1,0,77549,geom
5991183,5991183,1,0,29236,geom
5635682,5635682,1,0,115084,geom
4595760,4595760,1,0,28949,geom
5100169,5100169,1,0,56816,geom
8111376,8111376,1,0,109716,geom
1195225,1195225,1,0,109716,geom
4104045,4104045,1,0,109716,geom
9620104,9620104,1,0,119760,geom
7268433,7268433,1,0,119760,geom
8619492,8619492,1,0,93674,geom
6546252,6546310,59,0,64702,geom
7918344,7918344,1,0,19391,geom
2299872,2299872,1,0,19391,geom
7282670,7282670,1,0,89822,geom
2031251,2031251,1,0,5423,geom
8801822,8801822,1,0,72832,geom
3907614,3907614,1,0,63117,geom
6817282,6817282,1,0,63117,geom
8705414,8705414,1,0,117675,geom
8321301,8321301,1,0,117675,geom
7355389,7355389,1,0,16220,geom
2057274,2057274,1,0,16220,geom
9634454,9634454,1,0,62488,geom
6578921,6578921,1,0,19179,geom
4545927,4545927,1,0,113451,geom
4955686,4955686,1,0,113451,geom
1415520,1415520,1,0,113451,geom
2086224,2086224,1,0,58360,geom
2778996,2778996,1,0,58360,geom
2417059,2417059,1,0,27414,geom
8946324,8946324,1,0,27414,geom
662904,662908,5,0,48701,geom
9705094,9705094,1,0,120898,geom
4375503,4375503,1,0,120898,geom
3525305,3525305,1,0,120898,geom
458616,458616,1,0,89532,geom
4375503,4375503,1,0,117152,geom
8288485,8288485,1,0,30965,geom
3946021,3946021,1,0,1907,geom
6324381,6324381,1,0,91539,geom
3787364,3787364,1,0,91539,geom
3937023,3937023,1,0,20019,geom
242009,242009,1,0,20019,geom
9633290,9633290,1,0,20019,geom
7556423,7556423,1,0,5529,geom
1020417,1020417,1,0,43549,geom
5368769,5368769,1,0,43549,geom
9538699,9538699,1,0,24672,geom
8617833,8617833,1,0,69576,geom
9851994,9851994,1,0,88813,geom
5155565,5155565,1,0,56977,geom
4889156,4889156,1,0,56977,geom
5587135,5587135,1,0,114914,geom
4497358,4497358,1,0,45452,geom
8196560,8196560,1,0,107794,geom
8183303,8183303,1,0,115940,geom
1005463,1005463,1,0,37632,geom
3510664,3510664,1,0,90013,geom
4884725,4884725,1,0,90013,geom
2605583,2605583,1,0,121378,geom
6463842,6463842,1,0,57821,geom
9892520,9892520,1,0,44547,geom
1551517,1551517,1,0,44547,geom
425449,425449,1,0,124903,geom
6673128,6673128,1,0,53241,geom
6062738,6062738,1,0,53241,geom
7207367,7207367,1,0,53241,geom
8370867,8370867,1,0,114484,geom
9973877,9973877,1,0,119975,geom
312381,312381,1,0,119975,geom
8312278,8312278,1,0,101871,geom
5187721,5187721,1,0,78034,geom
1485809,1485809,1,0,32634,geom
9199008,9199008,1,0,68349,geom
3097962,3097962,1,0,54750,geom
9849263,9849263,1,0,94802,geom
3707387,3707387,1,0,41614,geom
1317409,1317409,1,0,101515,geom
6543672,6543672,1,0,74666,geom
1496440,1496440,1,0,74666,geom
275979,275979,1,0,14231,geom
3825485,3825485,1,0,114628,geom
4492492,4492492,1,0,114628,geom
8478099,8478099,1,0,115384,geom
3134873,3134873,1,0,121720,geom
9288447,9288447,1,0,58889,geom
6545002,6545002,1,0,102824,geom
6549529,6549529,1,0,102824,geom
2317141,2317141,1,0,102824,geom
4216420,4216420,1,0,70570,geom
1341143,1341143,1,0,70570,geom
7119242,7119242,1,0,107593,geom
4839078,4839078,1,0,107593,geom
674095,674095,1,0,28236,geom
4767584,4767584,1,0,28236,geom
5874338,5874338,1,0,33237,geom
2921727,2921727,1,0,33237,geom
2404911,2404911,1,0,88646,geom
736118,736118,1,0,88646,geom
768527,768527,1,0,102038,geom
1080259,1080259,1,0,108000,geom
2433573,2433573,1,0,9009,geom
7950707,7950707,1,0,9009,geom
6461956,6461956,1,0,9009,geom
3367509,3367509,1,0,88322,geom
2303624,2303624,1,0,88322,geom
8110237,8110237,1,0,88322,geom
5508882,5508882,1,0,66364,geom
7178069,7178069,1,0,66364,geom
6369965,6369965,1,0,122742,geom
5659894,5659894,1,0,122742,geom
3787223,3787223,1,0,21031,geom
7816915,7816915,1,0,39531,geom
1916850,1916850,1,0,96024,geom
1469240,1469240,1,0,54533,geom
6413205,6413205,1,0,54533,geom
6155678,6155678,1,0,76080,geom
3925975,3925975,1,0,76080,geom
5619350,5619350,1,0,32815,geom
8874883,8874883,1,0,14395,geom
129422,129422,1,0,8542,geom
583860,583860,1,0,8542,geom
1975041,1975041,1,0,43477,geom
9889767,9889767,1,0,43477,geom
2645974,2645983,10,0,94405,geom
3239043,3239043,1,0,94405,geom
9367562,9367562,1,0,108185,geom
4564587,4564587,1,0,41533,geom
1837533,1837533,1,0,41533,geom
3988320,3988320,1,0,41533,geom
6034026,6034026,1,0,51521,geom
8820574,8820574,1,0,121308,geom
2757750,2757750,1,0,63072,geom
9679113,9679113,1,0,9999,geom
5136618,5136618,1,0,53143,geom
1795151,1795151,1,0,112116,geom
2040218,2040218,1,0,112116,geom
5633637,5633637,1,0,2581,geom
5021371,5021371,1,0,75736,geom
9743823,9743823,1,0,75736,geom
9420151,9420151,1,0,71515,geom
1370373,1370373,1,0,71515,geom
8609682,8609682,1,0,71515,geom
7172877,7172877,1,0,104592,geom
6097684,6097684,1,0,104592,geom
3711935,3711935,1,0,30279,geom
5583361,5583361,1,0,30279,geom
2435802,2435802,1,0,30279,geom
2455972,2455972,1,0,114777,geom
7043568,7043568,1,0,114777,geom
3216731,3216731,1,0,44661,geom
8742485,8742485,1,0,20749,geom
129278,129278,1,0,119855,geom
576087,576087,1,0,121810,geom
945671,945671,1,0,88912,geom
9054710,9054710,1,0,88912,geom
9377042,9377042,1,0,112849,geom
5968307,5968307,1,0,42829,geom
2656802,2656802,1,0,67432,geom
3594605,3594605,1,0,76455,geom
4103357,4103357,1,0,92400,geom
1999524,1999524,1,0,51080,geom
4813184,4813184,1,0,102677,geom
3031053,3031053,1,0,78423,geom
4958288,4958288,1,0,78423,geom
1028683,1028683,1,0,78423,geom
2031166,2031166,1,0,78423,geom
6569518,6569518,1,0,71776,geom
7234676,7234676,1,0,119941,geom
5996960,5996960,1,0,119941,geom
6186880,6186880,1,0,45460,geom
6517066,6517066,1,0,84861,geom
843797,843797,1,0,47327,geom
5078594,5078594,1,0,79737,geom
6287056,6287056,1,0,73629,geom
6400608,6400608,1,0,93826,geom
31494,31494,1,0,118630,geom
6614922,6614922,1,0,118630,geom
161489,161489,1,0,83096,geom
3933225,3933225,1,0,89598,geom
7232541,7232541,1,0,29672,geom
8729837,8729837,1,0,29672,geom
9360572,9360572,1,0,29672,geom
5644783,5644783,1,0,29672,geom
1355372,1355396,25,0,13818,geom
5572436,5572436,1,0,13818,geom
480322,480322,1,0,56896,geom
2028916,2028916,1,0,102747,geom
4831118,4831118,1,0,102747,geom
6215905,6215905,1,0,54411,geom
3540210,3540210,1,0,54411,geom
5487757,5487757,1,0,17817,geom
3923596,3923596,1,0,43468,geom
8593945,8593945,1,0,107855,geom
8949859,8949859,1,0,107855,geom
3014866,3014866,1,0,107855,geom
8885582,8885582,1,0,107855,geom
9309144,9309144,1,0,53375,geom
1526621,1526621,1,0,67417,geom
9763895,9763895,1,0,119309,geom
7370864,7370864,1,0,69270,geom
5232542,5232542,1,0,87203,geom
3633274,3633274,1,0,48784,geom
8345768,8345768,1,0,57122,geom
251236,251236,1,0,98714,geom
6817811,6817811,1,0,117155,geom
5798618,5798618,1,0,117155,geom
6406479,6406479,1,0,34523,geom
9902555,9902555,1,0,82231,geom
8472384,8472384,1,0,114882,geom
9803635,9803635,1,0,114882,geom
8637689,8637689,1,0,114882,geom
2435802,2435802,1,0,45253,geom
5743764,5743764,1,0,84919,geom
13395,13395,1,0,45476,geom
3662530,3662530,1,0,45476,geom
3938624,3938624,1,0,40071,geom
9882840,9882840,1,0,40071,geom
702559,702559,1,0,27912,geom
5002652,5002652,1,0,27912,geom
3733149,3733149,1,0,63684,geom
636959,636959,1,0,63684,geom
6554942,6554942,1,0,9751,geom
9541972,9541972,1,0,9751,geom
2547810,2547810,1,0,17683,geom
640862,640862,1,0,25588,geom
8775585,8775585,1,0,25588,geom
8596300,8596300,1,0,37646,geom
166617,166617,1,0,37646,geom
3352135,3352135,1,0,88711,geom
4416316,4416316,1,0,93011,geom
2088483,2088483,1,0,93011,geom
6277586,6277586,1,0,76513,geom
2761962,2761962,1,0,109096,geom
2509265,2509265,1,0,109096,geom
7952605,7952605,1,0,34410,geom
7411428,7411428,1,0,114927,geom
2415869,2415869,1,0,114927,geom
2197823,2197823,1,0,48536,geom
5277581,5277581,1,0,14610,geom
9142626,9142647,22,0,100005,geom
289809,289809,1,0,16402,geom
929839,929839,1,0,16402,geom
4935330,4935330,1,0,16402,geom
1452096,1452096,1,0,16402,geom
4594556,4594556,1,0,10779,geom
6480926,6480926,1,0,10779,geom
3893220,3893220,1,0,22750,geom
1315633,1315633,1,0,22750,geom
5515502,5515502,1,0,91005,geom
7003492,7003492,1,0,91005,geom
1007185,1007185,1,0,279,geom
3011023,3011023,1,0,279,geom
2287312,2287312,1,0,104022,geom
9631814,9631814,1,0,116705,geom
7333895,7333895,1,0,97710,geom
4909174,4909174,1,0,37551,geom
5106521,5106521,1,0,37551,geom
2033731,2033739,9,0,112322,geom
9260027,9260027,1,0,123102,geom
8105424,8105424,1,0,100717,geom
4295189,4295189,1,0,91914,geom
3461600,3461600,1,0,91914,geom
4230509,4230509,1,0,6806,geom
91355,91355,1,0,6806,geom
5166410,5166410,1,0,121036,geom
1660942,1660942,1,0,120735,geom
2404854,2404854,1,0,62330,geom
8771163,8771163,1,0,25824,geom
8206483,8206483,1,0,66899,geom
682002,682002,1,0,14867,geom
6561926,6561926,1,0,14867,geom
2169519,2169519,1,0,96531,geom
9629208,9629208,1,0,8192,geom
1383025,1383025,1,0,8192,geom
2966963,2966963,1,0,814,geom
3762261,3762261,1,0,37086,geom
8474192,8474192,1,0,115729,geom
2435379,2435379,1,0,115729,geom
4233579,4233579,1,0,115729,geom
6527694,6527694,1,0,69556,geom
4610311,4610311,1,0,109094,geom
2159186,2159186,1,0,109094,geom
1963279,1963279,1,0,109094,geom
7229320,7229320,1,0,79911,geom
3905989,3905989,1,0,79911,geom
3574945,3574945,1,0,79911,geom
2874732,2874732,1,0,88118,geom
728775,728775,1,0,90144,geom
6122274,6122274,1,0,102147,geom
3351424,3351424,1,0,109806,geom
9817844,9817844,1,0,71665,geom
4123904,4123904,1,0,119602,geom
1540629,1540629,1,0,58519,geom
8559659,8559659,1,0,58519,geom
4278721,4278721,1,0,6102,geom
7049106,7049106,1,0,6102,geom
1912439,1912439,1,0,6102,geom
4235588,4235588,1,0,105942,geom
1837533,1837533,1,0,105942,geom
4343674,4343674,1,0,36190,geom
8135022,8135022,1,0,22400,geom
1059761,1059761,1,0,22400,geom
9183970,9183970,1,0,22400,geom
7964305,7964305,1,0,22400,geom
1808119,1808119,1,0,22400,geom
3858816,3858816,1,0,93624,geom
8129872,8129872,1,0,93624,geom
5640059,5640059,1,0,57108,geom
8822068,8822068,1,0,81092,geom
8593945,8593945,1,0,94139,geom
2130843,2130843,1,0,83433,geom
164062,164062,1,0,105635,geom
8419605,8419605,1,0,105635,geom
8563519,8563519,1,0,45164,geom
8187589,8187589,1,0,45164,geom
1880175,1880175,1,0,4692,geom
8407032,8407032,1,0,4692,geom
7767482,7767482,1,0,4692,geom
7765240,7765240,1,0,42086,geom
4973708,4973708,1,0,42086,geom
919071,919071,1,0,8476,geom
3926042,3926042,1,0,116671,geom
590377,590377,1,0,90896,geom
1186794,1186794,1,0,30374,geom
1133831,1133831,1,0,30374,geom
7035830,7035830,1,0,83432,geom
4785508,4785508,1,0,83432,geom
1093321,1093321,1,0,3399,geom
4196965,4196965,1,0,3399,geom
8943176,8943176,1,0,3399,geom
7571766,7571766,1,0,52481,geom
7608848,7608848,1,0,65730,geom
8130619,8130619,1,0,6641,geom
2656925,2656925,1,0,6641,geom
4813184,4813184,1,0,28796,geom
3230656,3230656,1,0,72609,geom
6156797,6156797,1,0,72609,geom
6624599,6624599,1,0,90817,geom
6345247,6345247,1,0,74439,geom
7678230,7678230,1,0,74439,geom
1940267,1940267,1,0,74439,geom
9765577,9765577,1,0,89309,geom
6777453,6777453,1,0,104590,geom
9381610,9381610,1,0,91950,geom
9022937,9022937,1,0,91950,geom
9077201,9077201,1,0,91950,geom
8069883,8069883,1,0,101720,geom
7819616,7819616,1,0,7269,geom
4904018,4904018,1,0,62128,geom
4757604,4757604,1,0,62128,geom
3779595,3779595,1,0,83269,geom
1999128,1999128,1,0,87168,geom
9218266,9218266,1,0,28113,geom
9416544,9416544,1,0,28113,geom
4835598,4835598,1,0,116898,geom
9886681,9886681,1,0,74861,geom
1981996,1981996,1,0,74861,geom
2324834,2324834,1,0,74861,geom
794198,794198,1,0,74861,geom
9083227,9083227,1,0,112321,geom
9077201,9077201,1,0,29172,geom
1403610,1403610,1,0,22046,geom
5392926,5392926,1,0,22046,geom
6913042,6913042,1,0,52027,geom
2069816,2069816,1,0,89727,geom
204673,204673,1,0,15334,geom
7731745,7731745,1,0,15334,geom
2333181,2333181,1,0,48589,geom
3152558,3152558,1,0,47425,geom
3960780,3960780,1,0,11610,geom
8355070,8355070,1,0,110968,geom
2236125,2236125,1,0,110968,geom
7517418,7517418,1,0,124705,geom
6449580,6449580,1,0,124705,geom
7125842,7125842,1,0,102931,geom
7063840,7063840,1,0,36524,geom
7902301,7902301,1,0,33433,geom
7192799,7192799,1,0,33433,geom
4278395,4278395,1,0,13766,geom
5804126,5804162,37,0,83133,geom
3921643,3921643,1,0,83133,geom
2197952,2197952,1,0,105146,geom
9092074,9092074,1,0,9810,geom
3950412,3950412,1,0,9810,geom
9790786,9790786,1,0,88717,geom
4739563,4739563,1,0,116426,geom
8771163,8771163,1,0,2869,geom
5013626,5013626,1,0,48195,geom
7477770,7477770,1,0,48195,geom
4470543,4470543,1,0,48195,geom
7503164,7503164,1,0,64195,geom
5783087,5783087,1,0,93271,geom
8077073,8077073,1,0,91290,geom
1020565,1020565,1,0,91073,geom
5575146,5575146,1,0,14505,geom
1708230,1708230,1,0,16217,geom
1459891,1459891,1,0,16217,geom
6547205,6547205,1,0,16217,geom
8318885,8318885,1,0,45407,geom
8801822,8801822,1,0,45407,geom
9632027,9632027,1,0,99151,geom
3170905,3170905,1,0,52413,geom
7841468,7841468,1,0,114633,geom
9702611,9702611,1,0,90143,geom
5039683,5039683,1,0,122693,geom
5303556,5303565,10,0,122693,geom
7712224,7712224,1,0,39032,geom
9144090,9144090,1,0,120828,geom
6570489,6570489,1,0,5347,geom
4040332,4040332,1,0,5347,geom
3685117,3685117,1,0,70492,geom
1934133,1934133,1,0,14492,geom
7333895,7333895,1,0,14492,geom
6271359,6271359,1,0,31724,geom
4395571,4395571,1,0,13977,geom
9620385,9620385,1,0,30305,geom
8868725,8868725,1,0,26074,geom
4486916,4486916,1,0,99366,geom
8452397,8452397,1,0,99366,geom
4676656,4676656,1,0,52006,geom
3359594,3359594,1,0,52006,geom
4584758,4584758,1,0,123174,geom
3038464,3038464,1,0,123174,geom
469376,469376,1,0,123174,geom
5424880,5424880,1,0,96105,geom
1516303,1516303,1,0,25670,geom
3165326,3165326,1,0,56549,geom
4719857,4719857,1,0,56549,geom
5118259,5118259,1,0,54037,geom
6677648,6677648,1,0,54037,geom
792748,792748,1,0,81539,geom
78873,78873,1,0,90772,geom
962893,962893,1,0,47113,geom
1826879,1826879,1,0,47113,geom
5136925,5136925,1,0,77317,geom
7811020,7811020,1,0,77317,geom
4549758,4549758,1,0,61218,geom
8885551,8885551,1,0,27683,geom
651423,651423,1,0,72290,geom
9396965,9396965,1,0,33048,geom
1518005,1518005,1,0,33048,geom
5141335,5141335,1,0,53361,geom
7266749,7266749,1,0,53361,geom
4143955,4143955,1,0,66837,geom
5459931,5459931,1,0,45010,geom
1816766,1816766,1,0,45010,geom
1961377,1961377,1,0,25163,geom
798669,798669,1,0,25163,geom
6552505,6552505,1,0,111486,geom
8547965,8547965,1,0,111486,geom
8394367,8394367,1,0,111486,geom
2032917,2032917,1,0,122777,geom
7987528,7987528,1,0,122777,geom
2424775,2424775,1,0,3326,geom
1745741,1745741,1,0,82550,geom
4229921,4229921,1,0,82550,geom
613528,613528,1,0,17652,geom
1708230,1708230,1,0,17652,geom
3786878,3786878,1,0,24557,geom
6145647,6145647,1,0,57080,geom
4155029,4155029,1,0,32376,geom
7098093,7098093,1,0,114777,geom
9523662,9523662,1,0,114777,geom
912648,912648,1,0,114777,geom
8904000,8904000,1,0,57634,geom
843797,843797,1,0,57634,geom
4227695,4227695,1,0,3112,geom
5798482,5798482,1,0,3112,geom
6597655,6597655,1,0,71521,geom
6291975,6291975,1,0,23894,geom
5188487,5188487,1,0,11701,geom
5527853,5527853,1,0,11701,geom
9618979,9618979,1,0,79866,geom
5425005,5425005,1,0,79866,geom
8284811,8284811,1,0,11239,geom
194264,194264,1,0,63924,geom
5837098,5837098,1,0,63924,geom
1546904,1546904,1,0,70460,geom
3815096,3815096,1,0,38699,geom
6824657,6824657,1,0,27479,geom
625663,625663,1,0,86203,geom
4676926,4676926,1,0,18189,geom
7474410,7474410,1,0,18189,geom
4956730,4956730,1,0,96813,geom
7098371,7098371,1,0,21031,geom
3229735,3229735,1,0,21031,geom
5787499,5787499,1,0,124158,geom
1672186,1672186,1,0,124158,geom
9888575,9888575,1,0,101869,geom
940756,940756,1,0,17689,geom
3304161,3304161,1,0,17689,geom
3213483,3213483,1,0,81535,geom
4489323,4489323,1,0,81535,geom
1890859,1890859,1,0,81535,geom
9870040,9870040,1,0,61697,geom
3748323,3748323,1,0,61697,geom
2709809,2709809,1,0,81327,geom
8759017,8759017,1,0,65815,geom
8358211,8358211,1,0,104356,geom
3817258,3817258,1,0,119881,geom
9917546,9917546,1,0,25859,geom
6751043,6751043,1,0,25859,geom
9704760,9704760,1,0,107031,geom
9074534,9074534,1,0,3122,geom
8262466,8262466,1,0,3122,geom
6304611,6304611,1,0,3122,geom
5622557,5622557,1,0,3122,geom
4966376,4966376,1,0,107558,geom
5548394,5548394,1,0,96416,geom
1166014,1166014,1,0,102524,geom
6702637,6702637,1,0,43481,geom
2151875,2151875,1,0,43481,geom
1161407,1161407,1,0,43481,geom
9934649,9934649,1,0,43481,geom
2986226,2986226,1,0,56384,geom
6698022,6698022,1,0,56384,geom
8291814,8291814,1,0,56384,geom
7410445,7410445,1,0,56384,geom
8552551,8552551,1,0,2197,geom
2104900,2104900,1,0,2197,geom
5757778,5757778,1,0,115443,geom
8941251,8941251,1,0,32243,geom
5969635,5969635,1,0,54689,geom
9828247,9828247,1,0,93333,geom
2006032,2006032,1,0,8979,geom
2870736,2870736,1,0,8979,geom
7595441,7595441,1,0,8520,geom
4806995,4806995,1,0,75224,geom
9725423,9725423,1,0,14387,geom
7315201,7315201,1,0,124490,geom
2817449,2817449,1,0,27222,geom
1757075,1757075,1,0,43535,geom
2055241,2055241,1,0,51618,geom
8162946,8162946,1,0,6996,geom
1947937,1947937,1,0,16338,geom
3223313,3223313,1,0,51327,geom
3767432,3767432,1,0,92982,geom
1949365,1949365,1,0,92982,geom
2470372,2470372,1,0,13970,geom
255601,255601,1,0,6252,geom
7473736,7473736,1,0,6252,geom
5371649,5371649,1,0,25832,geom
5559956,5559956,1,0,25832,geom
9481447,9481447,1,0,25832,geom
7760053,7760053,1,0,43711,geom
1400275,1400275,1,0,58652,geom
6561327,6561327,1,0,69964,geom
1449972,1449972,1,0,124091,geom
1185170,1185170,1,0,66428,geom
3993600,3993600,1,0,66428,geom
3271092,3271092,1,0,53111,geom
8064182,8064182,1,0,53111,geom
2817242,2817242,1,0,53111,geom
3248757,3248757,1,0,12463,geom
6949455,6949455,1,0,92495,geom
3493484,3493484,1,0,92495,geom
9936024,9936024,1,0,123541,geom
680046,680046,1,0,86704,geom
3021109,3021109,1,0,71363,geom
7287798,7287798,1,0,55011,geom
6567164,6567164,1,0,85416,geom
7945848,7945848,1,0,85416,geom
7510430,7510430,1,0,85416,geom
2343508,2343508,1,0,12313,geom
5721077,5721077,1,0,12313,geom
3753645,3753645,1,0,24512,geom
1098929,1098929,1,0,24512,geom
3946987,3946987,1,0,6950,geom
7523270,7523270,1,0,104437,geom
1626930,1626930,1,0,80524,geom
4638272,4638272,1,0,80524,geom
1446647,1446647,1,0,33515,geom
4979454,4979454,1,0,33515,geom
3180697,3180697,1,0,43729,geom
6276808,6276808,1,0,89638,geom
4482410,4482410,1,0,23411,geom
1391164,1391164,1,0,23411,geom
7722921,7722921,1,0,74031,geom
6301936,6301936,1,0,58364,geom
8713355,8713355,1,0,109960,geom
3815096,3815096,1,0,36382,geom
8367132,8367132,1,0,36382,geom
4457821,4457821,1,0,19301,geom
8035934,8035934,1,0,100871,geom
2851850,2851850,1,0,100871,geom
5318440,5318440,1,0,12894,geom
6557051,6557051,1,0,120441,geom
3671846,3671846,1,0,123292,geom
9641700,9641700,1,0,120207,geom
6899065,6899065,1,0,120207,geom
8270168,8270168,1,0,86099,geom
9470222,9470254,33,0,81019,geom
2656677,2656677,1,0,81019,geom
4657709,4657709,1,0,17211,geom
7172877,7172877,1,0,17211,geom
3273385,3273385,1,0,54052,geom
8487271,8487271,1,0,54052,geom
5104666,5104666,1,0,9151,geom
3792407,3792407,1,0,9151,geom
7088062,7088062,1,0,77779,geom
4580941,4580941,1,0,77779,geom
1166708,1166708,1,0,31199,geom
1481737,1481737,1,0,31199,geom
4474963,4474963,1,0,112630,geom
2099451,2099451,1,0,63746,geom
760185,760185,1,0,63544,geom
3310670,3310670,1,0,63544,geom
5308127,5308127,1,0,63544,geom
2185521,2185521,1,0,63544,geom
9239265,9239265,1,0,60576,geom
3383160,3383160,1,0,24506,geom
1802201,1802201,1,0,24506,geom
4227872,4227872,1,0,34188,geom
6603306,6603306,1,0,34188,geom
5572436,5572436,1,0,15447,geom
6840286,6840286,1,0,15447,geom
7737909,7737909,1,0,24588,geom
5583361,5583361,1,0,56673,geom
9484057,9484057,1,0,11186,geom
5659521,5659521,1,0,11186,geom
6433265,6433265,1,0,94715,geom
381493,381493,1,0,94715,geom
3755083,3755083,1,0,94715,geom
7505357,7505357,1,0,94715,geom
665400,665400,1,0,75044,geom
3537608,3537608,1,0,75044,geom
5640410,5640410,1,0,93753,geom
8173835,8173835,1,0,93753,geom
8885091,8885091,1,0,93753,geom
3627570,3627570,1,0,39755,geom
9864947,9864947,1,0,39755,geom
5579871,5579871,1,0,59207,geom
9641800,9641800,1,0,58470,geom
5027123,5027123,1,0,1594,geom
3239354,3239354,1,0,96188,geom
9823333,9823333,1,0,65730,geom
3423905,3423905,1,0,55494,geom
9235326,9235326,1,0,55494,geom
6099725,6099725,1,0,71913,geom
5435363,5435363,1,0,71913,geom
6304059,6304059,1,0,46150,geom
1563099,1563099,1,0,81343,geom
8324593,8324593,1,0,25992,geom
9776830,9776830,1,0,85897,geom
7423238,7423238,1,0,117284,geom
6100361,6100361,1,0,117284,geom
7986642,7986642,1,0,33899,geom
7056209,7056209,1,0,2195,geom
5163551,5163551,1,0,46901,geom
9632778,9632778,1,0,46901,geom
5061615,5061615,1,0,52447,geom
1007921,1007921,1,0,52447,geom
8614911,8614911,1,0,52447,geom
7783101,7783101,1,0,25149,geom
5601893,5601893,1,0,115310,geom
4993120,4993120,1,0,11706,geom
7092657,7092657,1,0,89058,geom
5182620,5182620,1,0,89058,geom
1149536,1149536,1,0,71560,geom
1367990,1367990,1,0,42410,geom
8011526,8011526,1,0,119518,geom
860249,860249,1,0,119518,geom
2408795,2408795,1,0,119518,geom
8984273,8984273,1,0,41472,geom
8439368,8439368,1,0,87460,geom
6302973,6302973,1,0,87460,geom
6351229,6351229,1,0,28508,geom
6817282,6817282,1,0,15776,geom
4366558,4366558,1,0,15776,geom
6268280,6268280,1,0,70254,geom
2606031,2606031,1,0,88809,geom
1721840,1721840,1,0,70211,geom
3739234,3739234,1,0,96868,geom
2613732,2613732,1,0,67434,geom
4106864,4106864,1,0,67434,geom
7874760,7874760,1,0,103643,geom
3698112,3698112,1,0,103131,geom
9641800,9641800,1,0,27827,geom
2605476,2605476,1,0,58110,geom
174273,174273,1,0,58110,geom
3737295,3737295,1,0,58110,geom
6311745,6311745,1,0,41066,geom
6141051,6141051,1,0,99209,geom
7846171,7846171,1,0,52546,geom
6454924,6454924,1,0,29153,geom
9004063,9004063,1,0,27563,geom
6321999,6321999,1,0,27563,geom
3951695,3951695,1,0,25958,geom
1191560,1191560,1,0,25958,geom
3210,3210,1,0,90139,geom
3730395,3730395,1,0,4381,geom
6609748,6609748,1,0,4381,geom
3933758,3933758,1,0,25896,geom
2991577,2991577,1,0,31320,geom
7485888,7485888,1,0,122031,geom
8201464,8201464,1,0,122031,geom
1771551,1771551,1,0,66198,geom
7091012,7091012,1,0,102696,geom
2297493,2297493,1,0,47014,geom
6503189,6503189,1,0,23305,geom
556649,556649,1,0,23305,geom
2244157,2244157,1,0,751,geom
3744615,3744615,1,0,751,geom
6567164,6567164,1,0,18633,geom
4351958,4351958,1,0,18633,geom
2518303,2518303,1,0,18633,geom
5841979,5841979,1,0,93865,geom
3058643,3058643,1,0,78291,geom
966791,966791,1,0,67333,geom
2779561,2779561,1,0,68860,geom
7585137,7585137,1,0,17657,geom
9139977,9139977,1,0,17657,geom
6252161,6252161,1,0,42638,geom
9615634,9615634,1,0,70107,geom
3882495,3882495,1,0,121308,geom
4187358,4187358,1,0,90708,geom
4223493,4223493,1,0,90708,geom
9275972,9275972,1,0,37395,geom
5637482,5637482,1,0,77668,geom
2781288,2781288,1,0,64836,geom
7200283,7200283,1,0,109871,geom
4986832,4986832,1,0,109871,geom
3988320,3988320,1,0,78145,geom
8400216,8400216,1,0,69181,geom
9641800,9641800,1,0,41164,geom
6923384,6923384,1,0,120849,geom
2243669,2243669,1,0,96387,geom
4134108,4134108,1,0,96387,geom
3882495,3882495,1,0,96387,geom
9718758,9718758,1,0,96387,geom
837866,837866,1,0,18222,geom
8983980,8983980,1,0,67715,geom
3374951,3374951,1,0,67715,geom
4351283,4351283,1,0,6828,geom
3933937,3933937,1,0,45468,geom
2612188,2612188,1,0,39966,geom
2216706,2216706,1,0,14417,geom
8735496,8735496,1,0,14417,geom
16427,16427,1,0,40607,geom
2041900,2041900,1,0,76622,geom
5021799,5021799,1,0,76622,geom
3672270,3672270,1,0,51030,geom
3230468,3230468,1,0,58588,geom
1723916,1723916,1,0,122057,geom
9709706,9709706,1,0,57522,geom
6587187,6587187,1,0,57522,geom
6042693,6042693,1,0,6397,geom
7696417,7696417,1,0,6397,geom
3304024,3304024,1,0,84841,geom
9073423,9073423,1,0,3228,geom
2690796,2690796,1,0,34517,geom
8408224,8408224,1,0,34517,geom
5350763,5350763,1,0,34517,geom
7084446,7084446,1,0,114055,geom
4340922,4340922,1,0,114055,geom
8616462,8616462,1,0,16956,geom
8586853,8586853,1,0,16956,geom
7510173,7510173,1,0,65695,geom
5025443,5025443,1,0,65695,geom
1138939,1138939,1,0,96279,geom
6322520,6322520,1,0,123497,geom
1930362,1930362,1,0,123497,geom
302455,302455,1,0,123497,geom
3626581,3626581,1,0,26970,geom
6882741,6882741,1,0,26970,geom
1339045,1339045,1,0,95913,geom
4116633,4116633,1,0,59713,geom
4966734,4966734,1,0,34827,geom
2428446,2428446,1,0,118250,geom
3052878,3052878,1,0,40077,geom
2233363,2233363,1,0,106627,geom
3881641,3881641,1,0,106627,geom
7013486,7013486,1,0,64762,geom
3010522,3010522,1,0,52512,geom
7497605,7497605,1,0,6832,geom
1561210,1561210,1,0,78803,geom
1061656,1061656,1,0,78803,geom
8628236,8628236,1,0,81248,geom
5821914,5821914,1,0,81248,geom
5377736,5377736,1,0,5252,geom
9742253,9742253,1,0,5252,geom
3307680,3307680,1,0,75726,geom
2281805,2281805,1,0,75726,geom
6528256,6528256,1,0,55543,geom
6443566,6443566,1,0,87544,geom
7172877,7172877,1,0,49212,geom
4485382,4485382,1,0,71965,geom
9759422,9759422,1,0,55190,geom
5787499,5787499,1,0,55190,geom
6062808,6062808,1,0,11222,geom
3742387,3742387,1,0,21629,geom
2210179,2210179,1,0,21629,geom
6879072,6879072,1,0,9109,geom
7092657,7092657,1,0,9109,geom
8481277,8481277,1,0,107860,geom
6512955,6512955,1,0,48740,geom
9771970,9771970,1,0,5733,geom
135527,135527,1,0,52158,geom
6153579,6153579,1,0,117551,geom
2518917,2518917,1,0,117551,geom
423101,423101,1,0,58023,geom
3324420,3324420,1,0,26994,geom
4849087,4849087,1,0,62941,geom
731951,731951,1,0,62941,geom
5899959,5899959,1,0,123044,geom
7546103,7546103,1,0,61795,geom
2133753,2133753,1,0,52244,geom
122335,122335,1,0,69913,geom
7036651,7036651,1,0,69913,geom
2075017,2075017,1,0,116834,geom
543316,543316,1,0,114404,geom
431256,431256,1,0,62340,geom
6938535,6938535,1,0,62340,geom
6435069,6435069,1,0,81268,geom
9060260,9060260,1,0,6202,geom
2172378,2172378,1,0,91731,geom
7997116,7997116,1,0,91731,geom
5350462,5350462,1,0,80413,geom
2978282,2978282,1,0,86546,geom
3209171,3209171,1,0,86546,geom
4013989,4013989,1,0,78776,geom
4373610,4373610,1,0,78776,geom
1088001,1088001,1,0,2720,geom
8224090,8224090,1,0,2720,geom
7251362,7251362,1,0,71614,geom
8128966,8128966,1,0,91274,geom
1599955,1599955,1,0,91274,geom
2665559,2665559,1,0,87497,geom
5553994,5553994,1,0,87497,geom
1773044,1773044,1,0,101890,geom
4257388,4257388,1,0,104688,geom
5848246,5848246,1,0,55084,geom
135862,135862,1,0,55084,geom
1951490,1951490,1,0,99693,geom
633022,633022,1,0,99693,geom
2003261,2003261,1,0,99693,geom
4207216,4207216,1,0,13725,geom
280816,280816,1,0,70831,geom
1897278,1897278,1,0,70831,geom
3720301,3720301,1,0,23926,geom
6960460,6960460,1,0,80965,geom
1028683,1028683,1,0,80965,geom
8106696,8106696,1,0,80965,geom
7769880,7769880,1,0,63999,geom
514175,514175,1,0,63999,geom
1599618,1599618,1,0,81283,geom
6788763,6788763,1,0,117128,geom
1900632,1900632,1,0,117128,geom
1087128,1087128,1,0,21723,geom
6126390,6126390,1,0,47333,geom
8526247,8526283,37,0,119392,geom
5681443,5681443,1,0,29182,geom
435859,435863,5,0,16647,geom
9972635,9972635,1,0,8074,geom
8857625,8857625,1,0,8074,geom
19560,19560,1,0,8074,geom
7479321,7479321,1,0,87119,geom
7455271,7455287,17,0,34928,geom
6947110,6947110,1,0,90610,geom
18910,18910,1,0,72213,geom
4358504,4358504,1,0,19476,geom
3318904,3318904,1,0,19476,geom
7977122,7977122,1,0,105971,geom
8295881,8295881,1,0,87479,geom
7461048,7461048,1,0,118595,geom
1116591,1116591,1,0,54052,geom
4351793,4351793,1,0,94829,geom
3000452,3000452,1,0,100793,geom
4496259,4496259,1,0,100793,geom
4518770,4518770,1,0,100793,geom
6401140,6401140,1,0,30159,geom
4020768,4020768,1,0,30159,geom
3038464,3038464,1,0,109678,geom
997301,997301,1,0,109678,geom
8761414,8761414,1,0,109678,geom
260727,260727,1,0,106040,geom
9513253,9513253,1,0,106040,geom
9251134,9251134,1,0,41025,geom
44351,44351,1,0,41025,geom
432010,432010,1,0,51117,geom
3160,3210,51,0,79244,geom
977859,977859,1,0,79244,geom
5741738,5741738,1,0,79060,geom
1201158,1201158,1,0,63575,geom
5790318,5790318,1,0,63575,geom
2357493,2357493,1,0,72114,geom
6493139,6493139,1,0,72114,geom
5855756,5855756,1,0,92432,geom
2575638,2575638,1,0,92432,geom
5606045,5606045,1,0,924,geom
321289,321289,1,0,21082,geom
9004063,9004063,1,0,57666,geom
7112972,7112972,1,0,58242,geom
4666378,4666378,1,0,72109,geom
4468177,4468177,1,0,92266,geom
4206934,4206934,1,0,73772,geom
825339,825339,1,0,34649,geom
2509265,2509265,1,0,96510,geom
8255358,8255405,48,0,20461,geom
8904813,8904813,1,0,42256,geom
3741995,3741995,1,0,121713,geom
1088360,1088360,1,0,121713,geom
4421915,4421915,1,0,34297,geom
70311,70311,1,0,30137,geom
98109,98109,1,0,30137,geom
7783101,7783101,1,0,100153,geom
6432506,6432506,1,0,77575,geom
4681167,4681167,1,0,75088,geom
9252220,9252220,1,0,217,geom
2891495,2891495,1,0,217,geom
7623903,7623903,1,0,124102,geom
3052537,3052537,1,0,76844,geom
5811009,5811009,1,0,76844,geom
6401140,6401140,1,0,36136,geom
117409,117409,1,0,37287,geom
1911688,1911688,1,0,86663,geom
3681708,3681708,1,0,96137,geom
6574368,6574368,1,0,110039,geom
4909906,4909906,1,0,108134,geom
6153822,6153822,1,0,73518,geom
2317441,2317441,1,0,54115,geom
1599955,1599955,1,0,54115,geom
1538328,1538328,1,0,82692,geom
5313331,5313331,1,0,7462,geom
4479035,4479035,1,0,7462,geom
6593254,6593254,1,0,97310,geom
1587701,1587701,1,0,39781,geom
6821174,6821174,1,0,39781,geom
6130403,6130403,1,0,39781,geom
4544201,4544201,1,0,58102,geom
9709706,9709706,1,0,101042,geom
7353820,7353820,1,0,103855,geom
5659312,5659312,1,0,103855,geom
7352131,7352131,1,0,76726,geom
8307298,8307298,1,0,76726,geom
9954060,9954060,1,0,59626,geom
3809814,3809832,19,0,97747,geom
4895166,4895166,1,0,11235,geom
7283129,7283129,1,0,124111,geom
9641800,9641800,1,0,121324,geom
7489692,7489692,1,0,86272,geom
4909107,4909107,1,0,65858,geom
662412,662412,1,0,65858,geom
7556423,7556423,1,0,50506,geom
500332,500332,1,0,74496,geom
2117256,2117256,1,0,122155,geom
1575146,1575146,1,0,26630,geom
4158469,4158469,1,0,110526,geom
2248442,2248442,1,0,110526,geom
6941937,6941937,1,0,110526,geom
4974779,4974779,1,0,120083,geom
9195157,9195173,17,0,121853,geom
136916,136916,1,0,70961,geom
8749061,8749061,1,0,110645,geom
5766766,5766766,1,0,110645,geom
8665291,8665291,1,0,116650,geom
6177121,6177121,1,0,53489,geom
7832370,7832370,1,0,25684,geom
3522267,3522267,1,0,94001,geom
7047187,7047187,1,0,94001,geom
4692722,4692722,1,0,94001,geom
8035897,8035934,38,0,123535,geom
7527079,7527079,1,0,123535,geom
2009711,2009711,1,0,27712,geom
4158433,4158433,1,0,27712,geom
5425962,5425962,1,0,55104,geom
3452870,3452870,1,0,55104,geom
4366388,4366388,1,0,81508,geom
5930138,5930138,1,0,97399,geom
423837,423837,1,0,97399,geom
5590313,5590313,1,0,72158,geom
5837098,5837098,1,0,72158,geom
2713036,2713036,1,0,65489,geom
3174032,3174032,1,0,65489,geom
5338751,5338751,1,0,114848,geom
4100030,4100063,34,0,41915,geom
7057404,7057404,1,0,123238,geom
7315397,7315397,1,0,123238,geom
7051273,7051273,1,0,123238,geom
9484057,9484057,1,0,18419,geom
7785192,7785192,1,0,13563,geom
4789303,4789303,1,0,47260,geom
1541500,1541500,1,0,12236,geom
4343674,4343674,1,0,90305,geom
277916,277916,1,0,90305,geom
7627854,7627854,1,0,61788,geom
6938227,6938227,1,0,63251,geom
6194930,6194930,1,0,496,geom
7494808,7494808,1,0,6931,geom
5901639,5901639,1,0,6931,geom
3844734,3844734,1,0,6931,geom
8098199,8098199,1,0,17845,geom
8051548,8051564,17,0,17845,geom
8574675,8574675,1,0,76442,geom
4814859,4814859,1,0,76442,geom
2772463,2772463,1,0,97371,geom
9275972,9275972,1,0,16573,geom
3486214,3486214,1,0,48430,geom
6501138,6501138,1,0,51335,geom
1849750,1849750,1,0,5140,geom
5837098,5837098,1,0,5140,geom
9002620,9002620,1,0,22875,geom
2456626,2456626,1,0,80601,geom
6564352,6564352,1,0,101586,geom
5642874,5642874,1,0,101586,geom
6070409,6070409,1,0,117401,geom
5726987,5726987,1,0,117401,geom
5386163,5386163,1,0,48097,geom
7234676,7234676,1,0,91814,geom
3824763,3824763,1,0,91814,geom
7056209,7056209,1,0,67088,geom
1611659,1611659,1,0,67088,geom
7975877,7975877,1,0,12860,geom
4821783,4821786,4,0,12860,geom
4345061,4345061,1,0,63371,geom
7235787,7235787,1,0,95676,geom
6237299,6237299,1,0,31783,geom
5964804,5964804,1,0,65224,geom
3242503,3242503,1,0,65035,geom
7150165,7150172,8,0,65035,geom
4970695,4970695,1,0,65035,geom
5698029,5698029,1,0,66860,geom
1968125,1968125,1,0,66860,geom
3627570,3627570,1,0,66860,geom
9708855,9708855,1,0,72475,geom
7706056,7706056,1,0,63863,geom
252890,252890,1,0,13675,geom
6392059,6392059,1,0,13675,geom
5138596,5138596,1,0,13675,geom
1156264,1156264,1,0,9379,geom
5102596,5102596,1,0,9379,geom
3593293,3593293,1,0,75820,geom
674771,674771,1,0,117089,geom
4840212,4840212,1,0,70211,geom
1286827,1286827,1,0,70211,geom
4243350,4243407,58,0,82263,geom
4695157,4695157,1,0,56599,geom
8941856,8941856,1,0,2415,geom
5820677,5820677,1,0,22867,geom
623418,623418,1,0,100278,geom
6072306,6072306,1,0,47367,geom
6242343,6242343,1,0,47367,geom
3410203,3410203,1,0,47367,geom
3998279,3998279,1,0,47828,geom
7430266,7430266,1,0,47828,geom
5078673,5078673,1,0,73618,geom
2631710,2631710,1,0,55930,geom
2660030,2660030,1,0,95041,geom
8002112,8002112,1,0,119688,geom
7220127,7220127,1,0,119688,geom
1901414,1901414,1,0,12007,geom
3849590,3849590,1,0,76151,geom
1782064,1782064,1,0,4942,geom
1623441,1623441,1,0,4942,geom
3396805,3396805,1,0,2236,geom
5686559,5686559,1,0,7014,geom
7974619,7974619,1,0,30654,geom
2237275,2237275,1,0,19812,geom
4770069,4770069,1,0,18908,geom
9712287,9712287,1,0,18908,geom
2201168,2201168,1,0,11743,geom
636253,636253,1,0,86912,geom
4187177,4187177,1,0,122510,geom
8133098,8133098,1,0,5341,geom
9742490,9742490,1,0,111767,geom
9387635,9387635,1,0,111767,geom
1020565,1020565,1,0,111767,geom
938792,938792,1,0,97585,geom
7096957,7096957,1,0,65371,geom
4805581,4805581,1,0,65371,geom
8315535,8315535,1,0,93383,geom
991913,991913,1,0,93383,geom
496168,496168,1,0,76544,geom
5078673,5078673,1,0,29995,geom
8919459,8919459,1,0,99512,geom
3302101,3302101,1,0,43762,geom
849616,849616,1,0,121765,geom
8321301,8321301,1,0,11530,geom
4099398,4099398,1,0,117379,geom
8691244,8691244,1,0,44441,geom
9644803,9644803,1,0,6129,geom
430595,430595,1,0,6129,geom
1385898,1385898,1,0,61631,geom
834601,834601,1,0,61631,geom
8540443,8540443,1,0,83470,geom
1972614,1972614,1,0,17626,geom
1144108,1144108,1,0,10201,geom
7801054,7801054,1,0,63221,geom
4075325,4075325,1,0,77327,geom
49122,49122,1,0,18289,geom
3051525,3051525,1,0,43326,geom
2943052,2943052,1,0,89689,geom
9142626,9142626,1,0,89689,geom
1939653,1939653,1,0,26028,geom
9045674,9045674,1,0,70701,geom
7103592,7103592,1,0,3479,geom
160469,160469,1,0,92712,geom
296647,296647,1,0,92712,geom
1546904,1546904,1,0,92712,geom
8475198,8475198,1,0,77247,geom
4848944,4849018,75,0,77247,geom
1643177,1643177,1,0,122502,geom
7821200,7821200,1,0,122502,geom
5983408,5983408,1,0,102926,geom
4677908,4677908,1,0,38254,geom
4959386,4959386,1,0,38254,geom
1837159,1837159,1,0,38254,geom
817350,817350,1,0,87477,geom
8854478,8854478,1,0,87477,geom
1205936,1205936,1,0,102959,geom
4915782,4915782,1,0,102959,geom
2233803,2233803,1,0,92393,geom
6477623,6477623,1,0,58959,geom
2823543,2823543,1,0,87021,geom
8420597,8420597,1,0,56608,geom
1877055,1877055,1,0,56608,geom
5268568,5268568,1,0,4069,geom
4934308,4934308,1,0,4069,geom
4939044,4939044,1,0,79691,geom
5575922,5575922,1,0,79691,geom
9243959,9243959,1,0,24354,geom
8173416,8173416,1,0,93297,geom
6992265,6992265,1,0,93297,geom
9849690,9849690,1,0,42006,geom
8395994,8395994,1,0,42006,geom
2719364,2719364,1,0,97724,geom
8574796,8574796,1,0,63164,geom
5561411,5561411,1,0,63164,geom
6569947,6569947,1,0,10249,geom
3183748,3183748,1,0,46832,geom
9660416,9660416,1,0,44875,geom
8395653,8395653,1,0,88084,geom
4653534,4653534,1,0,88084,geom
5759264,5759264,1,0,88554,geom
8828947,8828947,1,0,115748,geom
9927357,9927357,1,0,70986,geom
626995,626995,1,0,70986,geom
9861469,9861469,1,0,89196,geom
1339045,1339045,1,0,76718,geom
5387825,5387825,1,0,76718,geom
5575146,5575146,1,0,91355,geom
2171730,2171730,1,0,24995,geom
8356458,8356458,1,0,102691,geom
2694360,2694360,1,0,115874,geom
9747000,9747000,1,0,20577,geom
4755163,4755163,1,0,30783,geom
1780761,1780761,1,0,20121,geom
3164364,3164364,1,0,21851,geom
7040100,7040100,1,0,93069,geom
4195845,4195845,1,0,99118,geom
702559,702559,1,0,99118,geom
7003903,7003903,1,0,87041,geom
3681708,3681708,1,0,95579,geom
6473518,6473518,1,0,95579,geom
3749006,3749006,1,0,99662,geom
920194,920194,1,0,64532,geom
2794046,2794046,1,0,64532,geom
1353844,1353844,1,0,9649,geom
9762523,9762523,1,0,7073,geom
5940989,5940989,1,0,111205,geom
6541878,6541878,1,0,111205,geom
8686880,8686880,1,0,111205,geom
3333711,3333711,1,0,111205,geom
2027090,2027090,1,0,111205,geom
5668415,5668415,1,0,25785,geom
1421938,1421938,1,0,25785,geom
1084988,1084988,1,0,116050,geom
6348149,6348149,1,0,52659,geom
9917132,9917132,1,0,37777,geom
4915782,4915782,1,0,30606,geom
7953175,7953175,1,0,30606,geom
452338,452338,1,0,30606,geom
676966,676966,1,0,98434,geom
6388179,6388179,1,0,120991,geom
5141120,5141120,1,0,116825,geom
9312940,9312940,1,0,64134,geom
8319523,8319523,1,0,33555,geom
835063,835063,1,0,33555,geom
2414210,2414210,1,0,24566,geom
3844128,3844128,1,0,43874,geom
9172551,9172551,1,0,27381,geom
7518395,7518395,1,0,117927,geom
9692036,9692036,1,0,84308,geom
923093,923093,1,0,84308,geom
6422418,6422418,1,0,79119,geom
922492,922492,1,0,28000,geom
8078481,8078481,1,0,28000,geom
1322001,1322001,1,0,54104,geom
1378783,1378783,1,0,54104,geom
4155602,4155602,1,0,23905,geom
6309012,6309012,1,0,23905,geom
9897714,9897714,1,0,7028,geom
7972414,7972414,1,0,7028,geom
7030449,7030449,1,0,7028,geom
5743175,5743175,1,0,90146,geom
2269096,2269096,1,0,90146,geom
2580513,2580513,1,0,21904,geom
8321209,8321209,1,0,9872,geom
5550542,5550542,1,0,9872,geom
3282844,3282844,1,0,9872,geom
5987716,5987716,1,0,115675,geom
3005937,3005937,1,0,15598,geom
4789395,4789395,1,0,96490,geom
6147349,6147349,1,0,58667,geom
6193782,6193782,1,0,41812,geom
3159249,3159249,1,0,36913,geom
8746486,8746486,1,0,55618,geom
9614721,9614721,1,0,55618,geom
5179222,5179222,1,0,32619,geom
1361164,1361164,1,0,52003,geom
3805269,3805269,1,0,46405,geom
896526,896526,1,0,46405,geom
5363472,5363472,1,0,106691,geom
3230302,3230302,1,0,106691,geom
508481,508481,1,0,22876,geom
4600650,4600650,1,0,22876,geom
6325752,6325752,1,0,80481,geom
7322247,7322247,1,0,26930,geom
6554942,6554942,1,0,26103,geom
3219626,3219626,1,0,66287,geom
3358336,3358336,1,0,66287,geom
4883757,4883757,1,0,73511,geom
7374282,7374282,1,0,41413,geom
7207796,7207796,1,0,41413,geom
7503164,7503164,1,0,4945,geom
4754860,4754860,1,0,4945,geom
6583746,6583746,1,0,4945,geom
8312469,8312469,1,0,4945,geom
6606954,6606954,1,0,82414,geom
2960803,2960803,1,0,91094,geom
5224502,5224502,1,0,34496,geom
2268429,2268429,1,0,23743,geom
6595336,6595336,1,0,60289,geom
3662738,3662738,1,0,52817,geom
5790318,5790318,1,0,52817,geom
5161285,5161285,1,0,41035,geom
8284277,8284277,1,0,41035,geom
2217009,2217009,1,0,5554,geom
502767,502767,1,0,82070,geom
8116572,8116572,1,0,67145,geom
7900209,7900209,1,0,119818,geom
9890077,9890077,1,0,36513,geom
8590733,8590733,1,0,98904,geom
9172551,9172551,1,0,75214,geom
7518395,7518395,1,0,116996,geom
2113245,2113245,1,0,43414,geom
2752770,2752770,1,0,43414,geom
9457194,9457194,1,0,38813,geom
6016796,6016796,1,0,93860,geom
9793000,9793000,1,0,120351,geom
6478896,6478896,1,0,34917,geom
8284277,8284277,1,0,34917,geom
6693202,6693202,1,0,115807,geom
3959328,3959328,1,0,78840,geom
4059064,4059064,1,0,78840,geom
998543,998543,1,0,11603,geom
1286827,1286827,1,0,55975,geom
6803618,6803618,1,0,55975,geom
4554224,4554224,1,0,70175,geom
3967972,3967972,1,0,92712,geom
7273986,7273986,1,0,92712,geom
9746775,9746775,1,0,94967,geom
3363701,3363701,1,0,57508,geom
9693954,9693954,1,0,47837,geom
3373092,3373092,1,0,81440,geom
4236706,4236706,1,0,73414,geom
9007776,9007776,1,0,63210,geom
2441000,2441000,1,0,63210,geom
9964320,9964320,1,0,52931,geom
7516150,7516150,1,0,40699,geom
9371362,9371362,1,0,40699,geom
7224193,7224193,1,0,17689,geom
9103313,9103313,1,0,30986,geom
1877055,1877055,1,0,48363,geom
6391390,6391390,1,0,48363,geom
459628,459628,1,0,48363,geom
8351941,8351941,1,0,94956,geom
9309648,9309648,1,0,94956,geom
7066179,7066179,1,0,94956,geom
3556240,3556240,1,0,72475,geom
3630476,3630476,1,0,4273,geom
2870279,2870279,1,0,105366,geom
1791575,1791575,1,0,23718,geom
6535732,6535732,1,0,23718,geom
8922604,8922604,1,0,62840,geom
6688900,6688900,1,0,115585,geom
6135993,6135993,1,0,40323,geom
8900012,8900012,1,0,67335,geom
6958203,6958213,11,0,116714,geom
3113383,3113386,4,0,116714,geom
5991162,5991183,22,0,13385,geom
13260,13260,1,0,24938,geom
320781,320781,1,0,109307,geom
7614478,7614478,1,0,109307,geom
2670378,2670378,1,0,109307,geom
3303332,3303332,1,0,3094,geom
2927930,2927930,1,0,38731,geom
7884959,7884959,1,0,38731,geom
1571446,1571446,1,0,16274,geom
853905,853905,1,0,16274,geom
6806049,6806049,1,0,2426,geom
398660,398660,1,0,2426,geom
2609011,2609011,1,0,43637,geom
9142263,9142263,1,0,69669,geom
8397764,8397764,1,0,116755,geom
6617185,6617185,1,0,42921,geom
525715,525715,1,0,124021,geom
7974494,7974494,1,0,124021,geom
2983578,2983578,1,0,109748,geom
8800774,8800774,1,0,50188,geom
9884787,9884787,1,0,50188,geom
4155029,4155029,1,0,70013,geom
8199576,8199576,1,0,22165,geom
3239639,3239639,1,0,104751,geom
3463959,3463959,1,0,104751,geom
9221594,9221594,1,0,104751,geom
8333445,8333445,1,0,19039,geom
3110298,3110301,4,0,12498,geom
4909174,4909174,1,0,12498,geom
6984918,6984918,1,0,20745,geom
4909995,4909995,1,0,121213,geom
2774586,2774586,1,0,48759,geom
6063625,6063625,1,0,16807,geom
7733544,7733544,1,0,52673,geom
2610832,2610832,1,0,52673,geom
6510129,6510129,1,0,52673,geom
4006304,4006304,1,0,52673,geom
6911316,6911316,1,0,67264,geom
7711155,7711155,1,0,67264,geom
2216706,2216706,1,0,67264,geom
9133106,9133106,1,0,48528,geom
997070,997070,1,0,2228,geom
6091173,6091173,1,0,89451,geom
2609441,2609441,1,0,89451,geom
3055335,3055335,1,0,12495,geom
6473518,6473518,1,0,68527,geom
1082753,1082753,1,0,29,geom
5303819,5303819,1,0,42317,geom
9957400,9957400,1,0,114004,geom
4498037,4498037,1,0,22278,geom
3738177,3738177,1,0,22278,geom
4575180,4575180,1,0,78730,geom
9859088,9859088,1,0,59283,geom
6983806,6983806,1,0,59283,geom
8188190,8188190,1,0,59283,geom
3008407,3008407,1,0,59283,geom
4998808,4998808,1,0,53958,geom
6252688,6252688,1,0,22114,geom
9847222,9847222,1,0,22114,geom
6538548,6538548,1,0,22114,geom
280816,280816,1,0,62338,geom
6546628,6546628,1,0,13383,geom
3931638,3931638,1,0,80683,geom
8485827,8485827,1,0,16156,geom
1939653,1939653,1,0,112910,geom
8344404,8344404,1,0,9730,geom
4114716,4114716,1,0,8845,geom
1275469,1275469,1,0,61266,geom
9281206,9281206,1,0,10928,geom
9971276,9971276,1,0,39710,geom
9551811,9551811,1,0,83450,geom
554373,554373,1,0,33114,geom
2218220,2218220,1,0,33114,geom
8300094,8300094,1,0,28722,geom
1471469,1471469,1,0,38825,geom
8440695,8440695,1,0,42976,geom
2385117,2385117,1,0,70909,geom
7448873,7448873,1,0,70909,geom
9043352,9043352,1,0,53447,geom
49342,49342,1,0,17518,geom
7520449,7520449,1,0,28686,geom
7649397,7649397,1,0,61639,geom
339111,339111,1,0,61639,geom
4631164,4631164,1,0,61639,geom
8595626,8595626,1,0,117846,geom
7416507,7416507,1,0,117846,geom
3101393,3101393,1,0,71639,geom
4243407,4243407,1,0,70265,geom
135527,135527,1,0,70265,geom
8504800,8504800,1,0,34079,geom
3135317,3135317,1,0,31054,geom
3927122,3927122,1,0,99395,geom
2151845,2151845,1,0,99395,geom
7235787,7235787,1,0,31126,geom
3423791,3423791,1,0,31126,geom
2706213,2706213,1,0,14327,geom
443360,443360,1,0,10613,geom
2559711,2559711,1,0,120998,geom
2687964,2687964,1,0,120998,geom
1645593,1645593,1,0,120998,geom
5756238,5756238,1,0,29704,geom
3075830,3075830,1,0,29704,geom
2752137,2752137,1,0,32145,geom
8707052,8707052,1,0,82365,geom
3001937,3001937,1,0,55588,geom
160352,160352,1,0,4519,geom
2163536,2163536,1,0,4519,geom
7142483,7142486,4,0,50319,geom
2778363,2778363,1,0,112862,geom
6214145,6214145,1,0,107665,geom
2218220,2218220,1,0,94179,geom
6266641,6266641,1,0,112390,geom
6424925,6424925,1,0,48225,geom
5964804,5964804,1,0,48225,geom
7701381,7701381,1,0,84812,geom
1080259,1080259,1,0,79439,geom
1776692,1776692,1,0,56758,geom
8983144,8983144,1,0,34687,geom
6640995,6640995,1,0,103919,geom
122535,122535,1,0,18200,geom
6705761,6705761,1,0,72296,geom
7704024,7704024,1,0,76864,geom
925278,925278,1,0,105549,geom
7408051,7408051,1,0,105549,geom
1625386,1625386,1,0,37176,geom
5627051,5627051,1,0,43758,geom
9991941,9991941,1,0,16400,geom
4215732,4215732,1,0,72475,geom
3674863,3674863,1,0,72475,geom
1801562,1801562,1,0,79622,geom
2136997,2136997,1,0,111172,geom
9696694,9696694,1,0,93561,geom
9209442,9209442,1,0,77222,geom
2367569,2367569,1,0,77582,geom
1897278,1897278,1,0,77582,geom
2610832,2610832,1,0,3745,geom
7237520,7237520,1,0,70854,geom
7475560,7475560,1,0,72589,geom
3815096,3815096,1,0,72589,geom
5309148,5309148,1,0,30450,geom
5136618,5136618,1,0,30450,geom
2243271,2243271,1,0,105197,geom
6322432,6322432,1,0,47400,geom
4965799,4965799,1,0,42354,geom
5579871,5579871,1,0,12552,geom
9189100,9189100,1,0,58961,geom
868607,868607,1,0,58961,geom
1186909,1186909,1,0,112971,geom
556908,556908,1,0,100238,geom
3303811,3303811,1,0,100238,geom
1343037,1343037,1,0,109645,geom
3917557,3917557,1,0,109645,geom
4754860,4754860,1,0,109645,geom
3320289,3320289,1,0,106880,geom
809172,809172,1,0,106880,geom
5161285,5161285,1,0,106880,geom
2737963,2737963,1,0,101765,geom
7073793,7073793,1,0,14050,geom
2810660,2810660,1,0,62949,geom
4227872,4227872,1,0,62949,geom
8412087,8412087,1,0,25078,geom
8767850,8767850,1,0,25078,geom
7842770,7842770,1,0,25078,geom
4015687,4015687,1,0,25078,geom
6467623,6467623,1,0,6437,geom
5097752,5097752,1,0,58924,geom
2694816,2694816,1,0,99515,geom
9599481,9599481,1,0,103437,geom
3905526,3905526,1,0,103437,geom
2241881,2241881,1,0,103437,geom
4408854,4408854,1,0,25645,geom
2319028,2319028,1,0,25645,geom
9536884,9536884,1,0,120072,geom
680046,680046,1,0,120072,geom
7786468,7786468,1,0,13570,geom
8207005,8207005,1,0,57243,geom
8002112,8002112,1,0,57243,geom
9171974,9171974,1,0,41276,geom
3205846,3205846,1,0,41276,geom
5024974,5024974,1,0,111527,geom
8939888,8939888,1,0,53271,geom
5756238,5756238,1,0,89425,geom
4964032,4964032,1,0,89425,geom
4173043,4173043,1,0,60291,geom
7884936,7884959,24,0,60291,geom
6983806,6983806,1,0,103288,geom
2754657,2754657,1,0,103288,geom
8180525,8180525,1,0,59393,geom
2387948,2387948,1,0,59393,geom
7630206,7630206,1,0,92753,geom
3905781,3905781,1,0,92753,geom
2414881,2414881,1,0,119648,geom
1643572,1643572,1,0,2120,geom
8267389,8267389,1,0,2120,geom
7065179,7065179,1,0,57837,geom
8036456,8036456,1,0,57837,geom
1749695,1749695,1,0,34385,geom
3364964,3364964,1,0,34385,geom
9137752,9137752,1,0,42665,geom
7879562,7879562,1,0,42665,geom
8101638,8101638,1,0,91653,geom
2643925,2643925,1,0,90304,geom
1771551,1771551,1,0,8453,geom
869726,869726,1,0,8453,geom
5778589,5778589,1,0,39033,geom
3398020,3398020,1,0,29538,geom
9033692,9033692,1,0,29538,geom
4307261,4307261,1,0,61762,geom
5775193,5775193,1,0,61762,geom
1620408,1620408,1,0,61762,geom
7649397,7649397,1,0,103922,geom
886496,886496,1,0,103922,geom
461079,461079,1,0,9239,geom
6434367,6434367,1,0,9239,geom
3571648,3571648,1,0,9239,geom
1118292,1118292,1,0,84363,geom
9517654,9517654,1,0,84363,geom
9816003,9816003,1,0,84363,geom
2609820,2609820,1,0,35803,geom
5529081,5529081,1,0,35803,geom
6041446,6041446,1,0,13738,geom
8778207,8778207,1,0,95314,geom
4118804,4118804,1,0,64621,geom
1452931,1452931,1,0,64621,geom
5418537,5418537,1,0,80064,geom
6983067,6983067,1,0,76069,geom
5642874,5642874,1,0,76069,geom
7268874,7268874,1,0,76069,geom
9247834,9247834,1,0,105754,geom
7003142,7003142,1,0,116841,geom
4004284,4004284,1,0,82121,geom
1650457,1650457,1,0,91408,geom
6622666,6622666,1,0,91408,geom
137405,137405,1,0,45637,geom
7519264,7519264,1,0,44885,geom
8685971,8685975,5,0,44885,geom
3796174,3796174,1,0,20342,geom
6453033,6453033,1,0,20342,geom
3843588,3843588,1,0,20342,geom
7803404,7803404,1,0,20342,geom
9709706,9709706,1,0,61446,geom
3331026,3331026,1,0,61446,geom
4792998,4792998,1,0,117497,geom
7136276,7136276,1,0,121875,geom
5205494,5205494,1,0,121875,geom
5522177,5522177,1,0,121875,geom
7045277,7045277,1,0,54994,geom
6559679,6559679,1,0,100308,geom
5231290,5231290,1,0,100308,geom
3766027,3766027,1,0,13351,geom
1822222,1822222,1,0,6401,geom
5163551,5163551,1,0,16235,geom
9133106,9133106,1,0,16235,geom
2164791,2164791,1,0,69269,geom
2439946,2439946,1,0,3611,geom
9819549,9819549,1,0,59966,geom
9621938,9621938,1,0,42370,geom
3636466,3636466,1,0,42370,geom
9952844,9952844,1,0,102998,geom
1979313,1979313,1,0,11394,geom
751597,751597,1,0,24563,geom
9620104,9620104,1,0,57514,geom
213629,213629,1,0,10637,geom
4584758,4584758,1,0,98296,geom
9971273,9971273,1,0,21147,geom
4377389,4377389,1,0,121062,geom
5766766,5766766,1,0,46904,geom
2608972,2608972,1,0,76609,geom
4221761,4221761,1,0,28029,geom
6242914,6242914,1,0,36322,geom
5470815,5470815,1,0,62926,geom
2713036,2713036,1,0,22328,geom
1604891,1604891,1,0,22328,geom
714825,714825,1,0,47390,geom
2466789,2466789,1,0,24975,geom
1391164,1391164,1,0,39767,geom
7424255,7424255,1,0,39767,geom
3748513,3748513,1,0,39767,geom
1835095,1835095,1,0,39767,geom
9671881,9671881,1,0,104744,geom
6902499,6902499,1,0,104744,geom
4994647,4994647,1,0,37315,geom
9134250,9134250,1,0,5691,geom
2952141,2952141,1,0,87576,geom
2320576,2320576,1,0,60100,geom
5081290,5081290,1,0,21843,geom
6554942,6554942,1,0,21843,geom
5162394,5162394,1,0,103339,geom
9251134,9251134,1,0,84767,geom
2113686,2113686,1,0,53910,geom
943157,943157,1,0,53910,geom
9054311,9054311,1,0,53910,geom
8127622,8127622,1,0,48447,geom
4513598,4513598,1,0,116461,geom
8288485,8288485,1,0,27533,geom
1343046,1343046,1,0,27533,geom
6728155,6728155,1,0,27533,geom
7540697,7540697,1,0,5633,geom
822349,822349,1,0,5633,geom
3422271,3422271,1,0,5633,geom
3590258,3590258,1,0,124606,geom
2869417,2869417,1,0,41463,geom
6779591,6779591,1,0,41463,geom
3923826,3923826,1,0,123422,geom
7739728,7739728,1,0,123422,geom
4804747,4804747,1,0,23420,geom
5967763,5967763,1,0,23420,geom
5302623,5302623,1,0,45858,geom
6597655,6597655,1,0,50160,geom
7035830,7035830,1,0,15438,geom
6587187,6587187,1,0,123687,geom
7723381,7723381,1,0,60037,geom
1604227,1604227,1,0,60037,geom
7506883,7506883,1,0,60037,geom
5913996,5913996,1,0,36158,geom
1168789,1168844,56,0,85149,geom
3871506,3871506,1,0,85149,geom
1005463,1005463,1,0,85149,geom
9117511,9117511,1,0,85149,geom
8678281,8678281,1,0,54279,geom
2487932,2487932,1,0,43317,geom
8697507,8697507,1,0,43317,geom
3741710,3741710,1,0,43317,geom
2051826,2051826,1,0,108540,geom
2458678,2458678,1,0,100803,geom
9311651,9311651,1,0,100803,geom
5342151,5342151,1,0,10128,geom
2381250,2381250,1,0,93206,geom
9304493,9304493,1,0,93206,geom
8551833,8551833,1,0,102343,geom
3510108,3510108,1,0,47481,geom
4957464,4957464,1,0,47481,geom
4112284,4112284,1,0,47481,geom
2950171,2950171,1,0,47481,geom
9170536,9170536,1,0,78104,geom
2911447,2911447,1,0,83486,geom
9025875,9025875,1,0,83486,geom
5638658,5638658,1,0,75683,geom
1300754,1300754,1,0,75683,geom
3502567,3502567,1,0,29048,geom
9259897,9259897,1,0,64153,geom
9016959,9016959,1,0,103805,geom
442606,442606,1,0,109883,geom
2927044,2927055,12,0,80109,geom
7510173,7510173,1,0,80109,geom
7685627,7685627,1,0,34883,geom
5837098,5837098,1,0,69125,geom
9711477,9711477,1,0,72667,geom
9892520,9892520,1,0,72667,geom
9641800,9641800,1,0,92132,geom
7314768,7314768,1,0,94664,geom
3101082,3101082,1,0,62928,geom
8270080,8270080,1,0,62928,geom
7270637,7270637,1,0,62928,geom
2434090,2434090,1,0,51927,geom
1803786,1803786,1,0,51927,geom
8201971,8201971,1,0,84067,geom
1032321,1032321,1,0,84067,geom
7460435,7460435,1,0,84909,geom
680001,680001,1,0,78789,geom
8688065,8688065,1,0,78789,geom
694070,694070,1,0,78789,geom
9048654,9048654,1,0,95500,geom
5827616,5827616,1,0,22406,geom
8961228,8961228,1,0,39049,geom
3657780,3657780,1,0,39049,geom
5862958,5862958,1,0,53175,geom
804210,804210,1,0,103916,geom
5606045,5606045,1,0,103916,geom
9041389,9041389,1,0,103916,geom
64665,64665,1,0,58026,geom
5586248,5586248,1,0,21312,geom
9717708,9717708,1,0,21312,geom
8407699,8407699,1,0,39341,geom
2678644,2678644,1,0,117438,geom
5678597,5678597,1,0,111995,geom
3009620,3009620,1,0,111995,geom
2639374,2639374,1,0,44794,geom
4172830,4172830,1,0,44794,geom
3495621,3495621,1,0,44794,geom
2901417,2901417,1,0,90373,geom
5088610,5088610,1,0,83959,geom
7281106,7281106,1,0,83959,geom
9119549,9119549,1,0,39938,geom
3658316,3658316,1,0,25980,geom
5501499,5501499,1,0,105360,geom
9251468,9251468,1,0,91269,geom
5991162,5991162,1,0,91269,geom
3374951,3374951,1,0,84528,geom
7986407,7986407,1,0,84528,geom
2600155,2600155,1,0,11817,geom
4103357,4103357,1,0,11817,geom
1974011,1974011,1,0,47128,geom
8634160,8634160,1,0,110487,geom
9342103,9342103,1,0,108261,geom
606332,606332,1,0,55851,geom
5967516,5967516,1,0,122806,geom
6252161,6252161,1,0,122000,geom
2146649,2146649,1,0,122000,geom
668820,668820,1,0,36742,geom
5885610,5885610,1,0,89586,geom
9828247,9828247,1,0,48419,geom
8775585,8775585,1,0,48419,geom
7972136,7972136,1,0,78442,geom
862088,862088,1,0,617,geom
2800406,2800406,1,0,83681,geom
4236706,4236706,1,0,83681,geom
4518115,4518115,1,0,116877,geom
2891580,2891580,1,0,21146,geom
5480315,5480315,1,0,21146,geom
9513253,9513253,1,0,21146,geom
3501560,3501560,1,0,67784,geom
5330983,5330983,1,0,17584,geom
4563004,4563004,1,0,17584,geom
7369734,7369734,1,0,118903,geom
3113386,3113386,1,0,28201,geom
4342843,4342843,1,0,28201,geom
6797552,6797552,1,0,56250,geom
2295257,2295257,1,0,7401,geom
6840946,6840946,1,0,59209,geom
1418386,1418386,1,0,108439,geom
756336,756336,1,0,17017,geom
8873681,8873681,1,0,74880,geom
7322364,7322364,1,0,105077,geom
6701740,6701740,1,0,86963,geom
7387984,7387984,1,0,86963,geom
5136925,5136925,1,0,91975,geom
1972372,1972372,1,0,51934,geom
3919515,3919515,1,0,47277,geom
1088001,1088001,1,0,47277,geom
1406235,1406235,1,0,47277,geom
4938618,4938618,1,0,107602,geom
2761525,2761525,1,0,52571,geom
4105397,4105397,1,0,52571,geom
5215636,5215636,1,0,39805,geom
5848246,5848246,1,0,88441,geom
1638381,1638381,1,0,97983,geom
3133837,3133837,1,0,108365,geom
6193753,6193753,1,0,123107,geom
9784269,9784269,1,0,52174,geom
1403002,1403002,1,0,45532,geom
1869914,1869914,1,0,45532,geom
7993970,7993970,1,0,111800,geom
8505971,8505971,1,0,54965,geom
3299596,3299596,1,0,54965,geom
4770078,4770079,2,0,54965,geom
6356165,6356165,1,0,94183,geom
6674426,6674426,1,0,44127,geom
490018,490018,1,0,118773,geom
6684154,6684154,1,0,39083,geom
3845438,3845438,1,0,39083,geom
9338408,9338408,1,0,97028,geom
277916,277916,1,0,97028,geom
9632778,9632778,1,0,12121,geom
3893400,3893400,1,0,49324,geom
1867281,1867281,1,0,29,geom
9422853,9422853,1,0,29,geom
1768686,1768686,1,0,105105,geom
1193987,1193987,1,0,105105,geom
6311745,6311745,1,0,79282,geom
927040,927040,1,0,48843,geom
3362742,3362742,1,0,51067,geom
2602659,2602659,1,0,51067,geom
9039205,9039232,28,0,37694,geom
6423575,6423575,1,0,89958,geom
2393673,2393673,1,0,89958,geom
777450,777450,1,0,44910,geom
5508956,5508956,1,0,44910,geom
7423238,7423238,1,0,44910,geom
2506326,2506326,1,0,100339,geom
4366350,4366350,1,0,100339,geom
8061636,8061636,1,0,11161,geom
583060,583060,1,0,11161,geom
531898,531898,1,0,11161,geom
3255256,3255256,1,0,11161,geom
5611983,5611983,1,0,58804,geom
6278547,6278547,1,0,79834,geom
7333895,7333895,1,0,79834,geom
3301667,3301667,1,0,28336,geom
6052152,6052152,1,0,28336,geom
1351765,1351765,1,0,52920,geom
1790579,1790579,1,0,52920,geom
2814009,2814009,1,0,245,geom
579856,579856,1,0,38040,geom
3786046,3786046,1,0,38040,geom
1748927,1748965,39,0,80965,geom
2245913,2245913,1,0,80965,geom
7040518,7040518,1,0,116395,geom
4278528,4278528,1,0,32852,geom
6450930,6450930,1,0,66791,geom
7759146,7759146,1,0,66791,geom
1101084,1101084,1,0,32702,geom
1079273,1079273,1,0,32702,geom
2012109,2012109,1,0,32702,geom
3128485,3128485,1,0,45606,geom
2692199,2692199,1,0,45606,geom
9668254,9668254,1,0,45606,geom
7702208,7702208,1,0,119390,geom
7816261,7816261,1,0,106658,geom
1197574,1197574,1,0,41637,geom
5357488,5357488,1,0,30677,geom
6579343,6579343,1,0,50143,geom
9189100,9189100,1,0,10436,geom
3684523,3684523,1,0,54130,geom
6096993,6096993,1,0,54130,geom
929839,929839,1,0,15665,geom
8197877,8197877,1,0,116617,geom
7534213,7534213,1,0,51715,geom
5988424,5988424,1,0,48298,geom
90911,90911,1,0,48298,geom
955915,955915,1,0,48298,geom
5002649,5002649,1,0,105175,geom
758134,758134,1,0,114108,geom
8071410,8071410,1,0,114108,geom
8961742,8961742,1,0,114306,geom
5494541,5494541,1,0,44169,geom
3937375,3937375,1,0,47743,geom
9066069,9066069,1,0,47743,geom
2986478,2986478,1,0,93046,geom
7603814,7603814,1,0,93046,geom
2789768,2789768,1,0,92983,geom
6642962,6642962,1,0,92983,geom
1447474,1447474,1,0,92983,geom
9242136,9242136,1,0,92983,geom
3913315,3913315,1,0,53319,geom
22237,22237,1,0,112410,geom
8225209,8225209,1,0,112410,geom
8996035,8996035,1,0,112410,geom
6226762,6226762,1,0,112410,geom
8780224,8780224,1,0,121474,geom
8718936,8718936,1,0,80209,geom
7046184,7046184,1,0,2541,geom
1907902,1907902,1,0,2541,geom
5338886,5338886,1,0,85256,geom
7237010,7237010,1,0,123712,geom
4550315,4550315,1,0,99739,geom
8380021,8380021,1,0,102971,geom
8616980,8616980,1,0,13687,geom
5587198,5587198,1,0,13687,geom
1864922,1864922,1,0,68417,geom
9386176,9386176,1,0,68417,geom
8322506,8322506,1,0,45256,geom
7711155,7711155,1,0,45256,geom
8067049,8067049,1,0,119040,geom
5612339,5612339,1,0,26523,geom
3887208,3887208,1,0,26523,geom
1233590,1233590,1,0,84011,geom
8698503,8698503,1,0,64600,geom
1508686,1508686,1,0,64600,geom
3320354,3320371,18,0,27901,geom
8900428,8900428,1,0,27901,geom
4212134,4212134,1,0,110508,geom
4719626,4719626,1,0,43883,geom
5721077,5721077,1,0,43883,geom
6619615,6619615,1,0,59844,geom
4279776,4279776,1,0,59844,geom
9803635,9803635,1,0,99298,geom
1029731,1029731,1,0,93037,geom
4874160,4874160,1,0,93037,geom
2452581,2452581,1,0,19768,geom
341480,341480,1,0,19768,geom
5491999,5491999,1,0,76859,geom
1541500,1541500,1,0,7296,geom
672892,672892,1,0,7296,geom
8476505,8476505,1,0,7296,geom
3502567,3502567,1,0,16728,geom
4617313,4617313,1,0,81054,geom
5583746,5583746,1,0,81054,geom
1782064,1782064,1,0,69778,geom
7545255,7545255,1,0,68273,geom
8005357,8005357,1,0,68273,geom
2432961,2432961,1,0,124505,geom
7765989,7765989,1,0,8696,geom
7772696,7772696,1,0,70165,geom
1059761,1059761,1,0,54612,geom
9060172,9060172,1,0,90577,geom
6278127,6278127,1,0,90577,geom
4102876,4102876,1,0,90577,geom
3555185,3555185,1,0,47062,geom
3907808,3907808,1,0,47062,geom
6278547,6278547,1,0,8398,geom
293964,293964,1,0,8398,geom
6318965,6318965,1,0,27493,geom
8098062,8098062,1,0,108513,geom
6601162,6601162,1,0,108513,geom
1449435,1449435,1,0,108513,geom
1228375,1228375,1,0,61253,geom
2607385,2607385,1,0,61253,geom
9850846,9850846,1,0,61253,geom
1972372,1972372,1,0,21303,geom
4561073,4561073,1,0,41314,geom
5378651,5378651,1,0,16578,geom
787436,787436,1,0,16578,geom
6335875,6335875,1,0,29016,geom
5716505,5716505,1,0,29016,geom
4329440,4329440,1,0,123815,geom
4144755,4144755,1,0,123815,geom
5464778,5464778,1,0,72841,geom
5992508,5992607,100,0,70110,geom
979663,979663,1,0,70110,geom
7212542,7212542,1,0,116128,geom
6952590,6952590,1,0,116128,geom
7983142,7983142,1,0,33050,geom
9969432,9969432,1,0,88135,geom
472364,472364,1,0,88135,geom
7933602,7933602,1,0,88135,geom
6584349,6584349,1,0,25607,geom
9607684,9607684,1,0,25607,geom
7489287,7489287,1,0,97357,geom
3387865,3387865,1,0,39308,geom
348826,348826,1,0,39308,geom
5600936,5600945,10,0,31567,geom
3301717,3301717,1,0,14720,geom
5913742,5913742,1,0,14720,geom
8768158,8768158,1,0,107065,geom
3134574,3134574,1,0,27567,geom
2998341,2998341,1,0,7653,geom
3407643,3407643,1,0,70520,geom
8432060,8432060,1,0,24870,geom
6537052,6537052,1,0,26693,geom
6287056,6287056,1,0,26693,geom
2709809,2709809,1,0,68295,geom
2781288,2781288,1,0,5948,geom
8185935,8185935,1,0,5948,geom
9041389,9041389,1,0,14463,geom
1953492,1953492,1,0,101024,geom
2642752,2642752,1,0,101024,geom
102769,102769,1,0,101024,geom
1743195,1743195,1,0,101024,geom
9007776,9007776,1,0,61969,geom
1067667,1067667,1,0,61969,geom
7322514,7322514,1,0,45988,geom
2231508,2231508,1,0,45988,geom
1697501,1697501,1,0,50892,geom
9150850,9150850,1,0,121727,geom
7151508,7151508,1,0,121727,geom
4692722,4692722,1,0,118914,geom
6358200,6358200,1,0,118914,geom
7367875,7367875,1,0,23892,geom
1124004,1124004,1,0,23892,geom
3827568,3827570,3,0,97328,geom
6102965,6102965,1,0,17038,geom
2962193,2962193,1,0,17038,geom
1133831,1133831,1,0,119156,geom
7567610,7567610,1,0,119156,geom
8437458,8437458,1,0,96269,geom
288004,288004,1,0,96269,geom
8357538,8357538,1,0,5998,geom
6114163,6114163,1,0,5998,geom
5736530,5736530,1,0,80374,geom
3254860,3254860,1,0,80374,geom
2623451,2623451,1,0,1898,geom
6269129,6269129,1,0,4308,geom
9256036,9256036,1,0,4308,geom
8199743,8199743,1,0,29804,geom
2749800,2749800,1,0,29804,geom
7314768,7314768,1,0,98796,geom
5969502,5969502,1,0,98796,geom
4304852,4304852,1,0,102416,geom
7352131,7352131,1,0,102416,geom
4961989,4961989,1,0,102416,geom
9795476,9795476,1,0,89559,geom
7237520,7237520,1,0,118376,geom
1743414,1743414,1,0,29793,geom
7456508,7456508,1,0,37312,geom
6278547,6278547,1,0,83585,geom
4179932,4179932,1,0,50720,geom
8672219,8672219,1,0,50720,geom
8116572,8116572,1,0,50720,geom
7481834,7481834,1,0,24,geom
7407636,7407636,1,0,24,geom
6066771,6066771,1,0,32352,geom
6786729,6786729,1,0,32352,geom
4227652,4227652,1,0,63480,geom
9923018,9923018,1,0,3804,geom
7559036,7559036,1,0,58,geom
6583746,6583746,1,0,52829,geom
9083823,9083823,1,0,62726,geom
1356591,1356591,1,0,89617,geom
3302383,3302383,1,0,13298,geom
8249672,8249672,1,0,73583,geom
9770665,9770665,1,0,73583,geom
3156705,3156705,1,0,58553,geom
2111349,2111349,1,0,58553,geom
8585700,8585700,1,0,83829,geom
1330340,1330340,1,0,98436,geom
8066161,8066161,1,0,98436,geom
6278547,6278547,1,0,16025,geom
1395234,1395234,1,0,97153,geom
8362154,8362154,1,0,21721,geom
2958955,2958955,1,0,78837,geom
2958401,2958401,1,0,69711,geom
1118292,1118292,1,0,69711,geom
1970736,1970736,1,0,32475,geom
4521179,4521179,1,0,84458,geom
7024164,7024164,1,0,84458,geom
891946,891946,1,0,118704,geom
8280176,8280176,1,0,56633,geom
1938966,1938966,1,0,96928,geom
6557051,6557051,1,0,96928,geom
3423791,3423791,1,0,86727,geom
7879461,7879461,1,0,86727,geom
9025613,9025613,1,0,86727,geom
8291622,8291622,1,0,84165,geom
2415766,2415766,1,0,115308,geom
182427,182427,1,0,118938,geom
85580,85580,1,0,79108,geom
3353971,3353971,1,0,79108,geom
3703535,3703535,1,0,79108,geom
5202522,5202522,1,0,79108,geom
3819657,3819673,17,0,71853,geom
4037398,4037398,1,0,71853,geom
2703479,2703479,1,0,98855,geom
9136586,9136586,1,0,47757,geom
9572930,9572930,1,0,47757,geom
876842,876842,1,0,47757,geom
1140174,1140174,1,0,63335,geom
1641199,1641199,1,0,63335,geom
3228676,3228676,1,0,63335,geom
9270016,9270016,1,0,49679,geom
985285,985285,1,0,75104,geom
974867,974867,1,0,24957,geom
9818032,9818032,1,0,55393,geom
2142076,2142076,1,0,20984,geom
1443200,1443200,1,0,20984,geom
6702939,6702991,53,0,115899,geom
9162641,9162641,1,0,94185,geom
6955808,6955808,1,0,27564,geom
4563004,4563004,1,0,27564,geom
7653013,7653013,1,0,28657,geom
3753738,3753773,36,0,73992,geom
2605629,2605629,1,0,73992,geom
6092118,6092118,1,0,101397,geom
534038,534038,1,0,101397,geom
91355,91355,1,0,22279,geom
9947975,9948049,75,0,65025,geom
9178165,9178165,1,0,26255,geom
8839000,8839000,1,0,22949,geom
7773970,7773970,1,0,44887,geom
3314843,3314843,1,0,80834,geom
241333,241333,1,0,80834,geom
2006032,2006032,1,0,80834,geom
8262724,8262724,1,0,29352,geom
3923596,3923596,1,0,29352,geom
9987876,9987876,1,0,59423,geom
4465353,4465353,1,0,59423,geom
2893340,2893340,1,0,9178,geom
3849278,3849278,1,0,106830,geom
9752001,9752001,1,0,76059,geom
8043763,8043763,1,0,41491,geom
8176299,8176299,1,0,41491,geom
3295888,3295888,1,0,41491,geom
9257950,9257950,1,0,46759,geom
8148688,8148688,1,0,107173,geom
8936988,8936988,1,0,107173,geom
7191568,7191568,1,0,34176,geom
2365104,2365104,1,0,56102,geom
6024908,6024908,1,0,37973,geom
662662,662662,1,0,87437,geom
9684614,9684614,1,0,54132,geom
4878980,4878980,1,0,73054,geom
1319898,1319898,1,0,98750,geom
8694758,8694758,1,0,66711,geom
2456423,2456423,1,0,82573,geom
5410646,5410646,1,0,82573,geom
3547135,3547135,1,0,76252,geom
2986226,2986226,1,0,896,geom
9851937,9851937,1,0,56058,geom
1449913,1449913,1,0,56058,geom
7737909,7737909,1,0,56058,geom
9319087,9319087,1,0,50453,geom
3439523,3439523,1,0,118844,geom
6837583,6837583,1,0,25884,geom
7972931,7972949,19,0,25884,geom
7971712,7971712,1,0,114847,geom
8197348,8197348,1,0,27793,geom
9963425,9963425,1,0,73468,geom
2223909,2223909,1,0,49154,geom
3850205,3850205,1,0,51232,geom
9388475,9388475,1,0,51232,geom
9030075,9030075,1,0,97439,geom
3295630,3295630,1,0,97439,geom
2582253,2582253,1,0,11046,geom
8316526,8316526,1,0,74584,geom
8939727,8939727,1,0,46777,geom
6657504,6657504,1,0,46777,geom
3786878,3786878,1,0,91857,geom
8262942,8262942,1,0,69150,geom
1538328,1538328,1,0,102113,geom
4658270,4658270,1,0,102113,geom
4726218,4726218,1,0,14212,geom
6931893,6931893,1,0,11411,geom
3806669,3806669,1,0,11411,geom
410795,410795,1,0,8407,geom
8424587,8424587,1,0,60197,geom
8289455,8289455,1,0,60197,geom
4471231,4471231,1,0,60197,geom
355641,355641,1,0,51646,geom
8291814,8291814,1,0,51646,geom
9095264,9095264,1,0,51646,geom
2545345,2545345,1,0,51646,geom
8464892,8464892,1,0,109182,geom
1538328,1538328,1,0,109182,geom
2510692,2510692,1,0,109182,geom
9126050,9126050,1,0,109182,geom
5524843,5524843,1,0,119208,geom
4929201,4929201,1,0,52475,geom
2033739,2033739,1,0,52475,geom
2618018,2618018,1,0,73485,geom
5305585,5305585,1,0,73485,geom
6311928,6311928,1,0,83814,geom
9381610,9381610,1,0,123711,geom
2244336,2244336,1,0,94036,geom
7374282,7374282,1,0,62815,geom
705572,705572,1,0,62815,geom
4089372,4089372,1,0,7782,geom
9597003,9597003,1,0,49044,geom
6579261,6579261,1,0,71132,geom
2813966,2813966,1,0,71132,geom
48244,48244,1,0,71132,geom
2614852,2614852,1,0,33334,geom
8461663,8461663,1,0,33334,geom
7178069,7178069,1,0,33334,geom
4374183,4374183,1,0,60449,geom
1336612,1336612,1,0,60449,geom
4545927,4545927,1,0,107691,geom
9104542,9104542,1,0,115710,geom
8749061,8749061,1,0,115710,geom
7484177,7484177,1,0,9951,geom
9183970,9183970,1,0,9951,geom
8936988,8936988,1,0,45354,geom
8098983,8098983,1,0,117120,geom
3903919,3903919,1,0,53167,geom
6461375,6461375,1,0,53167,geom
4297408,4297408,1,0,53167,geom
3358608,3358608,1,0,121838,geom
2490869,2490869,1,0,115437,geom
2241881,2241881,1,0,94237,geom
2604327,2604327,1,0,38758,geom
265072,265072,1,0,76126,geom
9045249,9045249,1,0,54016,geom
9484057,9484057,1,0,30862,geom
1623441,1623441,1,0,110806,geom
7437626,7437626,1,0,110806,geom
849484,849484,1,0,110806,geom
6279803,6279803,1,0,44214,geom
6345315,6345315,1,0,34196,geom
207976,207976,1,0,34196,geom
6898076,6898076,1,0,109918,geom
828609,828609,1,0,98592,geom
1156762,1156762,1,0,4564,geom
5542406,5542406,1,0,35018,geom
277916,277916,1,0,123619,geom
1693307,1693307,1,0,123619,geom
2358642,2358642,1,0,124408,geom
2452417,2452417,1,0,11230,geom
8528708,8528708,1,0,11230,geom
4784973,4784973,1,0,102331,geom
6563646,6563646,1,0,27465,geom
2180503,2180503,1,0,27465,geom
1328429,1328429,1,0,19131,geom
9040218,9040218,1,0,19131,geom
8916408,8916408,1,0,34844,geom
1046722,1046722,1,0,89066,geom
5447678,5447678,1,0,93541,geom
3025025,3025025,1,0,93541,geom
8308786,8308786,1,0,20704,geom
92513,92513,1,0,121823,geom
2942126,2942126,1,0,121823,geom
244628,244628,1,0,121823,geom
7946419,7946419,1,0,67856,geom
2042728,2042728,1,0,80845,geom
5508882,5508882,1,0,80845,geom
7797070,7797070,1,0,80845,geom
694134,694134,1,0,73041,geom
1624204,1624204,1,0,7281,geom
938792,938792,1,0,28523,geom
4283940,4283940,1,0,8938,geom
3663361,3663361,1,0,8938,geom
7682267,7682267,1,0,28173,geom
2035059,2035059,1,0,63770,geom
7874399,7874399,1,0,63770,geom
5102437,5102437,1,0,62834,geom
37470,37470,1,0,105926,geom
1803749,1803786,38,0,105926,geom
4549492,4549492,1,0,96393,geom
9582782,9582782,1,0,102345,geom
4467409,4467409,1,0,85243,geom
401595,401595,1,0,88917,geom
3815132,3815132,1,0,35249,geom
5159446,5159446,1,0,39387,geom
6483806,6483806,1,0,39387,geom
2360847,2360847,1,0,39387,geom
1160439,1160439,1,0,53310,geom
167589,167589,1,0,26544,geom
221659,221659,1,0,26544,geom
2654323,2654323,1,0,96838,geom
5485749,5485749,1,0,33938,geom
9006089,9006089,1,0,70435,geom
2803272,2803272,1,0,70435,geom
1581877,1581877,1,0,86762,geom
8967713,8967713,1,0,86762,geom
8735064,8735064,1,0,123884,geom
8911843,8911843,1,0,48722,geom
1020565,1020565,1,0,102639,geom
4228945,4228945,1,0,84066,geom
50630,50630,1,0,84066,geom
9323373,9323373,1,0,84066,geom
6145496,6145496,1,0,63073,geom
9928096,9928096,1,0,70244,geom
9284608,9284608,1,0,14052,geom
9030274,9030274,1,0,85844,geom
8105424,8105424,1,0,85844,geom
4645719,4645719,1,0,123096,geom
7800140,7800140,1,0,103243,geom
9275450,9275450,1,0,103243,geom
3145683,3145683,1,0,74066,geom
2854860,2854860,1,0,75254,geom
8341114,8341114,1,0,75254,geom
8735093,8735093,1,0,57980,geom
9398153,9398153,1,0,88484,geom
2626557,2626557,1,0,88484,geom
193755,193755,1,0,116380,geom
483734,483734,1,0,116380,geom
2802521,2802521,1,0,34043,geom
758134,758134,1,0,2227,geom
915362,915362,1,0,2227,geom
1500881,1500881,1,0,2227,geom
9343878,9343878,1,0,25605,geom
2036223,2036223,1,0,63097,geom
4104276,4104276,1,0,63097,geom
2169519,2169519,1,0,40634,geom
8959195,8959195,1,0,121547,geom
9620385,9620385,1,0,109440,geom
3368083,3368083,1,0,109440,geom
8365939,8365939,1,0,84649,geom
9435577,9435577,1,0,23834,geom
3037867,3037867,1,0,49181,geom
2423666,2423666,1,0,95009,geom
2637116,2637116,1,0,44065,geom
4780055,4780055,1,0,29900,geom
1537161,1537161,1,0,29900,geom
7474410,7474410,1,0,110913,geom
5530026,5530026,1,0,14649,geom
6391351,6391351,1,0,106899,geom
1972852,1972852,1,0,99452,geom
9819294,9819294,1,0,80621,geom
8779125,8779125,1,0,65699,geom
2113686,2113686,1,0,16899,geom
4601374,4601374,1,0,21895,geom
6411054,6411054,1,0,54943,geom
8098240,8098240,1,0,54943,geom
5568640,5568640,1,0,94158,geom
1064649,1064649,1,0,65952,geom
8506339,8506339,1,0,124881,geom
5559956,5559956,1,0,124881,geom
2204836,2204837,2,0,33481,geom
8463235,8463235,1,0,33481,geom
9002522,9002522,1,0,87621,geom
3029225,3029225,1,0,87621,geom
3865041,3865041,1,0,91292,geom
7980547,7980547,1,0,91292,geom
3139402,3139402,1,0,5116,geom
2281805,2281805,1,0,27352,geom
8389510,8389510,1,0,27352,geom
9644803,9644803,1,0,27352,geom
3165326,3165326,1,0,64197,geom
7804466,7804466,1,0,5833,geom
6617185,6617185,1,0,5833,geom
5050865,5050865,1,0,11745,geom
467315,467315,1,0,52044,geom
2669191,2669191,1,0,52251,geom
4957464,4957464,1,0,7531,geom
8801257,8801257,1,0,32790,geom
6578921,6578921,1,0,32790,geom
5850410,5850410,1,0,79766,geom
8247469,8247469,1,0,79766,geom
6658607,6658607,1,0,79766,geom
162539,162539,1,0,79766,geom
6701740,6701740,1,0,29088,geom
8885582,8885582,1,0,15952,geom
5669426,5669426,1,0,110736,geom
8967008,8967008,1,0,88046,geom
2966963,2966963,1,0,88046,geom
1432024,1432024,1,0,64400,geom
7316501,7316501,1,0,64400,geom
2301404,2301404,1,0,96676,geom
4676656,4676656,1,0,23858,geom
5980802,5980802,1,0,23858,geom
673238,673238,1,0,23858,geom
9808632,9808632,1,0,109302,geom
9027786,9027786,1,0,109302,geom
5589410,5589410,1,0,65739,geom
2034686,2034686,1,0,65739,geom
8201464,8201464,1,0,65739,geom
3684034,3684034,1,0,33539,geom
9171483,9171483,1,0,52503,geom
9016509,9016509,1,0,65974,geom
7224856,7224856,1,0,43370,geom
7314768,7314768,1,0,43370,geom
5165698,5165698,1,0,52350,geom
3400016,3400016,1,0,39777,geom
3865314,3865314,1,0,89123,geom
4409577,4409577,1,0,111537,geom
4972745,4972745,1,0,111537,geom
8818252,8818252,1,0,111537,geom
1330035,1330035,1,0,85590,geom
9880873,9880873,1,0,30925,geom
6388660,6388660,1,0,78624,geom
7117563,7117563,1,0,78624,geom
7318651,7318651,1,0,78624,geom
6088423,6088423,1,0,47248,geom
4309230,4309230,1,0,124929,geom
3320289,3320289,1,0,47166,geom
5557855,5557855,1,0,47166,geom
6009605,6009605,1,0,28571,geom
6380,6380,1,0,28571,geom
7405238,7405238,1,0,76250,geom
8028721,8028721,1,0,74232,geom
4134108,4134108,1,0,8038,geom
7700360,7700360,1,0,19333,geom
7049106,7049106,1,0,19333,geom
4172494,4172494,1,0,63723,geom
1377186,1377186,1,0,63723,geom
8936386,8936386,1,0,63723,geom
176411,176411,1,0,19820,geom
4293088,4293088,1,0,19820,geom
4076291,4076291,1,0,90192,geom
5905031,5905031,1,0,93916,geom
3239043,3239043,1,0,93916,geom
3358608,3358608,1,0,18524,geom
1933128,1933128,1,0,18524,geom
5190565,5190565,1,0,18524,geom
4599681,4599681,1,0,18524,geom
2747572,2747572,1,0,59077,geom
5094545,5094545,1,0,20478,geom
5576456,5576456,1,0,20478,geom
2241204,2241204,1,0,20478,geom
6744294,6744294,1,0,29723,geom
1799591,1799591,1,0,29723,geom
5852780,5852780,1,0,48121,geom
7213006,7213006,1,0,86514,geom
3304024,3304024,1,0,112224,geom
9610464,9610464,1,0,112295,geom
3905284,3905284,1,0,112295,geom
849560,849560,1,0,64140,geom
400675,400675,1,0,119730,geom
6194930,6194930,1,0,16135,geom
9012554,9012554,1,0,16135,geom
298654,298654,1,0,81183,geom
2805244,2805244,1,0,99743,geom
3917829,3917829,1,0,58722,geom
4971711,4971711,1,0,58722,geom
7815308,7815308,1,0,123522,geom
7089976,7089976,1,0,14517,geom
5604915,5604915,1,0,107188,geom
6217227,6217227,1,0,70861,geom
3028906,3028906,1,0,54068,geom
4844433,4844433,1,0,54068,geom
8012173,8012173,1,0,54068,geom
7701266,7701266,1,0,110559,geom
3937962,3937962,1,0,119729,geom
2225930,2225930,1,0,1053,geom
1897890,1897890,1,0,1053,geom
8378008,8378008,1,0,100648,geom
483395,483395,1,0,59087,geom
4307348,4307348,1,0,38272,geom
8343662,8343662,1,0,19372,geom
43718,43718,1,0,19372,geom
2740082,2740082,1,0,15515,geom
2357096,2357096,1,0,44158,geom
3046815,3046815,1,0,44158,geom
556908,556908,1,0,20816,geom
2314305,2314305,1,0,20816,geom
8805527,8805552,26,0,20816,geom
7846749,7846749,1,0,94711,geom
1345768,1345768,1,0,94711,geom
1009308,1009308,1,0,83427,geom
8274014,8274014,1,0,83427,geom
5693611,5693611,1,0,4465,geom
6192787,6192787,1,0,13765,geom
2209181,2209181,1,0,56826,geom
6516765,6516765,1,0,41239,geom
5124549,5124549,1,0,33314,geom
6418046,6418046,1,0,11106,geom
4895849,4895849,1,0,92867,geom
2582777,2582777,1,0,29080,geom
8904813,8904813,1,0,29080,geom
2912738,2912738,1,0,29080,geom
514175,514175,1,0,59133,geom
6713840,6713840,1,0,59133,geom
483395,483395,1,0,65837,geom
2497216,2497216,1,0,65837,geom
1395897,1395897,1,0,10704,geom
8740382,8740382,1,0,10704,geom
14931,14931,1,0,110671,geom
3366448,3366448,1,0,110671,geom
7816261,7816261,1,0,91187,geom
1578743,1578743,1,0,57682,geom
9587533,9587533,1,0,57682,geom
3352234,3352234,1,0,45617,geom
1007921,1007921,1,0,26154,geom
7423238,7423238,1,0,12544,geom
6951,6951,1,0,60447,geom
2455972,2455972,1,0,60447,geom
834601,834601,1,0,60447,geom
3261833,3261833,1,0,60447,geom
8586890,8586890,1,0,81135,geom
8093372,8093372,1,0,19240,geom
5050865,5050865,1,0,19240,geom
3927643,3927643,1,0,81114,geom
3522267,3522267,1,0,7869,geom
9597003,9597003,1,0,19967,geom
881799,881799,1,0,19967,geom
6955365,6955365,1,0,66740,geom
9957493,9957493,1,0,66740,geom
8916408,8916408,1,0,91199,geom
45675,45675,1,0,18507,geom
2291906,2291906,1,0,18507,geom
478088,478088,1,0,82314,geom
5802127,5802127,1,0,82314,geom
6758706,6758725,20,0,105804,geom
4300228,4300228,1,0,43705,geom
1064649,1064649,1,0,91308,geom
9612418,9612418,1,0,91308,geom
6970156,6970156,1,0,53171,geom
9077847,9077847,1,0,61612,geom
9945229,9945229,1,0,114726,geom
847429,847429,1,0,84528,geom
7965335,7965335,1,0,84528,geom
7387984,7387984,1,0,39828,geom
1736067,1736067,1,0,110668,geom
2283395,2283395,1,0,102233,geom
6437741,6437741,1,0,102233,geom
2104382,2104382,1,0,15359,geom
4366350,4366350,1,0,15359,geom
4897436,4897436,1,0,68987,geom
787436,787436,1,0,12544,geom
6356165,6356165,1,0,12544,geom
8478099,8478099,1,0,102166,geom
7212129,7212129,1,0,102166,geom
3998639,3998639,1,0,102166,geom
349273,349273,1,0,92235,geom
4933742,4933742,1,0,60890,geom
76516,76516,1,0,60890,geom
3744615,3744615,1,0,119433,geom
9933459,9933459,1,0,111039,geom
4409678,4409678,1,0,47859,geom
6413205,6413205,1,0,86152,geom
6596407,6596407,1,0,33690,geom
3005937,3005937,1,0,101688,geom
3891145,3891145,1,0,93278,geom
7446850,7446850,1,0,3296,geom
8473431,8473431,1,0,1679,geom
585977,585977,1,0,115461,geom
1666228,1666228,1,0,115461,geom
1066387,1066387,1,0,115461,geom
6547264,6547264,1,0,115461,geom
6948650,6948650,1,0,115461,geom
4736205,4736205,1,0,64065,geom
1380574,1380574,1,0,73578,geom
9583305,9583305,1,0,73578,geom
9492879,9492879,1,0,9831,geom
1534888,1534888,1,0,9831,geom
118243,118243,1,0,9831,geom
1265823,1265823,1,0,123257,geom
7213006,7213006,1,0,100487,geom
108176,108176,1,0,81046,geom
4849303,4849303,1,0,122220,geom
3753219,3753219,1,0,89555,geom
3007112,3007112,1,0,39680,geom
6928771,6928771,1,0,39680,geom
6408231,6408231,1,0,98236,geom
3151040,3151040,1,0,98236,geom
8159659,8159659,1,0,32189,geom
5607026,5607026,1,0,32189,geom
3307278,3307278,1,0,32189,geom
465540,465540,1,0,32189,geom
5977755,5977755,1,0,68862,geom
3490679,3490679,1,0,53092,geom
8156468,8156470,3,0,52876,geom
9667772,9667772,1,0,61412,geom
6899065,6899065,1,0,61412,geom
7944181,7944181,1,0,72086,geom
5386258,5386258,1,0,39494,geom
7239904,7239904,1,0,87285,geom
3826479,3826479,1,0,118904,geom
2384135,2384135,1,0,118904,geom
4329711,4329711,1,0,31610,geom
8821382,8821382,1,0,31610,geom
7566107,7566107,1,0,31610,geom
9683747,9683747,1,0,91521,geom
1440212,1440212,1,0,37626,geom
9056675,9056675,1,0,30979,geom
1275186,1275186,1,0,9341,geom
4315977,4315977,1,0,48432,geom
9817844,9817844,1,0,48432,geom
8444175,8444175,1,0,48316,geom
2656677,2656677,1,0,72304,geom
7063048,7063048,1,0,72304,geom
3579763,3579763,1,0,17324,geom
3784539,3784539,1,0,65869,geom
3695325,3695325,1,0,65869,geom
4770004,4770004,1,0,20434,geom
5397560,5397560,1,0,20434,geom
6590081,6590081,1,0,20434,geom
2131708,2131708,1,0,20434,geom
1343420,1343420,1,0,75241,geom
4934308,4934308,1,0,75241,geom
4833543,4833543,1,0,63670,geom
8436904,8436904,1,0,63670,geom
8799839,8799839,1,0,113599,geom
7885445,7885445,1,0,10291,geom
3075830,3075830,1,0,71273,geom
9621444,9621444,1,0,12795,geom
2150814,2150814,1,0,7749,geom
3119063,3119063,1,0,9763,geom
4233579,4233579,1,0,28611,geom
207976,207976,1,0,28611,geom
3150251,3150251,1,0,85582,geom
1416475,1416475,1,0,24783,geom
4549758,4549758,1,0,24783,geom
9712287,9712287,1,0,115256,geom
3657136,3657136,1,0,45647,geom
3418372,3418372,1,0,116140,geom
5852780,5852780,1,0,116140,geom
8838190,8838190,1,0,71307,geom
1453756,1453806,51,0,62011,geom
531478,531502,25,0,40532,geom
1941146,1941146,1,0,32972,geom
9005587,9005587,1,0,38374,geom
1918770,1918770,1,0,38374,geom
8486518,8486518,1,0,106787,geom
1506042,1506042,1,0,106787,geom
4603543,4603543,1,0,58312,geom
3382339,3382339,1,0,41698,geom
9656630,9656630,1,0,41698,geom
5109155,5109155,1,0,18298,geom
7283543,7283543,1,0,70048,geom
4058800,4058800,1,0,34080,geom
7271532,7271532,1,0,38092,geom
1183326,1183326,1,0,38092,geom
3118359,3118359,1,0,73156,geom
9927357,9927357,1,0,73156,geom
2083164,2083164,1,0,121182,geom
265072,265072,1,0,34316,geom
203647,203647,1,0,34316,geom
5156183,5156183,1,0,34316,geom
8208608,8208608,1,0,39984,geom
5034908,5034908,1,0,15523,geom
1395003,1395003,1,0,91168,geom
4858846,4858846,1,0,10629,geom
18041,18041,1,0,97515,geom
5143585,5143585,1,0,97515,geom
6564788,6564788,1,0,8898,geom
3164079,3164079,1,0,8898,geom
6798028,6798028,1,0,70392,geom
7520490,7520490,1,0,70392,geom
6122712,6122712,1,0,95775,geom
8159956,8159956,1,0,115420,geom
201970,201970,1,0,115420,geom
5296364,5296364,1,0,93451,geom
3028906,3028906,1,0,11681,geom
3642704,3642704,1,0,11681,geom
5705727,5705727,1,0,11681,geom
82500,82500,1,0,102794,geom
3433924,3433924,1,0,74547,geom
5499113,5499113,1,0,74547,geom
1560728,1560728,1,0,17207,geom
2828485,2828485,1,0,41950,geom
7657573,7657573,1,0,41950,geom
2446428,2446428,1,0,22656,geom
9526916,9526916,1,0,41268,geom
9928096,9928096,1,0,84862,geom
4895849,4895849,1,0,8225,geom
8278015,8278015,1,0,8225,geom
9011585,9011585,1,0,23919,geom
8569221,8569221,1,0,72303,geom
5099568,5099568,1,0,35287,geom
3501444,3501444,1,0,18631,geom
9409070,9409070,1,0,121679,geom
7512480,7512480,1,0,21727,geom
1571923,1571923,1,0,21727,geom
8321209,8321209,1,0,21727,geom
4319406,4319406,1,0,71123,geom
2784310,2784310,1,0,107515,geom
1562614,1562614,1,0,81212,geom
8367132,8367132,1,0,81212,geom
7745957,7745975,19,0,81212,geom
6816101,6816101,1,0,92887,geom
3026940,3026940,1,0,99005,geom
4058405,4058405,1,0,86211,geom
7510173,7510173,1,0,86211,geom
5732013,5732013,1,0,86211,geom
6606954,6606954,1,0,77606,geom
592508,592508,1,0,77606,geom
834958,834958,1,0,92387,geom
2825609,2825609,1,0,92387,geom
4099809,4099809,1,0,97353,geom
5187988,5187988,1,0,97353,geom
4784973,4784973,1,0,97353,geom
7548998,7548998,1,0,73665,geom
7049106,7049106,1,0,106772,geom
207058,207058,1,0,96362,geom
6644207,6644207,1,0,96362,geom
556908,556908,1,0,97431,geom
1995560,1995560,1,0,97431,geom
1432024,1432024,1,0,11582,geom
7972455,7972455,1,0,118525,geom
8735013,8735064,52,0,88404,geom
5488479,5488509,31,0,65745,geom
8937809,8937809,1,0,81841,geom
1435563,1435563,1,0,81841,geom
2637261,2637261,1,0,70466,geom
4711603,4711603,1,0,70466,geom
1422691,1422691,1,0,57435,geom
6436257,6436257,1,0,57435,geom
9879409,9879409,1,0,57114,geom
9377042,9377042,1,0,57114,geom
2136997,2136997,1,0,98206,geom
2422990,2422990,1,0,99885,geom
162015,162015,1,0,99885,geom
6941659,6941659,1,0,55397,geom
8798154,8798154,1,0,115012,geom
2005085,2005085,1,0,115012,geom
1569730,1569730,1,0,115012,geom
6785853,6785853,1,0,115012,geom
7556423,7556423,1,0,103758,geom
324855,324855,1,0,65505,geom
3806539,3806539,1,0,65505,geom
2364588,2364588,1,0,115491,geom
1398174,1398174,1,0,20941,geom
8005357,8005357,1,0,109075,geom
4668389,4668389,1,0,109075,geom
3806901,3806901,1,0,86928,geom
1545194,1545194,1,0,92840,geom
1309041,1309041,1,0,92840,geom
1808119,1808119,1,0,44475,geom
8087826,8087826,1,0,88318,geom
47007,47007,1,0,11866,geom
3461600,3461600,1,0,11866,geom
3668479,3668479,1,0,11866,geom
6814892,6814892,1,0,41729,geom
1898127,1898127,1,0,17461,geom
254642,254642,1,0,17461,geom
8108444,8108444,1,0,6690,geom
4366350,4366350,1,0,6690,geom
7000981,7000981,1,0,46004,geom
3393084,3393084,1,0,46004,geom
9033161,9033161,1,0,9964,geom
3858370,3858370,1,0,85327,geom
626801,626801,1,0,85327,geom
9024665,9024665,1,0,14285,geom
9641800,9641800,1,0,14285,geom
2081164,2081164,1,0,112394,geom
6531830,6531830,1,0,112394,geom
4581206,4581206,1,0,57323,geom
6633668,6633668,1,0,7867,geom
3629416,3629416,1,0,7867,geom
7378593,7378593,1,0,13332,geom
7210696,7210696,1,0,13332,geom
8316934,8316934,1,0,13332,geom
1936538,1936538,1,0,2013,geom
5649859,5649859,1,0,5106,geom
3713213,3713213,1,0,5106,geom
1906369,1906369,1,0,6175,geom
3372082,3372082,1,0,99151,geom
3737295,3737295,1,0,1395,geom
560630,560630,1,0,1395,geom
8623097,8623097,1,0,76344,geom
7835975,7835975,1,0,66721,geom
2772302,2772302,1,0,5676,geom
3222011,3222011,1,0,5676,geom
7750834,7750834,1,0,65703,geom
4569622,4569622,1,0,102164,geom
3603000,3603000,1,0,102164,geom
5020596,5020596,1,0,102164,geom
3839234,3839234,1,0,9286,geom
8780948,8780948,1,0,100909,geom
9765577,9765577,1,0,100909,geom
8772821,8772821,1,0,81315,geom
2450556,2450556,1,0,20637,geom
3912873,3912873,1,0,68068,geom
2731458,2731458,1,0,8775,geom
2295257,2295257,1,0,8775,geom
2178862,2178862,1,0,8775,geom
5909245,5909245,1,0,96635,geom
5575146,5575146,1,0,2409,geom
3593293,3593293,1,0,2409,geom
751308,751308,1,0,65195,geom
4056889,4056889,1,0,65195,geom
3029225,3029225,1,0,39826,geom
2241028,2241028,1,0,39826,geom
9976666,9976666,1,0,26942,geom
9597003,9597003,1,0,2305,geom
6175809,6175809,1,0,24643,geom
1769699,1769699,1,0,119072,geom
7097224,7097224,1,0,73738,geom
3258627,3258627,1,0,122301,geom
7481627,7481627,1,0,122301,geom
5079200,5079200,1,0,51804,geom
8243081,8243081,1,0,78574,geom
9260734,9260734,1,0,78574,geom
2563771,2563771,1,0,17240,geom
7103592,7103592,1,0,17240,geom
7623043,7623043,1,0,17240,geom
5900528,5900528,1,0,7808,geom
2813966,2813966,1,0,7808,geom
2414166,2414166,1,0,119144,geom
7606594,7606594,1,0,81925,geom
9703695,9703695,1,0,81925,geom
7032173,7032173,1,0,100448,geom
5603515,5603515,1,0,100448,geom
9250764,9250764,1,0,100448,geom
1148741,1148741,1,0,90725,geom
7933602,7933602,1,0,36920,geom
4610874,4610874,1,0,36920,geom
7230476,7230476,1,0,51011,geom
5601361,5601361,1,0,107418,geom
3743482,3743482,1,0,107418,geom
6478346,6478346,1,0,92647,geom
1709527,1709527,1,0,114847,geom
3795053,3795053,1,0,114847,geom
6277586,6277586,1,0,90104,geom
5955637,5955637,1,0,90104,geom
7750999,7750999,1,0,120985,geom
1330340,1330340,1,0,120985,geom
1861280,1861280,1,0,120985,geom
645760,645760,1,0,47240,geom
5284413,5284413,1,0,47240,geom
5237139,5237139,1,0,78357,geom
5212962,5212962,1,0,107912,geom
613051,613051,1,0,107912,geom
2856054,2856054,1,0,76443,geom
2012707,2012707,1,0,76443,geom
8007832,8007832,1,0,29200,geom
7747048,7747048,1,0,57213,geom
2509480,2509480,1,0,100810,geom
5617392,5617392,1,0,100810,geom
1363818,1363818,1,0,100810,geom
2003644,2003644,1,0,35865,geom
9283032,9283032,1,0,35865,geom
1873403,1873403,1,0,35865,geom
7456508,7456508,1,0,44896,geom
7744720,7744720,1,0,16722,geom
3465441,3465441,1,0,16722,geom
7078948,7078948,1,0,16722,geom
3729800,3729800,1,0,54757,geom
1204532,1204532,1,0,83933,geom
375870,375870,1,0,75529,geom
6014429,6014429,1,0,75529,geom
2297493,2297493,1,0,11297,geom
44257,44257,1,0,30201,geom
6181628,6181628,1,0,88790,geom
7164404,7164404,1,0,88790,geom
817930,817930,1,0,88790,geom
1801767,1801767,1,0,95756,geom
8082882,8082882,1,0,40721,geom
2694171,2694171,1,0,10881,geom
7885021,7885021,1,0,10881,geom
3667803,3667803,1,0,20144,geom
5862917,5862917,1,0,20144,geom
8011526,8011526,1,0,33472,geom
1830758,1830758,1,0,33472,geom
8324593,8324593,1,0,113812,geom
1786091,1786091,1,0,6361,geom
2391698,2391698,1,0,6361,geom
3657136,3657136,1,0,25492,geom
7318651,7318651,1,0,17496,geom
7399472,7399472,1,0,26730,geom
9635107,9635107,1,0,75558,geom
8243901,8243901,1,0,75558,geom
7518395,7518395,1,0,104265,geom
6564352,6564352,1,0,104265,geom
1912439,1912439,1,0,119022,geom
5177326,5177326,1,0,107539,geom
3834006,3834006,1,0,87419,geom
5261287,5261287,1,0,87419,geom
8173835,8173835,1,0,56526,geom
102268,102268,1,0,56526,geom
9912458,9912458,1,0,30981,geom
1149747,1149747,1,0,109072,geom
1191560,1191560,1,0,60392,geom
6222918,6222918,1,0,60392,geom
4886951,4886951,1,0,60392,geom
2966963,2966963,1,0,60392,geom
3242905,3242905,1,0,53612,geom
4175163,4175163,1,0,113909,geom
1910192,1910192,1,0,91384,geom
9080620,9080620,1,0,91384,geom
1670059,1670059,1,0,57524,geom
7713822,7713822,1,0,67460,geom
2846224,2846224,1,0,3589,geom
9054648,9054648,1,0,8467,geom
6275245,6275245,1,0,8467,geom
8805527,8805552,26,0,111041,geom
1981996,1981996,1,0,111041,geom
9221594,9221594,1,0,111041,geom
6192439,6192439,1,0,60177,geom
9965714,9965714,1,0,46190,geom
2656677,2656677,1,0,29241,geom
2706636,2706636,1,0,41759,geom
4083817,4083817,1,0,41759,geom
998427,998427,1,0,41759,geom
925278,925278,1,0,73721,geom
7445845,7445845,1,0,83000,geom
8961742,8961742,1,0,83000,geom
9683747,9683747,1,0,7433,geom
9621721,9621721,1,0,16494,geom
756482,756482,1,0,3829,geom
6721416,6721416,1,0,3829,geom
5992607,5992607,1,0,29642,geom
7516383,7516383,1,0,31327,geom
9028178,9028178,1,0,45813,geom
2999678,2999678,1,0,45813,geom
2311680,2311680,1,0,12664,geom
8552857,8552857,1,0,28946,geom
5162369,5162369,1,0,35085,geom
7966073,7966073,1,0,68156,geom
6814892,6814892,1,0,68156,geom
3513513,3513513,1,0,70960,geom
8270168,8270168,1,0,70960,geom
2518917,2518917,1,0,70960,geom
9683965,9683965,1,0,70960,geom
3925758,3925758,1,0,59046,geom
3763284,3763284,1,0,57661,geom
9387938,9387938,1,0,57661,geom
8472384,8472384,1,0,113078,geom
5363472,5363472,1,0,113078,geom
7889342,7889342,1,0,113078,geom
6960460,6960460,1,0,42231,geom
6983132,6983132,1,0,47906,geom
2020631,2020631,1,0,105079,geom
818372,818372,1,0,67066,geom
4165394,4165394,1,0,58090,geom
8184073,8184073,1,0,69216,geom
5804873,5804873,1,0,69216,geom
9172551,9172551,1,0,122733,geom
2894520,2894520,1,0,73735,geom
8466194,8466194,1,0,35780,geom
387252,387252,1,0,32360,geom
2075017,2075017,1,0,32360,geom
3758247,3758247,1,0,47585,geom
274434,274434,1,0,47585,geom
9743823,9743823,1,0,46686,geom
8684031,8684031,1,0,121192,geom
7235787,7235787,1,0,121192,geom
7794328,7794328,1,0,10164,geom
7775912,7775912,1,0,52682,geom
1790579,1790579,1,0,45079,geom
3117909,3117909,1,0,45079,geom
2440561,2440561,1,0,45079,geom
5588138,5588138,1,0,70984,geom
5120336,5120336,1,0,70984,geom
3575207,3575207,1,0,70984,geom
543316,543316,1,0,70984,geom
5667642,5667642,1,0,70984,geom
6700181,6700181,1,0,70984,geom
2404911,2404911,1,0,89042,geom
7466497,7466497,1,0,6939,geom
5428209,5428209,1,0,6939,geom
7578292,7578292,1,0,30438,geom
2470335,2470335,1,0,33462,geom
4836083,4836083,1,0,78000,geom
5646561,5646561,1,0,104361,geom
9280392,9280392,1,0,104361,geom
4552774,4552774,1,0,94807,geom
4101393,4101393,1,0,100676,geom
6824657,6824657,1,0,1219,geom
9562780,9562780,1,0,57328,geom
945146,945146,1,0,57328,geom
2034686,2034686,1,0,57328,geom
6478346,6478346,1,0,57328,geom
5707994,5707994,1,0,7076,geom
5932931,5932931,1,0,7076,geom
2656029,2656029,1,0,92652,geom
3149036,3149036,1,0,69756,geom
9612836,9612836,1,0,68583,geom
6550305,6550305,1,0,68583,geom
9609592,9609592,1,0,32084,geom
1064789,1064789,1,0,32084,geom
6882674,6882674,1,0,80554,geom
4964022,4964022,1,0,123025,geom
8897962,8897962,1,0,14930,geom
5967467,5967467,1,0,51658,geom
6063987,6063987,1,0,15399,geom
4233579,4233579,1,0,118455,geom
186819,186819,1,0,88769,geom
6867424,6867424,1,0,88769,geom
8379937,8379937,1,0,20694,geom
2952141,2952141,1,0,92515,geom
133087,133087,1,0,88157,geom
4550315,4550315,1,0,88157,geom
9725459,9725459,1,0,9440,geom
9018951,9018951,1,0,108964,geom
5190565,5190565,1,0,108964,geom
9090412,9090412,1,0,108964,geom
3480154,3480154,1,0,89667,geom
9578841,9578841,1,0,89667,geom
1198081,1198081,1,0,89667,geom
5143771,5143771,1,0,65217,geom
3112958,3112960,3,0,91787,geom
5391091,5391091,1,0,91787,geom
4105198,4105198,1,0,91787,geom
5030232,5030232,1,0,84054,geom
6322520,6322520,1,0,84054,geom
8157096,8157096,1,0,68121,geom
8006458,8006458,1,0,6897,geom
4303343,4303343,1,0,31206,geom
7545255,7545255,1,0,68324,geom
5709391,5709391,1,0,68324,geom
7141941,7141941,1,0,114085,geom
6679048,6679048,1,0,80706,geom
7816915,7816915,1,0,72650,geom
85580,85580,1,0,64799,geom
6889737,6889737,1,0,64799,geom
3444416,3444416,1,0,81147,geom
5508767,5508767,1,0,81147,geom
6324043,6324043,1,0,107111,geom
6439784,6439784,1,0,107111,geom
9839784,9839784,1,0,99921,geom
3169624,3169624,1,0,86810,geom
6606187,6606187,1,0,86810,geom
3136654,3136654,1,0,10456,geom
4813184,4813184,1,0,21000,geom
9703881,9703881,1,0,21000,geom
9061208,9061208,1,0,2816,geom
6215169,6215169,1,0,1046,geom
5643767,5643767,1,0,59434,geom
9997383,9997383,1,0,106905,geom
8163698,8163698,1,0,95185,geom
5487428,5487428,1,0,95185,geom
85580,85580,1,0,9802,geom
9201390,9201390,1,0,65552,geom
4267017,4267017,1,0,65552,geom
4014677,4014677,1,0,72102,geom
1243532,1243532,1,0,72102,geom
9389327,9389327,1,0,86647,geom
3021960,3021960,1,0,86647,geom
2284006,2284006,1,0,84596,geom
9008863,9008863,1,0,110294,geom
422084,422084,1,0,39744,geom
9055039,9055039,1,0,29936,geom
2690916,2690916,1,0,61719,geom
9542453,9542453,1,0,61719,geom
7542545,7542545,1,0,61719,geom
9315418,9315418,1,0,29595,geom
7584427,7584427,1,0,65050,geom
2032917,2032917,1,0,56465,geom
7423561,7423561,1,0,56465,geom
2799466,2799466,1,0,50288,geom
3937961,3937962,2,0,122297,geom
6025315,6025315,1,0,60390,geom
1425882,1425882,1,0,117883,geom
7650046,7650046,1,0,2715,geom
2329169,2329169,1,0,89945,geom
9045093,9045093,1,0,89945,geom
7525008,7525008,1,0,79524,geom
6271359,6271359,1,0,21138,geom
88359,88359,1,0,56954,geom
5523999,5523999,1,0,7850,geom
3825485,3825502,18,0,82469,geom
2073777,2073777,1,0,82469,geom
8028007,8028007,1,0,91363,geom
18625,18625,1,0,60693,geom
7878028,7878028,1,0,11120,geom
9375905,9375905,1,0,3974,geom
4555813,4555813,1,0,86697,geom
6875426,6875426,1,0,85122,geom
42665,42665,1,0,98130,geom
6158717,6158717,1,0,103300,geom
2045142,2045142,1,0,103300,geom
1768651,1768651,1,0,108480,geom
938792,938792,1,0,26498,geom
3525819,3525819,1,0,8603,geom
5988233,5988233,1,0,8603,geom
3909288,3909288,1,0,8603,geom
5862917,5862917,1,0,11631,geom
9005587,9005587,1,0,11631,geom
9559490,9559490,1,0,11631,geom
1770215,1770215,1,0,63963,geom
1893397,1893397,1,0,63963,geom
1770215,1770215,1,0,72441,geom
8263397,8263397,1,0,113700,geom
5992302,5992302,1,0,93870,geom
3362742,3362742,1,0,17715,geom
9702611,9702611,1,0,88773,geom
920104,920104,1,0,98332,geom
9473028,9473038,11,0,98332,geom
3656766,3656766,1,0,98332,geom
7763195,7763195,1,0,32172,geom
6460968,6460968,1,0,32172,geom
3037472,3037472,1,0,104310,geom
7623903,7623903,1,0,100402,geom
9033161,9033161,1,0,100402,geom
8503812,8503812,1,0,100402,geom
6451950,6451950,1,0,16467,geom
1523936,1523936,1,0,16467,geom
8798644,8798644,1,0,16467,geom
9507749,9507749,1,0,65602,geom
4518115,4518115,1,0,102030,geom
7830699,7830699,1,0,102030,geom
5627051,5627051,1,0,34482,geom
6507543,6507543,1,0,15749,geom
4748236,4748236,1,0,15749,geom
9796232,9796232,1,0,12917,geom
9187767,9187767,1,0,51417,geom
2244422,2244422,1,0,119880,geom
6955365,6955365,1,0,119880,geom
9137371,9137371,1,0,42460,geom
651423,651423,1,0,119099,geom
4034860,4034860,1,0,119099,geom
1156126,1156126,1,0,53773,geom
4248357,4248357,1,0,49796,geom
8838190,8838190,1,0,45100,geom
8778413,8778413,1,0,45100,geom
9005063,9005063,1,0,98165,geom
71073,71073,1,0,98165,geom
207976,207976,1,0,91965,geom
8169346,8169346,1,0,91965,geom
604604,604604,1,0,89305,geom
9048785,9048785,1,0,89305,geom
2518303,2518303,1,0,89305,geom
8983536,8983536,1,0,113947,geom
5037965,5037965,1,0,113947,geom
8109535,8109535,1,0,44076,geom
1490878,1490878,1,0,90429,geom
8312469,8312469,1,0,3807,geom
5572436,5572436,1,0,3807,geom
2035373,2035373,1,0,92869,geom
672892,672892,1,0,92869,geom
5257491,5257491,1,0,92869,geom
3132360,3132360,1,0,88345,geom
4485382,4485382,1,0,40040,geom
5589953,5589953,1,0,40040,geom
3210236,3210236,1,0,23980,geom
2057274,2057274,1,0,75216,geom
2933082,2933082,1,0,36433,geom
196843,196843,1,0,36433,geom
3119955,3119955,1,0,36433,geom
5530026,5530026,1,0,81404,geom
2913172,2913172,1,0,81404,geom
871735,871735,1,0,81404,geom
885628,885628,1,0,111859,geom
3784539,3784539,1,0,104001,geom
3443900,3443900,1,0,104001,geom
196808,196843,36,0,22460,geom
2002959,2002959,1,0,90337,geom
5180293,5180293,1,0,90337,geom
3657961,3657994,34,0,90337,geom
1859235,1859235,1,0,67611,geom
8096632,8096632,1,0,67611,geom
3507939,3507939,1,0,28098,geom
8927696,8927696,1,0,28098,geom
7676363,7676363,1,0,107354,geom
3907808,3907808,1,0,107354,geom
9549165,9549165,1,0,107354,geom
3947841,3947841,1,0,85212,geom
2616933,2616933,1,0,72344,geom
3148190,3148190,1,0,72344,geom
6239838,6239838,1,0,48956,geom
3833062,3833065,4,0,48956,geom
6301892,6301892,1,0,48956,geom
322236,322236,1,0,107782,geom
3507939,3507939,1,0,100990,geom
6758982,6758982,1,0,100990,geom
833358,833358,1,0,36527,geom
4606948,4606948,1,0,30504,geom
9087595,9087595,1,0,30504,geom
6123338,6123338,1,0,53607,geom
3311305,3311305,1,0,53607,geom
8316934,8316934,1,0,96986,geom
9870910,9870910,1,0,96986,geom
9581371,9581371,1,0,13740,geom
3874360,3874360,1,0,43837,geom
2958955,2958955,1,0,43837,geom
768060,768060,1,0,103880,geom
4111211,4111211,1,0,87150,geom
6932865,6932865,1,0,46335,geom
4622981,4622981,1,0,46335,geom
3654087,3654087,1,0,40497,geom
9976666,9976666,1,0,3720,geom
4200457,4200457,1,0,3720,geom
3159578,3159578,1,0,111040,geom
8338424,8338424,1,0,10355,geom
144220,144220,1,0,54046,geom
8110567,8110567,1,0,54046,geom
8108444,8108444,1,0,76185,geom
9892520,9892520,1,0,76185,geom
601970,601970,1,0,76185,geom
6423575,6423575,1,0,113677,geom
1873689,1873689,1,0,12509,geom
2154903,2154903,1,0,40720,geom
8766398,8766398,1,0,77827,geom
1724541,1724541,1,0,47352,geom
8653761,8653761,1,0,47352,geom
5333023,5333023,1,0,85428,geom
4612887,4612887,1,0,13678,geom
115145,115145,1,0,13678,geom
2360502,2360502,1,0,61835,geom
4237585,4237585,1,0,37260,geom
1747304,1747304,1,0,37260,geom
9872142,9872142,1,0,37260,geom
9933037,9933037,1,0,124484,geom
5265995,5265995,1,0,124484,geom
2308719,2308719,1,0,32162,geom
9979774,9979774,1,0,59877,geom
1896329,1896329,1,0,59877,geom
296869,296869,1,0,86857,geom
90793,90793,1,0,29072,geom
3892709,3892709,1,0,109927,geom
630539,630539,1,0,22516,geom
2754657,2754657,1,0,22516,geom
2444748,2444748,1,0,22516,geom
99452,99452,1,0,77570,geom
9885262,9885288,27,0,77570,geom
6507543,6507589,47,0,77570,geom
9960107,9960107,1,0,124721,geom
7944610,7944610,1,0,124451,geom
3681366,3681366,1,0,98863,geom
8158601,8158601,1,0,106767,geom
6026727,6026727,1,0,92403,geom
4371051,4371051,1,0,64693,geom
4351793,4351793,1,0,33874,geom
6475721,6475721,1,0,33874,geom
5068170,5068170,1,0,114241,geom
6378970,6378970,1,0,114241,geom
7766215,7766215,1,0,72978,geom
5755645,5755645,1,0,9904,geom
6029022,6029022,1,0,66003,geom
166421,166421,1,0,66003,geom
7297021,7297021,1,0,71766,geom
8078481,8078481,1,0,71766,geom
1401927,1401927,1,0,518,geom
6869953,6869953,1,0,518,geom
7965335,7965335,1,0,33450,geom
2326939,2326939,1,0,33450,geom
305081,305081,1,0,17572,geom
4647476,4647476,1,0,17572,geom
1850847,1850847,1,0,114063,geom
3865314,3865314,1,0,114063,geom
3000730,3000730,1,0,14196,geom
2218193,2218193,1,0,14196,geom
9922943,9922943,1,0,14196,geom
9705884,9705884,1,0,14196,geom
8316724,8316724,1,0,115571,geom
2176950,2176950,1,0,60511,geom
2402254,2402254,1,0,6831,geom
7089536,7089536,1,0,117658,geom
7746898,7746898,1,0,117658,geom
9057468,9057468,1,0,48545,geom
6737151,6737151,1,0,48545,geom
7563941,7563941,1,0,19896,geom
6451605,6451605,1,0,19896,geom
5068321,5068321,1,0,61243,geom
2193253,2193253,1,0,109079,geom
9436470,9436470,1,0,109079,geom
4868799,4868799,1,0,109079,geom
117409,117409,1,0,111903,geom
162015,162015,1,0,61842,geom
1471469,1471469,1,0,61842,geom
1326994,1326994,1,0,5243,geom
6527610,6527610,1,0,9808,geom
9013557,9013557,1,0,78623,geom
7249307,7249307,1,0,17710,geom
7987528,7987528,1,0,17710,geom
7386460,7386460,1,0,61515,geom
3056218,3056218,1,0,61515,geom
5103091,5103091,1,0,61515,geom
8802466,8802466,1,0,61515,geom
8162946,8162946,1,0,102399,geom
4393248,4393248,1,0,102399,geom
22237,22237,1,0,102399,geom
5552765,5552765,1,0,74262,geom
7675562,7675562,1,0,64754,geom
4878980,4878980,1,0,5563,geom
7170801,7170801,1,0,23078,geom
7275494,7275494,1,0,74974,geom
7505772,7505772,1,0,74974,geom
7224193,7224193,1,0,55801,geom
8000573,8000573,1,0,55801,geom
4514822,4514822,1,0,116,geom
1973546,1973546,1,0,116,geom
3887792,3887792,1,0,30449,geom
9861469,9861469,1,0,101266,geom
34067,34067,1,0,69178,geom
5034186,5034186,1,0,69178,geom
4007685,4007685,1,0,53170,geom
8257191,8257191,1,0,74079,geom
6891175,6891175,1,0,74079,geom
6487901,6487901,1,0,25819,geom
9828412,9828412,1,0,31928,geom
7806043,7806043,1,0,31928,geom
6481574,6481574,1,0,65818,geom
6899065,6899065,1,0,65818,geom
1768686,1768686,1,0,34867,geom
7413763,7413763,1,0,84263,geom
5067453,5067453,1,0,96512,geom
9996962,9996962,1,0,22336,geom
5626570,5626570,1,0,22336,geom
9693591,9693591,1,0,10046,geom
9739438,9739438,1,0,27338,geom
4574694,4574694,1,0,74452,geom
4907148,4907216,69,0,48901,geom
2679214,2679214,1,0,48901,geom
1865855,1865855,1,0,30850,geom
9308209,9308209,1,0,93916,geom
8801257,8801257,1,0,95797,geom
1499103,1499103,1,0,95797,geom
2432292,2432292,1,0,120576,geom
6936696,6936696,1,0,73571,geom
2650836,2650836,1,0,73571,geom
6579366,6579366,1,0,73571,geom
4595760,4595760,1,0,73571,geom
8595626,8595626,1,0,69496,geom
7075580,7075580,1,0,97034,geom
6195301,6195301,1,0,102182,geom
9399117,9399117,1,0,102182,geom
578305,578305,1,0,20603,geom
7493080,7493080,1,0,74247,geom
6407731,6407731,1,0,74247,geom
7858467,7858467,1,0,60341,geom
3677670,3677670,1,0,123773,geom
6882674,6882674,1,0,123404,geom
4328970,4328970,1,0,24647,geom
1007228,1007228,1,0,24647,geom
3657136,3657136,1,0,28105,geom
1746207,1746207,1,0,28105,geom
923093,923093,1,0,28105,geom
6295592,6295592,1,0,8010,geom
9796232,9796232,1,0,8010,geom
3292712,3292712,1,0,8010,geom
3659740,3659740,1,0,2548,geom
6235681,6235681,1,0,2548,geom
2668145,2668180,36,0,2548,geom
6351988,6351988,1,0,13464,geom
6304170,6304170,1,0,75205,geom
9228758,9228758,1,0,75205,geom
4768545,4768545,1,0,106585,geom
6424326,6424326,1,0,106585,geom
1723072,1723072,1,0,29505,geom
16801,16801,1,0,123417,geom
4729854,4729854,1,0,64496,geom
6210043,6210043,1,0,29206,geom
8109304,8109304,1,0,81668,geom
1598056,1598056,1,0,81668,geom
7520449,7520490,42,0,54187,geom
7737909,7737909,1,0,54187,geom
7758546,7758546,1,0,54187,geom
4272599,4272599,1,0,54187,geom
8655365,8655365,1,0,118135,geom
8985734,8985734,1,0,118135,geom
8067077,8067077,1,0,118135,geom
5070704,5070704,1,0,118135,geom
90793,90793,1,0,118135,geom
7952605,7952605,1,0,118135,geom
8463308,8463308,1,0,62391,geom
275594,275594,1,0,62391,geom
194739,194739,1,0,12955,geom
2842181,2842181,1,0,12955,geom
9080505,9080505,1,0,12955,geom
1062223,1062223,1,0,12955,geom
9905964,9905964,1,0,38158,geom
6590081,6590081,1,0,81242,geom
9288223,9288223,1,0,105516,geom
6562728,6562728,1,0,105516,geom
8185722,8185722,1,0,93949,geom
8206483,8206483,1,0,72344,geom
7874760,7874760,1,0,18703,geom
6594417,6594417,1,0,105696,geom
7600310,7600310,1,0,105696,geom
5914950,5914950,1,0,16420,geom
7518395,7518395,1,0,34363,geom
2244336,2244336,1,0,34363,geom
8314142,8314142,1,0,104028,geom
4408202,4408202,1,0,22577,geom
7781395,7781395,1,0,117862,geom
3378110,3378110,1,0,69556,geom
5638221,5638221,1,0,118708,geom
5574669,5574669,1,0,38066,geom
2607171,2607171,1,0,66465,geom
3748129,3748129,1,0,71107,geom
3712922,3712922,1,0,94970,geom
7314768,7314768,1,0,112921,geom
9978749,9978749,1,0,43556,geom
9231151,9231151,1,0,43556,geom
387252,387252,1,0,43556,geom
1381339,1381339,1,0,43556,geom
8437145,8437145,1,0,32653,geom
1604891,1604891,1,0,32653,geom
2362132,2362132,1,0,32653,geom
2449899,2449899,1,0,35934,geom
38397,38397,1,0,23394,geom
7873260,7873260,1,0,56604,geom
3845429,3845438,10,0,105632,geom
5590187,5590187,1,0,105632,geom
3960749,3960749,1,0,105632,geom
13395,13395,1,0,40514,geom
5386766,5386766,1,0,68864,geom
453049,453049,1,0,114440,geom
8198664,8198664,1,0,93955,geom
5923585,5923585,1,0,61816,geom
7571231,7571231,1,0,61816,geom
7963035,7963035,1,0,66380,geom
9281924,9281924,1,0,66380,geom
8937809,8937809,1,0,66380,geom
7511843,7511843,1,0,103078,geom
672041,672041,1,0,103078,geom
1257999,1257999,1,0,103986,geom
5626526,5626526,1,0,51983,geom
8577102,8577102,1,0,51983,geom
6578465,6578465,1,0,96509,geom
4010167,4010167,1,0,57018,geom
4789395,4789395,1,0,57018,geom
7457190,7457190,1,0,102493,geom
5021371,5021371,1,0,102493,geom
6252161,6252161,1,0,33895,geom
4010167,4010167,1,0,101023,geom
4309230,4309230,1,0,67325,geom
8272194,8272194,1,0,38342,geom
5297278,5297278,1,0,38342,geom
3083198,3083198,1,0,44751,geom
1913787,1913787,1,0,16594,geom
1018208,1018208,1,0,108270,geom
6639622,6639622,1,0,94624,geom
654832,654832,1,0,36031,geom
900245,900245,1,0,85794,geom
4119472,4119472,1,0,85794,geom
3064751,3064751,1,0,34761,geom
1366778,1366778,1,0,27800,geom
1992792,1992792,1,0,27800,geom
4736205,4736205,1,0,68467,geom
900245,900245,1,0,91567,geom
7113776,7113776,1,0,86632,geom
4208387,4208387,1,0,86632,geom
9907421,9907421,1,0,95520,geom
4653534,4653534,1,0,18551,geom
9687749,9687749,1,0,106518,geom
2715527,2715527,1,0,106518,geom
5610374,5610374,1,0,101189,geom
9195214,9195214,1,0,101189,geom
3396805,3396805,1,0,87057,geom
5161285,5161285,1,0,10132,geom
4518115,4518115,1,0,10132,geom
9536884,9536884,1,0,26435,geom
5476832,5476832,1,0,26435,geom
6627832,6627832,1,0,26435,geom
3128653,3128653,1,0,30028,geom
7110550,7110550,1,0,30028,geom
2851850,2851850,1,0,30028,geom
4258555,4258555,1,0,95093,geom
2886275,2886275,1,0,92091,geom
1402974,1402974,1,0,36783,geom
9469574,9469574,1,0,48041,geom
4631184,4631184,1,0,45382,geom
9924417,9924421,5,0,45382,geom
7271950,7271950,1,0,60994,geom
2605629,2605629,1,0,57223,geom
9115149,9115149,1,0,63622,geom
1918770,1918770,1,0,63622,geom
2151875,2151875,1,0,51279,geom
2374964,2374964,1,0,93940,geom
7893947,7893947,1,0,119661,geom
7063225,7063225,1,0,119661,geom
3119315,3119315,1,0,119661,geom
9583569,9583569,1,0,39650,geom
4549758,4549758,1,0,85783,geom
5741738,5741738,1,0,85783,geom
1957812,1957812,1,0,85783,geom
9338408,9338408,1,0,9266,geom
4400793,4400793,1,0,85041,geom
9910022,9910022,1,0,85041,geom
7327366,7327366,1,0,85041,geom
9923284,9923284,1,0,85041,geom
2908918,2908918,1,0,11133,geom
2076016,2076016,1,0,11133,geom
1028683,1028683,1,0,11133,geom
53980,53980,1,0,48300,geom
9875939,9875939,1,0,96511,geom
7257073,7257073,1,0,96511,geom
3360960,3360960,1,0,53418,geom
4789395,4789395,1,0,53418,geom
8109304,8109304,1,0,82732,geom
9133106,9133106,1,0,82732,geom
5892951,5892951,1,0,58211,geom
2601281,2601281,1,0,83358,geom
52624,52624,1,0,83358,geom
8332817,8332817,1,0,83358,geom
3374244,3374244,1,0,7764,geom
7770384,7770384,1,0,118441,geom
5600202,5600202,1,0,118441,geom
1187728,1187728,1,0,102460,geom
2891495,2891495,1,0,102460,geom
7369734,7369734,1,0,8978,geom
8865855,8865855,1,0,112550,geom
6256888,6256888,1,0,112550,geom
9642392,9642392,1,0,112550,geom
4187112,4187112,1,0,112550,geom
8511411,8511411,1,0,76191,geom
1505649,1505649,1,0,76191,geom
3667595,3667595,1,0,9764,geom
8624896,8624896,1,0,9764,geom
1921209,1921209,1,0,60765,geom
595621,595621,1,0,35078,geom
7297021,7297021,1,0,35078,geom
6595216,6595216,1,0,35078,geom
6620055,6620055,1,0,35078,geom
2692199,2692199,1,0,89897,geom
254388,254388,1,0,89897,geom
7516150,7516150,1,0,98756,geom
4996674,4996674,1,0,98756,geom
6490609,6490609,1,0,98756,geom
1790579,1790579,1,0,72450,geom
7879951,7879951,1,0,64545,geom
3590258,3590258,1,0,64545,geom
9142263,9142263,1,0,64545,geom
1722276,1722276,1,0,67386,geom
5512313,5512313,1,0,68882,geom
2681898,2681898,1,0,93953,geom
6801925,6801925,1,0,93953,geom
3804271,3804271,1,0,93953,geom
1545194,1545194,1,0,79643,geom
6861453,6861453,1,0,28177,geom
5499244,5499244,1,0,95685,geom
4075325,4075325,1,0,50786,geom
6503189,6503189,1,0,110252,geom
4015687,4015687,1,0,41626,geom
5530026,5530026,1,0,104912,geom
847429,847429,1,0,118589,geom
7456757,7456757,1,0,118589,geom
7213006,7213006,1,0,52619,geom
2746273,2746273,1,0,43058,geom
1973341,1973341,1,0,43058,geom
7238624,7238624,1,0,3121,geom
7236774,7236774,1,0,3121,geom
4970695,4970695,1,0,44498,geom
3721998,3721998,1,0,44498,geom
741347,741347,1,0,44498,geom
6540651,6540656,6,0,30029,geom
1747681,1747681,1,0,115217,geom
5948165,5948165,1,0,85039,geom
6265640,6265640,1,0,85039,geom
7109423,7109423,1,0,84052,geom
4315849,4315849,1,0,84052,geom
8727806,8727806,1,0,66458,geom
1994981,1994981,1,0,66458,geom
6192439,6192439,1,0,90864,geom
1177387,1177387,1,0,90864,geom
1061656,1061656,1,0,85965,geom
3031947,3031947,1,0,69508,geom
4581206,4581206,1,0,83071,geom
2435802,2435802,1,0,83071,geom
31919,31919,1,0,83071,geom
7073793,7073793,1,0,83071,geom
4280418,4280418,1,0,51457,geom
8653597,8653597,1,0,40552,geom
5159446,5159446,1,0,42166,geom
9388134,9388134,1,0,81249,geom
9622792,9622792,1,0,31932,geom
9249289,9249289,1,0,124159,geom
9973877,9973877,1,0,49108,geom
93173,93173,1,0,17903,geom
2789768,2789768,1,0,111067,geom
6261887,6261887,1,0,111067,geom
8343662,8343662,1,0,104510,geom
5520728,5520728,1,0,104510,geom
5995705,5995742,38,0,104510,geom
7823326,7823326,1,0,104510,geom
6271359,6271359,1,0,33363,geom
1346439,1346439,1,0,33363,geom
1876699,1876699,1,0,33363,geom
1826879,1826879,1,0,90261,geom
9704760,9704760,1,0,90261,geom
8053788,8053788,1,0,8918,geom
922492,922492,1,0,107544,geom
9672218,9672218,1,0,107544,geom
1484076,1484076,1,0,11228,geom
1469045,1469045,1,0,11228,geom
2119129,2119129,1,0,11228,geom
3660767,3660767,1,0,62237,geom
8670978,8670978,1,0,53212,geom
5166410,5166410,1,0,53212,geom
4410146,4410146,1,0,83518,geom
5238455,5238455,1,0,69983,geom
7514083,7514083,1,0,45053,geom
9894705,9894705,1,0,45053,geom
8038150,8038150,1,0,7868,geom
2009711,2009711,1,0,116148,geom
820259,820259,1,0,116148,geom
8048023,8048023,1,0,32957,geom
7604814,7604814,1,0,38603,geom
1441818,1441818,1,0,46698,geom
8915983,8915983,1,0,1428,geom
7879951,7879951,1,0,4307,geom
1786527,1786527,1,0,4307,geom
5850410,5850410,1,0,38753,geom
8686682,8686682,1,0,52285,geom
5111329,5111329,1,0,90571,geom
9771455,9771455,1,0,17637,geom
2172378,2172378,1,0,17637,geom
9386920,9386920,1,0,24717,geom
8149968,8149968,1,0,32806,geom
7602062,7602062,1,0,111246,geom
9693954,9693954,1,0,111246,geom
1864738,1864738,1,0,10357,geom
9693954,9693954,1,0,10357,geom
9801061,9801061,1,0,82656,geom
6700847,6700847,1,0,19171,geom
478088,478088,1,0,19171,geom
7208652,7208652,1,0,55335,geom
2963738,2963738,1,0,44391,geom
3128485,3128485,1,0,57461,geom
8295258,8295258,1,0,57461,geom
6601897,6601897,1,0,57461,geom
9342812,9342812,1,0,41411,geom
9041275,9041275,1,0,9631,geom
1377186,1377186,1,0,9631,geom
9790786,9790786,1,0,108338,geom
7336752,7336752,1,0,108338,geom
6449415,6449415,1,0,108338,geom
7683243,7683243,1,0,113926,geom
1395937,1395937,1,0,9499,geom
229060,229060,1,0,116774,geom
3440280,3440280,1,0,116774,geom
8431279,8431279,1,0,92953,geom
3817258,3817258,1,0,102908,geom
380914,380914,1,0,57173,geom
7297769,7297769,1,0,57173,geom
7781014,7781014,1,0,57173,geom
3164079,3164079,1,0,57173,geom
1986927,1986927,1,0,46730,geom
5144320,5144320,1,0,69093,geom
8619492,8619492,1,0,69093,geom
6847352,6847352,1,0,16843,geom
826857,826857,1,0,46857,geom
8960641,8960641,1,0,96354,geom
412308,412308,1,0,96354,geom
2272627,2272627,1,0,57957,geom
9703695,9703695,1,0,47791,geom
3090990,3090990,1,0,19439,geom
1748927,1748927,1,0,98622,geom
7739580,7739580,1,0,98622,geom
9574716,9574716,1,0,123689,geom
5937011,5937011,1,0,123689,geom
6251639,6251639,1,0,27837,geom
9676856,9676856,1,0,27837,geom
7560463,7560463,1,0,98481,geom
8005357,8005357,1,0,99104,geom
8983536,8983536,1,0,99104,geom
1543859,1543859,1,0,99104,geom
7455847,7455847,1,0,73314,geom
179928,179928,1,0,77934,geom
6983132,6983132,1,0,77934,geom
8164385,8164385,1,0,77934,geom
625461,625461,1,0,19845,geom
6596407,6596407,1,0,43833,geom
8162509,8162509,1,0,43833,geom
1938966,1938966,1,0,52138,geom
6062808,6062808,1,0,52138,geom
550287,550287,1,0,52138,geom
9889557,9889557,1,0,103838,geom
7027623,7027623,1,0,90749,geom
767420,767420,1,0,79938,geom
7523270,7523270,1,0,79938,geom
2725830,2725830,1,0,9990,geom
2290389,2290389,1,0,9990,geom
5572436,5572436,1,0,2597,geom
4839948,4839948,1,0,2597,geom
1634897,1634897,1,0,88993,geom
4591310,4591310,1,0,37893,geom
9922943,9922943,1,0,37893,geom
443360,443360,1,0,37893,geom
7004677,7004677,1,0,96982,geom
4779462,4779462,1,0,96982,geom
6378149,6378149,1,0,96982,geom
3447987,3447987,1,0,102384,geom
6249702,6249702,1,0,107015,geom
2613732,2613732,1,0,52788,geom
5703853,5703853,1,0,52788,geom
2374459,2374459,1,0,52788,geom
9340207,9340207,1,0,52788,geom
2679188,2679188,1,0,63289,geom
7092657,7092657,1,0,63289,geom
432010,432010,1,0,30957,geom
660273,660273,1,0,70545,geom
1972852,1972852,1,0,71517,geom
550642,550642,1,0,71517,geom
3114962,3114962,1,0,71517,geom
6828245,6828245,1,0,86227,geom
3968586,3968586,1,0,109751,geom
2053846,2053846,1,0,109751,geom
5391155,5391155,1,0,102989,geom
181549,181549,1,0,19570,geom
6949455,6949455,1,0,26452,geom
88359,88359,1,0,26452,geom
2822766,2822766,1,0,26452,geom
3923291,3923291,1,0,26452,geom
5774283,5774283,1,0,46609,geom
8559659,8559659,1,0,107520,geom
6380,6380,1,0,107520,geom
6741598,6741598,1,0,107520,geom
3882495,3882495,1,0,44183,geom
8502237,8502237,1,0,104510,geom
3634116,3634116,1,0,104510,geom
5518095,5518095,1,0,113645,geom
565178,565178,1,0,113645,geom
3712416,3712416,1,0,85937,geom
7459742,7459742,1,0,116596,geom
2406720,2406720,1,0,94537,geom
5413392,5413392,1,0,94537,geom
7125842,7125842,1,0,4976,geom
4366558,4366558,1,0,4976,geom
3477871,3477871,1,0,69397,geom
2665289,2665289,1,0,120898,geom
2734959,2734959,1,0,22485,geom
8558974,8558974,1,0,20796,geom
1943961,1943961,1,0,116956,geom
7596478,7596478,1,0,116956,geom
8660736,8660736,1,0,116956,geom
9955263,9955263,1,0,32499,geom
9960322,9960322,1,0,109271,geom
1589101,1589101,1,0,109271,geom
5333023,5333023,1,0,37097,geom
8820101,8820101,1,0,111379,geom
6605958,6605958,1,0,111379,geom
5305585,5305585,1,0,111379,geom
9633687,9633687,1,0,81082,geom
8930129,8930129,1,0,25528,geom
1888614,1888614,1,0,58288,geom
6318515,6318515,1,0,58288,geom
7303590,7303590,1,0,109072,geom
7297021,7297021,1,0,108963,geom
9015701,9015701,1,0,108963,geom
7614478,7614478,1,0,37278,geom
7732786,7732786,1,0,93134,geom
5488479,5488479,1,0,75345,geom
6475721,6475721,1,0,44916,geom
1449913,1449913,1,0,25759,geom
16801,16801,1,0,51157,geom
3258627,3258627,1,0,51157,geom
9476710,9476710,1,0,70402,geom
8865568,8865568,1,0,74567,geom
6003879,6003879,1,0,9929,geom
7618388,7618388,1,0,9929,geom
4227695,4227695,1,0,97867,geom
7066713,7066713,1,0,89238,geom
2719152,2719152,1,0,123607,geom
3338131,3338131,1,0,123607,geom
6062722,6062722,1,0,122706,geom
8278292,8278292,1,0,122706,geom
9336949,9336949,1,0,28162,geom
8276613,8276613,1,0,63133,geom
5317239,5317239,1,0,18178,geom
6215905,6215905,1,0,18178,geom
7887866,7887866,1,0,66965,geom
1945431,1945431,1,0,66965,geom
5738194,5738194,1,0,66213,geom
3322712,3322712,1,0,66213,geom
9260027,9260027,1,0,66213,geom
365332,365332,1,0,66213,geom
5395994,5395994,1,0,75205,geom
5318440,5318440,1,0,25084,geom
8224760,8224760,1,0,94387,geom
388625,388625,1,0,94387,geom
998765,998774,10,0,111492,geom
6954691,6954691,1,0,93312,geom
2439249,2439249,1,0,93312,geom
2643533,2643533,1,0,33952,geom
101498,101498,1,0,33952,geom
5590457,5590457,1,0,94820,geom
166617,166617,1,0,75764,geom
8826061,8826061,1,0,90265,geom
1887138,1887138,1,0,108686,geom
1719221,1719221,1,0,88569,geom
1943963,1943963,1,0,88569,geom
1958453,1958453,1,0,124471,geom
5579871,5579871,1,0,124471,geom
6394248,6394248,1,0,27486,geom
1972614,1972614,1,0,27486,geom
4400793,4400793,1,0,119295,geom
191689,191689,1,0,119295,geom
9898658,9898658,1,0,119295,geom
5318440,5318440,1,0,65931,geom
6472616,6472616,1,0,65931,geom
1656010,1656010,1,0,65931,geom
5588138,5588138,1,0,65931,geom
5030232,5030232,1,0,14000,geom
7885445,7885445,1,0,101935,geom
7252458,7252458,1,0,101935,geom
9717176,9717176,1,0,101935,geom
3525819,3525819,1,0,69715,geom
3149036,3149036,1,0,69715,geom
502929,502929,1,0,80990,geom
3190004,3190004,1,0,80990,geom
7113776,7113776,1,0,41347,geom
7730486,7730486,1,0,41347,geom
9582782,9582782,1,0,114462,geom
7005189,7005189,1,0,33681,geom
4818676,4818676,1,0,33681,geom
3867618,3867618,1,0,22596,geom
1970736,1970736,1,0,1118,geom
9976178,9976178,1,0,1118,geom
91315,91355,41,0,1589,geom
8133128,8133128,1,0,28252,geom
480322,480322,1,0,100492,geom
2091408,2091408,1,0,106408,geom
3947841,3947841,1,0,59488,geom
9048785,9048785,1,0,59488,geom
8983536,8983536,1,0,122010,geom
9839784,9839784,1,0,48293,geom
8002112,8002112,1,0,115553,geom
3055086,3055086,1,0,115553,geom
5850293,5850293,1,0,115553,geom
3744615,3744615,1,0,83871,geom
7866696,7866696,1,0,83871,geom
5356298,5356298,1,0,83871,geom
3751148,3751148,1,0,27557,geom
3660076,3660076,1,0,54293,geom
4495849,4495849,1,0,54293,geom
9087595,9087595,1,0,2901,geom
5577468,5577468,1,0,95735,geom
8097584,8097584,1,0,74926,geom
2557760,2557760,1,0,74926,geom
5679006,5679006,1,0,74926,geom
1220974,1220974,1,0,74926,geom
6063625,6063625,1,0,93771,geom
4877900,4877900,1,0,74421,geom
600431,600431,1,0,74421,geom
5931535,5931535,1,0,15380,geom
2361414,2361414,1,0,59746,geom
6839315,6839315,1,0,92065,geom
4229582,4229582,1,0,70690,geom
4470541,4470541,1,0,70690,geom
8589373,8589373,1,0,70690,geom
7883743,7883743,1,0,41137,geom
8131965,8131965,1,0,110869,geom
8742965,8742965,1,0,45195,geom
644981,644981,1,0,37383,geom
626995,626995,1,0,119882,geom
1626930,1626930,1,0,119060,geom
8589654,8589654,1,0,119060,geom
8596902,8596902,1,0,119060,geom
6100361,6100361,1,0,119060,geom
4258555,4258555,1,0,85798,geom
4235588,4235588,1,0,85798,geom
3152558,3152558,1,0,85798,geom
6570477,6570489,13,0,85798,geom
1154946,1154946,1,0,15079,geom
2960046,2960046,1,0,122456,geom
5378911,5378911,1,0,88125,geom
151476,151476,1,0,88125,geom
45675,45675,1,0,42619,geom
6460136,6460136,1,0,118244,geom
8745463,8745463,1,0,118244,geom
2028371,2028371,1,0,118244,geom
672332,672332,1,0,51194,geom
6826587,6826587,1,0,36113,geom
2938804,2938804,1,0,40370,geom
65197,65197,1,0,40370,geom
7305054,7305054,1,0,74180,geom
1004631,1004631,1,0,12401,geom
6424925,6424925,1,0,37873,geom
6389674,6389674,1,0,37873,geom
3280517,3280517,1,0,29528,geom
7545232,7545232,1,0,29528,geom
3507523,3507523,1,0,29528,geom
2959549,2959549,1,0,3797,geom
1006789,1006789,1,0,50786,geom
9781287,9781287,1,0,68639,geom
8358099,8358099,1,0,68639,geom
6427731,6427731,1,0,87939,geom
6549421,6549421,1,0,114918,geom
7306170,7306170,1,0,114918,geom
206627,206627,1,0,51394,geom
8317891,8317891,1,0,107268,geom
6603191,6603191,1,0,103142,geom
2654323,2654323,1,0,81389,geom
5762901,5762901,1,0,61674,geom
3854375,3854375,1,0,91994,geom
7535838,7535838,1,0,49011,geom
1359714,1359714,1,0,49011,geom
7597716,7597716,1,0,96810,geom
2988372,2988372,1,0,41845,geom
7027710,7027710,1,0,41845,geom
91694,91694,1,0,41764,geom
8574675,8574675,1,0,14788,geom
4756771,4756771,1,0,46515,geom
5670476,5670476,1,0,46515,geom
7604201,7604201,1,0,46515,geom
9222692,9222692,1,0,46515,geom
4713794,4713794,1,0,46515,geom
3502567,3502567,1,0,95142,geom
1442796,1442837,42,0,95142,geom
7314768,7314768,1,0,90514,geom
4898959,4898959,1,0,90514,geom
2678247,2678247,1,0,27958,geom
7290697,7290697,1,0,14381,geom
9041389,9041389,1,0,93831,geom
1939966,1939966,1,0,58796,geom
4740098,4740098,1,0,53373,geom
8771794,8771794,1,0,15722,geom
6949966,6949966,1,0,15722,geom
7760646,7760646,1,0,15722,geom
4743916,4743916,1,0,15722,geom
3248323,3248323,1,0,58884,geom
4636676,4636676,1,0,58884,geom
5816492,5816492,1,0,7873,geom
9522577,9522577,1,0,50823,geom
4977142,4977142,1,0,50823,geom
2006032,2006032,1,0,40751,geom
4971457,4971457,1,0,72529,geom
5832722,5832722,1,0,6111,geom
3901086,3901086,1,0,6111,geom
5883651,5883651,1,0,6111,geom
6824204,6824204,1,0,106370,geom
1208355,1208355,1,0,84007,geom
5545314,5545314,1,0,84007,geom
3628830,3628830,1,0,44513,geom
293964,293964,1,0,16791,geom
554373,554373,1,0,50604,geom
5805698,5805698,1,0,50604,geom
7091012,7091012,1,0,84268,geom
2368574,2368574,1,0,53568,geom
3235356,3235356,1,0,46138,geom
201970,201970,1,0,84057,geom
3408498,3408498,1,0,82956,geom
9770808,9770808,1,0,120595,geom
8116967,8116967,1,0,120595,geom
8243365,8243365,1,0,76792,geom
3239043,3239043,1,0,76792,geom
7399631,7399631,1,0,83308,geom
3054312,3054312,1,0,122375,geom
8768981,8768981,1,0,65732,geom
8397764,8397764,1,0,65732,geom
8125397,8125397,1,0,65732,geom
8753630,8753630,1,0,76034,geom
9702322,9702322,1,0,63481,geom
3037521,3037521,1,0,60789,geom
5123304,5123304,1,0,112496,geom
2673919,2673919,1,0,17693,geom
9523662,9523662,1,0,42547,geom
6411054,6411054,1,0,42547,geom
7520673,7520673,1,0,42547,geom
4577282,4577282,1,0,53027,geom
293964,293964,1,0,53027,geom
1707300,1707300,1,0,53027,geom
3996983,3996983,1,0,31171,geom
7013486,7013486,1,0,31171,geom
5698038,5698038,1,0,65241,geom
2680241,2680241,1,0,84187,geom
8154018,8154018,1,0,84187,geom
5347316,5347316,1,0,84187,geom
7161953,7161953,1,0,112510,geom
2392371,2392371,1,0,112510,geom
1093321,1093321,1,0,18905,geom
8395994,8395994,1,0,34405,geom
7113776,7113776,1,0,34405,geom
8506568,8506568,1,0,111674,geom
9775825,9775825,1,0,6467,geom
2826164,2826164,1,0,63950,geom
6698397,6698397,1,0,63950,geom
5766709,5766709,1,0,63950,geom
9596719,9596719,1,0,8741,geom
5951285,5951285,1,0,82329,geom
6261524,6261524,1,0,124407,geom
1008352,1008352,1,0,124407,geom
3375793,3375793,1,0,43002,geom
7501680,7501680,1,0,91212,geom
7921393,7921393,1,0,761,geom
1927533,1927533,1,0,83473,geom
1946545,1946545,1,0,83473,geom
781793,781793,1,0,36863,geom
1591596,1591596,1,0,99389,geom
4123357,4123357,1,0,99389,geom
113561,113561,1,0,92808,geom
7003776,7003776,1,0,102082,geom
5590572,5590572,1,0,8468,geom
1005806,1005806,1,0,29281,geom
7092034,7092034,1,0,66794,geom
5794576,5794576,1,0,66794,geom
4197217,4197217,1,0,15886,geom
2441972,2441972,1,0,15886,geom
6552843,6552843,1,0,8174,geom
2417059,2417059,1,0,8174,geom
4190122,4190122,1,0,8174,geom
9040673,9040673,1,0,67411,geom
8130309,8130309,1,0,67411,geom
5381018,5381018,1,0,100609,geom
4427544,4427544,1,0,100609,geom
2822766,2822766,1,0,100609,geom
1914080,1914080,1,0,100609,geom
1985859,1985859,1,0,85456,geom
2647468,2647468,1,0,85456,geom
7344921,7344921,1,0,122563,geom
9664847,9664847,1,0,18743,geom
7403035,7403035,1,0,56458,geom
5962852,5962852,1,0,56458,geom
6824657,6824657,1,0,106503,geom
5601542,5601582,41,0,6609,geom
2908918,2908918,1,0,115529,geom
851131,851131,1,0,115529,geom
3542514,3542514,1,0,26642,geom
2817059,2817059,1,0,26642,geom
1613452,1613452,1,0,25564,geom
9765284,9765284,1,0,25564,geom
9575766,9575766,1,0,25564,geom
3300227,3300227,1,0,70760,geom
2360516,2360521,6,0,36848,geom
2826644,2826644,1,0,36848,geom
9839215,9839215,1,0,36848,geom
9260027,9260027,1,0,114027,geom
7494808,7494808,1,0,68512,geom
2028283,2028283,1,0,31155,geom
5378918,5378918,1,0,31155,geom
2822766,2822766,1,0,118201,geom
8310220,8310220,1,0,119687,geom
134270,134270,1,0,65781,geom
4734107,4734107,1,0,43027,geom
2617793,2617793,1,0,19791,geom
3525819,3525819,1,0,69188,geom
4348053,4348053,1,0,69188,geom
3558839,3558839,1,0,69188,geom
6522059,6522059,1,0,69188,geom
3298866,3298866,1,0,55920,geom
9683965,9683965,1,0,55920,geom
3172731,3172731,1,0,55920,geom
7750016,7750016,1,0,10697,geom
4175566,4175566,1,0,4659,geom
503827,503827,1,0,39454,geom
2541178,2541178,1,0,16353,geom
1537161,1537161,1,0,59015,geom
613051,613051,1,0,54376,geom
1540128,1540128,1,0,37591,geom
5076009,5076057,49,0,37591,geom
1745741,1745741,1,0,105785,geom
90793,90793,1,0,105785,geom
8026970,8026970,1,0,112843,geom
4359625,4359625,1,0,112843,geom
1898127,1898127,1,0,112843,geom
8440034,8440034,1,0,11297,geom
9080620,9080620,1,0,11297,geom
9759695,9759695,1,0,25390,geom
3712416,3712416,1,0,25390,geom
1482242,1482242,1,0,23338,geom
9324169,9324169,1,0,115384,geom
5549448,5549448,1,0,115384,geom
9707936,9707936,1,0,9289,geom
5767673,5767673,1,0,9289,geom
3168427,3168427,1,0,9289,geom
8339958,8339958,1,0,74146,geom
7830943,7830943,1,0,74146,geom
156539,156539,1,0,33586,geom
1726748,1726748,1,0,33586,geom
1837159,1837159,1,0,33586,geom
9611405,9611405,1,0,42348,geom
9260734,9260734,1,0,66290,geom
9831301,9831301,1,0,66290,geom
6466132,6466132,1,0,66290,geom
2156029,2156029,1,0,5995,geom
3471755,3471755,1,0,50790,geom
5780142,5780142,1,0,50790,geom
3549224,3549224,1,0,107115,geom
315988,315988,1,0,107115,geom
3644945,3644945,1,0,107115,geom
417549,417549,1,0,107115,geom
4574595,4574595,1,0,33548,geom
7512274,7512274,1,0,33548,geom
6254338,6254338,1,0,55167,geom
7872744,7872744,1,0,55167,geom
3434848,3434848,1,0,55167,geom
5230668,5230668,1,0,55652,geom
7003492,7003492,1,0,3456,geom
1876210,1876210,1,0,3456,geom
5164392,5164392,1,0,65118,geom
6694041,6694041,1,0,65118,geom
7515613,7515613,1,0,114138,geom
9188379,9188379,1,0,68499,geom
8262724,8262724,1,0,49720,geom
4395480,4395480,1,0,49720,geom
1309139,1309139,1,0,49720,geom
1080031,1080031,1,0,107924,geom
9966347,9966347,1,0,107924,geom
5274025,5274025,1,0,79495,geom
1570070,1570070,1,0,12256,geom
1507289,1507289,1,0,12256,geom
878205,878205,1,0,14588,geom
7141254,7141254,1,0,14588,geom
8199743,8199743,1,0,25362,geom
4561073,4561073,1,0,45499,geom
6393989,6393989,1,0,117360,geom
9257361,9257361,1,0,117360,geom
5480315,5480315,1,0,117360,geom
80470,80470,1,0,105243,geom
6309201,6309201,1,0,105243,geom
5650132,5650132,1,0,79276,geom
8380021,8380021,1,0,79276,geom
7512450,7512450,1,0,79276,geom
4270835,4270835,1,0,26460,geom
636546,636550,5,0,26460,geom
3779595,3779595,1,0,29266,geom
4021835,4021835,1,0,29266,geom
8365963,8365963,1,0,99260,geom
3290626,3290626,1,0,99260,geom
9660416,9660416,1,0,99260,geom
834193,834193,1,0,99260,geom
2380,2380,1,0,120818,geom
134529,134529,1,0,120818,geom
7377448,7377448,1,0,123711,geom
2026785,2026785,1,0,123711,geom
9235326,9235326,1,0,123711,geom
2873667,2873667,1,0,116650,geom
5771490,5771490,1,0,56349,geom
9672389,9672389,1,0,56349,geom
5955637,5955637,1,0,60027,geom
8246080,8246080,1,0,60696,geom
1709605,1709605,1,0,81913,geom
8201464,8201464,1,0,108357,geom
3377736,3377736,1,0,88862,geom
3887208,3887208,1,0,88862,geom
5083535,5083535,1,0,6889,geom
7335663,7335663,1,0,6889,geom
1782064,1782064,1,0,34069,geom
9959960,9959960,1,0,34069,geom
1770215,1770215,1,0,74332,geom
9332921,9332921,1,0,23287,geom
5020705,5020705,1,0,23287,geom
2942184,2942184,1,0,49669,geom
2086224,2086224,1,0,107033,geom
3227706,3227706,1,0,107033,geom
4059649,4059649,1,0,107033,geom
7399631,7399631,1,0,107033,geom
1549622,1549622,1,0,54183,geom
4110265,4110265,1,0,95077,geom
447650,447650,1,0,95077,geom
5423279,5423279,1,0,64998,geom
3610126,3610126,1,0,9721,geom
5577385,5577405,21,0,60533,geom
5904232,5904232,1,0,54868,geom
5848246,5848246,1,0,105438,geom
2191572,2191572,1,0,105438,geom
2991698,2991698,1,0,92626,geom
2246207,2246207,1,0,61333,geom
3667803,3667803,1,0,108538,geom
5742701,5742701,1,0,108538,geom
4820620,4820620,1,0,108538,geom
1064616,1064616,1,0,120599,geom
2439946,2439946,1,0,40674,geom
5603547,5603547,1,0,40674,geom
6559365,6559365,1,0,40674,geom
6308083,6308083,1,0,96315,geom
1007228,1007228,1,0,109192,geom
3382339,3382339,1,0,109192,geom
881799,881799,1,0,18722,geom
501339,501339,1,0,21749,geom
8511836,8511836,1,0,21749,geom
4635502,4635502,1,0,51938,geom
2001759,2001759,1,0,58383,geom
9260734,9260734,1,0,58383,geom
4409678,4409678,1,0,58383,geom
5913441,5913441,1,0,61684,geom
6539670,6539670,1,0,61684,geom
7249307,7249307,1,0,81731,geom
5164122,5164122,1,0,86313,geom
9247729,9247729,1,0,86313,geom
6949966,6949966,1,0,92516,geom
2559790,2559790,1,0,80703,geom
3702169,3702169,1,0,80703,geom
6418046,6418046,1,0,8618,geom
3054312,3054312,1,0,8618,geom
4172830,4172830,1,0,8618,geom
9001909,9001909,1,0,8618,geom
353366,353366,1,0,8618,geom
7515613,7515613,1,0,39516,geom
8907220,8907220,1,0,3445,geom
6507543,6507543,1,0,3445,geom
8745463,8745463,1,0,56535,geom
5527757,5527757,1,0,90196,geom
5884720,5884720,1,0,54549,geom
6550305,6550305,1,0,7845,geom
5528993,5528993,1,0,64355,geom
5513408,5513408,1,0,64355,geom
5604409,5604409,1,0,40654,geom
1392770,1392770,1,0,40654,geom
8290136,8290136,1,0,117501,geom
2005085,2005085,1,0,117501,geom
7712027,7712027,1,0,117501,geom
1907043,1907043,1,0,113367,geom
5901126,5901126,1,0,123499,geom
2373940,2373940,1,0,18099,geom
2052321,2052321,1,0,18099,geom
834193,834193,1,0,18099,geom
8760547,8760547,1,0,64094,geom
3159578,3159578,1,0,64094,geom
3928309,3928309,1,0,64094,geom
4588954,4588954,1,0,86530,geom
129162,129162,1,0,86530,geom
2156029,2156029,1,0,48831,geom
8154018,8154018,1,0,48831,geom
2921727,2921727,1,0,115502,geom
7399472,7399472,1,0,115502,geom
5907381,5907381,1,0,84309,geom
5367309,5367309,1,0,107799,geom
3248716,3248716,1,0,51471,geom
6277586,6277586,1,0,57987,geom
4973854,4973854,1,0,15324,geom
9599481,9599481,1,0,33931,geom
9001449,9001449,1,0,66802,geom
8162946,8162946,1,0,66802,geom
8727256,8727256,1,0,90899,geom
2172378,2172378,1,0,95287,geom
6989801,6989801,1,0,95287,geom
8705715,8705715,1,0,60165,geom
8936386,8936386,1,0,28641,geom
915842,915842,1,0,104965,geom
4806254,4806254,1,0,104965,geom
4956580,4956580,1,0,104965,geom
3391250,3391250,1,0,80565,geom
8672946,8672946,1,0,113328,geom
2014566,2014566,1,0,113328,geom
9466994,9466994,1,0,61638,geom
6824204,6824204,1,0,62150,geom
3660700,3660700,1,0,67448,geom
7527079,7527079,1,0,67448,geom
6490837,6490837,1,0,20218,geom
1837159,1837159,1,0,55876,geom
4179447,4179447,1,0,55876,geom
117409,117409,1,0,55876,geom
6540146,6540146,1,0,25549,geom
9278413,9278413,1,0,25549,geom
5067453,5067453,1,0,20273,geom
6674563,6674563,1,0,115296,geom
9935092,9935092,1,0,48243,geom
8012775,8012775,1,0,45106,geom
2290295,2290295,1,0,45106,geom
6856317,6856317,1,0,79762,geom
2391698,2391698,1,0,26678,geom
7684099,7684099,1,0,95949,geom
5851458,5851458,1,0,95949,geom
3927834,3927834,1,0,38746,geom
1151014,1151014,1,0,38746,geom
7756977,7756977,1,0,81281,geom
5849822,5849822,1,0,81281,geom
6072851,6072851,1,0,21371,geom
6519058,6519058,1,0,4992,geom
9014327,9014327,1,0,4992,geom
7423238,7423238,1,0,100683,geom
5801151,5801151,1,0,102215,geom
7743118,7743118,1,0,96414,geom
7019598,7019598,1,0,8258,geom
900754,900754,1,0,8258,geom
6311111,6311111,1,0,53167,geom
8063738,8063738,1,0,44852,geom
5882039,5882039,1,0,53409,geom
3853606,3853606,1,0,53409,geom
4581206,4581206,1,0,56307,geom
3380956,3380956,1,0,42981,geom
1747304,1747326,23,0,42981,geom
7864093,7864093,1,0,123510,geom
7824845,7824845,1,0,123510,geom
7715669,7715669,1,0,22699,geom
6816840,6816840,1,0,22699,geom
8532893,8532893,1,0,99713,geom
9281924,9281924,1,0,99713,geom
2980299,2980299,1,0,91425,geom
3963928,3963928,1,0,91425,geom
9863228,9863228,1,0,68134,geom
49645,49645,1,0,114172,geom
3353971,3353971,1,0,61276,geom
1441236,1441236,1,0,13900,geom
2259313,2259313,1,0,36050,geom
832697,832697,1,0,13761,geom
1936621,1936621,1,0,31747,geom
6700078,6700078,1,0,31747,geom
8088461,8088461,1,0,31747,geom
8881348,8881348,1,0,22720,geom
8394367,8394367,1,0,22720,geom
3434278,3434278,1,0,22720,geom
6014874,6014874,1,0,71560,geom
8440167,8440167,1,0,53249,geom
3654087,3654087,1,0,30597,geom
6564172,6564172,1,0,30597,geom
7806043,7806043,1,0,104825,geom
2228428,2228428,1,0,104825,geom
8100899,8100899,1,0,104825,geom
5938562,5938562,1,0,86344,geom
6649718,6649718,1,0,24029,geom
672041,672041,1,0,24029,geom
3307680,3307680,1,0,24029,geom
3900121,3900121,1,0,122427,geom
4100000,4100000,1,0,52008,geom
3892709,3892709,1,0,54882,geom
8768158,8768158,1,0,54882,geom
8540277,8540277,1,0,54882,geom
5499113,5499113,1,0,14043,geom
7987117,7987117,1,0,90738,geom
1979313,1979313,1,0,59047,geom
5125166,5125166,1,0,117430,geom
7512485,7512485,1,0,123714,geom
5956183,5956183,1,0,123714,geom
5314917,5314917,1,0,123714,geom
8862625,8862625,1,0,70988,geom
6792636,6792636,1,0,50523,geom
5259686,5259686,1,0,78716,geom
6604404,6604404,1,0,45068,geom
50866,50866,1,0,117729,geom
6298088,6298088,1,0,22906,geom
7006725,7006725,1,0,106033,geom
4400399,4400399,1,0,106033,geom
9817844,9817844,1,0,106033,geom
486132,486132,1,0,106033,geom
6775729,6775729,1,0,21643,geom
8315178,8315178,1,0,21643,geom
7178069,7178069,1,0,123500,geom
5750853,5750853,1,0,123500,geom
3455962,3455962,1,0,88256,geom
1919231,1919231,1,0,88256,geom
9325530,9325530,1,0,37752,geom
3688844,3688844,1,0,52897,geom
4235588,4235588,1,0,49078,geom
5138084,5138084,1,0,33629,geom
4297375,4297375,1,0,43343,geom
5860821,5860821,1,0,88668,geom
9415192,9415192,1,0,12133,geom
8648267,8648267,1,0,102146,geom
6099218,6099218,1,0,101126,geom
8943332,8943332,1,0,13937,geom
2656637,2656637,1,0,14360,geom
373371,373371,1,0,80145,geom
8086200,8086200,1,0,123210,geom
1506769,1506769,1,0,123210,geom
1379429,1379429,1,0,123210,geom
8420480,8420480,1,0,11609,geom
7966462,7966462,1,0,16898,geom
3582546,3582546,1,0,16898,geom
1942144,1942144,1,0,13648,geom
1748927,1748927,1,0,13648,geom
6398516,6398516,1,0,13648,geom
915438,915438,1,0,98358,geom
3030653,3030653,1,0,120421,geom
4578993,4578993,1,0,120421,geom
1864738,1864738,1,0,53255,geom
9603432,9603432,1,0,122560,geom
8256428,8256428,1,0,19514,geom
1166014,1166014,1,0,19514,geom
8653597,8653597,1,0,19514,geom
1970736,1970736,1,0,108405,geom
8722443,8722443,1,0,108405,geom
3439421,3439421,1,0,58882,geom
3947841,3947841,1,0,58882,geom
3248323,3248323,1,0,45565,geom
3786046,3786046,1,0,45565,geom
6694041,6694041,1,0,45565,geom
1151797,1151797,1,0,23652,geom
851827,851827,1,0,79817,geom
5638658,5638658,1,0,79817,geom
1907043,1907043,1,0,79817,geom
158764,158764,1,0,117706,geom
4160379,4160379,1,0,117706,geom
7546103,7546103,1,0,61387,geom
8095157,8095157,1,0,61387,geom
5313331,5313331,1,0,57942,geom
8462927,8462927,1,0,57942,geom
8596902,8596902,1,0,57942,geom
6700078,6700078,1,0,57942,geom
5546561,5546561,1,0,41491,geom
4049459,4049459,1,0,28834,geom
3143649,3143649,1,0,62306,geom
1374422,1374422,1,0,62306,geom
4934823,4934823,1,0,62306,geom
7743814,7743814,1,0,71241,geom
203275,203275,1,0,71241,geom
3855486,3855486,1,0,81283,geom
1383755,1383755,1,0,81283,geom
1743195,1743195,1,0,104743,geom
8100870,8100870,1,0,40679,geom
8845115,8845115,1,0,40679,geom
8642030,8642030,1,0,34319,geom
7748041,7748041,1,0,33415,geom
5485388,5485388,1,0,86053,geom
7951749,7951749,1,0,116785,geom
4332615,4332615,1,0,116785,geom
6788763,6788763,1,0,117031,geom
9585065,9585065,1,0,117031,geom
8054059,8054059,1,0,45963,geom
3064395,3064395,1,0,21154,geom
8981536,8981536,1,0,21154,geom
8087826,8087826,1,0,30690,geom
7951932,7951932,1,0,112316,geom
7724277,7724277,1,0,112316,geom
7786994,7786994,1,0,10019,geom
1295493,1295493,1,0,10019,geom
1098120,1098120,1,0,10019,geom
9604471,9604471,1,0,13598,geom
2506942,2506942,1,0,13598,geom
7929177,7929177,1,0,69298,geom
6161483,6161483,1,0,69298,geom
4992736,4992736,1,0,89090,geom
8505971,8505971,1,0,73958,geom
3957097,3957097,1,0,36679,geom
6478255,6478255,1,0,38369,geom
4785508,4785508,1,0,38369,geom
7541829,7541829,1,0,4720,geom
4930545,4930553,9,0,4720,geom
5143585,5143585,1,0,4720,geom
8092654,8092654,1,0,91327,geom
4058405,4058405,1,0,25280,geom
4238743,4238743,1,0,25280,geom
2693129,2693129,1,0,51842,geom
8396902,8396902,1,0,51842,geom
6158717,6158717,1,0,51842,geom
645760,645760,1,0,51842,geom
3926042,3926042,1,0,64605,geom
3944367,3944367,1,0,29254,geom
898898,898898,1,0,29254,geom
4556885,4556885,1,0,29254,geom
4847353,4847353,1,0,29254,geom
8095649,8095649,1,0,29254,geom
3745848,3745848,1,0,79122,geom
6249058,6249058,1,0,97136,geom
8316303,8316303,1,0,97136,geom
9834600,9834600,1,0,20478,geom
5755876,5755876,1,0,5533,geom
6966573,6966573,1,0,12188,geom
471471,471471,1,0,115865,geom
3938624,3938624,1,0,115865,geom
5224502,5224502,1,0,40186,geom
6188040,6188040,1,0,6059,geom
3028966,3028966,1,0,6059,geom
7035830,7035830,1,0,33356,geom
8184073,8184073,1,0,33356,geom
6539854,6539854,1,0,33356,geom
3537608,3537608,1,0,33356,geom
9185667,9185667,1,0,39680,geom
7205782,7205782,1,0,95312,geom
2064726,2064727,2,0,53989,geom
4346056,4346056,1,0,52455,geom
706115,706115,1,0,2933,geom
3511825,3511825,1,0,106682,geom
977339,977339,1,0,82751,geom
8056957,8056957,1,0,15566,geom
1921209,1921209,1,0,110245,geom
3023155,3023155,1,0,110245,geom
31919,31919,1,0,110245,geom
7795249,7795249,1,0,12059,geom
5681443,5681443,1,0,44068,geom
3476269,3476269,1,0,44068,geom
1365642,1365642,1,0,44068,geom
8065715,8065715,1,0,81394,geom
2456423,2456423,1,0,81394,geom
9025613,9025613,1,0,71416,geom
5289982,5289982,1,0,61039,geom
533098,533098,1,0,36258,geom
9559490,9559490,1,0,36258,geom
3023798,3023798,1,0,65842,geom
2199191,2199191,1,0,86388,geom
7281106,7281106,1,0,51887,geom
3673051,3673051,1,0,27506,geom
3893400,3893400,1,0,27506,geom
7773970,7773970,1,0,27506,geom
2244422,2244422,1,0,65467,geom
3741509,3741509,1,0,80741,geom
604160,604160,1,0,80741,geom
5013626,5013626,1,0,82957,geom
4742165,4742165,1,0,98525,geom
7474112,7474112,1,0,84903,geom
7716057,7716057,1,0,91328,geom
6624766,6624766,1,0,91328,geom
3752229,3752229,1,0,102640,geom
6798846,6798846,1,0,23927,geom
7736791,7736791,1,0,32095,geom
1942156,1942156,1,0,62852,geom
5209768,5209768,1,0,103939,geom
7975877,7975877,1,0,16717,geom
5512313,5512313,1,0,106596,geom
5794432,5794432,1,0,8541,geom
2789768,2789768,1,0,8541,geom
4974779,4974779,1,0,8541,geom
7290697,7290697,1,0,8541,geom
6562782,6562782,1,0,8541,geom
8053788,8053788,1,0,54534,geom
6549424,6549424,1,0,54534,geom
3383684,3383684,1,0,53153,geom
6522059,6522059,1,0,53153,geom
4797878,4797878,1,0,6186,geom
8634160,8634160,1,0,57811,geom
9644726,9644726,1,0,32709,geom
7893947,7893947,1,0,118137,geom
5489985,5489985,1,0,33102,geom
2450556,2450556,1,0,107927,geom
86836,86836,1,0,107927,geom
3198007,3198007,1,0,107927,geom
3927722,3927722,1,0,87734,geom
6938227,6938227,1,0,95492,geom
2379317,2379317,1,0,71880,geom
4742237,4742237,1,0,71880,geom
8510069,8510069,1,0,71880,geom
9948049,9948049,1,0,71880,geom
7838415,7838415,1,0,73834,geom
3128485,3128485,1,0,73834,geom
2235594,2235594,1,0,73834,geom
9742049,9742049,1,0,103963,geom
5576821,5576821,1,0,103963,geom
5598128,5598128,1,0,103880,geom
550642,550642,1,0,6523,geom
672892,672892,1,0,6523,geom
7781395,7781395,1,0,1257,geom
295923,295923,1,0,17801,geom
3190004,3190004,1,0,80657,geom
2565023,2565023,1,0,80657,geom
4852635,4852635,1,0,85983,geom
1628244,1628244,1,0,85983,geom
2906229,2906229,1,0,85983,geom
920016,920016,1,0,696,geom
2781288,2781288,1,0,696,geom
4387574,4387574,1,0,696,geom
598287,598287,1,0,1595,geom
1435417,1435417,1,0,1595,geom
1562614,1562614,1,0,20626,geom
1613452,1613452,1,0,20626,geom
3137391,3137391,1,0,7935,geom
1876423,1876423,1,0,89647,geom
8328407,8328407,1,0,12082,geom
6138670,6138670,1,0,955,geom
2443076,2443076,1,0,955,geom
7972613,7972613,1,0,77122,geom
4270478,4270478,1,0,64381,geom
6359840,6359840,1,0,64381,geom
3412998,3412998,1,0,64381,geom
2747045,2747045,1,0,64381,geom
7672747,7672747,1,0,90902,geom
971473,971473,1,0,92332,geom
8254667,8254667,1,0,62963,geom
7036651,7036651,1,0,62963,geom
9626908,9626908,1,0,33329,geom
7566107,7566107,1,0,33329,geom
9678083,9678083,1,0,33329,geom
8493559,8493559,1,0,124813,geom
423101,423101,1,0,27609,geom
7601971,7601971,1,0,27609,geom
3109985,3109985,1,0,27609,geom
6995982,6995982,1,0,1523,geom
2281805,2281805,1,0,62476,geom
8397993,8397993,1,0,62476,geom
1508686,1508686,1,0,62476,geom
3676782,3676809,28,0,62476,geom
8270444,8270444,1,0,36723,geom
6570760,6570760,1,0,85034,geom
5092898,5092898,1,0,5336,geom
1721794,1721794,1,0,5336,geom
9572645,9572645,1,0,112414,geom
4345187,4345240,54,0,112414,geom
3282565,3282565,1,0,117318,geom
8800422,8800422,1,0,39381,geom
9257596,9257596,1,0,90561,geom
8196244,8196244,1,0,90561,geom
1567345,1567345,1,0,36483,geom
4957097,4957097,1,0,36483,geom
787504,787504,1,0,36483,geom
2955714,2955714,1,0,36483,geom
7643592,7643592,1,0,18992,geom
7715985,7715985,1,0,97299,geom
1361164,1361164,1,0,34459,geom
6324222,6324222,1,0,34459,geom
7089976,7089976,1,0,55378,geom
6476191,6476191,1,0,10512,geom
9939520,9939520,1,0,40204,geom
8700817,8700817,1,0,40204,geom
9806787,9806787,1,0,40204,geom
8278570,8278570,1,0,92483,geom
472250,472250,1,0,92483,geom
5857013,5857120,108,0,47914,geom
4434096,4434096,1,0,47914,geom
8290467,8290467,1,0,33132,geom
182427,182427,1,0,33132,geom
9470260,9470260,1,0,33542,geom
6306658,6306658,1,0,103183,geom
13289,13289,1,0,74092,geom
8090520,8090520,1,0,74092,geom
4001688,4001688,1,0,74092,geom
6652241,6652241,1,0,74092,geom
10283,10283,1,0,59426,geom
9879722,9879722,1,0,113964,geom
5024188,5024188,1,0,113964,geom
797095,797095,1,0,113964,geom
543316,543316,1,0,48134,geom
3758634,3758634,1,0,49384,geom
3917557,3917557,1,0,49384,geom
7265433,7265433,1,0,115190,geom
9735724,9735724,1,0,90710,geom
8127622,8127622,1,0,90710,geom
3809702,3809702,1,0,102622,geom
6265640,6265640,1,0,33508,geom
1380003,1380003,1,0,33508,geom
6754070,6754070,1,0,31557,geom
1018538,1018538,1,0,31557,geom
8764844,8764844,1,0,31557,geom
6966104,6966104,1,0,67730,geom
1527584,1527584,1,0,55777,geom
117551,117551,1,0,112214,geom
6034026,6034026,1,0,58373,geom
4364665,4364665,1,0,73353,geom
5050174,5050174,1,0,73353,geom
5964647,5964647,1,0,73353,geom
5939385,5939385,1,0,56530,geom
3686295,3686295,1,0,34931,geom
8685971,8685971,1,0,34931,geom
8022123,8022123,1,0,90126,geom
8321170,8321209,40,0,90126,geom
6547264,6547264,1,0,81197,geom
64665,64665,1,0,108832,geom
2391698,2391698,1,0,65437,geom
6936696,6936696,1,0,49959,geom
4582437,4582437,1,0,49959,geom
497788,497788,1,0,49959,geom
6727004,6727004,1,0,88327,geom
868607,868607,1,0,44973,geom
2220246,2220246,1,0,44973,geom
9530818,9530818,1,0,29095,geom
5633470,5633470,1,0,77625,geom
5599305,5599305,1,0,77625,geom
8651362,8651362,1,0,7569,geom
3719618,3719618,1,0,7569,geom
8983144,8983144,1,0,72484,geom
5743764,5743764,1,0,72484,geom
6302973,6302973,1,0,72484,geom
1031820,1031820,1,0,72484,geom
4847287,4847287,1,0,99198,geom
357386,357386,1,0,99198,geom
2184702,2184702,1,0,99198,geom
8860548,8860548,1,0,30347,geom
5046450,5046450,1,0,100161,geom
1553267,1553267,1,0,100161,geom
7941347,7941347,1,0,78597,geom
2208190,2208190,1,0,88338,geom
9864870,9864870,1,0,23212,geom
1079273,1079273,1,0,23212,geom
6574604,6574604,1,0,23212,geom
8493559,8493559,1,0,23212,geom
7409279,7409279,1,0,6484,geom
3919515,3919515,1,0,95773,geom
5784048,5784048,1,0,15217,geom
7238917,7238917,1,0,84937,geom
8357800,8357800,1,0,88229,geom
8318885,8318885,1,0,36610,geom
5910954,5910954,1,0,29920,geom
5965760,5965760,1,0,80888,geom
4297912,4297912,1,0,80888,geom
3858420,3858420,1,0,28944,geom
6022261,6022261,1,0,28944,geom
6835814,6835814,1,0,17032,geom
3393084,3393084,1,0,17032,geom
9280265,9280265,1,0,17032,geom
6221783,6221783,1,0,39237,geom
5329447,5329447,1,0,73695,geom
7608848,7608848,1,0,73695,geom
7282670,7282670,1,0,78368,geom
3720172,3720172,1,0,25506,geom
2072483,2072483,1,0,69116,geom
7061271,7061271,1,0,69116,geom
5112035,5112035,1,0,89686,geom
4426660,4426660,1,0,57890,geom
6304059,6304059,1,0,121576,geom
9996962,9996962,1,0,101324,geom
9703881,9703881,1,0,15045,geom
6027440,6027440,1,0,15045,geom
7896651,7896651,1,0,30633,geom
3172731,3172731,1,0,30633,geom
5529275,5529275,1,0,30633,geom
182546,182546,1,0,119656,geom
7003776,7003776,1,0,119656,geom
5934046,5934046,1,0,119656,geom
3634116,3634116,1,0,119656,geom
3960749,3960749,1,0,106225,geom
3779050,3779050,1,0,4729,geom
377409,377409,1,0,4729,geom
4124079,4124079,1,0,4729,geom
3398020,3398039,20,0,21591,geom
9872373,9872373,1,0,29947,geom
3476269,3476269,1,0,108373,geom
7760171,7760171,1,0,2000,geom
4739822,4739822,1,0,81521,geom
2196188,2196188,1,0,115839,geom
9470254,9470254,1,0,49371,geom
5046426,5046426,1,0,49371,geom
3837559,3837559,1,0,45082,geom
723037,723037,1,0,19011,geom
3444416,3444416,1,0,71546,geom
7237010,7237010,1,0,71546,geom
9879274,9879274,1,0,103159,geom
9957493,9957493,1,0,103159,geom
6547205,6547205,1,0,123437,geom
5590313,5590313,1,0,82339,geom
2659891,2659891,1,0,30059,geom
3515883,3515883,1,0,30059,geom
7080866,7080866,1,0,30059,geom
2409128,2409128,1,0,89156,geom
3919515,3919515,1,0,77071,geom
6816101,6816101,1,0,77071,geom
704951,704951,1,0,10982,geom
9817288,9817288,1,0,10982,geom
8612001,8612001,1,0,10982,geom
7541829,7541829,1,0,120260,geom
9811800,9811800,1,0,1139,geom
2142596,2142596,1,0,31803,geom
9387938,9387938,1,0,6109,geom
8672219,8672219,1,0,63783,geom
966170,966170,1,0,7434,geom
6193604,6193604,1,0,7434,geom
7036836,7036836,1,0,16518,geom
5516914,5516914,1,0,16518,geom
7801924,7801924,1,0,13540,geom
7553195,7553195,1,0,122587,geom
6272915,6272915,1,0,98498,geom
5557499,5557499,1,0,78652,geom
7480294,7480294,1,0,57127,geom
7765989,7765989,1,0,119850,geom
5436572,5436572,1,0,84489,geom
4185333,4185333,1,0,84489,geom
1273413,1273413,1,0,101786,geom
4537706,4537706,1,0,101786,geom
5545314,5545314,1,0,101786,geom
1519932,1519932,1,0,101786,geom
3271852,3271852,1,0,82551,geom
4056889,4056889,1,0,80712,geom
7800391,7800391,1,0,103949,geom
1650457,1650457,1,0,103949,geom
1039685,1039685,1,0,103949,geom
2007644,2007644,1,0,84298,geom
2490869,2490869,1,0,84298,geom
4243856,4243856,1,0,84298,geom
9829165,9829165,1,0,16591,geom
762064,762064,1,0,16591,geom
2231508,2231508,1,0,23043,geom
5829234,5829234,1,0,10631,geom
6366471,6366471,1,0,10631,geom
1950390,1950404,15,0,10631,geom
6451653,6451653,1,0,107462,geom
2041900,2041900,1,0,18523,geom
9703695,9703695,1,0,18523,geom
7824557,7824557,1,0,18523,geom
3404768,3404768,1,0,55695,geom
3627,3627,1,0,55695,geom
4653534,4653534,1,0,36523,geom
9892520,9892520,1,0,120049,geom
5927293,5927293,1,0,122178,geom
2247061,2247061,1,0,36289,geom
5227071,5227071,1,0,1085,geom
9732464,9732464,1,0,65940,geom
8292853,8292853,1,0,65940,geom
847908,847908,1,0,107914,geom
9971524,9971524,1,0,59100,geom
445104,445104,1,0,59100,geom
8049715,8049715,1,0,98878,geom
9016634,9016634,1,0,98878,geom
4574694,4574694,1,0,58104,geom
5946558,5946558,1,0,54196,geom
5143888,5143888,1,0,37987,geom
2036301,2036301,1,0,37987,geom
8369212,8369212,1,0,121436,geom
3902957,3902957,1,0,121436,geom
2555825,2555825,1,0,121436,geom
627538,627538,1,0,106886,geom
1582348,1582348,1,0,19325,geom
744039,744039,1,0,33743,geom
6549529,6549529,1,0,96924,geom
7503919,7503919,1,0,36503,geom
9960107,9960107,1,0,36503,geom
6169774,6169774,1,0,36503,geom
3224155,3224155,1,0,36503,geom
3293795,3293795,1,0,21405,geom
3819657,3819657,1,0,73681,geom
9813484,9813484,1,0,6636,geom
824827,824827,1,0,6636,geom
1578331,1578331,1,0,117410,geom
1402488,1402488,1,0,117410,geom
8278292,8278292,1,0,49921,geom
6475458,6475458,1,0,10671,geom
6456611,6456611,1,0,10671,geom
3859740,3859740,1,0,103832,geom
7019598,7019598,1,0,25313,geom
8564231,8564231,1,0,25313,geom
7478592,7478592,1,0,93688,geom
7038969,7038969,1,0,86334,geom
204673,204673,1,0,86334,geom
5578710,5578710,1,0,104091,geom
568148,568148,1,0,104091,geom
465604,465604,1,0,16648,geom
459131,459131,1,0,117428,geom
7872744,7872744,1,0,117428,geom
8308618,8308618,1,0,50583,geom
6522373,6522373,1,0,32728,geom
3833062,3833065,4,0,84423,geom
4966729,4966729,1,0,110040,geom
6325752,6325752,1,0,110040,geom
7846749,7846749,1,0,110040,geom
715609,715609,1,0,42050,geom
672332,672332,1,0,106510,geom
9538699,9538699,1,0,116988,geom
1141930,1141930,1,0,116988,geom
2474890,2474895,6,0,116988,geom
2963851,2963851,1,0,116988,geom
5111428,5111428,1,0,112832,geom
125558,125558,1,0,112832,geom
9340774,9340774,1,0,112832,geom
5990198,5990198,1,0,32055,geom
9857599,9857599,1,0,32055,geom
9638128,9638128,1,0,31111,geom
239628,239628,1,0,31111,geom
7842138,7842138,1,0,116471,geom
6537305,6537305,1,0,33029,geom
4240754,4240754,1,0,57431,geom
1243207,1243207,1,0,57431,geom
4561825,4561825,1,0,57431,geom
7022117,7022117,1,0,115487,geom
8105424,8105424,1,0,123482,geom
7518395,7518395,1,0,25431,geom
4105198,4105198,1,0,77793,geom
9816576,9816576,1,0,72683,geom
477045,477045,1,0,72683,geom
5035738,5035738,1,0,74593,geom
1863825,1863825,1,0,74593,geom
6493139,6493139,1,0,78556,geom
2725830,2725830,1,0,21954,geom
4803314,4803314,1,0,67381,geom
3666985,3666985,1,0,54597,geom
8615214,8615214,1,0,54597,geom
3028906,3028906,1,0,50505,geom
2452075,2452075,1,0,50505,geom
8462691,8462691,1,0,70002,geom
2613732,2613732,1,0,76183,geom
3724490,3724490,1,0,76183,geom
2012109,2012109,1,0,13165,geom
5122659,5122659,1,0,88942,geom
3654420,3654420,1,0,77200,geom
3443022,3443022,1,0,36192,geom
4254272,4254272,1,0,96770,geom
3097970,3097970,1,0,3447,geom
3363701,3363701,1,0,28863,geom
3111644,3111644,1,0,28863,geom
3320990,3320990,1,0,28863,geom
4653534,4653534,1,0,98855,geom
49890,49890,1,0,98855,geom
3653230,3653230,1,0,98855,geom
3416210,3416210,1,0,98855,geom
5457144,5457144,1,0,98855,geom
8607199,8607199,1,0,42792,geom
7061271,7061271,1,0,30649,geom
6583746,6583746,1,0,44539,geom
1540871,1540871,1,0,44539,geom
8449326,8449326,1,0,56009,geom
2402810,2402810,1,0,94290,geom
9692814,9692814,1,0,56595,geom
1234268,1234268,1,0,119115,geom
1033712,1033712,1,0,53794,geom
6226762,6226762,1,0,53846,geom
3400268,3400268,1,0,38840,geom
9275972,9275972,1,0,38840,geom
6331133,6331133,1,0,52202,geom
1012322,1012322,1,0,8980,geom
833179,833179,1,0,8980,geom
8845809,8845809,1,0,94713,geom
9835759,9835759,1,0,3238,geom
1166708,1166708,1,0,24746,geom
7533309,7533309,1,0,24746,geom
3674067,3674067,1,0,124954,geom
8541375,8541375,1,0,58147,geom
8486518,8486518,1,0,83532,geom
1500486,1500486,1,0,83532,geom
8367132,8367132,1,0,87978,geom
2637261,2637261,1,0,87978,geom
8169346,8169346,1,0,90379,geom
3754357,3754357,1,0,118488,geom
4047980,4047980,1,0,33198,geom
7206367,7206367,1,0,45172,geom
3767429,3767432,4,0,45172,geom
6024413,6024413,1,0,45172,geom
1795810,1795810,1,0,83722,geom
8782946,8782946,1,0,41269,geom
2018253,2018253,1,0,73223,geom
520662,520662,1,0,22430,geom
3918183,3918183,1,0,123339,geom
8529361,8529361,1,0,123339,geom
7672490,7672490,1,0,123339,geom
8129307,8129307,1,0,5146,geom
4278721,4278721,1,0,5146,geom
3745848,3745848,1,0,21392,geom
3939367,3939367,1,0,55185,geom
3439337,3439337,1,0,55185,geom
461968,461968,1,0,55185,geom
5155565,5155565,1,0,21629,geom
421380,421380,1,0,98027,geom
3423905,3423905,1,0,12487,geom
8740382,8740382,1,0,12487,geom
2133753,2133753,1,0,52634,geom
543872,543872,1,0,74726,geom
8243081,8243081,1,0,82412,geom
2842181,2842181,1,0,82412,geom
3035384,3035384,1,0,89562,geom
8035104,8035104,1,0,89562,geom
1198081,1198081,1,0,89562,geom
2181290,2181290,1,0,89562,geom
1391600,1391600,1,0,46287,geom
6331133,6331133,1,0,61901,geom
4876811,4876811,1,0,61901,geom
6882741,6882741,1,0,16878,geom
4385844,4385844,1,0,107219,geom
7989387,7989387,1,0,68393,geom
7545255,7545255,1,0,68393,geom
8183303,8183303,1,0,51517,geom
4804747,4804747,1,0,41148,geom
4206934,4206934,1,0,62353,geom
8405703,8405703,1,0,24607,geom
8026786,8026786,1,0,46417,geom
9568941,9568941,1,0,109093,geom
7243400,7243400,1,0,109093,geom
5057136,5057136,1,0,109093,geom
1973197,1973197,1,0,109093,geom
7188893,7188893,1,0,52433,geom
5379656,5379656,1,0,60711,geom
8227579,8227579,1,0,60711,geom
4300618,4300618,1,0,87918,geom
4768521,4768521,1,0,87918,geom
2618132,2618132,1,0,75134,geom
2682990,2682990,1,0,75134,geom
7785513,7785513,1,0,21263,geom
8535972,8535972,1,0,21263,geom
7841893,7841893,1,0,11162,geom
9963661,9963661,1,0,11583,geom
1103508,1103508,1,0,74419,geom
5031590,5031590,1,0,82172,geom
9179374,9179374,1,0,118165,geom
67227,67227,1,0,118165,geom
5716221,5716221,1,0,118165,geom
8088461,8088461,1,0,118165,geom
9270016,9270016,1,0,118165,geom
5155565,5155565,1,0,118165,geom
9095212,9095212,1,0,118165,geom
8239350,8239350,1,0,90306,geom
832539,832539,1,0,63186,geom
827329,827329,1,0,87834,geom
4187112,4187112,1,0,87834,geom
651732,651732,1,0,123303,geom
4849018,4849018,1,0,123303,geom
1973681,1973681,1,0,108051,geom
4849087,4849087,1,0,108051,geom
9094474,9094474,1,0,55409,geom
4228575,4228575,1,0,55409,geom
7078878,7078878,1,0,24024,geom
6215169,6215169,1,0,1525,geom
7759602,7759602,1,0,27312,geom
7209515,7209515,1,0,27312,geom
8840360,8840360,1,0,62199,geom
8274014,8274014,1,0,20029,geom
4118804,4118804,1,0,65847,geom
4768521,4768521,1,0,120894,geom
4917815,4917815,1,0,95133,geom
252890,252890,1,0,95133,geom
7409496,7409496,1,0,95133,geom
6628119,6628119,1,0,17952,geom
3383309,3383309,1,0,5691,geom
6725211,6725211,1,0,5691,geom
6994061,6994061,1,0,5691,geom
9538699,9538699,1,0,94913,geom
9861469,9861469,1,0,75525,geom
4145489,4145489,1,0,75525,geom
6559365,6559365,1,0,115056,geom
2051826,2051826,1,0,6363,geom
6300637,6300637,1,0,6363,geom
2610133,2610133,1,0,6190,geom
662517,662517,1,0,6190,geom
3416495,3416495,1,0,6190,geom
1465885,1465885,1,0,6190,geom
5671114,5671114,1,0,124381,geom
928832,928832,1,0,91949,geom
6507543,6507543,1,0,67211,geom
9040552,9040552,1,0,11462,geom
8118700,8118700,1,0,11462,geom
2150754,2150754,1,0,8674,geom
847429,847429,1,0,59214,geom
4992736,4992736,1,0,100098,geom
5524843,5524843,1,0,47807,geom
8897962,8897962,1,0,42980,geom
1900632,1900632,1,0,42980,geom
2639374,2639374,1,0,69490,geom
353201,353201,1,0,123470,geom
6677783,6677783,1,0,123470,geom
5932931,5932931,1,0,927,geom
1075894,1075894,1,0,102791,geom
8783069,8783069,1,0,87157,geom
6124980,6124980,1,0,30133,geom
4135078,4135078,1,0,30133,geom
4309230,4309230,1,0,30133,geom
5600202,5600202,1,0,9435,geom
940678,940678,1,0,9435,geom
6331133,6331133,1,0,9435,geom
6874289,6874289,1,0,110281,geom
2077218,2077244,27,0,57110,geom
2392371,2392371,1,0,121452,geom
7702550,7702550,1,0,51638,geom
8936899,8936899,1,0,51638,geom
6430855,6430855,1,0,50561,geom
4955686,4955686,1,0,82993,geom
2749044,2749044,1,0,39174,geom
5996025,5996025,1,0,19860,geom
5549448,5549448,1,0,19860,geom
7799709,7799709,1,0,19860,geom
6898518,6898518,1,0,103105,geom
9960217,9960217,1,0,103105,geom
8589373,8589373,1,0,66469,geom
1839153,1839153,1,0,66469,geom
4301085,4301085,1,0,66469,geom
8471054,8471054,1,0,66469,geom
2247269,2247269,1,0,66469,geom
1467135,1467135,1,0,53803,geom
8595626,8595626,1,0,53803,geom
2133919,2133919,1,0,121824,geom
2828507,2828507,1,0,66029,geom
9264428,9264428,1,0,66029,geom
9765284,9765284,1,0,81992,geom
3896736,3896736,1,0,81992,geom
1623441,1623441,1,0,81992,geom
2147282,2147282,1,0,81992,geom
4901971,4901971,1,0,5582,geom
2087000,2087000,1,0,91274,geom
8322506,8322506,1,0,104397,geom
3849983,3849983,1,0,121214,geom
8261851,8261851,1,0,54250,geom
2035059,2035059,1,0,54250,geom
6436578,6436578,1,0,78849,geom
9222799,9222799,1,0,78849,geom
2186619,2186619,1,0,78849,geom
9349297,9349297,1,0,58812,geom
4577889,4577889,1,0,10012,geom
1343420,1343420,1,0,55456,geom
6062522,6062522,1,0,28404,geom
6759319,6759319,1,0,68732,geom
1713950,1713950,1,0,39372,geom
9090282,9090282,1,0,22845,geom
7708214,7708214,1,0,38907,geom
2724466,2724466,1,0,38907,geom
5194954,5194954,1,0,8203,geom
4344267,4344267,1,0,111310,geom
8616528,8616528,1,0,111310,geom
1315118,1315118,1,0,32298,geom
6301892,6301892,1,0,23279,geom
2292097,2292097,1,0,23279,geom
7456757,7456757,1,0,23279,geom
6581537,6581537,1,0,32717,geom
6535774,6535774,1,0,118551,geom
1255467,1255467,1,0,118551,geom
676979,676979,1,0,116079,geom
9325831,9325831,1,0,3570,geom
2620333,2620333,1,0,3570,geom
8805527,8805527,1,0,56776,geom
749251,749251,1,0,56776,geom
6165602,6165602,1,0,52697,geom
8158601,8158601,1,0,83002,geom
6619451,6619451,1,0,76672,geom
8747202,8747202,1,0,76672,geom
2315593,2315593,1,0,65110,geom
7167642,7167642,1,0,49495,geom
6642962,6642962,1,0,49495,geom
5067687,5067687,1,0,106475,geom
9711046,9711046,1,0,122587,geom
5804873,5804873,1,0,122587,geom
9479684,9479684,1,0,113753,geom
9178715,9178715,1,0,113753,geom
869726,869726,1,0,115181,geom
2751758,2751758,1,0,7731,geom
7306038,7306038,1,0,7731,geom
7598840,7598840,1,0,56914,geom
7801054,7801054,1,0,56914,geom
7379100,7379100,1,0,43974,geom
966170,966170,1,0,43974,geom
9593902,9593902,1,0,62089,geom
3843832,3843832,1,0,62089,geom
9871406,9871406,1,0,62089,geom
6586285,6586285,1,0,46087,geom
8784098,8784117,20,0,114056,geom
6911411,6911411,1,0,114056,geom
3739234,3739234,1,0,61716,geom
3843246,3843246,1,0,26058,geom
8158233,8158233,1,0,26058,geom
1817126,1817126,1,0,16271,geom
7888951,7888951,1,0,117455,geom
6024908,6024908,1,0,117455,geom
6647324,6647324,1,0,91519,geom
4869312,4869312,1,0,32230,geom
7808640,7808640,1,0,14211,geom
8324593,8324593,1,0,61927,geom
1949365,1949365,1,0,98544,geom
1712578,1712578,1,0,98544,geom
2391698,2391698,1,0,6142,geom
5764845,5764845,1,0,10163,geom
293964,293964,1,0,48511,geom
7132204,7132204,1,0,48511,geom
3606117,3606117,1,0,84287,geom
9984236,9984236,1,0,84287,geom
8840360,8840360,1,0,84287,geom
1705672,1705672,1,0,75630,geom
3155178,3155178,1,0,61807,geom
767420,767420,1,0,61807,geom
6903443,6903443,1,0,71385,geom
4182344,4182344,1,0,66682,geom
4082807,4082807,1,0,46900,geom
3372125,3372125,1,0,46900,geom
397609,397609,1,0,124262,geom
4257388,4257388,1,0,86300,geom
5070156,5070156,1,0,51577,geom
970734,970734,1,0,51577,geom
4121738,4121738,1,0,104109,geom
9133807,9133807,1,0,104109,geom
9952825,9952825,1,0,44692,geom
9005964,9005996,33,0,93363,geom
9559083,9559083,1,0,110601,geom
5381018,5381018,1,0,45968,geom
1293869,1293869,1,0,45968,geom
7964203,7964203,1,0,61142,geom
7143412,7143412,1,0,35796,geom
968838,968838,1,0,35796,geom
2816679,2816679,1,0,35796,geom
6714386,6714386,1,0,31311,geom
8936988,8936988,1,0,81602,geom
1322859,1322859,1,0,78119,geom
3963928,3963928,1,0,78119,geom
5913404,5913404,1,0,90234,geom
295923,295923,1,0,85642,geom
9371362,9371362,1,0,85642,geom
8013195,8013195,1,0,85642,geom
2243271,2243271,1,0,88434,geom
7450049,7450049,1,0,66624,geom
3753773,3753773,1,0,42797,geom
4377389,4377389,1,0,37061,geom
7040387,7040387,1,0,37061,geom
9849690,9849690,1,0,87589,geom
1129567,1129567,1,0,63523,geom
1864738,1864738,1,0,101372,geom
6484149,6484149,1,0,54287,geom
8321209,8321209,1,0,93273,geom
2243971,2243971,1,0,26636,geom
3153611,3153611,1,0,26636,geom
1486513,1486513,1,0,15534,geom
6226762,6226762,1,0,43274,geom
1596077,1596077,1,0,74345,geom
3159578,3159578,1,0,16402,geom
4517744,4517744,1,0,15206,geom
175978,175978,1,0,15206,geom
7188155,7188155,1,0,15206,geom
5778608,5778608,1,0,103977,geom
2446428,2446428,1,0,103977,geom
3614253,3614253,1,0,103977,geom
5914882,5914882,1,0,39919,geom
9082263,9082263,1,0,39919,geom
3143416,3143416,1,0,39919,geom
6345247,6345247,1,0,70014,geom
2350309,2350309,1,0,65926,geom
2727932,2727932,1,0,68752,geom
6983132,6983132,1,0,68752,geom
5755876,5755876,1,0,68752,geom
6424875,6424875,1,0,64562,geom
7079022,7079022,1,0,75909,geom
7884936,7884959,24,0,16604,geom
8288705,8288705,1,0,16604,geom
930167,930167,1,0,16604,geom
33993,33993,1,0,80713,geom
5923585,5923585,1,0,105859,geom
3998639,3998639,1,0,105859,geom
4967851,4967851,1,0,55073,geom
6889737,6889737,1,0,55073,geom
9016826,9016826,1,0,94068,geom
9974404,9974404,1,0,94068,geom
8184073,8184073,1,0,18393,geom
6524593,6524593,1,0,117910,geom
3434278,3434278,1,0,117910,geom
3493484,3493484,1,0,117910,geom
68016,68016,1,0,37522,geom
4985051,4985051,1,0,37522,geom
8566306,8566306,1,0,42679,geom
6519058,6519058,1,0,42679,geom
5374094,5374094,1,0,42679,geom
7243400,7243400,1,0,56679,geom
1713950,1713950,1,0,63581,geom
1106577,1106585,9,0,20704,geom
1341143,1341143,1,0,20704,geom
7811020,7811020,1,0,50510,geom
3744615,3744615,1,0,50510,geom
7902301,7902301,1,0,3776,geom
3933225,3933225,1,0,3776,geom
4536995,4536995,1,0,103568,geom
9251134,9251134,1,0,103568,geom
5209652,5209679,28,0,103568,geom
3418372,3418372,1,0,123250,geom
876842,876842,1,0,82637,geom
4368129,4368129,1,0,82637,geom
5651256,5651256,1,0,82637,geom
5021371,5021371,1,0,24272,geom
6801169,6801169,1,0,113761,geom
45675,45675,1,0,50643,geom
4958618,4958618,1,0,122445,geom
322554,322554,1,0,122445,geom
9735724,9735724,1,0,85517,geom
7382972,7382972,1,0,85517,geom
7795249,7795249,1,0,22056,geom
630652,630652,1,0,44516,geom
4329711,4329711,1,0,61172,geom
8513762,8513762,1,0,61172,geom
4345061,4345061,1,0,104148,geom
4898032,4898032,1,0,104148,geom
1446647,1446647,1,0,114636,geom
5314917,5314917,1,0,114636,geom
7033672,7033672,1,0,4282,geom
8541375,8541375,1,0,30832,geom
9566626,9566626,1,0,67667,geom
9033282,9033282,1,0,80310,geom
3933673,3933673,1,0,87227,geom
6527694,6527694,1,0,87227,geom
114175,114175,1,0,22437,geom
1808322,1808322,1,0,115810,geom
5616387,5616387,1,0,34690,geom
7237010,7237010,1,0,117913,geom
7586718,7586718,1,0,58853,geom
3748323,3748323,1,0,58853,geom
3786105,3786105,1,0,49633,geom
7810037,7810037,1,0,49633,geom
6768035,6768035,1,0,110955,geom
7448941,7448941,1,0,101633,geom
8587285,8587285,1,0,101633,geom
5940532,5940532,1,0,101633,geom
1688635,1688635,1,0,101633,geom
4228945,4228945,1,0,76384,geom
6473518,6473518,1,0,60682,geom
1721840,1721840,1,0,60682,geom
1061609,1061609,1,0,22971,geom
6828976,6828976,1,0,113258,geom
8095516,8095516,1,0,94424,geom
6853353,6853353,1,0,42611,geom
2028371,2028371,1,0,42611,geom
6407731,6407731,1,0,53749,geom
1140937,1140937,1,0,118109,geom
8650103,8650103,1,0,118109,geom
7142483,7142486,4,0,62652,geom
7132199,7132204,6,0,62652,geom
2120341,2120341,1,0,85432,geom
9651990,9651990,1,0,47613,geom
8874883,8874883,1,0,47613,geom
7177607,7177607,1,0,47613,geom
9436470,9436470,1,0,74939,geom
8311843,8311843,1,0,74939,geom
6587922,6587922,1,0,74939,geom
1044804,1044804,1,0,43020,geom
5115373,5115373,1,0,68106,geom
4292230,4292230,1,0,54767,geom
6218117,6218117,1,0,30907,geom
2199056,2199056,1,0,55106,geom
6552505,6552505,1,0,67809,geom
3000857,3000857,1,0,50503,geom
5603718,5603718,1,0,75639,geom
7888141,7888141,1,0,73337,geom
2547133,2547133,1,0,34360,geom
5607342,5607342,1,0,34360,geom
9061806,9061806,1,0,104129,geom
8207339,8207339,1,0,76956,geom
8327123,8327123,1,0,71473,geom
6821044,6821044,1,0,72048,geom
9253139,9253139,1,0,106883,geom
3348842,3348842,1,0,20409,geom
9612836,9612930,95,0,51710,geom
6430726,6430726,1,0,96333,geom
3748129,3748129,1,0,87032,geom
9431645,9431645,1,0,123401,geom
5179222,5179222,1,0,92085,geom
6497347,6497347,1,0,70833,geom
242813,242813,1,0,101335,geom
7459619,7459619,1,0,86345,geom
2791433,2791433,1,0,86345,geom
9628967,9628967,1,0,97388,geom
7030449,7030449,1,0,85343,geom
3428201,3428201,1,0,5905,geom
6770942,6770942,1,0,45780,geom
833358,833358,1,0,25308,geom
4012568,4012568,1,0,92765,geom
4328119,4328119,1,0,19668,geom
3075830,3075830,1,0,19668,geom
2623163,2623163,1,0,8093,geom
1012834,1012834,1,0,8093,geom
2694816,2694816,1,0,49651,geom
3803932,3803950,19,0,49651,geom
7087364,7087364,1,0,94535,geom
270907,270907,1,0,94535,geom
2690898,2690898,1,0,36653,geom
8800774,8800774,1,0,19894,geom
4790218,4790218,1,0,7982,geom
2727932,2727932,1,0,116195,geom
673238,673243,6,0,60341,geom
4294783,4294783,1,0,55115,geom
8998666,8998666,1,0,64206,geom
2175711,2175711,1,0,40802,geom
2468852,2468852,1,0,70943,geom
6107064,6107064,1,0,120415,geom
9897759,9897759,1,0,120415,geom
4375503,4375503,1,0,112431,geom
9068637,9068637,1,0,48392,geom
9411398,9411398,1,0,68734,geom
3130286,3130286,1,0,26622,geom
1792210,1792210,1,0,26622,geom
6544818,6544818,1,0,55916,geom
522313,522313,1,0,60606,geom
50630,50630,1,0,121420,geom
3290057,3290057,1,0,121420,geom
2488270,2488270,1,0,30070,geom
2684227,2684227,1,0,30070,geom
7213717,7213717,1,0,30070,geom
5579871,5579871,1,0,38870,geom
5488479,5488479,1,0,95595,geom
7785192,7785192,1,0,37126,geom
4967339,4967339,1,0,57095,geom
5727613,5727613,1,0,57095,geom
5138596,5138596,1,0,59950,geom
5955637,5955637,1,0,61214,geom
4391462,4391462,1,0,61214,geom
8957522,8957522,1,0,62655,geom
9497015,9497015,1,0,46871,geom
8687775,8687775,1,0,109275,geom
6449580,6449580,1,0,57236,geom
3815096,3815096,1,0,74831,geom
2858583,2858583,1,0,20533,geom
4926692,4926692,1,0,44501,geom
350416,350416,1,0,44501,geom
7643592,7643592,1,0,123017,geom
4007266,4007266,1,0,123017,geom
7958548,7958548,1,0,123017,geom
6621144,6621162,19,0,86419,geom
4403279,4403279,1,0,86419,geom
2003261,2003261,1,0,86419,geom
849445,849445,1,0,17330,geom
9199730,9199730,1,0,87251,geom
8565775,8565775,1,0,87251,geom
4280186,4280186,1,0,87251,geom
1577084,1577084,1,0,6304,geom
6452727,6452727,1,0,33530,geom
9924421,9924421,1,0,33530,geom
9732474,9732474,1,0,33530,geom
8534078,8534078,1,0,89111,geom
7372891,7372891,1,0,89111,geom
8815572,8815572,1,0,22909,geom
4099111,4099111,1,0,22909,geom
1975041,1975041,1,0,41260,geom
9195214,9195214,1,0,41260,geom
9236089,9236089,1,0,70940,geom
1560810,1560810,1,0,69718,geom
5354904,5354904,1,0,121193,geom
832749,832749,1,0,121193,geom
3546218,3546218,1,0,83884,geom
9048785,9048785,1,0,50443,geom
8820101,8820101,1,0,50443,geom
5676613,5676613,1,0,9846,geom
747076,747076,1,0,39793,geom
7525356,7525356,1,0,39793,geom
7924884,7924884,1,0,63735,geom
8131965,8131965,1,0,1338,geom
2380,2380,1,0,13640,geom
7997373,7997373,1,0,21612,geom
7046953,7046953,1,0,21612,geom
4479374,4479374,1,0,76146,geom
5286540,5286540,1,0,105874,geom
144220,144220,1,0,72242,geom
7972931,7972931,1,0,2062,geom
5540524,5540524,1,0,74933,geom
8840734,8840734,1,0,74933,geom
8481189,8481189,1,0,9628,geom
8111067,8111067,1,0,44923,geom
195060,195060,1,0,44923,geom
7523185,7523185,1,0,96029,geom
3064395,3064395,1,0,96029,geom
8588013,8588013,1,0,90748,geom
1770770,1770770,1,0,114922,geom
2858583,2858583,1,0,56206,geom
193913,193913,1,0,89338,geom
1060986,1060986,1,0,89338,geom
7735357,7735357,1,0,82365,geom
9940646,9940646,1,0,4810,geom
5546561,5546561,1,0,9251,geom
2409174,2409174,1,0,59836,geom
2102627,2102627,1,0,16439,geom
1394765,1394765,1,0,21908,geom
781229,781229,1,0,21908,geom
5326405,5326405,1,0,101798,geom
677323,677323,1,0,77049,geom
1656010,1656010,1,0,83963,geom
7039870,7039870,1,0,83963,geom
3359594,3359594,1,0,65641,geom
3055086,3055086,1,0,25008,geom
8256618,8256618,1,0,25008,geom
6692600,6692600,1,0,18360,geom
2306415,2306415,1,0,19937,geom
2358863,2358863,1,0,89813,geom
3930606,3930606,1,0,62051,geom
8938923,8938923,1,0,62051,geom
1452979,1452979,1,0,47701,geom
1901414,1901414,1,0,11911,geom
7161953,7161953,1,0,89953,geom
7970917,7970917,1,0,89953,geom
3805556,3805556,1,0,92293,geom
8490260,8490260,1,0,46326,geom
6735749,6735749,1,0,29560,geom
1103462,1103462,1,0,29560,geom
2261014,2261014,1,0,29560,geom
8180733,8180733,1,0,94936,geom
6063511,6063511,1,0,94936,geom
662662,662662,1,0,4553,geom
3164746,3164746,1,0,4553,geom
2917190,2917190,1,0,26234,geom
3255390,3255390,1,0,95744,geom
7737201,7737201,1,0,95744,geom
181607,181607,1,0,2339,geom
5270333,5270333,1,0,44425,geom
8486518,8486518,1,0,44425,geom
184693,184693,1,0,44425,geom
1178288,1178288,1,0,8236,geom
2692199,2692199,1,0,32173,geom
5474110,5474110,1,0,81424,geom
7413056,7413056,1,0,111591,geom
3448187,3448187,1,0,111591,geom
1541182,1541182,1,0,111591,geom
7897809,7897809,1,0,85474,geom
9940646,9940646,1,0,85474,geom
662650,662650,1,0,85474,geom
6817282,6817282,1,0,104323,geom
8592198,8592198,1,0,104323,geom
7066082,7066082,1,0,104323,geom
391715,391715,1,0,17,geom
7061419,7061419,1,0,17,geom
5473196,5473196,1,0,17,geom
3645939,3645939,1,0,13384,geom
5912587,5912587,1,0,13384,geom
6587922,6587922,1,0,72605,geom
1534127,1534127,1,0,73431,geom
711427,711427,1,0,43590,geom
2181290,2181290,1,0,78544,geom
1688187,1688187,1,0,78544,geom
8206483,8206483,1,0,15371,geom
9678083,9678083,1,0,84963,geom
101619,101619,1,0,25261,geom
1876882,1876882,1,0,41362,geom
1451824,1451824,1,0,101467,geom
2508728,2508728,1,0,46144,geom
9027786,9027786,1,0,46144,geom
3251259,3251259,1,0,53246,geom
2544201,2544201,1,0,53246,geom
7538303,7538303,1,0,66223,geom
9962568,9962568,1,0,66223,geom
9790786,9790786,1,0,20369,geom
7629048,7629048,1,0,20369,geom
3686737,3686737,1,0,20369,geom
4192156,4192156,1,0,49316,geom
6696801,6696801,1,0,88160,geom
5402344,5402344,1,0,2211,geom
997301,997301,1,0,53235,geom
7345391,7345391,1,0,53235,geom
3896736,3896736,1,0,53235,geom
3012327,3012327,1,0,6463,geom
166995,166995,1,0,482,geom
2801530,2801530,1,0,22887,geom
9613446,9613446,1,0,22887,geom
904560,904560,1,0,21544,geom
2524781,2524781,1,0,97830,geom
5850293,5850293,1,0,46803,geom
838877,838877,1,0,110169,geom
9431542,9431542,1,0,100986,geom
6426839,6426839,1,0,110081,geom
1316429,1316429,1,0,1672,geom
3901642,3901642,1,0,1672,geom
6577680,6577680,1,0,32993,geom
1332006,1332006,1,0,103849,geom
1199283,1199283,1,0,34864,geom
8395585,8395585,1,0,102526,geom
9092760,9092760,1,0,23982,geom
9093402,9093402,1,0,23982,geom
10283,10283,1,0,108538,geom
8432976,8432976,1,0,108538,geom
8329127,8329127,1,0,14733,geom
9702322,9702322,1,0,67619,geom
5664403,5664403,1,0,21742,geom
3522267,3522267,1,0,21742,geom
3667803,3667803,1,0,21742,geom
7013486,7013486,1,0,53837,geom
1939694,1939694,1,0,53837,geom
9806213,9806213,1,0,30672,geom
7877695,7877695,1,0,29345,geom
6885672,6885672,1,0,29345,geom
3707888,3707888,1,0,41131,geom
6224670,6224670,1,0,41131,geom
5059830,5059830,1,0,13662,geom
160439,160439,1,0,13662,geom
341480,341480,1,0,45373,geom
6984763,6984763,1,0,26341,geom
1521074,1521074,1,0,109529,geom
8609849,8609849,1,0,1231,geom
7355724,7355724,1,0,1231,geom
606332,606332,1,0,105279,geom
42665,42665,1,0,105279,geom
8098326,8098326,1,0,114849,geom
4964022,4964022,1,0,114849,geom
2862724,2862724,1,0,114849,geom
9622912,9622912,1,0,114849,geom
3645939,3645939,1,0,13727,geom
5367611,5367611,1,0,39931,geom
6367901,6367901,1,0,54399,geom
3935968,3935968,1,0,21887,geom
5996025,5996025,1,0,38233,geom
6538527,6538527,1,0,38233,geom
3137391,3137391,1,0,38233,geom
3372125,3372125,1,0,124761,geom
451350,451350,1,0,124761,geom
9172551,9172551,1,0,63459,geom
8626438,8626438,1,0,39380,geom
2181290,2181290,1,0,39380,geom
1526141,1526141,1,0,55184,geom
5311861,5311861,1,0,55184,geom
8936606,8936606,1,0,41649,geom
91694,91694,1,0,41649,geom
3547135,3547135,1,0,86154,geom
1771962,1771962,1,0,14958,geom
92225,92225,1,0,91993,geom
2452417,2452417,1,0,91993,geom
200236,200236,1,0,30915,geom
7739580,7739580,1,0,30915,geom
7480294,7480294,1,0,121622,geom
6254116,6254116,1,0,121622,geom
8840360,8840360,1,0,4608,geom
9597003,9597003,1,0,4608,geom
8885187,8885187,1,0,12788,geom
2506326,2506326,1,0,12788,geom
3010041,3010041,1,0,12788,geom
7032931,7032931,1,0,12788,geom
9242136,9242136,1,0,46936,geom
6698397,6698397,1,0,46936,geom
6599929,6599929,1,0,46936,geom
2295257,2295257,1,0,18885,geom
2303028,2303028,1,0,55831,geom
4836083,4836083,1,0,47552,geom
1764081,1764081,1,0,27142,geom
5988233,5988233,1,0,123925,geom
8228496,8228496,1,0,123925,geom
9252394,9252394,1,0,68999,geom
790281,790281,1,0,68999,geom
1339045,1339045,1,0,58856,geom
6325580,6325580,1,0,58856,geom
7964305,7964305,1,0,120660,geom
9587136,9587136,1,0,120660,geom
6034026,6034026,1,0,1104,geom
489902,489902,1,0,1104,geom
5111428,5111428,1,0,1104,geom
8710691,8710691,1,0,77398,geom
7063041,7063041,1,0,106397,geom
322554,322554,1,0,106397,geom
9249305,9249305,1,0,46507,geom
5469132,5469132,1,0,24950,geom
323553,323553,1,0,35815,geom
4719626,4719626,1,0,35815,geom
5913404,5913404,1,0,22672,geom
7003903,7003903,1,0,22672,geom
7748344,7748344,1,0,22672,geom
5338146,5338146,1,0,75724,geom
1123974,1123974,1,0,17117,geom
8318885,8318885,1,0,17117,geom
5554707,5554707,1,0,113017,geom
102742,102769,28,0,113017,geom
9239265,9239265,1,0,110355,geom
4131046,4131046,1,0,99,geom
2255005,2255005,1,0,99,geom
4013989,4013989,1,0,36844,geom
8818470,8818470,1,0,56319,geom
9559490,9559490,1,0,28029,geom
6323988,6323988,1,0,65582,geom
8672219,8672219,1,0,65582,geom
5103091,5103091,1,0,39620,geom
1735533,1735533,1,0,45375,geom
5860964,5860964,1,0,45375,geom
6987304,6987304,1,0,45375,geom
998748,998774,27,0,38379,geom
7916733,7916733,1,0,38379,geom
3256808,3256808,1,0,95578,geom
5601582,5601582,1,0,46796,geom
9839784,9839784,1,0,46796,geom
1524894,1524894,1,0,24950,geom
5607252,5607252,1,0,67388,geom
1863011,1863011,1,0,1395,geom
8842431,8842431,1,0,1395,geom
7538001,7538001,1,0,1395,geom
3322452,3322452,1,0,1395,geom
7707023,7707023,1,0,89355,geom
2618760,2618760,1,0,9706,geom
5619350,5619350,1,0,113211,geom
5578710,5578710,1,0,103004,geom
7548998,7548998,1,0,103004,geom
2740082,2740082,1,0,103004,geom
9746775,9746775,1,0,263,geom
8339958,8339958,1,0,30235,geom
4297408,4297408,1,0,30235,geom
9653598,9653598,1,0,114759,geom
7016794,7016794,1,0,114759,geom
8845809,8845809,1,0,27589,geom
5965760,5965760,1,0,75350,geom
6894602,6894602,1,0,83866,geom
7913443,7913443,1,0,112695,geom
3248266,3248266,1,0,12630,geom
9710185,9710185,1,0,12630,geom
2894669,2894669,1,0,19936,geom
9725459,9725459,1,0,19936,geom
22042,22042,1,0,50550,geom
1860831,1860831,1,0,50550,geom
1009308,1009308,1,0,30678,geom
6398516,6398516,1,0,65175,geom
7071543,7071543,1,0,98320,geom
1313338,1313338,1,0,86818,geom
8029469,8029469,1,0,86818,geom
1452979,1452979,1,0,28847,geom
1880175,1880175,1,0,28847,geom
3433660,3433660,1,0,55767,geom
8260577,8260577,1,0,96300,geom
1872360,1872360,1,0,96300,geom
5526695,5526695,1,0,96300,geom
5284146,5284146,1,0,123079,geom
8943707,8943707,1,0,123079,geom
9186664,9186664,1,0,67853,geom
500893,500893,1,0,67853,geom
6680578,6680578,1,0,219,geom
1413795,1413795,1,0,219,geom
5085121,5085121,1,0,100971,geom
7657411,7657411,1,0,66323,geom
7972613,7972613,1,0,66323,geom
2031166,2031166,1,0,122447,geom
8885187,8885187,1,0,122447,geom
7096957,7096957,1,0,115740,geom
1934053,1934053,1,0,49079,geom
3165606,3165606,1,0,61800,geom
2273661,2273661,1,0,26119,geom
1458603,1458603,1,0,31047,geom
8528708,8528708,1,0,84425,geom
3480726,3480726,1,0,84425,geom
8865568,8865568,1,0,84425,geom
8872313,8872313,1,0,84506,geom
9940315,9940315,1,0,29063,geom
1998184,1998184,1,0,29063,geom
8095498,8095516,19,0,104808,geom
5530026,5530026,1,0,6088,geom
5659801,5659801,1,0,26314,geom
8379937,8379937,1,0,71826,geom
9491361,9491361,1,0,71826,geom
4645519,4645519,1,0,122828,geom
6407310,6407310,1,0,122828,geom
2816679,2816679,1,0,117624,geom
8686880,8686880,1,0,117624,geom
1045183,1045183,1,0,69247,geom
2859465,2859465,1,0,69247,geom
5638114,5638114,1,0,115046,geom
9907105,9907105,1,0,115046,geom
9470363,9470363,1,0,76031,geom
2345372,2345372,1,0,124277,geom
8607199,8607199,1,0,124277,geom
4974065,4974065,1,0,124277,geom
6693845,6693845,1,0,37500,geom
7963035,7963035,1,0,81595,geom
4190950,4190950,1,0,108235,geom
5293066,5293066,1,0,121028,geom
6566653,6566653,1,0,121028,geom
644756,644756,1,0,97874,geom
7413307,7413307,1,0,34812,geom
5801094,5801094,1,0,3152,geom
5643424,5643424,1,0,30479,geom
115145,115145,1,0,49015,geom
9131643,9131643,1,0,49015,geom
1568383,1568383,1,0,50247,geom
1675952,1675952,1,0,48691,geom
5166410,5166410,1,0,48691,geom
9224368,9224368,1,0,69996,geom
2133753,2133753,1,0,107393,geom
6540456,6540456,1,0,107393,geom
8193707,8193707,1,0,94364,geom
161489,161489,1,0,41543,geom
622719,622719,1,0,41543,geom
3762866,3762866,1,0,69722,geom
5972852,5972852,1,0,69722,geom
4770970,4770970,1,0,69722,geom
6629470,6629470,1,0,60929,geom
9312814,9312814,1,0,2350,geom
5300994,5300994,1,0,56580,geom
9795476,9795476,1,0,56580,geom
1187728,1187728,1,0,111928,geom
125256,125256,1,0,112061,geom
1019356,1019356,1,0,112061,geom
1064616,1064616,1,0,112061,geom
7114464,7114464,1,0,35703,geom
5913441,5913441,1,0,35703,geom
4173953,4173953,1,0,71358,geom
4950121,4950121,1,0,13240,geom
2488645,2488645,1,0,26672,geom
1951490,1951490,1,0,41157,geom
2261014,2261025,12,0,29073,geom
5667642,5667642,1,0,30219,geom
5553614,5553616,3,0,30219,geom
5356518,5356518,1,0,1521,geom
5853025,5853025,1,0,70377,geom
8439960,8440034,75,0,123334,geom
2908077,2908077,1,0,123334,geom
1103462,1103462,1,0,80635,geom
7810341,7810341,1,0,80635,geom
9597003,9597003,1,0,47504,geom
279722,279722,1,0,81865,geom
3115791,3115791,1,0,81865,geom
1818119,1818119,1,0,81865,geom
938215,938215,1,0,81865,geom
7606562,7606594,33,0,123113,geom
983823,983823,1,0,123113,geom
3028966,3028966,1,0,53462,geom
9288223,9288223,1,0,53462,geom
2317441,2317441,1,0,53462,geom
5034186,5034186,1,0,87585,geom
1638381,1638381,1,0,53293,geom
6652806,6652806,1,0,53293,geom
6252161,6252161,1,0,53293,geom
3253594,3253594,1,0,117666,geom
1377186,1377186,1,0,117666,geom
5969112,5969112,1,0,11200,geom
199168,199177,10,0,101168,geom
3002864,3002864,1,0,9254,geom
4884275,4884275,1,0,9254,geom
7167577,7167577,1,0,9254,geom
3226340,3226340,1,0,108980,geom
2281805,2281805,1,0,108980,geom
103233,103233,1,0,27036,geom
3751417,3751417,1,0,27036,geom
5046599,5046599,1,0,72365,geom
117551,117551,1,0,92696,geom
1591525,1591525,1,0,82286,geom
4123340,4123357,18,0,35962,geom
853165,853165,1,0,35962,geom
3669841,3669841,1,0,80406,geom
4078612,4078612,1,0,62114,geom
1707300,1707300,1,0,62114,geom
2624256,2624256,1,0,60278,geom
7508816,7508816,1,0,39212,geom
5590572,5590572,1,0,39212,geom
8352737,8352737,1,0,39212,geom
9470363,9470363,1,0,39212,geom
1293303,1293303,1,0,39212,geom
970734,970734,1,0,117887,geom
166617,166617,1,0,84974,geom
6192787,6192787,1,0,36500,geom
4847287,4847287,1,0,64620,geom
181546,181549,4,0,64620,geom
613458,613458,1,0,109011,geom
7039165,7039165,1,0,55559,geom
288004,288004,1,0,55559,geom
3304024,3304024,1,0,77933,geom
5296364,5296364,1,0,118870,geom
90911,90911,1,0,426,geom
1002030,1002030,1,0,40426,geom
966170,966170,1,0,40426,geom
6267593,6267593,1,0,40426,geom
5884720,5884720,1,0,116198,geom
7110513,7110550,38,0,116198,geom
5163551,5163551,1,0,10996,geom
5668105,5668105,1,0,10996,geom
2281327,2281327,1,0,18621,geom
3211943,3211951,9,0,45053,geom
2473591,2473591,1,0,55946,geom
4538498,4538498,1,0,6646,geom
6135993,6135993,1,0,6646,geom
3855486,3855486,1,0,121122,geom
8257191,8257191,1,0,124180,geom
3937375,3937375,1,0,97273,geom
3375474,3375474,1,0,97273,geom
8312278,8312278,1,0,97273,geom
662662,662662,1,0,97273,geom
31777,31777,1,0,40353,geom
5322954,5322954,1,0,106406,geom
9702611,9702611,1,0,64482,geom
8637689,8637689,1,0,119144,geom
5222180,5222180,1,0,23587,geom
8012128,8012128,1,0,32016,geom
6911411,6911411,1,0,32016,geom
9633687,9633687,1,0,32016,geom
5011338,5011338,1,0,46553,geom
8986054,8986054,1,0,43532,geom
5601582,5601582,1,0,28792,geom
3008407,3008407,1,0,28792,geom
8588793,8588793,1,0,74617,geom
1985859,1985859,1,0,54868,geom
2404911,2404911,1,0,54868,geom
7304302,7304302,1,0,54868,geom
4655780,4655780,1,0,15942,geom
2623451,2623451,1,0,15942,geom
8482189,8482189,1,0,14050,geom
8894343,8894343,1,0,25244,geom
2792495,2792495,1,0,25244,geom
5203230,5203230,1,0,57801,geom
904560,904560,1,0,57801,geom
2027090,2027090,1,0,97282,geom
6340855,6340855,1,0,97282,geom
1005806,1005806,1,0,66604,geom
977339,977339,1,0,66604,geom
2174396,2174396,1,0,8137,geom
4898365,4898365,1,0,102850,geom
4344267,4344267,1,0,100294,geom
4185818,4185818,1,0,100294,geom
2415869,2415869,1,0,65965,geom
3256415,3256415,1,0,14643,geom
2083246,2083246,1,0,14643,geom
4275393,4275393,1,0,35168,geom
4291742,4291742,1,0,35168,geom
8939841,8939841,1,0,6578,geom
8407032,8407032,1,0,6578,geom
8967008,8967008,1,0,6578,geom
1857712,1857712,1,0,6578,geom
5101889,5101889,1,0,29381,geom
264059,264059,1,0,29381,geom
6633334,6633334,1,0,91874,geom
3688140,3688140,1,0,91874,geom
1153476,1153476,1,0,44266,geom
9033410,9033410,1,0,44266,geom
3592505,3592505,1,0,52082,geom
5314917,5314917,1,0,48511,geom
5607252,5607252,1,0,48511,geom
2154903,2154903,1,0,77370,geom
6450886,6450886,1,0,104406,geom
4965799,4965799,1,0,41721,geom
2015201,2015201,1,0,41721,geom
9864947,9864947,1,0,41721,geom
817930,817930,1,0,69116,geom
5209768,5209768,1,0,115867,geom
9026268,9026268,1,0,108380,geom
5590572,5590572,1,0,76654,geom
312381,312381,1,0,71785,geom
2003261,2003261,1,0,71785,geom
2522457,2522457,1,0,9236,geom
3993916,3993916,1,0,112622,geom
1313431,1313431,1,0,95477,geom
9001382,9001382,1,0,68890,geom
1415520,1415520,1,0,96527,geom
1379639,1379639,1,0,99921,geom
5059830,5059830,1,0,94421,geom
1156126,1156126,1,0,2041,geom
2687964,2687964,1,0,2041,geom
6708727,6708727,1,0,4642,geom
8957186,8957186,1,0,4642,geom
8465652,8465652,1,0,74926,geom
2133919,2133919,1,0,67711,geom
856885,856885,1,0,20598,geom
1315633,1315633,1,0,21075,geom
2266893,2266893,1,0,116833,geom
1455559,1455559,1,0,116833,geom
3522267,3522267,1,0,116833,geom
6956250,6956250,1,0,8678,geom
754772,754772,1,0,8678,geom
2648593,2648593,1,0,95230,geom
9507749,9507749,1,0,14668,geom
8292893,8292893,1,0,3044,geom
9982326,9982326,1,0,116598,geom
8109535,8109535,1,0,1937,geom
6150543,6150543,1,0,77845,geom
6905769,6905769,1,0,16163,geom
1615855,1615855,1,0,2756,geom
4816661,4816661,1,0,54177,geom
8686880,8686880,1,0,96560,geom
9918254,9918254,1,0,96560,geom
8896934,8896934,1,0,22219,geom
9644558,9644558,1,0,110273,geom
1654195,1654195,1,0,110273,geom
3002361,3002361,1,0,78794,geom
271282,271282,1,0,56102,geom
1506333,1506333,1,0,117072,geom
5081736,5081736,1,0,123036,geom
6824204,6824204,1,0,107994,geom
6706527,6706527,1,0,107994,geom
5331364,5331364,1,0,66734,geom
8287310,8287310,1,0,92749,geom
2265582,2265582,1,0,92749,geom
1219230,1219230,1,0,86777,geom
6565927,6565927,1,0,36447,geom
7044866,7044866,1,0,36447,geom
4330518,4330518,1,0,103057,geom
7643592,7643592,1,0,69919,geom
8650103,8650103,1,0,58080,geom
6110729,6110729,1,0,60637,geom
6321999,6321999,1,0,26081,geom
8447820,8447820,1,0,27463,geom
3021109,3021109,1,0,47708,geom
1313431,1313431,1,0,47708,geom
8346420,8346420,1,0,58893,geom
4554224,4554224,1,0,7747,geom
151476,151476,1,0,17643,geom
8890116,8890116,1,0,11610,geom
3710727,3710727,1,0,77647,geom
3119309,3119309,1,0,77647,geom
4129957,4129957,1,0,77647,geom
9415369,9415369,1,0,77647,geom
6214145,6214145,1,0,117196,geom
7485888,7485888,1,0,91921,geom
1012543,1012543,1,0,97671,geom
4726306,4726306,1,0,97671,geom
7239904,7239904,1,0,97671,geom
4958428,4958428,1,0,99759,geom
3667595,3667595,1,0,99759,geom
4217704,4217704,1,0,115237,geom
1701241,1701241,1,0,115237,geom
2641954,2641954,1,0,116015,geom
1401927,1401927,1,0,116015,geom
2269096,2269096,1,0,112152,geom
3364190,3364190,1,0,32848,geom
3375474,3375474,1,0,28605,geom
9361854,9361854,1,0,80711,geom
6839315,6839315,1,0,80711,geom
8314962,8314962,1,0,94513,geom
6172468,6172468,1,0,55825,geom
9612836,9612836,1,0,39586,geom
5476085,5476085,1,0,39586,geom
7409279,7409279,1,0,3381,geom
6025158,6025158,1,0,3381,geom
7755276,7755276,1,0,100581,geom
9572930,9572930,1,0,90345,geom
6692872,6692872,1,0,90345,geom
4294783,4294783,1,0,57327,geom
2408930,2408930,1,0,110997,geom
6359599,6359599,1,0,110997,geom
6885154,6885154,1,0,93080,geom
5963373,5963373,1,0,75258,geom
6595216,6595216,1,0,94424,geom
2011195,2011195,1,0,117269,geom
6593711,6593711,1,0,71914,geom
163768,163768,1,0,71914,geom
5138596,5138596,1,0,16360,geom
9813760,9813760,1,0,107618,geom
9809573,9809573,1,0,27203,geom
6414544,6414544,1,0,27203,geom
7972414,7972414,1,0,92561,geom
6743539,6743539,1,0,18564,geom
786608,786608,1,0,5086,geom
9054648,9054648,1,0,5086,geom
5995600,5995600,1,0,5086,geom
1456807,1456807,1,0,5659,geom
3151040,3151040,1,0,5659,geom
3435246,3435246,1,0,50410,geom
3129745,3129745,1,0,23736,geom
4524083,4524083,1,0,22631,geom
1913787,1913787,1,0,22631,geom
1020565,1020565,1,0,5960,geom
193825,193825,1,0,56877,geom
7608387,7608387,1,0,30671,geom
1151550,1151550,1,0,30671,geom
2466326,2466326,1,0,30671,geom
6593254,6593254,1,0,27715,geom
5689085,5689085,1,0,86666,geom
5419340,5419340,1,0,30103,geom
6467623,6467623,1,0,30103,geom
4249433,4249433,1,0,117757,geom
9919759,9919759,1,0,12897,geom
828974,828974,1,0,119654,geom
7279602,7279602,1,0,28950,geom
1112508,1112508,1,0,5089,geom
8108444,8108444,1,0,7221,geom
5027422,5027422,1,0,7221,geom
1420477,1420477,1,0,9446,geom
2344275,2344275,1,0,60637,geom
1801562,1801562,1,0,60637,geom
9885894,9885894,1,0,17194,geom
6701740,6701740,1,0,17194,geom
9597456,9597456,1,0,8445,geom
1746309,1746309,1,0,81402,geom
7032484,7032484,1,0,81402,geom
4022166,4022166,1,0,70140,geom
662904,662908,5,0,58326,geom
9827907,9827907,1,0,5879,geom
5202522,5202522,1,0,97502,geom
3939112,3939112,1,0,70390,geom
948068,948068,1,0,70390,geom
8670978,8670978,1,0,49814,geom
5367239,5367239,1,0,105330,geom
7508371,7508371,1,0,124973,geom
9001909,9001909,1,0,29138,geom
2199056,2199056,1,0,24150,geom
3266614,3266614,1,0,24150,geom
9090923,9090923,1,0,51471,geom
7666566,7666566,1,0,15362,geom
1607678,1607678,1,0,62298,geom
9823333,9823333,1,0,112164,geom
7933251,7933251,1,0,3037,geom
3683225,3683225,1,0,3037,geom
5010460,5010460,1,0,95158,geom
3370808,3370808,1,0,33754,geom
2639374,2639374,1,0,30377,geom
1769699,1769699,1,0,30377,geom
1082753,1082753,1,0,104948,geom
3846086,3846086,1,0,89547,geom
2360847,2360847,1,0,89547,geom
2142596,2142596,1,0,115903,geom
2248487,2248487,1,0,115903,geom
6777453,6777453,1,0,46698,geom
8653761,8653761,1,0,46698,geom
6024413,6024413,1,0,65516,geom
8092943,8092943,1,0,122979,geom
8197348,8197348,1,0,48057,geom
9171974,9171974,1,0,48057,geom
7939447,7939447,1,0,86480,geom
1534762,1534762,1,0,52348,geom
550642,550642,1,0,52348,geom
7409496,7409496,1,0,52348,geom
400982,400982,1,0,39810,geom
8300094,8300094,1,0,39810,geom
6249058,6249058,1,0,109897,geom
8644415,8644415,1,0,6387,geom
6333067,6333067,1,0,59018,geom
4581498,4581498,1,0,59018,geom
2329169,2329169,1,0,59018,geom
1020565,1020565,1,0,121928,geom
8067077,8067077,1,0,121928,geom
9884787,9884787,1,0,97373,geom
3064730,3064730,1,0,119056,geom
5619143,5619143,1,0,95354,geom
1173999,1173999,1,0,95354,geom
8315178,8315178,1,0,71130,geom
6882180,6882180,1,0,62757,geom
2212702,2212702,1,0,30144,geom
4675870,4675870,1,0,84818,geom
4227117,4227117,1,0,13219,geom
8986054,8986054,1,0,13219,geom
9811203,9811203,1,0,40641,geom
2360217,2360217,1,0,40641,geom
5083535,5083535,1,0,62490,geom
7623043,7623043,1,0,34346,geom
8361808,8361808,1,0,37728,geom
1220974,1220974,1,0,37728,geom
8764492,8764492,1,0,107731,geom
3382339,3382339,1,0,107731,geom
7893947,7893947,1,0,16239,geom
2449899,2449899,1,0,27208,geom
3847868,3847868,1,0,110326,geom
4158433,4158433,1,0,45648,geom
9210146,9210146,1,0,12102,geom
6506074,6506074,1,0,12102,geom
9290944,9290944,1,0,120525,geom
8651682,8651682,1,0,120525,geom
2339676,2339676,1,0,90754,geom
8157096,8157096,1,0,52217,geom
5188487,5188487,1,0,37634,geom
1153574,1153574,1,0,91758,geom
7737909,7737909,1,0,59887,geom
1509342,1509342,1,0,96183,geom
9741347,9741347,1,0,117968,geom
3740171,3740171,1,0,117968,geom
5500403,5500403,1,0,84275,geom
6144039,6144039,1,0,84275,geom
9787736,9787736,1,0,29897,geom
8255405,8255405,1,0,29897,geom
6936571,6936571,1,0,29897,geom
1538598,1538598,1,0,34213,geom
1451247,1451247,1,0,95439,geom
2777330,2777330,1,0,95439,geom
6931893,6931893,1,0,65036,geom
9493535,9493535,1,0,7816,geom
4900616,4900616,1,0,22553,geom
7084446,7084446,1,0,34123,geom
9275972,9275972,1,0,34123,geom
5911342,5911342,1,0,69796,geom
7455847,7455847,1,0,69796,geom
3886072,3886072,1,0,69796,geom
7674369,7674369,1,0,55937,geom
8624896,8624896,1,0,19325,geom
6965145,6965145,1,0,19325,geom
7629048,7629048,1,0,19325,geom
3795053,3795070,18,0,37904,geom
1634897,1634897,1,0,93463,geom
8838190,8838190,1,0,60432,geom
7207419,7207419,1,0,60432,geom
1449972,1449972,1,0,60432,geom
3318904,3318904,1,0,60432,geom
5659894,5659894,1,0,60432,geom
1822450,1822450,1,0,88474,geom
9032666,9032666,1,0,117825,geom
3002864,3002864,1,0,91446,geom
4635882,4635882,1,0,91446,geom
3960749,3960749,1,0,91446,geom
7923278,7923278,1,0,116568,geom
9898318,9898318,1,0,79047,geom
8874883,8874883,1,0,77634,geom
5366037,5366037,1,0,77634,geom
1888614,1888614,1,0,10834,geom
636841,636841,1,0,63606,geom
8228121,8228121,1,0,105533,geom
1300754,1300754,1,0,78615,geom
1822450,1822450,1,0,32665,geom
9806213,9806213,1,0,34564,geom
2449864,2449864,1,0,34564,geom
7512447,7512450,4,0,121200,geom
6348149,6348149,1,0,68821,geom
2960803,2960803,1,0,114650,geom
5368802,5368802,1,0,10718,geom
8760536,8760547,12,0,5584,geom
7501680,7501680,1,0,5584,geom
2637261,2637261,1,0,95051,geom
1444583,1444583,1,0,95051,geom
4160,4160,1,0,2592,geom
7114917,7114929,13,0,77868,geom
9343878,9343878,1,0,104721,geom
465540,465540,1,0,116435,geom
5984558,5984558,1,0,116435,geom
6593711,6593711,1,0,88054,geom
1074488,1074488,1,0,88054,geom
2033731,2033731,1,0,95499,geom
6329805,6329805,1,0,70930,geom
3818359,3818359,1,0,47806,geom
3671846,3671846,1,0,47806,geom
4966729,4966734,6,0,103603,geom
1553434,1553434,1,0,41186,geom
9433747,9433747,1,0,100350,geom
7463815,7463815,1,0,90763,geom
6914067,6914067,1,0,90763,geom
8897296,8897296,1,0,90763,geom
181427,181427,1,0,88488,geom
4977807,4977807,1,0,88488,geom
1669779,1669779,1,0,98936,geom
6488487,6488487,1,0,98936,geom
2317441,2317441,1,0,73991,geom
4002609,4002609,1,0,113555,geom
9058606,9058611,6,0,75716,geom
8185722,8185722,1,0,75716,geom
4889156,4889156,1,0,49514,geom
1811104,1811104,1,0,49514,geom
3654776,3654776,1,0,91110,geom
4172494,4172494,1,0,62890,geom
9685194,9685194,1,0,62890,geom
3115588,3115588,1,0,62890,geom
6420533,6420533,1,0,62890,geom
9708476,9708476,1,0,122769,geom
4288779,4288779,1,0,90407,geom
6839315,6839331,17,0,96582,geom
7079022,7079022,1,0,96582,geom
7185678,7185678,1,0,96582,geom
191805,191805,1,0,96582,geom
7458245,7458245,1,0,25663,geom
8495506,8495506,1,0,7938,geom
9265927,9265927,1,0,56221,geom
3155178,3155178,1,0,32799,geom
1428221,1428221,1,0,96288,geom
6545002,6545002,1,0,96288,geom
7036651,7036651,1,0,15989,geom
4365833,4365833,1,0,15989,geom
8928083,8928083,1,0,15989,geom
5333023,5333023,1,0,3677,geom
6091864,6091864,1,0,40577,geom
4292230,4292230,1,0,76287,geom
6431933,6431933,1,0,78153,geom
6938227,6938227,1,0,114374,geom
514175,514175,1,0,114374,geom
5202522,5202522,1,0,114374,geom
144220,144220,1,0,480,geom
7038752,7038752,1,0,84834,geom
3827568,3827568,1,0,53457,geom
9880427,9880427,1,0,89937,geom
3688524,3688524,1,0,89937,geom
8579821,8579821,1,0,85561,geom
1495064,1495064,1,0,85561,geom
7173758,7173758,1,0,95127,geom
9879461,9879461,1,0,77926,geom
2612188,2612188,1,0,77926,geom
8316934,8316934,1,0,45853,geom
2592982,2592982,1,0,46582,geom
7801054,7801054,1,0,46582,geom
834162,834162,1,0,22973,geom
4292135,4292135,1,0,22973,geom
1809426,1809426,1,0,89250,geom
8466156,8466156,1,0,123217,geom
6467623,6467623,1,0,74745,geom
7929177,7929177,1,0,119024,geom
6212618,6212618,1,0,101107,geom
4156507,4156507,1,0,101107,geom
4582437,4582437,1,0,83672,geom
1002030,1002030,1,0,92177,geom
3579763,3579763,1,0,55458,geom
1584621,1584621,1,0,111274,geom
7721296,7721296,1,0,19771,geom
4748080,4748080,1,0,65896,geom
4144755,4144755,1,0,98202,geom
133160,133160,1,0,7118,geom
2875459,2875459,1,0,4538,geom
5923201,5923201,1,0,4538,geom
9550149,9550149,1,0,23441,geom
6543575,6543575,1,0,115816,geom
9707936,9707936,1,0,115816,geom
7889003,7889003,1,0,11786,geom
9823333,9823333,1,0,29325,geom
1751239,1751239,1,0,51649,geom
8817994,8817994,1,0,17094,geom
8459853,8459853,1,0,69887,geom
2656637,2656637,1,0,42470,geom
585977,585977,1,0,92112,geom
8095241,8095241,1,0,83979,geom
7087364,7087364,1,0,88835,geom
1604891,1604891,1,0,88835,geom
4639132,4639132,1,0,88835,geom
1623441,1623441,1,0,70781,geom
8685971,8685975,5,0,70781,geom
8894343,8894343,1,0,3401,geom
7119330,7119330,1,0,122614,geom
2024666,2024666,1,0,31157,geom
22959,22959,1,0,78805,geom
9955263,9955263,1,0,35764,geom
8301192,8301192,1,0,89778,geom
7972949,7972949,1,0,89778,geom
1769550,1769550,1,0,102360,geom
2446857,2446857,1,0,84608,geom
2439946,2439946,1,0,84608,geom
1066728,1066728,1,0,104215,geom
6606540,6606540,1,0,45745,geom
4171808,4171808,1,0,109298,geom
8351941,8351941,1,0,27823,geom
2978282,2978282,1,0,27823,geom
4391462,4391462,1,0,77389,geom
2028599,2028599,1,0,45756,geom
1553434,1553434,1,0,45756,geom
1922118,1922118,1,0,1216,geom
1913787,1913787,1,0,75808,geom
4310038,4310038,1,0,70748,geom
7800391,7800391,1,0,114932,geom
3721998,3721998,1,0,106561,geom
4179932,4179932,1,0,22693,geom
9644726,9644726,1,0,22693,geom
322012,322012,1,0,22693,geom
7003776,7003776,1,0,112863,geom
6345404,6345404,1,0,62565,geom
5582680,5582680,1,0,62565,geom
7144995,7144995,1,0,62565,geom
3001937,3001937,1,0,62565,geom
3253594,3253594,1,0,88077,geom
8010523,8010523,1,0,88077,geom
1359714,1359714,1,0,8423,geom
7678230,7678230,1,0,64016,geom
8937809,8937809,1,0,44851,geom
2497216,2497216,1,0,7935,geom
1010847,1010847,1,0,63629,geom
8088750,8088750,1,0,33759,geom
213973,213973,1,0,15577,geom
7131709,7131709,1,0,40883,geom
7037541,7037541,1,0,64889,geom
2727733,2727733,1,0,74533,geom
5382247,5382247,1,0,86025,geom
1607678,1607678,1,0,62974,geom
1355380,1355380,1,0,10346,geom
6535732,6535732,1,0,10346,geom
2281660,2281660,1,0,10346,geom
4645519,4645519,1,0,8466,geom
2092939,2092939,1,0,31377,geom
3114962,3114962,1,0,83304,geom
7763195,7763195,1,0,5965,geom
7089976,7089976,1,0,39632,geom
9814524,9814524,1,0,57971,geom
2034686,2034686,1,0,57287,geom
3261833,3261833,1,0,57287,geom
6301892,6301892,1,0,57287,geom
1770770,1770770,1,0,26217,geom
3742282,3742282,1,0,26217,geom
1081186,1081186,1,0,59920,geom
3827647,3827656,10,0,55567,geom
1860831,1860831,1,0,64390,geom
2488270,2488270,1,0,64390,geom
7200539,7200539,1,0,64390,geom
3173443,3173443,1,0,84135,geom
4625601,4625601,1,0,84135,geom
5963235,5963235,1,0,68621,geom
4386047,4386047,1,0,68621,geom
5930637,5930637,1,0,103037,geom
6321999,6321999,1,0,27954,geom
3151040,3151040,1,0,98280,geom
1608178,1608178,1,0,92321,geom
4010167,4010167,1,0,92321,geom
8754068,8754068,1,0,118321,geom
1782931,1782931,1,0,118321,geom
2115608,2115608,1,0,40952,geom
9884787,9884787,1,0,40952,geom
761308,761308,1,0,40952,geom
6061294,6061294,1,0,77207,geom
9118226,9118226,1,0,10482,geom
3085875,3085875,1,0,124643,geom
7608387,7608387,1,0,50211,geom
3331026,3331026,1,0,97844,geom
2614852,2614852,1,0,112623,geom
1419066,1419066,1,0,104271,geom
7269272,7269272,1,0,104271,geom
4187112,4187112,1,0,13211,geom
1954992,1954992,1,0,13211,geom
4406452,4406452,1,0,29002,geom
6709182,6709182,1,0,29002,geom
3216731,3216731,1,0,96253,geom
2136997,2136997,1,0,96253,geom
5100169,5100169,1,0,56821,geom
2667578,2667578,1,0,23513,geom
8095649,8095649,1,0,23513,geom
1012102,1012102,1,0,23513,geom
1994981,1994981,1,0,47514,geom
6889737,6889737,1,0,47514,geom
668237,668237,1,0,93621,geom
1399424,1399424,1,0,115471,geom
808742,808742,1,0,115471,geom
9959960,9959960,1,0,93965,geom
3112960,3112960,1,0,39683,geom
9839215,9839215,1,0,99456,geom
4135078,4135078,1,0,99456,geom
6315340,6315340,1,0,99456,geom
4193425,4193425,1,0,67413,geom
6432506,6432506,1,0,67413,geom
4150126,4150126,1,0,67413,geom
8757503,8757503,1,0,21394,geom
9324024,9324024,1,0,5448,geom
8129872,8129872,1,0,86735,geom
1407930,1407930,1,0,86735,geom
3004655,3004655,1,0,86735,geom
7523185,7523185,1,0,86735,geom
7038566,7038566,1,0,33785,geom
7459619,7459619,1,0,33785,geom
6879515,6879515,1,0,168,geom
543608,543608,1,0,106867,geom
3232155,3232155,1,0,98030,geom
2978282,2978282,1,0,42828,geom
4133858,4133858,1,0,85822,geom
7977122,7977122,1,0,85822,geom
200236,200236,1,0,85822,geom
3827647,3827656,10,0,85822,geom
1702866,1702866,1,0,84074,geom
2746820,2746820,1,0,84074,geom
6837277,6837277,1,0,84074,geom
8916408,8916408,1,0,105321,geom
5512949,5512949,1,0,105321,geom
3378110,3378110,1,0,103960,geom
1797996,1797996,1,0,96442,geom
3804271,3804271,1,0,96442,geom
8428529,8428529,1,0,121628,geom
3833393,3833393,1,0,121628,geom
8802615,8802615,1,0,2335,geom
287474,287474,1,0,4541,geom
4967851,4967851,1,0,34900,geom
7508037,7508037,1,0,34900,geom
5654080,5654080,1,0,20192,geom
6941937,6941937,1,0,20192,geom
2690916,2690916,1,0,20192,geom
6272915,6272915,1,0,75190,geom
4973708,4973708,1,0,102089,geom
78956,78956,1,0,2930,geom
6003793,6003793,1,0,2930,geom
500551,500551,1,0,80579,geom
5657773,5657773,1,0,80579,geom
858402,858402,1,0,85327,geom
3835786,3835786,1,0,85327,geom
2435802,2435802,1,0,101775,geom
3950527,3950527,1,0,69099,geom
5900528,5900528,1,0,74602,geom
4915366,4915366,1,0,38332,geom
6646264,6646264,1,0,38332,geom
187958,187958,1,0,28673,geom
7095556,7095556,1,0,118325,geom
3818456,3818456,1,0,42387,geom
8652859,8652859,1,0,80195,geom
638234,638234,1,0,40669,geom
9814432,9814432,1,0,40669,geom
6549424,6549424,1,0,112439,geom
787253,787253,1,0,112439,geom
8586898,8586898,1,0,51043,geom
6833285,6833285,1,0,51043,geom
9128235,9128235,1,0,51043,geom
3300227,3300227,1,0,74215,geom
7799082,7799082,1,0,74215,geom
1187728,1187728,1,0,80980,geom
8262791,8262791,1,0,91756,geom
9473326,9473326,1,0,91756,geom
2602659,2602659,1,0,87834,geom
4703447,4703447,1,0,4490,geom
1627732,1627732,1,0,107012,geom
1012322,1012322,1,0,31107,geom
7874760,7874760,1,0,10427,geom
7473736,7473736,1,0,53101,geom
4873702,4873702,1,0,30445,geom
496168,496168,1,0,30445,geom
4770004,4770004,1,0,54330,geom
9926515,9926515,1,0,119941,geom
7730667,7730667,1,0,114354,geom
1606437,1606437,1,0,107345,geom
7917861,7917861,1,0,107345,geom
6911411,6911411,1,0,107345,geom
992071,992071,1,0,107345,geom
6438225,6438225,1,0,110417,geom
5077789,5077789,1,0,63837,geom
4496259,4496259,1,0,63837,geom
1515796,1515796,1,0,73722,geom
534038,534038,1,0,75723,geom
5191911,5191911,1,0,75723,geom
2098099,2098099,1,0,92579,geom
3329787,3329787,1,0,110364,geom
5628293,5628293,1,0,110364,geom
3928309,3928309,1,0,112309,geom
1432368,1432368,1,0,112309,geom
4214658,4214658,1,0,112309,geom
6481574,6481574,1,0,91365,geom
8605671,8605671,1,0,91365,geom
6210523,6210523,1,0,91365,geom
2893340,2893340,1,0,91365,geom
6768248,6768248,1,0,75419,geom
7872996,7872996,1,0,84848,geom
2641954,2641954,1,0,84848,geom
5367309,5367309,1,0,84848,geom
5143888,5143888,1,0,82090,geom
9960038,9960107,70,0,93328,geom
2924661,2924661,1,0,93328,geom
1004631,1004631,1,0,3496,geom
4349414,4349414,1,0,85029,geom
3805269,3805269,1,0,70742,geom
9851994,9851994,1,0,70742,geom
7295194,7295210,17,0,109453,geom
7461048,7461048,1,0,102479,geom
679983,680001,19,0,102479,geom
2955714,2955714,1,0,64898,geom
6422079,6422079,1,0,73797,geom
772736,772736,1,0,73797,geom
5100169,5100169,1,0,57494,geom
6072851,6072851,1,0,88718,geom
4762681,4762681,1,0,88718,geom
9622912,9622912,1,0,113048,geom
4992736,4992736,1,0,113048,geom
18910,18910,1,0,19758,geom
1628538,1628538,1,0,19758,geom
1941237,1941237,1,0,19758,geom
6673888,6673888,1,0,49601,geom
4545927,4545927,1,0,115480,geom
8696114,8696114,1,0,115480,geom
4647602,4647602,1,0,110111,geom
1900069,1900069,1,0,9541,geom
2360217,2360217,1,0,69267,geom
5225157,5225157,1,0,123869,geom
4852894,4852894,1,0,123869,geom
5419340,5419340,1,0,91458,geom
5678597,5678597,1,0,91458,geom
6794524,6794524,1,0,53466,geom
7974028,7974028,1,0,20209,geom
2724179,2724179,1,0,97956,geom
8296033,8296033,1,0,69893,geom
7431569,7431569,1,0,69893,geom
8911705,8911705,1,0,85068,geom
377409,377409,1,0,34595,geom
5574669,5574669,1,0,34595,geom
7249030,7249030,1,0,6818,geom
9338041,9338041,1,0,63063,geom
5317239,5317239,1,0,27047,geom
1355372,1355372,1,0,27047,geom
8312278,8312278,1,0,27047,geom
7251362,7251362,1,0,51815,geom
7465561,7465561,1,0,51815,geom
8180525,8180525,1,0,124177,geom
8597728,8597746,19,0,124177,geom
85812,85812,1,0,124177,geom
9813135,9813135,1,0,16494,geom
9741166,9741166,1,0,16494,geom
8574675,8574675,1,0,24471,geom
3633274,3633274,1,0,69073,geom
6699800,6699800,1,0,79735,geom
6696153,6696153,1,0,79735,geom
5599342,5599342,1,0,5169,geom
8109535,8109535,1,0,16250,geom
1192798,1192798,1,0,16250,geom
3819673,3819673,1,0,53827,geom
6323087,6323087,1,0,116153,geom
3924335,3924335,1,0,29122,geom
497788,497788,1,0,45117,geom
7994708,7994708,1,0,73123,geom
4984882,4984882,1,0,60897,geom
7741943,7741943,1,0,60897,geom
210642,210642,1,0,118228,geom
787711,787711,1,0,73570,geom
4267017,4267017,1,0,73570,geom
4554571,4554571,1,0,73570,geom
8272524,8272524,1,0,82088,geom
7743806,7743814,9,0,82088,geom
1571446,1571446,1,0,50361,geom
9493535,9493535,1,0,115627,geom
3410203,3410203,1,0,115627,geom
6649718,6649718,1,0,115627,geom
6343732,6343732,1,0,123964,geom
3299596,3299596,1,0,35199,geom
4929475,4929475,1,0,35948,geom
4386047,4386047,1,0,53207,geom
2860786,2860786,1,0,53207,geom
3367509,3367509,1,0,114295,geom
187759,187759,1,0,114295,geom
701313,701313,1,0,59904,geom
4392558,4392558,1,0,25705,geom
8242345,8242345,1,0,49780,geom
8439103,8439103,1,0,49780,geom
9000919,9000919,1,0,34303,geom
8274014,8274014,1,0,34303,geom
9717959,9717959,1,0,12775,geom
5901126,5901126,1,0,107568,geom
5574669,5574669,1,0,107568,geom
7297021,7297021,1,0,107568,geom
5006915,5006915,1,0,75733,geom
7489768,7489768,1,0,75733,geom
2101477,2101477,1,0,39649,geom
446140,446140,1,0,39649,geom
3242905,3242905,1,0,39649,geom
335956,335956,1,0,88151,geom
7521088,7521088,1,0,88151,geom
1567142,1567142,1,0,28350,geom
3817458,3817458,1,0,96036,geom
6947110,6947110,1,0,43990,geom
9801341,9801341,1,0,6825,geom
1080220,1080220,1,0,75569,geom
1435417,1435417,1,0,75569,geom
3109136,3109136,1,0,9328,geom
4655720,4655720,1,0,56661,geom
4046336,4046336,1,0,43981,geom
4097349,4097349,1,0,43981,geom
7975877,7975877,1,0,114319,geom
7542382,7542382,1,0,10402,geom
768060,768060,1,0,54460,geom
1895491,1895491,1,0,54460,geom
93108,93108,1,0,40010,geom
1391600,1391600,1,0,40010,geom
8686880,8686900,21,0,40010,geom
9641491,9641491,1,0,2623,geom
9231151,9231151,1,0,2623,geom
280816,280816,1,0,65795,geom
3911133,3911133,1,0,84844,geom
5830437,5830437,1,0,101096,geom
4756771,4756771,1,0,101096,geom
7783196,7783196,1,0,100718,geom
9319799,9319799,1,0,63239,geom
927040,927040,1,0,109502,geom
7716959,7716959,1,0,58816,geom
7295963,7295973,11,0,58816,geom
3314843,3314843,1,0,90395,geom
7546730,7546730,1,0,90395,geom
3202903,3202903,1,0,15728,geom
2295257,2295257,1,0,15728,geom
9381610,9381610,1,0,22282,geom
2128276,2128276,1,0,22282,geom
8314962,8314962,1,0,118642,geom
4235588,4235588,1,0,14232,geom
1748965,1748965,1,0,14232,geom
1332006,1332006,1,0,107654,geom
3368083,3368083,1,0,107654,geom
7413763,7413763,1,0,74646,geom
8510069,8510069,1,0,119798,geom
3581296,3581296,1,0,60449,geom
4273898,4273898,1,0,116358,geom
3710727,3710727,1,0,116358,geom
8262466,8262466,1,0,116358,geom
5659312,5659312,1,0,116358,geom
7463429,7463429,1,0,62564,geom
8653761,8653761,1,0,82015,geom
4463672,4463672,1,0,15066,geom
7940790,7940790,1,0,15066,geom
9507767,9507767,1,0,29752,geom
1552018,1552018,1,0,28510,geom
1228497,1228497,1,0,28510,geom
8396631,8396631,1,0,28510,geom
7772968,7772968,1,0,44672,geom
2266627,2266627,1,0,44672,geom
6594417,6594417,1,0,44672,geom
6902499,6902499,1,0,47982,geom
7416613,7416613,1,0,49671,geom
9884233,9884233,1,0,74752,geom
2555825,2555825,1,0,2119,geom
3712797,3712797,1,0,60647,geom
1477728,1477728,1,0,81022,geom
84520,84520,1,0,95377,geom
6700078,6700078,1,0,79351,geom
7026196,7026196,1,0,107676,geom
8466194,8466194,1,0,107676,geom
2388762,2388762,1,0,56511,geom
9479684,9479684,1,0,64163,geom
5642603,5642603,1,0,47133,geom
9935839,9935839,1,0,47133,geom
8435444,8435444,1,0,24279,geom
2003355,2003355,1,0,24279,geom
7743118,7743118,1,0,114897,geom
8185722,8185722,1,0,52894,geom
8012173,8012173,1,0,52894,geom
813265,813265,1,0,59080,geom
9896747,9896758,12,0,26891,geom
7906097,7906097,1,0,55909,geom
2307666,2307666,1,0,3155,geom
2384135,2384135,1,0,3155,geom
3803950,3803950,1,0,3155,geom
672892,672892,1,0,3155,geom
8795170,8795170,1,0,49697,geom
2765580,2765580,1,0,121181,geom
3549224,3549224,1,0,60751,geom
3845340,3845340,1,0,123541,geom
7505772,7505772,1,0,123541,geom
6537091,6537091,1,0,77259,geom
8686880,8686880,1,0,77259,geom
6413245,6413245,1,0,53212,geom
9260027,9260027,1,0,31157,geom
638507,638507,1,0,59878,geom
3159147,3159147,1,0,59878,geom
8439916,8439916,1,0,59878,geom
7226273,7226273,1,0,117686,geom
8158601,8158601,1,0,43590,geom
7213787,7213787,1,0,57652,geom
4288779,4288779,1,0,57652,geom
3250639,3250639,1,0,30463,geom
2611488,2611488,1,0,30463,geom
209829,209829,1,0,49242,geom
843128,843128,1,0,49242,geom
547321,547321,1,0,124653,geom
2443672,2443672,1,0,79038,geom
9086190,9086190,1,0,79038,geom
6670885,6670885,1,0,79038,geom
2243271,2243271,1,0,65101,geom
208495,208495,1,0,65101,geom
6640995,6640995,1,0,65101,geom
9545066,9545066,1,0,5651,geom
2623451,2623451,1,0,5651,geom
682710,682710,1,0,5651,geom
3151040,3151040,1,0,47679,geom
2596591,2596591,1,0,75179,geom
781229,781229,1,0,114075,geom
7738916,7738916,1,0,114075,geom
84520,84520,1,0,68976,geom
3737628,3737628,1,0,68976,geom
1774257,1774257,1,0,106137,geom
9917201,9917201,1,0,91368,geom
3809158,3809158,1,0,91368,geom
4609463,4609463,1,0,91368,geom
9932547,9932547,1,0,91368,geom
3911051,3911051,1,0,66529,geom
3009029,3009029,1,0,66529,geom
3834606,3834606,1,0,32856,geom
354247,354247,1,0,22580,geom
1141930,1141930,1,0,61222,geom
741789,741789,1,0,101001,geom
6311745,6311745,1,0,38799,geom
1732016,1732016,1,0,79353,geom
6276808,6276808,1,0,79353,geom
6939217,6939217,1,0,121713,geom
5442128,5442128,1,0,74863,geom
741347,741347,1,0,123592,geom
1769751,1769751,1,0,123592,geom
5726816,5726816,1,0,123592,geom
166995,166995,1,0,10196,geom
5558492,5558492,1,0,13110,geom
18072,18072,1,0,8368,geom
8093372,8093372,1,0,112546,geom
5052720,5052720,1,0,112546,geom
8762788,8762788,1,0,44620,geom
493003,493003,1,0,44620,geom
4109189,4109189,1,0,86344,geom
885612,885612,1,0,86344,geom
5490628,5490628,1,0,50162,geom
6556604,6556604,1,0,50162,geom
3874360,3874360,1,0,120974,geom
1861863,1861863,1,0,3606,geom
8498492,8498492,1,0,3606,geom
8830168,8830168,1,0,114337,geom
576087,576087,1,0,114337,geom
3273385,3273385,1,0,38151,geom
977339,977339,1,0,38151,geom
3874131,3874131,1,0,60430,geom
46582,46582,1,0,113354,geom
8197348,8197348,1,0,9572,geom
9765645,9765645,1,0,118020,geom
2406720,2406720,1,0,82097,geom
5512313,5512313,1,0,82097,geom
5137248,5137248,1,0,120709,geom
4529643,4529643,1,0,84320,geom
5379656,5379656,1,0,70685,geom
7444396,7444396,1,0,97930,geom
1144108,1144108,1,0,97930,geom
4292230,4292230,1,0,56496,geom
1453702,1453702,1,0,112748,geom
5400328,5400328,1,0,56720,geom
9797988,9797988,1,0,116556,geom
6594098,6594098,1,0,40508,geom
6856606,6856606,1,0,40508,geom
4093226,4093226,1,0,1926,geom
1067180,1067180,1,0,119092,geom
3896736,3896736,1,0,121808,geom
822231,822231,1,0,80597,geom
2320314,2320314,1,0,58263,geom
645760,645760,1,0,58263,geom
2689401,2689401,1,0,35897,geom
9124733,9124733,1,0,35897,geom
7051468,7051468,1,0,47765,geom
5590187,5590187,1,0,47765,geom
7172877,7172877,1,0,38036,geom
8242345,8242345,1,0,38036,geom
8948087,8948087,1,0,38036,geom
8655631,8655631,1,0,38036,geom
1517802,1517802,1,0,77373,geom
6178268,6178268,1,0,77373,geom
5907381,5907381,1,0,32560,geom
5350763,5350763,1,0,32560,geom
103700,103700,1,0,79565,geom
3849983,3849983,1,0,70580,geom
3386650,3386650,1,0,101549,geom
5542811,5542811,1,0,95091,geom
2433573,2433573,1,0,61685,geom
2602659,2602659,1,0,43637,geom
3159327,3159327,1,0,123040,geom
1789019,1789019,1,0,102312,geom
8696114,8696114,1,0,51886,geom
6536037,6536037,1,0,88260,geom
7238624,7238624,1,0,28621,geom
706115,706115,1,0,47003,geom
8730,8730,1,0,47003,geom
3199646,3199646,1,0,84104,geom
3931638,3931638,1,0,84104,geom
4634370,4634370,1,0,65815,geom
3606117,3606117,1,0,44747,geom
7060803,7060803,1,0,38905,geom
8367132,8367132,1,0,38905,geom
1411101,1411101,1,0,18459,geom
4351793,4351793,1,0,95195,geom
7580827,7580827,1,0,95195,geom
6333067,6333067,1,0,95195,geom
9939602,9939602,1,0,64494,geom
6702991,6702991,1,0,56341,geom
9898226,9898226,1,0,69,geom
3159249,3159249,1,0,69,geom
2745908,2745908,1,0,17403,geom
5667642,5667642,1,0,81808,geom
5011338,5011338,1,0,81808,geom
398660,398660,1,0,78983,geom
4345240,4345240,1,0,78983,geom
2907738,2907738,1,0,78983,geom
5372607,5372607,1,0,7722,geom
9932336,9932336,1,0,33480,geom
946408,946408,1,0,33480,geom
8106896,8106896,1,0,77816,geom
2858583,2858583,1,0,77816,geom
3833005,3833005,1,0,77816,geom
179620,179620,1,0,16557,geom
5657204,5657204,1,0,16557,geom
777584,777584,1,0,95194,geom
5960277,5960277,1,0,95194,geom
3779595,3779595,1,0,95194,geom
6821044,6821044,1,0,79981,geom
6040459,6040459,1,0,39538,geom
6501138,6501138,1,0,36716,geom
8664486,8664486,1,0,71087,geom
3678570,3678570,1,0,42006,geom
1243207,1243207,1,0,10152,geom
498719,498719,1,0,10152,geom
5134118,5134118,1,0,104077,geom
6938227,6938227,1,0,104077,geom
5081736,5081736,1,0,89879,geom
8592958,8592958,1,0,57551,geom
179537,179537,1,0,57551,geom
9796232,9796232,1,0,57551,geom
8159659,8159659,1,0,11383,geom
4645180,4645180,1,0,29175,geom
5827718,5827718,1,0,116729,geom
2082409,2082409,1,0,2534,geom
8585700,8585700,1,0,6973,geom
7072694,7072694,1,0,98194,geom
3372693,3372693,1,0,80101,geom
91251,91251,1,0,78954,geom
8826166,8826166,1,0,101388,geom
8705696,8705715,20,0,67200,geom
6721416,6721416,1,0,67200,geom
2398189,2398189,1,0,30293,geom
6613671,6613671,1,0,30293,geom
8417824,8417824,1,0,8762,geom
6063511,6063511,1,0,102711,geom
1721840,1721840,1,0,123652,geom
1087149,1087149,1,0,17711,geom
9875939,9875939,1,0,19981,geom
8825909,8825909,1,0,19981,geom
5350462,5350462,1,0,19981,geom
1004631,1004631,1,0,38235,geom
500332,500332,1,0,38235,geom
8095498,8095498,1,0,97335,geom
4961539,4961539,1,0,97335,geom
5074918,5074918,1,0,97335,geom
7922402,7922402,1,0,102457,geom
6905122,6905122,1,0,102457,geom
3367509,3367509,1,0,60973,geom
4131986,4131986,1,0,60973,geom
7765175,7765175,1,0,16630,geom
9250764,9250764,1,0,108134,geom
4143955,4143955,1,0,24342,geom
3923291,3923291,1,0,99892,geom
4581554,4581554,1,0,115844,geom
3511655,3511655,1,0,80068,geom
6567001,6567001,1,0,80068,geom
1149536,1149536,1,0,80068,geom
5613063,5613063,1,0,80068,geom
567450,567450,1,0,71786,geom
1865499,1865499,1,0,100128,geom
6803618,6803618,1,0,75724,geom
5850293,5850293,1,0,75724,geom
9630713,9630713,1,0,13133,geom
7759649,7759649,1,0,54863,geom
3919823,3919823,1,0,54863,geom
7997116,7997116,1,0,54863,geom
8567154,8567154,1,0,87185,geom
8284277,8284277,1,0,99561,geom
2191572,2191572,1,0,60235,geom
6394922,6394922,1,0,16102,geom
2656925,2656925,1,0,16102,geom
1880978,1880978,1,0,7108,geom
5541710,5541710,1,0,102013,geom
9156315,9156315,1,0,90084,geom
8860063,8860063,1,0,111634,geom
5659312,5659312,1,0,111634,geom
9555234,9555234,1,0,95179,geom
6573226,6573226,1,0,61285,geom
1934133,1934133,1,0,61285,geom
7933251,7933251,1,0,124182,geom
1988195,1988195,1,0,47532,geom
1570070,1570070,1,0,47532,geom
2322916,2322916,1,0,47532,geom
8631128,8631128,1,0,62215,geom
8762221,8762221,1,0,112459,geom
5338886,5338886,1,0,110374,geom
2487932,2487932,1,0,14063,geom
1719221,1719221,1,0,14063,geom
7353346,7353346,1,0,42433,geom
2508954,2508954,1,0,42433,geom
8496705,8496705,1,0,64424,geom
9422215,9422215,1,0,64424,geom
1628538,1628538,1,0,94924,geom
7322364,7322364,1,0,58910,geom
6954691,6954691,1,0,58910,geom
8730,8730,1,0,23164,geom
635496,635496,1,0,3156,geom
4889156,4889156,1,0,16533,geom
2863303,2863303,1,0,16533,geom
7593942,7593942,1,0,16533,geom
5341728,5341728,1,0,67056,geom
2630851,2630851,1,0,67056,geom
8360910,8360910,1,0,70665,geom
5303565,5303565,1,0,27456,geom
4961989,4961989,1,0,66888,geom
166421,166421,1,0,100161,geom
5649650,5649650,1,0,100161,geom
4104276,4104276,1,0,57071,geom
2375212,2375212,1,0,57071,geom
651732,651732,1,0,97405,geom
3917829,3917829,1,0,97405,geom
5002649,5002649,1,0,13654,geom
2679856,2679856,1,0,13654,geom
8175503,8175503,1,0,5764,geom
7243595,7243595,1,0,5764,geom
4934755,4934755,1,0,85594,geom
6451812,6451812,1,0,74365,geom
2661185,2661185,1,0,20568,geom
7283211,7283211,1,0,20568,geom
7026196,7026196,1,0,97195,geom
8471054,8471054,1,0,22309,geom
1581877,1581877,1,0,22309,geom
2643533,2643533,1,0,105282,geom
7000981,7000981,1,0,105282,geom
9380299,9380299,1,0,1206,geom
2802521,2802521,1,0,1206,geom
1984158,1984158,1,0,88086,geom
9893250,9893250,1,0,88086,geom
9566766,9566766,1,0,49829,geom
3423181,3423181,1,0,30847,geom
3008407,3008407,1,0,124223,geom
6768248,6768248,1,0,68524,geom
2357421,2357421,1,0,68524,geom
2184702,2184706,5,0,34237,geom
5930311,5930311,1,0,34237,geom
2681560,2681560,1,0,63694,geom
7884877,7884877,1,0,112052,geom
2051826,2051826,1,0,13244,geom
5159064,5159064,1,0,43874,geom
1116591,1116591,1,0,17878,geom
1979893,1979893,1,0,86221,geom
7546103,7546103,1,0,86221,geom
662662,662662,1,0,86221,geom
2671431,2671431,1,0,28433,geom
8307559,8307559,1,0,90067,geom
2018991,2018991,1,0,22942,geom
6091173,6091173,1,0,22942,geom
7108298,7108298,1,0,33608,geom
6706527,6706527,1,0,77091,geom
7621166,7621166,1,0,77091,geom
2887629,2887629,1,0,77091,geom
5053989,5053989,1,0,11024,geom
8647407,8647407,1,0,11024,geom
5159674,5159674,1,0,22552,geom
2218220,2218220,1,0,24810,geom
7963103,7963103,1,0,24810,geom
8649787,8649787,1,0,52804,geom
4300618,4300618,1,0,24541,geom
2373743,2373743,1,0,114604,geom
5801151,5801151,1,0,20855,geom
9621938,9621938,1,0,81517,geom
4149492,4149492,1,0,113445,geom
1469240,1469240,1,0,55034,geom
8698036,8698036,1,0,55034,geom
833742,833765,24,0,47133,geom
1831001,1831001,1,0,113709,geom
6908700,6908700,1,0,113709,geom
2097060,2097060,1,0,113709,geom
2295257,2295257,1,0,91243,geom
425923,425923,1,0,38293,geom
9801061,9801061,1,0,18443,geom
1504780,1504780,1,0,48827,geom
3184599,3184599,1,0,4160,geom
5852780,5852780,1,0,22494,geom
5391091,5391091,1,0,22494,geom
5771490,5771490,1,0,10106,geom
9329535,9329535,1,0,124236,geom
6710708,6710708,1,0,75604,geom
4229921,4229921,1,0,91483,geom
3841718,3841718,1,0,51884,geom
7359772,7359772,1,0,120478,geom
3307680,3307680,1,0,113760,geom
8624896,8624896,1,0,113760,geom
8828947,8828947,1,0,113760,geom
1440212,1440212,1,0,113760,geom
6768001,6768001,1,0,84833,geom
9544034,9544034,1,0,23805,geom
2661588,2661588,1,0,122178,geom
48346,48346,1,0,1109,geom
567450,567450,1,0,1109,geom
915842,915842,1,0,1109,geom
854615,854615,1,0,33842,geom
4267017,4267017,1,0,33842,geom
6003793,6003793,1,0,119749,geom
2963169,2963169,1,0,119749,geom
6231639,6231639,1,0,39266,geom
1336696,1336696,1,0,39266,geom
1520961,1520961,1,0,95172,geom
2297151,2297151,1,0,95357,geom
6437741,6437741,1,0,95357,geom
2034395,2034395,1,0,95357,geom
4187358,4187358,1,0,20004,geom
4993276,4993276,1,0,20004,geom
3292285,3292285,1,0,20004,geom
1808119,1808119,1,0,39798,geom
4794439,4794439,1,0,39798,geom
6552505,6552505,1,0,119547,geom
17735,17735,1,0,119547,geom
2196188,2196188,1,0,63668,geom
3459632,3459632,1,0,62094,geom
4818676,4818676,1,0,62094,geom
687479,687479,1,0,27739,geom
6181628,6181628,1,0,81335,geom
6938227,6938227,1,0,123451,geom
2014729,2014729,1,0,120160,geom
3032237,3032237,1,0,116344,geom
1002705,1002705,1,0,6014,geom
6725211,6725211,1,0,6014,geom
3803932,3803932,1,0,82042,geom
8300094,8300094,1,0,66675,geom
4881959,4881959,1,0,55594,geom
3271292,3271292,1,0,55594,geom
3250767,3250767,1,0,55594,geom
533098,533098,1,0,51610,geom
6425906,6425906,1,0,82118,geom
5996832,5996832,1,0,82118,geom
8013342,8013342,1,0,82118,geom
7263264,7263264,1,0,74831,geom
88359,88359,1,0,78125,geom
1489875,1489875,1,0,55057,geom
7254623,7254623,1,0,106219,geom
2208552,2208552,1,0,106219,geom
6933769,6933769,1,0,106219,geom
8464630,8464630,1,0,75672,geom
1156126,1156126,1,0,75672,geom
4839078,4839078,1,0,85983,geom
8648076,8648076,1,0,85983,geom
1913787,1913787,1,0,117989,geom
8459615,8459615,1,0,34114,geom
5755876,5755876,1,0,107582,geom
1814452,1814452,1,0,88089,geom
1101084,1101084,1,0,88089,geom
5550542,5550542,1,0,18721,geom
7073793,7073793,1,0,18721,geom
2541484,2541484,1,0,75538,geom
2274109,2274109,1,0,74994,geom
5794380,5794380,1,0,41465,geom
8727256,8727256,1,0,107054,geom
8462691,8462691,1,0,43014,geom
1568728,1568738,11,0,43014,geom
5078673,5078673,1,0,43014,geom
9218266,9218286,21,0,43014,geom
3529714,3529714,1,0,68543,geom
7066179,7066179,1,0,111676,geom
5979515,5979515,1,0,56026,geom
2959549,2959549,1,0,21843,geom
6538527,6538527,1,0,21843,geom
4130316,4130316,1,0,21843,geom
9334294,9334294,1,0,21843,geom
9166431,9166431,1,0,93961,geom
848639,848639,1,0,85570,geom
1726748,1726748,1,0,46140,geom
2676662,2676662,1,0,23610,geom
1748927,1748927,1,0,23610,geom
9124733,9124733,1,0,23610,geom
8626184,8626184,1,0,74776,geom
2450556,2450556,1,0,74776,geom
2144735,2144735,1,0,80855,geom
7191568,7191568,1,0,80855,geom
8587285,8587285,1,0,80855,geom
7719287,7719287,1,0,80855,geom
4590924,4590924,1,0,68997,geom
6216602,6216602,1,0,68997,geom
6221783,6221783,1,0,24040,geom
9816003,9816003,1,0,24040,geom
196843,196843,1,0,60961,geom
322012,322012,1,0,60961,geom
89954,89983,30,0,60961,geom
3001937,3001937,1,0,96242,geom
1313203,1313203,1,0,96242,geom
8767850,8767850,1,0,3504,geom
5023089,5023089,1,0,3504,geom
8282792,8282792,1,0,98174,geom
1881480,1881480,1,0,98174,geom
2147282,2147282,1,0,98174,geom
1432368,1432368,1,0,98174,geom
22042,22042,1,0,61904,geom
3760312,3760312,1,0,34463,geom
2024605,2024605,1,0,116498,geom
6931133,6931133,1,0,73339,geom
8494341,8494341,1,0,7837,geom
2081164,2081164,1,0,29795,geom
1470331,1470331,1,0,1651,geom
19092,19092,1,0,826,geom
7838425,7838425,1,0,39313,geom
6821174,6821174,1,0,91567,geom
8403507,8403507,1,0,91567,geom
6222288,6222288,1,0,102887,geom
1080031,1080031,1,0,107323,geom
9776830,9776830,1,0,107323,geom
4294506,4294506,1,0,62523,geom
8128830,8128830,1,0,62523,geom
6062808,6062808,1,0,62523,geom
8162509,8162509,1,0,123046,geom
8116572,8116572,1,0,18362,geom
4109189,4109189,1,0,80640,geom
4662017,4662017,1,0,65493,geom
2948424,2948424,1,0,85128,geom
5177608,5177608,1,0,94746,geom
9077201,9077201,1,0,94746,geom
6313310,6313310,1,0,4284,geom
6809818,6809818,1,0,4284,geom
1360575,1360575,1,0,4284,geom
6928771,6928771,1,0,122455,geom
3162907,3162907,1,0,33510,geom
254322,254322,1,0,33510,geom
7617635,7617635,1,0,33510,geom
5983102,5983102,1,0,33931,geom
2038203,2038247,45,0,112337,geom
7702208,7702208,1,0,112337,geom
8747202,8747202,1,0,66934,geom
7409279,7409279,1,0,49404,geom
2604327,2604327,1,0,49404,geom
5068321,5068321,1,0,25345,geom
8686880,8686900,21,0,25345,geom
3329871,3329871,1,0,26053,geom
1009308,1009308,1,0,26053,geom
7759649,7759649,1,0,112314,geom
4391462,4391462,1,0,112314,geom
9033161,9033161,1,0,112314,geom
4208387,4208387,1,0,112314,geom
4243407,4243407,1,0,42068,geom
5510995,5510995,1,0,93448,geom
6994061,6994101,41,0,89336,geom
7675562,7675590,29,0,65130,geom
1366778,1366778,1,0,3321,geom
321289,321289,1,0,19134,geom
5727668,5727668,1,0,19134,geom
5859627,5859627,1,0,100728,geom
3826479,3826479,1,0,100728,geom
4907216,4907216,1,0,50545,geom
8481189,8481189,1,0,77093,geom
8225823,8225823,1,0,77093,geom
7549971,7549971,1,0,110464,geom
7039916,7039916,1,0,121433,geom
5303556,5303565,10,0,10314,geom
4496259,4496259,1,0,10314,geom
6694041,6694041,1,0,20505,geom
9961476,9961476,1,0,124491,geom
38131,38131,1,0,107518,geom
3998639,3998639,1,0,107518,geom
7006725,7006725,1,0,110519,geom
4676926,4676926,1,0,77018,geom
7254623,7254623,1,0,110075,geom
3159327,3159327,1,0,12032,geom
9609592,9609592,1,0,42131,geom
9108337,9108337,1,0,109040,geom
8188190,8188190,1,0,84615,geom
6861029,6861029,1,0,89364,geom
6190602,6190602,1,0,89364,geom
1566966,1566966,1,0,98864,geom
4585443,4585443,1,0,37268,geom
5992508,5992508,1,0,34426,geom
2472355,2472355,1,0,10636,geom
8589067,8589067,1,0,10636,geom
8314142,8314142,1,0,10636,geom
781793,781793,1,0,15456,geom
5099923,5099923,1,0,45203,geom
6697554,6697554,1,0,19445,geom
6250226,6250226,1,0,19445,geom
5088610,5088610,1,0,14766,geom
5967516,5967516,1,0,14766,geom
598287,598287,1,0,14766,geom
3575207,3575215,9,0,88751,geom
7783574,7783574,1,0,88751,geom
3601401,3601401,1,0,93672,geom
9927920,9927920,1,0,106028,geom
6694041,6694041,1,0,87635,geom
8942888,8942888,1,0,87635,geom
8328313,8328313,1,0,87635,geom
5912797,5912797,1,0,67667,geom
948255,948255,1,0,108163,geom
2720802,2720802,1,0,108163,geom
5987156,5987178,23,0,105030,geom
4957097,4957097,1,0,71877,geom
2687207,2687207,1,0,83754,geom
7403035,7403035,1,0,40454,geom
4110265,4110265,1,0,40454,geom
674095,674095,1,0,28651,geom
5020596,5020596,1,0,68341,geom
5097775,5097775,1,0,54632,geom
5071584,5071584,1,0,54632,geom
554373,554373,1,0,25209,geom
9068637,9068637,1,0,25209,geom
5249585,5249585,1,0,2328,geom
1517423,1517423,1,0,87165,geom
3913955,3913955,1,0,87165,geom
1559180,1559180,1,0,15341,geom
1416227,1416227,1,0,78355,geom
514244,514244,1,0,73858,geom
207976,207976,1,0,73858,geom
6613671,6613671,1,0,29974,geom
9388300,9388300,1,0,29974,geom
3637474,3637474,1,0,29974,geom
4020869,4020869,1,0,29974,geom
9922291,9922291,1,0,27421,geom
3765522,3765522,1,0,27421,geom
6673613,6673613,1,0,27421,geom
4553186,4553186,1,0,112767,geom
6587922,6587922,1,0,120762,geom
2832685,2832685,1,0,120762,geom
9817844,9817844,1,0,64622,geom
6876905,6876905,1,0,64622,geom
6548818,6548818,1,0,26656,geom
1795810,1795810,1,0,122471,geom
5136925,5136925,1,0,37369,geom
9030075,9030075,1,0,37369,geom
7515613,7515613,1,0,117182,geom
7893947,7893947,1,0,117182,geom
6640995,6640995,1,0,117182,geom
8682535,8682535,1,0,74662,geom
5586248,5586248,1,0,49918,geom
4990603,4990603,1,0,118364,geom
5980703,5980703,1,0,54845,geom
6099321,6099321,1,0,54845,geom
6579104,6579104,1,0,54845,geom
2052321,2052321,1,0,122101,geom
8686880,8686900,21,0,122101,geom
9707936,9707936,1,0,46096,geom
8111376,8111376,1,0,13283,geom
99452,99452,1,0,39184,geom
4771339,4771339,1,0,55706,geom
1939653,1939653,1,0,55706,geom
4676926,4676926,1,0,11920,geom
4223529,4223529,1,0,11920,geom
1624204,1624204,1,0,48907,geom
3132360,3132360,1,0,111282,geom
7003492,7003492,1,0,111282,geom
2819622,2819622,1,0,88027,geom
459131,459131,1,0,45838,geom
3029765,3029765,1,0,40369,geom
8100870,8100870,1,0,47910,geom
8747202,8747202,1,0,122667,geom
3659740,3659740,1,0,122667,geom
1080220,1080220,1,0,99099,geom
3370435,3370435,1,0,99099,geom
3342116,3342116,1,0,10875,geom
5138084,5138084,1,0,10875,geom
6265589,6265589,1,0,38512,geom
7917861,7917861,1,0,30238,geom
5806299,5806299,1,0,61162,geom
8092654,8092654,1,0,61162,geom
5356025,5356025,1,0,61325,geom
4550315,4550315,1,0,6022,geom
6318965,6318965,1,0,73033,geom
9558564,9558564,1,0,73033,geom
1708230,1708230,1,0,8522,geom
3425403,3425403,1,0,94851,geom
7578292,7578292,1,0,51410,geom
6837277,6837277,1,0,117435,geom
7995031,7995031,1,0,81204,geom
1923410,1923410,1,0,81204,geom
5578380,5578380,1,0,81204,geom
4286129,4286129,1,0,80609,geom
8312469,8312469,1,0,80609,geom
8713355,8713355,1,0,112060,geom
9921375,9921375,1,0,112060,geom
9032666,9032666,1,0,122482,geom
4201352,4201352,1,0,46697,geom
4529643,4529643,1,0,52159,geom
676853,676853,1,0,50230,geom
9100410,9100410,1,0,109002,geom
2866124,2866124,1,0,28649,geom
7802268,7802268,1,0,28649,geom
2068020,2068020,1,0,82126,geom
3850205,3850205,1,0,84482,geom
1979313,1979313,1,0,57241,geom
3703535,3703535,1,0,57241,geom
2464641,2464641,1,0,12307,geom
5987716,5987716,1,0,12307,geom
5074918,5074918,1,0,12307,geom
6581630,6581630,1,0,12307,geom
1568383,1568383,1,0,12307,geom
8587225,8587225,1,0,119757,geom
9703078,9703078,1,0,119757,geom
9313165,9313165,1,0,114328,geom
2267261,2267261,1,0,114328,geom
5613803,5613803,1,0,111665,geom
7731000,7731000,1,0,23162,geom
2102627,2102627,1,0,20624,geom
3814206,3814206,1,0,20624,geom
8767126,8767126,1,0,20624,geom
5575146,5575146,1,0,95882,geom
4972710,4972710,1,0,105346,geom
6569947,6569947,1,0,105346,geom
9995461,9995461,1,0,14029,geom
1247224,1247224,1,0,71311,geom
7760053,7760053,1,0,71311,geom
7533814,7533814,1,0,10886,geom
3663361,3663361,1,0,73814,geom
798669,798669,1,0,52275,geom
7952902,7952902,1,0,105143,geom
9817288,9817288,1,0,105143,geom
4852894,4852894,1,0,77076,geom
6271359,6271359,1,0,9999,geom
6622666,6622666,1,0,9999,geom
6821044,6821044,1,0,102162,geom
3157423,3157423,1,0,102162,geom
9068484,9068484,1,0,72581,geom
7880523,7880523,1,0,72581,geom
1496772,1496772,1,0,37331,geom
3121763,3121763,1,0,32510,geom
6387220,6387220,1,0,108118,geom
5221991,5221991,1,0,115429,geom
4326698,4326698,1,0,46551,geom
9114693,9114693,1,0,36372,geom
9663330,9663330,1,0,6871,geom
7972414,7972414,1,0,59703,geom
6837277,6837277,1,0,59703,geom
3825856,3825856,1,0,37455,geom
796661,796661,1,0,37455,geom
1610928,1610928,1,0,37455,geom
2415766,2415766,1,0,37455,geom
7304733,7304733,1,0,14097,geom
6749381,6749381,1,0,45023,geom
1253593,1253593,1,0,45023,geom
6323087,6323087,1,0,49646,geom
5603718,5603718,1,0,49646,geom
6430972,6430972,1,0,107682,geom
1742502,1742502,1,0,107682,geom
1461762,1461762,1,0,62912,geom
9542462,9542462,1,0,62912,geom
7553884,7553884,1,0,62912,geom
5118259,5118259,1,0,33420,geom
5946538,5946538,1,0,33420,geom
5988233,5988233,1,0,112153,geom
8676033,8676033,1,0,112153,geom
9413349,9413419,71,0,112153,geom
4804747,4804747,1,0,102939,geom
9922943,9922943,1,0,35498,geom
482306,482306,1,0,52742,geom
9340774,9340774,1,0,52742,geom
915842,915842,1,0,120258,geom
9477839,9477839,1,0,120258,geom
9932547,9932547,1,0,103569,geom
6840946,6840953,8,0,13276,geom
5963373,5963373,1,0,14177,geom
2632150,2632150,1,0,14177,geom
6825280,6825280,1,0,118830,geom
3443900,3443900,1,0,5218,geom
8533021,8533021,1,0,5218,geom
7234676,7234676,1,0,5218,geom
6700078,6700078,1,0,14234,geom
9629058,9629058,1,0,14234,geom
6880423,6880423,1,0,32738,geom
9166574,9166574,1,0,74823,geom
5490294,5490294,1,0,96497,geom
7123212,7123212,1,0,96497,geom
9974954,9974954,1,0,48979,geom
5548394,5548394,1,0,48979,geom
8607199,8607199,1,0,51359,geom
7711155,7711155,1,0,63241,geom
9715656,9715656,1,0,5576,geom
2960803,2960803,1,0,52172,geom
9408786,9408786,1,0,58639,geom
7769685,7769685,1,0,110273,geom
9831301,9831301,1,0,49412,geom
4966729,4966729,1,0,49412,geom
7185360,7185360,1,0,26842,geom
3713741,3713741,1,0,41608,geom
6308513,6308513,1,0,41608,geom
9525577,9525577,1,0,13407,geom
5832722,5832722,1,0,63164,geom
1542707,1542707,1,0,110914,geom
2310375,2310375,1,0,110914,geom
4990603,4990603,1,0,110914,geom
3743482,3743482,1,0,89850,geom
1796050,1796050,1,0,89850,geom
9817507,9817507,1,0,102696,geom
9090487,9090487,1,0,78983,geom
7442123,7442123,1,0,78983,geom
2150528,2150528,1,0,21594,geom
674095,674095,1,0,21594,geom
2991698,2991698,1,0,36340,geom
3457889,3457889,1,0,36340,geom
6041673,6041673,1,0,19663,geom
1177208,1177208,1,0,45712,geom
6169785,6169785,1,0,36029,geom
6324222,6324222,1,0,77476,geom
8344024,8344024,1,0,112613,geom
7275555,7275555,1,0,78513,geom
8006668,8006668,1,0,20734,geom
2152712,2152712,1,0,20734,geom
8941084,8941084,1,0,80326,geom
5504337,5504337,1,0,21096,geom
5552765,5552765,1,0,21096,geom
3000857,3000857,1,0,27591,geom
3452213,3452213,1,0,27591,geom
468746,468746,1,0,27591,geom
5594455,5594455,1,0,3127,geom
4518115,4518115,1,0,39755,geom
6378149,6378149,1,0,39755,geom
4003441,4003441,1,0,108970,geom
4088330,4088330,1,0,60023,geom
7459742,7459742,1,0,3009,geom
6994233,6994233,1,0,57096,geom
2539272,2539272,1,0,57096,geom
3943608,3943608,1,0,57096,geom
432010,432010,1,0,57096,geom
3217311,3217311,1,0,57096,geom
4907148,4907148,1,0,44767,geom
4175566,4175566,1,0,16223,geom
4197217,4197217,1,0,2497,geom
8308937,8308937,1,0,51530,geom
8395585,8395585,1,0,38693,geom
8220383,8220383,1,0,38693,geom
1174676,1174676,1,0,3953,geom
3056218,3056218,1,0,3953,geom
4205443,4205443,1,0,66841,geom
3412998,3412998,1,0,111066,geom
6356165,6356165,1,0,16222,geom
1749695,1749695,1,0,124131,geom
5520728,5520728,1,0,124131,geom
6478346,6478346,1,0,22474,geom
2693129,2693129,1,0,35869,geom
9129628,9129628,1,0,35869,geom
3449690,3449690,1,0,35869,geom
1705314,1705314,1,0,120436,geom
312464,312464,1,0,120436,geom
3662927,3662927,1,0,120436,geom
8698393,8698393,1,0,120436,geom
8312469,8312469,1,0,94039,geom
1504780,1504780,1,0,94039,geom
2017014,2017014,1,0,65739,geom
9347264,9347264,1,0,65739,geom
7986407,7986407,1,0,65739,geom
7974251,7974251,1,0,91087,geom
8012128,8012128,1,0,87908,geom
2381443,2381443,1,0,79764,geom
1957812,1957812,1,0,41947,geom
3404768,3404768,1,0,41947,geom
6551225,6551225,1,0,81014,geom
4167669,4167669,1,0,81014,geom
4187112,4187112,1,0,29549,geom
9466994,9466994,1,0,29549,geom
1153447,1153447,1,0,22472,geom
2184702,2184702,1,0,86341,geom
3843832,3843832,1,0,22143,geom
4196965,4196965,1,0,22143,geom
9105177,9105177,1,0,122150,geom
5913742,5913742,1,0,22814,geom
153528,153528,1,0,110051,geom
9033282,9033282,1,0,110051,geom
4386995,4386995,1,0,110051,geom
2438663,2438663,1,0,69485,geom
741347,741347,1,0,27050,geom
2715275,2715275,1,0,65068,geom
3211951,3211951,1,0,65068,geom
5589260,5589260,1,0,65068,geom
700445,700445,1,0,100410,geom
8240548,8240548,1,0,100410,geom
5702716,5702716,1,0,81186,geom
8032642,8032642,1,0,81186,geom
5924732,5924732,1,0,46857,geom
8078481,8078481,1,0,66968,geom
2522670,2522670,1,0,48265,geom
1141341,1141341,1,0,48265,geom
5156183,5156183,1,0,48265,geom
9834933,9834933,1,0,3022,geom
5885610,5885610,1,0,86169,geom
4973708,4973708,1,0,86169,geom
5051450,5051450,1,0,64722,geom
5673450,5673450,1,0,61925,geom
9811800,9811800,1,0,66756,geom
1000398,1000398,1,0,116737,geom
2538867,2538867,1,0,873,geom
429793,429793,1,0,873,geom
4967639,4967639,1,0,91436,geom
5380401,5380401,1,0,93624,geom
2358863,2358863,1,0,93624,geom
5886195,5886195,1,0,32987,geom
8767850,8767850,1,0,32987,geom
862334,862334,1,0,14785,geom
3693046,3693046,1,0,108369,geom
9579700,9579700,1,0,13712,geom
4175566,4175566,1,0,13712,geom
2423025,2423025,1,0,86516,geom
702559,702559,1,0,86516,geom
1194642,1194642,1,0,53328,geom
3515883,3515883,1,0,53328,geom
6092118,6092118,1,0,53328,geom
6114718,6114718,1,0,72450,geom
5778608,5778608,1,0,56688,geom
4954346,4954346,1,0,56688,geom
6512955,6512955,1,0,56688,geom
9142626,9142626,1,0,93926,geom
7847298,7847298,1,0,93926,geom
9236383,9236383,1,0,50433,geom
6488487,6488487,1,0,105032,geom
3367509,3367509,1,0,105032,geom
2111349,2111349,1,0,41872,geom
5544772,5544777,6,0,105634,geom
1788587,1788587,1,0,122158,geom
6745318,6745318,1,0,122158,geom
5527757,5527757,1,0,17339,geom
8628236,8628236,1,0,17339,geom
7963035,7963035,1,0,110932,geom
2865678,2865678,1,0,110932,geom
6882180,6882180,1,0,110932,geom
3905989,3905989,1,0,76738,geom
7129633,7129633,1,0,101163,geom
5738232,5738232,1,0,93296,geom
6847770,6847770,1,0,113394,geom
2689401,2689401,1,0,113394,geom
1780388,1780388,1,0,80394,geom
3026530,3026530,1,0,48590,geom
4970695,4970695,1,0,59932,geom
8564231,8564231,1,0,59932,geom
8134166,8134166,1,0,100356,geom
7025555,7025555,1,0,100356,geom
6966573,6966573,1,0,75850,geom
7977328,7977328,1,0,121539,geom
8111698,8111698,1,0,121539,geom
2764669,2764669,1,0,61742,geom
786608,786608,1,0,9953,geom
7124937,7124937,1,0,9953,geom
2439719,2439719,1,0,51399,geom
9741166,9741166,1,0,97730,geom
8340371,8340371,1,0,81540,geom
160352,160352,1,0,81540,geom
6422914,6422914,1,0,81540,geom
3163058,3163058,1,0,9885,geom
1713950,1713950,1,0,9885,geom
8511411,8511411,1,0,107117,geom
4470543,4470543,1,0,107117,geom
1346439,1346439,1,0,84945,geom
7949809,7949809,1,0,84945,geom
7010615,7010615,1,0,29066,geom
7017115,7017115,1,0,29066,geom
8328313,8328313,1,0,29066,geom
5027422,5027422,1,0,77736,geom
4645519,4645519,1,0,106125,geom
4631184,4631184,1,0,108518,geom
2195143,2195143,1,0,602,geom
1712118,1712118,1,0,19016,geom
9199730,9199730,1,0,101347,geom
6549421,6549421,1,0,116537,geom
7383238,7383238,1,0,116537,geom
1064336,1064336,1,0,68218,geom
2235594,2235594,1,0,42906,geom
5056267,5056267,1,0,12934,geom
3178224,3178224,1,0,21765,geom
1060050,1060050,1,0,64035,geom
7463776,7463776,1,0,87561,geom
8950051,8950051,1,0,87561,geom
2753264,2753264,1,0,39962,geom
9962507,9962507,1,0,39962,geom
2921727,2921727,1,0,39962,geom
2030749,2030749,1,0,87482,geom
8094635,8094635,1,0,109299,geom
7614711,7614711,1,0,56447,geom
2379131,2379131,1,0,51607,geom
1158207,1158207,1,0,51607,geom
3896426,3896426,1,0,7186,geom
5011338,5011338,1,0,2458,geom
2535019,2535019,1,0,40224,geom
7252458,7252458,1,0,93081,geom
3061965,3061965,1,0,81186,geom
1907902,1907902,1,0,773,geom
2592982,2592982,1,0,52363,geom
1939294,1939294,1,0,52363,geom
8940348,8940348,1,0,16148,geom
1830758,1830758,1,0,16148,geom
4165394,4165394,1,0,16148,geom
5016333,5016333,1,0,16148,geom
7770384,7770384,1,0,11744,geom
662904,662908,5,0,11744,geom
8510069,8510069,1,0,20264,geom
7039916,7039916,1,0,20264,geom
1443045,1443045,1,0,41108,geom
1324241,1324241,1,0,41108,geom
3753219,3753219,1,0,55266,geom
9073900,9073900,1,0,53572,geom
7939447,7939447,1,0,111523,geom
1983937,1983937,1,0,111523,geom
1178527,1178527,1,0,114976,geom
9582782,9582782,1,0,39645,geom
635496,635496,1,0,21013,geom
9733079,9733079,1,0,21013,geom
8246763,8246763,1,0,36448,geom
3714739,3714739,1,0,63784,geom
1037599,1037599,1,0,66281,geom
6321999,6321999,1,0,66281,geom
781694,781694,1,0,22075,geom
7450008,7450008,1,0,86457,geom
3814779,3814779,1,0,35650,geom
6364615,6364615,1,0,102152,geom
1504460,1504460,1,0,11170,geom
3676791,3676791,1,0,73175,geom
915842,915842,1,0,73175,geom
7998130,7998130,1,0,13666,geom
1970736,1970736,1,0,50950,geom
5671796,5671796,1,0,50950,geom
1156762,1156762,1,0,20703,geom
7995031,7995031,1,0,118300,geom
1297634,1297634,1,0,1452,geom
1441818,1441818,1,0,1452,geom
1553267,1553267,1,0,117133,geom
4002609,4002609,1,0,107680,geom
5358067,5358067,1,0,9236,geom
3661613,3661613,1,0,9236,geom
5263934,5263934,1,0,71980,geom
1875004,1875004,1,0,45478,geom
251949,251949,1,0,26574,geom
9345831,9345831,1,0,26574,geom
9253370,9253370,1,0,92796,geom
3396822,3396822,1,0,76349,geom
2172378,2172378,1,0,68691,geom
8692373,8692373,1,0,24179,geom
2917132,2917132,1,0,24179,geom
8030541,8030541,1,0,77248,geom
4870492,4870492,1,0,124839,geom
633134,633134,1,0,124839,geom
968838,968838,1,0,124839,geom
5930637,5930637,1,0,95174,geom
1005463,1005463,1,0,96683,geom
3683392,3683392,1,0,40905,geom
9703695,9703695,1,0,61024,geom
525514,525514,1,0,39680,geom
3342116,3342116,1,0,123795,geom
282523,282523,1,0,98548,geom
6406479,6406479,1,0,98548,geom
7210158,7210158,1,0,98548,geom
4368129,4368129,1,0,5605,geom
4814859,4814859,1,0,5605,geom
2260991,2260991,1,0,111181,geom
7963595,7963595,1,0,111181,geom
3110298,3110298,1,0,18614,geom
4049459,4049459,1,0,18614,geom
2124528,2124528,1,0,51873,geom
9965238,9965238,1,0,51873,geom
70311,70311,1,0,51873,geom
3839192,3839192,1,0,95795,geom
8812137,8812137,1,0,54134,geom
1500881,1500881,1,0,27164,geom
661049,661049,1,0,124036,geom
3662738,3662738,1,0,51881,geom
3448443,3448443,1,0,51881,geom
6423459,6423459,1,0,44650,geom
458860,458860,1,0,26721,geom
4371051,4371051,1,0,8780,geom
7623903,7623903,1,0,8780,geom
4930545,4930553,9,0,78038,geom
6619451,6619451,1,0,23742,geom
312464,312464,1,0,59279,geom
5156855,5156855,1,0,59279,geom
6961895,6961895,1,0,77724,geom
6590081,6590081,1,0,77724,geom
265357,265357,1,0,32573,geom
6897438,6897438,1,0,32573,geom
9590959,9590959,1,0,40827,geom
8201464,8201464,1,0,53598,geom
3745848,3745848,1,0,76257,geom
5600936,5600945,10,0,76257,geom
543316,543316,1,0,12408,geom
2438663,2438663,1,0,12408,geom
5649859,5649859,1,0,12408,geom
3507523,3507523,1,0,12408,geom
1740056,1740056,1,0,101800,geom
1425152,1425152,1,0,101800,geom
4952234,4952234,1,0,5108,geom
7804466,7804466,1,0,14872,geom
9994658,9994658,1,0,20675,geom
6932865,6932865,1,0,73952,geom
3401486,3401486,1,0,73952,geom
5830437,5830437,1,0,73952,geom
6604003,6604003,1,0,73952,geom
7134743,7134743,1,0,73952,geom
5529146,5529146,1,0,73952,geom
5607342,5607342,1,0,73952,geom
4870492,4870492,1,0,100399,geom
9052588,9052588,1,0,82851,geom
4330679,4330684,6,0,82851,geom
7760171,7760171,1,0,82851,geom
4395571,4395571,1,0,82851,geom
7657411,7657411,1,0,42257,geom
2605476,2605476,1,0,42257,geom
2024011,2024011,1,0,2833,geom
8558539,8558539,1,0,2833,geom
7252458,7252458,1,0,2833,geom
7811020,7811020,1,0,26716,geom
1064789,1064789,1,0,55765,geom
1947702,1947702,1,0,45121,geom
9814524,9814524,1,0,38448,geom
9932547,9932547,1,0,80908,geom
138862,138862,1,0,80908,geom
8760547,8760547,1,0,108691,geom
4561073,4561073,1,0,112936,geom
212080,212080,1,0,112936,geom
9955223,9955223,1,0,43693,geom
2555873,2555873,1,0,2443,geom
179847,179847,1,0,2443,geom
2344275,2344275,1,0,46759,geom
6919577,6919577,1,0,107174,geom
1753064,1753064,1,0,119478,geom
5464778,5464778,1,0,119478,geom
2663422,2663422,1,0,119478,geom
2860786,2860786,1,0,22594,geom
2139558,2139558,1,0,22594,geom
2414881,2414881,1,0,50989,geom
342654,342654,1,0,50989,geom
8886043,8886043,1,0,50989,geom
6694351,6694351,1,0,50989,geom
6572252,6572252,1,0,45791,geom
1588130,1588130,1,0,25177,geom
9947975,9947975,1,0,25177,geom
1587943,1587943,1,0,25177,geom
4589480,4589480,1,0,53617,geom
79201,79201,1,0,53617,geom
7104594,7104594,1,0,11608,geom
1187848,1187848,1,0,51041,geom
4760486,4760486,1,0,42090,geom
9532430,9532430,1,0,124610,geom
6867817,6867817,1,0,124610,geom
3321814,3321814,1,0,124610,geom
6794731,6794731,1,0,89238,geom
4378181,4378181,1,0,89238,geom
9565808,9565808,1,0,108082,geom
9006113,9006113,1,0,82291,geom
6984955,6984955,1,0,47436,geom
5801151,5801151,1,0,2039,geom
3310934,3310934,1,0,91698,geom
1809945,1809945,1,0,91698,geom
6165602,6165602,1,0,91698,geom
3226901,3226901,1,0,91698,geom
1604227,1604227,1,0,91698,geom
9932547,9932547,1,0,10955,geom
2057274,2057274,1,0,50049,geom
2242352,2242352,1,0,81810,geom
6242343,6242343,1,0,81810,geom
4283940,4283940,1,0,31992,geom
7555189,7555189,1,0,31992,geom
636253,636253,1,0,71285,geom
7452114,7452114,1,0,71668,geom
4144278,4144278,1,0,14000,geom
3002907,3002907,1,0,4827,geom
8053788,8053788,1,0,104764,geom
1609998,1609998,1,0,1015,geom
6063899,6063899,1,0,24763,geom
9201336,9201336,1,0,24763,geom
3026940,3026940,1,0,24763,geom
16801,16801,1,0,87689,geom
2987784,2987784,1,0,87689,geom
2659554,2659554,1,0,113756,geom
9705645,9705645,1,0,113756,geom
112472,112472,1,0,113756,geom
5539024,5539024,1,0,123278,geom
2301289,2301289,1,0,8614,geom
9583305,9583305,1,0,124570,geom
447650,447650,1,0,120135,geom
6627680,6627680,1,0,42358,geom
7995031,7995031,1,0,42358,geom
1723916,1723916,1,0,62997,geom
6623352,6623352,1,0,24128,geom
7804466,7804466,1,0,70215,geom
3027,3027,1,0,70215,geom
3756289,3756289,1,0,70215,geom
4153899,4153899,1,0,90114,geom
5667642,5667642,1,0,57319,geom
2057274,2057274,1,0,32041,geom
1967354,1967354,1,0,32041,geom
6803618,6803618,1,0,32041,geom
8842726,8842726,1,0,32041,geom
6627832,6627832,1,0,8538,geom
5738194,5738194,1,0,8538,geom
6182139,6182139,1,0,105196,geom
3893400,3893400,1,0,105196,geom
3563068,3563068,1,0,56450,geom
9285369,9285369,1,0,97632,geom
9817844,9817844,1,0,13234,geom
3712922,3712922,1,0,13234,geom
9035743,9035743,1,0,86683,geom
5737609,5737609,1,0,29197,geom
2626557,2626557,1,0,17394,geom
2241881,2241881,1,0,54730,geom
5561411,5561411,1,0,85444,geom
6882674,6882674,1,0,66217,geom
4803244,4803244,1,0,60861,geom
7675590,7675590,1,0,15829,geom
8748597,8748597,1,0,9682,geom
5129218,5129218,1,0,65510,geom
7359772,7359772,1,0,82815,geom
7514083,7514083,1,0,82815,geom
1996762,1996762,1,0,64146,geom
6616122,6616122,1,0,22491,geom
8130432,8130432,1,0,22491,geom
3669814,3669814,1,0,74933,geom
4975850,4975850,1,0,74933,geom
3858526,3858526,1,0,109819,geom
9199634,9199634,1,0,2004,geom
1480182,1480182,1,0,2004,geom
4297480,4297480,1,0,2004,geom
3824981,3824981,1,0,28301,geom
4755099,4755099,1,0,28301,geom
7044013,7044013,1,0,3745,geom
555804,555804,1,0,48839,geom
3366448,3366453,6,0,54684,geom
9835764,9835764,1,0,9488,geom
5099568,5099568,1,0,9488,geom
2461520,2461520,1,0,55179,geom
2606031,2606031,1,0,40069,geom
4952234,4952234,1,0,27067,geom
7811020,7811020,1,0,27067,geom
608502,608502,1,0,85325,geom
1992688,1992688,1,0,99316,geom
7944181,7944181,1,0,49835,geom
3303332,3303332,1,0,113842,geom
3333280,3333280,1,0,89583,geom
910253,910253,1,0,89583,geom
4911041,4911041,1,0,100212,geom
7508816,7508816,1,0,100212,geom
6123017,6123017,1,0,100212,geom
7345391,7345391,1,0,51776,geom
2860185,2860185,1,0,36858,geom
673798,673798,1,0,97570,geom
5716505,5716505,1,0,123391,geom
2306415,2306415,1,0,402,geom
1134148,1134148,1,0,71007,geom
5709201,5709201,1,0,71007,geom
7462034,7462034,1,0,18126,geom
3264617,3264617,1,0,33791,geom
3773848,3773848,1,0,85901,geom
7191262,7191262,1,0,31257,geom
5552765,5552765,1,0,31257,geom
4393248,4393248,1,0,31257,geom
8039847,8039847,1,0,47770,geom
9272566,9272566,1,0,78295,geom
5976704,5976704,1,0,56294,geom
7489287,7489287,1,0,67094,geom
2748737,2748737,1,0,67094,geom
6010487,6010487,1,0,67094,geom
3324420,3324420,1,0,23807,geom
2003644,2003644,1,0,11647,geom
3947300,3947300,1,0,11647,geom
8439960,8439960,1,0,12480,geom
787436,787436,1,0,1905,geom
204534,204534,1,0,85237,geom
6593711,6593711,1,0,52534,geom
7986040,7986040,1,0,52534,geom
8207745,8207745,1,0,52534,geom
6454117,6454117,1,0,106898,geom
4362601,4362601,1,0,99816,geom
1037660,1037660,1,0,99816,geom
4366388,4366388,1,0,36723,geom
634402,634402,1,0,98129,geom
2006032,2006032,1,0,98129,geom
9252356,9252356,1,0,98129,geom
7212542,7212542,1,0,68663,geom
387252,387252,1,0,30295,geom
373371,373371,1,0,35213,geom
6436720,6436720,1,0,35213,geom
6522373,6522373,1,0,122223,geom
8834700,8834700,1,0,100592,geom
5111428,5111428,1,0,96405,geom
8324865,8324865,1,0,106832,geom
3893220,3893220,1,0,106832,geom
4639132,4639132,1,0,120315,geom
3955199,3955199,1,0,58926,geom
3271929,3271929,1,0,58926,geom
8865568,8865568,1,0,23860,geom
4294506,4294506,1,0,110535,geom
1669779,1669779,1,0,110535,geom
5303556,5303565,10,0,32248,geom
6918886,6918886,1,0,19135,geom
7294711,7294711,1,0,98092,geom
4649570,4649570,1,0,98092,geom
1863825,1863825,1,0,98092,geom
161489,161489,1,0,38202,geom
6066590,6066590,1,0,24552,geom
8960641,8960641,1,0,46369,geom
668820,668820,1,0,15353,geom
2241881,2241881,1,0,32037,geom
1746309,1746309,1,0,2605,geom
4228945,4228945,1,0,2605,geom
4570303,4570303,1,0,92865,geom
8308786,8308786,1,0,93309,geom
5298700,5298700,1,0,108401,geom
2069028,2069028,1,0,108401,geom
2181290,2181290,1,0,99158,geom
3741509,3741509,1,0,3482,geom
4012568,4012568,1,0,28403,geom
7873266,7873266,1,0,28403,geom
988480,988480,1,0,28403,geom
2088483,2088483,1,0,10293,geom
6418046,6418046,1,0,10293,geom
4482410,4482410,1,0,112749,geom
4410146,4410146,1,0,112749,geom
2387948,2387948,1,0,59004,geom
8409235,8409235,1,0,59004,geom
8506568,8506568,1,0,59004,geom
2698887,2698887,1,0,76381,geom
2150528,2150528,1,0,76381,geom
7689758,7689758,1,0,76381,geom
3758223,3758223,1,0,55845,geom
4400368,4400368,1,0,98606,geom
8897962,8897962,1,0,34784,geom
6579343,6579366,24,0,55399,geom
8741646,8741646,1,0,112166,geom
9265579,9265579,1,0,112166,geom
1876423,1876423,1,0,78943,geom
8839000,8839000,1,0,95933,geom
4134049,4134049,1,0,121534,geom
3649970,3649970,1,0,22142,geom
2748903,2748903,1,0,22142,geom
8465560,8465564,5,0,88185,geom
3862968,3862968,1,0,106784,geom
2694076,2694076,1,0,106784,geom
7739544,7739544,1,0,17658,geom
3098874,3098874,1,0,17658,geom
2177811,2177811,1,0,17363,geom
1069467,1069467,1,0,17363,geom
6030536,6030536,1,0,117834,geom
9015502,9015502,1,0,114632,geom
9319799,9319799,1,0,114632,geom
2966646,2966646,1,0,66522,geom
4014158,4014158,1,0,25804,geom
947120,947120,1,0,55333,geom
6535774,6535774,1,0,104852,geom
8397764,8397764,1,0,104852,geom
1598056,1598056,1,0,104852,geom
5527853,5527853,1,0,25796,geom
8346420,8346420,1,0,98213,geom
9811800,9811800,1,0,107459,geom
6938227,6938227,1,0,107459,geom
3199396,3199396,1,0,114551,geom
1355372,1355396,25,0,76078,geom
8734254,8734254,1,0,76078,geom
4846108,4846108,1,0,88485,geom
1031820,1031820,1,0,88485,geom
225351,225351,1,0,88485,geom
795603,795603,1,0,23827,geom
740953,740953,1,0,41942,geom
5176831,5176831,1,0,96049,geom
2143455,2143455,1,0,2710,geom
1976462,1976462,1,0,117459,geom
4929491,4929491,1,0,50433,geom
5233459,5233459,1,0,4546,geom
6933769,6933769,1,0,4546,geom
5610374,5610374,1,0,70770,geom
9618979,9618979,1,0,70770,geom
1039685,1039685,1,0,70770,geom
6168756,6168756,1,0,72641,geom
9811800,9811800,1,0,72641,geom
7498215,7498215,1,0,80233,geom
8478099,8478099,1,0,4988,geom
8986870,8986870,1,0,4988,geom
3840578,3840578,1,0,110875,geom
1231782,1231782,1,0,82027,geom
1709527,1709527,1,0,82027,geom
2764669,2764669,1,0,55429,geom
3383160,3383160,1,0,55429,geom
4806995,4806995,1,0,119323,geom
7987033,7987033,1,0,41174,geom
3719088,3719088,1,0,16161,geom
1746309,1746309,1,0,61235,geom
4351958,4351958,1,0,61235,geom
4934823,4934823,1,0,61235,geom
9924605,9924605,1,0,74995,geom
1369417,1369417,1,0,74995,geom
3606117,3606117,1,0,74995,geom
6278547,6278547,1,0,1648,geom
7855625,7855625,1,0,65631,geom
6785853,6785853,1,0,65631,geom
3011023,3011023,1,0,102282,geom
7927820,7927820,1,0,105790,geom
9407818,9407818,1,0,40,geom
7662929,7662929,1,0,1692,geom
9128235,9128235,1,0,87866,geom
9409070,9409070,1,0,63962,geom
1054708,1054708,1,0,105280,geom
4770970,4770970,1,0,105280,geom
3300051,3300051,1,0,1832,geom
1594841,1594841,1,0,81859,geom
6490837,6490837,1,0,3804,geom
4792700,4792700,1,0,185,geom
6692125,6692125,1,0,185,geom
6922448,6922448,1,0,80846,geom
2005085,2005085,1,0,106846,geom
5650499,5650499,1,0,106846,geom
5603547,5603547,1,0,106846,geom
8335900,8335900,1,0,119070,geom
9549165,9549165,1,0,2046,geom
5787499,5787499,1,0,2046,geom
149513,149513,1,0,112642,geom
4264092,4264092,1,0,113394,geom
6988530,6988530,1,0,12093,geom
8426565,8426565,1,0,12093,geom
8296033,8296033,1,0,90650,geom
6507543,6507543,1,0,33500,geom
6692600,6692600,1,0,33500,geom
8056603,8056603,1,0,33500,geom
4672293,4672293,1,0,50450,geom
3026940,3026940,1,0,50450,geom
1072788,1072788,1,0,50450,geom
6524064,6524064,1,0,57632,geom
8428048,8428048,1,0,27595,geom
2178541,2178541,1,0,110069,geom
1860831,1860831,1,0,110069,geom
7116302,7116302,1,0,86467,geom
9752062,9752062,1,0,96518,geom
6923032,6923032,1,0,96518,geom
260727,260727,1,0,305,geom
654159,654159,1,0,100026,geom
4978143,4978143,1,0,100026,geom
7809539,7809539,1,0,100026,geom
3668300,3668300,1,0,16285,geom
5670476,5670476,1,0,79861,geom
9250764,9250764,1,0,16892,geom
925278,925278,1,0,7591,geom
7501410,7501410,1,0,15859,geom
9612418,9612418,1,0,16430,geom
3290626,3290626,1,0,64569,geom
3292285,3292285,1,0,64569,geom
7505357,7505357,1,0,64569,geom
9259656,9259656,1,0,55943,geom
8873681,8873681,1,0,55943,geom
2607171,2607171,1,0,55943,geom
9638916,9638916,1,0,55943,geom
9634193,9634193,1,0,55943,geom
7905300,7905300,1,0,55943,geom
6665873,6665873,1,0,55943,geom
2660030,2660030,1,0,103002,geom
2860701,2860701,1,0,103002,geom
9908146,9908146,1,0,52321,geom
6390976,6390976,1,0,52321,geom
7963103,7963103,1,0,52321,geom
4425753,4425753,1,0,122489,geom
3913315,3913315,1,0,22192,geom
1745741,1745741,1,0,4966,geom
7683858,7683858,1,0,27687,geom
8278570,8278570,1,0,9166,geom
5857120,5857120,1,0,9166,geom
263232,263232,1,0,114693,geom
7031624,7031624,1,0,50626,geom
8396631,8396631,1,0,107383,geom
5577468,5577468,1,0,107383,geom
7627854,7627854,1,0,107383,geom
9042512,9042512,1,0,77244,geom
2124528,2124528,1,0,77244,geom
3635386,3635386,1,0,51089,geom
2435434,2435434,1,0,51089,geom
8350834,8350834,1,0,51089,geom
7908459,7908459,1,0,14832,geom
6420533,6420533,1,0,14832,geom
5812112,5812112,1,0,14832,geom
5350763,5350763,1,0,121423,geom
8317773,8317891,119,0,121423,geom
7737201,7737201,1,0,121423,geom
3851772,3851772,1,0,121423,geom
1442796,1442796,1,0,50000,geom
7496916,7496916,1,0,94805,geom
117409,117409,1,0,70772,geom
5046599,5046599,1,0,70772,geom
6356165,6356165,1,0,72296,geom
2610133,2610133,1,0,72296,geom
573030,573030,1,0,72296,geom
9813760,9813760,1,0,97168,geom
9009606,9009606,1,0,59710,geom
354594,354594,1,0,119773,geom
1953033,1953033,1,0,119773,geom
2187176,2187176,1,0,119773,geom
6547264,6547264,1,0,119773,geom
9628793,9628793,1,0,119773,geom
9834933,9834933,1,0,7581,geom
8475968,8475968,1,0,23820,geom
9409386,9409386,1,0,55632,geom
6478896,6478896,1,0,5532,geom
2529884,2529884,1,0,110806,geom
5625539,5625539,1,0,54318,geom
5276556,5276603,48,0,54318,geom
5013626,5013626,1,0,33896,geom
1873613,1873613,1,0,33896,geom
5013626,5013626,1,0,85413,geom
1867281,1867281,1,0,76116,geom
2290295,2290295,1,0,76116,geom
6222288,6222288,1,0,94684,geom
7259203,7259203,1,0,94684,geom
5606452,5606452,1,0,3211,geom
7994708,7994708,1,0,96393,geom
9856329,9856329,1,0,32816,geom
2779312,2779312,1,0,32816,geom
1161407,1161407,1,0,44331,geom
9816539,9816539,1,0,124225,geom
3157421,3157421,1,0,18028,geom
7073182,7073182,1,0,18028,geom
9607684,9607684,1,0,54784,geom
3628381,3628381,1,0,11448,geom
8799529,8799529,1,0,11448,geom
1973546,1973546,1,0,15572,geom
4844433,4844433,1,0,15572,geom
575412,575412,1,0,15572,geom
9765645,9765645,1,0,44969,geom
9183970,9183970,1,0,79318,geom
4254128,4254128,1,0,123432,geom
9803795,9803795,1,0,92705,geom
6006243,6006243,1,0,43349,geom
6548818,6548818,1,0,46560,geom
3896736,3896736,1,0,46560,geom
4696606,4696606,1,0,18024,geom
6209646,6209646,1,0,48708,geom
5319018,5319018,1,0,81575,geom
7887866,7887866,1,0,99535,geom
6217227,6217227,1,0,99535,geom
5650964,5650972,9,0,4604,geom
7946419,7946419,1,0,40505,geom
1369401,1369401,1,0,40505,geom
7224369,7224369,1,0,36761,geom
6210437,6210437,1,0,36761,geom
4059649,4059649,1,0,103299,geom
6562352,6562352,1,0,99230,geom
93309,93309,1,0,118422,geom
791829,791829,1,0,118422,geom
8772785,8772785,1,0,118422,geom
5552765,5552765,1,0,118422,geom
1012102,1012102,1,0,38497,geom
4580941,4580941,1,0,38497,geom
1780926,1780926,1,0,32701,geom
5231290,5231290,1,0,16605,geom
2176950,2176950,1,0,16605,geom
3890374,3890374,1,0,16605,geom
8456012,8456012,1,0,117728,geom
342305,342305,1,0,117728,geom
5059830,5059830,1,0,18056,geom
2978282,2978282,1,0,57542,geom
8072115,8072115,1,0,463,geom
5496557,5496557,1,0,93722,geom
5333416,5333416,1,0,93722,geom
1352067,1352067,1,0,12118,geom
6212618,6212618,1,0,32574,geom
9622576,9622576,1,0,32574,geom
7293335,7293335,1,0,34693,geom
5258080,5258080,1,0,75104,geom
7000981,7000981,1,0,75104,geom
343024,343024,1,0,100903,geom
5007358,5007358,1,0,100903,geom
1947937,1947937,1,0,100903,geom
2399557,2399557,1,0,100903,geom
6679048,6679048,1,0,100903,geom
7992876,7992876,1,0,114616,geom
5039822,5039822,1,0,69909,geom
9834933,9834933,1,0,69909,geom
7272128,7272128,1,0,220,geom
5275721,5275721,1,0,220,geom
8023915,8023915,1,0,103026,geom
7475560,7475560,1,0,122374,geom
3921643,3921643,1,0,122374,geom
7601971,7601971,1,0,122374,geom
5215636,5215636,1,0,120527,geom
7141941,7141941,1,0,47315,geom
1389905,1389905,1,0,21214,geom
985285,985285,1,0,21214,geom
8095649,8095649,1,0,95758,geom
1889674,1889674,1,0,89605,geom
9526205,9526205,1,0,53904,geom
3302383,3302383,1,0,57938,geom
3051525,3051525,1,0,46915,geom
2558969,2558969,1,0,28209,geom
6251072,6251072,1,0,408,geom
52745,52745,1,0,14831,geom
5047903,5047903,1,0,14831,geom
4133791,4133791,1,0,68675,geom
9592862,9592862,1,0,120122,geom
8678020,8678020,1,0,120122,geom
9419423,9419423,1,0,29676,geom
3516989,3516989,1,0,70015,geom
9618625,9618625,1,0,70015,geom
6770834,6770834,1,0,3744,geom
9754565,9754565,1,0,3744,geom
136508,136508,1,0,27435,geom
193913,193913,1,0,103506,geom
6618386,6618386,1,0,103506,geom
7103337,7103337,1,0,84467,geom
3874360,3874360,1,0,84467,geom
6478896,6478896,1,0,92152,geom
1988495,1988495,1,0,35809,geom
6254338,6254338,1,0,35809,geom
9525675,9525675,1,0,35809,geom
229291,229291,1,0,83934,geom
3633274,3633274,1,0,83934,geom
6913042,6913042,1,0,35478,geom
1620408,1620408,1,0,48820,geom
7239904,7239904,1,0,71307,geom
6384401,6384401,1,0,71307,geom
8466156,8466156,1,0,80708,geom
2474890,2474895,6,0,32204,geom
6549424,6549424,1,0,32204,geom
4205624,4205624,1,0,5877,geom
2440561,2440561,1,0,78587,geom
6561926,6561926,1,0,118627,geom
3062027,3062027,1,0,118627,geom
6801434,6801434,1,0,23500,geom
3005516,3005516,1,0,78571,geom
401452,401452,1,0,78571,geom
1665248,1665248,1,0,100030,geom
7723381,7723381,1,0,100030,geom
7477770,7477770,1,0,100030,geom
8783638,8783638,1,0,43655,geom
9346457,9346457,1,0,99742,geom
9763056,9763056,1,0,83085,geom
8361808,8361808,1,0,5016,geom
5473196,5473196,1,0,5016,geom
7937095,7937095,1,0,49196,geom
6182112,6182112,1,0,71572,geom
878205,878205,1,0,71572,geom
5333227,5333227,1,0,17620,geom
2715275,2715275,1,0,120518,geom
4103357,4103357,1,0,120518,geom
5767431,5767431,1,0,18194,geom
5521481,5521481,1,0,18194,geom
3115531,3115531,1,0,55089,geom
8403507,8403507,1,0,55089,geom
1740056,1740056,1,0,38740,geom
8798644,8798644,1,0,72007,geom
8892277,8892277,1,0,72007,geom
8616902,8616902,1,0,35090,geom
3617561,3617561,1,0,84303,geom
5784266,5784266,1,0,84303,geom
7413763,7413763,1,0,86902,geom
615235,615235,1,0,86902,geom
1280465,1280465,1,0,105558,geom
1788587,1788587,1,0,29806,geom
1808119,1808119,1,0,29806,geom
2259178,2259178,1,0,29806,geom
468746,468746,1,0,69452,geom
5636026,5636026,1,0,18369,geom
5368914,5368914,1,0,70218,geom
2887262,2887262,1,0,28650,geom
4676926,4676926,1,0,7581,geom
779176,779176,1,0,17968,geom
5718448,5718448,1,0,91900,geom
4144278,4144278,1,0,24210,geom
7472947,7472947,1,0,107282,geom
4876811,4876811,1,0,105282,geom
3730395,3730395,1,0,105282,geom
1023012,1023012,1,0,13161,geom
6883511,6883511,1,0,17802,geom
1394765,1394765,1,0,48051,geom
6813063,6813063,1,0,101469,geom
6998027,6998027,1,0,117104,geom
9074534,9074534,1,0,117104,geom
9739438,9739438,1,0,117104,geom
903968,903968,1,0,117104,geom
2506326,2506326,1,0,73967,geom
5577032,5577032,1,0,73967,geom
3487431,3487431,1,0,73967,geom
2968628,2968628,1,0,6417,geom
2414210,2414210,1,0,6417,geom
9070990,9070990,1,0,44349,geom
9618625,9618625,1,0,11673,geom
7377043,7377043,1,0,11673,geom
2223909,2223909,1,0,11673,geom
1312532,1312532,1,0,11673,geom
6617185,6617185,1,0,68458,geom
5669426,5669426,1,0,124815,geom
4655720,4655720,1,0,103356,geom
8511411,8511411,1,0,37211,geom
7084877,7084877,1,0,45214,geom
8423029,8423029,1,0,91806,geom
2542433,2542433,1,0,66778,geom
8695909,8695909,1,0,51250,geom
5303133,5303133,1,0,30884,geom
7522284,7522284,1,0,30884,geom
6311745,6311745,1,0,122290,geom
8794965,8794965,1,0,80538,geom
6151203,6151203,1,0,87894,geom
2866124,2866124,1,0,87894,geom
8431237,8431237,1,0,110265,geom
7770384,7770384,1,0,110265,geom
5766709,5766709,1,0,20923,geom
3584200,3584200,1,0,20923,geom
5105885,5105885,1,0,89316,geom
2119129,2119129,1,0,86083,geom
4018101,4018101,1,0,86083,geom
276817,276817,1,0,88574,geom
9733079,9733079,1,0,37044,geom
4792700,4792700,1,0,37044,geom
2639374,2639374,1,0,37044,geom
2334903,2334903,1,0,37044,geom
1626109,1626109,1,0,39941,geom
2951757,2951757,1,0,59225,geom
3910310,3910310,1,0,44200,geom
4931119,4931119,1,0,39014,geom
9997061,9997061,1,0,74982,geom
8276613,8276613,1,0,74982,geom
3115791,3115791,1,0,70477,geom
5668105,5668105,1,0,57540,geom
5095315,5095315,1,0,1122,geom
8998666,8998666,1,0,1122,geom
2077218,2077218,1,0,35555,geom
644756,644756,1,0,95810,geom
1755007,1755007,1,0,123948,geom
5895246,5895246,1,0,123948,geom
9763895,9763895,1,0,59716,geom
741347,741347,1,0,90402,geom
6212618,6212618,1,0,27873,geom
8840734,8840734,1,0,27873,geom
8589067,8589067,1,0,97928,geom
3950527,3950527,1,0,97928,geom
3064395,3064395,1,0,47779,geom
5869482,5869482,1,0,8636,geom
3663170,3663170,1,0,8636,geom
380914,380914,1,0,23063,geom
1806232,1806232,1,0,23063,geom
5798482,5798482,1,0,23063,geom
1755007,1755007,1,0,123278,geom
1909162,1909162,1,0,57435,geom
8618039,8618039,1,0,57435,geom
4633149,4633149,1,0,57435,geom
7129633,7129633,1,0,24933,geom
7090274,7090274,1,0,98076,geom
7191568,7191568,1,0,98076,geom
5544777,5544777,1,0,94044,geom
3449690,3449690,1,0,94044,geom
6987304,6987304,1,0,94044,geom
4617313,4617313,1,0,44673,geom
6575812,6575812,1,0,44673,geom
8579445,8579445,1,0,50924,geom
1088360,1088360,1,0,76162,geom
5079200,5079200,1,0,115256,geom
3630476,3630476,1,0,118952,geom
460639,460639,1,0,79798,geom
4230894,4230894,1,0,49804,geom
6515457,6515457,1,0,49804,geom
3924654,3924654,1,0,75456,geom
8637689,8637689,1,0,75456,geom
1392770,1392770,1,0,86622,geom
4977227,4977227,1,0,86622,geom
1359714,1359714,1,0,86622,geom
8957522,8957522,1,0,39294,geom
7923807,7923807,1,0,11717,geom
4083926,4083926,1,0,79468,geom
1974011,1974011,1,0,91844,geom
6456215,6456215,1,0,91844,geom
2201231,2201231,1,0,91844,geom
3172341,3172341,1,0,123857,geom
9321817,9321817,1,0,61607,geom
2832685,2832685,1,0,59301,geom
2634423,2634423,1,0,80968,geom
5273640,5273640,1,0,80968,geom
573272,573272,1,0,87374,geom
926767,926767,1,0,69876,geom
2334733,2334733,1,0,24731,geom
9004063,9004063,1,0,53455,geom
445104,445104,1,0,10450,geom
6203706,6203706,1,0,10450,geom
6667087,6667087,1,0,264,geom
8255405,8255405,1,0,36183,geom
3761119,3761119,1,0,31239,geom
793733,793733,1,0,22636,geom
4496259,4496259,1,0,7685,geom
7232710,7232710,1,0,70334,geom
7785192,7785192,1,0,70334,geom
160352,160352,1,0,66416,geom
2673636,2673636,1,0,94760,geom
5084502,5084502,1,0,94760,geom
2845074,2845074,1,0,119851,geom
7660536,7660536,1,0,17294,geom
2547810,2547810,1,0,17294,geom
3452213,3452213,1,0,116292,geom
5287975,5287975,1,0,89767,geom
881799,881799,1,0,89767,geom
2725830,2725830,1,0,52032,geom
3762961,3762961,1,0,124628,geom
4276547,4276552,6,0,124628,geom
265072,265072,1,0,104070,geom
4102876,4102876,1,0,107996,geom
8436771,8436780,10,0,26117,geom
4146738,4146738,1,0,84583,geom
2826164,2826164,1,0,84583,geom
2113466,2113466,1,0,85787,geom
9436470,9436470,1,0,85787,geom
9587136,9587136,1,0,35911,geom
2500144,2500144,1,0,35911,geom
6547522,6547522,1,0,35911,geom
9252356,9252356,1,0,46416,geom
3004192,3004192,1,0,92184,geom
7958548,7958548,1,0,92184,geom
8983536,8983536,1,0,92184,geom
2063879,2063879,1,0,92184,geom
3243273,3243273,1,0,119474,geom
8344404,8344404,1,0,119474,geom
3846954,3846954,1,0,16409,geom
1743195,1743195,1,0,16409,geom
9236089,9236089,1,0,96493,geom
5423279,5423279,1,0,98158,geom
2124528,2124528,1,0,98158,geom
7000981,7000981,1,0,98158,geom
2638573,2638573,1,0,34849,geom
5418537,5418537,1,0,118009,geom
9135753,9135753,1,0,72269,geom
576087,576087,1,0,117882,geom
9599495,9599495,1,0,29283,geom
5927293,5927293,1,0,55465,geom
9420279,9420279,1,0,106508,geom
7443955,7443956,2,0,78811,geom
3109164,3109164,1,0,78811,geom
4529774,4529774,1,0,78811,geom
3319013,3319013,1,0,31895,geom
3887792,3887792,1,0,58370,geom
9085432,9085432,1,0,71667,geom
1656010,1656010,1,0,71667,geom
9363817,9363817,1,0,71667,geom
4973854,4973854,1,0,71667,geom
9090923,9090923,1,0,28142,geom
9250764,9250764,1,0,30841,geom
9132714,9132714,1,0,37082,geom
206627,206627,1,0,12553,geom
7722491,7722491,1,0,12553,geom
642414,642414,1,0,12553,geom
8048023,8048023,1,0,60260,geom
1792210,1792210,1,0,44701,geom
4058405,4058405,1,0,42297,geom
4297480,4297480,1,0,42297,geom
3248995,3248995,1,0,18637,geom
9201390,9201390,1,0,101721,geom
6714386,6714386,1,0,101721,geom
1834501,1834524,24,0,101721,geom
8653761,8653761,1,0,75547,geom
2099451,2099451,1,0,75547,geom
4519359,4519359,1,0,112905,geom
2241028,2241028,1,0,2487,geom
4764038,4764038,1,0,2487,geom
6248238,6248238,1,0,2487,geom
7629362,7629362,1,0,62640,geom
5641267,5641267,1,0,62640,geom
4902637,4902637,1,0,56020,geom
4286832,4286832,1,0,53572,geom
9085394,9085394,1,0,19173,geom
2988505,2988505,1,0,19173,geom
2771389,2771389,1,0,27808,geom
14931,14931,1,0,15906,geom
4285451,4285451,1,0,70400,geom
7767344,7767344,1,0,70400,geom
3688140,3688140,1,0,70400,geom
33075,33075,1,0,70400,geom
5550542,5550542,1,0,99698,geom
1461762,1461762,1,0,104495,geom
6759361,6759361,1,0,36243,geom
2870279,2870279,1,0,36243,geom
6995573,6995573,1,0,36243,geom
8754068,8754068,1,0,122391,geom
254322,254322,1,0,122391,geom
1942066,1942066,1,0,100363,geom
9926515,9926515,1,0,100363,geom
8936988,8936988,1,0,23537,geom
4150126,4150126,1,0,23537,geom
192041,192041,1,0,22671,geom
1780761,1780761,1,0,94244,geom
8327808,8327808,1,0,94244,geom
7032424,7032424,1,0,94244,geom
5061615,5061615,1,0,111637,geom
673847,673847,1,0,112824,geom
6425906,6425906,1,0,28207,geom
3848556,3848556,1,0,28207,geom
5798618,5798618,1,0,41714,geom
583860,583860,1,0,93415,geom
7263264,7263264,1,0,53930,geom
4653534,4653534,1,0,17910,geom
7859118,7859118,1,0,17910,geom
4908132,4908132,1,0,66874,geom
909549,909549,1,0,85975,geom
1738295,1738295,1,0,49283,geom
4874160,4874160,1,0,49283,geom
8479597,8479597,1,0,8276,geom
2287312,2287312,1,0,42221,geom
204673,204673,1,0,118614,geom
7020385,7020385,1,0,14698,geom
1988495,1988495,1,0,97618,geom
8282156,8282156,1,0,77722,geom
5351848,5351848,1,0,77722,geom
5347316,5347316,1,0,40243,geom
8157096,8157096,1,0,92704,geom
6720820,6720820,1,0,72411,geom
2437822,2437822,1,0,72411,geom
5778608,5778608,1,0,66188,geom
8933938,8933938,1,0,70056,geom
8672541,8672541,1,0,70056,geom
6311111,6311111,1,0,96794,geom
6275245,6275245,1,0,42295,geom
6600973,6600973,1,0,58033,geom
8995394,8995394,1,0,58033,geom
6423912,6423912,1,0,17416,geom
4295189,4295189,1,0,92954,geom
843064,843064,1,0,92954,geom
7247717,7247717,1,0,92954,geom
4323529,4323529,1,0,108987,geom
3645423,3645423,1,0,115683,geom
7892915,7892915,1,0,115683,geom
5482013,5482013,1,0,72368,geom
1193922,1193922,1,0,123090,geom
7362385,7362385,1,0,118088,geom
2195143,2195143,1,0,118088,geom
7705218,7705218,1,0,20000,geom
260828,260828,1,0,20000,geom
6024908,6024908,1,0,27745,geom
7945848,7945848,1,0,53031,geom
7177607,7177607,1,0,53031,geom
122535,122535,1,0,21121,geom
6360874,6360874,1,0,124916,geom
4167669,4167669,1,0,14671,geom
7916733,7916733,1,0,14671,geom
7900209,7900209,1,0,14671,geom
8394367,8394367,1,0,47457,geom
133087,133087,1,0,12501,geom
5626526,5626526,1,0,36738,geom
9835759,9835759,1,0,114716,geom
6982584,6982584,1,0,114716,geom
2719364,2719364,1,0,90982,geom
3338065,3338065,1,0,86176,geom
6189779,6189779,1,0,22237,geom
1275469,1275469,1,0,118872,geom
8890074,8890074,1,0,92477,geom
9324470,9324470,1,0,92477,geom
3054120,3054120,1,0,92477,geom
4059296,4059296,1,0,92477,geom
8710843,8710843,1,0,114527,geom
5526695,5526695,1,0,114527,geom
2961566,2961566,1,0,46404,geom
561114,561114,1,0,46404,geom
4832983,4832983,1,0,46404,geom
4581554,4581554,1,0,95046,geom
1695395,1695395,1,0,4503,geom
7916642,7916642,1,0,4503,geom
7604672,7604672,1,0,107745,geom
6304059,6304059,1,0,41283,geom
3860513,3860513,1,0,34745,geom
9802561,9802561,1,0,85401,geom
1227453,1227453,1,0,9366,geom
5391155,5391155,1,0,9366,geom
2203719,2203719,1,0,22588,geom
1428221,1428221,1,0,36909,geom
7800140,7800140,1,0,16870,geom
6066363,6066363,1,0,16870,geom
3386068,3386068,1,0,16870,geom
5892951,5892951,1,0,70838,geom
2011915,2011915,1,0,33767,geom
4609356,4609356,1,0,33767,geom
2931453,2931453,1,0,97707,geom
3004192,3004192,1,0,97707,geom
297944,297944,1,0,20390,geom
190509,190509,1,0,69752,geom
6768248,6768248,1,0,7500,geom
4345240,4345240,1,0,65614,geom
7425419,7425419,1,0,65614,geom
7010941,7010941,1,0,74234,geom
3002210,3002210,1,0,82112,geom
3382339,3382339,1,0,72000,geom
9713592,9713592,1,0,72000,geom
2599844,2599844,1,0,61483,geom
4794439,4794439,1,0,61483,geom
7858894,7858894,1,0,75827,geom
7971712,7971712,1,0,75827,geom
5397471,5397471,1,0,51613,geom
1811104,1811104,1,0,51613,geom
1155730,1155730,1,0,71179,geom
5776795,5776795,1,0,71179,geom
4508498,4508498,1,0,14782,geom
9287422,9287422,1,0,1906,geom
4766895,4766895,1,0,65549,geom
1486904,1486904,1,0,46797,geom
836310,836310,1,0,46797,geom
948255,948255,1,0,14109,geom
1564182,1564182,1,0,26787,geom
9644726,9644726,1,0,14650,geom
8686682,8686682,1,0,38905,geom
7937095,7937095,1,0,31587,geom
3626581,3626581,1,0,80099,geom
8056957,8056957,1,0,66870,geom
4155602,4155602,1,0,2706,geom
3654420,3654420,1,0,10563,geom
7566107,7566107,1,0,4092,geom
8095737,8095737,1,0,57625,geom
8767126,8767126,1,0,108548,geom
9790244,9790244,1,0,108548,geom
6814892,6814892,1,0,111311,geom
4941208,4941208,1,0,51726,geom
9045951,9045951,1,0,51726,geom
3063902,3063902,1,0,51726,geom
1669779,1669779,1,0,1114,geom
2436768,2436768,1,0,1114,geom
6618386,6618386,1,0,14027,geom
8857625,8857625,1,0,14027,geom
3310670,3310670,1,0,15773,geom
700445,700445,1,0,15773,geom
1639942,1639942,1,0,31418,geom
9508693,9508693,1,0,31418,geom
1780388,1780388,1,0,31418,geom
4389575,4389575,1,0,10561,geom
606332,606332,1,0,77051,geom
5720287,5720287,1,0,49849,geom
5549615,5549615,1,0,49849,geom
8506339,8506339,1,0,26458,geom
7547148,7547148,1,0,26458,geom
206627,206627,1,0,117766,geom
3383160,3383160,1,0,117766,geom
187958,187958,1,0,94461,geom
8335900,8335900,1,0,94461,geom
6893063,6893063,1,0,17760,geom
5516620,5516620,1,0,83534,geom
997070,997070,1,0,15924,geom
2087000,2087000,1,0,16214,geom
2311428,2311428,1,0,16214,geom
2332196,2332196,1,0,40357,geom
9631814,9631814,1,0,67043,geom
4131046,4131046,1,0,67043,geom
6149202,6149202,1,0,38762,geom
8491508,8491508,1,0,38762,geom
1487658,1487658,1,0,38762,geom
1925267,1925267,1,0,67134,geom
3383160,3383160,1,0,99689,geom
3946987,3946987,1,0,6890,geom
98109,98109,1,0,6890,geom
8355752,8355752,1,0,61092,geom
4329440,4329440,1,0,61092,geom
7043568,7043568,1,0,72008,geom
6486675,6486675,1,0,62155,geom
7955994,7955994,1,0,62155,geom
5811009,5811009,1,0,122286,geom
9765284,9765284,1,0,2566,geom
9750005,9750005,1,0,2566,geom
8106465,8106465,1,0,117834,geom
1192798,1192798,1,0,117834,geom
9864870,9864870,1,0,24426,geom
122535,122535,1,0,100713,geom
5524843,5524843,1,0,100713,geom
2015727,2015727,1,0,60339,geom
8282447,8282447,1,0,60339,geom
7527200,7527200,1,0,63312,geom
4362601,4362601,1,0,63312,geom
3461600,3461600,1,0,65096,geom
740313,740313,1,0,65096,geom
5363010,5363050,41,0,65096,geom
9340774,9340774,1,0,39464,geom
7747048,7747048,1,0,39464,geom
3758634,3758634,1,0,39464,geom
505448,505448,1,0,39464,geom
7641898,7641898,1,0,111981,geom
6323988,6323988,1,0,111981,geom
8407032,8407032,1,0,51410,geom
201970,201970,1,0,35977,geom
2409174,2409174,1,0,91688,geom
8996514,8996514,1,0,15234,geom
2357096,2357096,1,0,15234,geom
1292576,1292576,1,0,15234,geom
1994717,1994717,1,0,15234,geom
5732013,5732013,1,0,47284,geom
5320150,5320150,1,0,115555,geom
5844393,5844393,1,0,114039,geom
6797552,6797552,1,0,113734,geom
9971979,9971979,1,0,111966,geom
4658270,4658270,1,0,111966,geom
430523,430523,1,0,104011,geom
6777453,6777453,1,0,104011,geom
6965838,6965838,1,0,120449,geom
2261025,2261025,1,0,45949,geom
2187176,2187176,1,0,45949,geom
8722443,8722443,1,0,67716,geom
8475505,8475505,1,0,87665,geom
6913042,6913042,1,0,84563,geom
7028207,7028207,1,0,84563,geom
6398516,6398516,1,0,5965,geom
2761962,2761962,1,0,5965,geom
2508728,2508728,1,0,39778,geom
3398020,3398039,20,0,37363,geom
5992279,5992302,24,0,37363,geom
5074918,5074918,1,0,54514,geom
4974065,4974088,24,0,44231,geom
6102965,6102965,1,0,51103,geom
3287848,3287848,1,0,84337,geom
8171224,8171224,1,0,98037,geom
5659894,5659894,1,0,61278,geom
7049106,7049106,1,0,60407,geom
5890316,5890316,1,0,18113,geom
3254860,3254860,1,0,18170,geom
7271867,7271867,1,0,58418,geom
2398189,2398189,1,0,58418,geom
7485888,7485888,1,0,58418,geom
4902637,4902637,1,0,58418,geom
8706206,8706206,1,0,3144,geom
5111428,5111428,1,0,45611,geom
9016826,9016826,1,0,45611,geom
8086200,8086200,1,0,119858,geom
4310038,4310038,1,0,80536,geom
7207367,7207367,1,0,18863,geom
4927654,4927654,1,0,1398,geom
7088276,7088276,1,0,45087,geom
5555980,5555980,1,0,122388,geom
2335259,2335259,1,0,72868,geom
283736,283736,1,0,118116,geom
6014429,6014429,1,0,118116,geom
2607649,2607649,1,0,74003,geom
4013038,4013038,1,0,35903,geom
5564566,5564566,1,0,17552,geom
543605,543605,1,0,117309,geom
3843246,3843246,1,0,117309,geom
3205976,3205976,1,0,22259,geom
7481834,7481834,1,0,22259,geom
6367901,6367901,1,0,54465,geom
400982,400982,1,0,54465,geom
1214780,1214780,1,0,93517,geom
3590258,3590258,1,0,93517,geom
1780761,1780761,1,0,11342,geom
5541762,5541762,1,0,11342,geom
7925846,7925846,1,0,12597,geom
5164122,5164122,1,0,121973,geom
8828905,8828905,1,0,121973,geom
758134,758134,1,0,97049,geom
127701,127701,1,0,97049,geom
1061609,1061609,1,0,69371,geom
330250,330250,1,0,56813,geom
5937581,5937581,1,0,29687,geom
2460145,2460145,1,0,100528,geom
5739301,5739301,1,0,100528,geom
622368,622368,1,0,40521,geom
6815965,6815965,1,0,2221,geom
4716556,4716556,1,0,37889,geom
7027710,7027710,1,0,81086,geom
9114693,9114693,1,0,81086,geom
679983,679983,1,0,26730,geom
3865314,3865314,1,0,102020,geom
1004184,1004184,1,0,29921,geom
2661185,2661185,1,0,32692,geom
3662530,3662530,1,0,96098,geom
7368208,7368208,1,0,28603,geom
7322578,7322578,1,0,28603,geom
698575,698575,1,0,92697,geom
8771163,8771163,1,0,92697,geom
3209171,3209171,1,0,33397,geom
2145388,2145388,1,0,65568,geom
6099218,6099218,1,0,105335,geom
5542457,5542457,1,0,98326,geom
4970695,4970695,1,0,13766,geom
2010217,2010217,1,0,63195,geom
455495,455495,1,0,63195,geom
3118993,3118993,1,0,72916,geom
4434096,4434096,1,0,72916,geom
5025443,5025443,1,0,72916,geom
9587953,9587953,1,0,53814,geom
3662530,3662530,1,0,74573,geom
7527115,7527115,1,0,89289,geom
7231312,7231312,1,0,122916,geom
3199646,3199646,1,0,122916,geom
1520634,1520634,1,0,57951,geom
514175,514175,1,0,57951,geom
9997061,9997061,1,0,48772,geom
8110237,8110237,1,0,48772,geom
9621444,9621444,1,0,53789,geom
9040673,9040673,1,0,53789,geom
4537274,4537274,1,0,107822,geom
2073777,2073777,1,0,107822,geom
7079022,7079022,1,0,11826,geom
8314608,8314608,1,0,61401,geom
898898,898898,1,0,61401,geom
8670978,8670978,1,0,1593,geom
8693255,8693255,1,0,29936,geom
2143892,2143892,1,0,94278,geom
7520490,7520490,1,0,94278,geom
5762901,5762901,1,0,64038,geom
1591596,1591596,1,0,64038,geom
3928309,3928309,1,0,64038,geom
8502050,8502064,15,0,73909,geom
7092657,7092657,1,0,73909,geom
411222,411222,1,0,3077,geom
9041389,9041389,1,0,34313,geom
123806,123806,1,0,121885,geom
3271292,3271292,1,0,124245,geom
9468834,9468834,1,0,114090,geom
3324319,3324319,1,0,114090,geom
1964491,1964491,1,0,83224,geom
8002623,8002623,1,0,62647,geom
2878055,2878055,1,0,102902,geom
5599418,5599418,1,0,102902,geom
9905964,9905964,1,0,120385,geom
7063041,7063048,8,0,120385,geom
8618039,8618039,1,0,120385,geom
7727832,7727832,1,0,102855,geom
8672946,8672946,1,0,34199,geom
704951,704951,1,0,15106,geom
6685854,6685854,1,0,49629,geom
1449435,1449435,1,0,49629,geom
1524570,1524570,1,0,94510,geom
5026879,5026879,1,0,51874,geom
7168329,7168329,1,0,51874,geom
5739962,5739962,1,0,100724,geom
8158233,8158233,1,0,63798,geom
8227526,8227526,1,0,85056,geom
4792998,4792998,1,0,85056,geom
2778512,2778512,1,0,89749,geom
4276224,4276224,1,0,123059,geom
7816915,7816915,1,0,123059,geom
8464712,8464712,1,0,52875,geom
5642874,5642874,1,0,52875,geom
1880175,1880175,1,0,52875,geom
5646098,5646098,1,0,52875,geom
3924335,3924335,1,0,47893,geom
2548837,2548837,1,0,29347,geom
1141930,1141930,1,0,29347,geom
7405238,7405238,1,0,29347,geom
9150850,9150850,1,0,42212,geom
7884877,7884877,1,0,47524,geom
2157571,2157571,1,0,47524,geom
8498492,8498492,1,0,112580,geom
4161680,4161680,1,0,112580,geom
8939841,8939844,4,0,152,geom
3843246,3843246,1,0,152,geom
5589410,5589410,1,0,44556,geom
7282670,7282670,1,0,57762,geom
4312825,4312825,1,0,80240,geom
6700847,6700847,1,0,80240,geom
7599348,7599348,1,0,22920,geom
8012775,8012775,1,0,22920,geom
8628135,8628135,1,0,67481,geom
5804411,5804411,1,0,94484,geom
3121763,3121763,1,0,70956,geom
6624766,6624766,1,0,88017,geom
9633496,9633496,1,0,88017,geom
6052152,6052152,1,0,88017,geom
3910717,3910717,1,0,75656,geom
9117313,9117313,1,0,94344,geom
7212129,7212129,1,0,20722,geom
7014038,7014038,1,0,6668,geom
2778512,2778512,1,0,118296,geom
1534888,1534888,1,0,59884,geom
2675979,2675979,1,0,59884,geom
9274412,9274412,1,0,100546,geom
368805,368805,1,0,100546,geom
8845115,8845115,1,0,112786,geom
860521,860521,1,0,112786,geom
6821044,6821044,1,0,38895,geom
5241995,5241995,1,0,38895,geom
8225209,8225209,1,0,109956,geom
9183970,9183970,1,0,31992,geom
8187589,8187589,1,0,38883,geom
3189124,3189124,1,0,38883,geom
1210582,1210582,1,0,38883,geom
5443516,5443516,1,0,38883,geom
1974110,1974110,1,0,50688,geom
8937809,8937809,1,0,50688,geom
2760456,2760456,1,0,50688,geom
48244,48244,1,0,50688,geom
7983142,7983142,1,0,13960,geom
8221599,8221599,1,0,21979,geom
1193997,1193997,1,0,76496,geom
6603191,6603191,1,0,76496,geom
6694351,6694351,1,0,92958,geom
6510129,6510129,1,0,29268,geom
7739544,7739544,1,0,81022,geom
5640059,5640059,1,0,82885,geom
8201464,8201464,1,0,124808,geom
9965714,9965714,1,0,54914,geom
9554681,9554681,1,0,8202,geom
9879461,9879461,1,0,42859,geom
5984558,5984558,1,0,42859,geom
1628244,1628244,1,0,21199,geom
3087774,3087774,1,0,1425,geom
6701740,6701740,1,0,18377,geom
3937023,3937023,1,0,41807,geom
9890796,9890796,1,0,45768,geom
8095498,8095516,19,0,45768,geom
865576,865576,1,0,34316,geom
7020385,7020385,1,0,34316,geom
6217227,6217227,1,0,23732,geom
3896736,3896736,1,0,96351,geom
6089092,6089092,1,0,53127,geom
2755626,2755626,1,0,53127,geom
9960322,9960322,1,0,46602,geom
3239354,3239354,1,0,46602,geom
2547133,2547133,1,0,105271,geom
4895166,4895166,1,0,105271,geom
862334,862334,1,0,31564,geom
9488553,9488553,1,0,31564,geom
8403507,8403507,1,0,48600,geom
817350,817350,1,0,18009,geom
3239354,3239354,1,0,18009,geom
3302383,3302383,1,0,18009,geom
2865796,2865796,1,0,18009,geom
1161773,1161773,1,0,104838,geom
2891495,2891495,1,0,111940,geom
5111329,5111329,1,0,38581,geom
960023,960023,1,0,38581,geom
1517423,1517423,1,0,92372,geom
1234268,1234268,1,0,92372,geom
6545002,6545002,1,0,6370,geom
2660856,2660856,1,0,14789,geom
9090487,9090487,1,0,58189,geom
3651138,3651138,1,0,29413,geom
7597716,7597716,1,0,104944,geom
1967452,1967452,1,0,115531,geom
87016,87016,1,0,24810,geom
2671431,2671431,1,0,20027,geom
8467622,8467622,1,0,106976,geom
7114929,7114929,1,0,106976,geom
9270928,9270928,1,0,35888,geom
234889,234889,1,0,86076,geom
5883694,5883694,1,0,122158,geom
787504,787504,1,0,42076,geom
7885445,7885445,1,0,122066,geom
7527200,7527200,1,0,102962,geom
9960322,9960322,1,0,3839,geom
2425029,2425029,1,0,3839,geom
115145,115145,1,0,3839,geom
9765143,9765143,1,0,3839,geom
9276090,9276090,1,0,19166,geom
7747706,7747706,1,0,32166,geom
6642962,6642962,1,0,32166,geom
7142159,7142159,1,0,30772,geom
9997876,9997876,1,0,104136,geom
1776692,1776692,1,0,91234,geom
3119315,3119315,1,0,91234,geom
8771967,8771967,1,0,13934,geom
5162842,5162842,1,0,74514,geom
694070,694070,1,0,74514,geom
1543968,1543968,1,0,99596,geom
8512861,8512861,1,0,99596,geom
9995856,9995856,1,0,99596,geom
9278413,9278413,1,0,104230,geom
1391600,1391600,1,0,5763,geom
8481277,8481277,1,0,5763,geom
3662927,3662927,1,0,26065,geom
8727832,8727832,1,0,64983,geom
3213675,3213675,1,0,64983,geom
2919386,2919386,1,0,64983,geom
977559,977559,1,0,30942,geom
5607471,5607471,1,0,50335,geom
7766161,7766161,1,0,104676,geom
29035,29035,1,0,117329,geom
871735,871735,1,0,10152,geom
1322668,1322668,1,0,40109,geom
6471473,6471473,1,0,27596,geom
6545002,6545002,1,0,21757,geom
3540210,3540210,1,0,111852,geom
7508130,7508130,1,0,111852,geom
964885,964885,1,0,111852,geom
8314236,8314236,1,0,99744,geom
7601971,7601971,1,0,99744,geom
6520919,6520919,1,0,124093,geom
6730200,6730200,1,0,112484,geom
1153143,1153143,1,0,76476,geom
4849303,4849303,1,0,45118,geom
6467912,6467912,1,0,81148,geom
1000495,1000495,1,0,31291,geom
6571111,6571111,1,0,79687,geom
6441066,6441066,1,0,79687,geom
9013724,9013724,1,0,1177,geom
3753219,3753219,1,0,46312,geom
4457821,4457821,1,0,46312,geom
1402488,1402488,1,0,2678,geom
443360,443360,1,0,2678,geom
1999128,1999128,1,0,73097,geom
9681058,9681058,1,0,73097,geom
3575009,3575009,1,0,11709,geom
6564617,6564617,1,0,108507,geom
6020883,6020883,1,0,108507,geom
5320150,5320150,1,0,8893,geom
3021852,3021852,1,0,60334,geom
4770069,4770069,1,0,26670,geom
8471054,8471054,1,0,51088,geom
4974088,4974088,1,0,47068,geom
7456757,7456757,1,0,47068,geom
8819869,8819869,1,0,58664,geom
8868710,8868710,1,0,91642,geom
2624467,2624467,1,0,91642,geom
9905234,9905234,1,0,65470,geom
5523313,5523313,1,0,91433,geom
9960322,9960322,1,0,91433,geom
9052425,9052425,1,0,71189,geom
5600945,5600945,1,0,71189,geom
5541762,5541762,1,0,71189,geom
3375474,3375474,1,0,71189,geom
997070,997070,1,0,12171,geom
2985688,2985688,1,0,7793,geom
8907220,8907220,1,0,44745,geom
2404911,2404911,1,0,80314,geom
7080866,7080866,1,0,80314,geom
7751139,7751139,1,0,70560,geom
179847,179847,1,0,77363,geom
4012568,4012568,1,0,50858,geom
1642970,1642970,1,0,56806,geom
4876298,4876298,1,0,80663,geom
4924946,4924946,1,0,34411,geom
2773379,2773379,1,0,106335,geom
7767941,7767941,1,0,116742,geom
979663,979663,1,0,60314,geom
3741995,3741995,1,0,32496,geom
9257361,9257361,1,0,109319,geom
8696114,8696114,1,0,75907,geom
1155730,1155730,1,0,1029,geom
7460779,7460779,1,0,67315,geom
5380401,5380401,1,0,106324,geom
6351229,6351229,1,0,4895,geom
4409577,4409577,1,0,121809,geom
8282792,8282792,1,0,121809,geom
9281203,9281203,1,0,121809,geom
3572600,3572600,1,0,121809,geom
7540697,7540697,1,0,121809,geom
3952351,3952351,1,0,121809,geom
5581727,5581727,1,0,4002,geom
6005507,6005507,1,0,4002,geom
3217875,3217875,1,0,53067,geom
2128276,2128276,1,0,53067,geom
1477728,1477728,1,0,114524,geom
644981,644981,1,0,114524,geom
8744824,8744824,1,0,25527,geom
6223065,6223065,1,0,108281,geom
4577889,4577889,1,0,106316,geom
3439421,3439421,1,0,106316,geom
8321209,8321209,1,0,73837,geom
4818676,4818676,1,0,73837,geom
8295881,8295881,1,0,73837,geom
2746273,2746273,1,0,69727,geom
345839,345839,1,0,69727,geom
7437696,7437696,1,0,51288,geom
2281327,2281327,1,0,51288,geom
2506326,2506326,1,0,43890,geom
5977755,5977755,1,0,43890,geom
1795295,1795295,1,0,98202,geom
5025443,5025443,1,0,98202,geom
5846129,5846129,1,0,98202,geom
2943052,2943052,1,0,98202,geom
1801562,1801562,1,0,80982,geom
7747706,7747706,1,0,109570,geom
8362154,8362154,1,0,109570,geom
7890299,7890317,19,0,32643,geom
7039849,7039849,1,0,32643,geom
4740098,4740098,1,0,40073,geom
7016794,7016794,1,0,40073,geom
760993,760993,1,0,23057,geom
8385240,8385240,1,0,23057,geom
7972949,7972949,1,0,55562,geom
4930707,4930707,1,0,104207,geom
787436,787436,1,0,104207,geom
4020205,4020205,1,0,2172,geom
6705652,6705652,1,0,2172,geom
172928,172928,1,0,59216,geom
3248757,3248757,1,0,19233,geom
8095157,8095157,1,0,19233,geom
4771339,4771339,1,0,19233,geom
8206524,8206524,1,0,117286,geom
6958203,6958203,1,0,77481,geom
4463760,4463760,1,0,120760,geom
4387574,4387574,1,0,120760,geom
5467472,5467472,1,0,21311,geom
6533596,6533596,1,0,21311,geom
5334728,5334728,1,0,123106,geom
9386920,9386920,1,0,119866,geom
2624467,2624467,1,0,119866,geom
8274896,8274896,1,0,29619,geom
2740517,2740517,1,0,100031,geom
5475585,5475585,1,0,100031,geom
2255005,2255005,1,0,100031,geom
3925758,3925758,1,0,86581,geom
1774257,1774257,1,0,47743,geom
6634445,6634445,1,0,49226,geom
9280392,9280392,1,0,107355,geom
5991615,5991615,1,0,62741,geom
5004500,5004500,1,0,62741,geom
749739,749739,1,0,77098,geom
9986291,9986291,1,0,25553,geom
1477728,1477728,1,0,25553,geom
4658270,4658270,1,0,34167,geom
4278395,4278395,1,0,72988,geom
1498217,1498217,1,0,72988,geom
6605382,6605382,1,0,72988,geom
3304161,3304161,1,0,72988,geom
5965125,5965125,1,0,54390,geom
7039849,7039849,1,0,104997,geom
4216420,4216420,1,0,104997,geom
1819549,1819549,1,0,60708,geom
2564917,2564917,1,0,37318,geom
714825,714825,1,0,53281,geom
2301732,2301732,1,0,53281,geom
6570477,6570489,13,0,53281,geom
3945745,3945745,1,0,67915,geom
2261014,2261025,12,0,92653,geom
3627,3627,1,0,92653,geom
6026534,6026534,1,0,35899,geom
836317,836317,1,0,102599,geom
1975041,1975041,1,0,74231,geom
4360676,4360676,1,0,102180,geom
7132260,7132260,1,0,102180,geom
1688187,1688187,1,0,102180,geom
432136,432136,1,0,102017,geom
7540697,7540697,1,0,49106,geom
1185170,1185170,1,0,49106,geom
9705094,9705094,1,0,123932,geom
5553994,5553994,1,0,77321,geom
5490294,5490294,1,0,25265,geom
3228676,3228676,1,0,25265,geom
9118226,9118226,1,0,118323,geom
1214780,1214780,1,0,35133,geom
6215905,6215905,1,0,35133,geom
3321814,3321814,1,0,52268,geom
6908700,6908700,1,0,49954,geom
5194954,5194954,1,0,49954,geom
159234,159234,1,0,49954,geom
179620,179620,1,0,7162,geom
4205406,4205406,1,0,81986,geom
4171808,4171808,1,0,101533,geom
7034603,7034603,1,0,65124,geom
1514707,1514707,1,0,93292,geom
454483,454483,1,0,93292,geom
2669191,2669191,1,0,75909,geom
357739,357739,1,0,24894,geom
2124528,2124528,1,0,24894,geom
7884861,7884861,1,0,24894,geom
1925459,1925459,1,0,107871,geom
6540656,6540656,1,0,107871,geom
2138140,2138140,1,0,8843,geom
5901126,5901126,1,0,8843,geom
3643936,3643936,1,0,8843,geom
260139,260139,1,0,66607,geom
256111,256111,1,0,31608,geom
9808632,9808632,1,0,31608,geom
3804065,3804065,1,0,34834,geom
1780838,1780838,1,0,49714,geom
8030541,8030541,1,0,53053,geom
752550,752550,1,0,53053,geom
7691113,7691113,1,0,53053,geom
8747202,8747202,1,0,55968,geom
9249305,9249305,1,0,92155,geom
59204,59204,1,0,64997,geom
1104620,1104620,1,0,29471,geom
9474594,9474594,1,0,62614,geom
5164918,5164918,1,0,16043,geom
7503919,7503919,1,0,16043,geom
5876614,5876614,1,0,16043,geom
5522258,5522258,1,0,16043,geom
9019508,9019508,1,0,50721,geom
6803618,6803618,1,0,89966,geom
313113,313113,1,0,89966,geom
8445944,8445944,1,0,20946,geom
9995856,9995856,1,0,12859,geom
5939537,5939537,1,0,100308,geom
1748927,1748927,1,0,100308,geom
39241,39241,1,0,100308,geom
7448663,7448663,1,0,53521,geom
4637260,4637260,1,0,25253,geom
766109,766109,1,0,123286,geom
8904813,8904813,1,0,14956,geom
8655587,8655587,1,0,14350,geom
3742387,3742387,1,0,14350,geom
2101477,2101477,1,0,14350,geom
3748029,3748029,1,0,20690,geom
2450470,2450470,1,0,20690,geom
4998966,4998966,1,0,105020,geom
9864870,9864870,1,0,76708,geom
3845429,3845438,10,0,5926,geom
5382247,5382247,1,0,26973,geom
7450049,7450049,1,0,26973,geom
5102717,5102717,1,0,26973,geom
89954,89954,1,0,45614,geom
7771773,7771773,1,0,71438,geom
7531395,7531395,1,0,94633,geom
3865314,3865314,1,0,65094,geom
4602668,4602668,1,0,65094,geom
953091,953091,1,0,65094,geom
4998966,4998966,1,0,65548,geom
9890492,9890492,1,0,78350,geom
9049970,9049970,1,0,50448,geom
9133807,9133807,1,0,50448,geom
9643478,9643478,1,0,56839,geom
3651138,3651138,1,0,27453,geom
1738295,1738295,1,0,57825,geom
9309648,9309648,1,0,66928,geom
5379656,5379656,1,0,66928,geom
7387984,7387984,1,0,66928,geom
243891,243891,1,0,11841,geom
1939716,1939716,1,0,43970,geom
1865499,1865499,1,0,43970,geom
5227071,5227071,1,0,75115,geom
3922774,3922774,1,0,96038,geom
6311928,6311928,1,0,122857,geom
8344024,8344024,1,0,121903,geom
1360575,1360575,1,0,9298,geom
9125521,9125521,1,0,9298,geom
2643533,2643533,1,0,87993,geom
1582348,1582348,1,0,119462,geom
4171521,4171521,1,0,95506,geom
6562728,6562782,55,0,6691,geom
5942832,5942832,1,0,47039,geom
6367568,6367568,1,0,102569,geom
5329447,5329447,1,0,119827,geom
202475,202475,1,0,119827,geom
849560,849560,1,0,57358,geom
9706146,9706146,1,0,119344,geom
3477977,3477977,1,0,119344,geom
8472384,8472384,1,0,24855,geom
9305307,9305307,1,0,71112,geom
5036037,5036037,1,0,54241,geom
3159327,3159327,1,0,54241,geom
7247056,7247056,1,0,35102,geom
7695841,7695841,1,0,52345,geom
3000550,3000550,1,0,44371,geom
6853353,6853353,1,0,44371,geom
1805190,1805190,1,0,95966,geom
9997566,9997566,1,0,110575,geom
3662738,3662738,1,0,110575,geom
2456626,2456626,1,0,62795,geom
8055556,8055556,1,0,110577,geom
1998703,1998703,1,0,114950,geom
9360572,9360572,1,0,114950,geom
9430782,9430782,1,0,34916,geom
8426250,8426250,1,0,34916,geom
9045674,9045674,1,0,50742,geom
5564356,5564356,1,0,96457,geom
4764295,4764295,1,0,96457,geom
510645,510645,1,0,96457,geom
7633863,7633863,1,0,70439,geom
7460435,7460435,1,0,70439,geom
5981318,5981318,1,0,70439,geom
3377736,3377736,1,0,40378,geom
4785508,4785508,1,0,40378,geom
5284413,5284413,1,0,45942,geom
3907808,3907808,1,0,54645,geom
7985955,7985955,1,0,78703,geom
1456807,1456807,1,0,78703,geom
443360,443360,1,0,101169,geom
4876298,4876298,1,0,39989,geom
615648,615648,1,0,41969,geom
977859,977859,1,0,41969,geom
2656356,2656356,1,0,41969,geom
4658270,4658270,1,0,73200,geom
1241789,1241789,1,0,73200,geom
9254988,9254988,1,0,51897,geom
7523185,7523185,1,0,12114,geom
9542462,9542462,1,0,40079,geom
9875939,9875939,1,0,112624,geom
1889568,1889568,1,0,112624,geom
7239133,7239133,1,0,32469,geom
3933758,3933758,1,0,43927,geom
6609104,6609104,1,0,113726,geom
8356458,8356458,1,0,113726,geom
4829309,4829309,1,0,38338,geom
4870492,4870492,1,0,71782,geom
7058871,7058871,1,0,57114,geom
6325752,6325752,1,0,71089,geom
740953,740953,1,0,71089,geom
848604,848604,1,0,119971,geom
848136,848136,1,0,70358,geom
5228990,5228990,1,0,70358,geom
2848915,2848915,1,0,49749,geom
849341,849341,1,0,49749,geom
1077042,1077042,1,0,52951,geom
2243796,2243796,1,0,52951,geom
472364,472364,1,0,22866,geom
8579821,8579821,1,0,36926,geom
9015502,9015502,1,0,76784,geom
8543340,8543340,1,0,76784,geom
8334816,8334816,1,0,58244,geom
90911,90911,1,0,43645,geom
4575595,4575595,1,0,41446,geom
4568544,4568544,1,0,75783,geom
7972949,7972949,1,0,75783,geom
6254338,6254338,1,0,75783,geom
6597655,6597655,1,0,14244,geom
6948650,6948650,1,0,14244,geom
4692722,4692722,1,0,14244,geom
8397764,8397764,1,0,14244,geom
4907148,4907148,1,0,68361,geom
8935063,8935063,1,0,5545,geom
7272128,7272128,1,0,5545,geom
5801094,5801094,1,0,5545,geom
2558969,2558969,1,0,111539,geom
9863228,9863228,1,0,65774,geom
7701381,7701381,1,0,65774,geom
9551811,9551811,1,0,65774,geom
8035934,8035934,1,0,28409,geom
8158601,8158601,1,0,46739,geom
355000,355000,1,0,31550,geom
1509342,1509342,1,0,29821,geom
9322397,9322397,1,0,35109,geom
1801562,1801562,1,0,55177,geom
3730395,3730395,1,0,55177,geom
6210523,6210523,1,0,75219,geom
8370867,8370867,1,0,75219,geom
6698022,6698022,1,0,103782,geom
7737201,7737201,1,0,100421,geom
3107849,3107849,1,0,100421,geom
3611564,3611564,1,0,14757,geom
503084,503084,1,0,20305,geom
677323,677323,1,0,20305,geom
2142076,2142076,1,0,36206,geom
7923278,7923278,1,0,548,geom
7722921,7722921,1,0,48169,geom
1255467,1255467,1,0,123911,geom
8440167,8440167,1,0,55537,geom
1890984,1890984,1,0,55537,geom
8692589,8692589,1,0,64351,geom
543316,543316,1,0,84219,geom
2727372,2727372,1,0,84219,geom
8978996,8978996,1,0,84219,geom
5777481,5777481,1,0,86104,geom
6034026,6034026,1,0,86104,geom
9727818,9727818,1,0,47860,geom
3199396,3199396,1,0,47860,geom
1370373,1370373,1,0,120765,geom
7975619,7975619,1,0,120765,geom
9266321,9266321,1,0,120765,geom
8896934,8896934,1,0,7794,geom
9068334,9068334,1,0,7040,geom
118125,118125,1,0,48416,geom
3413434,3413434,1,0,49765,geom
6700791,6700791,1,0,18982,geom
8452092,8452092,1,0,58836,geom
987639,987639,1,0,62998,geom
5667642,5667642,1,0,71669,geom
7369734,7369734,1,0,30415,geom
9847119,9847119,1,0,112865,geom
2897249,2897249,1,0,112865,geom
8624896,8624896,1,0,1187,geom
9879409,9879409,1,0,6626,geom
7512090,7512090,1,0,74602,geom
2592067,2592067,1,0,74602,geom
2136997,2136997,1,0,74602,geom
6605382,6605382,1,0,111020,geom
6540456,6540456,1,0,78142,geom
1588130,1588130,1,0,122483,geom
6247838,6247838,1,0,599,geom
7602062,7602062,1,0,599,geom
132376,132376,1,0,599,geom
7633863,7633863,1,0,599,geom
6186880,6186880,1,0,599,geom
8623097,8623097,1,0,44881,geom
5182620,5182620,1,0,44881,geom
7450008,7450008,1,0,55054,geom
2865678,2865678,1,0,55054,geom
1087149,1087149,1,0,103443,geom
4849087,4849087,1,0,38240,geom
1367065,1367065,1,0,38240,geom
9156315,9156315,1,0,117447,geom
7382105,7382105,1,0,51649,geom
8743843,8743843,1,0,51649,geom
164254,164254,1,0,51649,geom
9083812,9083812,1,0,109212,geom
3676649,3676649,1,0,109212,geom
5548394,5548394,1,0,37976,geom
2614852,2614852,1,0,37976,geom
4588194,4588194,1,0,37976,geom
6482615,6482615,1,0,85418,geom
7243595,7243595,1,0,85418,geom
2466294,2466326,33,0,85418,geom
2559711,2559711,1,0,40436,geom
4958000,4958000,1,0,107707,geom
9599048,9599048,1,0,39556,geom
9025613,9025613,1,0,82472,geom
9762491,9762491,1,1,66392,geom
3012327,3012327,1,1,23733,geom
3377242,3377242,1,1,23733,geom
4885348,4885348,1,1,52786,geom
9470254,9470254,1,1,51336,geom
6837277,6837277,1,1,119109,geom
977859,977859,1,1,74803,geom
5857674,5857674,1,1,74803,geom
4218405,4218405,1,1,99959,geom
60722,60722,1,1,4387,geom
2121586,2121586,1,1,4387,geom
3238086,3238086,1,1,4387,geom
5075587,5075587,1,1,4387,geom
5991183,5991183,1,1,79087,geom
7701266,7701266,1,1,79087,geom
6678638,6678638,1,1,79087,geom
7087364,7087364,1,1,107009,geom
6302503,6302503,1,1,117715,geom
7293101,7293101,1,1,117715,geom
5079402,5079402,1,1,117715,geom
3051525,3051525,1,1,117715,geom
4784486,4784486,1,1,63072,geom
7705218,7705218,1,1,75797,geom
8371023,8371023,1,1,5332,geom
6439784,6439784,1,1,19885,geom
7984013,7984013,1,1,1393,geom
2948125,2948125,1,1,1393,geom
1366778,1366778,1,1,36580,geom
7345391,7345391,1,1,114051,geom
6069146,6069146,1,1,116307,geom
6984859,6984859,1,1,116307,geom
4390113,4390113,1,1,77564,geom
7586718,7586718,1,1,26116,geom
3153611,3153611,1,1,24348,geom
93334,93334,1,1,3417,geom
4221761,4221761,1,1,525,geom
9039205,9039205,1,1,525,geom
6432506,6432506,1,1,48634,geom
1860831,1860831,1,1,56401,geom
7003355,7003355,1,1,73415,geom
9849690,9849690,1,1,110968,geom
4426454,4426454,1,1,40858,geom
9921375,9921375,1,1,39983,geom
6569947,6569947,1,1,116793,geom
2358863,2358863,1,1,73573,geom
7514356,7514356,1,1,86747,geom
8498492,8498492,1,1,45697,geom
3881542,3881542,1,1,52460,geom
3098874,3098874,1,1,72831,geom
8245388,8245388,1,1,72831,geom
9791800,9791800,1,1,41278,geom
1168844,1168844,1,1,53434,geom
2966963,2966963,1,1,53434,geom
8579406,8579406,1,1,31926,geom
7268224,7268224,1,1,31926,geom
203166,203166,1,1,82569,geom
3075830,3075830,1,1,82569,geom
8440481,8440485,5,1,82569,geom
3447987,3447987,1,1,93076,geom
19092,19092,1,1,121983,geom
19020,19020,1,1,39013,geom
9837641,9837641,1,1,36095,geom
7641898,7641898,1,1,69924,geom
2958401,2958401,1,1,87920,geom
5950262,5950262,1,1,95980,geom
56698,56698,1,1,53455,geom
4223529,4223529,1,1,54239,geom
3736503,3736503,1,1,54239,geom
3795955,3795955,1,1,118541,geom
6580979,6580979,1,1,61860,geom
874788,874788,1,1,99210,geom
9811930,9811930,1,1,29057,geom
6311745,6311745,1,1,104169,geom
6590081,6590081,1,1,104169,geom
3787364,3787364,1,1,97909,geom
9327340,9327340,1,1,111285,geom
7623043,7623043,1,1,12886,geom
3849590,3849590,1,1,48499,geom
5601243,5601243,1,1,55201,geom
8317891,8317891,1,1,40820,geom
7283129,7283129,1,1,40820,geom
9940315,9940332,18,1,40820,geom
9801341,9801341,1,1,40820,geom
9220322,9220322,1,1,103892,geom
2737963,2737963,1,1,95769,geom
925845,925845,1,1,94800,geom
7956251,7956251,1,1,123906,geom
8540978,8540978,1,1,123906,geom
208495,208495,1,1,123906,geom
6861453,6861453,1,1,78629,geom
938792,938792,1,1,57284,geom
4084293,4084293,1,1,5310,geom
8768086,8768086,1,1,8743,geom
7541066,7541066,1,1,8743,geom
3342116,3342116,1,1,8743,geom
9996962,9996962,1,1,21044,geom
1213398,1213398,1,1,21044,geom
9749797,9749797,1,1,21044,geom
4371051,4371051,1,1,74812,geom
1854709,1854709,1,1,74812,geom
9918254,9918254,1,1,79393,geom
5177608,5177608,1,1,90577,geom
7760091,7760091,1,1,53972,geom
7030283,7030283,1,1,111699,geom
6570023,6570023,1,1,26823,geom
168811,168811,1,1,26823,geom
9713592,9713592,1,1,51621,geom
9325415,9325415,1,1,79223,geom
8825909,8825909,1,1,58820,geom
6980057,6980057,1,1,120906,geom
1644252,1644252,1,1,27038,geom
9025928,9025928,1,1,43605,geom
5120336,5120336,1,1,43605,geom
4236706,4236706,1,1,2213,geom
1921929,1921929,1,1,119060,geom
595980,595980,1,1,88864,geom
6423459,6423459,1,1,88864,geom
5101889,5101889,1,1,47524,geom
4935525,4935525,1,1,6233,geom
1840151,1840151,1,1,110590,geom
3773094,3773094,1,1,110590,geom
5991183,5991183,1,1,62573,geom
2679780,2679780,1,1,113338,geom
3372133,3372133,1,1,85721,geom
5054096,5054096,1,1,85721,geom
7184905,7184905,1,1,65702,geom
8724227,8724227,1,1,65702,geom
9963864,9963864,1,1,52266,geom
8224090,8224090,1,1,52266,geom
672470,672470,1,1,7245,geom
9413872,9413872,1,1,7245,geom
8683253,8683253,1,1,61266,geom
2468852,2468852,1,1,61266,geom
7608021,7608021,1,1,12381,geom
7457947,7457947,1,1,108918,geom
8396631,8396631,1,1,3004,geom
6770834,6770834,1,1,3004,geom
6809056,6809056,1,1,3004,geom
305081,305081,1,1,25019,geom
3690177,3690177,1,1,25019,geom
8109183,8109183,1,1,11437,geom
2650836,2650836,1,1,63750,geom
5542406,5542406,1,1,113347,geom
8478322,8478322,1,1,113347,geom
8672219,8672219,1,1,96948,geom
8769728,8769728,1,1,96948,geom
926767,926767,1,1,58351,geom
4652523,4652523,1,1,58351,geom
7614711,7614711,1,1,58351,geom
2753264,2753264,1,1,58351,geom
3836928,3836928,1,1,95918,geom
8095737,8095737,1,1,95918,geom
6633668,6633668,1,1,14472,geom
9837641,9837641,1,1,14472,geom
13395,13395,1,1,54355,geom
5668105,5668105,1,1,33697,geom
6801925,6801925,1,1,33697,geom
3729800,3729800,1,1,19406,geom
3904882,3904882,1,1,58758,geom
1307676,1307676,1,1,97417,geom
4595760,4595760,1,1,30734,geom
8957901,8957901,1,1,30734,geom
8745463,8745463,1,1,30734,geom
3937023,3937023,1,1,51480,geom
5941335,5941335,1,1,51480,geom
7434883,7434883,1,1,51480,geom
8586853,8586853,1,1,51480,geom
1809945,1809945,1,1,57743,geom
9115149,9115149,1,1,57743,geom
1750772,1750772,1,1,32705,geom
3849590,3849590,1,1,32705,geom
204759,204759,1,1,32705,geom
5590457,5590457,1,1,83142,geom
848639,848639,1,1,36346,geom
9974378,9974378,1,1,112949,geom
2013355,2013355,1,1,80152,geom
4007266,4007266,1,1,80152,geom
4803244,4803244,1,1,90868,geom
7264742,7264742,1,1,90868,geom
3134574,3134574,1,1,90868,geom
3222011,3222011,1,1,40653,geom
4555813,4555813,1,1,60123,geom
8291622,8291622,1,1,69745,geom
8713355,8713355,1,1,69745,geom
7759602,7759602,1,1,69745,geom
7525764,7525764,1,1,2538,geom
7906708,7906708,1,1,22001,geom
1942144,1942144,1,1,22001,geom
4318583,4318583,1,1,22001,geom
7303590,7303590,1,1,26440,geom
9399117,9399117,1,1,26440,geom
1572361,1572361,1,1,26440,geom
1747921,1747921,1,1,49940,geom
7902301,7902301,1,1,115854,geom
2746273,2746273,1,1,57593,geom
6102965,6102965,1,1,57593,geom
1518005,1518005,1,1,10778,geom
3947841,3947841,1,1,53230,geom
1432368,1432368,1,1,109288,geom
6938535,6938535,1,1,104011,geom
923380,923380,1,1,5698,geom
2679214,2679214,1,1,41834,geom
5022568,5022568,1,1,123158,geom
9966419,9966419,1,1,53582,geom
8653597,8653597,1,1,18131,geom
1031820,1031820,1,1,18131,geom
9351255,9351255,1,1,70089,geom
9171974,9171974,1,1,70089,geom
4533123,4533123,1,1,56000,geom
4596722,4596722,1,1,56000,geom
8288485,8288485,1,1,96911,geom
6174402,6174402,1,1,83075,geom
3115531,3115531,1,1,115977,geom
85580,85580,1,1,115977,geom
9303281,9303281,1,1,11272,geom
3201206,3201206,1,1,11272,geom
2862724,2862724,1,1,11272,geom
8289455,8289455,1,1,41269,geom
4199543,4199543,1,1,10542,geom
6549692,6549692,1,1,51231,geom
840722,840722,1,1,14452,geom
4712601,4712601,1,1,14452,geom
1123974,1123974,1,1,101328,geom
5860539,5860539,1,1,101328,geom
9811259,9811259,1,1,23349,geom
5791202,5791202,1,1,110531,geom
6581537,6581537,1,1,35838,geom
9035026,9035032,7,1,5390,geom
9570691,9570691,1,1,28485,geom
388264,388264,1,1,57910,geom
4771339,4771339,1,1,93326,geom
7429926,7429926,1,1,93326,geom
2027090,2027090,1,1,93326,geom
7306211,7306211,1,1,93602,geom
8937809,8937809,1,1,93864,geom
475775,475775,1,1,93864,geom
8395653,8395653,1,1,39545,geom
7897281,7897281,1,1,39545,geom
7596547,7596547,1,1,39545,geom
7331004,7331004,1,1,23089,geom
1880175,1880175,1,1,107253,geom
4392558,4392558,1,1,107253,geom
4466286,4466286,1,1,84948,geom
5767673,5767673,1,1,110470,geom
6168756,6168756,1,1,110470,geom
5833641,5833641,1,1,33554,geom
9281338,9281338,1,1,33554,geom
8552857,8552857,1,1,69601,geom
5587198,5587198,1,1,69601,geom
4020869,4020869,1,1,69601,geom
3663170,3663170,1,1,59958,geom
1663719,1663719,1,1,23857,geom
1604227,1604227,1,1,59612,geom
2407075,2407075,1,1,106783,geom
1738295,1738295,1,1,45929,geom
8802615,8802615,1,1,34865,geom
1421938,1421938,1,1,94034,geom
8247875,8247875,1,1,124457,geom
9705645,9705645,1,1,27475,geom
5229696,5229696,1,1,22235,geom
9294618,9294618,1,1,101654,geom
8082882,8082882,1,1,120051,geom
2764885,2764885,1,1,61016,geom
2451096,2451096,1,1,94364,geom
2968105,2968105,1,1,94364,geom
5122659,5122659,1,1,74192,geom
2237275,2237275,1,1,86136,geom
5541644,5541644,1,1,50979,geom
1130159,1130159,1,1,50979,geom
6563970,6563970,1,1,41100,geom
4003604,4003604,1,1,104713,geom
4096829,4096829,1,1,44668,geom
2243669,2243669,1,1,44668,geom
1193987,1193987,1,1,44668,geom
7015221,7015221,1,1,79285,geom
996392,996392,1,1,79285,geom
6919577,6919577,1,1,79285,geom
5806714,5806714,1,1,84684,geom
3157423,3157423,1,1,84732,geom
8475505,8475505,1,1,84732,geom
8705594,8705594,1,1,26410,geom
9834782,9834782,1,1,26410,geom
7487242,7487242,1,1,15687,geom
7349132,7349132,1,1,15687,geom
6398516,6398516,1,1,18689,geom
7096957,7096957,1,1,18689,geom
3217311,3217311,1,1,18689,geom
2555873,2555873,1,1,18689,geom
9186877,9186877,1,1,66212,geom
5068321,5068321,1,1,2892,geom
3924849,3924849,1,1,2892,geom
7472947,7472947,1,1,94578,geom
8653597,8653597,1,1,20824,geom
3114738,3114738,1,1,94991,geom
6698381,6698397,17,1,5093,geom
4385584,4385584,1,1,116200,geom
848136,848136,1,1,116200,geom
5159674,5159674,1,1,116200,geom
6601162,6601162,1,1,84983,geom
5008515,5008515,1,1,84983,geom
2874732,2874732,1,1,63724,geom
3132360,3132360,1,1,63724,geom
8406696,8406696,1,1,3293,geom
6936571,6936571,1,1,53469,geom
6152920,6152920,1,1,36825,geom
1257534,1257534,1,1,37205,geom
8208513,8208513,1,1,37205,geom
6025966,6025966,1,1,1035,geom
6398516,6398516,1,1,20670,geom
5286540,5286540,1,1,95871,geom
4820768,4820768,1,1,28164,geom
9853253,9853253,1,1,52675,geom
1834524,1834524,1,1,52675,geom
4576058,4576058,1,1,85549,geom
6970890,6970890,1,1,100846,geom
6487050,6487050,1,1,100846,geom
5368802,5368802,1,1,32431,geom
3009029,3009029,1,1,74083,geom
5300994,5300994,1,1,124300,geom
1036370,1036370,1,1,55116,geom
7876335,7876335,1,1,120479,geom
1275720,1275720,1,1,120479,geom
8695909,8695909,1,1,3828,geom
6701740,6701740,1,1,105023,geom
6628119,6628119,1,1,105023,geom
229291,229291,1,1,111943,geom
6426169,6426169,1,1,111943,geom
2693129,2693129,1,1,56825,geom
86962,86962,1,1,72906,geom
3202903,3202903,1,1,93549,geom
443360,443360,1,1,53602,geom
5303725,5303725,1,1,94895,geom
7200283,7200283,1,1,102618,geom
5577896,5577896,1,1,102618,geom
2274825,2274825,1,1,102618,geom
9864997,9864997,1,1,102618,geom
7104594,7104594,1,1,49580,geom
9976666,9976666,1,1,110109,geom
9425890,9425890,1,1,20331,geom
2506326,2506326,1,1,6170,geom
4668389,4668389,1,1,6170,geom
673798,673847,50,1,41258,geom
9644726,9644726,1,1,41258,geom
6278547,6278547,1,1,44832,geom
9964320,9964320,1,1,37595,geom
2225995,2225995,1,1,27640,geom
9042512,9042512,1,1,13864,geom
1973197,1973197,1,1,52948,geom
3394579,3394579,1,1,103612,geom
4518770,4518770,1,1,97918,geom
5802127,5802127,1,1,109441,geom
6123338,6123338,1,1,109441,geom
8665291,8665291,1,1,38720,geom
9522577,9522577,1,1,38720,geom
8828905,8828905,1,1,53394,geom
9956923,9956923,1,1,53394,geom
1893073,1893073,1,1,117179,geom
8672541,8672541,1,1,97127,geom
6837583,6837583,1,1,97127,geom
6934929,6934929,1,1,5704,geom
4672874,4672874,1,1,31396,geom
2157571,2157571,1,1,31396,geom
3804065,3804065,1,1,120022,geom
9963693,9963693,1,1,120022,geom
4014344,4014344,1,1,41741,geom
3886072,3886072,1,1,41741,geom
6561926,6561926,1,1,41741,geom
2313360,2313360,1,1,41741,geom
1568738,1568747,10,1,41741,geom
4513598,4513598,1,1,41945,geom
260828,260828,1,1,41945,geom
5901376,5901376,1,1,78333,geom
2015201,2015201,1,1,78333,geom
3185553,3185553,1,1,78333,geom
3858370,3858370,1,1,69937,geom
9495757,9495757,1,1,43622,geom
7614478,7614478,1,1,55685,geom
2761962,2761962,1,1,120099,geom
5114354,5114354,1,1,86674,geom
8862690,8862690,1,1,86674,geom
1498217,1498217,1,1,26377,geom
295923,295923,1,1,103333,geom
3467159,3467159,1,1,29284,geom
3688633,3688633,1,1,29284,geom
7742091,7742091,1,1,50669,geom
5261287,5261287,1,1,50669,geom
7237520,7237520,1,1,70332,geom
9770808,9770808,1,1,91590,geom
1823769,1823769,1,1,120584,geom
2125145,2125145,1,1,120584,geom
8261576,8261576,1,1,120584,geom
2381443,2381443,1,1,111218,geom
2534980,2534980,1,1,111218,geom
8506568,8506568,1,1,122944,geom
1627186,1627186,1,1,122944,geom
9980026,9980026,1,1,25775,geom
8743843,8743843,1,1,25775,geom
6770834,6770834,1,1,25775,geom
2885466,2885466,1,1,25775,geom
8805527,8805527,1,1,25775,geom
9806663,9806663,1,1,25775,geom
8459853,8459853,1,1,116015,geom
5177608,5177608,1,1,89753,geom
7739580,7739580,1,1,89753,geom
1650457,1650457,1,1,89753,geom
9054405,9054405,1,1,17833,geom
7473736,7473736,1,1,17833,geom
8243365,8243365,1,1,17833,geom
2681898,2681898,1,1,117981,geom
1938966,1938966,1,1,117981,geom
8904000,8904000,1,1,117981,geom
3886072,3886072,1,1,124508,geom
4769476,4769476,1,1,23010,geom
6713840,6713840,1,1,23010,geom
6951289,6951289,1,1,23010,geom
5587135,5587135,1,1,23010,geom
5225157,5225157,1,1,100234,geom
8365963,8365963,1,1,24306,geom
7675562,7675562,1,1,31568,geom
2822943,2822943,1,1,41447,geom
5284413,5284413,1,1,91723,geom
5601294,5601298,5,1,119679,geom
9126050,9126050,1,1,119679,geom
6330344,6330344,1,1,27993,geom
6583522,6583522,1,1,105157,geom
4840212,4840212,1,1,105157,geom
454483,454483,1,1,70243,geom
3433924,3433924,1,1,70243,geom
3796174,3796174,1,1,119895,geom
9411398,9411398,1,1,42594,geom
3713628,3713628,1,1,99654,geom
7660536,7660536,1,1,99654,geom
2605583,2605583,1,1,85398,geom
1035490,1035490,1,1,112701,geom
9827398,9827398,1,1,112701,geom
6490730,6490730,1,1,107627,geom
3575480,3575480,1,1,107627,geom
5165698,5165698,1,1,107627,geom
2361832,2361832,1,1,79515,geom
1986927,1986927,1,1,79515,geom
61449,61449,1,1,107570,geom
3025317,3025317,1,1,23908,geom
2721396,2721396,1,1,23908,geom
7783574,7783574,1,1,101517,geom
9702381,9702381,1,1,30129,geom
755606,755606,1,1,29747,geom
6587187,6587187,1,1,29747,geom
108176,108176,1,1,29747,geom
7110513,7110513,1,1,31830,geom
3428201,3428201,1,1,114005,geom
401386,401386,1,1,30990,geom
9784269,9784269,1,1,30990,geom
4101731,4101731,1,1,31891,geom
5804162,5804162,1,1,72522,geom
6578465,6578465,1,1,11950,geom
9006113,9006113,1,1,41511,geom
6333067,6333067,1,1,101553,geom
6138436,6138436,1,1,101553,geom
2895321,2895321,1,1,91669,geom
9643185,9643185,1,1,42303,geom
7173261,7173261,1,1,42303,geom
3818222,3818222,1,1,106988,geom
4278721,4278721,1,1,32767,geom
3584036,3584036,1,1,73759,geom
3858420,3858420,1,1,73759,geom
4877877,4877877,1,1,79758,geom
5181327,5181327,1,1,114787,geom
9879274,9879274,1,1,18901,geom
1320485,1320485,1,1,18901,geom
8013342,8013342,1,1,64585,geom
4179447,4179447,1,1,86781,geom
9907490,9907490,1,1,86781,geom
4789303,4789303,1,1,41865,geom
2452187,2452187,1,1,8684,geom
2331801,2331801,1,1,78688,geom
52624,52624,1,1,78688,geom
1778227,1778227,1,1,78688,geom
2150528,2150528,1,1,78688,geom
4046336,4046336,1,1,45749,geom
3002864,3002864,1,1,15475,geom
513273,513273,1,1,85946,geom
7786468,7786468,1,1,85946,geom
8939841,8939844,4,1,68302,geom
1871922,1871922,1,1,68302,geom
1725627,1725627,1,1,68302,geom
7268224,7268224,1,1,107459,geom
1834988,1834988,1,1,22751,geom
1500881,1500881,1,1,89139,geom
5240185,5240185,1,1,89139,geom
3874360,3874360,1,1,68463,geom
7937095,7937095,1,1,60927,geom
2042728,2042728,1,1,124966,geom
2334903,2334903,1,1,124966,geom
6951289,6951289,1,1,124966,geom
9803590,9803590,1,1,124966,geom
3786105,3786105,1,1,56529,geom
9933178,9933178,1,1,57949,geom
8593945,8593945,1,1,96519,geom
7069001,7069125,125,1,96519,geom
7756977,7756977,1,1,4136,geom
3575646,3575646,1,1,73450,geom
6547292,6547292,1,1,73450,geom
3737765,3737765,1,1,93057,geom
4728677,4728677,1,1,81596,geom
8991648,8991648,1,1,66349,geom
5350911,5350911,1,1,66349,geom
7519814,7519814,1,1,66349,geom
3119955,3119955,1,1,75025,geom
8738632,8738637,6,1,75025,geom
8249495,8249495,1,1,75025,geom
3113383,3113386,4,1,42633,geom
2142596,2142596,1,1,42633,geom
8533083,8533083,1,1,36821,geom
1591525,1591525,1,1,32306,geom
828609,828609,1,1,32306,geom
4600650,4600650,1,1,70038,geom
3815614,3815614,1,1,35248,geom
9763571,9763571,1,1,51182,geom
1280465,1280465,1,1,102424,geom
9386176,9386176,1,1,102424,geom
7293101,7293101,1,1,2461,geom
9309648,9309648,1,1,47979,geom
530238,530238,1,1,25605,geom
578305,578305,1,1,39039,geom
7463429,7463429,1,1,37022,geom
9330028,9330028,1,1,37022,geom
4103357,4103357,1,1,37022,geom
2116261,2116261,1,1,77893,geom
7474410,7474410,1,1,77893,geom
2069816,2069816,1,1,51916,geom
4538498,4538498,1,1,109701,geom
5076009,5076009,1,1,65163,geom
7092034,7092034,1,1,65163,geom
7312471,7312471,1,1,65163,geom
3306354,3306354,1,1,5317,geom
66289,66289,1,1,73587,geom
4139339,4139339,1,1,73587,geom
3168427,3168427,1,1,101517,geom
2612603,2612603,1,1,21455,geom
3677280,3677280,1,1,21455,geom
7439642,7439642,1,1,24912,geom
2618079,2618079,1,1,69274,geom
3062085,3062085,1,1,24986,geom
6286153,6286153,1,1,60833,geom
3773094,3773094,1,1,3841,geom
7185360,7185360,1,1,91843,geom
6621144,6621144,1,1,91843,geom
6338762,6338762,1,1,91843,geom
6437205,6437205,1,1,59287,geom
2216706,2216706,1,1,102145,geom
7993291,7993291,1,1,102145,geom
7977328,7977328,1,1,102145,geom
4374316,4374316,1,1,37904,geom
2822099,2822099,1,1,104134,geom
2010625,2010625,1,1,74826,geom
8596954,8596954,1,1,84892,geom
5987716,5987716,1,1,84892,geom
8689077,8689077,1,1,84892,geom
5303819,5303819,1,1,84892,geom
1368944,1368944,1,1,84892,geom
4874160,4874160,1,1,123058,geom
668237,668237,1,1,26688,geom
7322247,7322247,1,1,26688,geom
6902499,6902499,1,1,114756,geom
3555639,3555639,1,1,114756,geom
1903736,1903736,1,1,74503,geom
2326939,2326939,1,1,76463,geom
4459697,4459697,1,1,76463,geom
5594455,5594455,1,1,76463,geom
71690,71690,1,1,18518,geom
497788,497788,1,1,59547,geom
1992688,1992688,1,1,59547,geom
4496259,4496259,1,1,59547,geom
3749242,3749242,1,1,59547,geom
5387068,5387068,1,1,103793,geom
1708230,1708230,1,1,103793,geom
6475690,6475690,1,1,80889,geom
6591071,6591071,1,1,80889,geom
2402810,2402810,1,1,80889,geom
1170520,1170549,30,1,80889,geom
3201206,3201206,1,1,122375,geom
8346420,8346420,1,1,122375,geom
1149536,1149536,1,1,93352,geom
7604191,7604191,1,1,93352,geom
9499502,9499502,1,1,42780,geom
5177608,5177608,1,1,84588,geom
7759602,7759602,1,1,77462,geom
9254988,9254988,1,1,105324,geom
1736251,1736251,1,1,105324,geom
4216420,4216420,1,1,1416,geom
6572334,6572334,1,1,1416,geom
3053642,3053642,1,1,367,geom
9803795,9803795,1,1,367,geom
5490628,5490628,1,1,367,geom
679983,679983,1,1,367,geom
9763571,9763571,1,1,56017,geom
2611488,2611488,1,1,2760,geom
2601281,2601281,1,1,48159,geom
214448,214448,1,1,24803,geom
6941937,6941937,1,1,83066,geom
8109183,8109183,1,1,9216,geom
2444310,2444310,1,1,9216,geom
5508956,5508956,1,1,123341,geom
2243316,2243316,1,1,124538,geom
7760222,7760222,1,1,124538,geom
8713406,8713406,1,1,15684,geom
2673636,2673636,1,1,91446,geom
6913736,6913736,1,1,115601,geom
6450062,6450062,1,1,75753,geom
7066713,7066713,1,1,75753,geom
777584,777584,1,1,73583,geom
6161483,6161483,1,1,119158,geom
6485785,6485785,1,1,1488,geom
6180972,6180972,1,1,1488,geom
3786878,3786878,1,1,29476,geom
1073427,1073427,1,1,36110,geom
8298903,8298903,1,1,17089,geom
8370867,8370867,1,1,100064,geom
9982326,9982326,1,1,70138,geom
6593749,6593749,1,1,70138,geom
255601,255601,1,1,25310,geom
5500403,5500403,1,1,25310,geom
4840600,4840600,1,1,73897,geom
7972414,7972455,42,1,73897,geom
5274177,5274177,1,1,74770,geom
2781288,2781288,1,1,74770,geom
7259203,7259203,1,1,6010,geom
1446647,1446647,1,1,25891,geom
8408224,8408224,1,1,88478,geom
2659891,2659891,1,1,88478,geom
2274109,2274109,1,1,65613,geom
9171483,9171483,1,1,81573,geom
500551,500551,1,1,81573,geom
5923201,5923201,1,1,58878,geom
2912738,2912738,1,1,58878,geom
9564876,9564876,1,1,58878,geom
5289982,5289982,1,1,55368,geom
1101894,1101894,1,1,102863,geom
9348728,9348728,1,1,102863,geom
4294783,4294783,1,1,96043,geom
456549,456549,1,1,96029,geom
460535,460544,10,1,1522,geom
8365939,8365939,1,1,750,geom
4594556,4594556,1,1,750,geom
7238674,7238674,1,1,93081,geom
7089536,7089536,1,1,93081,geom
5318611,5318611,1,1,93081,geom
2660030,2660030,1,1,1528,geom
5076670,5076670,1,1,26849,geom
3261833,3261833,1,1,26849,geom
4942141,4942141,1,1,26849,geom
8438736,8438736,1,1,26849,geom
7508371,7508371,1,1,91808,geom
6693845,6693845,1,1,117236,geom
3758247,3758247,1,1,115811,geom
7324599,7324599,1,1,40871,geom
2983748,2983748,1,1,40871,geom
7998331,7998331,1,1,82845,geom
6684277,6684277,1,1,100896,geom
5333227,5333227,1,1,100896,geom
3529714,3529714,1,1,124577,geom
7806097,7806097,1,1,80569,geom
40940,40940,1,1,80569,geom
8844895,8844895,1,1,438,geom
354594,354594,1,1,35247,geom
397440,397440,1,1,117688,geom
1734224,1734224,1,1,117688,geom
4943559,4943559,1,1,117235,geom
1435563,1435563,1,1,753,geom
8671761,8671761,1,1,753,geom
6237036,6237036,1,1,753,geom
9892338,9892338,1,1,753,geom
8508477,8508477,1,1,753,geom
9834600,9834600,1,1,16243,geom
8261576,8261576,1,1,39775,geom
9571894,9571894,1,1,39775,geom
2689344,2689344,1,1,8295,geom
8998666,8998666,1,1,89863,geom
5023732,5023732,1,1,89863,geom
5378911,5378918,8,1,89863,geom
2953630,2953630,1,1,77394,geom
1370373,1370373,1,1,108084,geom
6995982,6995982,1,1,10730,geom
987639,987639,1,1,61189,geom
3264617,3264617,1,1,23363,geom
2294519,2294519,1,1,23363,geom
1908548,1908548,1,1,99820,geom
1820777,1820777,1,1,99820,geom
6788763,6788763,1,1,37698,geom
2083232,2083232,1,1,75454,geom
4094528,4094528,1,1,75454,geom
3946987,3946987,1,1,60346,geom
6913042,6913042,1,1,60346,geom
6251072,6251072,1,1,23407,geom
8281734,8281734,1,1,22720,geom
7078878,7078878,1,1,6388,geom
8175503,8175503,1,1,88511,geom
7676363,7676363,1,1,4693,geom
1722276,1722276,1,1,4693,geom
4420388,4420388,1,1,97102,geom
6063625,6063625,1,1,97102,geom
5356025,5356025,1,1,15373,geom
8948087,8948087,1,1,15373,geom
5610374,5610374,1,1,91308,geom
578305,578305,1,1,53784,geom
10283,10283,1,1,53784,geom
3299596,3299596,1,1,38757,geom
5022568,5022568,1,1,38757,geom
1760735,1760735,1,1,73737,geom
7820918,7820918,1,1,73737,geom
5122659,5122659,1,1,29141,geom
8940263,8940263,1,1,29141,geom
7073793,7073793,1,1,29141,geom
6804732,6804732,1,1,57494,geom
7716230,7716230,1,1,38736,geom
3230656,3230656,1,1,79960,geom
8828905,8828905,1,1,79960,geom
854615,854615,1,1,60247,geom
8098199,8098199,1,1,60247,geom
5293916,5293916,1,1,2604,geom
2620333,2620333,1,1,14894,geom
6949966,6949966,1,1,14894,geom
7936002,7936002,1,1,14894,geom
1451247,1451247,1,1,96258,geom
9224368,9224368,1,1,96258,geom
7843109,7843109,1,1,96258,geom
9327340,9327340,1,1,29578,geom
3627445,3627445,1,1,68726,geom
280816,280816,1,1,110871,geom
6660380,6660380,1,1,50389,geom
3719088,3719088,1,1,32779,geom
1328429,1328429,1,1,91661,geom
7888827,7888827,1,1,121204,geom
6625561,6625561,1,1,62550,geom
2434090,2434090,1,1,122984,geom
9708476,9708476,1,1,122984,geom
4536247,4536247,1,1,120547,geom
5717759,5717759,1,1,107327,geom
2986478,2986478,1,1,107327,geom
1496061,1496061,1,1,23742,geom
7874399,7874399,1,1,23742,geom
7322364,7322364,1,1,23742,geom
181427,181427,1,1,117531,geom
8256618,8256618,1,1,117531,geom
7403035,7403035,1,1,21368,geom
8466275,8466275,1,1,15901,geom
6591071,6591071,1,1,75750,geom
2771389,2771389,1,1,37655,geom
6064564,6064564,1,1,56840,geom
4794439,4794439,1,1,73229,geom
6124513,6124513,1,1,11305,geom
3298866,3298866,1,1,11305,geom
5723280,5723280,1,1,63915,geom
400797,400797,1,1,70390,geom
6847352,6847352,1,1,69047,geom
4609463,4609463,1,1,66699,geom
7377240,7377240,1,1,66699,geom
5604106,5604106,1,1,9331,geom
2691971,2691971,1,1,9331,geom
7134743,7134743,1,1,36977,geom
3241665,3241665,1,1,108708,geom
8365939,8365939,1,1,108708,geom
636841,636841,1,1,108708,geom
3674680,3674680,1,1,23512,geom
8475505,8475505,1,1,120068,geom
8094635,8094635,1,1,59383,geom
254642,254642,1,1,17325,geom
8565775,8565775,1,1,86954,geom
3288034,3288034,1,1,73613,geom
5201750,5201756,7,1,30480,geom
1840244,1840244,1,1,86007,geom
9811800,9811800,1,1,86007,geom
291488,291488,1,1,86007,geom
4322961,4322961,1,1,86007,geom
2081164,2081164,1,1,42069,geom
6106391,6106391,1,1,61700,geom
7801924,7801924,1,1,61700,geom
5775193,5775193,1,1,61700,geom
4531105,4531105,1,1,60147,geom
9456674,9456674,1,1,94280,geom
8506624,8506624,1,1,120536,geom
8698393,8698393,1,1,120536,geom
5646561,5646561,1,1,120536,geom
1764358,1764358,1,1,119960,geom
8026786,8026786,1,1,100988,geom
9816916,9816916,1,1,100988,geom
2159186,2159186,1,1,100988,geom
1094447,1094447,1,1,54844,geom
2407340,2407340,1,1,54844,geom
8128966,8128966,1,1,42390,geom
2244422,2244422,1,1,42390,geom
3744615,3744615,1,1,42390,geom
8396631,8396631,1,1,77771,geom
3695325,3695325,1,1,23729,geom
4915782,4915782,1,1,91821,geom
4100944,4100944,1,1,90698,geom
4271931,4271931,1,1,12637,geom
8284277,8284277,1,1,112811,geom
3154939,3154939,1,1,112811,geom
9005964,9005964,1,1,42676,geom
8334816,8334816,1,1,42676,geom
513558,513558,1,1,22629,geom
7972455,7972455,1,1,21051,geom
781694,781694,1,1,21051,geom
4409577,4409577,1,1,42566,geom
6984955,6984955,1,1,95676,geom
5603547,5603547,1,1,95676,geom
9009699,9009699,1,1,44137,geom
2193759,2193759,1,1,90060,geom
4600650,4600650,1,1,90060,geom
9015502,9015502,1,1,19838,geom
8809426,8809426,1,1,103654,geom
1955285,1955285,1,1,103654,geom
443360,443360,1,1,60383,geom
7846171,7846171,1,1,24613,geom
3401035,3401035,1,1,114100,geom
2151845,2151845,1,1,87544,geom
5901376,5901376,1,1,87544,geom
676966,676979,14,1,87544,geom
93173,93173,1,1,121114,geom
2244617,2244617,1,1,121114,geom
9864870,9864870,1,1,42103,geom
825413,825413,1,1,42103,geom
9040673,9040673,1,1,4854,geom
6700181,6700181,1,1,3351,geom
2870736,2870736,1,1,88359,geom
3507449,3507449,1,1,88359,geom
4541896,4541896,1,1,124234,geom
5187753,5187753,1,1,29620,geom
5488509,5488509,1,1,106103,geom
1496440,1496440,1,1,106103,geom
3768073,3768073,1,1,2299,geom
7781014,7781014,1,1,2299,geom
1155155,1155155,1,1,110377,geom
2800406,2800406,1,1,59337,geom
3712922,3712922,1,1,6858,geom
7142159,7142159,1,1,6858,geom
9255290,9255290,1,1,6858,geom
4288584,4288598,15,1,68566,geom
3574024,3574024,1,1,68566,geom
4992736,4992736,1,1,68566,geom
2085345,2085345,1,1,40502,geom
9742049,9742049,1,1,91591,geom
2158776,2158776,1,1,91591,geom
4346056,4346056,1,1,109192,geom
3338065,3338065,1,1,109929,geom
4103357,4103357,1,1,76329,geom
680001,680001,1,1,76329,geom
633022,633055,34,1,49333,geom
4158469,4158469,1,1,96499,geom
5581727,5581727,1,1,96499,geom
9725459,9725459,1,1,4930,geom
9188477,9188477,1,1,4930,geom
1873613,1873613,1,1,4930,geom
6994101,6994101,1,1,52862,geom
1865499,1865499,1,1,52862,geom
1009050,1009050,1,1,12900,geom
3032159,3032159,1,1,101726,geom
3930489,3930489,1,1,27098,geom
5649859,5649859,1,1,63602,geom
5594410,5594410,1,1,39448,geom
3401486,3401486,1,1,39448,geom
8912731,8912731,1,1,106040,geom
8321170,8321170,1,1,89035,geom
7905668,7905668,1,1,39058,geom
9934354,9934354,1,1,45860,geom
7812768,7812768,1,1,45860,geom
2983578,2983578,1,1,19510,geom
7759649,7759649,1,1,19510,geom
9830283,9830283,1,1,8054,geom
503084,503084,1,1,17916,geom
8127622,8127622,1,1,27170,geom
3511825,3511825,1,1,4328,geom
6995982,6995982,1,1,119165,geom
496902,496902,1,1,75066,geom
2171730,2171730,1,1,18716,geom
8439960,8439960,1,1,18716,geom
1995906,1995906,1,1,18716,geom
7091012,7091012,1,1,18716,geom
4675870,4675870,1,1,93346,geom
3199177,3199177,1,1,93346,geom
7874075,7874075,1,1,93346,geom
9828140,9828140,1,1,84536,geom
9932121,9932121,1,1,121258,geom
3238086,3238086,1,1,33466,geom
8632592,8632592,1,1,99160,geom
1315633,1315633,1,1,3451,geom
8750027,8750027,1,1,3451,geom
5074918,5074918,1,1,10928,geom
2742983,2742983,1,1,10928,geom
3583988,3583988,1,1,85352,geom
1322859,1322859,1,1,85352,geom
2957948,2957948,1,1,110338,geom
293833,293833,1,1,110338,geom
9919103,9919103,1,1,86623,geom
8437145,8437145,1,1,67255,geom
7579088,7579088,1,1,44757,geom
6506074,6506074,1,1,44757,geom
9771970,9771970,1,1,90716,geom
7131709,7131709,1,1,90716,geom
7629048,7629048,1,1,90716,geom
5413392,5413392,1,1,12834,geom
7289096,7289096,1,1,25005,geom
5582052,5582052,1,1,25005,geom
2789768,2789789,22,1,5883,geom
8504800,8504800,1,1,74625,geom
118243,118243,1,1,67828,geom
9398153,9398153,1,1,53550,geom
1404726,1404726,1,1,92045,geom
1336696,1336696,1,1,38973,geom
5181327,5181327,1,1,38973,geom
8301192,8301192,1,1,36992,geom
4609356,4609356,1,1,36992,geom
5669426,5669426,1,1,58384,geom
7411428,7411428,1,1,58384,geom
2679856,2679856,1,1,58384,geom
5857120,5857120,1,1,63032,geom
6583746,6583746,1,1,63032,geom
5987103,5987103,1,1,42825,geom
2091436,2091436,1,1,42825,geom
6621632,6621632,1,1,103726,geom
3173443,3173443,1,1,27408,geom
6534804,6534804,1,1,1851,geom
6608974,6608974,1,1,70431,geom
6249702,6249702,1,1,98952,geom
9287422,9287422,1,1,53807,geom
6727004,6727004,1,1,104710,geom
2028283,2028283,1,1,104710,geom
5822526,5822526,1,1,68999,geom
6060512,6060512,1,1,19710,geom
3319344,3319344,1,1,19710,geom
9986256,9986256,1,1,595,geom
4190950,4190950,1,1,90715,geom
7977122,7977122,1,1,8810,geom
7938525,7938525,1,1,84103,geom
2970016,2970016,1,1,84103,geom
6451812,6451812,1,1,64640,geom
7916195,7916195,1,1,64640,geom
1195225,1195225,1,1,28448,geom
1837922,1837922,1,1,79188,geom
9396965,9396965,1,1,79188,geom
2837215,2837215,1,1,42714,geom
7142483,7142486,4,1,42714,geom
5392923,5392923,1,1,42714,geom
8177390,8177390,1,1,83241,geom
7849901,7849901,1,1,110063,geom
3113383,3113386,4,1,97365,geom
702559,702559,1,1,97365,geom
8437145,8437145,1,1,6262,geom
8941974,8941974,1,1,103148,geom
7039049,7039049,1,1,47150,geom
322012,322012,1,1,115074,geom
5638888,5638888,1,1,90175,geom
1098929,1098929,1,1,59877,geom
4934252,4934252,1,1,116609,geom
8482189,8482189,1,1,116609,geom
923380,923380,1,1,24231,geom
7141459,7141459,1,1,24231,geom
1976462,1976462,1,1,24231,geom
6801434,6801434,1,1,6331,geom
4103146,4103146,1,1,6331,geom
5905137,5905137,1,1,6331,geom
8035934,8035934,1,1,22797,geom
671507,671507,1,1,22797,geom
1520634,1520634,1,1,85321,geom
9223060,9223060,1,1,58814,geom
2193759,2193759,1,1,58814,geom
162015,162015,1,1,118800,geom
4152340,4152340,1,1,118800,geom
4581554,4581554,1,1,94134,geom
8341398,8341408,11,1,94134,geom
4771339,4771339,1,1,22548,geom
49645,49645,1,1,86716,geom
9026268,9026268,1,1,36936,geom
8160026,8160026,1,1,26356,geom
9266882,9266882,1,1,61290,geom
1092917,1092917,1,1,61290,geom
4937104,4937119,16,1,60740,geom
4801997,4801997,1,1,60740,geom
6314822,6314822,1,1,60740,geom
1620061,1620061,1,1,60740,geom
7931481,7931481,1,1,44442,geom
4990430,4990430,1,1,44442,geom
4025112,4025112,1,1,86293,geom
7906476,7906476,1,1,118008,geom
9108684,9108684,1,1,35651,geom
5276603,5276603,1,1,35651,geom
2147282,2147282,1,1,102248,geom
3026125,3026125,1,1,38254,geom
2159186,2159186,1,1,38254,geom
4749488,4749488,1,1,55595,geom
8700229,8700229,1,1,4036,geom
3585659,3585659,1,1,4036,geom
4917815,4917815,1,1,78561,geom
1824625,1824625,1,1,78561,geom
5097775,5097775,1,1,106184,geom
3951401,3951401,1,1,10605,geom
1553604,1553604,1,1,10605,geom
6504755,6504755,1,1,10605,geom
9388300,9388300,1,1,49619,geom
9499774,9499774,1,1,49619,geom
964885,964885,1,1,53417,geom
3825856,3825856,1,1,113570,geom
4594556,4594556,1,1,100041,geom
5386740,5386740,1,1,100041,geom
8198318,8198318,1,1,105524,geom
3824981,3824981,1,1,105524,geom
4591802,4591802,1,1,105524,geom
2363366,2363366,1,1,42795,geom
5724380,5724380,1,1,42795,geom
6684388,6684388,1,1,106848,geom
4957464,4957464,1,1,121256,geom
3719517,3719517,1,1,10403,geom
9869194,9869194,1,1,10403,geom
5640059,5640059,1,1,122392,geom
1098929,1098929,1,1,4528,geom
7413056,7413056,1,1,4528,geom
1178527,1178527,1,1,90874,geom
1683937,1683937,1,1,67969,geom
848639,848639,1,1,96454,geom
2361832,2361832,1,1,96454,geom
1447474,1447474,1,1,96454,geom
3984321,3984321,1,1,122201,geom
9879461,9879461,1,1,122201,geom
2435036,2435036,1,1,102781,geom
2367569,2367569,1,1,250,geom
1271066,1271066,1,1,250,geom
4635882,4635882,1,1,250,geom
8208513,8208513,1,1,83733,geom
2076016,2076016,1,1,91357,geom
5774532,5774532,1,1,91357,geom
432010,432010,1,1,109667,geom
3470931,3470931,1,1,27375,geom
8697507,8697507,1,1,82357,geom
3118993,3118993,1,1,82357,geom
4818676,4818676,1,1,82357,geom
7133842,7133842,1,1,5784,geom
331422,331422,1,1,5784,geom
260727,260727,1,1,53008,geom
7698522,7698522,1,1,53008,geom
7739728,7739728,1,1,89737,geom
795603,795603,1,1,111548,geom
2694360,2694360,1,1,111548,geom
9341235,9341235,1,1,14849,geom
4049459,4049459,1,1,14849,geom
5794432,5794432,1,1,14849,geom
819829,819829,1,1,14849,geom
8577102,8577102,1,1,37855,geom
7459742,7459742,1,1,61969,geom
5901639,5901639,1,1,105420,geom
966791,966791,1,1,6647,geom
7745975,7745975,1,1,6647,geom
9328278,9328278,1,1,86050,geom
5667642,5667642,1,1,114129,geom
6486675,6486675,1,1,6052,geom
9142626,9142626,1,1,95428,geom
4156227,4156227,1,1,2667,geom
3202903,3202903,1,1,2667,geom
8064182,8064182,1,1,2667,geom
9896747,9896758,12,1,110432,geom
3713213,3713213,1,1,110432,geom
2650836,2650836,1,1,118209,geom
4390113,4390113,1,1,93702,geom
6415110,6415110,1,1,114972,geom
4119656,4119656,1,1,55538,geom
9278413,9278413,1,1,19204,geom
1655144,1655144,1,1,87247,geom
5524092,5524092,1,1,13929,geom
1946390,1946390,1,1,49328,geom
7264779,7264779,1,1,65876,geom
7298488,7298488,1,1,65876,geom
4358504,4358504,1,1,65876,geom
231389,231389,1,1,65876,geom
2689344,2689344,1,1,65876,geom
7002766,7002766,1,1,93297,geom
3742282,3742282,1,1,100053,geom
4408395,4408395,1,1,100053,geom
9897759,9897759,1,1,100053,geom
3098874,3098874,1,1,54256,geom
3688140,3688140,1,1,54256,geom
7031606,7031606,1,1,376,geom
4101936,4101936,1,1,14989,geom
7252635,7252635,1,1,17986,geom
3242115,3242115,1,1,17986,geom
182427,182427,1,1,98812,geom
6594417,6594417,1,1,23921,geom
2389159,2389159,1,1,75118,geom
6356814,6356814,1,1,75118,geom
487960,487960,1,1,57781,geom
107775,107775,1,1,36208,geom
2547133,2547133,1,1,36208,geom
4223493,4223493,1,1,36208,geom
8935063,8935063,1,1,9196,geom
1015259,1015259,1,1,9196,geom
996392,996392,1,1,112071,geom
8374029,8374029,1,1,112316,geom
1939716,1939716,1,1,52551,geom
2660132,2660132,1,1,68422,geom
194401,194401,1,1,106449,geom
585565,585565,1,1,39677,geom
9653598,9653598,1,1,10413,geom
2374399,2374399,1,1,10413,geom
5316911,5316911,1,1,112741,geom
3885733,3885756,24,1,122544,geom
2402254,2402254,1,1,122544,geom
4393248,4393248,1,1,45414,geom
3901086,3901086,1,1,119960,geom
3862366,3862366,1,1,117654,geom
2003644,2003644,1,1,109735,geom
3487431,3487431,1,1,88907,geom
8096632,8096632,1,1,43247,geom
5500403,5500403,1,1,62867,geom
9968258,9968258,1,1,73201,geom
7888827,7888827,1,1,73201,geom
9044277,9044277,1,1,107990,geom
7774866,7774866,1,1,19720,geom
9638128,9638128,1,1,19720,geom
1349392,1349392,1,1,41789,geom
2315628,2315628,1,1,41789,geom
2470500,2470500,1,1,21184,geom
4598435,4598435,1,1,66094,geom
1526141,1526141,1,1,41709,geom
3480154,3480154,1,1,41709,geom
514244,514244,1,1,41709,geom
9254988,9254988,1,1,51097,geom
6949455,6949455,1,1,84269,geom
4318583,4318583,1,1,84269,geom
2446857,2446857,1,1,96120,geom
2883332,2883332,1,1,10294,geom
7254623,7254623,1,1,10294,geom
5370064,5370064,1,1,33822,geom
1564092,1564092,1,1,58638,geom
3993916,3993916,1,1,107907,geom
682002,682002,1,1,107907,geom
8092943,8092943,1,1,95165,geom
9851994,9851994,1,1,8862,geom
5642603,5642603,1,1,113826,geom
9040552,9040552,1,1,113826,geom
2493633,2493633,1,1,113826,geom
6562352,6562352,1,1,113826,geom
3790274,3790274,1,1,27494,geom
9093208,9093208,1,1,27494,geom
1496725,1496725,1,1,98700,geom
2472355,2472355,1,1,49178,geom
6153598,6153598,1,1,49178,geom
5853783,5853783,1,1,38456,geom
9222799,9222799,1,1,8378,geom
9897714,9897714,1,1,8378,geom
6559679,6559679,1,1,72710,geom
5611898,5611898,1,1,28319,geom
6478484,6478484,1,1,9215,geom
8669033,8669033,1,1,58585,geom
1210582,1210582,1,1,25917,geom
7529529,7529529,1,1,7521,geom
7982803,7982803,1,1,103055,geom
794198,794198,1,1,112587,geom
1154946,1154946,1,1,25921,geom
9896297,9896297,1,1,17906,geom
7986924,7986924,1,1,17906,geom
2111218,2111218,1,1,56653,geom
1808119,1808119,1,1,56653,geom
3566868,3566868,1,1,59225,geom
2822099,2822099,1,1,59225,geom
8228878,8228878,1,1,47290,geom
8314142,8314142,1,1,91906,geom
5858673,5858673,1,1,91906,geom
1776692,1776692,1,1,50590,geom
6304611,6304611,1,1,50590,geom
5130839,5130839,1,1,32722,geom
1813210,1813210,1,1,32722,geom
5798618,5798618,1,1,62838,geom
6881884,6881884,1,1,62926,geom
8237898,8237898,1,1,62510,geom
6360874,6360874,1,1,62510,geom
1803786,1803786,1,1,46300,geom
7786127,7786127,1,1,92775,geom
5480315,5480315,1,1,58002,geom
1208708,1208708,1,1,58002,geom
6301892,6301892,1,1,58002,geom
6426744,6426744,1,1,15898,geom
3993713,3993713,1,1,89808,geom
671161,671161,1,1,82366,geom
7029977,7029977,1,1,19663,geom
7529529,7529529,1,1,19663,geom
5130839,5130839,1,1,19663,geom
2805766,2805766,1,1,19663,geom
527415,527415,1,1,78068,geom
8902573,8902573,1,1,62385,geom
4968495,4968495,1,1,112081,geom
5894989,5894989,1,1,14998,geom
2751758,2751758,1,1,87677,geom
9907105,9907105,1,1,124939,geom
6556851,6556851,1,1,124939,geom
17735,17735,1,1,74762,geom
9697003,9697003,1,1,74762,geom
1446647,1446647,1,1,123836,geom
790281,790281,1,1,61403,geom
7023080,7023080,1,1,61403,geom
922492,922492,1,1,123405,geom
7614478,7614478,1,1,75443,geom
7487981,7487981,1,1,48704,geom
43718,43718,1,1,48704,geom
2488645,2488645,1,1,36248,geom
8653597,8653597,1,1,97495,geom
1401927,1401927,1,1,97495,geom
5971760,5971760,1,1,93686,geom
93714,93714,1,1,93686,geom
5912797,5912797,1,1,117013,geom
9831301,9831301,1,1,47618,geom
5841979,5841979,1,1,47618,geom
9669343,9669343,1,1,47618,geom
2313360,2313360,1,1,43979,geom
5636026,5636026,1,1,115158,geom
1484886,1484886,1,1,30924,geom
5408550,5408550,1,1,57102,geom
8378008,8378008,1,1,57102,geom
3611564,3611564,1,1,12430,geom
5030673,5030673,1,1,64526,geom
2461520,2461520,1,1,64526,geom
1149466,1149466,1,1,15943,geom
3893400,3893400,1,1,77587,geom
194739,194739,1,1,77587,geom
8772724,8772724,1,1,53534,geom
4540183,4540183,1,1,13148,geom
4555035,4555035,1,1,83720,geom
9922291,9922291,1,1,66717,geom
7878028,7878028,1,1,66717,geom
6546535,6546535,1,1,14699,geom
3741509,3741509,1,1,22834,geom
2181290,2181290,1,1,18082,geom
3914806,3914806,1,1,107030,geom
1620408,1620408,1,1,107030,geom
8490260,8490260,1,1,36910,geom
3893400,3893400,1,1,96802,geom
5659894,5659894,1,1,43387,geom
2117618,2117618,1,1,43387,geom
3951401,3951401,1,1,43387,geom
2113466,2113466,1,1,40496,geom
5724380,5724380,1,1,40496,geom
125558,125558,1,1,12014,geom
3135317,3135317,1,1,40550,geom
8710892,8710892,1,1,56230,geom
9577988,9577988,1,1,122778,geom
1327293,1327293,1,1,111870,geom
3159249,3159249,1,1,98940,geom
625461,625461,1,1,98940,geom
9259897,9259897,1,1,98940,geom
5405517,5405517,1,1,44749,geom
8920827,8920827,1,1,122353,geom
9817844,9817844,1,1,76866,geom
1304770,1304770,1,1,24308,geom
8513762,8513762,1,1,24308,geom
3209374,3209374,1,1,89598,geom
9957493,9957493,1,1,91513,geom
9995856,9995856,1,1,40609,geom
7546730,7546730,1,1,40609,geom
91257,91257,1,1,40609,geom
9864997,9864997,1,1,40609,geom
1276954,1276954,1,1,88804,geom
7806043,7806043,1,1,113533,geom
18854,18854,1,1,117467,geom
8341872,8341872,1,1,117467,geom
7736791,7736791,1,1,13315,geom
8005485,8005485,1,1,102100,geom
8088461,8088461,1,1,102100,geom
3370808,3370808,1,1,3312,geom
18041,18041,1,1,61726,geom
2032624,2032624,1,1,4131,geom
7984013,7984013,1,1,50632,geom
4192156,4192156,1,1,50632,geom
4309563,4309563,1,1,50632,geom
3748323,3748323,1,1,120512,geom
7162669,7162669,1,1,55051,geom
9195292,9195292,1,1,55051,geom
9106296,9106296,1,1,83907,geom
3005698,3005698,1,1,44288,geom
1399568,1399568,1,1,44288,geom
5209679,5209679,1,1,44288,geom
7310469,7310469,1,1,18656,geom
3242115,3242115,1,1,22710,geom
193825,193825,1,1,12725,geom
5742701,5742701,1,1,12725,geom
3610562,3610562,1,1,67589,geom
5689085,5689085,1,1,79167,geom
6291975,6291975,1,1,79167,geom
5192478,5192478,1,1,79167,geom
2102627,2102627,1,1,81918,geom
671743,671782,40,1,12923,geom
8118700,8118700,1,1,18257,geom
9971524,9971524,1,1,18257,geom
4661233,4661233,1,1,114676,geom
8533021,8533021,1,1,114676,geom
6308147,6308147,1,1,73813,geom
160439,160439,1,1,73813,geom
8874883,8874883,1,1,39263,geom
7580827,7580827,1,1,80357,geom
8697673,8697673,1,1,49781,geom
970912,970912,1,1,52618,geom
8692589,8692589,1,1,52618,geom
2436768,2436768,1,1,98412,geom
7044866,7044866,1,1,111509,geom
4929838,4929838,1,1,108587,geom
9413349,9413349,1,1,108587,geom
5504427,5504427,1,1,108587,geom
4979454,4979454,1,1,108587,geom
976543,976543,1,1,108587,geom
4153899,4153899,1,1,11489,geom
243035,243035,1,1,93179,geom
9166574,9166574,1,1,93179,geom
6411054,6411054,1,1,83412,geom
5883651,5883651,1,1,83412,geom
601970,601970,1,1,90138,geom
9997383,9997383,1,1,360,geom
998765,998765,1,1,360,geom
162055,162055,1,1,59361,geom
787253,787253,1,1,59361,geom
2360521,2360521,1,1,59361,geom
8110567,8110567,1,1,93133,geom
7623903,7623903,1,1,71493,geom
7706360,7706360,1,1,25635,geom
48346,48346,1,1,25635,geom
3504032,3504032,1,1,92557,geom
1496061,1496061,1,1,4993,geom
6427071,6427071,1,1,117237,geom
7840060,7840060,1,1,81038,geom
3211413,3211413,1,1,49798,geom
9260027,9260027,1,1,33254,geom
6169774,6169774,1,1,33254,geom
4824409,4824409,1,1,110664,geom
8296033,8296033,1,1,110664,geom
4421915,4421915,1,1,55297,geom
8862625,8862625,1,1,47992,geom
3961041,3961041,1,1,47992,geom
2402810,2402810,1,1,44327,geom
6966573,6966573,1,1,44327,geom
5512313,5512313,1,1,44327,geom
6163736,6163736,1,1,16513,geom
3024523,3024523,1,1,16513,geom
613321,613321,1,1,74871,geom
5443516,5443516,1,1,81245,geom
2897249,2897249,1,1,76451,geom
513558,513558,1,1,76451,geom
2487932,2487932,1,1,76451,geom
8569221,8569221,1,1,29349,geom
2856054,2856054,1,1,74517,geom
1829225,1829225,1,1,64122,geom
2943052,2943052,1,1,64122,geom
634388,634388,1,1,76462,geom
8344024,8344024,1,1,85398,geom
6138670,6138670,1,1,48538,geom
7336646,7336646,1,1,48538,geom
161798,161798,1,1,56557,geom
2904563,2904563,1,1,72974,geom
8836288,8836288,1,1,118417,geom
196593,196593,1,1,21480,geom
3428763,3428763,1,1,5239,geom
2461826,2461826,1,1,80829,geom
1780790,1780790,1,1,80829,geom
4629340,4629340,1,1,59775,geom
605468,605468,1,1,59775,geom
5944044,5944044,1,1,2237,geom
1881480,1881480,1,1,2237,geom
3400542,3400542,1,1,33325,geom
1906369,1906369,1,1,53794,geom
8894343,8894343,1,1,46876,geom
7800391,7800391,1,1,46876,geom
9280265,9280265,1,1,47794,geom
4858320,4858320,1,1,47794,geom
6464808,6464808,1,1,58648,geom
7432171,7432171,1,1,58648,geom
885612,885612,1,1,58648,geom
4655720,4655780,61,1,43812,geom
9988017,9988017,1,1,39025,geom
5850410,5850410,1,1,39025,geom
3031947,3031947,1,1,115877,geom
3263796,3263796,1,1,115877,geom
8805552,8805552,1,1,26672,geom
2817059,2817059,1,1,26672,geom
9798196,9798196,1,1,26672,geom
1805272,1805272,1,1,11074,geom
5801094,5801094,1,1,11074,geom
923380,923380,1,1,79166,geom
8632974,8632974,1,1,81648,geom
7997116,7997116,1,1,87977,geom
7908299,7908299,1,1,35837,geom
1755195,1755195,1,1,77253,geom
6775129,6775129,1,1,43983,geom
6508009,6508009,1,1,43983,geom
9056675,9056675,1,1,27196,geom
191805,191805,1,1,98184,geom
7302679,7302679,1,1,72718,geom
2962561,2962561,1,1,117250,geom
7100584,7100584,1,1,99640,geom
9611595,9611595,1,1,85248,geom
3719088,3719088,1,1,72495,geom
445104,445104,1,1,53260,geom
9663515,9663515,1,1,26485,geom
6558288,6558288,1,1,90500,geom
6794731,6794731,1,1,85158,geom
9169348,9169348,1,1,85158,geom
2435036,2435036,1,1,85158,geom
2670031,2670031,1,1,32317,geom
9613182,9613182,1,1,32317,geom
1942144,1942144,1,1,95300,geom
8965937,8965937,1,1,95300,geom
8148688,8148688,1,1,69313,geom
3009533,3009533,1,1,18437,geom
5527486,5527486,1,1,18437,geom
3914386,3914386,1,1,81504,geom
9542462,9542462,1,1,119991,geom
4767584,4767584,1,1,99393,geom
7560463,7560473,11,1,55108,geom
4414095,4414095,1,1,52378,geom
8477781,8477781,1,1,52378,geom
5996960,5996960,1,1,54651,geom
161798,161798,1,1,54651,geom
5766709,5766709,1,1,54651,geom
163101,163101,1,1,80736,geom
4495849,4495849,1,1,90769,geom
5041800,5041800,1,1,28684,geom
3922774,3922774,1,1,24674,geom
3919182,3919182,1,1,24674,geom
3159578,3159578,1,1,109979,geom
4463672,4463672,1,1,66827,geom
400982,400982,1,1,105451,geom
3010766,3010766,1,1,119342,geom
5830437,5830437,1,1,119342,geom
5707994,5707994,1,1,119342,geom
8059541,8059541,1,1,85936,geom
628180,628180,1,1,85936,geom
3676782,3676782,1,1,85936,geom
9320177,9320177,1,1,52989,geom
8331906,8331906,1,1,52989,geom
2748903,2748903,1,1,52989,geom
1910061,1910061,1,1,88039,geom
2404911,2404911,1,1,88039,geom
6406479,6406479,1,1,88039,geom
7672747,7672747,1,1,88039,geom
6456881,6456881,1,1,81871,geom
1702866,1702866,1,1,10672,geom
3806669,3806669,1,1,109181,geom
3676791,3676791,1,1,64498,geom
1754440,1754440,1,1,123038,geom
7797382,7797382,1,1,108277,geom
8609682,8609682,1,1,3011,geom
9708855,9708855,1,1,3011,geom
4665344,4665344,1,1,3011,geom
2009938,2009938,1,1,4992,geom
7567610,7567610,1,1,22505,geom
2631710,2631710,1,1,64637,geom
9673026,9673026,1,1,64637,geom
4182739,4182739,1,1,66678,geom
514175,514175,1,1,57208,geom
5667181,5667181,1,1,57208,geom
8738050,8738050,1,1,81117,geom
9974378,9974404,27,1,81117,geom
3304161,3304161,1,1,81117,geom
9050738,9050738,1,1,81117,geom
1712118,1712118,1,1,65749,geom
7161340,7161340,1,1,65749,geom
7114464,7114464,1,1,88790,geom
3900121,3900121,1,1,88790,geom
2306415,2306415,1,1,88790,geom
7597716,7597716,1,1,88790,geom
4351096,4351096,1,1,79807,geom
6394922,6394922,1,1,79807,geom
3911133,3911133,1,1,79807,geom
7737909,7737909,1,1,103699,geom
6982851,6982851,1,1,103699,geom
985983,985983,1,1,101793,geom
1791612,1791612,1,1,106633,geom
4954346,4954346,1,1,4034,geom
1394232,1394232,1,1,63601,geom
7249307,7249307,1,1,63601,geom
3222850,3222850,1,1,63601,geom
2734959,2734959,1,1,50543,geom
3067307,3067307,1,1,50543,geom
1208069,1208069,1,1,1877,geom
1873613,1873613,1,1,1877,geom
8464021,8464021,1,1,1877,geom
3145683,3145683,1,1,1877,geom
482306,482306,1,1,58967,geom
2689344,2689344,1,1,111624,geom
1014307,1014307,1,1,58123,geom
6209500,6209500,1,1,64727,geom
7987033,7987033,1,1,64727,geom
7103592,7103592,1,1,64727,geom
2334791,2334791,1,1,16534,geom
4559616,4559616,1,1,101356,geom
5046102,5046102,1,1,44850,geom
446619,446619,1,1,46875,geom
5475585,5475585,1,1,53656,geom
9338408,9338408,1,1,103353,geom
3750002,3750002,1,1,103353,geom
8685971,8685975,5,1,103353,geom
6562728,6562728,1,1,103353,geom
4132782,4132782,1,1,115882,geom
1926516,1926516,1,1,90439,geom
7862546,7862546,1,1,113175,geom
6380748,6380748,1,1,82722,geom
836431,836431,1,1,117204,geom
6064564,6064564,1,1,69103,geom
7098093,7098093,1,1,69103,geom
5842336,5842336,1,1,67828,geom
8356504,8356504,1,1,67828,geom
6947110,6947110,1,1,80883,geom
2540440,2540440,1,1,80883,geom
2983261,2983261,1,1,80883,geom
8609298,8609298,1,1,103647,geom
4056889,4056889,1,1,103647,geom
2609441,2609441,1,1,103647,geom
1492973,1492973,1,1,15075,geom
1574201,1574201,1,1,122910,geom
5502933,5502935,3,1,55457,geom
2924661,2924661,1,1,103501,geom
8310220,8310220,1,1,65660,geom
6207977,6207977,1,1,65660,geom
5598128,5598128,1,1,21768,geom
8368165,8368165,1,1,15784,geom
1425882,1425882,1,1,49705,geom
2610832,2610832,1,1,49705,geom
2601281,2601281,1,1,49705,geom
768060,768060,1,1,44476,geom
3396805,3396805,1,1,44476,geom
5213874,5213874,1,1,44476,geom
8445944,8445944,1,1,44476,geom
836310,836317,8,1,89994,geom
2760170,2760170,1,1,89994,geom
1555763,1555763,1,1,89994,geom
1972852,1972852,1,1,89994,geom
6291975,6291975,1,1,56401,geom
928401,928401,1,1,114019,geom
4818261,4818261,1,1,4582,geom
4681167,4681167,1,1,120851,geom
1440212,1440212,1,1,120851,geom
2528825,2528825,1,1,120851,geom
1517631,1517631,1,1,105329,geom
48702,48702,1,1,71770,geom
6299586,6299586,1,1,107856,geom
6436170,6436170,1,1,109014,geom
2599844,2599844,1,1,118236,geom
79091,79091,1,1,118236,geom
443360,443360,1,1,118236,geom
5727507,5727507,1,1,118236,geom
8026786,8026786,1,1,8949,geom
1219230,1219230,1,1,8949,geom
5079402,5079402,1,1,8949,geom
849560,849560,1,1,60532,geom
7584427,7584427,1,1,28379,geom
6994233,6994233,1,1,52365,geom
1753064,1753064,1,1,30717,geom
9823923,9823923,1,1,1255,geom
4003604,4003604,1,1,1255,geom
4272599,4272599,1,1,31690,geom
1015259,1015259,1,1,118480,geom
9859515,9859515,1,1,118480,geom
7389231,7389231,1,1,89094,geom
8395233,8395233,1,1,86292,geom
2408930,2408930,1,1,86292,geom
6553419,6553419,1,1,110648,geom
7888141,7888141,1,1,11347,geom
9703695,9703695,1,1,48090,geom
2727372,2727372,1,1,95261,geom
2860786,2860786,1,1,95261,geom
3383684,3383684,1,1,92595,geom
478439,478439,1,1,92595,geom
7103337,7103337,1,1,92595,geom
6451653,6451653,1,1,73364,geom
5857013,5857013,1,1,113489,geom
5923585,5923585,1,1,113489,geom
2856054,2856054,1,1,69613,geom
9801061,9801061,1,1,69613,geom
4297114,4297114,1,1,69613,geom
204673,204673,1,1,57129,geom
7801054,7801054,1,1,115665,geom
3805061,3805061,1,1,115665,geom
848813,848813,1,1,109959,geom
3951695,3951695,1,1,2608,geom
7767482,7767482,1,1,68436,geom
6544720,6544720,1,1,68436,geom
398660,398660,1,1,61587,geom
3934268,3934268,1,1,78284,geom
2470449,2470449,1,1,48058,geom
2679459,2679459,1,1,45490,geom
9470260,9470260,1,1,45490,geom
6418046,6418046,1,1,78175,geom
6494082,6494082,1,1,58960,geom
5367611,5367611,1,1,58960,geom
3034809,3034834,26,1,11618,geom
2151380,2151380,1,1,20695,geom
1998607,1998607,1,1,33419,geom
4766895,4766895,1,1,33419,geom
9685237,9685237,1,1,33419,geom
6743539,6743539,1,1,29523,geom
8043763,8043763,1,1,29523,geom
274434,274434,1,1,29523,geom
3246189,3246191,3,1,13609,geom
129162,129162,1,1,57897,geom
9195214,9195214,1,1,57897,geom
3752181,3752181,1,1,57897,geom
9834933,9834933,1,1,111175,geom
2661002,2661002,1,1,43326,geom
2357147,2357147,1,1,11606,geom
5778608,5778608,1,1,58334,geom
425782,425782,1,1,42150,geom
5626570,5626570,1,1,42150,geom
3858526,3858537,12,1,12695,geom
3946021,3946021,1,1,47690,geom
9006089,9006113,25,1,47690,geom
9786723,9786723,1,1,58421,geom
2661185,2661185,1,1,58421,geom
6936696,6936696,1,1,94500,geom
3961041,3961041,1,1,94500,geom
3695325,3695325,1,1,94500,geom
571574,571574,1,1,73398,geom
561719,561719,1,1,73398,geom
3824559,3824559,1,1,56551,geom
8648076,8648076,1,1,3443,geom
5912471,5912471,1,1,115731,geom
6308603,6308603,1,1,55192,geom
9255247,9255247,1,1,55192,geom
2773508,2773508,1,1,104842,geom
7084649,7084649,1,1,91141,geom
7927820,7927820,1,1,32638,geom
3927722,3927722,1,1,28155,geom
8995394,8995394,1,1,28155,geom
4563526,4563526,1,1,94158,geom
2900017,2900017,1,1,40081,geom
397046,397046,1,1,21041,geom
9762523,9762523,1,1,21041,geom
7125931,7125931,1,1,21041,geom
3845429,3845438,10,1,100307,geom
7533814,7533814,1,1,71230,geom
1960217,1960217,1,1,17032,geom
2235594,2235594,1,1,17032,geom
7879461,7879461,1,1,17032,geom
117221,117221,1,1,2700,geom
4319406,4319406,1,1,55520,geom
8932346,8932346,1,1,82428,geom
1999128,1999128,1,1,82428,geom
8565775,8565775,1,1,82041,geom
16801,16801,1,1,82041,geom
3000857,3000857,1,1,42233,geom
1649584,1649584,1,1,8258,geom
5176831,5176831,1,1,22519,geom
1576213,1576213,1,1,82620,geom
3501560,3501560,1,1,82620,geom
1153447,1153447,1,1,112098,geom
5739962,5739962,1,1,39787,geom
4268294,4268294,1,1,39787,geom
166617,166617,1,1,39787,geom
5386163,5386163,1,1,39787,geom
7716173,7716173,1,1,39787,geom
7811020,7811020,1,1,50812,geom
321408,321408,1,1,100760,geom
8334050,8334050,1,1,80172,geom
3555185,3555185,1,1,32407,geom
1753064,1753064,1,1,32407,geom
4359625,4359625,1,1,26478,geom
9049497,9049497,1,1,15113,geom
6693845,6693845,1,1,15113,geom
9641800,9641800,1,1,38078,geom
4185608,4185608,1,1,38078,geom
9781495,9781495,1,1,73605,geom
8417152,8417152,1,1,85986,geom
1196062,1196062,1,1,21416,geom
6493139,6493139,1,1,21416,geom
1660056,1660056,1,1,21416,geom
1780576,1780576,1,1,73017,geom
1337336,1337336,1,1,73017,geom
7706056,7706056,1,1,73017,geom
6936571,6936571,1,1,95529,geom
6145496,6145496,1,1,95529,geom
2102358,2102358,1,1,95529,geom
1979893,1979893,1,1,75585,geom
216659,216659,1,1,124757,geom
967638,967638,1,1,12273,geom
8885254,8885254,1,1,12273,geom
4650964,4650964,1,1,113950,geom
7790671,7790671,1,1,122128,geom
8105564,8105564,1,1,26189,geom
8919761,8919761,1,1,67253,geom
2144735,2144735,1,1,67253,geom
84168,84168,1,1,78383,geom
3099702,3099702,1,1,42609,geom
919071,919071,1,1,97087,geom
9247370,9247370,1,1,25339,geom
6710708,6710708,1,1,25339,geom
5496163,5496163,1,1,25339,geom
5391091,5391091,1,1,52139,geom
6569518,6569518,1,1,43318,geom
9405649,9405649,1,1,29995,geom
5821914,5821914,1,1,107428,geom
9281924,9281924,1,1,107428,geom
2169519,2169519,1,1,185,geom
9754565,9754565,1,1,185,geom
7170801,7170801,1,1,93600,geom
9907575,9907575,1,1,93600,geom
1432024,1432024,1,1,67023,geom
9605191,9605191,1,1,35620,geom
3490679,3490679,1,1,35620,geom
1982982,1982982,1,1,16358,geom
1067097,1067097,1,1,38069,geom
8957901,8957901,1,1,36709,geom
8912731,8912731,1,1,93018,geom
7704024,7704024,1,1,93018,geom
8387362,8387362,1,1,118707,geom
4712605,4712605,1,1,118707,geom
1516303,1516303,1,1,36293,geom
3984321,3984321,1,1,105540,geom
4175508,4175508,1,1,105540,geom
3998279,3998279,1,1,67517,geom
3737765,3737765,1,1,29509,geom
380914,380914,1,1,102412,geom
7460343,7460343,1,1,45325,geom
1094447,1094447,1,1,115835,geom
6490120,6490120,1,1,59969,geom
3241400,3241400,1,1,59969,geom
2435434,2435434,1,1,59969,geom
8029358,8029358,1,1,59969,geom
7986972,7986972,1,1,59969,geom
5939385,5939385,1,1,123337,geom
9630713,9630713,1,1,96270,geom
1504460,1504460,1,1,96270,geom
1435101,1435101,1,1,20059,geom
6217227,6217227,1,1,34315,geom
276817,276817,1,1,93592,geom
8109183,8109183,1,1,120931,geom
1406235,1406235,1,1,90451,geom
5158314,5158314,1,1,121621,geom
1620408,1620408,1,1,90730,geom
246046,246046,1,1,23051,geom
5646561,5646561,1,1,23051,geom
9639619,9639619,1,1,50165,geom
2509265,2509294,30,1,111683,geom
2032130,2032130,1,1,111683,geom
1986322,1986322,1,1,16050,geom
7975447,7975447,1,1,16050,geom
9918254,9918254,1,1,2458,geom
2201168,2201168,1,1,26619,geom
5541762,5541762,1,1,26619,geom
4645519,4645519,1,1,26619,geom
1104646,1104646,1,1,21022,geom
7520673,7520673,1,1,91939,geom
3658316,3658316,1,1,91939,geom
5500403,5500403,1,1,20387,geom
3054120,3054120,1,1,121303,geom
817930,817930,1,1,121303,geom
3031947,3031947,1,1,102497,geom
380914,380914,1,1,102497,geom
6694775,6694775,1,1,35103,geom
2803272,2803272,1,1,79932,geom
9178165,9178165,1,1,95566,geom
3142673,3142673,1,1,24284,geom
3194522,3194522,1,1,79030,geom
9473326,9473326,1,1,57757,geom
3961041,3961041,1,1,53371,geom
8274014,8274014,1,1,53371,geom
5698038,5698038,1,1,53371,geom
3009533,3009533,1,1,104582,geom
8875847,8875847,1,1,103709,geom
2959444,2959444,1,1,103709,geom
2317134,2317141,8,1,103709,geom
9616215,9616215,1,1,85442,geom
9137752,9137752,1,1,114322,geom
8328313,8328313,1,1,114322,geom
5556366,5556366,1,1,35193,geom
712103,712103,1,1,104877,geom
6758664,6758664,1,1,25288,geom
496902,496902,1,1,82979,geom
9803795,9803795,1,1,39669,geom
9668254,9668254,1,1,81296,geom
9643478,9643478,1,1,81296,geom
1840151,1840151,1,1,113512,geom
7430862,7430862,1,1,113512,geom
315488,315488,1,1,21659,geom
5379656,5379656,1,1,39667,geom
8886043,8886043,1,1,69391,geom
7537366,7537366,1,1,69391,geom
4637260,4637260,1,1,68787,geom
7908299,7908299,1,1,68787,geom
7265634,7265634,1,1,68787,geom
8866270,8866270,1,1,6744,geom
9851937,9851937,1,1,6744,geom
5550542,5550542,1,1,6744,geom
8257646,8257646,1,1,110440,geom
1200446,1200446,1,1,108968,geom
3660932,3660932,1,1,108968,geom
3912873,3912873,1,1,26541,geom
9993693,9993693,1,1,93841,geom
5227580,5227580,1,1,52434,geom
4201352,4201352,1,1,52434,geom
5666407,5666407,1,1,84325,geom
5440022,5440022,1,1,105824,geom
6302163,6302163,1,1,123480,geom
7243400,7243400,1,1,123480,geom
6522373,6522373,1,1,11715,geom
2952141,2952141,1,1,11715,geom
52816,52816,1,1,11715,geom
6084902,6084902,1,1,69172,geom
7517429,7517429,1,1,69172,geom
8095498,8095498,1,1,108992,geom
7263264,7263264,1,1,108992,geom
1193922,1193922,1,1,108992,geom
2169400,2169400,1,1,108992,geom
3011473,3011473,1,1,108992,geom
9305307,9305307,1,1,87852,geom
2601281,2601281,1,1,16923,geom
8196560,8196560,1,1,16923,geom
6696051,6696051,1,1,45691,geom
7560365,7560365,1,1,111147,geom
9750686,9750686,1,1,60446,geom
2675979,2675979,1,1,60446,geom
3303332,3303332,1,1,60446,geom
5070605,5070605,1,1,86503,geom
2367658,2367658,1,1,51098,geom
6562108,6562108,1,1,43828,geom
5987983,5987983,1,1,43828,geom
669751,669751,1,1,86791,geom
7902512,7902512,1,1,72014,geom
3364053,3364053,1,1,20195,geom
6452081,6452081,1,1,6716,geom
6816101,6816101,1,1,6716,geom
7224369,7224369,1,1,6716,geom
8456012,8456012,1,1,6716,geom
8848444,8848444,1,1,87838,geom
9960107,9960107,1,1,87838,geom
7464865,7464865,1,1,87838,geom
6861840,6861840,1,1,83862,geom
1397454,1397454,1,1,84561,geom
7542382,7542382,1,1,77135,geom
3921643,3921643,1,1,106824,geom
2998970,2998970,1,1,37485,geom
9829287,9829287,1,1,29096,geom
301779,301779,1,1,19148,geom
9849690,9849690,1,1,13918,geom
7743806,7743806,1,1,13918,geom
1940404,1940404,1,1,48591,geom
8397764,8397764,1,1,45645,geom
6593415,6593415,1,1,45645,geom
5535000,5535000,1,1,86823,geom
7765240,7765240,1,1,26751,geom
8896934,8896934,1,1,40292,geom
6461956,6461956,1,1,66195,geom
7172877,7172877,1,1,16310,geom
6957877,6957877,1,1,89065,geom
4612887,4612887,1,1,89065,geom
3911359,3911359,1,1,89065,geom
8839526,8839526,1,1,64410,geom
8533419,8533419,1,1,10894,geom
414541,414541,1,1,10894,geom
6067406,6067406,1,1,70683,geom
8467622,8467622,1,1,48008,geom
5610440,5610440,1,1,7165,geom
3025317,3025317,1,1,3726,geom
1343404,1343404,1,1,3726,geom
9351255,9351255,1,1,104371,geom
1193997,1193997,1,1,104371,geom
9247370,9247370,1,1,32223,geom
143531,143531,1,1,32223,geom
1467135,1467135,1,1,71869,geom
2580513,2580513,1,1,10213,geom
4852635,4852635,1,1,62465,geom
8590485,8590485,1,1,62465,geom
3925646,3925646,1,1,69432,geom
4537706,4537706,1,1,69432,geom
4243233,4243233,1,1,18632,geom
1200863,1200863,1,1,18632,geom
2301404,2301404,1,1,43346,geom
9257361,9257361,1,1,43346,geom
9244874,9244874,1,1,72794,geom
8267285,8267285,1,1,102423,geom
3467254,3467254,1,1,102423,geom
5013626,5013626,1,1,102423,geom
1575146,1575146,1,1,102423,geom
7858921,7858921,1,1,37350,geom
8612001,8612001,1,1,37350,geom
7455401,7455401,1,1,109002,geom
5738194,5738194,1,1,124073,geom
2508954,2508954,1,1,22717,geom
5284413,5284413,1,1,121978,geom
8716439,8716439,1,1,120384,geom
3168427,3168427,1,1,93985,geom
1634141,1634141,1,1,93985,geom
6911316,6911316,1,1,98711,geom
6938535,6938535,1,1,9569,geom
5085813,5085813,1,1,91592,geom
6713840,6713840,1,1,101057,geom
8682535,8682535,1,1,100296,geom
5052720,5052720,1,1,20355,geom
8312278,8312278,1,1,100747,geom
1013897,1013897,1,1,100747,geom
671507,671507,1,1,36606,geom
3910717,3910717,1,1,79345,geom
6271359,6271359,1,1,79345,geom
1506810,1506810,1,1,68630,geom
3525819,3525819,1,1,53533,geom
2451096,2451096,1,1,62536,geom
4550315,4550315,1,1,62536,geom
1032600,1032600,1,1,62536,geom
1081375,1081375,1,1,39893,geom
3061965,3061965,1,1,39893,geom
2651592,2651592,1,1,87675,geom
674924,674924,1,1,15842,geom
3515883,3515883,1,1,15842,geom
3729800,3729800,1,1,80835,geom
6546535,6546535,1,1,35063,geom
8065715,8065715,1,1,35063,geom
1927465,1927465,1,1,103316,geom
1508502,1508502,1,1,6493,geom
991261,991261,1,1,57181,geom
5831678,5831678,1,1,57852,geom
8328407,8328407,1,1,103044,geom
7457947,7457947,1,1,103044,geom
9927357,9927357,1,1,109508,geom
3001887,3001887,1,1,68053,geom
9564841,9564841,1,1,68053,geom
8301241,8301241,1,1,68053,geom
9752062,9752062,1,1,32371,geom
9927420,9927420,1,1,32371,geom
8798644,8798644,1,1,32371,geom
7239715,7239715,1,1,21541,geom
6453033,6453033,1,1,29538,geom
8420334,8420334,1,1,103130,geom
1355380,1355380,1,1,52059,geom
4230568,4230568,1,1,71754,geom
1628538,1628538,1,1,71754,geom
4819433,4819433,1,1,31343,geom
117551,117551,1,1,51720,geom
688032,688032,1,1,35962,geom
2461290,2461290,1,1,6993,geom
3250767,3250767,1,1,6993,geom
2623451,2623451,1,1,29736,geom
1365642,1365642,1,1,31412,geom
1049853,1049853,1,1,31412,geom
9650056,9650056,1,1,88920,geom
2283395,2283395,1,1,88920,geom
9790244,9790244,1,1,97073,geom
204850,204850,1,1,10412,geom
3579564,3579564,1,1,10412,geom
6224024,6224024,1,1,88452,geom
7447712,7447712,1,1,88452,geom
9396965,9396965,1,1,21047,geom
3010137,3010137,1,1,112616,geom
3480521,3480521,1,1,44261,geom
5681443,5681443,1,1,44261,geom
1799591,1799591,1,1,44261,geom
3827647,3827656,10,1,44261,geom
1370373,1370373,1,1,193,geom
6013036,6013036,1,1,193,geom
284494,284494,1,1,93219,geom
2368574,2368574,1,1,115796,geom
9604916,9604916,1,1,115796,geom
1563099,1563099,1,1,99197,geom
1488073,1488073,1,1,100902,geom
1945949,1945949,1,1,100902,geom
8255405,8255405,1,1,18971,geom
6684388,6684388,1,1,121835,geom
6046719,6046719,1,1,46073,geom
86962,86962,1,1,46073,geom
3477977,3477977,1,1,103524,geom
8836936,8836936,1,1,103524,geom
8013195,8013195,1,1,62121,geom
179847,179847,1,1,11748,geom
8106696,8106696,1,1,96289,geom
2607994,2607994,1,1,94198,geom
8034748,8034748,1,1,34402,geom
6456881,6456881,1,1,83152,geom
6222288,6222288,1,1,83152,geom
1382173,1382173,1,1,68033,geom
7842759,7842770,12,1,68033,geom
3659740,3659740,1,1,88591,geom
5542811,5542811,1,1,88591,geom
2860185,2860185,1,1,88591,geom
5776795,5776795,1,1,61547,geom
7456508,7456508,1,1,61547,geom
7766215,7766215,1,1,70675,geom
1568728,1568728,1,1,70675,geom
6824204,6824204,1,1,70675,geom
9181970,9181970,1,1,42800,geom
2693701,2693701,1,1,42800,geom
3681454,3681454,1,1,52946,geom
9396965,9396965,1,1,28273,geom
441531,441531,1,1,28273,geom
9670011,9670011,1,1,28273,geom
2038203,2038203,1,1,53377,geom
3912873,3912873,1,1,53377,geom
7816915,7816915,1,1,8471,geom
7526112,7526112,1,1,2232,geom
9641700,9641700,1,1,41391,geom
2289182,2289182,1,1,41391,geom
7962080,7962080,1,1,21648,geom
8369041,8369041,1,1,21648,geom
4833543,4833543,1,1,89648,geom
1530222,1530222,1,1,68666,geom
7527079,7527079,1,1,68666,geom
1941237,1941237,1,1,68666,geom
3235356,3235356,1,1,54804,geom
5444967,5444967,1,1,54804,geom
8351406,8351406,1,1,687,geom
2528825,2528825,1,1,687,geom
8397764,8397764,1,1,81417,geom
3654420,3654420,1,1,81417,geom
2473591,2473591,1,1,81417,geom
137405,137405,1,1,51418,geom
2644440,2644440,1,1,6374,geom
6091173,6091173,1,1,103009,geom
946408,946408,1,1,103009,geom
6124513,6124513,1,1,113877,geom
6941659,6941659,1,1,76665,geom
8586898,8586898,1,1,76665,geom
8335900,8335900,1,1,80974,geom
9969000,9969000,1,1,90165,geom
1434548,1434548,1,1,5782,geom
9568941,9568941,1,1,5986,geom
2862168,2862168,1,1,5986,geom
6603306,6603306,1,1,4210,geom
459514,459514,1,1,4210,geom
6140988,6140988,1,1,26331,geom
7618028,7618028,1,1,57721,geom
8256618,8256618,1,1,108430,geom
7411428,7411428,1,1,70544,geom
2456183,2456183,1,1,91054,geom
8819869,8819869,1,1,91054,geom
1518005,1518005,1,1,86295,geom
5590457,5590457,1,1,92711,geom
1979313,1979313,1,1,24771,geom
2631814,2631814,1,1,24771,geom
1451864,1451864,1,1,34281,geom
7212129,7212129,1,1,65153,geom
428649,428649,1,1,121301,geom
5709735,5709735,1,1,121301,geom
534038,534038,1,1,78759,geom
7503919,7503919,1,1,118544,geom
4255852,4255852,1,1,118544,geom
8245902,8245902,1,1,118544,geom
8637689,8637689,1,1,118544,geom
7351603,7351603,1,1,98159,geom
4172830,4172830,1,1,94701,geom
8490538,8490538,1,1,94701,geom
6440697,6440697,1,1,60722,geom
2042728,2042728,1,1,92042,geom
2509294,2509294,1,1,51531,geom
662093,662093,1,1,65470,geom
17936,17936,1,1,65470,geom
3230468,3230468,1,1,84585,geom
4358504,4358504,1,1,84585,geom
1153143,1153143,1,1,84585,geom
554645,554645,1,1,48946,geom
5801151,5801151,1,1,3505,geom
2613188,2613188,1,1,12471,geom
1837094,1837094,1,1,12471,geom
5447678,5447678,1,1,12471,geom
8064182,8064182,1,1,108908,geom
9411398,9411398,1,1,6057,geom
9140330,9140330,1,1,3008,geom
166928,166928,1,1,116381,geom
7135724,7135724,1,1,27691,geom
5659801,5659801,1,1,47785,geom
8798154,8798154,1,1,47785,geom
4799534,4799534,1,1,50531,geom
985983,985983,1,1,100636,geom
1604227,1604227,1,1,100636,geom
5052720,5052720,1,1,100636,geom
9141913,9141913,1,1,113756,geom
9047564,9047564,1,1,113756,geom
4893453,4893453,1,1,26414,geom
2010217,2010217,1,1,25613,geom
4058405,4058405,1,1,94441,geom
5607155,5607155,1,1,73904,geom
8018950,8018950,1,1,73904,geom
7099752,7099752,1,1,73800,geom
5859266,5859266,1,1,99136,geom
7020068,7020068,1,1,101888,geom
5845308,5845308,1,1,118066,geom
5088610,5088610,1,1,118066,geom
7481834,7481834,1,1,52120,geom
8933435,8933435,1,1,79563,geom
2792925,2792925,1,1,79563,geom
4025805,4025805,1,1,79563,geom
60722,60722,1,1,79563,geom
9939602,9939602,1,1,30795,geom
3119718,3119718,1,1,72904,geom
9599495,9599495,1,1,29491,geom
6252161,6252161,1,1,29491,geom
2785156,2785156,1,1,29491,geom
849484,849484,1,1,77010,geom
4059649,4059649,1,1,34671,geom
8328313,8328313,1,1,34671,geom
8735064,8735064,1,1,53426,geom
731951,731951,1,1,53426,geom
4059296,4059296,1,1,24920,geom
1500396,1500396,1,1,24920,geom
8744824,8744824,1,1,89998,geom
2402810,2402810,1,1,89998,geom
6576098,6576098,1,1,114650,geom
9891287,9891287,1,1,7864,geom
1522217,1522217,1,1,105578,geom
435859,435863,5,1,18547,geom
7902512,7902512,1,1,82157,geom
561719,561719,1,1,82157,geom
6864985,6864985,1,1,30449,geom
8589373,8589373,1,1,30449,geom
6913042,6913042,1,1,10255,geom
1472961,1472961,1,1,10255,geom
4060098,4060098,1,1,10255,geom
7953175,7953175,1,1,103387,geom
6427071,6427071,1,1,103387,geom
7977122,7977122,1,1,103387,geom
1998703,1998703,1,1,99972,geom
4807389,4807389,1,1,26970,geom
9834933,9834933,1,1,26970,geom
7864509,7864509,1,1,26970,geom
751597,751597,1,1,77600,geom
7974473,7974473,1,1,77600,geom
9727818,9727818,1,1,93851,geom
9160122,9160122,1,1,111469,geom
3674680,3674680,1,1,1357,geom
5650499,5650499,1,1,1357,geom
8330980,8330980,1,1,32499,geom
7232541,7232541,1,1,14697,geom
3712863,3712863,1,1,29210,geom
6918886,6918886,1,1,29210,geom
3444416,3444416,1,1,35936,geom
6818500,6818500,1,1,120661,geom
159234,159234,1,1,120661,geom
7877695,7877695,1,1,6867,geom
6699800,6699800,1,1,6867,geom
7516795,7516795,1,1,100101,geom
9224368,9224368,1,1,100101,geom
4794439,4794439,1,1,100101,geom
4832983,4832983,1,1,43003,geom
4647476,4647476,1,1,43003,geom
1688943,1688943,1,1,74882,geom
8245902,8245902,1,1,92547,geom
2332012,2332012,1,1,92547,geom
3779918,3779918,1,1,90030,geom
1880175,1880175,1,1,90030,geom
7141941,7141941,1,1,41658,geom
2247269,2247269,1,1,41658,geom
5232542,5232542,1,1,51262,geom
1422691,1422691,1,1,9272,geom
7976270,7976270,1,1,9272,geom
7802268,7802268,1,1,63208,geom
1803749,1803749,1,1,63208,geom
7893947,7893947,1,1,26919,geom
8263738,8263738,1,1,102833,geom
7015710,7015710,1,1,102833,geom
9653598,9653598,1,1,56343,geom
4995387,4995387,1,1,88188,geom
3244291,3244291,1,1,88188,geom
9040897,9040897,1,1,49686,geom
8302549,8302549,1,1,49686,geom
8882030,8882030,1,1,75831,geom
3190004,3190004,1,1,3355,geom
1939716,1939716,1,1,3355,geom
7873098,7873098,1,1,3355,geom
3637474,3637474,1,1,69734,geom
2233803,2233803,1,1,90596,geom
4366558,4366558,1,1,32456,geom
6958059,6958059,1,1,68926,geom
4146738,4146738,1,1,68926,geom
56041,56041,1,1,1300,geom
9293283,9293283,1,1,110309,geom
9396965,9396965,1,1,110309,geom
4235588,4235588,1,1,30652,geom
9407818,9407818,1,1,42400,geom
3331026,3331026,1,1,21889,geom
7514356,7514356,1,1,21889,geom
6451452,6451452,1,1,21964,geom
6958059,6958059,1,1,77869,geom
255093,255093,1,1,77869,geom
2616933,2616933,1,1,77869,geom
2128276,2128276,1,1,37585,geom
3654420,3654420,1,1,37585,geom
6879515,6879515,1,1,20603,geom
3848761,3848789,29,1,20603,geom
3795053,3795053,1,1,20603,geom
7765147,7765175,29,1,5253,geom
166617,166617,1,1,3498,geom
9559083,9559083,1,1,3498,geom
7271476,7271476,1,1,73414,geom
7471674,7471674,1,1,78073,geom
4662883,4662883,1,1,18321,geom
1307676,1307676,1,1,18321,geom
9087362,9087362,1,1,109885,geom
1323683,1323683,1,1,7170,geom
3998639,3998639,1,1,7170,geom
9577988,9577988,1,1,54789,geom
2144960,2144960,1,1,54789,geom
3288034,3288034,1,1,70324,geom
2679214,2679214,1,1,70324,geom
1139642,1139642,1,1,16586,geom
1490878,1490878,1,1,16586,geom
7082073,7082073,1,1,16586,geom
242313,242313,1,1,16586,geom
5752052,5752052,1,1,95256,geom
9604067,9604067,1,1,121170,geom
6983132,6983132,1,1,121170,geom
6275375,6275375,1,1,108480,geom
2602659,2602659,1,1,78217,geom
3676052,3676052,1,1,38147,geom
3129745,3129745,1,1,116287,geom
2620333,2620333,1,1,59918,geom
1332468,1332468,1,1,60780,geom
6961895,6961895,1,1,60780,geom
8280176,8280176,1,1,60780,geom
3525819,3525819,1,1,60780,geom
4189622,4189622,1,1,10765,geom
5283329,5283329,1,1,43216,geom
1415253,1415253,1,1,67574,geom
4543271,4543271,1,1,121881,geom
840863,840863,1,1,121881,geom
8798644,8798644,1,1,55364,geom
2243796,2243796,1,1,55364,geom
9188445,9188445,1,1,122081,geom
2221186,2221186,1,1,9135,geom
9236089,9236089,1,1,48415,geom
9330293,9330293,1,1,48415,geom
216659,216659,1,1,18394,geom
8412087,8412087,1,1,82826,geom
7310910,7310910,1,1,82826,geom
4845153,4845153,1,1,82826,geom
2193253,2193253,1,1,82826,geom
2682088,2682088,1,1,6018,geom
786997,786997,1,1,8745,geom
7770384,7770384,1,1,46977,geom
3507449,3507449,1,1,46977,geom
6891785,6891785,1,1,46977,geom
7816261,7816261,1,1,11512,geom
5642932,5642932,1,1,11512,geom
9644726,9644726,1,1,11512,geom
1936538,1936538,1,1,43892,geom
6966605,6966605,1,1,43892,geom
9907421,9907421,1,1,80790,geom
3804065,3804065,1,1,124394,geom
216194,216194,1,1,124394,geom
9763895,9763895,1,1,27478,geom
5311861,5311861,1,1,19030,geom
4755099,4755099,1,1,50631,geom
736118,736118,1,1,90100,geom
9643478,9643478,1,1,6817,geom
8534352,8534352,1,1,6817,geom
8818252,8818252,1,1,113239,geom
8535972,8535972,1,1,113239,geom
3575215,3575215,1,1,110204,geom
2320576,2320576,1,1,66170,geom
8026235,8026235,1,1,66170,geom
6024763,6024763,1,1,31703,geom
6100955,6100955,1,1,44214,geom
8258000,8258000,1,1,55581,geom
6185202,6185202,1,1,101920,geom
919071,919071,1,1,101920,geom
155837,155837,1,1,113536,geom
6359840,6359840,1,1,71202,geom
4972710,4972710,1,1,610,geom
6252460,6252460,1,1,610,geom
7237520,7237520,1,1,610,geom
9105177,9105177,1,1,1072,geom
4964022,4964022,1,1,1072,geom
1799735,1799735,1,1,35595,geom
2819622,2819622,1,1,42691,geom
1403610,1403610,1,1,42691,geom
7881611,7881611,1,1,42691,geom
5209133,5209133,1,1,68038,geom
82500,82500,1,1,11702,geom
6700188,6700188,1,1,11702,geom
1747326,1747326,1,1,2959,geom
3319463,3319463,1,1,102811,geom
1582436,1582436,1,1,102811,geom
3756289,3756289,1,1,73241,geom
8361808,8361808,1,1,20188,geom
8834700,8834700,1,1,20188,geom
5821901,5821901,1,1,119277,geom
9884787,9884787,1,1,110861,geom
5622557,5622557,1,1,97656,geom
3506878,3506878,1,1,97656,geom
8419309,8419309,1,1,12484,geom
7224229,7224229,1,1,66034,geom
6524159,6524159,1,1,66034,geom
7660536,7660536,1,1,112970,geom
5526647,5526647,1,1,77045,geom
733719,733719,1,1,41762,geom
8379937,8379937,1,1,107902,geom
7851583,7851583,1,1,107902,geom
7812768,7812768,1,1,30019,geom
7381449,7381449,1,1,30019,geom
6175104,6175104,1,1,82555,geom
8349239,8349239,1,1,82555,geom
4309185,4309185,1,1,42033,geom
9424543,9424543,1,1,116165,geom
2926905,2926905,1,1,17281,geom
8374029,8374029,1,1,117617,geom
6745318,6745318,1,1,123349,geom
8029358,8029358,1,1,80957,geom
7368208,7368208,1,1,52128,geom
998351,998351,1,1,52128,geom
1942289,1942289,1,1,3853,geom
9727818,9727818,1,1,29644,geom
7141941,7141941,1,1,8078,geom
5915044,5915044,1,1,114518,geom
7698522,7698522,1,1,24700,geom
4760486,4760486,1,1,45294,geom
6702991,6702991,1,1,106560,geom
9620385,9620385,1,1,106560,geom
4395480,4395480,1,1,75517,geom
4935330,4935330,1,1,102933,geom
160439,160439,1,1,34458,geom
7089834,7089834,1,1,34458,geom
9576933,9576933,1,1,3446,geom
2329169,2329169,1,1,3446,geom
3937962,3937962,1,1,80674,geom
892929,892929,1,1,95245,geom
9603593,9603593,1,1,11122,geom
2295257,2295257,1,1,11122,geom
5265995,5265995,1,1,67718,geom
9424543,9424543,1,1,113922,geom
8248083,8248083,1,1,3234,geom
5367611,5367611,1,1,52256,geom
182427,182427,1,1,85954,geom
4657709,4657709,1,1,112228,geom
7510173,7510173,1,1,112228,geom
7897281,7897281,1,1,111024,geom
3366453,3366453,1,1,80395,geom
7533814,7533814,1,1,80395,geom
7783935,7783935,1,1,80395,geom
6935661,6935661,1,1,28283,geom
839949,839949,1,1,27687,geom
6947980,6947980,1,1,27687,geom
7411428,7411428,1,1,60396,geom
1878340,1878340,1,1,116147,geom
4967339,4967339,1,1,116147,geom
9515079,9515079,1,1,47117,geom
9574036,9574036,1,1,101278,geom
1399424,1399424,1,1,101278,geom
2698887,2698887,1,1,19584,geom
3993076,3993076,1,1,19584,geom
3911051,3911051,1,1,106767,geom
3423181,3423181,1,1,73298,geom
5315170,5315170,1,1,73298,geom
9892520,9892520,1,1,6179,geom
2402810,2402810,1,1,6179,geom
2333181,2333181,1,1,113266,geom
2778687,2778687,1,1,88127,geom
1553267,1553267,1,1,80782,geom
3955417,3955417,1,1,108889,geom
1514881,1514881,1,1,108889,geom
3240852,3240852,1,1,122086,geom
6527610,6527610,1,1,122086,geom
2345325,2345325,1,1,50667,geom
4984432,4984432,1,1,95013,geom
5156855,5156855,1,1,98885,geom
1214486,1214486,1,1,98885,geom
4328970,4328970,1,1,9301,geom
287474,287474,1,1,4577,geom
749251,749251,1,1,24754,geom
9673802,9673802,1,1,24754,geom
4326698,4326698,1,1,54242,geom
5076670,5076670,1,1,96038,geom
2196760,2196760,1,1,96038,geom
7885272,7885272,1,1,65040,geom
9535583,9535583,1,1,116954,geom
8420480,8420523,44,1,116954,geom
5953912,5953912,1,1,89485,geom
7257073,7257073,1,1,10788,geom
2887262,2887262,1,1,10788,geom
6960460,6960460,1,1,87666,geom
4294999,4294999,1,1,45538,geom
7897616,7897616,1,1,19832,geom
615648,615648,1,1,13785,geom
9710185,9710185,1,1,77806,geom
7257073,7257073,1,1,23568,geom
7370864,7370864,1,1,23568,geom
4892504,4892504,1,1,23568,geom
848136,848136,1,1,85526,geom
8511411,8511411,1,1,85526,geom
2862724,2862724,1,1,85526,geom
3901086,3901086,1,1,106505,geom
4393248,4393248,1,1,106505,geom
8749061,8749061,1,1,81516,geom
5048799,5048799,1,1,66968,geom
8006668,8006668,1,1,66968,geom
3584200,3584200,1,1,114637,geom
8747202,8747202,1,1,82784,geom
3293333,3293333,1,1,82784,geom
6203706,6203706,1,1,82784,geom
8565775,8565775,1,1,29286,geom
489902,489902,1,1,26407,geom
9976366,9976366,1,1,26407,geom
3375894,3375894,1,1,69413,geom
2747045,2747045,1,1,45774,geom
5027123,5027123,1,1,45774,geom
6759071,6759071,1,1,50440,geom
7170801,7170801,1,1,18600,geom
7904885,7904885,1,1,21146,geom
1778637,1778637,1,1,21146,geom
977859,977859,1,1,81453,geom
6600973,6600973,1,1,61763,geom
1043729,1043729,1,1,61763,geom
662904,662904,1,1,117446,geom
9975169,9975192,24,1,8510,geom
4133911,4133911,1,1,92255,geom
8727959,8727959,1,1,92255,geom
9631814,9631814,1,1,27557,geom
1451247,1451247,1,1,27557,geom
324432,324432,1,1,27557,geom
1655144,1655144,1,1,27557,geom
2361414,2361414,1,1,108151,geom
16287,16287,1,1,92470,geom
6512955,6512955,1,1,92470,geom
4531105,4531105,1,1,92470,geom
3817458,3817458,1,1,46197,geom
6392059,6392059,1,1,46197,geom
6381089,6381089,1,1,22463,geom
4233579,4233579,1,1,22463,geom
4517184,4517184,1,1,34487,geom
3232155,3232155,1,1,34487,geom
5577468,5577468,1,1,34487,geom
2064726,2064727,2,1,34487,geom
6549424,6549424,1,1,73848,geom
9822090,9822090,1,1,73848,geom
676966,676966,1,1,110023,geom
6344437,6344437,1,1,53291,geom
7977597,7977597,1,1,15620,geom
6700847,6700847,1,1,15620,geom
2209181,2209181,1,1,116649,geom
6832275,6832275,1,1,116649,geom
9990409,9990409,1,1,104187,geom
3794294,3794294,1,1,115513,geom
4590924,4590924,1,1,105845,geom
9518542,9518542,1,1,25157,geom
3730528,3730528,1,1,123671,geom
7560463,7560473,11,1,11254,geom
533098,533098,1,1,8020,geom
2607994,2607994,1,1,8020,geom
1839153,1839153,1,1,63495,geom
9060260,9060260,1,1,63495,geom
1060986,1060986,1,1,124451,geom
8502237,8502237,1,1,52550,geom
7921393,7921393,1,1,107229,geom
8472384,8472384,1,1,85993,geom
9756954,9756954,1,1,75831,geom
8328407,8328407,1,1,54854,geom
445186,445186,1,1,54854,geom
3599714,3599714,1,1,54854,geom
2425840,2425840,1,1,54854,geom
6414544,6414544,1,1,54854,geom
7821819,7821819,1,1,29052,geom
6215905,6215905,1,1,29052,geom
5134118,5134118,1,1,121623,geom
5527757,5527757,1,1,121623,geom
9679068,9679113,46,1,121623,geom
3356360,3356360,1,1,16847,geom
1705672,1705672,1,1,80867,geom
9835764,9835764,1,1,96686,geom
1795151,1795151,1,1,12757,geom
9957400,9957400,1,1,80696,geom
575412,575412,1,1,80696,geom
6684277,6684277,1,1,106187,geom
4134108,4134108,1,1,106187,geom
3843425,3843425,1,1,19340,geom
3758223,3758223,1,1,19340,geom
2297493,2297493,1,1,45305,geom
1117743,1117743,1,1,4267,geom
7765175,7765175,1,1,37426,geom
2261014,2261025,12,1,37426,geom
2741906,2741906,1,1,37426,geom
1524570,1524570,1,1,37426,geom
2562817,2562817,1,1,123918,geom
2085065,2085065,1,1,20653,geom
4329440,4329440,1,1,3864,geom
2026785,2026785,1,1,3864,geom
1255380,1255380,1,1,3864,geom
7188155,7188155,1,1,15062,geom
5306433,5306433,1,1,42117,geom
1721794,1721794,1,1,42117,geom
9705645,9705645,1,1,109414,geom
5919402,5919402,1,1,15491,geom
3669371,3669371,1,1,56163,geom
7501410,7501410,1,1,56163,geom
1101894,1101894,1,1,56163,geom
7445845,7445845,1,1,22264,geom
8185722,8185722,1,1,16146,geom
1004506,1004506,1,1,47958,geom
5549615,5549615,1,1,43920,geom
4531959,4531959,1,1,43920,geom
8440481,8440485,5,1,28898,geom
7457647,7457647,1,1,87058,geom
4373610,4373610,1,1,79720,geom
2819622,2819622,1,1,63946,geom
9621721,9621721,1,1,100842,geom
847429,847429,1,1,70363,geom
1546904,1546904,1,1,70363,geom
9609592,9609592,1,1,4229,geom
9582782,9582782,1,1,36770,geom
6065884,6065884,1,1,36770,geom
43776,43776,1,1,98379,geom
7888141,7888141,1,1,57934,geom
1764358,1764358,1,1,86575,geom
1745741,1745741,1,1,10848,geom
9638532,9638532,1,1,23639,geom
8224638,8224638,1,1,23639,geom
5203230,5203230,1,1,23639,geom
5149749,5149749,1,1,59871,geom
397609,397609,1,1,94104,geom
4618396,4618396,1,1,109608,geom
1728813,1728813,1,1,109608,geom
2151875,2151875,1,1,109608,geom
5052720,5052720,1,1,109608,geom
7804466,7804466,1,1,20682,geom
8683253,8683253,1,1,20682,geom
43718,43718,1,1,20682,geom
6244273,6244273,1,1,6317,geom
9105460,9105460,1,1,25076,geom
48244,48244,1,1,30776,geom
3773692,3773692,1,1,30776,geom
5155565,5155565,1,1,106940,geom
927515,927515,1,1,106940,geom
2665559,2665559,1,1,106940,geom
8272194,8272201,8,1,86439,geom
7571766,7571766,1,1,80961,geom
3569010,3569010,1,1,80961,geom
7036651,7036651,1,1,36742,geom
543316,543316,1,1,36742,geom
5559956,5559956,1,1,36742,geom
6324043,6324043,1,1,46856,geom
7917428,7917428,1,1,42304,geom
1908548,1908548,1,1,9521,geom
3112960,3112960,1,1,11376,geom
2668389,2668389,1,1,98892,geom
1864008,1864008,1,1,98892,geom
9272838,9272838,1,1,90762,geom
9976366,9976366,1,1,105209,geom
1872360,1872360,1,1,105209,geom
5932931,5932931,1,1,97389,geom
9195157,9195157,1,1,53308,geom
960023,960023,1,1,53308,geom
2991698,2991698,1,1,22481,geom
9619946,9619946,1,1,113547,geom
6432286,6432286,1,1,113547,geom
8125397,8125397,1,1,65731,geom
4400543,4400543,1,1,65731,geom
4346056,4346056,1,1,63905,geom
1986322,1986322,1,1,63905,geom
2076599,2076599,1,1,70053,geom
5914950,5914950,1,1,70053,geom
1888551,1888551,1,1,70053,geom
8655554,8655554,1,1,102993,geom
7774084,7774084,1,1,102993,geom
2456626,2456626,1,1,30827,geom
7598840,7598840,1,1,1077,geom
3443022,3443022,1,1,23548,geom
4257388,4257388,1,1,90168,geom
276817,276817,1,1,43550,geom
9400051,9400051,1,1,43274,geom
9939602,9939602,1,1,3902,geom
6924752,6924752,1,1,97359,geom
9978749,9978749,1,1,51263,geom
5882039,5882039,1,1,51263,geom
3219626,3219626,1,1,92823,geom
6278547,6278547,1,1,11771,geom
5601298,5601298,1,1,11771,geom
4602668,4602668,1,1,11771,geom
5754322,5754322,1,1,84032,geom
9890796,9890796,1,1,103614,geom
3302258,3302258,1,1,17406,geom
6670061,6670061,1,1,17406,geom
6853961,6853961,1,1,53502,geom
5993198,5993198,1,1,53502,geom
5207387,5207387,1,1,110967,geom
4268294,4268294,1,1,102813,geom
8996381,8996381,1,1,124479,geom
5889692,5889692,1,1,82205,geom
7289979,7289979,1,1,110546,geom
7586645,7586645,1,1,57977,geom
4150126,4150126,1,1,65753,geom
4898032,4898032,1,1,87796,geom
9995001,9995001,1,1,121699,geom
3611564,3611564,1,1,60729,geom
6627832,6627832,1,1,33631,geom
4556885,4556885,1,1,27113,geom
9004680,9004682,3,1,24136,geom
4385584,4385584,1,1,80774,geom
8357800,8357800,1,1,37416,geom
9705280,9705280,1,1,81727,geom
6155678,6155678,1,1,81727,geom
966170,966170,1,1,78522,geom
4957097,4957097,1,1,121934,geom
9569918,9569918,1,1,121934,geom
4832947,4832947,1,1,13060,geom
203275,203275,1,1,13060,geom
1087149,1087149,1,1,67079,geom
7533814,7533814,1,1,62667,geom
2024011,2024011,1,1,43458,geom
1830877,1830877,1,1,61144,geom
6665873,6665873,1,1,61144,geom
8828947,8828947,1,1,96950,geom
8728271,8728271,1,1,96950,geom
2749044,2749044,1,1,115637,geom
7245823,7245823,1,1,115637,geom
9052588,9052588,1,1,115637,geom
3173443,3173443,1,1,115637,geom
2375118,2375118,1,1,110114,geom
7543376,7543376,1,1,92522,geom
4330679,4330679,1,1,92522,geom
8065396,8065396,1,1,1665,geom
8402183,8402183,1,1,1665,geom
5821914,5821914,1,1,1665,geom
8494831,8494831,1,1,1665,geom
5778589,5778589,1,1,124514,geom
9315418,9315418,1,1,63811,geom
1944693,1944693,1,1,63811,geom
9315418,9315418,1,1,63811,geom
9830766,9830766,1,1,63811,geom
1293303,1293303,1,1,97424,geom
6419995,6419995,1,1,16238,geom
1942144,1942144,1,1,11498,geom
683128,683128,1,1,36042,geom
2076444,2076444,1,1,36042,geom
2592067,2592067,1,1,36042,geom
8597256,8597256,1,1,33374,geom
3960749,3960749,1,1,33374,geom
4610185,4610185,1,1,3850,geom
8096961,8096961,1,1,3850,geom
7349132,7349132,1,1,98885,geom
5075266,5075266,1,1,36262,geom
483734,483734,1,1,32180,geom
2292220,2292220,1,1,43998,geom
4837702,4837702,1,1,43998,geom
9896747,9896758,12,1,124821,geom
4479272,4479272,1,1,22655,geom
7786994,7786994,1,1,70741,geom
4064,4064,1,1,124927,geom
6655348,6655348,1,1,80997,geom
7235326,7235326,1,1,80997,geom
3923596,3923596,1,1,80997,geom
1369401,1369401,1,1,120908,geom
6414544,6414544,1,1,81656,geom
6066363,6066363,1,1,110008,geom
2970040,2970040,1,1,110008,geom
7585383,7585383,1,1,29585,geom
7974028,7974028,1,1,29585,geom
242813,242813,1,1,69705,geom
212080,212080,1,1,84594,geom
2539881,2539881,1,1,104721,geom
6009605,6009605,1,1,104721,geom
3637087,3637087,1,1,104721,geom
8616528,8616528,1,1,104721,geom
7270197,7270197,1,1,96368,geom
6260095,6260095,1,1,5212,geom
902143,902143,1,1,92948,geom
3699952,3699952,1,1,92948,geom
4038810,4038810,1,1,42215,geom
3407643,3407643,1,1,42215,geom
9495757,9495757,1,1,42215,geom
3302258,3302258,1,1,100258,geom
7039807,7039807,1,1,100258,geom
7830754,7830754,1,1,100258,geom
4952234,4952234,1,1,75662,geom
7806097,7806097,1,1,70331,geom
9960217,9960217,1,1,70331,geom
8249495,8249495,1,1,70331,geom
1566966,1566966,1,1,14306,geom
4633304,4633304,1,1,123103,geom
1429229,1429229,1,1,123103,geom
7043568,7043568,1,1,123103,geom
6759361,6759361,1,1,25961,geom
6767257,6767257,1,1,25961,geom
5556366,5556366,1,1,61230,geom
7027710,7027710,1,1,61230,geom
7974028,7974028,1,1,3971,geom
7684099,7684099,1,1,3971,geom
1221585,1221585,1,1,112996,geom
4714060,4714060,1,1,112996,geom
2873667,2873667,1,1,74711,geom
9947975,9947975,1,1,59159,geom
8658919,8658919,1,1,58445,geom
3676649,3676649,1,1,58445,geom
3027218,3027218,1,1,58445,geom
9469910,9469910,1,1,61093,geom
4255247,4255247,1,1,38300,geom
8686682,8686682,1,1,35467,geom
7885445,7885493,49,1,35467,geom
6839315,6839315,1,1,35467,geom
970912,970912,1,1,35467,geom
4789395,4789395,1,1,26053,geom
9265455,9265455,1,1,43298,geom
625461,625461,1,1,17971,geom
8641452,8641452,1,1,17971,geom
9510035,9510035,1,1,82932,geom
1973197,1973197,1,1,2846,geom
176411,176411,1,1,2846,geom
9162641,9162641,1,1,94940,geom
7883334,7883334,1,1,94940,geom
7689758,7689758,1,1,94940,geom
318821,318821,1,1,31665,geom
9872291,9872291,1,1,31665,geom
5130889,5130889,1,1,81389,geom
2196188,2196188,1,1,27966,geom
8936832,8936832,1,1,27966,geom
4806431,4806431,1,1,97617,geom
7512485,7512485,1,1,96339,geom
7171705,7171705,1,1,57535,geom
9351255,9351255,1,1,39912,geom
8506624,8506624,1,1,106468,geom
7684099,7684099,1,1,100257,geom
7662929,7662929,1,1,100257,geom
7958548,7958548,1,1,119492,geom
8548205,8548205,1,1,106348,geom
7149613,7149613,1,1,106348,geom
1581858,1581858,1,1,64795,geom
4126324,4126324,1,1,64795,geom
7750999,7750999,1,1,64795,geom
3153998,3153998,1,1,48560,geom
2440561,2440561,1,1,48560,geom
380914,380914,1,1,48560,geom
7542382,7542382,1,1,54797,geom
9052588,9052588,1,1,7362,geom
9247015,9247015,1,1,7362,geom
5488488,5488488,1,1,49087,geom
3674680,3674680,1,1,53404,geom
349273,349273,1,1,59337,geom
3874360,3874360,1,1,59337,geom
326901,326901,1,1,99407,geom
9672878,9672878,1,1,112642,geom
2274825,2274825,1,1,84763,geom
4972710,4972710,1,1,22552,geom
8529361,8529361,1,1,35335,geom
9415192,9415192,1,1,35335,geom
4275393,4275393,1,1,39247,geom
8138323,8138323,1,1,39247,geom
3251259,3251259,1,1,114187,geom
6624051,6624051,1,1,114187,geom
3848761,3848761,1,1,48295,geom
7684099,7684099,1,1,123091,geom
7288327,7288327,1,1,107736,geom
7029977,7029977,1,1,84520,geom
7810341,7810341,1,1,84520,geom
9327178,9327178,1,1,71171,geom
9738937,9738937,1,1,94943,geom
282523,282523,1,1,98675,geom
723037,723037,1,1,98675,geom
6323087,6323087,1,1,98675,geom
9925145,9925145,1,1,99512,geom
8370867,8370867,1,1,123963,geom
3898990,3898990,1,1,37693,geom
885612,885612,1,1,37693,geom
325262,325262,1,1,37693,geom
4394996,4394996,1,1,52090,geom
438638,438638,1,1,74670,geom
275242,275242,1,1,108438,geom
9649370,9649370,1,1,108438,geom
2290295,2290295,1,1,21989,geom
4756647,4756647,1,1,21989,geom
6523827,6523827,1,1,21989,geom
8746486,8746486,1,1,61475,geom
9420060,9420060,1,1,61475,geom
3834006,3834006,1,1,89104,geom
9346888,9346888,1,1,89104,geom
7984155,7984155,1,1,113814,geom
5591906,5591906,1,1,113814,geom
636096,636096,1,1,113814,geom
7586961,7586961,1,1,13470,geom
9324134,9324134,1,1,13470,geom
9073423,9073423,1,1,13470,geom
7553519,7553519,1,1,28653,geom
529142,529142,1,1,26079,geom
777450,777450,1,1,26079,geom
7706900,7706900,1,1,26079,geom
6651909,6651909,1,1,116693,geom
8108444,8108444,1,1,116693,geom
8043763,8043763,1,1,116693,geom
3164079,3164079,1,1,99585,geom
5274975,5274975,1,1,58356,geom
6501138,6501138,1,1,6219,geom
9864870,9864870,1,1,21235,geom
6243640,6243640,1,1,66983,geom
8570704,8570704,1,1,82471,geom
4099111,4099111,1,1,82471,geom
8897296,8897296,1,1,117794,geom
2415869,2415869,1,1,75921,geom
2614852,2614852,1,1,120961,geom
9607786,9607786,1,1,3647,geom
397836,397836,1,1,60664,geom
9014714,9014714,1,1,59694,geom
2821805,2821805,1,1,18087,geom
2921727,2921727,1,1,18087,geom
9696694,9696694,1,1,113167,geom
9864870,9864870,1,1,113167,geom
4275746,4275746,1,1,99442,geom
4221434,4221434,1,1,99442,geom
5333416,5333416,1,1,29354,geom
9336949,9336949,1,1,29354,geom
6998027,6998027,1,1,43995,geom
8432060,8432060,1,1,26743,geom
2927930,2927930,1,1,26743,geom
1883128,1883141,14,1,99612,geom
9809291,9809291,1,1,122681,geom
9844660,9844660,1,1,122681,geom
5363472,5363472,1,1,122681,geom
7381449,7381449,1,1,99826,geom
3338065,3338065,1,1,99826,geom
1205067,1205067,1,1,99826,geom
6147602,6147602,1,1,61980,geom
672632,672632,1,1,54502,geom
7210164,7210164,1,1,54502,geom
4328119,4328119,1,1,85832,geom
8505154,8505154,1,1,20256,geom
8291622,8291622,1,1,103395,geom
7078878,7078878,1,1,103395,geom
4343255,4343289,35,1,63566,geom
1399568,1399568,1,1,50779,geom
1927465,1927465,1,1,116188,geom
1153574,1153574,1,1,21010,geom
4653534,4653534,1,1,97804,geom
7908299,7908299,1,1,97804,geom
682450,682450,1,1,77055,geom
9018638,9018641,4,1,77055,geom
948255,948255,1,1,22290,geom
9255290,9255290,1,1,116400,geom
787253,787253,1,1,116400,geom
2439946,2439946,1,1,108338,geom
7108855,7108855,1,1,108338,geom
2432292,2432292,1,1,108338,geom
3159018,3159018,1,1,41734,geom
7516630,7516630,1,1,41734,geom
3909704,3909704,1,1,41734,geom
7473736,7473736,1,1,41734,geom
4268294,4268294,1,1,38087,geom
8753621,8753630,10,1,38087,geom
3042230,3042230,1,1,95396,geom
8111484,8111484,1,1,9590,geom
3243684,3243684,1,1,9590,geom
5209652,5209652,1,1,120512,geom
282149,282149,1,1,9714,geom
3919823,3919823,1,1,69870,geom
7797440,7797440,1,1,25676,geom
9083823,9083823,1,1,25676,geom
1008352,1008352,1,1,8047,geom
181607,181607,1,1,8047,geom
6657504,6657504,1,1,2509,geom
7243595,7243595,1,1,15007,geom
4784012,4784012,1,1,15007,geom
9641700,9641700,1,1,7976,geom
3400542,3400542,1,1,69798,geom
6884128,6884128,1,1,69798,geom
8113020,8113020,1,1,88125,geom
6539670,6539670,1,1,88125,geom
7781014,7781014,1,1,88125,geom
7015221,7015221,1,1,103509,geom
7188893,7188893,1,1,113042,geom
5894989,5894989,1,1,16110,geom
6024413,6024413,1,1,34521,geom
9781495,9781495,1,1,120264,geom
4390113,4390113,1,1,120264,geom
2247978,2247978,1,1,120264,geom
7765806,7765806,1,1,14870,geom
2246216,2246216,1,1,18948,geom
9923061,9923061,1,1,9185,geom
2891582,2891582,1,1,72119,geom
8420480,8420480,1,1,72119,geom
9967173,9967173,1,1,23708,geom
2290389,2290389,1,1,57158,geom
9324470,9324470,1,1,57158,geom
8420887,8420887,1,1,85518,geom
4638272,4638272,1,1,100853,geom
6451950,6451950,1,1,84185,geom
1860831,1860831,1,1,84185,geom
4426660,4426660,1,1,50784,geom
258624,258624,1,1,50784,geom
293964,293964,1,1,95803,geom
4268997,4268997,1,1,15073,geom
5515866,5515866,1,1,41250,geom
5079402,5079402,1,1,41250,geom
7293101,7293101,1,1,41250,geom
7485888,7485888,1,1,70548,geom
9828140,9828140,1,1,70548,geom
1416475,1416475,1,1,16706,geom
3662530,3662530,1,1,963,geom
5187988,5187988,1,1,963,geom
798669,798669,1,1,124487,geom
4170263,4170263,1,1,124487,geom
3919823,3919823,1,1,2825,geom
6172468,6172468,1,1,2825,geom
7737290,7737290,1,1,23613,geom
3242503,3242503,1,1,89255,geom
5909245,5909245,1,1,65809,geom
6407731,6407731,1,1,65809,geom
7035595,7035595,1,1,33210,geom
2204836,2204836,1,1,2796,geom
6879515,6879515,1,1,68512,geom
8096961,8096961,1,1,57284,geom
2957948,2957948,1,1,93195,geom
8462691,8462691,1,1,93195,geom
8390291,8390291,1,1,93195,geom
1898127,1898127,1,1,98572,geom
9611405,9611405,1,1,83218,geom
9426254,9426254,1,1,83218,geom
4917941,4917941,1,1,7873,geom
9429600,9429600,1,1,236,geom
8274014,8274014,1,1,236,geom
7049445,7049445,1,1,236,geom
613051,613051,1,1,63575,geom
3135317,3135317,1,1,94563,geom
2934698,2934698,1,1,24157,geom
4676259,4676259,1,1,24157,geom
6359840,6359840,1,1,81386,geom
6406869,6406869,1,1,116508,geom
8149968,8149968,1,1,30409,geom
13395,13395,1,1,30409,geom
7718059,7718059,1,1,110337,geom
7585341,7585341,1,1,110337,geom
7979878,7979878,1,1,65235,geom
8281734,8281734,1,1,7468,geom
1349392,1349392,1,1,47842,geom
2012800,2012800,1,1,58018,geom
7003903,7003903,1,1,58018,geom
7953076,7953076,1,1,28509,geom
5671114,5671114,1,1,96141,geom
8771275,8771275,1,1,96141,geom
8940348,8940348,1,1,12124,geom
478088,478088,1,1,60760,geom
7711447,7711447,1,1,10596,geom
9142263,9142263,1,1,27842,geom
9705645,9705645,1,1,94311,geom
5176831,5176831,1,1,94311,geom
7773970,7773970,1,1,109543,geom
8655631,8655631,1,1,81786,geom
7486065,7486065,1,1,81786,geom
7728398,7728398,1,1,96514,geom
9397013,9397013,1,1,41672,geom
1257960,1257960,1,1,41672,geom
9715656,9715656,1,1,43367,geom
1300754,1300754,1,1,119983,geom
6390867,6390867,1,1,55079,geom
4885348,4885348,1,1,73176,geom
2098943,2098943,1,1,64796,geom
2316695,2316695,1,1,64796,geom
9671881,9671881,1,1,91274,geom
5884630,5884630,1,1,91274,geom
5079402,5079402,1,1,48275,geom
1004922,1004922,1,1,121279,geom
3220789,3220789,1,1,1029,geom
1724541,1724541,1,1,1029,geom
9100410,9100410,1,1,1029,geom
5238455,5238455,1,1,87968,geom
8026053,8026053,1,1,87968,geom
6728155,6728155,1,1,61532,geom
458102,458102,1,1,49113,geom
8097712,8097712,1,1,49113,geom
7542382,7542382,1,1,17888,geom
5967479,5967479,1,1,17888,geom
4958000,4958000,1,1,101266,geom
4801997,4801997,1,1,55842,geom
2274825,2274825,1,1,55842,geom
6158717,6158717,1,1,39612,geom
3075262,3075262,1,1,102648,geom
7383238,7383238,1,1,54926,geom
6923032,6923032,1,1,54926,geom
1517802,1517802,1,1,54926,geom
2605476,2605476,1,1,10656,geom
3387941,3387941,1,1,75350,geom
3232155,3232155,1,1,75350,geom
9796232,9796232,1,1,936,geom
9888575,9888575,1,1,936,geom
2033907,2033907,1,1,102831,geom
9003506,9003506,1,1,102831,geom
7455401,7455401,1,1,57126,geom
7704072,7704072,1,1,13319,geom
7248781,7248781,1,1,615,geom
7266053,7266053,1,1,88607,geom
1693307,1693307,1,1,109886,geom
9907105,9907105,1,1,109886,geom
4100595,4100595,1,1,15696,geom
2393942,2393942,1,1,15696,geom
1606437,1606437,1,1,15696,geom
9712287,9712287,1,1,22415,geom
1988195,1988195,1,1,22415,geom
463451,463451,1,1,22415,geom
3117560,3117560,1,1,49126,geom
7841848,7841848,1,1,120889,geom
4883757,4883757,1,1,120889,geom
4223493,4223493,1,1,120889,geom
5601294,5601298,5,1,120889,geom
23361,23361,1,1,120889,geom
808491,808491,1,1,28373,geom
4243856,4243856,1,1,13912,geom
836296,836296,1,1,5851,geom
8830310,8830310,1,1,99288,geom
5973147,5973147,1,1,99288,geom
4840212,4840212,1,1,95876,geom
5070156,5070156,1,1,123988,geom
7747048,7747048,1,1,123988,geom
2735703,2735703,1,1,117294,geom
314583,314583,1,1,117294,geom
9743823,9743823,1,1,56100,geom
1705314,1705314,1,1,56100,geom
169322,169322,1,1,11042,geom
5858673,5858673,1,1,61056,geom
3573468,3573468,1,1,61056,geom
9348788,9348788,1,1,68182,geom
86836,86836,1,1,68182,geom
3304531,3304531,1,1,44312,geom
5340892,5340892,1,1,84311,geom
4130316,4130316,1,1,62692,geom
9287229,9287229,1,1,79576,geom
79201,79201,1,1,114642,geom
7799082,7799082,1,1,19791,geom
1541500,1541500,1,1,53119,geom
7880553,7880553,1,1,53119,geom
8257528,8257528,1,1,53119,geom
5739962,5739962,1,1,121453,geom
2958296,2958296,1,1,54888,geom
7200283,7200283,1,1,16241,geom
7854034,7854034,1,1,21450,geom
5946538,5946558,21,1,56918,geom
1194642,1194642,1,1,56918,geom
7684099,7684099,1,1,58922,geom
2368574,2368574,1,1,58922,geom
9387938,9387938,1,1,58091,geom
2373743,2373743,1,1,42127,geom
3419563,3419563,1,1,42127,geom
2665843,2665843,1,1,102072,geom
1505649,1505649,1,1,90032,geom
7073844,7073844,1,1,31078,geom
7769880,7769880,1,1,31078,geom
7765240,7765240,1,1,31078,geom
3937962,3937962,1,1,31078,geom
2324834,2324834,1,1,31078,geom
212080,212080,1,1,13464,geom
9876358,9876358,1,1,13464,geom
8103019,8103019,1,1,13464,geom
6261524,6261524,1,1,37745,geom
6422914,6422914,1,1,93206,geom
7283211,7283211,1,1,93206,geom
6590081,6590081,1,1,54031,geom
5673825,5673825,1,1,24245,geom
8479597,8479597,1,1,123801,geom
4358504,4358504,1,1,91804,geom
9572645,9572645,1,1,37070,geom
171009,171009,1,1,37070,geom
3063281,3063281,1,1,79473,geom
6955157,6955157,1,1,107758,geom
187923,187958,36,1,10956,geom
5504427,5504427,1,1,10956,geom
9765645,9765645,1,1,10956,geom
9088282,9088282,1,1,11929,geom
7952902,7952902,1,1,37254,geom
7902512,7902512,1,1,75182,geom
7534213,7534213,1,1,29618,geom
1988495,1988495,1,1,29618,geom
1571923,1571923,1,1,120873,geom
7608848,7608848,1,1,120873,geom
7870951,7870951,1,1,12907,geom
6546252,6546252,1,1,12907,geom
2285786,2285786,1,1,41816,geom
1328939,1328939,1,1,1708,geom
2837215,2837215,1,1,110991,geom
6620488,6620488,1,1,3451,geom
636233,636253,21,1,3451,geom
6419995,6419995,1,1,116999,geom
8853027,8853027,1,1,116999,geom
6202628,6202628,1,1,234,geom
6997926,6997926,1,1,234,geom
1876699,1876699,1,1,63724,geom
8648076,8648076,1,1,63724,geom
7831461,7831461,1,1,63848,geom
6580979,6580979,1,1,103370,geom
5545314,5545314,1,1,122522,geom
2827253,2827253,1,1,122522,geom
3681708,3681708,1,1,122522,geom
6407372,6407372,1,1,35453,geom
6280686,6280686,1,1,35453,geom
2012800,2012800,1,1,35453,geom
9847119,9847119,1,1,13792,geom
5204501,5204501,1,1,13792,geom
2681898,2681898,1,1,76493,geom
7838425,7838425,1,1,72403,geom
6566200,6566200,1,1,98905,geom
8906213,8906213,1,1,123115,geom
4901345,4901345,1,1,123115,geom
118125,118125,1,1,82355,geom
3018292,3018292,1,1,82355,geom
5886195,5886195,1,1,117610,geom
5937581,5937581,1,1,117610,geom
4466659,4466659,1,1,12174,geom
2542604,2542604,1,1,27811,geom
1381179,1381179,1,1,27811,geom
8735064,8735093,30,1,27811,geom
280816,280816,1,1,86829,geom
1496725,1496725,1,1,1570,geom
5638658,5638658,1,1,1570,geom
8724227,8724227,1,1,1570,geom
1038322,1038322,1,1,10109,geom
8313259,8313259,1,1,48514,geom
4288598,4288598,1,1,42959,geom
9957493,9957493,1,1,42959,geom
6075411,6075411,1,1,103098,geom
7843109,7843109,1,1,117968,geom
853905,853905,1,1,117968,geom
6955157,6955157,1,1,117968,geom
3948537,3948537,1,1,27061,geom
3447987,3447987,1,1,11215,geom
7389459,7389459,1,1,11456,geom
4591310,4591310,1,1,124203,geom
785769,785769,1,1,117041,geom
694866,694866,1,1,29214,geom
1192317,1192317,1,1,12257,geom
3061965,3061965,1,1,7799,geom
5646561,5646561,1,1,7799,geom
5879867,5879867,1,1,7799,geom
4187122,4187122,1,1,123416,geom
3920452,3920452,1,1,123416,geom
5591906,5591906,1,1,65232,geom
7501410,7501410,1,1,1644,geom
5770751,5770751,1,1,79100,geom
3737765,3737765,1,1,8022,geom
8865855,8865855,1,1,51559,geom
7821200,7821210,11,1,103126,geom
8481277,8481277,1,1,2468,geom
9923018,9923061,44,1,2468,geom
1489269,1489269,1,1,3965,geom
9696950,9696950,1,1,3965,geom
1158207,1158207,1,1,3965,geom
9958667,9958667,1,1,3965,geom
8164385,8164385,1,1,30727,geom
3525305,3525305,1,1,30727,geom
1734224,1734224,1,1,4026,geom
7142159,7142159,1,1,97353,geom
436304,436304,1,1,97353,geom
5484149,5484149,1,1,97353,geom
8105492,8105492,1,1,97353,geom
160439,160439,1,1,57448,geom
9934649,9934649,1,1,57448,geom
6103839,6103839,1,1,15276,geom
6893063,6893063,1,1,15276,geom
7290697,7290697,1,1,78583,geom
6866332,6866332,1,1,81466,geom
4414095,4414095,1,1,81466,geom
2772567,2772567,1,1,1463,geom
7819616,7819616,1,1,1463,geom
6879072,6879072,1,1,36176,geom
2907738,2907738,1,1,9287,geom
9827844,9827844,1,1,9287,geom
7324599,7324599,1,1,50273,geom
171876,171876,1,1,104333,geom
3743482,3743482,1,1,69136,geom
8552551,8552551,1,1,70911,geom
2266893,2266893,1,1,70911,geom
2392455,2392455,1,1,37569,geom
3030653,3030653,1,1,37569,geom
3994895,3994895,1,1,120213,geom
7684099,7684099,1,1,120213,geom
5111428,5111428,1,1,123385,geom
5589410,5589410,1,1,13416,geom
601086,601086,1,1,118168,geom
5627051,5627051,1,1,67445,geom
7338977,7338977,1,1,67475,geom
2010625,2010625,1,1,67475,geom
9705280,9705280,1,1,72138,geom
1367065,1367065,1,1,932,geom
1943961,1943961,1,1,932,geom
1867546,1867546,1,1,67480,geom
4998966,4998966,1,1,91193,geom
1679459,1679459,1,1,74892,geom
1366778,1366778,1,1,115136,geom
1780761,1780761,1,1,115136,geom
3658316,3658316,1,1,115136,geom
8769318,8769318,1,1,44426,geom
4748080,4748080,1,1,73599,geom
4541971,4541971,1,1,86360,geom
5131907,5131907,1,1,29182,geom
8063738,8063738,1,1,52101,geom
6923032,6923032,1,1,52101,geom
1038432,1038432,1,1,97159,geom
7707023,7707023,1,1,123934,geom
8730,8730,1,1,123934,geom
2779312,2779312,1,1,111576,geom
9768364,9768364,1,1,111576,geom
2677926,2677926,1,1,111576,geom
7040061,7040061,1,1,85657,geom
6390867,6390867,1,1,85657,geom
5508882,5508882,1,1,105611,geom
8443684,8443684,1,1,105611,geom
6245313,6245313,1,1,32586,geom
102769,102769,1,1,32586,geom
2746273,2746273,1,1,32586,geom
8111376,8111376,1,1,29024,geom
9085394,9085394,1,1,19615,geom
8290136,8290136,1,1,14193,geom
2863303,2863303,1,1,99543,geom
6587187,6587187,1,1,48222,geom
8619259,8619259,1,1,32428,geom
4303960,4303960,1,1,72059,geom
6817161,6817161,1,1,72059,geom
8768086,8768086,1,1,72059,geom
3367466,3367466,1,1,72059,geom
6557051,6557051,1,1,31487,geom
92848,92848,1,1,31487,geom
8777674,8777674,1,1,111051,geom
9702611,9702611,1,1,76016,geom
9201336,9201336,1,1,61190,geom
2035059,2035059,1,1,10462,geom
5515866,5515866,1,1,10462,geom
5163551,5163551,1,1,10462,geom
7389231,7389231,1,1,83600,geom
101004,101004,1,1,34937,geom
3477871,3477871,1,1,34937,geom
7858467,7858467,1,1,34937,geom
2496040,2496040,1,1,69468,geom
6128102,6128102,1,1,101453,geom
4345187,4345187,1,1,15891,geom
7842138,7842138,1,1,103481,geom
341480,341480,1,1,61832,geom
2781288,2781288,1,1,87549,geom
9634193,9634193,1,1,14417,geom
1604891,1604891,1,1,75499,geom
9460091,9460091,1,1,114118,geom
2119129,2119129,1,1,114118,geom
4358504,4358504,1,1,114118,geom
6152920,6152920,1,1,56151,geom
3661613,3661613,1,1,56151,geom
7888951,7888953,3,1,120670,geom
4978143,4978143,1,1,120670,geom
9934505,9934505,1,1,120670,geom
1010448,1010448,1,1,120670,geom
7171705,7171705,1,1,98546,geom
1155515,1155515,1,1,90664,geom
6696283,6696283,1,1,110380,geom
8461663,8461663,1,1,110380,geom
1390239,1390239,1,1,35741,geom
2872370,2872370,1,1,35741,geom
2679780,2679780,1,1,35741,geom
7290228,7290228,1,1,6856,geom
3951401,3951401,1,1,58083,geom
7181557,7181557,1,1,33148,geom
2959444,2959444,1,1,33148,geom
9528640,9528640,1,1,33148,geom
7786994,7786994,1,1,33148,geom
2226346,2226346,1,1,100657,geom
2360847,2360847,1,1,100657,geom
1926760,1926760,1,1,41433,geom
6801169,6801169,1,1,41433,geom
5587135,5587135,1,1,100106,geom
3583812,3583812,1,1,100106,geom
6175809,6175809,1,1,100106,geom
6524159,6524159,1,1,69962,geom
7432643,7432643,1,1,69962,geom
2778996,2778996,1,1,82271,geom
3324319,3324319,1,1,82271,geom
1178168,1178168,1,1,71021,geom
7742091,7742091,1,1,71021,geom
9392054,9392054,1,1,105628,geom
2159382,2159382,1,1,123794,geom
5521481,5521481,1,1,88045,geom
9247156,9247156,1,1,37186,geom
3937023,3937023,1,1,37186,geom
6696153,6696153,1,1,69605,geom
7960975,7960975,1,1,69605,geom
5259686,5259686,1,1,93365,geom
3214360,3214360,1,1,118699,geom
3936049,3936049,1,1,58173,geom
1573327,1573327,1,1,58173,geom
9708476,9708476,1,1,13135,geom
5496163,5496163,1,1,2762,geom
7640246,7640246,1,1,11979,geom
9702611,9702611,1,1,38413,geom
3367466,3367466,1,1,6438,geom
6426744,6426744,1,1,106651,geom
5099923,5099923,1,1,106651,geom
6695543,6695543,1,1,44564,geom
3914806,3914806,1,1,44564,geom
8156288,8156288,1,1,30942,geom
698575,698575,1,1,31193,geom
9696033,9696033,1,1,31193,geom
4517744,4517744,1,1,7371,geom
4103357,4103357,1,1,7371,geom
6318515,6318515,1,1,7371,geom
9706146,9706146,1,1,90150,geom
7755016,7755016,1,1,49129,geom
1432368,1432368,1,1,107733,geom
1863825,1863825,1,1,107733,geom
9672878,9672878,1,1,107733,geom
4153899,4153899,1,1,107733,geom
7127045,7127045,1,1,100860,geom
7700952,7700952,1,1,100860,geom
8335900,8335900,1,1,100860,geom
9791800,9791800,1,1,10899,geom
4326996,4326996,1,1,57547,geom
6124980,6124980,1,1,57547,geom
5730787,5730787,1,1,99842,geom
4301085,4301085,1,1,89215,geom
6838224,6838224,1,1,89215,geom
27893,27893,1,1,28097,geom
7460435,7460435,1,1,38846,geom
8097712,8097712,1,1,5119,geom
3453966,3453966,1,1,5119,geom
4018101,4018101,1,1,31464,geom
1103462,1103462,1,1,20301,geom
8820574,8820574,1,1,67767,geom
8618039,8618039,1,1,90336,geom
9332921,9332921,1,1,30666,geom
3253594,3253594,1,1,30666,geom
13766,13766,1,1,123546,geom
8552857,8552857,1,1,121389,geom
5464778,5464778,1,1,121389,geom
7542741,7542741,1,1,119380,geom
7991207,7991207,1,1,79462,geom
1543859,1543859,1,1,111918,geom
3681454,3681454,1,1,15715,geom
3510664,3510664,1,1,15715,geom
4943885,4943885,1,1,29602,geom
1064403,1064403,1,1,29602,geom
6593711,6593711,1,1,101489,geom
833358,833358,1,1,101489,geom
92848,92848,1,1,6466,geom
7064752,7064752,1,1,6466,geom
5020705,5020705,1,1,6466,geom
7162669,7162669,1,1,112506,geom
4842002,4842002,1,1,81497,geom
2358863,2358863,1,1,46871,geom
176411,176411,1,1,46871,geom
6308083,6308083,1,1,118374,geom
1322668,1322668,1,1,12788,geom
8039801,8039801,1,1,12788,geom
5398387,5398387,1,1,79310,geom
7720828,7720828,1,1,97517,geom
5415229,5415229,1,1,97517,geom
7516150,7516150,1,1,97517,geom
3741509,3741509,1,1,94814,geom
274434,274434,1,1,54776,geom
3372125,3372125,1,1,122961,geom
4977227,4977227,1,1,19729,geom
5411,5411,1,1,36906,geom
3036172,3036172,1,1,63866,geom
3243684,3243684,1,1,36799,geom
2178862,2178862,1,1,56341,geom
1040038,1040038,1,1,19188,geom
2334903,2334903,1,1,81317,geom
4570681,4570681,1,1,81317,geom
3026530,3026530,1,1,10426,geom
8407032,8407032,1,1,16166,geom
834958,834958,1,1,119306,geom
9620988,9620988,1,1,64984,geom
8892277,8892277,1,1,64984,geom
5589260,5589260,1,1,2911,geom
5111329,5111329,1,1,29963,geom
6383202,6383202,1,1,107247,geom
8369212,8369212,1,1,107247,geom
9060139,9060139,1,1,107247,geom
6854595,6854595,1,1,38588,geom
1255380,1255380,1,1,38588,geom
4721084,4721084,1,1,38588,geom
4278528,4278528,1,1,114145,geom
9266321,9266321,1,1,19358,geom
4727283,4727283,1,1,94551,geom
9878638,9878638,1,1,94551,geom
9330293,9330293,1,1,40785,geom
3661613,3661613,1,1,100381,geom
762064,762064,1,1,12274,geom
6175816,6175816,1,1,58845,geom
5290324,5290324,1,1,32026,geom
4330518,4330574,57,1,32026,geom
6798028,6798028,1,1,32026,geom
8002112,8002112,1,1,114070,geom
9811203,9811203,1,1,114070,geom
4101731,4101731,1,1,19749,geom
2381250,2381250,1,1,80392,geom
4323529,4323529,1,1,80392,geom
2360217,2360217,1,1,80392,geom
1522217,1522217,1,1,80392,geom
3657961,3657961,1,1,66591,geom
4315977,4315977,1,1,61454,geom
2524696,2524696,1,1,61454,geom
9702611,9702611,1,1,9298,geom
5739962,5739962,1,1,9298,geom
4575595,4575595,1,1,82795,geom
5844393,5844393,1,1,11115,geom
5804126,5804126,1,1,11115,geom
8457138,8457138,1,1,115082,geom
1998607,1998607,1,1,93232,geom
4763865,4763865,1,1,93232,geom
8090773,8090773,1,1,51697,geom
455495,455495,1,1,63496,geom
7951932,7951932,1,1,36226,geom
3511825,3511825,1,1,36226,geom
6941659,6941659,1,1,78986,geom
920104,920104,1,1,78986,geom
8261851,8261851,1,1,5808,geom
5589198,5589198,1,1,5808,geom
5487757,5487757,1,1,5808,geom
6693845,6693845,1,1,20142,geom
754331,754331,1,1,1523,geom
1396872,1396872,1,1,42561,geom
1723916,1723916,1,1,2601,geom
3684034,3684034,1,1,122382,geom
5266475,5266475,1,1,122382,geom
3683225,3683225,1,1,122382,geom
6617915,6617915,1,1,25763,geom
29035,29035,1,1,13726,geom
4514822,4514822,1,1,13726,geom
6826587,6826587,1,1,12539,geom
6034656,6034656,1,1,75001,geom
3635009,3635009,1,1,75001,geom
1953033,1953033,1,1,67375,geom
7238674,7238674,1,1,67375,geom
7691113,7691113,1,1,121946,geom
6064024,6064024,1,1,121946,geom
4772351,4772351,1,1,67703,geom
6147289,6147289,1,1,67703,geom
3302287,3302287,1,1,36255,geom
2345325,2345325,1,1,78236,geom
7273986,7273986,1,1,84438,geom
9682835,9682835,1,1,84438,geom
5613063,5613063,1,1,84438,geom
7459742,7459742,1,1,84438,geom
1918117,1918117,1,1,84438,geom
9270016,9270016,1,1,93438,geom
7876106,7876123,18,1,93438,geom
7099077,7099077,1,1,17691,geom
6248879,6248879,1,1,120546,geom
3733601,3733601,1,1,56879,geom
2111500,2111500,1,1,56879,geom
5411407,5411407,1,1,56879,geom
3342668,3342668,1,1,56879,geom
5633470,5633470,1,1,84912,geom
2018141,2018141,1,1,92887,geom
3042535,3042535,1,1,92887,geom
3378322,3378322,1,1,92887,geom
4999596,4999596,1,1,120516,geom
7543234,7543234,1,1,51730,geom
7849901,7849901,1,1,7792,geom
9597456,9597456,1,1,42938,geom
1795151,1795151,1,1,92562,geom
9048000,9048000,1,1,64402,geom
3300227,3300227,1,1,64402,geom
3739175,3739175,1,1,94551,geom
6485785,6485785,1,1,87373,geom
2217533,2217533,1,1,58202,geom
7411428,7411428,1,1,58202,geom
630539,630539,1,1,30473,geom
8301565,8301565,1,1,69477,geom
7544535,7544535,1,1,75478,geom
9917546,9917546,1,1,8988,geom
5591122,5591122,1,1,95452,geom
6949966,6949966,1,1,95452,geom
4227695,4227695,1,1,99637,geom
3786878,3786878,1,1,99637,geom
5582680,5582680,1,1,99637,geom
3644250,3644250,1,1,89708,geom
1705672,1705672,1,1,122226,geom
1560728,1560728,1,1,122226,geom
7450008,7450008,1,1,122226,geom
7783435,7783435,1,1,122226,geom
2713502,2713502,1,1,19764,geom
9436689,9436689,1,1,19764,geom
8682535,8682535,1,1,77522,geom
4884725,4884725,1,1,78794,geom
8369445,8369445,1,1,2328,geom
7741943,7741943,1,1,36634,geom
9006089,9006089,1,1,36634,geom
7120380,7120380,1,1,72611,geom
2633093,2633093,1,1,73324,geom
985983,985983,1,1,92953,geom
1183326,1183326,1,1,92953,geom
7314768,7314768,1,1,48980,geom
8090013,8090013,1,1,108363,geom
4842676,4842676,1,1,7404,geom
9119100,9119100,1,1,7404,geom
9247834,9247834,1,1,7404,geom
4536247,4536247,1,1,85972,geom
5177608,5177608,1,1,85972,geom
1938966,1938966,1,1,85972,geom
8436904,8436904,1,1,83341,geom
4104276,4104276,1,1,124692,geom
478860,478860,1,1,6015,geom
2204447,2204447,1,1,6015,geom
826946,826946,1,1,118047,geom
3019195,3019195,1,1,35002,geom
5794432,5794432,1,1,35002,geom
1085307,1085307,1,1,27968,geom
9030075,9030075,1,1,27968,geom
4216420,4216420,1,1,27968,geom
9721169,9721169,1,1,119532,geom
3626581,3626581,1,1,119532,geom
248619,248619,1,1,44276,geom
5588154,5588154,1,1,32305,geom
5601863,5601893,31,1,32305,geom
4988687,4988687,1,1,14205,geom
3333891,3333891,1,1,14205,geom
7461048,7461048,1,1,45588,geom
2247735,2247735,1,1,21879,geom
8585700,8585700,1,1,21879,geom
4978143,4978143,1,1,24664,geom
4031117,4031117,1,1,24664,geom
9707936,9707936,1,1,24664,geom
3794294,3794294,1,1,102365,geom
6269129,6269129,1,1,100356,geom
2608786,2608786,1,1,100356,geom
3448817,3448817,1,1,49849,geom
456472,456472,1,1,49849,geom
2108182,2108182,1,1,23193,geom
8800774,8800774,1,1,96066,geom
8840067,8840067,1,1,70352,geom
1026285,1026285,1,1,64833,geom
667858,667858,1,1,64833,geom
3833005,3833005,1,1,64833,geom
9089867,9089873,7,1,30338,geom
634388,634402,15,1,87080,geom
1746309,1746309,1,1,87080,geom
2927055,2927055,1,1,105962,geom
6226762,6226762,1,1,105962,geom
3034809,3034809,1,1,105962,geom
3085875,3085875,1,1,105962,geom
4100063,4100063,1,1,105962,geom
5504427,5504427,1,1,32635,geom
834193,834193,1,1,32635,geom
7672225,7672225,1,1,6235,geom
3042230,3042230,1,1,84700,geom
8539913,8539913,1,1,104211,geom
8673621,8673621,1,1,104211,geom
1977420,1977420,1,1,104211,geom
6311745,6311745,1,1,33569,geom
7015261,7015261,1,1,76860,geom
3934268,3934268,1,1,89005,geom
7017977,7017977,1,1,17746,geom
7161953,7161953,1,1,2273,geom
5964804,5964804,1,1,89644,geom
9687749,9687749,1,1,98599,geom
4258555,4258555,1,1,47710,geom
1849750,1849750,1,1,63253,geom
7843109,7843109,1,1,63253,geom
3911051,3911051,1,1,74085,geom
4013331,4013331,1,1,74085,geom
7521882,7521882,1,1,34607,geom
5781922,5781922,1,1,34607,geom
1631341,1631341,1,1,100274,geom
8014711,8014711,1,1,38856,geom
1481346,1481346,1,1,38856,geom
477420,477420,1,1,38856,geom
1512359,1512359,1,1,38856,geom
1751239,1751239,1,1,38856,geom
4554571,4554571,1,1,38856,geom
3621626,3621626,1,1,18328,geom
3387941,3387941,1,1,120482,geom
4297114,4297114,1,1,118037,geom
491884,491884,1,1,118037,geom
1999128,1999128,1,1,58627,geom
2624658,2624658,1,1,42566,geom
8598034,8598034,1,1,15401,geom
5996960,5996960,1,1,88830,geom
9643478,9643478,1,1,12511,geom
4698863,4698863,1,1,16547,geom
1641199,1641199,1,1,124586,geom
3845429,3845429,1,1,115460,geom
6091170,6091170,1,1,42265,geom
1356591,1356591,1,1,42265,geom
3467254,3467254,1,1,42265,geom
8936832,8936832,1,1,33752,geom
3855486,3855486,1,1,96009,geom
9452097,9452097,1,1,25382,geom
3010522,3010522,1,1,25382,geom
5356643,5356643,1,1,112108,geom
9816003,9816003,1,1,33173,geom
9302134,9302134,1,1,33173,geom
4342843,4342843,1,1,33173,geom
9558829,9558829,1,1,33173,geom
4348053,4348053,1,1,74881,geom
2459,2459,1,1,74881,geom
704951,704951,1,1,70526,geom
2471579,2471579,1,1,116611,geom
4165394,4165394,1,1,81222,geom
8488092,8488092,1,1,81222,geom
7872996,7872996,1,1,81222,geom
99452,99452,1,1,102462,geom
8747202,8747202,1,1,102462,geom
4341791,4341791,1,1,107607,geom
1957812,1957812,1,1,107607,geom
4889156,4889156,1,1,107607,geom
9898302,9898302,1,1,52581,geom
49342,49342,1,1,52581,geom
2659891,2659891,1,1,15340,geom
3518626,3518626,1,1,33953,geom
2391698,2391698,1,1,102287,geom
6407731,6407731,1,1,9054,geom
3827568,3827570,3,1,3342,geom
7715726,7715726,1,1,3342,geom
7132199,7132204,6,1,13831,geom
6739354,6739354,1,1,13831,geom
6271359,6271359,1,1,13831,geom
3662738,3662738,1,1,84683,geom
6983806,6983806,1,1,84683,geom
7476373,7476373,1,1,11923,geom
2464641,2464641,1,1,46343,geom
5777481,5777481,1,1,65641,geom
8623097,8623097,1,1,24651,geom
1749874,1749874,1,1,71315,geom
2861602,2861602,1,1,33848,geom
6813133,6813133,1,1,61396,geom
585565,585565,1,1,85018,geom
8543340,8543340,1,1,22844,geom
472250,472250,1,1,6158,geom
4748080,4748080,1,1,71096,geom
2265582,2265582,1,1,71096,geom
8361279,8361279,1,1,24177,geom
1487658,1487658,1,1,24177,geom
6242914,6242914,1,1,5373,geom
4268294,4268294,1,1,113808,geom
2157571,2157571,1,1,34865,geom
4949487,4949487,1,1,15391,geom
8710843,8710843,1,1,18527,geom
4358504,4358504,1,1,78396,geom
5078320,5078320,1,1,89156,geom
5605212,5605212,1,1,96809,geom
3618769,3618769,1,1,27775,geom
8987331,8987331,1,1,9006,geom
2240863,2240863,1,1,9006,geom
7523185,7523185,1,1,121039,geom
9612836,9612836,1,1,70788,geom
2962193,2962193,1,1,64296,geom
9710185,9710185,1,1,81641,geom
3645476,3645476,1,1,74663,geom
1925459,1925459,1,1,16082,geom
2887629,2887629,1,1,100218,geom
5589260,5589260,1,1,14320,geom
8162509,8162509,1,1,5575,geom
1670607,1670607,1,1,5575,geom
9430782,9430782,1,1,5575,geom
3051525,3051525,1,1,5575,geom
8943446,8943446,1,1,35263,geom
78873,78873,1,1,35263,geom
7984155,7984155,1,1,111055,geom
1085307,1085307,1,1,111055,geom
8365963,8365963,1,1,111055,geom
2146649,2146649,1,1,11739,geom
3128485,3128485,1,1,79583,geom
4185608,4185608,1,1,59841,geom
166421,166421,1,1,54122,geom
4220707,4220707,1,1,60957,geom
665400,665400,1,1,43593,geom
9005063,9005063,1,1,43593,geom
8920827,8920827,1,1,25268,geom
9623613,9623619,7,1,36182,geom
2238682,2238682,1,1,110270,geom
9004063,9004063,1,1,26986,geom
6087216,6087216,1,1,26986,geom
8308618,8308618,1,1,15340,geom
2439946,2439946,1,1,17474,geom
7076920,7076920,1,1,17474,geom
8503505,8503505,1,1,116678,geom
5074918,5074918,1,1,44355,geom
6136573,6136573,1,1,44355,geom
7451387,7451387,1,1,121115,geom
3911359,3911359,1,1,12162,geom
3736503,3736503,1,1,91950,geom
3995888,3995888,1,1,24666,geom
3653230,3653230,1,1,59058,geom
1581858,1581858,1,1,19065,geom
7910359,7910359,1,1,80783,geom
2136997,2136997,1,1,80783,geom
7464865,7464865,1,1,93499,geom
3007547,3007547,1,1,93499,geom
1601129,1601129,1,1,93499,geom
9733661,9733661,1,1,119829,geom
7786468,7786468,1,1,119829,geom
351541,351541,1,1,6385,geom
6628223,6628223,1,1,111796,geom
772736,772736,1,1,111796,geom
1030365,1030365,1,1,18591,geom
2461826,2461826,1,1,18591,geom
276817,276817,1,1,18591,geom
2212702,2212717,16,1,49190,geom
5934046,5934046,1,1,13351,geom
1567989,1567989,1,1,93848,geom
9475455,9475455,1,1,113520,geom
8624896,8624896,1,1,30711,geom
3359756,3359756,1,1,30711,geom
9457194,9457194,1,1,84465,geom
5603515,5603515,1,1,84465,geom
8251743,8251743,1,1,50638,geom
9790786,9790786,1,1,50638,geom
5869482,5869482,1,1,23943,geom
4124079,4124079,1,1,11804,geom
8133292,8133292,1,1,82146,geom
4123904,4123904,1,1,82146,geom
5580457,5580457,1,1,23180,geom
3936049,3936049,1,1,23180,geom
2927044,2927044,1,1,108739,geom
4463808,4463808,1,1,108739,geom
1620408,1620408,1,1,10072,geom
9427752,9427752,1,1,43669,geom
9470222,9470254,33,1,94840,geom
8218371,8218371,1,1,94840,geom
5671114,5671114,1,1,24633,geom
2247061,2247061,1,1,24633,geom
2984267,2984267,1,1,24633,geom
6623352,6623352,1,1,93410,geom
9640332,9640332,1,1,28997,geom
5556245,5556245,1,1,120028,geom
6307566,6307566,1,1,120028,geom
2075017,2075017,1,1,93767,geom
3104045,3104045,1,1,39793,geom
1541500,1541500,1,1,111898,geom
8145639,8145639,1,1,3305,geom
6753629,6753629,1,1,38689,geom
5286540,5286540,1,1,38689,geom
211923,211923,1,1,111567,geom
7867513,7867513,1,1,96174,geom
9126050,9126050,1,1,123493,geom
137405,137405,1,1,123493,geom
7064049,7064049,1,1,52080,geom
1334930,1334930,1,1,65998,geom
3292285,3292285,1,1,27907,geom
8294819,8294819,1,1,27907,geom
8689077,8689077,1,1,27907,geom
4409306,4409306,1,1,7993,geom
1391164,1391164,1,1,7993,geom
7428362,7428362,1,1,36624,geom
2732788,2732788,1,1,57506,geom
8093519,8093519,1,1,105969,geom
6318680,6318680,1,1,70957,geom
1112508,1112508,1,1,46972,geom
3501444,3501444,1,1,106781,geom
9893250,9893250,1,1,107385,geom
8381094,8381094,1,1,107385,geom
2681898,2681898,1,1,12021,geom
7189599,7189599,1,1,12021,geom
8528708,8528708,1,1,81653,geom
5844393,5844393,1,1,77412,geom
1484886,1484886,1,1,8818,geom
9844194,9844194,1,1,8818,geom
7026196,7026196,1,1,30865,geom
885612,885612,1,1,122702,geom
8281734,8281734,1,1,33897,geom
2357421,2357421,1,1,33897,geom
637348,637348,1,1,33897,geom
6369965,6369965,1,1,38995,geom
9582782,9582782,1,1,38995,geom
2538867,2538867,1,1,38995,geom
275242,275242,1,1,80888,geom
5914882,5914882,1,1,100069,geom
600431,600431,1,1,104369,geom
5726352,5726352,1,1,114331,geom
3251502,3251502,1,1,46377,geom
4593195,4593195,1,1,46377,geom
7778325,7778325,1,1,46377,geom
4741056,4741056,1,1,64275,geom
5138084,5138084,1,1,5306,geom
2111218,2111218,1,1,64063,geom
8753621,8753630,10,1,64063,geom
2734959,2734959,1,1,99820,geom
2377995,2377995,1,1,97199,geom
1629322,1629322,1,1,15799,geom
2064726,2064727,2,1,73273,geom
1876699,1876699,1,1,73273,geom
7200539,7200539,1,1,11053,geom
9305307,9305307,1,1,9863,geom
486244,486244,1,1,115138,geom
3443022,3443022,1,1,115138,geom
766109,766109,1,1,115138,geom
9922291,9922291,1,1,110685,geom
221659,221659,1,1,75774,geom
5149749,5149749,1,1,31816,geom
1104646,1104646,1,1,31816,geom
8333738,8333738,1,1,103553,geom
9925145,9925145,1,1,38884,geom
7572866,7572866,1,1,38884,geom
3219626,3219626,1,1,52489,geom
3301717,3301717,1,1,37419,geom
5871542,5871542,1,1,26759,geom
9171974,9171974,1,1,119166,geom
9140180,9140180,1,1,74645,geom
93173,93173,1,1,74645,geom
79201,79201,1,1,74645,geom
6922448,6922448,1,1,74645,geom
7682267,7682267,1,1,66535,geom
3792407,3792407,1,1,45959,geom
6835814,6835814,1,1,45959,geom
3837559,3837559,1,1,42498,geom
6984955,6984955,1,1,42498,geom
4328119,4328119,1,1,9578,geom
6006955,6006955,1,1,27548,geom
6905769,6905769,1,1,26241,geom
9242136,9242136,1,1,5019,geom
5538418,5538418,1,1,6283,geom
1998607,1998607,1,1,22318,geom
4351283,4351283,1,1,29885,geom
4968170,4968170,1,1,10893,geom
2634423,2634423,1,1,17603,geom
6155678,6155678,1,1,86645,geom
3005937,3005937,1,1,21919,geom
8735093,8735093,1,1,21919,geom
5836140,5836140,1,1,55099,geom
6702991,6702991,1,1,55099,geom
4012568,4012568,1,1,79470,geom
7858921,7858921,1,1,40899,geom
7832370,7832370,1,1,57864,geom
2817449,2817449,1,1,30094,geom
6778371,6778371,1,1,30094,geom
9634193,9634193,1,1,39729,geom
506956,506956,1,1,27211,geom
5586983,5586983,1,1,89800,geom
6483848,6483848,1,1,91122,geom
4015687,4015687,1,1,98497,geom
9470254,9470254,1,1,98497,geom
4755163,4755163,1,1,98497,geom
8171224,8171224,1,1,101115,geom
7117563,7117563,1,1,101115,geom
7378593,7378593,1,1,72856,geom
2375873,2375873,1,1,72856,geom
5899043,5899043,1,1,124922,geom
1010847,1010847,1,1,124922,geom
7066002,7066002,1,1,124922,geom
5581161,5581161,1,1,116145,geom
3154633,3154633,1,1,116145,geom
2316695,2316695,1,1,75940,geom
4645180,4645180,1,1,75940,geom
9811203,9811203,1,1,14192,geom
8279404,8279404,1,1,14192,geom
1010448,1010448,1,1,14192,geom
7657302,7657302,1,1,31246,geom
7457647,7457647,1,1,60889,geom
9796232,9796232,1,1,56621,geom
20468,20468,1,1,56621,geom
6331133,6331133,1,1,56621,geom
1865773,1865773,1,1,64196,geom
8148688,8148688,1,1,115268,geom
4562208,4562208,1,1,6906,geom
3741710,3741710,1,1,6906,geom
8061636,8061636,1,1,2491,geom
755606,755606,1,1,66611,geom
8464966,8464966,1,1,885,geom
2317134,2317134,1,1,15430,geom
3511655,3511655,1,1,94438,geom
5668105,5668105,1,1,94438,geom
2828507,2828507,1,1,94438,geom
7905763,7905763,1,1,18524,geom
1403435,1403435,1,1,90803,geom
91251,91251,1,1,90803,geom
9830766,9830766,1,1,117692,geom
7134484,7134484,1,1,13094,geom
1394342,1394342,1,1,118298,geom
9409386,9409386,1,1,118298,geom
5521906,5521906,1,1,103749,geom
181427,181427,1,1,98671,geom
7063048,7063048,1,1,34407,geom
1540871,1540871,1,1,9442,geom
5496163,5496163,1,1,9442,geom
5982175,5982175,1,1,28018,geom
7963931,7963931,1,1,58779,geom
5057374,5057374,1,1,58779,geom
704180,704180,1,1,103546,geom
7493308,7493308,1,1,103546,geom
5159446,5159446,1,1,35933,geom
4004284,4004284,1,1,47714,geom
4117103,4117103,1,1,32554,geom
5540524,5540524,1,1,32554,geom
1725933,1725933,1,1,116204,geom
6595336,6595336,1,1,34166,geom
1669779,1669779,1,1,14180,geom
4160,4160,1,1,1913,geom
2088483,2088483,1,1,1913,geom
8261576,8261576,1,1,1913,geom
2308217,2308217,1,1,117467,geom
1925459,1925459,1,1,110771,geom
248979,248979,1,1,110771,geom
7040061,7040061,1,1,26137,geom
4695157,4695157,1,1,26137,geom
7783435,7783435,1,1,26137,geom
3681708,3681708,1,1,117099,geom
3676782,3676782,1,1,4022,geom
6328124,6328124,1,1,2543,geom
1826412,1826412,1,1,56302,geom
4964192,4964192,1,1,77595,geom
2646151,2646151,1,1,59107,geom
2414166,2414166,1,1,79096,geom
9924417,9924417,1,1,53099,geom
4947972,4947972,1,1,114019,geom
4713794,4713794,1,1,110174,geom
5558492,5558492,1,1,34373,geom
1241365,1241365,1,1,34373,geom
6265589,6265589,1,1,102162,geom
9397593,9397593,1,1,102162,geom
7808640,7808640,1,1,102162,geom
3524567,3524567,1,1,98233,geom
1883141,1883141,1,1,82612,geom
8051947,8051947,1,1,82612,geom
9672341,9672341,1,1,96023,geom
1073427,1073427,1,1,96023,geom
2668145,2668145,1,1,106842,geom
3577511,3577511,1,1,106842,geom
7447422,7447422,1,1,12319,geom
4343289,4343289,1,1,115221,geom
3320354,3320354,1,1,115221,geom
5708598,5708598,1,1,19991,geom
9811203,9811203,1,1,19991,geom
9565401,9565401,1,1,59388,geom
434664,434664,1,1,59388,geom
5102156,5102156,1,1,91301,geom
1975041,1975041,1,1,28068,geom
8156913,8156913,1,1,48498,geom
4801997,4801997,1,1,104646,geom
1318360,1318360,1,1,89771,geom
7449568,7449568,1,1,89771,geom
8341872,8341872,1,1,110248,geom
1063899,1063899,1,1,116545,geom
6882674,6882674,1,1,99979,geom
7723140,7723140,1,1,30694,geom
4926692,4926692,1,1,113708,geom
2188869,2188869,1,1,113708,geom
2164436,2164436,1,1,113708,geom
4001688,4001688,1,1,93974,geom
3133837,3133837,1,1,102169,geom
4477095,4477095,1,1,81836,geom
396709,396709,1,1,81836,geom
2243796,2243796,1,1,76707,geom
9662805,9662805,1,1,102258,geom
1587701,1587701,1,1,36342,geom
7922402,7922402,1,1,69679,geom
1193997,1193997,1,1,2194,geom
4270835,4270835,1,1,67309,geom
2869564,2869564,1,1,2219,geom
5650964,5650964,1,1,66129,geom
1670059,1670059,1,1,30198,geom
7551895,7551895,1,1,36338,geom
9280392,9280392,1,1,36338,geom
3414268,3414268,1,1,36338,geom
7888827,7888827,1,1,57293,geom
1595528,1595528,1,1,57293,geom
1654195,1654195,1,1,57293,geom
1927769,1927769,1,1,60547,geom
7039955,7039955,1,1,121558,geom
1975041,1975041,1,1,121558,geom
9405010,9405010,1,1,63985,geom
6624766,6624766,1,1,63985,geom
2753775,2753775,1,1,63985,geom
5659521,5659521,1,1,468,geom
3387391,3387391,1,1,468,geom
7970917,7970917,1,1,468,geom
4259971,4259971,1,1,468,geom
2958401,2958401,1,1,34280,geom
7504083,7504083,1,1,44276,geom
3824763,3824763,1,1,44276,geom
1604891,1604891,1,1,44276,geom
7492123,7492123,1,1,735,geom
5118259,5118259,1,1,35839,geom
5540246,5540246,1,1,35839,geom
8973592,8973592,1,1,81022,geom
3860678,3860678,1,1,34288,geom
7047187,7047187,1,1,15865,geom
8839526,8839526,1,1,15865,geom
5827988,5827988,1,1,111590,geom
9907575,9907575,1,1,123258,geom
7295194,7295194,1,1,123258,geom
8156913,8156913,1,1,34552,geom
3575990,3575990,1,1,34552,geom
660273,660273,1,1,89247,geom
5576821,5576821,1,1,84403,geom
1197803,1197803,1,1,7373,geom
1578186,1578186,1,1,113905,geom
5530026,5530026,1,1,113905,geom
7897685,7897685,1,1,11291,geom
4043340,4043340,1,1,11291,geom
9763056,9763056,1,1,9082,geom
3030516,3030516,1,1,114402,geom
6876326,6876326,1,1,114402,geom
1603060,1603060,1,1,38284,geom
8936386,8936386,1,1,38284,geom
4276224,4276224,1,1,18806,geom
9054648,9054648,1,1,85143,geom
9856329,9856329,1,1,60503,geom
6701740,6701740,1,1,22092,geom
1079273,1079273,1,1,22092,geom
3950527,3950527,1,1,115060,geom
5575431,5575431,1,1,123297,geom
7481572,7481572,1,1,123297,geom
6145647,6145647,1,1,55786,geom
9708855,9708855,1,1,55786,geom
8511411,8511411,1,1,55786,geom
4593195,4593195,1,1,85445,geom
9692814,9692814,1,1,119624,geom
20468,20468,1,1,38033,geom
8912731,8912731,1,1,38033,geom
4960650,4960650,1,1,38033,geom
8767126,8767126,1,1,72850,geom
7132260,7132260,1,1,72850,geom
7986642,7986642,1,1,23346,geom
2240863,2240863,1,1,37082,geom
41895,41895,1,1,22013,geom
2081164,2081164,1,1,22013,geom
3149786,3149786,1,1,73074,geom
6494077,6494077,1,1,73074,geom
6256308,6256308,1,1,73074,geom
5018482,5018482,1,1,40242,geom
6813327,6813327,1,1,40242,geom
2948388,2948388,1,1,95177,geom
8656330,8656330,1,1,95177,geom
2247061,2247061,1,1,83888,geom
7872744,7872744,1,1,83888,geom
3193822,3193822,1,1,83888,geom
9615970,9615970,1,1,45943,geom
7378593,7378593,1,1,45943,geom
2350309,2350309,1,1,79781,geom
6524064,6524064,1,1,115781,geom
9671881,9671881,1,1,64315,geom
7493080,7493080,1,1,64315,geom
1914080,1914080,1,1,63208,geom
9880427,9880456,30,1,63679,geom
1578186,1578186,1,1,63679,geom
9790244,9790244,1,1,110078,geom
9727818,9727818,1,1,24838,geom
2350309,2350309,1,1,24838,geom
1861280,1861280,1,1,67250,geom
6451653,6451653,1,1,22521,geom
9018638,9018641,4,1,22521,geom
2289182,2289182,1,1,73004,geom
5931535,5931535,1,1,73004,geom
2003355,2003355,1,1,73004,geom
1967196,1967196,1,1,11427,geom
7150165,7150172,8,1,11427,geom
9351255,9351255,1,1,11427,geom
3401035,3401035,1,1,72444,geom
7733544,7733544,1,1,110546,geom
6791852,6791852,1,1,10531,geom
9702611,9702611,1,1,61702,geom
3128485,3128485,1,1,61702,geom
9705645,9705645,1,1,61702,geom
9622792,9622792,1,1,61702,geom
1534888,1534888,1,1,87935,geom
1843151,1843151,1,1,39797,geom
5009309,5009309,1,1,32286,geom
8936386,8936386,1,1,77074,geom
2658187,2658187,1,1,77074,geom
5694797,5694797,1,1,110729,geom
4676259,4676259,1,1,110729,geom
9260027,9260027,1,1,114131,geom
7521004,7521004,1,1,50083,geom
5363472,5363472,1,1,50083,geom
1016338,1016338,1,1,68092,geom
3790274,3790274,1,1,66973,geom
8624896,8624896,1,1,100180,geom
1003810,1003810,1,1,42451,geom
5138456,5138456,1,1,106525,geom
420800,420800,1,1,86689,geom
8284256,8284277,22,1,78311,geom
3767429,3767432,4,1,52094,geom
7019598,7019598,1,1,91211,geom
5601542,5601542,1,1,38409,geom
9066399,9066399,1,1,124687,geom
5592551,5592551,1,1,88168,geom
2624467,2624467,1,1,88168,geom
6889737,6889737,1,1,4548,geom
1255467,1255467,1,1,61479,geom
8737824,8737824,1,1,108610,geom
3751417,3751417,1,1,108610,geom
85580,85580,1,1,30094,geom
1013117,1013117,1,1,30094,geom
8478322,8478322,1,1,30094,geom
388264,388264,1,1,30094,geom
9574716,9574716,1,1,49369,geom
5351848,5351848,1,1,49369,geom
2604327,2604327,1,1,8434,geom
7409496,7409496,1,1,32818,geom
9007776,9007776,1,1,40483,geom
7046792,7046792,1,1,40483,geom
6091864,6091864,1,1,48039,geom
2661185,2661185,1,1,121859,geom
3298866,3298866,1,1,50037,geom
5892140,5892140,1,1,51355,geom
276345,276345,1,1,75237,geom
5477905,5477905,1,1,1823,geom
2464641,2464641,1,1,1823,geom
3224155,3224155,1,1,121467,geom
5317135,5317135,1,1,93640,geom
5032305,5032305,1,1,62122,geom
3998094,3998094,1,1,39864,geom
1352067,1352067,1,1,81589,geom
6563970,6563970,1,1,37243,geom
1865221,1865221,1,1,37243,geom
8884137,8884137,1,1,37243,geom
6544392,6544392,1,1,68635,geom
4021835,4021835,1,1,21374,geom
20961,20961,1,1,21374,geom
4647476,4647476,1,1,21374,geom
804988,804988,1,1,71328,geom
8082882,8082882,1,1,88105,geom
2996218,2996218,1,1,26175,geom
1455559,1455559,1,1,69087,geom
5575146,5575146,1,1,69087,geom
2541178,2541178,1,1,70384,geom
4734107,4734107,1,1,99171,geom
4190122,4190122,1,1,41722,geom
3363612,3363612,1,1,15738,geom
5022447,5022447,1,1,12574,geom
5930006,5930006,1,1,12574,geom
3865410,3865410,1,1,59556,geom
1734520,1734520,1,1,59556,geom
3644250,3644250,1,1,19340,geom
5191911,5191911,1,1,19340,geom
3622647,3622647,1,1,48763,geom
4110265,4110265,1,1,116889,geom
2124528,2124528,1,1,88006,geom
5554707,5554707,1,1,88006,geom
6579366,6579366,1,1,39924,geom
8280947,8280947,1,1,39924,geom
1723916,1723916,1,1,41503,geom
6952590,6952590,1,1,41503,geom
630652,630652,1,1,103551,geom
2749800,2749800,1,1,5146,geom
6923384,6923384,1,1,57453,geom
4257158,4257158,1,1,17373,geom
6525595,6525595,1,1,788,geom
7110513,7110513,1,1,5029,geom
9397142,9397142,1,1,5029,geom
1998607,1998607,1,1,121057,geom
1789019,1789019,1,1,89182,geom
6344437,6344437,1,1,19004,geom
8713871,8713871,1,1,96568,geom
7606562,7606562,1,1,86560,geom
5085813,5085813,1,1,86560,geom
4743916,4743916,1,1,99648,geom
3924335,3924335,1,1,99648,geom
7884167,7884167,1,1,99648,geom
3205872,3205872,1,1,91876,geom
2865678,2865678,1,1,49733,geom
4603940,4603940,1,1,86117,geom
6695091,6695091,1,1,60203,geom
164062,164062,1,1,91409,geom
7918704,7918704,1,1,656,geom
4291742,4291742,1,1,26420,geom
6528256,6528256,1,1,82858,geom
7008928,7008928,1,1,54469,geom
6876326,6876326,1,1,1565,geom
3239043,3239043,1,1,81850,geom
4227117,4227117,1,1,81850,geom
7408182,7408182,1,1,98898,geom
8284277,8284277,1,1,82502,geom
3005937,3005937,1,1,86563,geom
1506810,1506810,1,1,15277,geom
917998,917998,1,1,105311,geom
6832275,6832275,1,1,105311,geom
3250639,3250639,1,1,22511,geom
6911411,6911411,1,1,41129,geom
7243703,7243766,64,1,41129,geom
5722500,5722500,1,1,41129,geom
9281206,9281206,1,1,40684,geom
8538914,8538914,1,1,40684,geom
9328377,9328377,1,1,46852,geom
5230965,5230965,1,1,46852,geom
5500403,5500403,1,1,46852,geom
6451653,6451653,1,1,33490,geom
5718448,5718448,1,1,124481,geom
4165416,4165416,1,1,75284,geom
1984225,1984225,1,1,47567,geom
2706213,2706213,1,1,88107,geom
554645,554645,1,1,88107,geom
4196460,4196460,1,1,42623,geom
7207796,7207796,1,1,69139,geom
8109183,8109183,1,1,69139,geom
2437822,2437822,1,1,69139,geom
6051939,6051939,1,1,18435,geom
675112,675112,1,1,90192,geom
4820768,4820768,1,1,2035,geom
2606137,2606137,1,1,73707,geom
8565775,8565775,1,1,44077,geom
9780104,9780104,1,1,44077,geom
7109423,7109423,1,1,64659,geom
5589260,5589260,1,1,34814,geom
3142673,3142673,1,1,34814,geom
3049261,3049261,1,1,9780,geom
1966498,1966498,1,1,9780,geom
5540524,5540524,1,1,7784,geom
791829,791829,1,1,43651,geom
9005587,9005587,1,1,74784,geom
3122593,3122593,1,1,99170,geom
7779849,7779849,1,1,99170,geom
9612836,9612836,1,1,99170,geom
539351,539351,1,1,92550,geom
662508,662508,1,1,92550,geom
8109183,8109183,1,1,81334,geom
966170,966170,1,1,100030,geom
6624992,6624992,1,1,118969,geom
7890317,7890317,1,1,118969,geom
6488974,6488974,1,1,97560,geom
1094447,1094447,1,1,13036,geom
2470449,2470500,52,1,13743,geom
9894165,9894165,1,1,13743,geom
3211943,3211951,9,1,12205,geom
1156264,1156264,1,1,52690,geom
4130316,4130316,1,1,103000,geom
9932547,9932547,1,1,103000,geom
5913742,5913742,1,1,103000,geom
3712797,3712797,1,1,120029,geom
1220974,1220974,1,1,120029,geom
1751239,1751239,1,1,112790,geom
6965389,6965389,1,1,64641,geom
2443672,2443672,1,1,71349,geom
2444293,2444293,1,1,71349,geom
8319081,8319112,32,1,27103,geom
3099702,3099702,1,1,27103,geom
7967122,7967122,1,1,19401,geom
5638023,5638023,1,1,34796,geom
1006789,1006789,1,1,71431,geom
9166431,9166431,1,1,53556,geom
9939602,9939602,1,1,53556,geom
3684034,3684034,1,1,37443,geom
5931811,5931811,1,1,50380,geom
9007776,9007776,1,1,50380,geom
1000350,1000350,1,1,50380,geom
2785156,2785156,1,1,100613,geom
8431279,8431279,1,1,56728,geom
8983144,8983144,1,1,97825,geom
7998703,7998703,1,1,106474,geom
3892017,3892017,1,1,124979,geom
9040673,9040673,1,1,87317,geom
8379937,8379937,1,1,87317,geom
9832129,9832129,1,1,109614,geom
6725211,6725211,1,1,28398,geom
5139559,5139559,1,1,110797,geom
2178862,2178862,1,1,110797,geom
3422271,3422271,1,1,41954,geom
2081164,2081164,1,1,24284,geom
1002030,1002030,1,1,24284,geom
1012102,1012102,1,1,78052,geom
6083427,6083427,1,1,78052,geom
357739,357739,1,1,37457,geom
8333045,8333045,1,1,101188,geom
9633290,9633290,1,1,24057,geom
4915366,4915366,1,1,24057,geom
6949966,6949966,1,1,38157,geom
3452870,3452870,1,1,38157,geom
6066602,6066602,1,1,87230,geom
8983536,8983536,1,1,87230,geom
3845340,3845340,1,1,72312,geom
13289,13289,1,1,29064,geom
2672104,2672104,1,1,29064,geom
8574796,8574796,1,1,67063,geom
1675952,1675952,1,1,67063,geom
9426061,9426061,1,1,190,geom
2192919,2192919,1,1,88488,geom
7521549,7521549,1,1,88488,geom
3833005,3833005,1,1,88488,geom
1253279,1253279,1,1,88488,geom
5410646,5410646,1,1,124059,geom
3169624,3169624,1,1,19590,geom
2363366,2363366,1,1,19590,geom
5901376,5901376,1,1,28794,geom
284541,284541,1,1,39416,geom
7079022,7079022,1,1,39416,geom
3680777,3680777,1,1,58846,geom
683128,683128,1,1,74980,geom
7986040,7986040,1,1,12520,geom
9133106,9133106,1,1,12520,geom
633055,633055,1,1,18851,geom
8916408,8916408,1,1,117232,geom
9780104,9780111,8,1,121632,geom
927040,927040,1,1,121632,geom
7066179,7066179,1,1,3067,geom
1540629,1540629,1,1,90566,geom
860521,860521,1,1,30028,geom
1759784,1759784,1,1,30028,geom
3121763,3121763,1,1,92820,geom
6695091,6695091,1,1,92820,geom
9162641,9162641,1,1,21422,geom
6478484,6478484,1,1,68995,geom
3680777,3680777,1,1,55352,geom
1795810,1795810,1,1,55352,geom
5412954,5412954,1,1,120267,geom
4901571,4901571,1,1,120267,geom
1907043,1907043,1,1,114693,geom
490591,490591,1,1,114693,geom
6603306,6603306,1,1,70134,geom
6389674,6389674,1,1,76754,geom
3354121,3354121,1,1,81940,geom
1873403,1873403,1,1,80254,geom
3310934,3310934,1,1,80254,geom
8290467,8290467,1,1,11290,geom
2072483,2072483,1,1,116973,geom
3302101,3302101,1,1,98932,geom
8778413,8778413,1,1,124953,geom
297944,297944,1,1,3306,geom
9702611,9702611,1,1,7781,geom
2351524,2351524,1,1,33140,geom
9117313,9117313,1,1,10540,geom
3248757,3248757,1,1,10540,geom
7541791,7541791,1,1,10540,geom
2199056,2199056,1,1,10540,geom
4703241,4703241,1,1,107060,geom
4247034,4247034,1,1,113704,geom
796160,796160,1,1,113704,geom
5973147,5973147,1,1,113704,geom
991913,991913,1,1,113704,geom
2274825,2274825,1,1,113704,geom
8157096,8157096,1,1,113704,geom
8845115,8845115,1,1,113704,geom
6082967,6082967,1,1,62460,geom
6701740,6701740,1,1,62460,geom
4268294,4268294,1,1,53581,geom
7986407,7986407,1,1,118311,geom
6422914,6422914,1,1,118311,geom
5380556,5380556,1,1,38634,geom
2582777,2582777,1,1,38634,geom
4278395,4278395,1,1,73737,geom
1486094,1486094,1,1,102908,geom
1155515,1155515,1,1,41146,geom
3601401,3601401,1,1,16584,geom
8623097,8623097,1,1,16584,geom
6759319,6759319,1,1,91639,geom
3363612,3363612,1,1,91639,geom
6678638,6678638,1,1,65514,geom
5726816,5726816,1,1,50867,geom
1660942,1660942,1,1,20220,geom
6593656,6593656,1,1,99772,geom
5603515,5603515,1,1,99772,geom
1509536,1509536,1,1,99772,geom
7456757,7456757,1,1,118943,geom
6269778,6269778,1,1,10144,geom
1276954,1276954,1,1,69788,geom
7804466,7804466,1,1,39399,geom
9394811,9394811,1,1,34034,geom
1007751,1007751,1,1,34034,geom
9780104,9780111,8,1,34034,geom
8577102,8577102,1,1,14646,geom
2209813,2209813,1,1,14646,geom
7110513,7110513,1,1,84994,geom
9672341,9672341,1,1,65349,geom
1889134,1889134,1,1,65349,geom
2310233,2310233,1,1,65349,geom
843797,843797,1,1,99683,geom
1872360,1872360,1,1,99683,geom
5076057,5076057,1,1,99683,geom
9341235,9341235,1,1,112525,geom
868607,868607,1,1,112525,geom
3021771,3021771,1,1,11032,geom
8402433,8402433,1,1,11032,geom
5016333,5016333,1,1,66074,geom
7898627,7898627,1,1,66074,geom
7544776,7544776,1,1,119077,geom
9560400,9560400,1,1,119077,geom
7597716,7597716,1,1,3256,geom
6624870,6624870,1,1,123573,geom
161798,161798,1,1,35218,geom
9575139,9575139,1,1,35218,geom
6123709,6123710,2,1,11557,geom
9037641,9037641,1,1,11557,geom
2432963,2432963,1,1,36178,geom
1295493,1295493,1,1,97925,geom
6561926,6561926,1,1,124387,geom
6490609,6490609,1,1,58944,geom
8055556,8055556,1,1,3819,geom
2866022,2866022,1,1,3819,geom
9080505,9080505,1,1,3819,geom
1770356,1770356,1,1,10878,geom
9054660,9054660,1,1,10878,geom
3299596,3299596,1,1,68147,geom
353260,353260,1,1,68147,geom
9044277,9044277,1,1,40082,geom
9094474,9094474,1,1,46196,geom
963492,963492,1,1,34926,geom
67751,67751,1,1,37410,geom
2036223,2036223,1,1,37410,geom
868607,868607,1,1,48286,geom
5077789,5077789,1,1,72069,geom
4821783,4821783,1,1,109436,geom
3748323,3748323,1,1,109436,geom
5656667,5656667,1,1,109436,geom
8696114,8696114,1,1,109436,geom
7764815,7764815,1,1,845,geom
6705652,6705652,1,1,56803,geom
9043352,9043352,1,1,56803,geom
6231639,6231639,1,1,99551,geom
8105285,8105285,1,1,68489,geom
9577988,9577988,1,1,43748,geom
500551,500551,1,1,120400,geom
4898011,4898011,1,1,79619,geom
8116967,8116967,1,1,64172,geom
3408498,3408498,1,1,39714,geom
9437483,9437483,1,1,39714,geom
5139855,5139855,1,1,97946,geom
7551895,7551895,1,1,120914,geom
314485,314485,1,1,65720,geom
7997116,7997116,1,1,60069,geom
5209998,5209998,1,1,2305,geom
6332123,6332123,1,1,35165,geom
2332012,2332012,1,1,54174,geom
9491441,9491441,1,1,572,geom
3116376,3116376,1,1,572,geom
7374282,7374282,1,1,16778,geom
7501410,7501410,1,1,16778,geom
8475505,8475505,1,1,46649,geom
9384047,9384047,1,1,7658,geom
7885445,7885445,1,1,97216,geom
108176,108176,1,1,97422,geom
5808203,5808203,1,1,68982,geom
288004,288004,1,1,68982,geom
2196232,2196232,1,1,16269,geom
8590931,8590931,1,1,12244,geom
3794294,3794294,1,1,12244,geom
7048577,7048577,1,1,82940,geom
9921375,9921375,1,1,9565,geom
8467622,8467622,1,1,9565,geom
2103872,2103872,1,1,33993,geom
3702169,3702169,1,1,89901,geom
8105564,8105564,1,1,32518,geom
1443131,1443200,70,1,32518,geom
7116607,7116607,1,1,67706,geom
2120138,2120138,1,1,67706,geom
5633637,5633637,1,1,87354,geom
3688844,3688844,1,1,80703,geom
1785158,1785158,1,1,93543,geom
9018951,9018951,1,1,90034,geom
5136925,5136925,1,1,115829,geom
7518395,7518395,1,1,79299,geom
1572361,1572361,1,1,79299,geom
1198081,1198081,1,1,49913,geom
4549492,4549492,1,1,108070,geom
2120341,2120341,1,1,108070,geom
2248487,2248487,1,1,108070,geom
9044277,9044277,1,1,97535,geom
5163189,5163189,1,1,97535,geom
7838425,7838425,1,1,102093,geom
6146489,6146489,1,1,80845,geom
3683225,3683225,1,1,80845,geom
4191446,4191446,1,1,115391,geom
3820795,3820795,1,1,30848,geom
8888319,8888319,1,1,72022,geom
3352135,3352135,1,1,72022,geom
2122795,2122795,1,1,5198,geom
1553434,1553434,1,1,14256,geom
6936696,6936696,1,1,25913,geom
4034860,4034860,1,1,25913,geom
1390239,1390239,1,1,18649,geom
2225930,2225930,1,1,115356,geom
9033410,9033410,1,1,60728,geom
5586248,5586248,1,1,111313,geom
3244291,3244291,1,1,78626,geom
4518770,4518770,1,1,78626,geom
5603940,5603940,1,1,15170,geom
4374183,4374183,1,1,112619,geom
1458603,1458603,1,1,112619,geom
3846954,3846954,1,1,78589,geom
7498215,7498215,1,1,78589,geom
3184599,3184599,1,1,78589,geom
6594098,6594098,1,1,78589,geom
3882495,3882495,1,1,78589,geom
8705414,8705414,1,1,8476,geom
8290467,8290467,1,1,86064,geom
4195845,4195845,1,1,112994,geom
8898463,8898463,1,1,78225,geom
453049,453049,1,1,110063,geom
755606,755606,1,1,13603,geom
2567259,2567259,1,1,13603,geom
1129567,1129567,1,1,75062,geom
824827,824827,1,1,113430,geom
3104045,3104045,1,1,113430,geom
674924,674924,1,1,113430,geom
5804126,5804126,1,1,11576,geom
4482410,4482410,1,1,35991,geom
2963738,2963738,1,1,11891,geom
346380,346380,1,1,11891,geom
8232591,8232591,1,1,11891,geom
3679062,3679062,1,1,15872,geom
9336591,9336591,1,1,38482,geom
7877057,7877057,1,1,38482,geom
787711,787711,1,1,16543,geom
6476556,6476573,18,1,121306,geom
6034737,6034737,1,1,121306,geom
9907575,9907575,1,1,77430,geom
6392429,6392429,1,1,37710,geom
4059296,4059296,1,1,54107,geom
7927820,7927820,1,1,16039,geom
6562728,6562728,1,1,16039,geom
9994658,9994658,1,1,16039,geom
90911,90911,1,1,16039,geom
2128276,2128276,1,1,34934,geom
8257526,8257526,1,1,98418,geom
2331269,2331269,1,1,50973,geom
5877777,5877777,1,1,7486,geom
8255358,8255358,1,1,26470,geom
8197877,8197877,1,1,62322,geom
6749381,6749381,1,1,44669,geom
2389159,2389159,1,1,44669,geom
6469855,6469855,1,1,44669,geom
668820,668820,1,1,65899,geom
4841751,4841751,1,1,102720,geom
7275555,7275555,1,1,102720,geom
9934649,9934649,1,1,73148,geom
6014874,6014874,1,1,73148,geom
5176831,5176831,1,1,73148,geom
615235,615235,1,1,39614,geom
4519359,4519359,1,1,117270,geom
3818222,3818222,1,1,117270,geom
1608178,1608178,1,1,117270,geom
1553434,1553434,1,1,21700,geom
2592982,2592982,1,1,21700,geom
4983305,4983305,1,1,21700,geom
6552216,6552216,1,1,118619,geom
4965799,4965799,1,1,15631,geom
7071502,7071502,1,1,4490,geom
8322506,8322506,1,1,4490,geom
8361279,8361279,1,1,37304,geom
544088,544088,1,1,37304,geom
9016826,9016826,1,1,37304,geom
1591698,1591698,1,1,99304,geom
6413347,6413347,1,1,99304,geom
8033884,8033884,1,1,99304,geom
668959,668959,1,1,99304,geom
8939844,8939844,1,1,99304,geom
6331547,6331547,1,1,48555,geom
514364,514364,1,1,21861,geom
9705645,9705645,1,1,97745,geom
7566107,7566107,1,1,97745,geom
3367455,3367455,1,1,77454,geom
9006089,9006089,1,1,77454,geom
5590572,5590572,1,1,120034,geom
5010460,5010460,1,1,29960,geom
6378970,6378970,1,1,29960,geom
7318651,7318651,1,1,84562,geom
3304220,3304220,1,1,115983,geom
8033884,8033884,1,1,69376,geom
8936606,8936606,1,1,70167,geom
5378911,5378918,8,1,89862,geom
6021323,6021323,1,1,89862,geom
5829685,5829685,1,1,12733,geom
6536037,6536037,1,1,88944,geom
9279034,9279034,1,1,88944,geom
204023,204023,1,1,88944,geom
5777481,5777481,1,1,7869,geom
3787644,3787644,1,1,12085,geom
4868799,4868799,1,1,24156,geom
2624256,2624256,1,1,75725,geom
3419563,3419563,1,1,75725,geom
4834769,4834769,1,1,90336,geom
8496236,8496236,1,1,104267,geom
5606452,5606452,1,1,98636,geom
1830877,1830877,1,1,98636,geom
6082967,6082967,1,1,12368,geom
7702208,7702208,1,1,12368,geom
5718594,5718594,1,1,59628,geom
8572650,8572650,1,1,59628,geom
7608848,7608848,1,1,9929,geom
5659801,5659801,1,1,9929,geom
3451849,3451849,1,1,30823,geom
3713628,3713628,1,1,45035,geom
832749,832749,1,1,45035,geom
5616387,5616387,1,1,263,geom
8588013,8588013,1,1,17516,geom
9073900,9073900,1,1,29946,geom
8285739,8285739,1,1,51804,geom
5159064,5159064,1,1,93038,geom
3913955,3913955,1,1,24862,geom
2394455,2394455,1,1,41843,geom
7030449,7030449,1,1,41843,geom
2690916,2690916,1,1,41843,geom
3011023,3011023,1,1,76832,geom
6294960,6294960,1,1,10378,geom
2083164,2083164,1,1,10378,geom
6605382,6605382,1,1,10378,geom
6450930,6450930,1,1,10378,geom
5967479,5967479,1,1,10301,geom
3703535,3703535,1,1,10301,geom
166617,166617,1,1,71475,geom
3021771,3021771,1,1,72691,geom
5909506,5909506,1,1,14122,geom
5603718,5603718,1,1,20567,geom
1586126,1586126,1,1,20567,geom
3015702,3015702,1,1,57764,geom
318821,318821,1,1,78348,geom
8097584,8097584,1,1,78348,geom
4714060,4714060,1,1,78348,geom
2394455,2394455,1,1,78348,geom
7399631,7399631,1,1,121980,geom
303570,303570,1,1,108425,geom
623418,623418,1,1,120552,geom
9532275,9532275,1,1,60606,geom
1580009,1580009,1,1,33193,geom
8440481,8440485,5,1,71506,geom
2887629,2887629,1,1,63490,geom
5035765,5035765,1,1,121208,geom
7503164,7503164,1,1,105301,geom
8243081,8243081,1,1,59365,geom
3661103,3661103,1,1,59365,geom
2624256,2624256,1,1,59365,geom
5083535,5083535,1,1,98288,geom
4310038,4310038,1,1,98288,geom
2693637,2693637,1,1,224,geom
1916850,1916850,1,1,224,geom
7846749,7846749,1,1,14343,geom
4105397,4105397,1,1,14343,geom
9806213,9806213,1,1,106493,geom
5590944,5590944,1,1,106493,geom
3665304,3665304,1,1,106493,geom
5980703,5980703,1,1,43448,geom
5402344,5402344,1,1,43448,geom
1005806,1005806,1,1,104939,geom
8672541,8672541,1,1,31743,geom
2245672,2245672,1,1,31743,geom
869726,869726,1,1,31743,geom
730207,730207,1,1,77448,geom
4375503,4375503,1,1,51158,geom
1942289,1942289,1,1,30953,geom
3730395,3730395,1,1,38440,geom
6593415,6593415,1,1,45614,geom
4089423,4089423,1,1,45614,geom
9817288,9817288,1,1,77394,geom
7029977,7029977,1,1,38663,geom
7039165,7039165,1,1,38663,geom
3873503,3873503,1,1,38663,geom
2404911,2404911,1,1,8596,geom
6327259,6327259,1,1,118606,geom
1709605,1709605,1,1,118606,geom
5589953,5589953,1,1,109182,geom
5159674,5159674,1,1,109182,geom
2855828,2855828,1,1,109182,geom
1130113,1130159,47,1,109182,geom
6534804,6534804,1,1,68881,geom
1542128,1542128,1,1,68881,geom
9558564,9558564,1,1,106439,geom
5726816,5726816,1,1,64883,geom
4929838,4929838,1,1,72733,geom
7556423,7556423,1,1,64721,geom
2860701,2860701,1,1,64721,geom
7076920,7076920,1,1,69814,geom
7841468,7841468,1,1,69814,geom
1004184,1004184,1,1,62674,geom
7593162,7593162,1,1,75019,geom
6215169,6215169,1,1,75019,geom
5367309,5367309,1,1,75019,geom
5743764,5743764,1,1,80235,geom
9235326,9235326,1,1,52925,geom
6896883,6896883,1,1,52925,geom
6453033,6453033,1,1,52925,geom
1088360,1088360,1,1,82567,geom
820259,820259,1,1,89295,geom
2411823,2411823,1,1,15060,geom
4609356,4609356,1,1,15060,geom
3516989,3516989,1,1,15060,geom
6324381,6324381,1,1,15060,geom
2447282,2447282,1,1,16059,geom
5513096,5513096,1,1,74789,geom
6896883,6896883,1,1,32653,geom
2291906,2291906,1,1,32653,geom
1355372,1355372,1,1,73938,geom
8053788,8053788,1,1,103698,geom
4542118,4542118,1,1,86197,geom
8735093,8735093,1,1,50435,geom
7450242,7450242,1,1,50435,geom
5857013,5857013,1,1,3812,geom
8272201,8272201,1,1,41539,geom
8324865,8324865,1,1,11990,geom
3150297,3150297,1,1,42393,geom
7359772,7359772,1,1,82631,geom
2458678,2458678,1,1,82631,geom
2244336,2244336,1,1,82631,geom
6544818,6544818,1,1,82631,geom
7071718,7071718,1,1,37501,geom
7072694,7072694,1,1,37501,geom
8289976,8289976,1,1,93279,geom
4103357,4103357,1,1,34049,geom
9934649,9934649,1,1,15555,geom
6983806,6983806,1,1,15555,geom
4470543,4470543,1,1,92542,geom
4322961,4322961,1,1,83600,geom
5669426,5669426,1,1,85812,geom
3658316,3658316,1,1,85812,geom
4546156,4546156,1,1,75760,geom
184693,184693,1,1,75760,geom
4205624,4205624,1,1,114693,geom
766109,766109,1,1,114693,geom
3398020,3398020,1,1,27860,geom
9435577,9435577,1,1,27860,geom
1880175,1880175,1,1,27860,geom
6781651,6781651,1,1,94181,geom
4848944,4848944,1,1,33255,geom
3375894,3375894,1,1,23118,geom
1641081,1641081,1,1,84316,geom
8860063,8860063,1,1,84316,geom
3252496,3252496,1,1,84316,geom
122535,122535,1,1,99848,geom
8868157,8868157,1,1,13001,geom
9674523,9674523,1,1,104952,geom
1775345,1775345,1,1,104952,geom
4545927,4545927,1,1,45671,geom
2083246,2083246,1,1,87657,geom
9676300,9676300,1,1,76095,geom
7475430,7475430,1,1,76095,geom
1069385,1069385,1,1,120808,geom
2320314,2320314,1,1,112666,geom
3923291,3923291,1,1,53513,geom
8335785,8335785,1,1,53513,geom
1178288,1178288,1,1,88862,geom
9864870,9864870,1,1,88862,geom
2440172,2440172,1,1,17258,geom
6195582,6195582,1,1,26790,geom
8656330,8656330,1,1,84166,geom
2662615,2662618,4,1,112402,geom
5072757,5072757,1,1,52572,geom
1005463,1005463,1,1,6593,geom
5607155,5607155,1,1,65903,geom
5520807,5520807,1,1,42086,geom
1512359,1512359,1,1,38450,geom
229588,229588,1,1,46670,geom
6497347,6497347,1,1,46670,geom
7986407,7986407,1,1,32477,geom
6237036,6237036,1,1,112682,geom
7444396,7444396,1,1,54834,geom
6261887,6261887,1,1,5961,geom
1927533,1927533,1,1,44648,geom
8857625,8857625,1,1,66084,geom
1486220,1486220,1,1,72869,geom
5767673,5767673,1,1,65764,geom
5381078,5381078,1,1,65764,geom
7783883,7783883,1,1,26336,geom
4713794,4713794,1,1,112284,geom
5698269,5698269,1,1,821,geom
4748236,4748236,1,1,30759,geom
191441,191441,1,1,72356,geom
4294999,4294999,1,1,72356,geom
5059830,5059830,1,1,39936,geom
8258180,8258180,1,1,36869,geom
6490563,6490563,1,1,106257,geom
2595728,2595728,1,1,106257,geom
2205611,2205611,1,1,120788,geom
1101084,1101084,1,1,41199,geom
7732521,7732521,1,1,41199,geom
4227652,4227652,1,1,58931,geom
9945229,9945229,1,1,8230,geom
2317141,2317141,1,1,14471,geom
5177326,5177326,1,1,14471,geom
2154903,2154903,1,1,50379,geom
90615,90615,1,1,69738,geom
4392558,4392558,1,1,69738,geom
4897106,4897106,1,1,69738,geom
1893397,1893397,1,1,63624,geom
4116633,4116633,1,1,63624,geom
7283337,7283337,1,1,106403,geom
7680026,7680026,1,1,14439,geom
9183970,9183970,1,1,14439,geom
8782946,8782946,1,1,14439,geom
2111500,2111500,1,1,51858,geom
9585733,9585733,1,1,79670,geom
3682235,3682235,1,1,79670,geom
6187509,6187509,1,1,88360,geom
1282470,1282470,1,1,88360,geom
6217334,6217334,1,1,88360,geom
9584860,9584860,1,1,121534,geom
1008352,1008352,1,1,121534,geom
2898882,2898882,1,1,38103,geom
5880570,5880570,1,1,119124,geom
651732,651732,1,1,105586,geom
9128235,9128235,1,1,105586,geom
7783101,7783101,1,1,33334,geom
4178928,4178928,1,1,18749,geom
4885348,4885348,1,1,18749,geom
8444175,8444175,1,1,50171,geom
9650173,9650173,1,1,9248,geom
5717759,5717759,1,1,19005,geom
4818676,4818676,1,1,19005,geom
7508371,7508371,1,1,73698,geom
7783883,7783883,1,1,48670,geom
2678644,2678644,1,1,38899,geom
8074604,8074604,1,1,74284,geom
6580979,6580979,1,1,84940,geom
2679214,2679214,1,1,82529,geom
7437696,7437696,1,1,27468,geom
4324091,4324091,1,1,88159,geom
8444725,8444725,1,1,88159,geom
6453033,6453033,1,1,88159,geom
6813133,6813133,1,1,75211,geom
5955637,5955637,1,1,75211,geom
6878025,6878025,1,1,61402,geom
8897296,8897296,1,1,61402,geom
334562,334562,1,1,9883,geom
3920452,3920452,1,1,84195,geom
6600973,6600973,1,1,27481,geom
5583746,5583746,1,1,6361,geom
5689085,5689085,1,1,6361,geom
1015259,1015259,1,1,6361,geom
2623451,2623451,1,1,74545,geom
6898906,6898906,1,1,74545,geom
6547292,6547292,1,1,74545,geom
6064024,6064024,1,1,117213,geom
540881,540881,1,1,82555,geom
5354603,5354603,1,1,82555,geom
3293795,3293795,1,1,16984,geom
9921658,9921658,1,1,69983,geom
5739962,5739962,1,1,11839,geom
2633093,2633093,1,1,11839,geom
265357,265357,1,1,11839,geom
3301717,3301717,1,1,42498,geom
4676926,4676926,1,1,93615,geom
7585137,7585137,1,1,93615,geom
3266614,3266614,1,1,93615,geom
2524781,2524781,1,1,93615,geom
1910303,1910303,1,1,122411,geom
8875227,8875227,1,1,74642,geom
7095556,7095556,1,1,74642,geom
2274825,2274825,1,1,74642,geom
9181424,9181424,1,1,97442,geom
5979276,5979276,1,1,90035,geom
4089372,4089372,1,1,121574,geom
3216731,3216731,1,1,121574,geom
9419423,9419423,1,1,121574,geom
8771275,8771275,1,1,121574,geom
6343732,6343732,1,1,60613,geom
6671003,6671003,1,1,17205,geom
781793,781793,1,1,17205,geom
1139642,1139642,1,1,115827,geom
2408930,2408930,1,1,73753,geom
1705672,1705672,1,1,11228,geom
749739,749739,1,1,103123,geom
9974378,9974378,1,1,103123,geom
4103146,4103146,1,1,88845,geom
1463564,1463564,1,1,80530,geom
6452995,6453033,39,1,80688,geom
5098041,5098041,1,1,86698,geom
1604461,1604461,1,1,12245,geom
8261851,8261882,32,1,12245,geom
8650103,8650103,1,1,107684,geom
7250816,7250816,1,1,107684,geom
5600026,5600026,1,1,107684,geom
8260985,8260985,1,1,107684,geom
6330344,6330344,1,1,82931,geom
4492492,4492492,1,1,82931,geom
4279776,4279776,1,1,82931,geom
576087,576087,1,1,17191,geom
3033177,3033177,1,1,17191,geom
5937581,5937581,1,1,16659,geom
5885610,5885610,1,1,17034,geom
4346056,4346056,1,1,95212,geom
6702751,6702751,1,1,26039,geom
947120,947120,1,1,26039,geom
5805698,5805698,1,1,117015,geom
2582777,2582777,1,1,93758,geom
9643478,9643478,1,1,96918,geom
6419665,6419665,1,1,96918,geom
1925459,1925459,1,1,97650,geom
1801089,1801089,1,1,11684,geom
8569221,8569221,1,1,33548,geom
5380729,5380729,1,1,119887,geom
8301011,8301011,1,1,119887,geom
1429249,1429249,1,1,37385,geom
1403435,1403435,1,1,37385,geom
5076792,5076792,1,1,37385,geom
7511843,7511843,1,1,93553,geom
3621626,3621626,1,1,83046,geom
2876184,2876184,1,1,83046,geom
2001759,2001759,1,1,33634,geom
7799709,7799709,1,1,33634,geom
2301289,2301404,116,1,11012,geom
2117256,2117256,1,1,11012,geom
6792349,6792349,1,1,102885,geom
396267,396267,1,1,102885,geom
9171483,9171483,1,1,114411,geom
5760158,5760158,1,1,60595,geom
8778207,8778207,1,1,60595,geom
3767429,3767432,4,1,79910,geom
4315977,4315977,1,1,91371,geom
4144755,4144755,1,1,74693,geom
8410326,8410326,1,1,29646,geom
2860701,2860701,1,1,29646,geom
7865368,7865368,1,1,49315,geom
8106465,8106465,1,1,49315,geom
636546,636550,5,1,75029,geom
930167,930167,1,1,111968,geom
9702381,9702381,1,1,24134,geom
9253139,9253139,1,1,31591,geom
8388560,8388560,1,1,124018,geom
3607016,3607016,1,1,71526,geom
3571090,3571090,1,1,105831,geom
9811203,9811203,1,1,105831,geom
2229115,2229115,1,1,10226,geom
6940460,6940460,1,1,4800,geom
9960107,9960107,1,1,4800,geom
1771037,1771037,1,1,67328,geom
7462382,7462382,1,1,20463,geom
445104,445104,1,1,118568,geom
8867886,8867886,1,1,39152,geom
7038566,7038566,1,1,104616,geom
2378655,2378655,1,1,104616,geom
2659140,2659140,1,1,4717,geom
804069,804069,1,1,7177,geom
3948537,3948537,1,1,69478,geom
3933922,3933922,1,1,69478,geom
1004922,1004922,1,1,98246,geom
2428446,2428446,1,1,98246,geom
8499535,8499535,1,1,88729,geom
7748344,7748344,1,1,67060,geom
5471945,5471945,1,1,55836,geom
1098120,1098120,1,1,15175,geom
7224369,7224369,1,1,15175,geom
6620487,6620487,1,1,44604,geom
7475430,7475430,1,1,30861,geom
8379937,8379937,1,1,35030,geom
4803314,4803314,1,1,35030,geom
9423306,9423306,1,1,47164,geom
2654323,2654376,54,1,102027,geom
2337648,2337648,1,1,89775,geom
4150126,4150126,1,1,76133,geom
7977122,7977122,1,1,84490,geom
8163698,8163698,1,1,84490,geom
7088276,7088276,1,1,84490,geom
2360272,2360272,1,1,4161,geom
2713502,2713502,1,1,53706,geom
9895911,9895911,1,1,94029,geom
1540871,1540871,1,1,108068,geom
5665630,5665640,11,1,108068,geom
8896934,8896934,1,1,108068,geom
7463429,7463429,1,1,108068,geom
4456959,4456959,1,1,12604,geom
1949365,1949365,1,1,36085,geom
4185452,4185452,1,1,36085,geom
305081,305081,1,1,79226,geom
4951243,4951243,1,1,24960,geom
6570853,6570853,1,1,15447,geom
3755083,3755083,1,1,91624,geom
7783883,7783883,1,1,91624,geom
8984273,8984273,1,1,72547,geom
7078948,7078948,1,1,89162,geom
7681540,7681542,3,1,89162,geom
9776107,9776107,1,1,120406,geom
8158601,8158601,1,1,113092,geom
9003357,9003357,1,1,113092,geom
1995906,1995906,1,1,65073,geom
7084446,7084446,1,1,47370,geom
3251502,3251502,1,1,47370,geom
6507589,6507589,1,1,123642,geom
9945229,9945229,1,1,123642,geom
2565839,2565839,1,1,81417,geom
3853606,3853606,1,1,62529,geom
2197805,2197823,19,1,31553,geom
8316724,8316724,1,1,33950,geom
4058405,4058405,1,1,92221,geom
3806669,3806669,1,1,89342,geom
5067687,5067687,1,1,63597,geom
9905234,9905234,1,1,121193,geom
9255290,9255290,1,1,121193,geom
3767429,3767432,4,1,121193,geom
6432506,6432506,1,1,84484,geom
6640433,6640433,1,1,61853,geom
193755,193755,1,1,82520,geom
9845241,9845241,1,1,44417,geom
2201231,2201231,1,1,102456,geom
1434548,1434548,1,1,94868,geom
7265634,7265634,1,1,94868,geom
594114,594114,1,1,94868,geom
8285888,8285888,1,1,13420,geom
5079625,5079625,1,1,74258,geom
3809814,3809814,1,1,53320,geom
98797,98797,1,1,124113,geom
901947,901947,1,1,124113,geom
7704072,7704072,1,1,54269,geom
4968495,4968495,1,1,54269,geom
2347133,2347133,1,1,86266,geom
9348788,9348788,1,1,62089,geom
7795721,7795721,1,1,62089,geom
5192417,5192417,1,1,55728,geom
4973708,4973708,1,1,100556,geom
3149036,3149036,1,1,12713,geom
1907043,1907043,1,1,53145,geom
7352421,7352421,1,1,54635,geom
6613671,6613671,1,1,54635,geom
977859,977859,1,1,102324,geom
6432506,6432506,1,1,102913,geom
985983,985983,1,1,37785,geom
8695909,8695909,1,1,37785,geom
606332,606332,1,1,81996,geom
1007921,1007921,1,1,49651,geom
2456626,2456626,1,1,68483,geom
1876423,1876423,1,1,68483,geom
5829685,5829685,1,1,94642,geom
3844128,3844128,1,1,103322,geom
9007776,9007776,1,1,103322,geom
3164746,3164746,1,1,67656,geom
8179882,8179882,1,1,94251,geom
8111376,8111376,1,1,12576,geom
8655554,8655631,78,1,32933,geom
5805024,5805024,1,1,14397,geom
5952482,5952482,1,1,14397,geom
4134108,4134108,1,1,55013,geom
2115608,2115608,1,1,65339,geom
829378,829378,1,1,27013,geom
5899483,5899483,1,1,27013,geom
1976462,1976462,1,1,49479,geom
5386258,5386258,1,1,49479,geom
7264779,7264779,1,1,72659,geom
2335384,2335384,1,1,4503,geom
277916,277916,1,1,108327,geom
9956467,9956467,1,1,25997,geom
3038464,3038464,1,1,25997,geom
3815614,3815614,1,1,8773,geom
8436771,8436780,10,1,8773,geom
6322520,6322520,1,1,41853,geom
2869417,2869417,1,1,45001,geom
6221783,6221783,1,1,45001,geom
5363472,5363472,1,1,45001,geom
2379131,2379131,1,1,80634,geom
1670059,1670059,1,1,122312,geom
3011023,3011023,1,1,124545,geom
7944181,7944181,1,1,114202,geom
3779595,3779595,1,1,38093,geom
78873,78873,1,1,111007,geom
7521088,7521088,1,1,111007,geom
9580209,9580209,1,1,111007,geom
900245,900245,1,1,33234,geom
2753264,2753264,1,1,33234,geom
671990,671990,1,1,33234,geom
2729624,2729624,1,1,87238,geom
3843832,3843832,1,1,80068,geom
9958473,9958473,1,1,102238,geom
911583,911583,1,1,52981,geom
5973822,5973822,1,1,52981,geom
4770970,4770970,1,1,89066,geom
8684031,8684031,1,1,89066,geom
6574829,6574829,1,1,89066,geom
6528256,6528256,1,1,94334,geom
2518917,2518917,1,1,94334,geom
48346,48346,1,1,33016,geom
196808,196808,1,1,33016,geom
5070605,5070605,1,1,33016,geom
8257191,8257191,1,1,30922,geom
3414290,3414290,1,1,22609,geom
9845241,9845241,1,1,7688,geom
2163536,2163536,1,1,61119,geom
9693954,9693954,1,1,105462,geom
7275555,7275555,1,1,110092,geom
3378110,3378110,1,1,13672,geom
5270333,5270333,1,1,13672,geom
915842,915842,1,1,76753,geom
2435379,2435379,1,1,76753,geom
6122712,6122712,1,1,8275,geom
3410203,3410203,1,1,121817,geom
7708214,7708214,1,1,55343,geom
4390113,4390113,1,1,55343,geom
9266321,9266321,1,1,85683,geom
7771222,7771222,1,1,85683,geom
5143888,5143888,1,1,17822,geom
3407179,3407179,1,1,17822,geom
9090282,9090282,1,1,17822,geom
4637260,4637260,1,1,17822,geom
2370474,2370474,1,1,32030,geom
8321170,8321170,1,1,32030,geom
7245823,7245823,1,1,118634,geom
8119032,8119032,1,1,100184,geom
1834501,1834524,24,1,100184,geom
1396872,1396872,1,1,100715,geom
148497,148497,1,1,100715,geom
7522284,7522284,1,1,72071,geom
5907080,5907080,1,1,72071,geom
3254860,3254860,1,1,72071,geom
4227872,4227872,1,1,80174,geom
1428221,1428221,1,1,110090,geom
2144960,2144960,1,1,52239,geom
8198664,8198664,1,1,80934,geom
4648544,4648544,1,1,10175,geom
8061636,8061636,1,1,11145,geom
491012,491012,1,1,11145,geom
7017977,7017977,1,1,27002,geom
1407930,1407930,1,1,27002,geom
2703479,2703479,1,1,812,geom
6032858,6032858,1,1,50099,geom
5589678,5589678,1,1,104856,geom
8133098,8133098,1,1,104856,geom
9806213,9806213,1,1,104856,geom
7841893,7841893,1,1,85483,geom
2038203,2038203,1,1,94806,geom
7090274,7090274,1,1,94806,geom
6567164,6567164,1,1,76406,geom
5879867,5879867,1,1,76406,geom
2032624,2032624,1,1,46806,geom
8891402,8891402,1,1,95107,geom
13289,13289,1,1,29771,geom
9757764,9757764,1,1,33829,geom
1312276,1312276,1,1,94343,geom
7679463,7679463,1,1,28293,geom
6567164,6567164,1,1,16599,geom
20961,20961,1,1,16599,geom
3183748,3183748,1,1,84621,geom
291488,291488,1,1,65463,geom
4909906,4909906,1,1,65463,geom
5836140,5836140,1,1,27892,geom
8671761,8671761,1,1,27892,geom
1037599,1037599,1,1,27892,geom
9924417,9924417,1,1,77956,geom
7175528,7175528,1,1,107797,geom
8596954,8596954,1,1,3943,geom
5004500,5004500,1,1,21064,geom
5316911,5316911,1,1,33368,geom
1714888,1714888,1,1,92415,geom
6344437,6344437,1,1,92415,geom
7063041,7063041,1,1,20075,geom
1018738,1018738,1,1,20075,geom
4963264,4963264,1,1,92689,geom
2245913,2245913,1,1,21861,geom
254388,254388,1,1,21861,geom
9968940,9968940,1,1,47914,geom
1380003,1380003,1,1,43609,geom
7455287,7455287,1,1,62320,geom
2411823,2411823,1,1,62320,geom
1336612,1336612,1,1,79575,geom
3615975,3615975,1,1,68059,geom
1786091,1786091,1,1,104467,geom
6381656,6381656,1,1,104467,geom
7303001,7303001,1,1,115971,geom
4227998,4227998,1,1,83616,geom
6699800,6699800,1,1,83616,geom
4992736,4992736,1,1,109049,geom
5625902,5625902,1,1,109049,geom
8644415,8644415,1,1,109049,geom
711427,711427,1,1,107381,geom
1256008,1256008,1,1,107381,geom
2933024,2933024,1,1,14938,geom
1516303,1516303,1,1,14938,geom
7548998,7548998,1,1,14938,geom
832539,832539,1,1,42047,geom
6559365,6559365,1,1,42047,geom
7986331,7986331,1,1,76185,geom
7119242,7119242,1,1,76185,geom
3320354,3320371,18,1,76185,geom
519476,519476,1,1,100246,geom
9633496,9633496,1,1,3411,geom
1539178,1539178,1,1,3411,geom
2217009,2217009,1,1,3411,geom
8196560,8196560,1,1,3411,geom
9199634,9199634,1,1,3411,geom
5938562,5938562,1,1,63441,geom
8735013,8735013,1,1,56966,geom
1911688,1911688,1,1,119858,geom
5088185,5088185,1,1,99186,geom
3773848,3773848,1,1,50356,geom
3027949,3027949,1,1,50356,geom
7613877,7613877,1,1,50356,geom
1949365,1949365,1,1,112496,geom
5971014,5971014,1,1,112496,geom
3023798,3023798,1,1,112496,geom
6449580,6449580,1,1,35097,geom
4156227,4156227,1,1,90908,geom
6066727,6066727,1,1,64976,geom
6821044,6821044,1,1,64976,geom
4034852,4034852,1,1,64976,geom
5139559,5139559,1,1,124331,geom
6420292,6420292,1,1,124331,geom
8836936,8836936,1,1,124331,geom
7531395,7531395,1,1,43899,geom
8338424,8338424,1,1,43899,geom
601670,601670,1,1,43899,geom
7908459,7908459,1,1,87262,geom
7213006,7213006,1,1,87262,geom
5181327,5181327,1,1,87262,geom
3486233,3486233,1,1,87262,geom
7748041,7748041,1,1,43653,geom
4574694,4574694,1,1,27795,geom
6775729,6775729,1,1,27795,geom
6940460,6940460,1,1,96292,geom
9651073,9651073,1,1,25820,geom
1483451,1483451,1,1,87896,geom
3644813,3644813,1,1,73448,geom
3917557,3917557,1,1,26242,geom
5026879,5026879,1,1,79866,geom
2548837,2548837,1,1,84093,geom
95496,95496,1,1,84093,geom
7585341,7585383,43,1,84093,geom
5717864,5717864,1,1,106307,geom
2842614,2842614,1,1,43253,geom
473971,473971,1,1,80584,geom
6649718,6649718,1,1,28398,geom
7084446,7084446,1,1,24218,geom
1732455,1732455,1,1,73037,geom
8514786,8514786,1,1,105875,geom
4237585,4237585,1,1,105875,geom
3319013,3319013,1,1,12168,geom
3358336,3358336,1,1,74361,geom
1878340,1878340,1,1,74361,geom
4979591,4979591,1,1,21617,geom
8582109,8582109,1,1,41232,geom
624263,624263,1,1,41232,geom
1369417,1369417,1,1,41232,geom
8006458,8006458,1,1,54866,geom
7534244,7534244,1,1,54866,geom
832681,832681,1,1,54866,geom
4617313,4617313,1,1,42083,geom
7675562,7675562,1,1,107017,geom
9939602,9939602,1,1,107017,geom
3825485,3825485,1,1,43062,geom
6958059,6958059,1,1,124816,geom
3673978,3673978,1,1,42017,geom
5013626,5013626,1,1,42017,geom
3712416,3712416,1,1,67431,geom
9653598,9653598,1,1,88078,geom
1177208,1177208,1,1,30198,geom
3948209,3948209,1,1,37970,geom
5389771,5389771,1,1,105915,geom
6203099,6203099,1,1,61147,geom
7387984,7387984,1,1,120917,geom
6614606,6614606,1,1,120917,geom
6025315,6025315,1,1,29378,geom
4841751,4841751,1,1,29378,geom
4187112,4187112,1,1,123435,geom
9680420,9680420,1,1,123435,geom
2310233,2310233,1,1,88279,geom
7974251,7974251,1,1,88279,geom
9359892,9359892,1,1,88279,geom
2444293,2444293,1,1,88279,geom
9848356,9848356,1,1,117303,geom
7748281,7748281,1,1,117303,geom
5333023,5333023,1,1,120070,geom
6571095,6571095,1,1,120070,geom
2856820,2856820,1,1,80073,geom
1865499,1865499,1,1,80073,geom
4235588,4235588,1,1,93106,geom
8983144,8983144,1,1,116208,geom
6966468,6966468,1,1,116208,geom
4288598,4288598,1,1,64860,geom
4059649,4059649,1,1,64860,geom
4655431,4655431,1,1,64860,geom
7250104,7250104,1,1,67074,geom
834193,834193,1,1,25645,geom
7122401,7122401,1,1,34121,geom
9612418,9612418,1,1,34121,geom
9265455,9265455,1,1,59553,geom
4479374,4479374,1,1,39085,geom
7960975,7960975,1,1,39085,geom
9016509,9016509,1,1,54228,geom
3684034,3684034,1,1,4750,geom
1584163,1584163,1,1,4750,geom
3507449,3507449,1,1,14677,geom
4845599,4845599,1,1,3394,geom
9252394,9252394,1,1,3394,geom
4075956,4075956,1,1,36179,geom
4755099,4755099,1,1,36179,geom
4342843,4342843,1,1,52301,geom
4183588,4183588,1,1,97770,geom
5718594,5718594,1,1,38011,geom
8185935,8185935,1,1,107892,geom
3023798,3023798,1,1,107892,geom
5636706,5636706,1,1,93367,geom
3947071,3947071,1,1,110706,geom
5643767,5643767,1,1,110706,geom
1453806,1453806,1,1,32379,geom
3897834,3897834,1,1,32379,geom
4541971,4541971,1,1,119091,geom
4274861,4274861,1,1,32740,geom
1518005,1518005,1,1,59094,geom
516563,516563,1,1,70646,geom
3209374,3209374,1,1,11779,geom
3480726,3480726,1,1,84536,geom
7410445,7410445,1,1,84536,geom
2024605,2024605,1,1,103154,geom
926767,926767,1,1,14690,geom
935073,935073,1,1,14690,geom
6757964,6757964,1,1,111877,geom
192041,192041,1,1,111877,geom
6427503,6427503,1,1,111877,geom
6544281,6544281,1,1,111986,geom
6563646,6563646,1,1,111986,geom
3712922,3712922,1,1,48152,geom
7399631,7399631,1,1,73005,geom
6768035,6768035,1,1,73005,geom
1035244,1035244,1,1,73005,geom
1451864,1451864,1,1,83840,geom
9922291,9922291,1,1,83840,geom
203647,203647,1,1,83840,geom
1134946,1134946,1,1,40544,geom
530238,530238,1,1,40544,geom
3858526,3858537,12,1,40544,geom
1888551,1888551,1,1,111323,geom
4301085,4301085,1,1,102077,geom
5317135,5317135,1,1,102077,geom
3282844,3282844,1,1,102077,geom
2968532,2968532,1,1,44944,geom
8257646,8257646,1,1,45685,geom
2472355,2472355,1,1,45685,geom
9816576,9816576,1,1,45685,geom
8652187,8652187,1,1,20601,geom
9386920,9386920,1,1,39040,geom
1994881,1994881,1,1,112778,geom
8687775,8687775,1,1,113645,geom
7223639,7223639,1,1,98287,geom
9272566,9272566,1,1,81167,geom
1441818,1441818,1,1,81167,geom
7051273,7051273,1,1,68733,geom
8953878,8953878,1,1,99053,geom
6302662,6302662,1,1,99053,geom
5901639,5901639,1,1,2461,geom
6507665,6507665,1,1,39066,geom
7416592,7416592,1,1,105594,geom
8229522,8229522,1,1,105594,geom
5880570,5880570,1,1,82009,geom
193755,193755,1,1,82009,geom
7322052,7322052,1,1,77746,geom
9025875,9025875,1,1,57436,geom
4554843,4554843,1,1,14161,geom
9090792,9090792,1,1,70931,geom
9285369,9285369,1,1,70985,geom
6698397,6698397,1,1,31619,geom
4292135,4292135,1,1,120310,geom
6431933,6431933,1,1,44575,geom
7304733,7304733,1,1,44575,geom
4292230,4292230,1,1,106196,geom
1728716,1728716,1,1,79914,geom
9580209,9580209,1,1,79914,geom
549506,549506,1,1,116629,geom
2028371,2028371,1,1,27975,geom
7555189,7555189,1,1,27975,geom
7877057,7877057,1,1,69212,geom
836431,836431,1,1,79115,geom
8439103,8439103,1,1,35569,geom
8249188,8249188,1,1,64645,geom
86962,86962,1,1,14780,geom
6980273,6980273,1,1,84501,geom
6318515,6318515,1,1,9290,geom
13766,13766,1,1,122701,geom
3444793,3444793,1,1,122701,geom
6615403,6615403,1,1,122701,geom
768060,768060,1,1,56426,geom
4398791,4398791,1,1,64969,geom
6578087,6578087,1,1,20453,geom
6880423,6880423,1,1,20453,geom
6380,6380,1,1,20453,geom
7949809,7949809,1,1,39212,geom
2690916,2690916,1,1,112111,geom
1400275,1400275,1,1,18406,geom
1428880,1428880,1,1,6024,geom
6014874,6014874,1,1,33920,geom
4610185,4610185,1,1,33920,geom
6856317,6856317,1,1,50191,geom
6786729,6786729,1,1,111937,geom
5546561,5546561,1,1,82771,geom
7460343,7460343,1,1,82771,geom
5357488,5357488,1,1,100382,geom
7483199,7483199,1,1,100382,geom
5374382,5374382,1,1,100382,geom
4549492,4549492,1,1,100382,geom
4592728,4592728,1,1,14020,geom
1994717,1994717,1,1,14020,geom
7110513,7110513,1,1,92882,geom
2665289,2665289,1,1,92882,geom
7767941,7767941,1,1,85907,geom
8395994,8395994,1,1,40693,geom
3298961,3298961,1,1,36570,geom
3688633,3688633,1,1,36570,geom
7841893,7841893,1,1,1016,geom
5604915,5604915,1,1,93861,geom
2727733,2727733,1,1,93861,geom
6970890,6970890,1,1,81767,geom
5569751,5569751,1,1,81767,geom
8579445,8579445,1,1,26468,geom
6881884,6881884,1,1,63277,geom
6552858,6552858,1,1,123060,geom
1486904,1486904,1,1,71914,geom
1584163,1584163,1,1,34668,geom
2693129,2693129,1,1,34668,geom
1745741,1745741,1,1,63061,geom
8467622,8467622,1,1,63061,geom
505448,505448,1,1,68917,geom
8646108,8646108,1,1,53881,geom
8153025,8153025,1,1,53881,geom
819829,819829,1,1,53881,geom
5380729,5380729,1,1,53881,geom
5899959,5899959,1,1,53881,geom
7210866,7210866,1,1,32984,geom
3713741,3713741,1,1,21701,geom
4768521,4768545,25,1,6527,geom
1877055,1877055,1,1,6527,geom
570784,570784,1,1,75985,geom
7674369,7674369,1,1,75985,geom
9554681,9554681,1,1,18315,geom
2070336,2070336,1,1,18315,geom
7906708,7906708,1,1,2341,geom
1509342,1509342,1,1,169,geom
4978310,4978310,1,1,169,geom
5571336,5571336,1,1,89789,geom
193825,193825,1,1,89789,geom
6549421,6549421,1,1,123772,geom
1883128,1883141,14,1,71564,geom
4508498,4508498,1,1,640,geom
7560473,7560473,1,1,76852,geom
2331269,2331269,1,1,76852,geom
3712863,3712863,1,1,83709,geom
3924849,3924849,1,1,59288,geom
5613380,5613380,1,1,59288,geom
8287310,8287310,1,1,59288,geom
9093208,9093208,1,1,49366,geom
3220789,3220789,1,1,38263,geom
430595,430595,1,1,91169,geom
98109,98109,1,1,23288,geom
673847,673847,1,1,93032,geom
3893465,3893465,1,1,94155,geom
3053642,3053642,1,1,115211,geom
8291264,8291264,1,1,19017,geom
3581296,3581296,1,1,107906,geom
3786878,3786878,1,1,107906,geom
7125842,7125842,1,1,50414,geom
6433091,6433091,1,1,78103,geom
3113383,3113386,4,1,1765,geom
7463815,7463815,1,1,98626,geom
6257800,6257800,1,1,25603,geom
1968125,1968125,1,1,25603,geom
3002361,3002361,1,1,65036,geom
6526165,6526165,1,1,67734,geom
1864738,1864738,1,1,67734,geom
4930707,4930707,1,1,93045,geom
64488,64488,1,1,23891,geom
7200539,7200539,1,1,23891,geom
16287,16287,1,1,51116,geom
7305054,7305054,1,1,2139,geom
6720820,6720820,1,1,2139,geom
1088925,1088925,1,1,60162,geom
8228496,8228496,1,1,122564,geom
5831678,5831678,1,1,87134,geom
8276613,8276613,1,1,84345,geom
7476373,7476373,1,1,50374,geom
6434367,6434407,41,1,50374,geom
4897884,4897884,1,1,343,geom
4978143,4978143,1,1,99274,geom
289340,289340,1,1,36512,geom
6688264,6688264,1,1,36512,geom
9288593,9288593,1,1,78154,geom
1180136,1180136,1,1,30570,geom
8270080,8270080,1,1,30570,geom
7051468,7051468,1,1,87387,geom
1995906,1995906,1,1,87387,geom
1243532,1243532,1,1,13682,geom
1443045,1443045,1,1,13682,geom
3630476,3630476,1,1,106931,geom
2186674,2186674,1,1,92957,geom
9848356,9848356,1,1,92957,geom
928832,928832,1,1,92957,geom
5371649,5371649,1,1,23751,geom
1153574,1153574,1,1,15897,geom
322767,322767,1,1,56329,geom
2159186,2159186,1,1,116560,geom
9043052,9043052,1,1,56523,geom
8440481,8440481,1,1,33683,geom
2960459,2960459,1,1,33683,geom
3817458,3817458,1,1,66938,geom
7389459,7389459,1,1,66938,geom
7843109,7843109,1,1,17926,geom
5996832,5996832,1,1,17926,geom
5724380,5724380,1,1,9405,geom
622368,622368,1,1,35779,geom
5934755,5934755,1,1,55127,geom
3937349,3937375,27,1,55127,geom
7598840,7598840,1,1,115736,geom
5144320,5144320,1,1,115736,geom
2075017,2075017,1,1,115736,geom
9907105,9907105,1,1,115736,geom
7843396,7843396,1,1,16905,geom
4278395,4278395,1,1,98574,geom
1523169,1523169,1,1,42582,geom
6056898,6056898,1,1,36474,geom
4983305,4983305,1,1,52073,geom
9015701,9015701,1,1,16199,geom
9459341,9459341,1,1,52479,geom
2116261,2116261,1,1,52479,geom
8285328,8285328,1,1,52479,geom
7542545,7542545,1,1,12438,geom
458550,458550,1,1,12438,geom
5290175,5290175,1,1,65682,geom
4596722,4596722,1,1,14556,geom
2196702,2196702,1,1,14556,geom
7129633,7129633,1,1,10941,geom
1978315,1978315,1,1,12135,geom
2082409,2082409,1,1,12135,geom
9632778,9632778,1,1,18889,geom
2131708,2131708,1,1,18889,geom
2308719,2308719,1,1,94065,geom
3645939,3645939,1,1,94065,geom
7604176,7604176,1,1,63010,geom
8528708,8528708,1,1,63010,geom
7946419,7946419,1,1,37531,geom
9787992,9787992,1,1,37531,geom
9435577,9435577,1,1,17883,geom
1842888,1842888,1,1,17883,geom
6450886,6450886,1,1,83556,geom
7281106,7281106,1,1,23436,geom
1780388,1780388,1,1,31029,geom
6500617,6500617,1,1,102923,geom
2660856,2660856,1,1,75119,geom
5076792,5076792,1,1,51892,geom
5930006,5930006,1,1,51892,geom
6346271,6346271,1,1,45922,geom
2693637,2693637,1,1,76748,geom
68016,68016,1,1,116649,geom
4360657,4360657,1,1,108668,geom
5165698,5165698,1,1,121079,geom
94158,94158,1,1,121079,geom
6768248,6768248,1,1,91622,geom
7687194,7687194,1,1,17893,geom
7994708,7994708,1,1,17893,geom
9014714,9014714,1,1,120475,geom
7543234,7543234,1,1,120475,geom
9111988,9111988,1,1,120475,geom
8439103,8439103,1,1,88071,geom
4456522,4456522,1,1,115382,geom
1447474,1447474,1,1,21282,geom
8664486,8664486,1,1,106325,geom
8700817,8700817,1,1,106325,geom
149513,149513,1,1,10682,geom
7098371,7098371,1,1,10682,geom
6430855,6430855,1,1,10682,geom
7821200,7821200,1,1,10682,geom
1210582,1210582,1,1,43813,geom
8419605,8419605,1,1,5197,geom
9117313,9117313,1,1,64334,geom
9350952,9350952,1,1,111617,geom
6252460,6252460,1,1,111617,geom
8098062,8098062,1,1,72292,geom
8579821,8579821,1,1,44221,geom
3086548,3086550,3,1,44221,geom
3012327,3012327,1,1,20521,geom
5638658,5638658,1,1,20521,geom
6824204,6824204,1,1,41977,geom
7068941,7068941,1,1,104208,geom
9542453,9542462,10,1,104208,geom
1741125,1741125,1,1,85031,geom
2102358,2102358,1,1,85031,geom
7209008,7209008,1,1,38384,geom
3783387,3783387,1,1,59924,geom
5331364,5331364,1,1,59924,geom
7516150,7516150,1,1,14872,geom
1854709,1854709,1,1,14872,geom
4850579,4850579,1,1,90647,geom
4007685,4007685,1,1,90647,geom
190509,190509,1,1,101902,geom
8996204,8996204,1,1,101902,geom
8267059,8267059,1,1,60605,geom
1708515,1708515,1,1,36373,geom
1265823,1265823,1,1,36373,geom
2547133,2547133,1,1,36373,geom
1950404,1950404,1,1,34950,geom
2341395,2341395,1,1,68673,geom
7505772,7505772,1,1,83263,geom
251236,251236,1,1,83263,geom
4516625,4516625,1,1,5539,geom
7558819,7558819,1,1,122799,geom
6107390,6107390,1,1,81736,geom
6456611,6456611,1,1,81736,geom
4650964,4650964,1,1,119200,geom
9806787,9806787,1,1,95980,geom
8716439,8716439,1,1,98527,geom
7416613,7416613,1,1,59922,geom
5565567,5565567,1,1,79380,geom
2983787,2983787,1,1,9228,geom
9634193,9634193,1,1,34400,geom
6613671,6613671,1,1,19316,geom
1067180,1067180,1,1,86582,geom
7512090,7512090,1,1,86582,geom
5163189,5163189,1,1,86582,geom
3772067,3772067,1,1,86582,geom
312464,312464,1,1,60842,geom
4318583,4318583,1,1,22936,geom
625461,625461,1,1,112979,geom
4017235,4017235,1,1,112979,geom
9178715,9178715,1,1,114917,geom
9974954,9974954,1,1,114917,geom
2637116,2637116,1,1,86547,geom
7099869,7099869,1,1,86547,geom
3109985,3109985,1,1,86547,geom
8000573,8000573,1,1,38962,geom
3328546,3328546,1,1,75750,geom
3064751,3064751,1,1,55305,geom
4353685,4353685,1,1,65820,geom
998748,998774,27,1,94257,geom
2338434,2338434,1,1,94257,geom
5320871,5320871,1,1,33953,geom
1785158,1785158,1,1,33953,geom
2865796,2865796,1,1,9466,geom
6561926,6561926,1,1,9466,geom
183425,183425,1,1,71571,geom
9253139,9253139,1,1,71571,geom
751308,751308,1,1,71571,geom
9134250,9134250,1,1,71571,geom
3000550,3000550,1,1,104434,geom
8590609,8590609,1,1,30473,geom
118106,118125,20,1,93711,geom
3459632,3459632,1,1,93711,geom
704180,704180,1,1,93711,geom
6737618,6737618,1,1,93711,geom
7783883,7783883,1,1,93711,geom
5224502,5224502,1,1,39225,geom
4172830,4172830,1,1,39225,geom
6113161,6113161,1,1,74277,geom
3467159,3467159,1,1,74277,geom
3212024,3212024,1,1,84830,geom
5367309,5367309,1,1,72213,geom
3015702,3015702,1,1,72213,geom
7555448,7555448,1,1,1525,geom
6163736,6163736,1,1,1525,geom
8092943,8092943,1,1,34426,geom
8830310,8830310,1,1,34426,geom
501339,501339,1,1,74988,geom
6168543,6168543,1,1,74988,geom
1184700,1184700,1,1,95084,geom
3311739,3311739,1,1,95084,geom
1604891,1604891,1,1,95084,geom
2957987,2957987,1,1,12844,geom
8910119,8910119,1,1,85019,geom
7553195,7553195,1,1,36370,geom
5421565,5421565,1,1,118296,geom
1757075,1757075,1,1,68578,geom
8759209,8759209,1,1,116991,geom
6345247,6345247,1,1,13655,geom
4998894,4998894,1,1,123456,geom
9175914,9175914,1,1,123456,geom
5104666,5104666,1,1,123456,geom
843064,843064,1,1,123456,geom
3009533,3009533,1,1,40364,geom
2374964,2374964,1,1,102362,geom
2447282,2447282,1,1,11813,geom
1483451,1483451,1,1,11813,geom
4744896,4744896,1,1,5700,geom
7038752,7038752,1,1,5700,geom
7293335,7293335,1,1,120700,geom
8110567,8110567,1,1,117775,geom
9026643,9026643,1,1,117775,geom
465676,465676,1,1,16137,geom
5101249,5101249,1,1,80105,geom
2679459,2679459,1,1,80105,geom
7855625,7855625,1,1,92364,geom
8706389,8706389,1,1,112690,geom
9322733,9322733,1,1,112690,geom
5388193,5388193,1,1,34085,geom
2785156,2785156,1,1,34085,geom
6210523,6210523,1,1,2341,geom
2470335,2470335,1,1,2341,geom
533098,533098,1,1,2341,geom
76376,76376,1,1,21678,geom
2854860,2854860,1,1,31646,geom
4342784,4342784,1,1,31646,geom
5920900,5920900,1,1,31646,geom
9221594,9221594,1,1,24127,geom
3679851,3679851,1,1,105637,geom
5721077,5721077,1,1,105637,geom
1975016,1975016,1,1,37063,geom
4209365,4209365,1,1,37063,geom
4625601,4625601,1,1,71757,geom
4631184,4631184,1,1,71397,geom
7526112,7526112,1,1,4188,geom
6966573,6966573,1,1,14506,geom
1401927,1401927,1,1,14506,geom
5315170,5315170,1,1,59049,geom
1641041,1641081,41,1,28032,geom
5577032,5577032,1,1,28032,geom
657383,657383,1,1,28685,geom
9325415,9325415,1,1,22770,geom
1330035,1330035,1,1,22770,geom
3004655,3004655,1,1,4491,geom
8613191,8613191,1,1,71783,geom
4589480,4589480,1,1,39304,geom
4477776,4477776,1,1,39304,geom
5851458,5851458,1,1,18492,geom
5097775,5097775,1,1,18492,geom
7838425,7838425,1,1,9676,geom
4409678,4409678,1,1,42286,geom
7730714,7730714,1,1,76974,geom
8572600,8572600,1,1,4060,geom
5083535,5083535,1,1,51431,geom
3210279,3210279,1,1,51431,geom
1893397,1893397,1,1,51431,geom
9907575,9907575,1,1,65833,geom
8278015,8278015,1,1,65833,geom
5317239,5317239,1,1,120400,geom
7249307,7249307,1,1,17584,geom
6960460,6960460,1,1,98436,geom
6609104,6609104,1,1,98436,geom
2402810,2402810,1,1,74021,geom
282149,282149,1,1,74021,geom
646327,646327,1,1,105997,geom
3293004,3293004,1,1,17015,geom
50630,50630,1,1,11399,geom
8689077,8689077,1,1,92959,geom
1499460,1499460,1,1,116227,geom
9668254,9668254,1,1,16213,geom
8254667,8254667,1,1,67671,geom
1007228,1007228,1,1,17768,geom
257655,257655,1,1,17768,geom
2449180,2449180,1,1,42175,geom
4293088,4293088,1,1,67384,geom
9243959,9243959,1,1,67147,geom
3858537,3858537,1,1,27809,geom
2755682,2755682,1,1,78445,geom
5380729,5380729,1,1,78445,geom
3598729,3598729,1,1,18765,geom
2289080,2289080,1,1,18765,geom
3910920,3910920,1,1,43450,geom
3613549,3613549,1,1,43450,geom
9073423,9073423,1,1,43450,geom
3352135,3352135,1,1,84624,geom
5801094,5801094,1,1,104628,geom
1679459,1679459,1,1,104628,geom
5913441,5913441,1,1,43185,geom
4944960,4944960,1,1,43185,geom
3004655,3004655,1,1,43185,geom
7527200,7527200,1,1,93102,geom
8102307,8102307,1,1,93102,geom
3862968,3862968,1,1,93102,geom
3614253,3614253,1,1,93102,geom
1181590,1181590,1,1,58168,geom
3165606,3165606,1,1,28822,geom
7730714,7730714,1,1,62350,geom
2876184,2876184,1,1,62350,geom
7547226,7547226,1,1,76084,geom
1312276,1312276,1,1,76084,geom
9324470,9324470,1,1,94418,geom
3984321,3984321,1,1,89899,geom
4171521,4171521,1,1,89899,geom
1338058,1338058,1,1,89899,geom
2201326,2201326,1,1,65792,geom
6961895,6961895,1,1,61319,geom
3759708,3759708,1,1,12542,geom
501004,501004,1,1,12542,geom
5774283,5774283,1,1,46548,geom
3255390,3255390,1,1,100824,geom
9397593,9397593,1,1,72527,geom
7446850,7446850,1,1,72527,geom
2715527,2715527,1,1,72527,geom
3597233,3597233,1,1,9394,geom
2020179,2020179,1,1,92537,geom
1396508,1396508,1,1,92537,geom
7832370,7832370,1,1,98748,geom
4297408,4297408,1,1,34347,geom
4196965,4196965,1,1,34347,geom
3998279,3998279,1,1,85747,geom
1540128,1540128,1,1,15464,geom
5616387,5616387,1,1,61235,geom
2388234,2388234,1,1,61235,geom
6856606,6856606,1,1,61235,geom
9219027,9219027,1,1,21598,geom
5517427,5517427,1,1,119005,geom
894064,894064,1,1,119005,geom
5846129,5846129,1,1,76166,geom
1601679,1601679,1,1,76166,geom
3184599,3184599,1,1,76166,geom
8890433,8890433,1,1,19246,geom
2694171,2694171,1,1,112044,geom
7897685,7897685,1,1,35291,geom
3022356,3022356,1,1,35291,geom
454062,454062,1,1,20287,geom
4243856,4243856,1,1,60021,geom
8255971,8255971,1,1,60021,geom
1435563,1435563,1,1,60021,geom
4410146,4410146,1,1,107225,geom
8778207,8778207,1,1,63993,geom
8177390,8177390,1,1,81535,geom
7134743,7134743,1,1,21789,geom
8734238,8734254,17,1,42942,geom
9524748,9524748,1,1,85403,geom
5491030,5491030,1,1,109860,geom
8616902,8616902,1,1,109860,geom
5655914,5655914,1,1,109860,geom
42316,42316,1,1,80239,geom
4325670,4325670,1,1,80239,geom
7952902,7952902,1,1,7194,geom
3248757,3248757,1,1,7194,geom
7960626,7960626,1,1,7194,geom
2542604,2542604,1,1,118259,geom
8133292,8133292,1,1,69275,geom
7873260,7873269,10,1,66939,geom
5601582,5601582,1,1,55452,geom
3643173,3643173,1,1,1748,geom
3740019,3740019,1,1,58205,geom
3993076,3993076,1,1,82738,geom
5522177,5522177,1,1,67794,geom
9707936,9707936,1,1,67794,geom
5578380,5578380,1,1,8887,geom
7667481,7667481,1,1,8887,geom
826857,826857,1,1,118446,geom
8424835,8424835,1,1,118446,geom
1758596,1758596,1,1,118446,geom
6217334,6217334,1,1,118446,geom
2817242,2817242,1,1,83599,geom
4937119,4937119,1,1,76388,geom
1282470,1282470,1,1,90033,geom
7088276,7088276,1,1,90033,geom
9953856,9953856,1,1,109157,geom
4374183,4374183,1,1,109157,geom
1698844,1698844,1,1,109157,geom
9660416,9660416,1,1,104288,geom
7764815,7764815,1,1,15691,geom
6378084,6378084,1,1,15691,geom
4406452,4406452,1,1,15691,geom
7972455,7972455,1,1,37158,geom
1451824,1451824,1,1,37158,geom
1280465,1280465,1,1,107360,geom
3660700,3660700,1,1,5563,geom
9028178,9028178,1,1,114499,geom
8771275,8771275,1,1,114499,geom
6452081,6452081,1,1,114499,geom
4093354,4093354,1,1,114499,geom
4770004,4770004,1,1,91341,geom
4278721,4278721,1,1,91341,geom
4325670,4325670,1,1,91341,geom
3846156,3846156,1,1,68038,geom
6744294,6744294,1,1,33380,geom
143531,143531,1,1,33380,geom
4897884,4897884,1,1,33380,geom
9960217,9960217,1,1,10807,geom
2132116,2132116,1,1,6343,geom
5315170,5315170,1,1,6343,geom
5201064,5201064,1,1,75300,geom
199168,199177,10,1,75300,geom
7603327,7603327,1,1,60148,geom
6791852,6791852,1,1,60148,geom
9809291,9809291,1,1,60148,geom
5076670,5076670,1,1,23272,geom
2184702,2184702,1,1,76990,geom
6768248,6768248,1,1,38252,geom
3377736,3377736,1,1,109885,geom
525715,525715,1,1,33644,geom
2051826,2051826,1,1,39674,geom
3906430,3906430,1,1,39674,geom
8346953,8346953,1,1,55082,geom
8284729,8284729,1,1,112347,geom
6478657,6478657,1,1,112347,geom
3024327,3024327,1,1,112347,geom
8093519,8093519,1,1,112347,geom
6425816,6425816,1,1,25562,geom
834958,834958,1,1,25562,geom
4282693,4282693,1,1,25562,geom
9947975,9947975,1,1,37591,geom
6032858,6032858,1,1,5827,geom
4400793,4400793,1,1,5827,geom
5587135,5587135,1,1,5827,geom
3522267,3522267,1,1,118720,geom
9844660,9844660,1,1,20038,geom
2408930,2408930,1,1,14979,geom
1553604,1553604,1,1,14979,geom
7715669,7715669,1,1,108800,geom
8496705,8496705,1,1,7479,geom
2808196,2808196,1,1,46218,geom
787253,787253,1,1,110565,geom
9259897,9259897,1,1,110565,geom
6911316,6911316,1,1,110565,geom
4634370,4634370,1,1,117156,geom
7748041,7748041,1,1,111091,geom
5512949,5512949,1,1,47901,geom
3909704,3909704,1,1,47901,geom
271252,271252,1,1,51437,geom
6533596,6533596,1,1,51437,geom
6824657,6824657,1,1,51437,geom
9921375,9921375,1,1,120441,geom
8012775,8012775,1,1,124683,geom
8261576,8261576,1,1,124683,geom
4901345,4901345,1,1,54765,geom
243891,243891,1,1,54765,geom
5271927,5271927,1,1,124507,geom
7533814,7533814,1,1,124507,geom
5801779,5801779,1,1,94951,geom
2961857,2961857,1,1,94951,geom
1178527,1178527,1,1,105588,geom
5392027,5392027,1,1,72611,geom
1869914,1869914,1,1,72611,geom
122535,122535,1,1,50328,geom
8781086,8781104,19,1,50328,geom
2681560,2681560,1,1,103099,geom
1743195,1743195,1,1,119335,geom
6153579,6153579,1,1,119335,geom
4586342,4586342,1,1,119335,geom
1746309,1746309,1,1,29667,geom
8854478,8854478,1,1,45203,geom
2456626,2456626,1,1,45203,geom
8055556,8055556,1,1,18413,geom
2428446,2428446,1,1,18413,geom
3686737,3686737,1,1,80095,geom
2665559,2665559,1,1,36339,geom
3545724,3545724,1,1,103579,geom
6014874,6014874,1,1,121289,geom
1817126,1817126,1,1,121289,geom
4524050,4524050,1,1,85346,geom
8724227,8724227,1,1,4720,geom
2752079,2752079,1,1,4628,geom
9266321,9266321,1,1,4088,geom
5498571,5498571,1,1,4088,geom
3738177,3738177,1,1,92026,geom
8356504,8356504,1,1,18001,geom
8579445,8579445,1,1,107458,geom
2038383,2038383,1,1,107458,geom
9000919,9000919,1,1,50993,geom
635496,635496,1,1,25536,geom
8780948,8780948,1,1,63123,geom
6322520,6322520,1,1,63123,geom
8683901,8683901,1,1,63123,geom
7426883,7426883,1,1,63123,geom
7885493,7885493,1,1,98208,geom
6817811,6817811,1,1,124672,geom
3905781,3905781,1,1,71791,geom
5010460,5010460,1,1,39895,geom
2895321,2895321,1,1,39895,geom
563145,563145,1,1,551,geom
2117256,2117256,1,1,85409,geom
3809158,3809158,1,1,25016,geom
4957464,4957464,1,1,112977,geom
6301936,6301936,1,1,112977,geom
8198318,8198318,1,1,46959,geom
2746273,2746273,1,1,23106,geom
37470,37470,1,1,81901,geom
8284277,8284277,1,1,81901,geom
3834784,3834784,1,1,81901,geom
6172981,6172981,1,1,81901,geom
7722767,7722767,1,1,3573,geom
6075380,6075380,1,1,3573,geom
2639374,2639374,1,1,120510,geom
3139788,3139788,1,1,53805,geom
5146160,5146160,1,1,27027,geom
3786046,3786046,1,1,34502,geom
7560085,7560085,1,1,34502,geom
9709706,9709706,1,1,34502,geom
9823333,9823333,1,1,34502,geom
7064752,7064752,1,1,34502,geom
307264,307264,1,1,34502,geom
3104727,3104727,1,1,50462,geom
4360676,4360676,1,1,109149,geom
4300537,4300537,1,1,37945,geom
100389,100389,1,1,37945,geom
6983132,6983132,1,1,101432,geom
8881348,8881348,1,1,106392,geom
5138596,5138596,1,1,33585,geom
8049715,8049715,1,1,33585,geom
528509,528509,1,1,4863,geom
7013486,7013486,1,1,52150,geom
847908,847908,1,1,52150,geom
7099869,7099869,1,1,52150,geom
1016338,1016338,1,1,40189,geom
6158179,6158179,1,1,40189,geom
8432898,8432898,1,1,18854,geom
7839695,7839695,1,1,18854,geom
1956234,1956234,1,1,18854,geom
9360572,9360572,1,1,60132,geom
3749169,3749169,1,1,43332,geom
9287422,9287422,1,1,43332,geom
5260472,5260472,1,1,36768,geom
8866840,8866840,1,1,81346,geom
2866124,2866124,1,1,12395,geom
8718936,8718936,1,1,31603,geom
8018950,8018950,1,1,31603,geom
6801090,6801090,1,1,61264,geom
7486963,7486963,1,1,61264,geom
341480,341480,1,1,56171,geom
132901,132901,1,1,63899,geom
7283211,7283211,1,1,119006,geom
2331801,2331801,1,1,119006,geom
5083535,5083535,1,1,119006,geom
7750016,7750022,7,1,11026,geom
9575009,9575009,1,1,51030,geom
4803314,4803314,1,1,51030,geom
7038752,7038752,1,1,51030,geom
7371047,7371047,1,1,32798,geom
9319087,9319087,1,1,79695,geom
5389771,5389771,1,1,118788,geom
5488479,5488479,1,1,96849,geom
5904232,5904232,1,1,10872,geom
825413,825413,1,1,83916,geom
194401,194401,1,1,34920,geom
5311861,5311861,1,1,34920,geom
4909174,4909174,1,1,34920,geom
4769476,4769476,1,1,47763,geom
1914080,1914080,1,1,47763,geom
7632416,7632416,1,1,108395,geom
2361414,2361414,1,1,108395,geom
5853657,5853657,1,1,122868,geom
5529275,5529275,1,1,17176,geom
4484889,4484889,1,1,17383,geom
5086776,5086776,1,1,111825,geom
6304170,6304170,1,1,67466,geom
5535000,5535000,1,1,113048,geom
8426250,8426250,1,1,113048,geom
8093519,8093519,1,1,48870,geom
4117260,4117260,1,1,48870,geom
7069298,7069298,1,1,3541,geom
7974494,7974494,1,1,3541,geom
4315332,4315332,1,1,30329,geom
1942144,1942144,1,1,107263,geom
1749695,1749695,1,1,107263,geom
5050865,5050865,1,1,114558,geom
636959,636959,1,1,114558,geom
8598073,8598073,1,1,27309,geom
3320354,3320354,1,1,27309,geom
6434074,6434074,1,1,85882,geom
3629416,3629416,1,1,85882,geom
8474192,8474192,1,1,36494,geom
3640090,3640090,1,1,105553,geom
423837,423837,1,1,105553,geom
2004042,2004042,1,1,49062,geom
9763895,9763895,1,1,49062,geom
3813701,3813701,1,1,108766,geom
3248757,3248757,1,1,64058,geom
5137248,5137248,1,1,64058,geom
9308209,9308209,1,1,81537,geom
5673450,5673450,1,1,81537,geom
8614462,8614462,1,1,81537,geom
2304033,2304033,1,1,17156,geom
8339958,8339958,1,1,104065,geom
7585137,7585137,1,1,33956,geom
3025317,3025317,1,1,33956,geom
6476573,6476573,1,1,63094,geom
2986226,2986226,1,1,104456,geom
1650457,1650457,1,1,70832,geom
194264,194264,1,1,70832,geom
3886072,3886072,1,1,120186,geom
8349239,8349239,1,1,88839,geom
2611901,2611901,1,1,79563,geom
2681774,2681774,1,1,124205,geom
5722500,5722500,1,1,24315,geom
1861720,1861720,1,1,24315,geom
7924134,7924134,1,1,24315,geom
5276556,5276556,1,1,82414,geom
445186,445186,1,1,22833,geom
6559679,6559679,1,1,22833,geom
9180447,9180447,1,1,87146,geom
8365792,8365792,1,1,87146,geom
7974839,7974839,1,1,44461,geom
7387984,7387984,1,1,121336,geom
4580941,4580941,1,1,40907,geom
5635682,5635682,1,1,40907,geom
7505772,7505772,1,1,73588,geom
7441638,7441638,1,1,13022,geom
4250780,4250780,1,1,19040,geom
7162669,7162669,1,1,73062,geom
9612836,9612836,1,1,73062,geom
2681898,2681898,1,1,8748,geom
4190122,4190122,1,1,8748,geom
2715527,2715527,1,1,64672,geom
5805024,5805024,1,1,86327,geom
7063225,7063225,1,1,86327,geom
5729684,5729684,1,1,114833,geom
3861941,3861941,1,1,87966,geom
4403279,4403279,1,1,87966,geom
4007685,4007685,1,1,117725,geom
5844393,5844393,1,1,117725,geom
8391854,8391854,1,1,4694,geom
6237299,6237299,1,1,40457,geom
3730395,3730395,1,1,40457,geom
3419563,3419563,1,1,18596,geom
7408182,7408182,1,1,36143,geom
6329805,6329805,1,1,36143,geom
1742395,1742395,1,1,36143,geom
7441272,7441272,1,1,36143,geom
2017386,2017386,1,1,6438,geom
3886736,3886736,1,1,82368,geom
7031688,7031688,1,1,83556,geom
9857599,9857599,1,1,83556,geom
2195232,2195232,1,1,66398,geom
7962588,7962588,1,1,101165,geom
9076419,9076419,1,1,32202,geom
9907421,9907421,1,1,32202,geom
8096632,8096632,1,1,32202,geom
4730758,4730758,1,1,28195,geom
7032931,7032931,1,1,28195,geom
7803316,7803316,1,1,28195,geom
7936589,7936589,1,1,82369,geom
7483199,7483199,1,1,92241,geom
4658270,4658270,1,1,56453,geom
2988505,2988505,1,1,44193,geom
3786878,3786878,1,1,44193,geom
2440790,2440790,1,1,39973,geom
4756647,4756647,1,1,11742,geom
9473028,9473028,1,1,82102,geom
136508,136508,1,1,68717,geom
5628293,5628293,1,1,68717,geom
7585383,7585383,1,1,68717,geom
2604453,2604453,1,1,68717,geom
9622576,9622576,1,1,25547,geom
9727818,9727818,1,1,25547,geom
6341394,6341394,1,1,25547,geom
4395571,4395571,1,1,101573,geom
7040061,7040061,1,1,8234,geom
4123357,4123357,1,1,12198,geom
4343674,4343674,1,1,124879,geom
3422271,3422271,1,1,35630,geom
4727283,4727283,1,1,35630,geom
2158776,2158776,1,1,35630,geom
114060,114060,1,1,44870,geom
9035411,9035411,1,1,98344,geom
3637474,3637474,1,1,8358,geom
4972710,4972745,36,1,67061,geom
4165394,4165394,1,1,67061,geom
8355070,8355070,1,1,28978,geom
1032321,1032321,1,1,33640,geom
2927044,2927044,1,1,33640,geom
4970695,4970695,1,1,99488,geom
3681366,3681366,1,1,99488,geom
9776742,9776742,1,1,119360,geom
7294469,7294469,1,1,28508,geom
9574716,9574716,1,1,53789,geom
9572645,9572645,1,1,53789,geom
2833683,2833683,1,1,53789,geom
7563657,7563657,1,1,53789,geom
4599681,4599681,1,1,99119,geom
18041,18072,32,1,83785,geom
8943332,8943332,1,1,26601,geom
2606137,2606137,1,1,26601,geom
7523270,7523270,1,1,77332,geom
3302258,3302258,1,1,32599,geom
132223,132223,1,1,32599,geom
9388134,9388168,35,1,32599,geom
9896747,9896758,12,1,6294,geom
5806299,5806299,1,1,6294,geom
4518115,4518115,1,1,6294,geom
1918262,1918262,1,1,6294,geom
9927920,9927920,1,1,87387,geom
5599305,5599305,1,1,116449,geom
3749169,3749169,1,1,116449,geom
8565775,8565775,1,1,71504,geom
1769550,1769550,1,1,71504,geom
2236125,2236125,1,1,43904,geom
8340371,8340371,1,1,42862,geom
146871,146871,1,1,42862,geom
6798040,6798040,1,1,26956,geom
9576933,9576933,1,1,65354,geom
7511203,7511203,1,1,96410,geom
7977328,7977328,1,1,96410,geom
5379656,5379656,1,1,120116,geom
8836936,8836936,1,1,110307,geom
7784033,7784033,1,1,49595,geom
7322514,7322578,65,1,73881,geom
8105424,8105424,1,1,84110,geom
6913299,6913299,1,1,84110,geom
1764358,1764358,1,1,98293,geom
7609552,7609552,1,1,64692,geom
1877055,1877055,1,1,32973,geom
41895,41895,1,1,32973,geom
9831301,9831301,1,1,13745,geom
8222312,8222312,1,1,13745,geom
8563519,8563519,1,1,58854,geom
7806043,7806043,1,1,56293,geom
2671431,2671431,1,1,35937,geom
4126413,4126413,1,1,35937,geom
5021371,5021371,1,1,35937,geom
4806431,4806431,1,1,24099,geom
5018607,5018607,1,1,31362,geom
181546,181549,4,1,46744,geom
6649718,6649718,1,1,46744,geom
1193987,1193987,1,1,89501,geom
3164079,3164079,1,1,89501,geom
243035,243035,1,1,70185,geom
9319087,9319087,1,1,76839,geom
8310220,8310220,1,1,83615,geom
5659848,5659848,1,1,14815,geom
7210164,7210164,1,1,14815,geom
1042526,1042526,1,1,14815,geom
805696,805696,1,1,39309,geom
2032917,2032917,1,1,77205,geom
1243440,1243440,1,1,85052,geom
3199765,3199765,1,1,85052,geom
9433747,9433747,1,1,85052,geom
2425840,2425840,1,1,113639,geom
2542433,2542433,1,1,87842,geom
3545957,3545957,1,1,87842,geom
5516433,5516433,1,1,11941,geom
8289976,8289976,1,1,82364,geom
257655,257655,1,1,119084,geom
4234201,4234201,1,1,119084,geom
180928,180928,1,1,55502,geom
4736205,4736205,1,1,81875,geom
1577084,1577084,1,1,81875,geom
4617313,4617313,1,1,81875,geom
6602430,6602430,1,1,89369,geom
834601,834601,1,1,14228,geom
3756289,3756289,1,1,44391,geom
7893947,7893947,1,1,111519,geom
1017038,1017038,1,1,240,geom
631047,631121,75,1,124321,geom
3787026,3787026,1,1,733,geom
4309563,4309563,1,1,107338,geom
4393660,4393660,1,1,112635,geom
945146,945146,1,1,122881,geom
9272261,9272261,1,1,86696,geom
1801089,1801089,1,1,86696,geom
3396805,3396805,1,1,86696,geom
3014552,3014552,1,1,86696,geom
7431569,7431569,1,1,78614,geom
5124841,5124841,1,1,54109,geom
4874449,4874449,1,1,40001,geom
312464,312464,1,1,40001,geom
1946883,1946883,1,1,114354,geom
2331269,2331269,1,1,49613,geom
1253593,1253593,1,1,49613,geom
7726991,7726991,1,1,35504,geom
2609820,2609820,1,1,9238,geom
5162842,5162842,1,1,89187,geom
998543,998543,1,1,15104,geom
5606045,5606045,1,1,61957,geom
2743812,2743812,1,1,109985,geom
1178168,1178168,1,1,109985,geom
6956250,6956250,1,1,109985,geom
8678020,8678020,1,1,99409,geom
5907381,5907381,1,1,25707,geom
7512274,7512274,1,1,2314,geom
3416210,3416210,1,1,82976,geom
848813,848813,1,1,82976,geom
9313255,9313255,1,1,59340,geom
9308209,9308209,1,1,59340,geom
3513513,3513513,1,1,59340,geom
8296033,8296033,1,1,59340,geom
2241881,2241881,1,1,59340,geom
7972414,7972414,1,1,36870,geom
5899043,5899043,1,1,36870,geom
9133807,9133807,1,1,28641,geom
6264306,6264306,1,1,15481,geom
5649650,5649650,1,1,48770,geom
475341,475341,1,1,48770,geom
4562208,4562208,1,1,111978,geom
5888079,5888079,1,1,31146,geom
445186,445186,1,1,31146,geom
9897759,9897759,1,1,34800,geom
1835095,1835095,1,1,114727,geom
5791202,5791202,1,1,58942,geom
452442,452442,1,1,109223,geom
3806289,3806289,1,1,15711,geom
7668397,7668397,1,1,101723,geom
3558659,3558659,1,1,101723,geom
2951757,2951757,1,1,63724,geom
7521882,7521882,1,1,123459,geom
9667772,9667772,1,1,123459,geom
3663170,3663170,1,1,63419,geom
19092,19092,1,1,63419,geom
5357660,5357660,1,1,5210,geom
9324134,9324169,36,1,5210,geom
572707,572707,1,1,48249,geom
7484177,7484177,1,1,17886,geom
8766398,8766398,1,1,66992,geom
7151508,7151508,1,1,11835,geom
8133128,8133128,1,1,11835,geom
8257191,8257191,1,1,113877,geom
3364964,3364964,1,1,111849,geom
2269930,2269930,1,1,111849,geom
5553186,5553186,1,1,38598,geom
6658607,6658607,1,1,38598,geom
8769318,8769318,1,1,38598,geom
787504,787504,1,1,81376,geom
6451950,6451950,1,1,119267,geom
346380,346380,1,1,74417,geom
8433934,8433934,1,1,74417,geom
5342459,5342459,1,1,65299,geom
3917829,3917829,1,1,83381,geom
5756238,5756238,1,1,83381,geom
6532550,6532550,1,1,83381,geom
7027710,7027710,1,1,83381,geom
674924,674924,1,1,33580,geom
1449435,1449435,1,1,33580,geom
626995,626995,1,1,87110,geom
5011514,5011514,1,1,87110,geom
8391854,8391854,1,1,87110,geom
1823769,1823769,1,1,57395,geom
4703447,4703447,1,1,54490,geom
7170469,7170469,1,1,17993,geom
213973,213973,1,1,69818,geom
4595760,4595760,1,1,13187,geom
3850205,3850205,1,1,13187,geom
2089087,2089087,1,1,13187,geom
5914882,5914882,1,1,24215,geom
1574201,1574201,1,1,89946,geom
5695689,5695689,1,1,89946,geom
1951490,1951490,1,1,73314,geom
8370867,8370867,1,1,73314,geom
7521088,7521088,1,1,71012,geom
4288584,4288598,15,1,71012,geom
3415665,3415665,1,1,71012,geom
1064336,1064336,1,1,77135,geom
1156597,1156597,1,1,3404,geom
2392455,2392455,1,1,92981,geom
8440695,8440695,1,1,40678,geom
5179222,5179222,1,1,88801,geom
1429679,1429679,1,1,87317,geom
3115791,3115791,1,1,93706,geom
2142076,2142076,1,1,74334,geom
8160862,8160862,1,1,74334,geom
966573,966573,1,1,23468,geom
4893526,4893526,1,1,23468,geom
3748129,3748129,1,1,26816,geom
3645920,3645920,1,1,26816,geom
9040552,9040552,1,1,30856,geom
3963928,3963928,1,1,41394,geom
7125964,7125964,1,1,16121,geom
3487431,3487431,1,1,16121,geom
8374029,8374029,1,1,87365,geom
3192429,3192429,1,1,96447,geom
4496355,4496355,1,1,96447,geom
3767432,3767432,1,1,76049,geom
9879409,9879409,1,1,76049,geom
3686737,3686737,1,1,76049,geom
2558969,2558969,1,1,76049,geom
6348149,6348149,1,1,69509,geom
5801779,5801779,1,1,56234,geom
8351941,8351941,1,1,111493,geom
6570477,6570489,13,1,111493,geom
9765284,9765284,1,1,111493,geom
6201940,6201940,1,1,61842,geom
4514822,4514822,1,1,53294,geom
2385509,2385509,1,1,46668,geom
3902957,3902957,1,1,69505,geom
8440481,8440485,5,1,69505,geom
9079363,9079366,4,1,35061,geom
8119086,8119086,1,1,87732,geom
6856606,6856606,1,1,87732,geom
1010448,1010448,1,1,87732,geom
4837382,4837382,1,1,111234,geom
5501499,5501499,1,1,111234,geom
5777481,5777481,1,1,25353,geom
2310233,2310233,1,1,111354,geom
325262,325262,1,1,111354,geom
9776742,9776742,1,1,473,geom
3737295,3737295,1,1,473,geom
3616212,3616212,1,1,108947,geom
7931481,7931481,1,1,32783,geom
4001688,4001688,1,1,32783,geom
7381449,7381449,1,1,32783,geom
1634897,1634897,1,1,32783,geom
9814987,9814987,1,1,32783,geom
5883651,5883651,1,1,2402,geom
7263996,7263996,1,1,2402,geom
1561210,1561210,1,1,2402,geom
8456032,8456032,1,1,19888,geom
109401,109401,1,1,30537,geom
5277044,5277044,1,1,59900,geom
3228571,3228571,1,1,27778,geom
7517429,7517429,1,1,63916,geom
6324222,6324222,1,1,63916,geom
3252496,3252496,1,1,70437,geom
9641800,9641800,1,1,70437,geom
3946021,3946021,1,1,48734,geom
6447138,6447138,1,1,116935,geom
8343662,8343662,1,1,2464,geom
9763895,9763895,1,1,2464,geom
8936736,8936736,1,1,51857,geom
7076849,7076849,1,1,66103,geom
3719088,3719088,1,1,106448,geom
487960,487960,1,1,117564,geom
902437,902437,1,1,53691,geom
2605583,2605583,1,1,53691,geom
4182739,4182739,1,1,31443,geom
6436257,6436257,1,1,115634,geom
8289976,8289976,1,1,115634,geom
1999128,1999128,1,1,41925,geom
2624256,2624256,1,1,41238,geom
885612,885612,1,1,41238,geom
7879951,7879951,1,1,20131,geom
5129218,5129218,1,1,72732,geom
8032642,8032642,1,1,110249,geom
1738295,1738295,1,1,10869,geom
2242352,2242352,1,1,94078,geom
6098131,6098131,1,1,75136,geom
3555639,3555639,1,1,75136,geom
8383260,8383260,1,1,53173,geom
4968170,4968170,1,1,30253,geom
3473679,3473679,1,1,30253,geom
4345061,4345061,1,1,81511,geom
1457423,1457423,1,1,81511,geom
7466463,7466463,1,1,103115,geom
7267969,7267969,1,1,103115,geom
1512359,1512359,1,1,116685,geom
1740056,1740056,1,1,116086,geom
7608848,7608848,1,1,49446,geom
3784539,3784539,1,1,25455,geom
1761349,1761349,1,1,17449,geom
491012,491012,1,1,107832,geom
625461,625461,1,1,59381,geom
9613182,9613182,1,1,56272,geom
387252,387252,1,1,56272,geom
387252,387252,1,1,56272,geom
3686737,3686737,1,1,84829,geom
5575922,5575922,1,1,80243,geom
4602668,4602668,1,1,101082,geom
2111218,2111218,1,1,101082,geom
5257491,5257491,1,1,101082,geom
8087826,8087826,1,1,5216,geom
7905300,7905300,1,1,105792,geom
6627300,6627300,1,1,105792,geom
6140988,6140988,1,1,50541,geom
6084983,6084983,1,1,51291,geom
4599549,4599549,1,1,60164,geom
7170801,7170801,1,1,109593,geom
8374029,8374029,1,1,7743,geom
8088390,8088390,1,1,112375,geom
126917,126917,1,1,106202,geom
4365833,4365833,1,1,106202,geom
2656637,2656637,1,1,76669,geom
2407699,2407699,1,1,76669,geom
7824503,7824503,1,1,17163,geom
6562108,6562108,1,1,17163,geom
9232787,9232787,1,1,61768,geom
7747706,7747706,1,1,61239,geom
6308083,6308083,1,1,42719,geom
9422853,9422853,1,1,42719,geom
3501560,3501560,1,1,42719,geom
2799466,2799466,1,1,92471,geom
91315,91315,1,1,92471,geom
5523313,5523313,1,1,92471,geom
4833543,4833543,1,1,32057,geom
9276090,9276090,1,1,32057,geom
6287056,6287056,1,1,32057,geom
4408202,4408202,1,1,109393,geom
3719618,3719618,1,1,78973,geom
4717119,4717119,1,1,111223,geom
5371692,5371692,1,1,94860,geom
5765658,5765658,1,1,68668,geom
3459053,3459053,1,1,68668,geom
1495612,1495612,1,1,68668,geom
3879347,3879347,1,1,87714,geom
3391250,3391250,1,1,8837,geom
5141890,5141890,1,1,8773,geom
4768545,4768545,1,1,8773,geom
4603543,4603543,1,1,8773,geom
2099451,2099451,1,1,13839,geom
2281660,2281660,1,1,13839,geom
2646405,2646405,1,1,13839,geom
827329,827329,1,1,13839,geom
8713355,8713355,1,1,25455,geom
5883870,5883870,1,1,12645,geom
3523403,3523403,1,1,12645,geom
6735749,6735749,1,1,116178,geom
9056338,9056338,1,1,116507,geom
7408131,7408131,1,1,116507,geom
7666566,7666566,1,1,107928,geom
5832722,5832722,1,1,75209,geom
1766779,1766779,1,1,75209,geom
1820777,1820777,1,1,123316,geom
2785156,2785156,1,1,101168,geom
9153071,9153071,1,1,101168,geom
3834006,3834006,1,1,57840,geom
5291237,5291237,1,1,89699,geom
4105198,4105198,1,1,87778,geom
1047865,1047865,1,1,5023,geom
2381878,2381878,1,1,5023,geom
8474192,8474192,1,1,104838,geom
9611405,9611405,1,1,104838,geom
9678083,9678083,1,1,104838,geom
7461048,7461048,1,1,59750,geom
7387984,7387984,1,1,59750,geom
1819549,1819549,1,1,59750,geom
8090520,8090520,1,1,6313,geom
358525,358525,1,1,13823,geom
1757230,1757230,1,1,13823,geom
4374183,4374183,1,1,13823,geom
9289681,9289681,1,1,76167,geom
4805581,4805581,1,1,76167,geom
704951,704951,1,1,61080,geom
1381376,1381376,1,1,26625,geom
5971733,5971733,1,1,85703,geom
9791800,9791800,1,1,26961,geom
5163551,5163551,1,1,26961,geom
3642945,3642945,1,1,26961,geom
6749381,6749381,1,1,36665,geom
9618625,9618625,1,1,62935,geom
1972852,1972852,1,1,90415,geom
6311745,6311745,1,1,90415,geom
6599173,6599173,1,1,90428,geom
6475666,6475690,25,1,40743,geom
8881130,8881130,1,1,40743,geom
7481009,7481009,1,1,44378,geom
3919182,3919182,1,1,118009,geom
3356360,3356360,1,1,74097,geom
16427,16427,1,1,99939,geom
6207318,6207318,1,1,62972,geom
6508009,6508009,1,1,41601,geom
2435434,2435434,1,1,41601,geom
1981996,1981996,1,1,3278,geom
195060,195060,1,1,5322,geom
7247717,7247717,1,1,39353,geom
9640332,9640332,1,1,39353,geom
2687964,2687964,1,1,2731,geom
6083046,6083046,1,1,119288,geom
7672490,7672490,1,1,32080,geom
1026388,1026388,1,1,32080,geom
7918704,7918704,1,1,32080,geom
4633304,4633304,1,1,93502,geom
2948125,2948125,1,1,81019,geom
8593945,8593945,1,1,81019,geom
6679048,6679048,1,1,81019,geom
3564169,3564169,1,1,81019,geom
7564032,7564032,1,1,58989,geom
86836,86836,1,1,8230,geom
6186880,6186880,1,1,50922,geom
7504121,7504121,1,1,109885,geom
4362601,4362601,1,1,112805,geom
3164079,3164079,1,1,28241,geom
6100361,6100361,1,1,12846,geom
4668389,4668409,21,1,6352,geom
1770770,1770770,1,1,38794,geom
6387220,6387220,1,1,38794,geom
6231639,6231639,1,1,61904,geom
7830754,7830754,1,1,103648,geom
2228428,2228428,1,1,103648,geom
5311406,5311406,1,1,119998,geom
9971118,9971118,1,1,91769,geom
8028721,8028721,1,1,91769,geom
6401869,6401869,1,1,50391,geom
7728398,7728398,1,1,50391,geom
7136276,7136276,1,1,67980,geom
9507767,9507767,1,1,4517,geom
1366778,1366778,1,1,94908,geom
3300227,3300227,1,1,11661,geom
8063738,8063738,1,1,99317,geom
6386508,6386508,1,1,104309,geom
7345176,7345176,1,1,104309,geom
3950412,3950412,1,1,104309,geom
7763195,7763195,1,1,61101,geom
5798551,5798551,1,1,37290,geom
2952141,2952141,1,1,37290,geom
7662929,7662929,1,1,90167,geom
8760775,8760775,1,1,90167,geom
1178288,1178288,1,1,90167,geom
3299596,3299596,1,1,96212,geom
9976666,9976666,1,1,55479,geom
1029731,1029731,1,1,55479,geom
1241365,1241365,1,1,55479,geom
862334,862334,1,1,122997,geom
7650046,7650046,1,1,122997,geom
6553039,6553039,1,1,122997,geom
1340103,1340103,1,1,21529,geom
9285006,9285006,1,1,21822,geom
2958559,2958559,1,1,53128,geom
4333589,4333589,1,1,63186,geom
925278,925278,1,1,63186,geom
3012327,3012327,1,1,76044,geom
458102,458102,1,1,14351,geom
4529643,4529774,132,1,14351,geom
3009533,3009533,1,1,78106,geom
8321301,8321301,1,1,108633,geom
5913742,5913742,1,1,108633,geom
5368914,5368914,1,1,97555,geom
9732464,9732474,11,1,97555,geom
4569622,4569622,1,1,95491,geom
6249702,6249702,1,1,95491,geom
2968628,2968628,1,1,65141,geom
8655365,8655365,1,1,65141,geom
3920452,3920452,1,1,35154,geom
7271867,7271867,1,1,120202,geom
1553604,1553604,1,1,76056,geom
613051,613051,1,1,76056,geom
8801822,8801822,1,1,41382,geom
432743,432743,1,1,41382,geom
7737909,7737909,1,1,102157,geom
9908146,9908146,1,1,102157,geom
7951932,7951932,1,1,103891,geom
3614253,3614253,1,1,103891,geom
1795151,1795151,1,1,50610,geom
7353820,7353820,1,1,50610,geom
9620890,9620890,1,1,51064,geom
8274014,8274014,1,1,78977,geom
1860831,1860831,1,1,73455,geom
4105397,4105397,1,1,14160,geom
6199047,6199047,1,1,107149,geom
6286153,6286153,1,1,107149,geom
2405181,2405181,1,1,79390,geom
203275,203275,1,1,79390,geom
4730211,4730211,1,1,55967,geom
7913857,7913857,1,1,102905,geom
9672389,9672389,1,1,23759,geom
5420363,5420372,10,1,47049,geom
6160333,6160333,1,1,15121,geom
6452995,6452995,1,1,15396,geom
2186674,2186674,1,1,110610,geom
1394765,1394765,1,1,110156,geom
1312532,1312532,1,1,57685,geom
377409,377409,1,1,95720,geom
9692459,9692459,1,1,54101,geom
4797878,4797878,1,1,54101,geom
1830758,1830758,1,1,44448,geom
4549758,4549758,1,1,84476,geom
6418046,6418046,1,1,73485,geom
5542457,5542457,1,1,81763,geom
3063902,3063902,1,1,81763,geom
912000,912000,1,1,2350,geom
6941937,6941937,1,1,27376,geom
2542604,2542604,1,1,57447,geom
9040552,9040552,1,1,57447,geom
7799709,7799709,1,1,57447,geom
2670501,2670501,1,1,81403,geom
4929201,4929201,1,1,81403,geom
5575952,5575952,1,1,98460,geom
5913996,5913996,1,1,70656,geom
1560810,1560810,1,1,14011,geom
1881480,1881480,1,1,14011,geom
9907421,9907421,1,1,14011,geom
10283,10283,1,1,14011,geom
4934236,4934236,1,1,70038,geom
5545930,5545930,1,1,40879,geom
5016333,5016333,1,1,40879,geom
4748080,4748080,1,1,61838,geom
4635502,4635502,1,1,6150,geom
7972931,7972931,1,1,6150,geom
3169624,3169656,33,1,108394,geom
1064336,1064336,1,1,108394,geom
400982,400982,1,1,108394,geom
3917557,3917557,1,1,61502,geom
9090282,9090282,1,1,61502,geom
9395600,9395600,1,1,36276,geom
7816261,7816261,1,1,36276,geom
9103752,9103752,1,1,36276,geom
6562079,6562079,1,1,98809,geom
4668389,4668389,1,1,36686,geom
7213787,7213787,1,1,36686,geom
5900894,5900894,1,1,86615,geom
5876614,5876614,1,1,86615,geom
1496725,1496725,1,1,86615,geom
1214699,1214699,1,1,65184,geom
2434090,2434090,1,1,65184,geom
996392,996392,1,1,91397,geom
623418,623418,1,1,15126,geom
9993896,9993896,1,1,52262,geom
7629048,7629048,1,1,52262,geom
8738050,8738050,1,1,52262,geom
7505357,7505357,1,1,12842,geom
6932865,6932865,1,1,12842,geom
7481009,7481009,1,1,12842,geom
6271941,6271941,1,1,12842,geom
6063625,6063625,1,1,56175,geom
751308,751308,1,1,56175,geom
6431905,6431905,1,1,56175,geom
4185818,4185818,1,1,56175,geom
6905001,6905001,1,1,38019,geom
1489793,1489793,1,1,32707,geom
5577405,5577405,1,1,32707,geom
5760158,5760158,1,1,32707,geom
5420098,5420098,1,1,67163,geom
4885348,4885348,1,1,55217,geom
5617392,5617392,1,1,55217,geom
2985688,2985688,1,1,111938,geom
3311101,3311101,1,1,111938,geom
341480,341480,1,1,109271,geom
7063225,7063225,1,1,109866,geom
5638888,5638888,1,1,109866,geom
9041275,9041275,1,1,32383,geom
2679459,2679459,1,1,82611,geom
5023872,5023872,1,1,88154,geom
6628236,6628236,1,1,71619,geom
7457947,7457947,1,1,71619,geom
6540656,6540656,1,1,89199,geom
8012173,8012173,1,1,70524,geom
2608972,2608972,1,1,105009,geom
1768686,1768686,1,1,105009,geom
9790786,9790786,1,1,105009,geom
3428432,3428432,1,1,105009,geom
7783883,7783883,1,1,105009,geom
3743482,3743482,1,1,34680,geom
9844660,9844660,1,1,66416,geom
1865221,1865221,1,1,18308,geom
2460145,2460145,1,1,1320,geom
1505021,1505021,1,1,1320,geom
4633304,4633304,1,1,32070,geom
6161483,6161483,1,1,36356,geom
2693637,2693637,1,1,20135,geom
5555980,5555980,1,1,63107,geom
9622576,9622576,1,1,63107,geom
6547615,6547615,1,1,122847,geom
500551,500551,1,1,8415,geom
7268224,7268224,1,1,65428,geom
4872592,4872592,1,1,19053,geom
7533309,7533309,1,1,19053,geom
3243273,3243273,1,1,109983,geom
930834,930834,1,1,74531,geom
4375503,4375503,1,1,74531,geom
3113383,3113386,4,1,54555,geom
9777738,9777738,1,1,54555,geom
5744346,5744346,1,1,54555,geom
4829412,4829412,1,1,41764,geom
7913857,7913857,1,1,113486,geom
3303811,3303811,1,1,105707,geom
9693954,9693954,1,1,105707,geom
8301565,8301565,1,1,71274,geom
2012900,2012900,1,1,49970,geom
1368944,1368944,1,1,9433,geom
4155029,4155029,1,1,13292,geom
5197294,5197294,1,1,13292,geom
6879072,6879072,1,1,13292,geom
987639,987639,1,1,37185,geom
662412,662412,1,1,39650,geom
2548837,2548837,1,1,39650,geom
7187853,7187853,1,1,117813,geom
6427731,6427731,1,1,37984,geom
7854034,7854034,1,1,37984,geom
503591,503591,1,1,114334,geom
6853097,6853097,1,1,114334,geom
372189,372189,1,1,81288,geom
7604814,7604814,1,1,81288,geom
8830310,8830310,1,1,81288,geom
2604327,2604327,1,1,5142,geom
4901519,4901519,1,1,48246,geom
6413245,6413245,1,1,108198,geom
9350952,9350952,1,1,91361,geom
1641081,1641081,1,1,83888,geom
4956580,4956580,1,1,83888,geom
8126692,8126692,1,1,83888,geom
6066590,6066590,1,1,68692,geom
8417824,8417824,1,1,68692,geom
6876326,6876326,1,1,68692,geom
1106577,1106585,9,1,16714,geom
7153492,7153492,1,1,53488,geom
5402344,5402344,1,1,53488,geom
5971274,5971274,1,1,80296,geom
7098093,7098093,1,1,3860,geom
813265,813265,1,1,122437,geom
7995031,7995031,1,1,18671,geom
767420,767420,1,1,18671,geom
5899043,5899043,1,1,1186,geom
930167,930167,1,1,1186,geom
1625542,1625542,1,1,1186,geom
2298422,2298422,1,1,89831,geom
9725423,9725423,1,1,91039,geom
8587285,8587285,1,1,85003,geom
7063225,7063225,1,1,7418,geom
2751758,2751758,1,1,7418,geom
2292220,2292220,1,1,73919,geom
5314917,5314917,1,1,73919,geom
589899,589899,1,1,73919,geom
8035897,8035897,1,1,73919,geom
9257361,9257361,1,1,11396,geom
3845340,3845340,1,1,11396,geom
1808574,1808574,1,1,125,geom
4537706,4537706,1,1,125,geom
9235326,9235326,1,1,89905,geom
9349639,9349639,1,1,120288,geom
3637474,3637474,1,1,69347,geom
2699357,2699357,1,1,69347,geom
8285328,8285328,1,1,47856,geom
1000495,1000495,1,1,47856,geom
5523764,5523764,1,1,111946,geom
93173,93173,1,1,111946,geom
1561210,1561210,1,1,868,geom
1078742,1078742,1,1,2606,geom
3040589,3040589,1,1,114428,geom
1925267,1925267,1,1,27004,geom
8344404,8344404,1,1,27004,geom
193825,193825,1,1,50945,geom
8345597,8345597,1,1,111849,geom
2036301,2036301,1,1,70508,geom
9420060,9420060,1,1,108702,geom
2052169,2052169,1,1,108702,geom
9040897,9040897,1,1,5207,geom
8191079,8191079,1,1,66601,geom
8321786,8321786,1,1,123350,geom
9150850,9150850,1,1,39180,geom
7979878,7979878,1,1,50211,geom
7541829,7541829,1,1,31408,geom
3758247,3758247,1,1,113225,geom
8900428,8900435,8,1,109912,geom
2556210,2556210,1,1,28258,geom
7036204,7036204,1,1,121254,geom
8119032,8119032,1,1,4041,geom
7906097,7906097,1,1,4041,geom
8874883,8874883,1,1,124288,geom
4835414,4835414,1,1,27556,geom
8574675,8574675,1,1,69854,geom
1246527,1246527,1,1,23755,geom
7413056,7413056,1,1,23755,geom
5524843,5524843,1,1,70248,geom
1193987,1193987,1,1,35769,geom
6958059,6958059,1,1,35769,geom
9376121,9376121,1,1,35769,geom
3719517,3719517,1,1,56071,geom
8028721,8028721,1,1,81070,geom
9491361,9491361,1,1,34803,geom
205454,205454,1,1,111643,geom
4329711,4329711,1,1,76108,geom
5813813,5813813,1,1,74339,geom
8156468,8156470,3,1,3564,geom
1020417,1020417,1,1,36059,geom
6335875,6335875,1,1,99482,geom
3040589,3040589,1,1,97692,geom
3324420,3324420,1,1,97692,geom
6960460,6960460,1,1,26887,geom
3321055,3321055,1,1,26887,geom
2085065,2085065,1,1,26887,geom
6574829,6574829,1,1,26887,geom
7077100,7077100,1,1,101801,geom
9232787,9232787,1,1,101801,geom
3737295,3737295,1,1,68562,geom
6564172,6564172,1,1,68562,geom
357739,357739,1,1,47562,geom
7758837,7758837,1,1,47562,geom
3919515,3919515,1,1,120363,geom
3910310,3910310,1,1,120363,geom
4797192,4797192,1,1,120363,geom
387252,387252,1,1,120363,geom
4104045,4104045,1,1,83618,geom
5718448,5718448,1,1,72736,geom
4524050,4524050,1,1,6431,geom
6972992,6972992,1,1,68385,geom
7238541,7238541,1,1,68385,geom
2244422,2244422,1,1,31347,geom
5138596,5138596,1,1,109394,geom
7354932,7354932,1,1,64145,geom
1349361,1349392,32,1,110700,geom
8660736,8660736,1,1,102967,geom
7020385,7020385,1,1,102967,geom
8156288,8156288,1,1,102967,geom
3037521,3037521,1,1,89224,geom
7344921,7344921,1,1,89224,geom
834193,834193,1,1,8425,geom
1118292,1118292,1,1,8425,geom
7564032,7564032,1,1,71986,geom
3907808,3907808,1,1,65180,geom
435859,435863,5,1,65180,geom
9900064,9900064,1,1,104991,geom
2174396,2174396,1,1,9220,geom
4416421,4416421,1,1,82831,geom
7972414,7972414,1,1,82831,geom
12151,12151,1,1,82831,geom
930167,930167,1,1,97931,geom
4941565,4941565,1,1,97931,geom
6169785,6169785,1,1,76661,geom
8258000,8258000,1,1,76661,geom
8820101,8820101,1,1,76661,geom
1517322,1517322,1,1,27505,geom
2407075,2407075,1,1,92081,geom
9093208,9093208,1,1,36181,geom
5275013,5275030,18,1,36181,geom
4144755,4144755,1,1,116619,geom
8199743,8199743,1,1,116619,geom
671782,671782,1,1,78796,geom
5070156,5070156,1,1,78796,geom
3937961,3937962,2,1,51071,geom
7544535,7544535,1,1,43352,geom
8730872,8730872,1,1,42110,geom
4832947,4832947,1,1,106398,geom
4238968,4238968,1,1,24702,geom
8166104,8166104,1,1,95279,geom
3993916,3993916,1,1,44964,geom
8327123,8327123,1,1,89697,geom
8648704,8648704,1,1,53438,geom
7242860,7242860,1,1,53438,geom
6097684,6097684,1,1,121846,geom
8111698,8111698,1,1,73395,geom
3430206,3430206,1,1,16164,geom
744039,744039,1,1,105271,geom
8815572,8815572,1,1,98804,geom
2611516,2611516,1,1,76438,geom
396093,396093,1,1,76438,geom
90615,90615,1,1,83382,geom
8489213,8489213,1,1,83382,geom
9620988,9620988,1,1,100076,geom
9991226,9991226,1,1,56635,geom
6199047,6199047,1,1,61299,geom
7029977,7029977,1,1,61299,geom
6456611,6456611,1,1,43870,geom
6861453,6861453,1,1,42532,geom
1368944,1368944,1,1,64871,geom
2266569,2266627,59,1,116904,geom
5589953,5589953,1,1,87713,geom
4021004,4021004,1,1,66973,geom
3693046,3693046,1,1,66973,geom
4351157,4351157,1,1,113854,geom
1195225,1195225,1,1,108990,geom
8873797,8873797,1,1,123660,geom
6559365,6559365,1,1,116266,geom
5804126,5804162,37,1,69869,geom
602442,602442,1,1,69869,geom
5778589,5778589,1,1,17113,geom
926767,926767,1,1,17113,geom
9672878,9672878,1,1,103636,geom
7092657,7092657,1,1,19841,geom
926767,926767,1,1,19841,geom
6307566,6307566,1,1,19841,geom
4291742,4291742,1,1,22549,geom
6126390,6126390,1,1,46426,geom
6914067,6914067,1,1,46426,geom
6322432,6322432,1,1,46426,geom
3419563,3419563,1,1,96078,geom
5689085,5689085,1,1,67158,geom
8927696,8927696,1,1,67158,geom
8343662,8343662,1,1,5083,geom
8232639,8232639,1,1,5083,geom
8462691,8462691,1,1,18983,geom
9590959,9590959,1,1,33827,geom
3211413,3211413,1,1,33827,geom
8289524,8289524,1,1,45294,geom
8641452,8641452,1,1,45294,geom
9395600,9395600,1,1,26339,geom
676966,676979,14,1,77324,geom
7068112,7068112,1,1,77324,geom
5831678,5831678,1,1,12813,geom
6706527,6706527,1,1,76915,geom
2611488,2611488,1,1,76915,geom
5029606,5029606,1,1,7221,geom
9963693,9963693,1,1,54392,geom
9771803,9771803,1,1,54392,geom
8941856,8941856,1,1,54392,geom
56698,56698,1,1,18738,geom
4618396,4618396,1,1,14502,geom
6487901,6487901,1,1,53108,geom
3128656,3128656,1,1,103293,geom
1093321,1093321,1,1,103293,geom
1588130,1588130,1,1,21764,geom
5603718,5603718,1,1,16509,geom
8263655,8263655,1,1,58951,geom
3501560,3501560,1,1,91956,geom
8594820,8594820,1,1,82464,geom
1865718,1865718,1,1,82464,geom
2038383,2038383,1,1,79256,geom
9048785,9048785,1,1,79256,geom
3607016,3607053,38,1,84109,geom
2193759,2193759,1,1,75904,geom
9777738,9777738,1,1,1912,geom
9623613,9623619,7,1,22037,geom
2379317,2379317,1,1,75041,geom
1984158,1984158,1,1,49747,geom
921059,921059,1,1,8786,geom
2706213,2706213,1,1,17591,geom
7094557,7094557,1,1,17591,geom
4324091,4324091,1,1,51466,geom
5035738,5035765,28,1,76141,geom
9324024,9324024,1,1,76141,geom
7434883,7434883,1,1,55531,geom
1413532,1413532,1,1,99109,geom
2177811,2177811,1,1,99109,geom
1780576,1780576,1,1,123336,geom
7245528,7245528,1,1,123336,geom
18072,18072,1,1,108986,geom
2344275,2344275,1,1,117986,geom
7099869,7099869,1,1,111393,geom
3627570,3627570,1,1,111393,geom
1934133,1934133,1,1,111393,geom
3750256,3750256,1,1,18275,geom
1517631,1517631,1,1,1107,geom
3612524,3612524,1,1,1107,geom
6631490,6631490,1,1,3461,geom
6703613,6703613,1,1,100045,geom
353323,353323,1,1,100045,geom
6539445,6539445,1,1,49669,geom
7305054,7305054,1,1,49669,geom
5011285,5011285,1,1,56417,geom
2315628,2315628,1,1,56417,geom
3643173,3643173,1,1,72202,geom
5643767,5643767,1,1,105427,geom
8844691,8844691,1,1,107582,geom
9397013,9397013,1,1,26178,geom
5078320,5078320,1,1,82575,geom
4398791,4398791,1,1,51386,geom
5964804,5964804,1,1,51386,geom
3199646,3199646,1,1,65764,geom
5143771,5143771,1,1,65764,geom
6865638,6865638,1,1,65764,geom
2647468,2647468,1,1,65764,geom
6472616,6472616,1,1,30302,geom
2415370,2415370,1,1,89399,geom
9704760,9704760,1,1,89399,geom
2356111,2356111,1,1,1217,geom
1878340,1878340,1,1,1217,geom
5137248,5137248,1,1,1217,geom
1004506,1004506,1,1,45152,geom
7271881,7271881,1,1,8459,geom
44351,44351,1,1,67636,geom
730145,730145,1,1,67636,geom
3569723,3569723,1,1,80262,geom
9436689,9436689,1,1,66646,geom
7063670,7063670,1,1,66646,geom
3729800,3729800,1,1,7545,geom
4160379,4160379,1,1,9302,geom
9713592,9713592,1,1,9302,geom
827329,827329,1,1,78088,geom
1917986,1917986,1,1,108042,geom
4337428,4337428,1,1,12091,geom
3037521,3037521,1,1,12091,geom
351541,351541,1,1,117839,geom
904560,904560,1,1,117839,geom
5781922,5781922,1,1,117839,geom
7830943,7830950,8,1,117839,geom
7728398,7728398,1,1,27529,geom
2334903,2334903,1,1,7369,geom
2003261,2003261,1,1,48160,geom
7344921,7344921,1,1,50199,geom
9427752,9427752,1,1,50199,geom
4477776,4477776,1,1,50199,geom
5717759,5717759,1,1,88493,geom
3260947,3260947,1,1,98118,geom
8551833,8551833,1,1,22572,geom
1247224,1247224,1,1,22572,geom
1453806,1453806,1,1,22572,geom
8769318,8769318,1,1,32491,geom
2992724,2992724,1,1,32491,geom
461618,461666,49,1,60498,geom
8894995,8894995,1,1,110996,geom
5584393,5584393,1,1,53145,geom
2968628,2968628,1,1,117138,geom
8106896,8106896,1,1,82020,geom
6913299,6913299,1,1,103806,geom
1400275,1400275,1,1,97289,geom
9315867,9315867,1,1,97289,geom
4106864,4106864,1,1,66482,geom
2778512,2778512,1,1,74462,geom
6464808,6464808,1,1,76623,geom
9479684,9479684,1,1,76623,geom
3858526,3858537,12,1,76623,geom
6407731,6407731,1,1,79952,geom
6743245,6743245,1,1,87879,geom
7952605,7952605,1,1,101319,geom
8345768,8345768,1,1,56160,geom
8184073,8184073,1,1,47169,geom
5716221,5716221,1,1,45311,geom
4516625,4516625,1,1,45311,geom
5347917,5347917,1,1,56852,geom
1490878,1490878,1,1,56852,geom
4804737,4804737,1,1,3280,geom
6803618,6803618,1,1,66571,geom
9919103,9919103,1,1,48333,geom
6694351,6694351,1,1,48333,geom
540100,540100,1,1,107002,geom
9977716,9977716,1,1,103161,geom
5915631,5915631,1,1,31577,geom
7470221,7470221,1,1,100370,geom
2894669,2894669,1,1,118183,geom
628180,628180,1,1,86194,geom
4633885,4633885,1,1,75506,geom
9305307,9305307,1,1,22172,geom
18800,18800,1,1,74236,geom
9538699,9538699,1,1,74236,geom
4589480,4589480,1,1,42351,geom
6328124,6328124,1,1,54133,geom
3637087,3637087,1,1,51770,geom
5923585,5923585,1,1,105868,geom
3946987,3946987,1,1,105868,geom
2826164,2826164,1,1,37074,geom
2243669,2243669,1,1,31627,geom
4655720,4655720,1,1,154,geom
8860063,8860063,1,1,19391,geom
9041275,9041275,1,1,19391,geom
6566200,6566200,1,1,90218,geom
3388585,3388585,1,1,18809,geom
7508371,7508371,1,1,100429,geom
9653598,9653598,1,1,100429,geom
8865568,8865568,1,1,78049,geom
3598729,3598729,1,1,124058,geom
2850291,2850291,1,1,42102,geom
3805061,3805061,1,1,95278,geom
3737765,3737765,1,1,112363,geom
292881,292881,1,1,76511,geom
7717706,7717706,1,1,76511,geom
8839000,8839000,1,1,19618,geom
7460779,7460779,1,1,5412,geom
7963343,7963343,1,1,44275,geom
636546,636550,5,1,47722,geom
7295375,7295375,1,1,72406,geom
754331,754331,1,1,72406,geom
9095264,9095264,1,1,85844,geom
6617185,6617185,1,1,85844,geom
137405,137405,1,1,1798,geom
4569622,4569622,1,1,1798,geom
9891287,9891287,1,1,1104,geom
3037472,3037472,1,1,1104,geom
987389,987389,1,1,123598,geom
2441972,2441972,1,1,100128,geom
210642,210642,1,1,112738,geom
3934223,3934223,1,1,19458,geom
9875939,9875939,1,1,19458,geom
9518243,9518243,1,1,19458,geom
6087216,6087216,1,1,57386,geom
691331,691331,1,1,57386,geom
6062722,6062738,17,1,88141,geom
4434096,4434096,1,1,88141,geom
8348288,8348288,1,1,88141,geom
3823406,3823406,1,1,96439,geom
8907220,8907220,1,1,96439,geom
9962600,9962600,1,1,48186,geom
9959960,9959960,1,1,48186,geom
6596374,6596407,34,1,48186,geom
3434529,3434529,1,1,48186,geom
7541791,7541791,1,1,48186,geom
537645,537645,1,1,52941,geom
8650103,8650103,1,1,41964,geom
5075587,5075587,1,1,53166,geom
4210545,4210545,1,1,44716,geom
4617741,4617741,1,1,79523,geom
6847770,6847770,1,1,79523,geom
8353007,8353007,1,1,18656,geom
2234320,2234320,1,1,18656,geom
8225209,8225209,1,1,18656,geom
5164715,5164715,1,1,89107,geom
5921476,5921476,1,1,89107,geom
4531105,4531105,1,1,123628,geom
7608848,7608848,1,1,119211,geom
9930190,9930190,1,1,119211,geom
284541,284541,1,1,31087,geom
1970736,1970736,1,1,31087,geom
1710650,1710650,1,1,115953,geom
7008928,7008928,1,1,80788,geom
1195225,1195225,1,1,7804,geom
2281577,2281577,1,1,11298,geom
4837057,4837057,1,1,11298,geom
3943608,3943608,1,1,42638,geom
2837350,2837350,1,1,103297,geom
8388560,8388560,1,1,103297,geom
3310934,3310934,1,1,40735,geom
6021323,6021323,1,1,41960,geom
2729231,2729231,1,1,94896,geom
6517066,6517066,1,1,94896,geom
3772067,3772067,1,1,94896,geom
3754357,3754357,1,1,19101,geom
9027822,9027822,1,1,19101,geom
6624870,6624870,1,1,95495,geom
2668389,2668389,1,1,105182,geom
2018779,2018779,1,1,37583,geom
5967467,5967467,1,1,16289,geom
8943707,8943707,1,1,16289,geom
7511843,7511843,1,1,95728,geom
8289024,8289024,1,1,95728,geom
4171521,4171521,1,1,95728,geom
8986088,8986088,1,1,7915,geom
4021004,4021004,1,1,4479,geom
6242343,6242343,1,1,109842,geom
2624658,2624658,1,1,27410,geom
2185521,2185521,1,1,112370,geom
4840212,4840212,1,1,53057,geom
8407699,8407699,1,1,81833,geom
1187728,1187728,1,1,81833,geom
9832129,9832129,1,1,82533,geom
8022123,8022123,1,1,28752,geom
4387574,4387574,1,1,28752,geom
5666407,5666407,1,1,28752,geom
191805,191805,1,1,100522,geom
8941084,8941084,1,1,103781,geom
331422,331422,1,1,103781,geom
310041,310041,1,1,8911,geom
485782,485782,1,1,8911,geom
9572295,9572295,1,1,8911,geom
9960322,9960322,1,1,47510,geom
7399631,7399631,1,1,76807,geom
2488645,2488645,1,1,36052,geom
2613732,2613732,1,1,106901,geom
2887122,2887122,1,1,58212,geom
3022356,3022356,1,1,58212,geom
8295881,8295881,1,1,58212,geom
6913042,6913042,1,1,22892,geom
31919,31919,1,1,32053,geom
29035,29035,1,1,32053,geom
265357,265357,1,1,98403,geom
8064737,8064737,1,1,98403,geom
4850579,4850579,1,1,110932,geom
7571766,7571766,1,1,110932,geom
9927420,9927420,1,1,14552,geom
1486094,1486094,1,1,14552,geom
8864585,8864585,1,1,35692,geom
7783883,7783883,1,1,47434,geom
9590670,9590670,1,1,55895,geom
4908132,4908132,1,1,55895,geom
4676259,4676259,1,1,55895,geom
8369041,8369041,1,1,63887,geom
1860617,1860617,1,1,26640,geom
6562782,6562782,1,1,26640,geom
8873681,8873681,1,1,72808,geom
6770776,6770776,1,1,72808,geom
2639374,2639374,1,1,95211,geom
1005806,1005806,1,1,11489,geom
2748903,2748903,1,1,92295,geom
4549758,4549758,1,1,92295,geom
5564356,5564356,1,1,92295,geom
7797584,7797584,1,1,56147,geom
5302613,5302623,11,1,46424,geom
1499103,1499103,1,1,46424,geom
325262,325262,1,1,3599,geom
3248757,3248757,1,1,3599,geom
3439337,3439337,1,1,80191,geom
8679678,8679678,1,1,80191,geom
4991577,4991577,1,1,80191,geom
1515796,1515796,1,1,100117,geom
6024908,6024908,1,1,30782,geom
8151205,8151205,1,1,30782,geom
4391707,4391707,1,1,33637,geom
7874399,7874399,1,1,33637,geom
6548818,6548818,1,1,33637,geom
6423459,6423459,1,1,94173,geom
7167577,7167577,1,1,124783,geom
4205406,4205406,1,1,124783,geom
71690,71690,1,1,124783,geom
8923028,8923028,1,1,15813,geom
3148190,3148190,1,1,15813,geom
777450,777450,1,1,15813,geom
8322405,8322405,1,1,34341,geom
9035026,9035032,7,1,34341,geom
2326939,2326939,1,1,109482,geom
6634445,6634445,1,1,9890,geom
5578710,5578710,1,1,25109,geom
2458678,2458678,1,1,25109,geom
9003506,9003506,1,1,40799,geom
3336782,3336782,1,1,113602,geom
346380,346380,1,1,21303,geom
4576663,4576663,1,1,9184,geom
70311,70311,1,1,103226,geom
3737628,3737628,1,1,41237,geom
8199743,8199743,1,1,46442,geom
6546535,6546535,1,1,46646,geom
5606531,5606531,1,1,46646,geom
1166014,1166014,1,1,70850,geom
198250,198250,1,1,51947,geom
6667087,6667087,1,1,51947,geom
9456674,9456674,1,1,18603,geom
8941856,8941856,1,1,89686,geom
7830943,7830943,1,1,89686,geom
6482615,6482615,1,1,51674,geom
3331026,3331026,1,1,28003,geom
5504337,5504337,1,1,28003,geom
9859244,9859244,1,1,73434,geom
2648593,2648593,1,1,60031,geom
6606540,6606540,1,1,17908,geom
1156149,1156149,1,1,17908,geom
3881354,3881354,1,1,74148,geom
3349358,3349358,1,1,106846,geom
7781457,7781457,1,1,80495,geom
7534213,7534213,1,1,23142,geom
6334221,6334221,1,1,25190,geom
3446382,3446382,1,1,50326,geom
2656802,2656802,1,1,50326,geom
2673636,2673636,1,1,108992,geom
5992720,5992720,1,1,123610,geom
911583,911583,1,1,67318,geom
9628847,9628847,1,1,67318,geom
6490120,6490120,1,1,38455,geom
8119032,8119032,1,1,62707,geom
7141941,7141941,1,1,4975,geom
6242343,6242343,1,1,4975,geom
8868710,8868710,1,1,70480,geom
465540,465540,1,1,82185,geom
3927122,3927122,1,1,29365,geom
4555813,4555813,1,1,29365,geom
9137752,9137752,1,1,122485,geom
8772253,8772253,1,1,117994,geom
4609463,4609463,1,1,50243,geom
454062,454062,1,1,80134,geom
6688264,6688264,1,1,36554,geom
6840286,6840286,1,1,28703,geom
8511411,8511411,1,1,122344,geom
5075266,5075266,1,1,122344,geom
9473756,9473756,1,1,3155,geom
9660985,9660985,1,1,3155,geom
8552009,8552009,1,1,77609,geom
4972745,4972745,1,1,96580,geom
8545558,8545558,1,1,96580,geom
2218858,2218858,1,1,1169,geom
1760735,1760735,1,1,1169,geom
4893453,4893453,1,1,91076,geom
1435101,1435101,1,1,91076,geom
7979980,7979980,1,1,68556,geom
8772724,8772724,1,1,68556,geom
9940487,9940487,1,1,8171,geom
7263264,7263264,1,1,50700,geom
8939888,8939888,1,1,50700,geom
2863855,2863855,1,1,8420,geom
1814452,1814452,1,1,8420,geom
4371051,4371051,1,1,52776,geom
5174103,5174103,1,1,16010,geom
9829274,9829274,1,1,61455,geom
8616980,8616980,1,1,61455,geom
9898302,9898302,1,1,86191,geom
1587701,1587701,1,1,104770,geom
5008515,5008515,1,1,6276,geom
4525062,4525062,1,1,6276,geom
6817282,6817282,1,1,52637,geom
7877057,7877057,1,1,112233,geom
6700791,6700791,1,1,96882,geom
9470363,9470363,1,1,73024,geom
8315178,8315178,1,1,10456,geom
8159469,8159469,1,1,88133,geom
9192606,9192606,1,1,88133,geom
1869914,1869914,1,1,88133,geom
5304256,5304256,1,1,52491,geom
8302549,8302549,1,1,39006,geom
9083227,9083227,1,1,39006,geom
4762077,4762077,1,1,39006,geom
3606741,3606741,1,1,39006,geom
9995461,9995461,1,1,99822,geom
8357538,8357538,1,1,3517,geom
5472370,5472370,1,1,3517,geom
3373092,3373092,1,1,5079,geom
5703853,5703853,1,1,84154,geom
6136573,6136573,1,1,104145,geom
983823,983823,1,1,122872,geom
2951757,2951757,1,1,122872,geom
7271507,7271507,1,1,114869,geom
7867085,7867085,1,1,76851,geom
6096993,6096993,1,1,46139,geom
5131907,5131907,1,1,46139,geom
2026785,2026785,1,1,46139,geom
2623451,2623451,1,1,118176,geom
1650457,1650457,1,1,16297,geom
3162907,3162907,1,1,98153,geom
6961964,6961964,1,1,82698,geom
7192298,7192298,1,1,100875,geom
4488012,4488012,1,1,104468,geom
3172341,3172341,1,1,26049,geom
8109304,8109304,1,1,89663,geom
4633304,4633304,1,1,89663,geom
6566200,6566200,1,1,89663,geom
2218858,2218858,1,1,123618,geom
4322961,4322961,1,1,52096,geom
2073777,2073777,1,1,103582,geom
1356808,1356808,1,1,62018,geom
8032642,8032642,1,1,82458,geom
1776692,1776692,1,1,82458,geom
9219027,9219027,1,1,82458,geom
1509536,1509536,1,1,82458,geom
2540902,2540902,1,1,52769,geom
2264096,2264096,1,1,22762,geom
9959960,9959960,1,1,22762,geom
8746624,8746624,1,1,22762,geom
6517066,6517066,1,1,62709,geom
221659,221659,1,1,123342,geom
4143646,4143646,1,1,123342,geom
9048654,9048654,1,1,86748,geom
5602566,5602566,1,1,29271,geom
8570177,8570177,1,1,29271,geom
4463808,4463808,1,1,46365,geom
20776,20776,1,1,46365,geom
694237,694237,1,1,46365,geom
6649412,6649412,1,1,46365,geom
9332921,9332921,1,1,112778,geom
9963693,9963693,1,1,20096,geom
91251,91251,1,1,109190,geom
8379877,8379877,1,1,82443,geom
7232736,7232736,1,1,82443,geom
421380,421380,1,1,93427,geom
4633448,4633448,1,1,46096,geom
2304998,2304998,1,1,111078,geom
1155730,1155730,1,1,8096,geom
2887262,2887262,1,1,91657,geom
8614462,8614462,1,1,91657,geom
3896426,3896426,1,1,91657,geom
1543968,1543968,1,1,3002,geom
8007832,8007832,1,1,20049,geom
6894388,6894388,1,1,20049,geom
1504374,1504374,1,1,60159,geom
2873667,2873667,1,1,60159,geom
3811669,3811669,1,1,8565,geom
8676033,8676033,1,1,8565,geom
9583305,9583305,1,1,326,geom
5967479,5967479,1,1,117628,geom
7758837,7758837,1,1,64201,geom
3699952,3699952,1,1,45912,geom
4974065,4974088,24,1,45912,geom
1354558,1354558,1,1,45912,geom
1923410,1923410,1,1,45912,geom
2788803,2788803,1,1,84745,geom
6768001,6768001,1,1,78835,geom
7097471,7097471,1,1,11756,geom
731951,731951,1,1,59440,geom
4109189,4109189,1,1,27694,geom
8597256,8597270,15,1,19423,geom
6217752,6217752,1,1,19423,geom
9795476,9795476,1,1,48309,geom
8735064,8735064,1,1,48309,geom
7036703,7036703,1,1,98900,geom
5969112,5969112,1,1,64972,geom
9270016,9270016,1,1,19442,geom
3643936,3643936,1,1,71857,geom
2047732,2047732,1,1,9422,geom
664320,664320,1,1,9422,geom
4383140,4383140,1,1,13925,geom
8616980,8616980,1,1,13925,geom
2101477,2101477,1,1,38295,geom
5581161,5581161,1,1,62156,geom
7087517,7087517,1,1,97965,geom
6063625,6063625,1,1,97965,geom
5302613,5302613,1,1,104061,geom
8030541,8030541,1,1,102324,geom
9396077,9396077,1,1,92896,geom
7630206,7630206,1,1,106650,geom
5380889,5380889,1,1,106650,geom
3119718,3119786,69,1,85065,geom
6049333,6049333,1,1,40418,geom
1843151,1843151,1,1,96510,geom
2035373,2035373,1,1,40360,geom
9633496,9633496,1,1,40360,geom
2607994,2607994,1,1,65555,geom
3885670,3885670,1,1,65555,geom
6936696,6936696,1,1,60063,geom
2822943,2822943,1,1,13580,geom
4328970,4328970,1,1,13580,geom
1170520,1170520,1,1,27755,geom
5085121,5085121,1,1,27755,geom
8127622,8127622,1,1,27755,geom
2341395,2341395,1,1,112268,geom
9260154,9260154,1,1,112268,geom
845229,845229,1,1,84155,geom
2460314,2460314,1,1,71851,geom
4659511,4659511,1,1,58766,geom
1849750,1849750,1,1,110140,geom
9609691,9609691,1,1,110140,geom
5368802,5368802,1,1,812,geom
5738232,5738232,1,1,3423,geom
3806901,3806901,1,1,3423,geom
841034,841034,1,1,70503,geom
2291906,2291906,1,1,70503,geom
440367,440367,1,1,82253,geom
2012109,2012109,1,1,22983,geom
3906430,3906430,1,1,54011,geom
1346919,1346919,1,1,52931,geom
8898463,8898463,1,1,52931,geom
3525305,3525305,1,1,40890,geom
4391401,4391401,1,1,60762,geom
9630713,9630713,1,1,91841,geom
1500881,1500881,1,1,67695,geom
5717759,5717759,1,1,118802,geom
5536123,5536123,1,1,37505,geom
4395480,4395480,1,1,79075,geom
6256899,6256899,1,1,40827,geom
4792098,4792098,1,1,35203,geom
8307298,8307298,1,1,61283,geom
2026785,2026785,1,1,61283,geom
3927643,3927643,1,1,75533,geom
4168846,4168846,1,1,75533,geom
4794439,4794439,1,1,75533,geom
2024666,2024666,1,1,75533,geom
5136618,5136618,1,1,110118,geom
7506883,7506883,1,1,110118,geom
9818032,9818032,1,1,31153,geom
6663999,6663999,1,1,31153,geom
5026879,5026879,1,1,31153,geom
6681814,6681814,1,1,100284,geom
1077042,1077042,1,1,100284,geom
4165415,4165415,1,1,124639,geom
9006181,9006181,1,1,124639,geom
4160,4160,1,1,50769,geom
1747681,1747681,1,1,50769,geom
3762866,3762866,1,1,17099,geom
7463429,7463429,1,1,17099,geom
293631,293631,1,1,57879,geom
4968495,4968495,1,1,57879,geom
8529972,8529972,1,1,68998,geom
7525774,7525774,1,1,9587,geom
671507,671507,1,1,9587,geom
1500486,1500486,1,1,115542,geom
8067614,8067614,1,1,115542,geom
1504780,1504780,1,1,385,geom
461079,461079,1,1,22649,geom
4837571,4837571,1,1,22649,geom
3862366,3862366,1,1,22649,geom
22042,22042,1,1,68884,geom
4756035,4756035,1,1,68884,geom
4649570,4649570,1,1,68884,geom
7767344,7767344,1,1,61628,geom
7432171,7432171,1,1,19304,geom
4647476,4647476,1,1,19304,geom
8072115,8072115,1,1,21316,geom
8239819,8239819,1,1,96240,geom
3165326,3165326,1,1,96240,geom
1200913,1200913,1,1,104526,geom
8626438,8626438,1,1,34579,geom
9328377,9328377,1,1,34579,geom
5227580,5227580,1,1,119791,geom
9035026,9035032,7,1,124931,geom
7272128,7272128,1,1,36681,geom
838877,838877,1,1,36681,geom
2022311,2022311,1,1,108081,geom
9967173,9967173,1,1,108081,geom
5500403,5500403,1,1,15499,geom
6516765,6516765,1,1,73311,geom
425449,425449,1,1,101156,geom
489388,489388,1,1,4318,geom
7975447,7975447,1,1,4318,geom
6621144,6621144,1,1,28038,geom
7025616,7025616,1,1,28038,geom
747076,747076,1,1,28038,geom
6420533,6420533,1,1,7706,geom
1520961,1520961,1,1,7706,geom
7668397,7668397,1,1,33702,geom
757238,757238,1,1,33702,geom
7038566,7038566,1,1,52804,geom
7516795,7516795,1,1,52804,geom
7110513,7110513,1,1,84917,geom
1607678,1607678,1,1,84917,geom
7751139,7751139,1,1,26601,geom
9816003,9816003,1,1,26601,geom
5529221,5529221,1,1,26601,geom
2968628,2968628,1,1,53070,geom
7085615,7085615,1,1,53070,geom
5047903,5047903,1,1,53070,geom
4196460,4196460,1,1,53070,geom
7977689,7977689,1,1,53070,geom
138862,138862,1,1,92299,geom
5372607,5372607,1,1,76725,geom
2380,2380,1,1,100035,geom
3026192,3026192,1,1,8096,geom
2754292,2754292,1,1,8096,geom
4541198,4541198,1,1,41727,geom
2878055,2878055,1,1,85223,geom
6158717,6158717,1,1,109613,geom
7641898,7641898,1,1,109613,geom
9056189,9056189,1,1,36072,geom
7481627,7481627,1,1,50290,geom
6631490,6631490,1,1,60905,geom
8937663,8937663,1,1,10084,geom
8948087,8948087,1,1,109924,geom
5841035,5841035,1,1,30116,geom
9030075,9030075,1,1,67808,geom
4954740,4954740,1,1,74061,geom
3642360,3642360,1,1,10024,geom
1333444,1333444,1,1,10024,geom
350531,350531,1,1,64305,geom
4012568,4012568,1,1,64305,geom
9683965,9683965,1,1,119107,geom
2229115,2229115,1,1,119107,geom
4220679,4220679,1,1,119107,geom
2070336,2070336,1,1,98741,geom
8206483,8206483,1,1,72149,geom
9259656,9259656,1,1,72149,geom
1369401,1369417,17,1,72149,geom
9014714,9014714,1,1,62096,geom
3786105,3786105,1,1,62096,geom
4117103,4117103,1,1,62096,geom
3919454,3919454,1,1,98781,geom
628180,628180,1,1,83003,geom
3651138,3651138,1,1,83003,geom
5538418,5538418,1,1,109384,geom
6519915,6519915,1,1,109384,geom
4902822,4902822,1,1,94531,geom
3374244,3374244,1,1,94531,geom
9026643,9026643,1,1,105821,geom
9966347,9966347,1,1,105821,geom
9743823,9743823,1,1,93631,geom
2643925,2643925,1,1,93631,geom
5606194,5606194,1,1,93631,geom
9012554,9012554,1,1,93631,geom
9260734,9260734,1,1,71671,geom
6600574,6600574,1,1,71671,geom
2887629,2887629,1,1,83889,geom
1587943,1587943,1,1,98563,geom
9780481,9780481,1,1,98563,geom
9279866,9279866,1,1,70958,geom
3762866,3762866,1,1,70958,geom
9526444,9526444,1,1,18647,geom
5163551,5163551,1,1,18647,geom
7945943,7945943,1,1,18647,geom
1028683,1028683,1,1,30446,geom
7706360,7706360,1,1,30446,geom
1464646,1464646,1,1,105106,geom
1786527,1786527,1,1,107506,geom
113561,113561,1,1,16985,geom
8066161,8066161,1,1,64659,geom
8698503,8698503,1,1,9682,geom
5023732,5023732,1,1,9682,geom
4881959,4881959,1,1,71264,geom
6593254,6593254,1,1,41380,geom
4806247,4806247,1,1,41380,geom
7226273,7226273,1,1,8233,geom
2800252,2800252,1,1,8233,geom
9452857,9452857,1,1,118257,geom
7345519,7345519,1,1,118257,geom
3814779,3814779,1,1,59878,geom
6508009,6508009,1,1,110159,geom
6203099,6203099,1,1,85517,geom
8135022,8135022,1,1,104464,geom
1684372,1684372,1,1,73849,geom
8285888,8285888,1,1,73849,geom
18041,18072,32,1,56208,geom
7885272,7885272,1,1,56208,geom
5731836,5731836,1,1,33371,geom
8126692,8126692,1,1,33371,geom
4101731,4101731,1,1,86662,geom
648182,648182,1,1,86662,geom
3918183,3918183,1,1,95350,geom
5078673,5078673,1,1,103484,geom
5650257,5650257,1,1,43538,geom
2231402,2231402,1,1,43538,geom
1336696,1336696,1,1,43538,geom
5322954,5322954,1,1,92431,geom
7434883,7434883,1,1,92431,geom
7758837,7758837,1,1,48763,geom
6634258,6634258,1,1,48763,geom
8599443,8599443,1,1,48763,geom
651732,651732,1,1,106315,geom
6110729,6110729,1,1,106315,geom
3640385,3640385,1,1,65928,geom
7210696,7210696,1,1,46752,geom
8937663,8937663,1,1,78769,geom
2313360,2313360,1,1,86909,geom
5027123,5027123,1,1,86909,geom
2869417,2869417,1,1,86909,geom
8840536,8840536,1,1,5675,geom
1504374,1504374,1,1,57262,geom
4784012,4784012,1,1,57262,geom
6593254,6593254,1,1,49988,geom
1747304,1747304,1,1,20353,geom
5473648,5473648,1,1,20353,geom
3413731,3413731,1,1,79155,geom
6429811,6429811,1,1,79155,geom
3585659,3585659,1,1,79155,geom
7170801,7170801,1,1,96172,geom
7459619,7459619,1,1,96172,geom
2178943,2178943,1,1,96172,geom
860249,860249,1,1,110911,geom
9360473,9360473,1,1,110911,geom
1861280,1861280,1,1,12065,geom
9294524,9294524,1,1,102837,geom
6646264,6646264,1,1,118061,geom
3666985,3666985,1,1,51444,geom
7466279,7466279,1,1,51444,geom
9324024,9324024,1,1,109102,geom
2753775,2753775,1,1,22488,geom
7993291,7993291,1,1,69382,geom
630539,630539,1,1,42668,geom
9638532,9638532,1,1,99759,geom
1434548,1434548,1,1,72085,geom
6003879,6003879,1,1,119526,geom
9746775,9746775,1,1,2205,geom
9622912,9622912,1,1,2205,geom
4390113,4390113,1,1,2205,geom
8904682,8904682,1,1,121480,geom
5588138,5588138,1,1,15181,geom
5108550,5108550,1,1,23979,geom
1942156,1942156,1,1,23979,geom
6324043,6324043,1,1,95056,geom
1200142,1200142,1,1,120802,geom
3948537,3948537,1,1,120802,geom
8363842,8363842,1,1,35265,geom
1611675,1611675,1,1,71321,geom
2000595,2000595,1,1,1646,geom
5024807,5024807,1,1,31147,geom
9670829,9670829,1,1,112731,geom
2869564,2869564,1,1,46624,geom
5618961,5618961,1,1,46624,geom
7430266,7430266,1,1,114011,geom
1470331,1470331,1,1,114011,geom
3160,3160,1,1,114011,geom
5744346,5744346,1,1,120809,geom
7207796,7207796,1,1,27906,geom
8936076,8936076,1,1,36853,geom
9962600,9962600,1,1,53454,geom
7885272,7885272,1,1,53454,geom
7264779,7264779,1,1,53454,geom
850154,850154,1,1,53454,geom
4280186,4280186,1,1,43537,geom
9953162,9953162,1,1,32750,geom
8169346,8169346,1,1,45883,geom
7253284,7253284,1,1,45883,geom
8258000,8258000,1,1,77638,geom
4995387,4995387,1,1,67568,geom
8695938,8695938,1,1,26588,geom
9971524,9971524,1,1,79157,geom
744039,744039,1,1,79157,geom
3711784,3711784,1,1,99009,geom
5081290,5081290,1,1,84185,geom
8184073,8184073,1,1,84185,geom
7209646,7209646,1,1,47299,geom
5671114,5671114,1,1,47299,geom
6601897,6601897,1,1,30576,geom
1500478,1500486,9,1,30576,geom
6556851,6556851,1,1,85555,geom
6678253,6678253,1,1,65183,geom
5899959,5899959,1,1,48783,geom
461618,461618,1,1,23986,geom
9221046,9221046,1,1,23986,geom
201970,201970,1,1,23986,geom
2408930,2408930,1,1,34320,geom
6475458,6475458,1,1,34320,geom
4101936,4101936,1,1,74555,geom
1939716,1939716,1,1,74555,geom
7741943,7741943,1,1,29691,geom
7750999,7750999,1,1,81334,geom
6585118,6585118,1,1,68968,geom
5913742,5913742,1,1,68968,geom
5642932,5642932,1,1,10860,geom
9744996,9744996,1,1,73643,geom
1986927,1986927,1,1,37755,geom
7486963,7486963,1,1,70361,geom
8258819,8258819,1,1,7092,geom
6420533,6420533,1,1,76365,geom
2350309,2350309,1,1,76365,geom
9450925,9450933,9,1,13007,geom
7859542,7859542,1,1,107273,geom
8067077,8067077,1,1,93567,geom
7037541,7037541,1,1,115591,geom
2976011,2976011,1,1,115591,geom
7024116,7024116,1,1,96204,geom
1880978,1880978,1,1,72445,geom
3067307,3067307,1,1,72445,geom
412932,412932,1,1,72445,geom
9708476,9708476,1,1,655,geom
5347917,5347917,1,1,114707,geom
5402375,5402375,1,1,114707,geom
9425890,9425890,1,1,66561,geom
9936024,9936024,1,1,66561,geom
5583746,5583746,1,1,39046,geom
4701701,4701701,1,1,64301,geom
6768552,6768552,1,1,64301,geom
6460136,6460136,1,1,1934,geom
5798482,5798482,1,1,1934,geom
2174396,2174396,1,1,52280,geom
8614776,8614776,1,1,52280,geom
5526695,5526695,1,1,52114,geom
869196,869196,1,1,52114,geom
3739175,3739175,1,1,119278,geom
704180,704180,1,1,119278,geom
1850847,1850847,1,1,119278,geom
7723381,7723381,1,1,56281,geom
2118327,2118327,1,1,56281,geom
7087364,7087364,1,1,56281,geom
3372125,3372125,1,1,56281,geom
3106005,3106005,1,1,56281,geom
127701,127701,1,1,91448,geom
3412998,3412998,1,1,19373,geom
4278395,4278395,1,1,19373,geom
9649234,9649234,1,1,19373,geom
414541,414541,1,1,30388,geom
199168,199177,10,1,60411,geom
3657136,3657136,1,1,60411,geom
3682235,3682235,1,1,60411,geom
9093528,9093528,1,1,25192,geom
8201971,8201971,1,1,74987,geom
9324024,9324024,1,1,22555,geom
9313772,9313772,1,1,958,geom
6863444,6863444,1,1,10662,geom
6951289,6951289,1,1,10662,geom
8882030,8882030,1,1,62420,geom
3783387,3783387,1,1,26527,geom
8614462,8614462,1,1,4671,geom
5594455,5594455,1,1,4671,geom
2102358,2102358,1,1,4671,geom
7132260,7132260,1,1,30955,geom
164254,164254,1,1,30955,geom
2912815,2912815,1,1,30955,geom
8762221,8762221,1,1,30955,geom
8341408,8341408,1,1,12673,geom
1830877,1830877,1,1,17374,geom
2713502,2713502,1,1,5354,geom
158050,158050,1,1,5354,geom
3925758,3925758,1,1,5354,geom
7066713,7066713,1,1,40466,geom
3143897,3143897,1,1,40466,geom
2719152,2719152,1,1,40466,geom
1736067,1736067,1,1,40466,geom
5076792,5076792,1,1,15573,geom
5108550,5108550,1,1,26328,geom
6902499,6902499,1,1,6504,geom
2081164,2081164,1,1,6504,geom
1945949,1945949,1,1,104238,geom
9628138,9628138,1,1,75553,geom
8162509,8162509,1,1,75553,geom
9683965,9683965,1,1,75553,geom
3242115,3242115,1,1,39726,geom
6889737,6889737,1,1,97481,geom
3215515,3215515,1,1,97481,geom
9386176,9386176,1,1,30950,geom
730207,730207,1,1,30950,geom
5993198,5993198,1,1,30950,geom
5727507,5727507,1,1,30950,geom
5682540,5682540,1,1,45984,geom
4998966,4998966,1,1,45984,geom
410795,410795,1,1,59950,geom
1563099,1563099,1,1,93125,geom
8163731,8163731,1,1,40752,geom
9247156,9247156,1,1,32548,geom
2534673,2534673,1,1,78754,geom
2010217,2010217,1,1,49498,geom
9499774,9499774,1,1,49498,geom
5016333,5016333,1,1,6070,geom
9375447,9375447,1,1,72814,geom
7523185,7523185,1,1,72814,geom
5008632,5008632,1,1,124995,geom
1837094,1837094,1,1,69849,geom
4155029,4155029,1,1,69849,geom
3757443,3757443,1,1,29781,geom
555804,555804,1,1,29781,geom
4934252,4934252,1,1,29781,geom
9259656,9259656,1,1,40401,geom
307478,307478,1,1,40401,geom
1525586,1525586,1,1,48854,geom
8036583,8036583,1,1,74134,geom
7538303,7538303,1,1,74134,geom
7127045,7127045,1,1,3679,geom
8904000,8904000,1,1,55161,geom
6697554,6697554,1,1,10507,geom
7084877,7084877,1,1,79820,geom
5378911,5378911,1,1,79820,geom
5939925,5939925,1,1,50265,geom
3113386,3113386,1,1,115019,geom
3834784,3834784,1,1,44122,geom
5802225,5802225,1,1,44122,geom
1237796,1237796,1,1,25276,geom
5904618,5904618,1,1,25276,geom
1471469,1471469,1,1,25276,geom
8896934,8896934,1,1,92722,geom
6526165,6526165,1,1,92722,geom
1353844,1353844,1,1,122998,geom
1864846,1864846,1,1,122998,geom
1935994,1935994,1,1,79867,geom
2966646,2966646,1,1,79867,geom
923093,923093,1,1,4794,geom
8004790,8004790,1,1,4794,geom
3324420,3324420,1,1,4794,geom
4373610,4373610,1,1,6359,geom
4767584,4767584,1,1,99154,geom
8949859,8949859,1,1,29172,geom
3253594,3253594,1,1,29172,geom
8326341,8326341,1,1,73568,geom
7936589,7936589,1,1,73568,geom
6418046,6418046,1,1,65990,geom
6770834,6770834,1,1,65990,geom
1153574,1153574,1,1,50595,geom
2801186,2801186,1,1,32637,geom
5805024,5805024,1,1,100652,geom
3430206,3430206,1,1,100652,geom
8296033,8296033,1,1,28441,geom
2690796,2690796,1,1,28441,geom
9459341,9459341,1,1,8924,geom
826216,826216,1,1,34508,geom
5589953,5589953,1,1,34508,geom
3188712,3188712,1,1,48435,geom
5006915,5006915,1,1,48435,geom
6149202,6149202,1,1,64766,geom
3885733,3885733,1,1,31529,geom
6318965,6318965,1,1,59723,geom
5801094,5801151,58,1,99136,geom
3677280,3677280,1,1,90805,geom
7657411,7657411,1,1,26923,geom
6620488,6620488,1,1,26923,geom
8778207,8778207,1,1,14134,geom
3355497,3355497,1,1,77201,geom
5938562,5938562,1,1,77201,geom
4466286,4466286,1,1,118347,geom
9201390,9201390,1,1,96846,geom
2020631,2020631,1,1,96846,geom
9823923,9823923,1,1,96846,geom
4648544,4648544,1,1,47917,geom
1183326,1183326,1,1,121953,geom
9137752,9137752,1,1,121953,geom
1332468,1332468,1,1,7724,geom
2424775,2424775,1,1,3460,geom
5131907,5131907,1,1,46393,geom
1760735,1760735,1,1,108053,geom
5079200,5079200,1,1,112698,geom
2656029,2656029,1,1,112698,geom
6570023,6570023,1,1,112698,geom
4790483,4790483,1,1,112698,geom
9988126,9988126,1,1,92488,geom
7061271,7061271,1,1,13263,geom
7750834,7750834,1,1,13263,geom
7839695,7839695,1,1,13263,geom
8007832,8007832,1,1,13263,geom
2822329,2822329,1,1,82887,geom
7543376,7543376,1,1,82887,geom
6995573,6995573,1,1,33376,geom
5526695,5526695,1,1,84741,geom
4650964,4650964,1,1,84741,geom
2170222,2170222,1,1,7517,geom
401386,401386,1,1,7517,geom
1421938,1421938,1,1,34619,geom
2018779,2018779,1,1,83916,geom
8652187,8652187,1,1,83916,geom
1974110,1974110,1,1,83916,geom
7692483,7692483,1,1,7560,geom
7315397,7315397,1,1,7560,geom
4351157,4351157,1,1,77609,geom
6781651,6781651,1,1,102758,geom
8961228,8961228,1,1,102758,geom
324855,324855,1,1,102758,geom
3133723,3133723,1,1,113200,geom
3703535,3703535,1,1,19924,geom
7024164,7024164,1,1,19924,geom
6694041,6694041,1,1,45566,geom
513208,513208,1,1,71398,geom
3242503,3242503,1,1,11582,geom
7348343,7348343,1,1,89281,geom
691331,691331,1,1,89281,geom
3396805,3396805,1,1,106007,geom
5995705,5995742,38,1,56806,geom
702559,702559,1,1,49975,geom
3909727,3909727,1,1,49975,geom
3341135,3341135,1,1,97912,geom
5164392,5164392,1,1,94279,geom
4220707,4220707,1,1,23644,geom
5605212,5605212,1,1,23644,geom
9156769,9156769,1,1,39090,geom
6531306,6531306,1,1,52586,geom
7317505,7317505,1,1,120424,geom
8582109,8582109,1,1,19943,geom
4617741,4617741,1,1,69554,geom
82500,82500,1,1,105205,geom
6563970,6563970,1,1,105205,geom
5636026,5636026,1,1,79349,geom
2243796,2243796,1,1,43246,geom
9032848,9032848,1,1,43246,geom
7226273,7226273,1,1,116092,geom
1766779,1766779,1,1,116092,geom
1471469,1471469,1,1,28620,geom
5987156,5987156,1,1,50321,geom
3575480,3575480,1,1,58721,geom
1170803,1170803,1,1,58721,geom
869196,869196,1,1,98910,geom
4416316,4416316,1,1,73201,geom
6265086,6265086,1,1,106828,geom
4840329,4840329,1,1,106828,geom
4278721,4278721,1,1,68500,geom
5526647,5526647,1,1,56952,geom
2635144,2635144,1,1,87592,geom
8710843,8710843,1,1,73806,geom
9386176,9386176,1,1,124647,geom
4835598,4835598,1,1,124647,geom
7771222,7771222,1,1,7687,geom
9777342,9777342,1,1,7687,geom
9279540,9279540,1,1,117649,geom
3712797,3712797,1,1,117649,geom
9790786,9790786,1,1,120108,geom
7247717,7247717,1,1,122236,geom
3052647,3052647,1,1,122236,geom
4496259,4496259,1,1,23566,geom
6546715,6546715,1,1,23566,geom
9571894,9571894,1,1,23566,geom
8664286,8664286,1,1,120368,geom
397836,397836,1,1,122370,geom
920104,920104,1,1,86191,geom
5368914,5368914,1,1,121265,geom
5883694,5883694,1,1,120192,geom
5689085,5689085,1,1,8214,geom
9179456,9179456,1,1,77209,geom
8600887,8600887,1,1,108994,geom
835063,835063,1,1,50036,geom
9395600,9395600,1,1,122813,geom
9718758,9718758,1,1,122813,geom
497690,497690,1,1,67701,geom
2120341,2120341,1,1,67701,geom
438634,438634,1,1,121661,geom
8084718,8084718,1,1,121661,geom
2894952,2894952,1,1,121661,geom
8700229,8700229,1,1,121661,geom
8318656,8318656,1,1,103550,geom
3766913,3766913,1,1,31926,geom
4550315,4550315,1,1,31926,geom
8105285,8105285,1,1,48974,geom
2033731,2033739,9,1,6139,geom
2983261,2983261,1,1,73754,geom
3644813,3644813,1,1,60587,geom
1084988,1084988,1,1,103262,geom
671782,671782,1,1,103262,geom
3331026,3331026,1,1,29565,geom
851827,851827,1,1,95108,geom
783802,783802,1,1,95108,geom
6966104,6966104,1,1,22553,geom
3698112,3698112,1,1,22553,geom
2689401,2689401,1,1,73751,geom
3911051,3911051,1,1,73751,geom
8237898,8237898,1,1,86313,geom
1407930,1407930,1,1,86313,geom
5382729,5382729,1,1,86313,geom
8100899,8100899,1,1,69923,geom
5083535,5083535,1,1,50004,geom
7584427,7584427,1,1,50004,geom
7374282,7374282,1,1,50004,geom
7522284,7522284,1,1,53512,geom
6437205,6437205,1,1,59874,geom
3463959,3463959,1,1,59874,geom
5808986,5808986,1,1,102281,geom
475341,475341,1,1,102281,geom
216194,216194,1,1,102281,geom
5671114,5671114,1,1,34437,geom
2128276,2128276,1,1,34437,geom
9239265,9239265,1,1,34437,geom
9620988,9620988,1,1,41192,geom
4975850,4975850,1,1,41192,geom
7475430,7475430,1,1,47448,geom
6181956,6181956,1,1,91275,geom
8257646,8257646,1,1,115944,geom
1343046,1343046,1,1,114374,geom
204673,204673,1,1,114374,geom
2837350,2837350,1,1,21590,geom
3112958,3112960,3,1,21590,geom
2320314,2320314,1,1,15823,geom
7711155,7711155,1,1,17951,geom
4974065,4974088,24,1,17951,geom
8255971,8255971,1,1,11183,geom
3653230,3653230,1,1,111211,geom
7189599,7189599,1,1,11567,geom
7061419,7061419,1,1,11567,geom
534038,534038,1,1,63284,geom
7139730,7139730,1,1,17613,geom
1642970,1642970,1,1,123185,geom
9061208,9061208,1,1,120243,geom
5772123,5772123,1,1,120243,geom
3898990,3898990,1,1,56226,geom
3354121,3354121,1,1,94423,geom
6694998,6694998,1,1,34897,geom
7617018,7617018,1,1,34897,geom
3933758,3933758,1,1,52700,geom
2642267,2642267,1,1,52700,geom
8581020,8581020,1,1,96277,geom
5852780,5852780,1,1,33898,geom
2023367,2023367,1,1,33898,geom
7991890,7991890,1,1,33898,geom
848639,848639,1,1,67982,geom
1867281,1867281,1,1,63550,geom
5428209,5428209,1,1,63550,geom
3488110,3488110,1,1,115024,geom
3387865,3387865,1,1,115024,geom
8939191,8939191,1,1,115024,geom
5187721,5187753,33,1,83257,geom
3450879,3450879,1,1,92494,geom
1196333,1196333,1,1,33771,geom
2450470,2450470,1,1,33771,geom
13766,13766,1,1,100509,geom
8632974,8632974,1,1,100509,geom
5641267,5641267,1,1,109418,geom
8760547,8760547,1,1,8645,geom
7035830,7035830,1,1,116759,geom
9882840,9882840,1,1,60675,geom
5143771,5143771,1,1,27979,geom
8006668,8006668,1,1,27979,geom
2438663,2438663,1,1,27979,geom
4904018,4904018,1,1,51385,geom
2290295,2290295,1,1,51385,geom
7772696,7772696,1,1,81536,geom
2440561,2440561,1,1,81536,geom
4968124,4968124,1,1,67832,geom
4735101,4735101,1,1,89265,geom
2446428,2446428,1,1,29177,geom
402457,402457,1,1,29177,geom
8996204,8996204,1,1,22573,geom
2406720,2406720,1,1,12680,geom
5471945,5471945,1,1,12680,geom
4134108,4134108,1,1,84802,geom
9380678,9380678,1,1,97000,geom
5503528,5503528,1,1,28308,geom
7599348,7599348,1,1,70435,geom
7057404,7057404,1,1,116434,geom
1156597,1156597,1,1,116434,geom
115906,115906,1,1,105983,geom
7024116,7024116,1,1,105983,geom
796160,796160,1,1,105983,geom
1950404,1950404,1,1,99666,geom
8558756,8558756,1,1,99666,geom
402457,402457,1,1,3587,geom
9691097,9691097,1,1,3587,geom
7389459,7389459,1,1,83976,geom
4133791,4133791,1,1,83976,geom
6398454,6398454,1,1,5251,geom
5586248,5586248,1,1,348,geom
9961476,9961476,1,1,56450,geom
7243766,7243766,1,1,110582,geom
7387984,7387984,1,1,110582,geom
3487431,3487431,1,1,110582,geom
6301892,6301892,1,1,63909,geom
3113472,3113472,1,1,37276,geom
4564635,4564635,1,1,39167,geom
6422914,6422914,1,1,95646,geom
7984155,7984155,1,1,95646,geom
194739,194742,4,1,95646,geom
6912620,6912620,1,1,79011,geom
3882495,3882495,1,1,79011,geom
5221991,5221991,1,1,74867,geom
8552857,8552857,1,1,11222,geom
2004240,2004240,1,1,102343,geom
1773044,1773044,1,1,7132,geom
342305,342305,1,1,7132,geom
8658919,8658919,1,1,56009,geom
8318885,8318885,1,1,69329,geom
7071718,7071718,1,1,69329,geom
7187611,7187611,1,1,84293,geom
8566306,8566306,1,1,84293,geom
8407699,8407699,1,1,84160,geom
6500143,6500143,1,1,84160,geom
7811020,7811020,1,1,44270,geom
7415437,7415437,1,1,79289,geom
1865773,1865773,1,1,77564,geom
2284006,2284006,1,1,65819,geom
5097752,5097752,1,1,65819,geom
828609,828609,1,1,35711,geom
8546456,8546456,1,1,122013,geom
3805269,3805269,1,1,27344,geom
4617313,4617313,1,1,27344,geom
8322405,8322405,1,1,70404,geom
9798196,9798196,1,1,107178,geom
4922464,4922464,1,1,107178,geom
8253557,8253557,1,1,107178,geom
7560085,7560085,1,1,107178,geom
5421565,5421565,1,1,36979,geom
44351,44351,1,1,63046,geom
3998279,3998279,1,1,15834,geom
8597978,8597978,1,1,15834,geom
276665,276665,1,1,15834,geom
4860920,4860920,1,1,15834,geom
3480562,3480562,1,1,15834,geom
5326560,5326560,1,1,13302,geom
9667772,9667772,1,1,13302,geom
7683243,7683243,1,1,13302,geom
4355267,4355267,1,1,13302,geom
7523270,7523270,1,1,88460,geom
8640159,8640159,1,1,44079,geom
2582777,2582777,1,1,64071,geom
373371,373371,1,1,64071,geom
6210523,6210523,1,1,35045,geom
1573937,1573937,1,1,44221,geom
3669371,3669371,1,1,44221,geom
3110714,3110714,1,1,91970,geom
834193,834193,1,1,81515,geom
871735,871735,1,1,81515,geom
7618388,7618388,1,1,74693,geom
7974619,7974619,1,1,76684,geom
5776795,5776795,1,1,92029,geom
2261025,2261025,1,1,92029,geom
3721998,3721998,1,1,37939,geom
9672878,9672878,1,1,76769,geom
3628381,3628381,1,1,61379,geom
8094635,8094635,1,1,61379,geom
3375474,3375474,1,1,37720,geom
7355389,7355389,1,1,37720,geom
7672747,7672747,1,1,103684,geom
8285328,8285328,1,1,103684,geom
921165,921165,1,1,112195,geom
2966963,2966963,1,1,51655,geom
226222,226222,1,1,51655,geom
443360,443360,1,1,15242,geom
3100802,3100802,1,1,115170,geom
7295284,7295284,1,1,115170,geom
9495757,9495757,1,1,115170,geom
9971979,9971979,1,1,14643,geom
6556604,6556604,1,1,28911,geom
8130864,8130864,1,1,28911,geom
254388,254388,1,1,10646,geom
7088276,7088276,1,1,22376,geom
8519446,8519446,1,1,22376,geom
1484076,1484076,1,1,38213,geom
6522373,6522373,1,1,38213,geom
8500095,8500095,1,1,59363,geom
5964647,5964647,1,1,50838,geom
9603432,9603432,1,1,122158,geom
7576381,7576381,1,1,45499,geom
1643572,1643572,1,1,45499,geom
5649650,5649650,1,1,112271,geom
9128235,9128235,1,1,108732,geom
16801,16801,1,1,29194,geom
125256,125256,1,1,2457,geom
6557051,6557051,1,1,95525,geom
4294506,4294506,1,1,95525,geom
2025205,2025205,1,1,70704,geom
2104900,2104900,1,1,70704,geom
94158,94158,1,1,88423,geom
4696606,4696606,1,1,72108,geom
8097712,8097712,1,1,9206,geom
2721185,2721185,1,1,9206,geom
8584752,8584752,1,1,87233,geom
1417540,1417540,1,1,96366,geom
7019598,7019598,1,1,96366,geom
1427056,1427056,1,1,100456,geom
2176950,2176950,1,1,100456,geom
1722276,1722276,1,1,45584,geom
4272599,4272599,1,1,50717,geom
3905526,3905526,1,1,50717,geom
8349239,8349239,1,1,48129,geom
3814206,3814206,1,1,51393,geom
7092657,7092657,1,1,59185,geom
1496959,1496959,1,1,59185,geom
4282844,4282844,1,1,59185,geom
1846457,1846457,1,1,95315,geom
489902,489902,1,1,88089,geom
7543234,7543234,1,1,88089,geom
5557855,5557855,1,1,114348,geom
8314692,8314692,1,1,43818,geom
9927420,9927420,1,1,96598,geom
3617561,3617561,1,1,69587,geom
4915366,4915366,1,1,69587,geom
9246255,9246255,1,1,113399,geom
8153025,8153025,1,1,113399,geom
8064182,8064182,1,1,67515,geom
8779125,8779125,1,1,7613,geom
1155155,1155155,1,1,46291,geom
999651,999651,1,1,46291,geom
1188652,1188652,1,1,95658,geom
6889038,6889038,1,1,47039,geom
9260734,9260734,1,1,47039,geom
3818359,3818359,1,1,47039,geom
3817258,3817258,1,1,86849,geom
2225930,2225930,1,1,17786,geom
2031166,2031166,1,1,112857,geom
5806163,5806163,1,1,112857,geom
2580513,2580513,1,1,10906,geom
3542514,3542514,1,1,10906,geom
1606437,1606437,1,1,93193,geom
3917829,3917829,1,1,93193,geom
2618079,2618079,1,1,93193,geom
335786,335786,1,1,75436,geom
5679006,5679006,1,1,73309,geom
8324593,8324593,1,1,120898,geom
8658919,8658919,1,1,116892,geom
1626109,1626109,1,1,116892,geom
3806289,3806289,1,1,33556,geom
2692199,2692199,1,1,99665,geom
1168090,1168090,1,1,99665,geom
1046722,1046722,1,1,112450,geom
7318651,7318651,1,1,112450,geom
2414210,2414210,1,1,32382,geom
3025743,3025743,1,1,32382,geom
2010625,2010625,1,1,4014,geom
286331,286331,1,1,112828,geom
7533814,7533814,1,1,60336,geom
226002,226002,1,1,89732,geom
7897281,7897281,1,1,81010,geom
1592776,1592776,1,1,105876,geom
9251468,9251468,1,1,828,geom
4909107,4909107,1,1,18878,geom
7073844,7073844,1,1,38914,geom
2752770,2752770,1,1,38914,geom
5740529,5740529,1,1,43523,geom
3143979,3143979,1,1,66793,geom
8503505,8503505,1,1,63596,geom
9609691,9609691,1,1,63596,geom
9975169,9975169,1,1,74029,geom
6065884,6065884,1,1,98524,geom
3112958,3112958,1,1,98524,geom
8355752,8355752,1,1,98524,geom
9346888,9346888,1,1,98524,geom
4102272,4102272,1,1,13181,geom
5575952,5575952,1,1,13181,geom
576087,576087,1,1,13181,geom
6544818,6544818,1,1,12749,geom
4374892,4374892,1,1,12749,geom
7984155,7984155,1,1,56707,geom
5901817,5901817,1,1,49345,geom
3795070,3795070,1,1,112876,geom
6677648,6677648,1,1,114918,geom
90911,90911,1,1,85032,geom
6956250,6956250,1,1,104694,geom
1699196,1699196,1,1,101180,geom
2006032,2006032,1,1,54596,geom
7184905,7184905,1,1,81837,geom
9435577,9435577,1,1,81837,geom
6672807,6672807,1,1,36062,geom
1589101,1589101,1,1,36062,geom
425923,425923,1,1,58367,geom
9587136,9587136,1,1,8788,geom
3128485,3128485,1,1,8788,geom
478088,478088,1,1,11675,geom
5960277,5960277,1,1,3603,geom
5599305,5599305,1,1,118895,geom
4803244,4803244,1,1,33444,geom
7870951,7870951,1,1,70132,geom
3919454,3919454,1,1,96906,geom
8432703,8432703,1,1,84310,geom
1432024,1432024,1,1,13273,geom
4207171,4207171,1,1,13273,geom
4139339,4139339,1,1,111808,geom
7986642,7986642,1,1,11470,geom
7803404,7803404,1,1,103093,geom
7604814,7604814,1,1,49765,geom
8538914,8538914,1,1,49765,geom
3400268,3400268,1,1,49765,geom
3217311,3217311,1,1,49765,geom
8900428,8900428,1,1,18482,geom
2291906,2291906,1,1,97346,geom
3378322,3378322,1,1,113114,geom
4185270,4185270,1,1,81803,geom
248979,248979,1,1,33360,geom
2444293,2444310,18,1,116678,geom
6207977,6207977,1,1,19917,geom
6122274,6122274,1,1,67375,geom
5561355,5561355,1,1,80456,geom
7089536,7089536,1,1,80456,geom
4104045,4104045,1,1,80456,geom
4580941,4580941,1,1,69102,geom
6161483,6161483,1,1,107286,geom
5544772,5544772,1,1,30276,geom
8436987,8436987,1,1,30276,geom
3574945,3574945,1,1,36767,geom
9040673,9040673,1,1,10822,geom
8315535,8315535,1,1,95834,geom
2197805,2197823,19,1,22882,geom
8465560,8465564,5,1,38867,geom
1814452,1814452,1,1,100076,geom
5967516,5967516,1,1,15447,geom
531898,531898,1,1,108547,geom
4203365,4203365,1,1,118943,geom
2727733,2727733,1,1,118943,geom
6759361,6759361,1,1,55670,geom
4637260,4637260,1,1,73290,geom
4000428,4000428,1,1,20418,geom
5780142,5780142,1,1,20418,geom
2415766,2415766,1,1,20418,geom
4889156,4889156,1,1,106868,geom
1873613,1873613,1,1,64704,geom
8502050,8502064,15,1,44357,geom
7243400,7243400,1,1,60235,geom
4416421,4416421,1,1,71005,geom
6624094,6624094,1,1,71005,geom
38131,38131,1,1,29354,geom
9995001,9995001,1,1,27667,geom
6693202,6693202,1,1,96803,geom
8545840,8545840,1,1,96803,geom
6792349,6792349,1,1,96803,geom
1496061,1496061,1,1,53530,geom
7879461,7879461,1,1,111322,geom
1398174,1398174,1,1,124236,geom
7736791,7736791,1,1,124236,geom
766109,766109,1,1,57237,geom
7210866,7210866,1,1,26449,geom
7123212,7123212,1,1,8180,geom
6552505,6552505,1,1,8180,geom
1123974,1123974,1,1,102480,geom
5727668,5727668,1,1,8305,geom
8439916,8439916,1,1,8305,geom
3756289,3756289,1,1,8305,geom
9311682,9311682,1,1,35923,geom
7238674,7238674,1,1,53817,geom
6660380,6660380,1,1,62143,geom
860249,860249,1,1,110897,geom
8943086,8943086,1,1,29257,geom
4190122,4190122,1,1,106508,geom
1784010,1784010,1,1,106508,geom
4883757,4883757,1,1,1095,geom
9137371,9137371,1,1,1095,geom
8097712,8097712,1,1,60485,geom
3843246,3843246,1,1,60485,geom
4833239,4833239,1,1,45119,geom
7783435,7783435,1,1,124369,geom
2193759,2193759,1,1,124369,geom
6056138,6056138,1,1,4453,geom
3902957,3902957,1,1,93337,geom
6832275,6832275,1,1,93337,geom
4494059,4494059,1,1,114053,geom
6345315,6345315,1,1,61684,geom
3051977,3051977,1,1,43249,geom
8628071,8628071,1,1,50194,geom
4103146,4103146,1,1,50194,geom
2437140,2437140,1,1,435,geom
5152991,5152991,1,1,2826,geom
9078585,9078585,1,1,80518,geom
1864738,1864846,109,1,46984,geom
2111500,2111500,1,1,65685,geom
8475730,8475730,1,1,65685,geom
6401869,6401869,1,1,65685,geom
6318680,6318680,1,1,103787,geom
1047865,1047865,1,1,32897,geom
6614913,6614913,1,1,23379,geom
3795070,3795070,1,1,92676,geom
89954,89954,1,1,95448,geom
2675979,2675979,1,1,7376,geom
5476085,5476085,1,1,7376,geom
4323529,4323529,1,1,113599,geom
9776107,9776107,1,1,31036,geom
3737295,3737295,1,1,87488,geom
5756238,5756238,1,1,25164,geom
1930362,1930362,1,1,8183,geom
5940532,5940532,1,1,114930,geom
3180335,3180335,1,1,114612,geom
7905300,7905300,1,1,114612,geom
3824763,3824763,1,1,80219,geom
7368208,7368208,1,1,123914,geom
9133807,9133807,1,1,123914,geom
5907381,5907381,1,1,123914,geom
2240863,2240863,1,1,29627,geom
5504427,5504427,1,1,29627,geom
1295493,1295493,1,1,103622,geom
5591122,5591122,1,1,96122,geom
3319344,3319344,1,1,45202,geom
1788280,1788280,1,1,45202,geom
1625386,1625386,1,1,14081,geom
3271292,3271292,1,1,21228,geom
9178715,9178715,1,1,21228,geom
2670031,2670031,1,1,79595,geom
7858894,7858894,1,1,6726,geom
4228575,4228575,1,1,101662,geom
7089976,7089976,1,1,30738,geom
7685627,7685627,1,1,17888,geom
2851850,2851850,1,1,29923,geom
1033712,1033712,1,1,50551,geom
717558,717558,1,1,75522,geom
8910119,8910119,1,1,75105,geom
5094545,5094545,1,1,48410,geom
8251165,8251165,1,1,78260,geom
3645423,3645423,1,1,78260,geom
4650315,4650315,1,1,78260,geom
9624723,9624723,1,1,37956,geom
2509480,2509480,1,1,107469,geom
6692600,6692600,1,1,107469,geom
9824914,9824914,1,1,107469,geom
701313,701313,1,1,431,geom
8071689,8071693,5,1,51397,geom
1465954,1465954,1,1,51397,geom
4158433,4158433,1,1,11910,geom
5589410,5589410,1,1,14376,geom
2294519,2294519,1,1,80276,geom
8369498,8369498,1,1,45196,geom
7821200,7821200,1,1,45196,geom
7982803,7982803,1,1,45196,geom
2635144,2635144,1,1,27883,geom
5276556,5276556,1,1,97212,geom
5671114,5671114,1,1,17976,geom
9646048,9646048,1,1,17976,geom
6507589,6507589,1,1,47372,geom
7259203,7259203,1,1,78545,geom
1974110,1974110,1,1,98620,geom
6778371,6778371,1,1,47139,geom
930167,930167,1,1,81290,geom
3910310,3910310,1,1,124335,geom
4344080,4344080,1,1,69860,geom
5209768,5209768,1,1,11440,geom
9892808,9892808,1,1,11440,geom
3605894,3605894,1,1,11440,geom
636959,636959,1,1,39027,geom
2261823,2261823,1,1,39027,geom
7132260,7132260,1,1,39027,geom
7602062,7602062,1,1,34198,geom
800423,800423,1,1,21034,geom
6912239,6912239,1,1,17321,geom
4391401,4391401,1,1,27733,geom
8228878,8228878,1,1,27733,geom
7257103,7257103,1,1,75985,geom
4173491,4173491,1,1,21343,geom
7210158,7210158,1,1,21343,geom
8896934,8896934,1,1,15522,geom
4237585,4237585,1,1,15522,geom
2544501,2544501,1,1,15522,geom
2024011,2024011,1,1,13628,geom
7227966,7227966,1,1,13628,geom
9714280,9714280,1,1,100118,geom
5480027,5480027,1,1,101320,geom
7788860,7788860,1,1,77839,geom
1383025,1383025,1,1,77839,geom
7952902,7952902,1,1,38949,geom
1594841,1594841,1,1,75462,geom
91315,91315,1,1,85106,geom
9201336,9201336,1,1,120663,geom
651423,651423,1,1,120663,geom
6839315,6839315,1,1,68952,geom
869726,869726,1,1,68952,geom
7096529,7096529,1,1,22714,geom
3130286,3130286,1,1,22714,geom
8936606,8936606,1,1,22714,geom
7133842,7133842,1,1,49300,geom
9423058,9423058,1,1,49300,geom
9405010,9405010,1,1,114364,geom
4070805,4070805,1,1,83269,geom
1811104,1811104,1,1,94345,geom
3310934,3310934,1,1,69366,geom
1228375,1228375,1,1,69366,geom
3352135,3352135,1,1,69366,geom
689480,689480,1,1,77606,geom
3963928,3963928,1,1,90142,geom
1062843,1062843,1,1,90142,geom
9033282,9033282,1,1,90142,geom
8910035,8910035,1,1,17753,geom
9934505,9934505,1,1,17753,geom
4209960,4209960,1,1,55015,geom
977339,977339,1,1,19590,geom
9305520,9305520,1,1,7566,geom
2673636,2673636,1,1,106412,geom
3844734,3844734,1,1,29062,geom
6325580,6325580,1,1,64827,geom
8529336,8529336,1,1,43385,geom
4832983,4832983,1,1,43385,geom
5743175,5743175,1,1,43385,geom
5177608,5177608,1,1,93880,geom
826946,826946,1,1,32648,geom
4665161,4665161,1,1,32648,geom
8474192,8474192,1,1,36647,geom
1746309,1746309,1,1,29505,geom
2085065,2085065,1,1,17889,geom
8289455,8289455,1,1,17889,geom
6388660,6388660,1,1,21132,geom
7737283,7737290,8,1,50928,geom
2373940,2373940,1,1,77199,geom
3721886,3721886,1,1,77199,geom
4096829,4096829,1,1,97885,geom
4227117,4227117,1,1,28555,geom
3659740,3659740,1,1,62747,geom
9054311,9054311,1,1,27105,geom
1749874,1749874,1,1,27105,geom
9649234,9649234,1,1,91499,geom
2362508,2362508,1,1,81588,geom
5270156,5270156,1,1,81042,geom
7188893,7188893,1,1,81042,geom
1081186,1081186,1,1,81042,geom
999815,999815,1,1,73738,geom
2539272,2539272,1,1,67034,geom
983823,983823,1,1,72244,geom
6025158,6025158,1,1,106325,geom
6874289,6874289,1,1,51419,geom
158146,158146,1,1,51419,geom
7801054,7801054,1,1,51419,geom
6160333,6160333,1,1,12553,geom
4165394,4165394,1,1,25329,geom
5813813,5813813,1,1,124110,geom
6571408,6571408,1,1,124110,geom
4310038,4310038,1,1,122131,geom
2028916,2028916,1,1,122131,geom
6314028,6314028,1,1,96944,geom
5561355,5561355,1,1,19685,geom
1811104,1811104,1,1,19685,geom
8595626,8595626,1,1,19685,geom
275979,275979,1,1,90550,geom
2449899,2449899,1,1,90550,geom
7191568,7191568,1,1,107448,geom
1396508,1396508,1,1,80125,geom
5855756,5855756,1,1,65736,geom
7511843,7511843,1,1,71937,geom
6786729,6786729,1,1,99739,geom
8989113,8989113,1,1,43381,geom
8143267,8143267,1,1,88043,geom
5487757,5487757,1,1,88043,geom
3002210,3002210,1,1,111573,geom
8274014,8274014,1,1,78990,geom
4580941,4580941,1,1,90568,geom
9070990,9070990,1,1,90568,geom
7408131,7408131,1,1,116530,geom
8740382,8740382,1,1,96752,geom
9195157,9195172,16,1,96752,geom
2926905,2926905,1,1,88657,geom
4553186,4553186,1,1,88657,geom
5636026,5636026,1,1,111888,geom
9431542,9431542,1,1,88103,geom
2225930,2225930,1,1,76777,geom
1002705,1002705,1,1,77336,geom
7236970,7236970,1,1,77336,geom
7608387,7608387,1,1,119978,geom
4288779,4288779,1,1,119978,geom
7475560,7475560,1,1,42366,geom
2243669,2243669,1,1,42366,geom
9565244,9565244,1,1,54914,geom
7657411,7657411,1,1,54914,geom
9473756,9473756,1,1,69131,geom
2742731,2742731,1,1,3032,geom
7775143,7775143,1,1,102561,geom
4020919,4020919,1,1,7727,geom
5158314,5158314,1,1,7727,geom
2953500,2953500,1,1,71792,geom
3311739,3311739,1,1,71792,geom
9532275,9532275,1,1,71792,geom
9056675,9056675,1,1,81586,geom
543316,543316,1,1,90443,geom
3529714,3529714,1,1,29291,geom
8771967,8771967,1,1,102067,geom
4110149,4110149,1,1,118982,geom
7290228,7290228,1,1,97815,geom
1257534,1257534,1,1,77087,geom
3319463,3319463,1,1,80989,geom
2259178,2259178,1,1,81220,geom
1790842,1790842,1,1,97728,geom
189186,189186,1,1,25503,geom
9989893,9989893,1,1,97309,geom
7751139,7751139,1,1,97309,geom
8421295,8421295,1,1,32411,geom
7702208,7702208,1,1,32411,geom
3907743,3907743,1,1,25555,geom
1781603,1781603,1,1,110801,geom
8839526,8839526,1,1,12541,geom
7245528,7245528,1,1,12541,geom
6478896,6478896,1,1,1056,geom
101004,101004,1,1,1056,geom
8385240,8385240,1,1,1056,geom
8336392,8336392,1,1,27604,geom
833358,833358,1,1,2265,geom
3400268,3400268,1,1,2265,geom
8314142,8314142,1,1,53711,geom
1734224,1734224,1,1,31044,geom
7372618,7372618,1,1,23122,geom
9452097,9452097,1,1,7544,geom
9836216,9836216,1,1,7544,geom
3950527,3950527,1,1,51324,geom
7410445,7410445,1,1,51324,geom
3661613,3661613,1,1,106285,geom
3053070,3053070,1,1,106285,geom
8798644,8798644,1,1,122108,geom
4279793,4279793,1,1,75451,geom
9855954,9855954,1,1,75451,geom
9048000,9048000,1,1,75451,geom
342305,342305,1,1,9787,geom
2694076,2694076,1,1,74239,geom
7759146,7759146,1,1,74239,geom
5088185,5088185,1,1,24730,geom
3845429,3845438,10,1,116745,geom
3663361,3663361,1,1,107937,geom
6649718,6649718,1,1,107937,geom
5180293,5180293,1,1,102765,geom
5027123,5027123,1,1,102765,geom
3766913,3766913,1,1,102765,geom
6941659,6941659,1,1,101096,geom
5013466,5013466,1,1,117135,geom
6715270,6715270,1,1,29345,geom
9702611,9702611,1,1,81468,geom
7134743,7134743,1,1,81468,geom
5086900,5086900,1,1,53911,geom
1178288,1178288,1,1,101246,geom
3803950,3803950,1,1,100296,geom
7868994,7868994,1,1,40436,geom
8848444,8848444,1,1,22929,geom
1859391,1859391,1,1,22929,geom
2147282,2147282,1,1,22929,geom
3064395,3064395,1,1,24622,geom
3960956,3960956,1,1,24622,geom
6580979,6580979,1,1,118740,geom
638234,638234,1,1,118740,geom
7691048,7691048,1,1,118740,geom
3537608,3537608,1,1,118740,geom
7463429,7463429,1,1,106316,geom
1754440,1754440,1,1,6360,geom
8247736,8247736,1,1,6360,geom
3851296,3851296,1,1,71903,geom
5472370,5472370,1,1,38178,geom
5589260,5589260,1,1,87474,geom
4303960,4303960,1,1,45798,geom
3694884,3694884,1,1,45798,geom
8710843,8710843,1,1,89893,geom
143531,143531,1,1,89893,geom
7965335,7965335,1,1,13091,geom
2077218,2077218,1,1,108856,geom
254642,254642,1,1,86607,geom
4471231,4471231,1,1,86607,geom
4959254,4959254,1,1,86607,geom
787504,787504,1,1,86607,geom
6427731,6427731,1,1,117651,geom
8672564,8672564,1,1,88430,geom
4893790,4893790,1,1,88430,geom
5717759,5717759,1,1,62096,geom
7461048,7461048,1,1,62096,geom
2560892,2560892,1,1,62096,geom
9857617,9857617,1,1,5405,geom
7266749,7266749,1,1,5405,geom
1831153,1831153,1,1,5405,geom
483734,483734,1,1,93166,geom
2143892,2143892,1,1,8830,geom
5076670,5076670,1,1,88208,geom
9409386,9409386,1,1,108691,geom
4517223,4517223,1,1,62520,geom
2748903,2748903,1,1,51795,geom
3115588,3115588,1,1,109576,geom
1047896,1047896,1,1,109576,geom
2958401,2958401,1,1,109576,geom
79201,79201,1,1,109576,geom
1313431,1313431,1,1,90821,geom
2201020,2201020,1,1,105670,geom
6172468,6172468,1,1,83623,geom
7077322,7077322,1,1,52180,geom
2822766,2822766,1,1,52180,geom
8597978,8598034,57,1,52180,geom
8694758,8694758,1,1,60597,geom
6651909,6651909,1,1,55527,geom
4014839,4014839,1,1,91229,geom
1124004,1124004,1,1,92656,geom
1795151,1795151,1,1,112790,geom
603920,603920,1,1,112790,geom
5990198,5990198,1,1,111366,geom
6321999,6321999,1,1,111366,geom
5442128,5442128,1,1,111366,geom
3252795,3252795,1,1,111366,geom
1396508,1396508,1,1,61765,geom
9838666,9838666,1,1,23260,geom
8622508,8622508,1,1,36750,geom
4901345,4901345,1,1,36750,geom
4496259,4496259,1,1,36750,geom
5007358,5007358,1,1,86732,geom
8700229,8700229,1,1,14410,geom
4561825,4561825,1,1,90522,geom
8319523,8319523,1,1,29396,geom
2740517,2740517,1,1,21170,geom
5878152,5878152,1,1,53605,geom
3738177,3738177,1,1,79585,geom
7479321,7479321,1,1,5491,geom
195467,195467,1,1,13381,geom
8116967,8116967,1,1,13381,geom
7003142,7003142,1,1,115234,geom
9525675,9525675,1,1,115234,geom
2169519,2169519,1,1,115234,geom
633055,633055,1,1,54920,geom
2157571,2157571,1,1,54920,geom
4703447,4703447,1,1,20626,geom
920194,920194,1,1,20626,geom
6566653,6566653,1,1,77196,geom
4692722,4692722,1,1,26254,geom
8890074,8890074,1,1,8898,geom
1053597,1053597,1,1,8898,geom
1587943,1587943,1,1,8898,geom
8220381,8220383,3,1,24940,geom
7784033,7784033,1,1,24940,geom
9221046,9221046,1,1,65118,geom
7781014,7781014,1,1,57610,geom
8365792,8365792,1,1,41279,geom
6647324,6647324,1,1,118524,geom
7084877,7084877,1,1,90509,geom
8369498,8369498,1,1,90509,geom
4735719,4735719,1,1,19478,geom
2552501,2552501,1,1,19478,geom
3893400,3893400,1,1,77874,geom
1515796,1515796,1,1,77874,geom
8673226,8673226,1,1,10548,geom
871735,871735,1,1,1747,geom
3620954,3620954,1,1,23299,geom
4100117,4100117,1,1,39005,geom
9746775,9746775,1,1,32634,geom
447745,447745,1,1,109163,geom
9634454,9634454,1,1,109163,geom
7545255,7545255,1,1,109163,geom
7939447,7939447,1,1,123907,geom
6574604,6574604,1,1,123907,geom
3113665,3113665,1,1,121803,geom
7937095,7937095,1,1,121803,geom
5136925,5136967,43,1,121803,geom
6700847,6700847,1,1,50498,geom
2212702,2212702,1,1,9209,geom
1860831,1860831,1,1,14723,geom
1036680,1036680,1,1,45568,geom
2310797,2310797,1,1,45568,geom
829526,829526,1,1,10997,geom
7382972,7382972,1,1,80379,geom
4718990,4718990,1,1,80379,geom
5505313,5505313,1,1,80379,geom
9115511,9115511,1,1,109936,geom
7916642,7916642,1,1,109936,geom
6345247,6345247,1,1,109936,geom
9844660,9844660,1,1,58129,geom
630652,630652,1,1,63539,geom
1451247,1451247,1,1,63539,geom
5418510,5418510,1,1,113881,geom
9549940,9549940,1,1,113881,geom
3786878,3786878,1,1,113881,geom
7949242,7949242,1,1,6319,geom
9564876,9564876,1,1,76421,geom
9923018,9923018,1,1,96724,geom
6606035,6606035,1,1,13989,geom
2381878,2381878,1,1,13989,geom
7117105,7117105,1,1,13989,geom
9491441,9491441,1,1,101505,geom
8698036,8698036,1,1,28482,geom
5138084,5138084,1,1,28482,geom
4821773,4821773,1,1,44540,geom
7919630,7919630,1,1,936,geom
4518115,4518115,1,1,936,geom
8538914,8538914,1,1,69294,geom
2226346,2226346,1,1,55662,geom
1561503,1561503,1,1,70282,geom
9634454,9634454,1,1,70282,geom
92513,92513,1,1,17262,geom
6041673,6041673,1,1,17262,geom
6662986,6662986,1,1,108610,geom
7287798,7287798,1,1,9594,geom
3054312,3054312,1,1,44863,geom
6398454,6398454,1,1,86201,geom
3363612,3363612,1,1,19510,geom
9662805,9662805,1,1,28594,geom
7500270,7500270,1,1,20732,geom
8119086,8119086,1,1,69921,geom
9628307,9628307,1,1,1564,geom
3063281,3063281,1,1,1564,geom
8653528,8653528,1,1,19036,geom
3674067,3674067,1,1,88743,geom
9097427,9097427,1,1,88743,geom
4104276,4104276,1,1,101122,geom
8689077,8689077,1,1,45631,geom
9894705,9894705,1,1,45631,geom
8284256,8284256,1,1,54254,geom
3034913,3034913,1,1,54254,geom
4190950,4190950,1,1,16452,geom
662650,662650,1,1,16452,geom
1504460,1504460,1,1,47742,geom
8417152,8417152,1,1,76342,geom
2194134,2194134,1,1,76342,geom
6128102,6128102,1,1,18978,geom
5055223,5055223,1,1,48567,geom
7972931,7972931,1,1,40706,geom
1916850,1916850,1,1,3293,geom
2468852,2468852,1,1,1123,geom
7478580,7478580,1,1,1123,geom
5873518,5873518,1,1,1123,geom
4561825,4561825,1,1,28249,geom
7089976,7089976,1,1,28249,geom
9972635,9972635,1,1,28249,geom
4917247,4917247,1,1,25900,geom
9933037,9933037,1,1,95966,geom
1047865,1047865,1,1,94818,geom
6186880,6186880,1,1,20165,geom
3651765,3651765,1,1,20438,geom
1622507,1622507,1,1,20438,geom
6606540,6606540,1,1,20438,geom
5852365,5852365,1,1,106716,geom
2243669,2243669,1,1,106716,geom
7675590,7675590,1,1,106716,geom
2010625,2010625,1,1,92157,geom
8886516,8886516,1,1,122822,geom
2728513,2728513,1,1,73790,geom
4100595,4100595,1,1,73790,geom
4988933,4988933,1,1,459,geom
2663670,2663670,1,1,459,geom
999815,999815,1,1,96170,geom
9763571,9763571,1,1,96170,geom
828609,828609,1,1,96170,geom
6221783,6221783,1,1,96170,geom
3768073,3768073,1,1,109282,geom
8420887,8420887,1,1,109282,geom
1046722,1046722,1,1,69093,geom
8841325,8841325,1,1,69768,geom
49450,49450,1,1,69768,geom
6728155,6728155,1,1,82023,geom
3848761,3848761,1,1,1641,geom
5564272,5564272,1,1,29613,geom
8197877,8197877,1,1,29613,geom
9969432,9969432,1,1,48661,geom
3928309,3928309,1,1,84028,geom
2662615,2662618,4,1,112601,geom
5626526,5626526,1,1,112601,geom
7967122,7967122,1,1,14012,geom
3832419,3832419,1,1,97376,geom
8407032,8407032,1,1,97376,geom
2613732,2613732,1,1,7816,geom
4294999,4294999,1,1,7816,geom
9759422,9759422,1,1,46692,geom
6322857,6322857,1,1,72683,geom
2265582,2265582,1,1,74102,geom
8437442,8437442,1,1,74102,geom
5600945,5600945,1,1,89297,geom
7305054,7305054,1,1,100083,geom
4550315,4550315,1,1,100083,geom
750085,750085,1,1,100083,geom
8285328,8285328,1,1,15661,geom
3416495,3416495,1,1,832,geom
3000550,3000550,1,1,832,geom
9013724,9013724,1,1,8485,geom
5798482,5798482,1,1,15003,geom
4277630,4277630,1,1,15003,geom
6569518,6569518,1,1,118225,geom
4133791,4133791,1,1,58898,geom
1453605,1453605,1,1,58898,geom
2497216,2497216,1,1,53131,geom
6816840,6816840,1,1,53131,geom
8532893,8532893,1,1,50593,geom
18800,18800,1,1,50593,geom
8119032,8119032,1,1,65146,geom
4944960,4944960,1,1,65146,geom
8674133,8674133,1,1,65146,geom
1011917,1011917,1,1,53635,geom
938792,938792,1,1,82197,geom
1564092,1564092,1,1,73083,geom
1714888,1714888,1,1,73083,geom
1963279,1963279,1,1,117057,geom
8307298,8307298,1,1,99284,geom
6150543,6150543,1,1,99284,geom
6151203,6151203,1,1,95522,geom
2063879,2063879,1,1,51785,geom
6153822,6153822,1,1,39134,geom
7769685,7769685,1,1,40684,geom
3865314,3865314,1,1,88853,geom
8362013,8362013,1,1,70390,geom
4810721,4810721,1,1,21496,geom
8191079,8191079,1,1,48938,geom
1004506,1004506,1,1,74622,geom
7071502,7071502,1,1,74622,geom
4255794,4255794,1,1,99087,geom
730207,730207,1,1,99087,geom
8037988,8037988,1,1,105842,geom
4105397,4105397,1,1,105842,geom
112472,112472,1,1,123573,geom
712505,712505,1,1,2201,geom
1379429,1379429,1,1,56035,geom
9917201,9917201,1,1,77533,geom
8674133,8674133,1,1,77533,geom
5805024,5805024,1,1,118856,geom
6744294,6744294,1,1,116742,geom
163768,163768,1,1,116742,geom
6503189,6503189,1,1,116742,geom
5991162,5991162,1,1,116742,geom
9323427,9323427,1,1,83008,geom
1010326,1010326,1,1,73471,geom
487912,487912,1,1,73471,geom
7721296,7721296,1,1,73471,geom
9322029,9322029,1,1,121069,geom
2436768,2436768,1,1,121069,geom
84168,84168,1,1,34925,geom
7481572,7481572,1,1,34925,geom
928832,928832,1,1,38978,geom
1088001,1088001,1,1,38978,geom
8779125,8779125,1,1,4887,geom
6601603,6601603,1,1,97278,geom
6583746,6583746,1,1,97278,geom
3209374,3209374,1,1,97278,geom
8149521,8149521,1,1,117214,geom
5992231,5992231,1,1,76446,geom
1010448,1010448,1,1,30249,geom
2746273,2746273,1,1,38683,geom
9406817,9406817,1,1,38683,geom
8641239,8641239,1,1,1453,geom
1464646,1464646,1,1,60679,geom
7758837,7758837,1,1,12049,geom
3239639,3239639,1,1,40397,geom
1748965,1748965,1,1,40397,geom
7324599,7324599,1,1,20538,geom
3282565,3282565,1,1,63932,geom
436304,436304,1,1,109506,geom
2801186,2801186,1,1,13363,geom
4295189,4295189,1,1,13363,geom
3902957,3902957,1,1,54319,geom
2522457,2522457,1,1,54319,geom
8466194,8466194,1,1,54319,geom
5034329,5034329,1,1,54319,geom
599785,599785,1,1,94297,geom
3820781,3820781,1,1,16631,geom
5249585,5249585,1,1,16631,geom
2338593,2338593,1,1,16631,geom
8713406,8713406,1,1,5922,geom
9203800,9203800,1,1,84652,geom
2462092,2462092,1,1,84652,geom
1135624,1135624,1,1,84652,geom
4763865,4763865,1,1,54806,geom
2397487,2397487,1,1,54806,geom
7567610,7567610,1,1,50316,geom
2339676,2339676,1,1,2230,geom
1008352,1008352,1,1,94301,geom
4544201,4544214,14,1,94301,geom
9033410,9033410,1,1,38764,geom
8547614,8547614,1,1,38764,geom
6952560,6952560,1,1,94119,geom
3375474,3375474,1,1,31673,geom
84168,84168,1,1,83580,geom
1443045,1443045,1,1,83580,geom
3155178,3155178,1,1,83580,geom
2408930,2408930,1,1,19078,geom
601970,601970,1,1,44469,geom
6426839,6426839,1,1,44469,geom
6988582,6988582,1,1,78191,geom
9644803,9644803,1,1,51569,geom
8842431,8842431,1,1,21408,geom
326528,326528,1,1,21408,geom
3140645,3140645,1,1,21408,geom
7088276,7088276,1,1,21408,geom
166617,166617,1,1,109185,geom
2052321,2052321,1,1,102737,geom
4301085,4301085,1,1,31747,geom
6323087,6323087,1,1,26281,geom
7114010,7114010,1,1,117850,geom
5297278,5297278,1,1,117850,geom
2926723,2926723,1,1,91133,geom
6582849,6582849,1,1,76087,geom
8087826,8087826,1,1,76087,geom
7306038,7306038,1,1,15102,geom
7873098,7873098,1,1,18198,geom
8890761,8890761,1,1,18198,geom
8078481,8078481,1,1,70408,geom
676979,676979,1,1,70408,geom
5273640,5273640,1,1,99299,geom
280816,280816,1,1,123042,geom
9329535,9329535,1,1,123042,geom
9360473,9360473,1,1,100768,geom
9606711,9606711,1,1,96259,geom
1712578,1712578,1,1,96259,geom
2860509,2860509,1,1,80268,geom
7716173,7716173,1,1,80268,geom
6398454,6398454,1,1,80268,geom
1534762,1534762,1,1,80268,geom
5847560,5847560,1,1,105460,geom
7618028,7618028,1,1,59696,geom
9002620,9002620,1,1,9427,geom
4514822,4514822,1,1,90650,geom
3115588,3115588,1,1,106200,geom
7756977,7756977,1,1,39722,geom
5661450,5661450,1,1,95973,geom
5996025,5996025,1,1,95973,geom
862334,862334,1,1,20543,geom
7952686,7952686,1,1,68942,geom
7919630,7919630,1,1,67106,geom
7171525,7171525,1,1,76381,geom
7917428,7917428,1,1,61614,geom
5420132,5420132,1,1,7340,geom
3968459,3968459,1,1,93134,geom
1708230,1708230,1,1,93134,geom
3104727,3104727,1,1,3969,geom
3428763,3428763,1,1,88367,geom
1499460,1499460,1,1,88367,geom
2470372,2470372,1,1,41645,geom
8111484,8111484,1,1,41645,geom
6082967,6082967,1,1,29526,geom
8648978,8648978,1,1,91121,geom
8262942,8262942,1,1,71738,geom
9692459,9692459,1,1,99751,geom
4238029,4238029,1,1,99751,geom
4340922,4340922,1,1,99751,geom
275242,275242,1,1,99751,geom
9026643,9026643,1,1,73758,geom
4804747,4804747,1,1,73758,geom
3749006,3749006,1,1,18594,geom
6948650,6948650,1,1,4220,geom
6591071,6591071,1,1,4220,geom
3019195,3019195,1,1,4220,geom
2963409,2963409,1,1,4220,geom
4735101,4735101,1,1,4220,geom
3840578,3840578,1,1,7616,geom
2015186,2015186,1,1,7616,geom
103233,103233,1,1,111862,geom
1094914,1094914,1,1,2187,geom
3960749,3960749,1,1,49166,geom
1485096,1485096,1,1,49166,geom
5992508,5992508,1,1,120415,geom
4769476,4769476,1,1,66714,geom
4574546,4574546,1,1,66714,geom
8152105,8152105,1,1,66714,geom
3447987,3447987,1,1,86144,geom
1524894,1524894,1,1,86144,geom
7781457,7781457,1,1,64150,geom
1098929,1098929,1,1,69604,geom
626995,626995,1,1,16265,geom
2120341,2120341,1,1,16265,geom
1194642,1194642,1,1,16265,geom
6618386,6618386,1,1,93547,geom
2402254,2402254,1,1,93547,geom
9477442,9477445,4,1,34063,geom
2178862,2178862,1,1,108204,geom
8395994,8395994,1,1,108204,geom
7030449,7030449,1,1,36015,geom
8056603,8056603,1,1,88033,geom
2500234,2500234,1,1,88033,geom
1865855,1865855,1,1,10752,geom
7867513,7867513,1,1,119764,geom
4602668,4602668,1,1,121427,geom
5577385,5577385,1,1,28589,geom
5221991,5221991,1,1,28589,geom
8096632,8096650,19,1,95218,geom
840863,840863,1,1,95218,geom
7585341,7585341,1,1,31217,geom
3836026,3836026,1,1,112515,geom
554645,554645,1,1,98593,geom
1016338,1016338,1,1,98593,geom
8906213,8906213,1,1,98593,geom
3930606,3930606,1,1,75081,geom
7032379,7032379,1,1,66596,geom
1346211,1346211,1,1,111962,geom
7387398,7387398,1,1,111962,geom
5847560,5847560,1,1,111962,geom
1879675,1879675,1,1,37576,geom
8842726,8842726,1,1,103525,geom
1208708,1208708,1,1,103525,geom
5845869,5845869,1,1,12536,geom
5953912,5953912,1,1,12536,geom
9857599,9857617,19,1,85909,geom
2122795,2122795,1,1,85909,geom
9995461,9995461,1,1,39753,geom
8705696,8705715,20,1,39753,geom
118125,118125,1,1,86616,geom
5436906,5436906,1,1,86616,geom
2432961,2432963,3,1,49360,geom
6548007,6548007,1,1,49360,geom
6972992,6972992,1,1,118042,geom
9952825,9952825,1,1,118042,geom
1228497,1228497,1,1,118042,geom
5837098,5837098,1,1,78657,geom
5642480,5642480,1,1,53750,geom
2450521,2450521,1,1,119337,geom
9667772,9667772,1,1,119337,geom
9014714,9014714,1,1,57393,geom
6693202,6693202,1,1,108697,geom
4326996,4326996,1,1,108697,geom
7586718,7586718,1,1,59882,geom
8321301,8321301,1,1,1020,geom
1946883,1946883,1,1,1020,geom
4958000,4958000,1,1,123079,geom
662904,662908,5,1,38307,geom
8637365,8637365,1,1,52529,geom
4210791,4210791,1,1,52529,geom
966791,966791,1,1,16009,geom
8510684,8510684,1,1,16009,geom
3887208,3887208,1,1,102146,geom
1192317,1192317,1,1,57308,geom
7706705,7706705,1,1,57308,geom
8468312,8468312,1,1,60142,geom
1995753,1995753,1,1,122713,geom
3164746,3164746,1,1,88490,geom
4408854,4408854,1,1,88490,geom
9703881,9703881,1,1,43499,geom
1000350,1000350,1,1,78043,geom
9189240,9189240,1,1,78043,geom
5095760,5095760,1,1,78043,geom
3672270,3672270,1,1,5233,geom
7512274,7512274,1,1,5233,geom
7668939,7668939,1,1,30275,geom
7933602,7933602,1,1,30275,geom
9816003,9816003,1,1,102638,geom
5486608,5486608,1,1,102638,geom
2607649,2607649,1,1,118661,geom
6015546,6015546,1,1,118661,geom
4101393,4101393,1,1,100641,geom
8158233,8158233,1,1,94469,geom
3742282,3742282,1,1,53945,geom
3752229,3752229,1,1,53945,geom
8064182,8064182,1,1,80558,geom
2151875,2151875,1,1,37932,geom
1264895,1264895,1,1,113473,geom
7720828,7720828,1,1,12708,geom
6385686,6385686,1,1,12708,geom
9415369,9415369,1,1,120991,geom
1392000,1392000,1,1,115760,geom
9074494,9074494,1,1,115760,geom
5892951,5892951,1,1,70496,geom
4716820,4716820,1,1,70496,geom
7133710,7133710,1,1,70496,geom
6881884,6881884,1,1,70496,geom
8027257,8027257,1,1,123392,geom
175978,175978,1,1,123392,geom
3358608,3358608,1,1,5494,geom
1524570,1524570,1,1,7265,geom
3037867,3037867,1,1,47363,geom
588073,588073,1,1,79012,geom
8419309,8419309,1,1,80334,geom
1435563,1435563,1,1,80334,geom
8152749,8152749,1,1,38709,geom
7226273,7226273,1,1,74323,geom
3612663,3612663,1,1,74323,geom
6422875,6422875,1,1,34950,geom
6826188,6826188,1,1,1788,geom
5361703,5361703,1,1,90627,geom
2054783,2054783,1,1,39352,geom
2433573,2433573,1,1,55631,geom
6934929,6934929,1,1,48598,geom
4655532,4655532,1,1,48598,geom
8314962,8314962,1,1,105675,geom
8224760,8224760,1,1,71052,geom
8467622,8467622,1,1,55330,geom
6817282,6817282,1,1,118751,geom
410795,410795,1,1,118751,geom
7880523,7880523,1,1,71654,geom
7188893,7188893,1,1,71654,geom
4803244,4803244,1,1,102726,geom
676853,676853,1,1,102726,geom
1846457,1846457,1,1,43306,geom
9727818,9727818,1,1,100532,geom
9853253,9853253,1,1,82020,geom
7633863,7633863,1,1,27512,geom
5382247,5382247,1,1,15514,geom
522146,522146,1,1,15514,geom
4580941,4580941,1,1,15514,geom
9613863,9613863,1,1,92505,geom
4291742,4291742,1,1,92505,geom
6066363,6066363,1,1,92505,geom
6063987,6063987,1,1,77636,geom
7997116,7997116,1,1,76553,geom
6123017,6123017,1,1,48747,geom
2538867,2538867,1,1,48747,geom
5881106,5881106,1,1,123912,geom
6614913,6614913,1,1,28900,geom
5709391,5709391,1,1,29903,geom
3041761,3041761,1,1,29903,geom
2960046,2960046,1,1,46621,geom
3907743,3907743,1,1,46621,geom
1877055,1877055,1,1,76475,geom
6427413,6427413,1,1,30869,geom
3112958,3112958,1,1,20440,geom
9959841,9959841,1,1,31534,geom
3251259,3251259,1,1,31534,geom
7979878,7979878,1,1,67990,geom
7063225,7063225,1,1,67990,geom
4468177,4468177,1,1,98655,geom
9995001,9995001,1,1,98655,geom
7303590,7303590,1,1,98655,geom
5011285,5011285,1,1,466,geom
2414881,2414881,1,1,80407,geom
9919103,9919103,1,1,80407,geom
9850616,9850616,1,1,83017,geom
9651302,9651302,1,1,83017,geom
1963279,1963279,1,1,47753,geom
341480,341480,1,1,98416,geom
4217704,4217704,1,1,81850,geom
3253594,3253594,1,1,81850,geom
5521481,5521481,1,1,81850,geom
7000981,7000981,1,1,49547,geom
4328970,4328970,1,1,41564,geom
5691171,5691171,1,1,41564,geom
7099869,7099869,1,1,50896,geom
1247224,1247224,1,1,12023,geom
7515613,7515613,1,1,12023,geom
9993693,9993693,1,1,122787,geom
849484,849484,1,1,122787,geom
8701227,8701227,1,1,36555,geom
9819294,9819294,1,1,36555,geom
5859266,5859266,1,1,54582,geom
8873122,8873122,1,1,1601,geom
8284256,8284256,1,1,1775,geom
1977420,1977420,1,1,1775,geom
3917449,3917449,1,1,97359,geom
7252458,7252458,1,1,97359,geom
9917132,9917132,1,1,90815,geom
3271092,3271092,1,1,42916,geom
6487901,6487901,1,1,92610,geom
1520634,1520634,1,1,92610,geom
4268997,4268997,1,1,109633,geom
7503164,7503164,1,1,94666,geom
7527115,7527115,1,1,94666,geom
7352131,7352131,1,1,94666,geom
8308937,8308937,1,1,60237,geom
2504778,2504778,1,1,60237,geom
7767344,7767344,1,1,60237,geom
2306394,2306415,22,1,78555,geom
1620061,1620061,1,1,3242,geom
7254623,7254623,1,1,83200,geom
8493559,8493559,1,1,62899,geom
6364615,6364615,1,1,62899,geom
3939367,3939367,1,1,38899,geom
6207205,6207205,1,1,38899,geom
7497605,7497605,1,1,38899,geom
6490609,6490609,1,1,40735,geom
4236706,4236706,1,1,40735,geom
6545002,6545025,24,1,33607,geom
2538867,2538867,1,1,110449,geom
6936078,6936078,1,1,111107,geom
3381037,3381037,1,1,74217,geom
6898518,6898518,1,1,114110,geom
2332196,2332196,1,1,114519,geom
7408149,7408149,1,1,103537,geom
996392,996392,1,1,67516,geom
6441348,6441348,1,1,78444,geom
7209515,7209515,1,1,88658,geom
2243316,2243316,1,1,88658,geom
5162394,5162394,1,1,39866,geom
7133842,7133842,1,1,97027,geom
5659848,5659848,1,1,92300,geom
4835598,4835598,1,1,116397,geom
2147282,2147282,1,1,108794,geom
9787736,9787736,1,1,108794,geom
5505766,5505766,1,1,47022,geom
1484722,1484722,1,1,47022,geom
4078612,4078612,1,1,41517,geom
7618028,7618028,1,1,31336,geom
6341394,6341394,1,1,31336,geom
2024835,2024835,1,1,80775,geom
1080031,1080031,1,1,80775,geom
2987784,2987784,1,1,66108,geom
8820101,8820101,1,1,85905,geom
7243400,7243400,1,1,85905,geom
3419563,3419563,1,1,85905,geom
2484357,2484357,1,1,89220,geom
4105198,4105198,1,1,101241,geom
6562108,6562108,1,1,120160,geom
1436187,1436187,1,1,92683,geom
2497621,2497621,1,1,92683,geom
8379468,8379468,1,1,87846,geom
1560770,1560770,1,1,87846,geom
195060,195060,1,1,88469,geom
5163060,5163060,1,1,26097,geom
4467409,4467409,1,1,88634,geom
3806669,3806669,1,1,58513,geom
573030,573030,1,1,58513,geom
8565775,8565775,1,1,58513,geom
802217,802217,1,1,51871,geom
9363817,9363817,1,1,5143,geom
7748041,7748041,1,1,5940,geom
1627732,1627732,1,1,5940,geom
638234,638234,1,1,90956,geom
2777330,2777330,1,1,90956,geom
7745975,7745975,1,1,85761,geom
1578743,1578743,1,1,30476,geom
3827647,3827656,10,1,1963,geom
482306,482306,1,1,116566,geom
7512485,7512485,1,1,44010,geom
5149749,5149749,1,1,1411,geom
7536761,7536761,1,1,44629,geom
2606026,2606026,1,1,29429,geom
8715543,8715543,1,1,83364,geom
8622508,8622508,1,1,56484,geom
6847770,6847770,1,1,100866,geom
8245902,8245902,1,1,44439,geom
6181956,6181956,1,1,45973,geom
3849590,3849590,1,1,102303,geom
7223423,7223423,1,1,102303,geom
9870040,9870040,1,1,69938,geom
1907902,1907902,1,1,69938,geom
8823625,8823625,1,1,71304,geom
7918344,7918344,1,1,71643,geom
484442,484442,1,1,25666,geom
7239466,7239466,1,1,25666,geom
9049497,9049497,1,1,25666,geom
6242914,6242914,1,1,10724,geom
6207205,6207205,1,1,10724,geom
5387068,5387068,1,1,10724,geom
7113663,7113663,1,1,54765,geom
4287741,4287741,1,1,83299,geom
1620061,1620061,1,1,83299,geom
8432703,8432703,1,1,28289,geom
3845535,3845535,1,1,23038,geom
8897296,8897296,1,1,80633,geom
513558,513558,1,1,41755,geom
4479374,4479374,1,1,121228,geom
8088750,8088750,1,1,68094,geom
7456508,7456508,1,1,41506,geom
2163193,2163193,1,1,41506,geom
3858816,3858816,1,1,66087,geom
3786878,3786878,1,1,87251,geom
6496115,6496115,1,1,87251,geom
6062334,6062334,1,1,71619,geom
3671713,3671713,1,1,71619,geom
3747451,3747451,1,1,102921,geom
8198664,8198664,1,1,35301,geom
6205383,6205383,1,1,101503,geom
8285888,8285888,1,1,6329,geom
9105177,9105177,1,1,107305,geom
1088001,1088001,1,1,69613,geom
2891495,2891495,1,1,69575,geom
8865855,8865855,1,1,9068,geom
6436170,6436170,1,1,26658,geom
2193885,2193886,2,1,17089,geom
1081186,1081186,1,1,103902,geom
5987156,5987156,1,1,103902,geom
8863289,8863289,1,1,65495,geom
1878340,1878340,1,1,89589,geom
2150814,2150814,1,1,88157,geom
1741901,1741901,1,1,122096,geom
9033161,9033161,1,1,65745,geom
3752229,3752229,1,1,104468,geom
9166431,9166431,1,1,90688,geom
5351848,5351848,1,1,90688,geom
687479,687479,1,1,31942,geom
1797996,1797996,1,1,31942,geom
2535019,2535019,1,1,72490,geom
3712922,3712922,1,1,72490,geom
477420,477420,1,1,102106,geom
8592198,8592198,1,1,102106,geom
4718169,4718169,1,1,84221,geom
1977420,1977420,1,1,84221,geom
2266569,2266569,1,1,70163,geom
9254988,9254988,1,1,70452,geom
1941237,1941237,1,1,31095,geom
7604201,7604201,1,1,2324,geom
4612887,4612887,1,1,2324,geom
565178,565178,1,1,29840,geom
5574669,5574669,1,1,48869,geom
6350724,6350724,1,1,112680,geom
8983536,8983536,1,1,112680,geom
4767584,4767584,1,1,112680,geom
8997805,8997805,1,1,112680,geom
7151508,7151508,1,1,10497,geom
1966498,1966498,1,1,108088,geom
1461762,1461762,1,1,108088,geom
3001887,3001887,1,1,86099,geom
2243796,2243796,1,1,25198,geom
9329535,9329535,1,1,25198,geom
2567259,2567259,1,1,33806,geom
3531943,3531943,1,1,33806,geom
7977689,7977689,1,1,122427,geom
8933064,8933064,1,1,122427,geom
1243440,1243440,1,1,120061,geom
1064403,1064403,1,1,23787,geom
7858467,7858467,1,1,71645,geom
9857599,9857599,1,1,71645,geom
3153611,3153611,1,1,27601,geom
9083227,9083227,1,1,27601,geom
1005806,1005806,1,1,123793,geom
6427731,6427731,1,1,71718,geom
8475505,8475505,1,1,71718,geom
5770751,5770751,1,1,119416,geom
7702208,7702208,1,1,119416,geom
3377242,3377242,1,1,119416,geom
4155029,4155029,1,1,113394,geom
4101393,4101393,1,1,105102,geom
4248357,4248357,1,1,105102,geom
2698887,2698887,1,1,48778,geom
3112958,3112958,1,1,123579,geom
3686737,3686737,1,1,49627,geom
8669528,8669528,1,1,49627,geom
1185170,1185170,1,1,83653,geom
6022261,6022261,1,1,80853,geom
5046450,5046450,1,1,80853,geom
3814206,3814206,1,1,80853,geom
7897281,7897281,1,1,52772,geom
2690796,2690796,1,1,15221,geom
1611659,1611675,17,1,15221,geom
2660132,2660132,1,1,15221,geom
5590457,5590457,1,1,113886,geom
7263996,7263996,1,1,40028,geom
4935843,4935843,1,1,36622,geom
7993997,7993997,1,1,52727,geom
3914093,3914093,1,1,52727,geom
1818119,1818119,1,1,114554,geom
7206367,7206367,1,1,24649,geom
8285328,8285328,1,1,109257,geom
9969000,9969000,1,1,109257,geom
5974747,5974747,1,1,93807,geom
6149202,6149202,1,1,47976,geom
1545194,1545194,1,1,84339,geom
6401066,6401066,1,1,85471,geom
4901519,4901519,1,1,87599,geom
8628071,8628071,1,1,54547,geom
9224368,9224368,1,1,71130,geom
9817288,9817288,1,1,28631,geom
7306211,7306211,1,1,28631,geom
4877877,4877877,1,1,85626,geom
8579445,8579445,1,1,115073,geom
674771,674771,1,1,109527,geom
4344080,4344080,1,1,106685,geom
672041,672041,1,1,106685,geom
7525764,7525774,11,1,106685,geom
8597746,8597746,1,1,106685,geom
3925975,3925975,1,1,23965,geom
7921393,7921393,1,1,34971,geom
5844393,5844393,1,1,34971,geom
7769596,7769596,1,1,40872,geom
605468,605468,1,1,40872,geom
3824763,3824763,1,1,83594,geom
7746898,7746898,1,1,98191,geom
5598128,5598128,1,1,16690,geom
4745444,4745444,1,1,121837,geom
9477839,9477839,1,1,102618,geom
9061806,9061806,1,1,108022,geom
196593,196593,1,1,108022,geom
3164079,3164079,1,1,64194,geom
3843588,3843588,1,1,64194,geom
5541762,5541762,1,1,10266,geom
8355752,8355752,1,1,25963,geom
6355660,6355660,1,1,25963,geom
58280,58280,1,1,28766,geom
6091864,6091864,1,1,28766,geom
963492,963492,1,1,124415,geom
4586342,4586342,1,1,13124,geom
7718059,7718059,1,1,13124,geom
9100161,9100161,1,1,9894,geom
1568211,1568211,1,1,9894,geom
7535838,7535838,1,1,71304,geom
1443063,1443063,1,1,75168,geom
5909506,5909506,1,1,51774,geom
2668180,2668180,1,1,51774,geom
9324134,9324134,1,1,84593,geom
7927820,7927820,1,1,84593,geom
9772099,9772099,1,1,83875,geom
2836721,2836721,1,1,25391,geom
4665161,4665161,1,1,25391,geom
388264,388264,1,1,8534,geom
8941974,8941974,1,1,56856,geom
3657961,3657961,1,1,56856,geom
6948474,6948474,1,1,111457,geom
9297405,9297405,1,1,16831,geom
3779918,3779918,1,1,42638,geom
9889767,9889767,1,1,42638,geom
3951183,3951183,1,1,42638,geom
260727,260727,1,1,14479,geom
7139730,7139730,1,1,69885,geom
9891287,9891287,1,1,43948,geom
2961857,2961857,1,1,53607,geom
1327746,1327746,1,1,100758,geom
8588013,8588013,1,1,104075,geom
3936049,3936049,1,1,81009,geom
3196663,3196663,1,1,81009,geom
3119786,3119786,1,1,27776,geom
4908132,4908132,1,1,65786,geom
3628830,3628830,1,1,43146,geom
4929838,4929838,1,1,102648,geom
5230668,5230668,1,1,102648,geom
7458473,7458473,1,1,102090,geom
6244273,6244273,1,1,8196,geom
5504337,5504337,1,1,124808,geom
7489484,7489484,1,1,124808,geom
6544281,6544281,1,1,56771,geom
1581858,1581858,1,1,77165,geom
16801,16801,1,1,21700,geom
4364665,4364665,1,1,29879,geom
7399631,7399631,1,1,49391,geom
4631164,4631164,1,1,49391,geom
5638114,5638114,1,1,75467,geom
4926692,4926692,1,1,78342,geom
5820677,5820677,1,1,78342,geom
2116862,2116862,1,1,34953,geom
2223909,2223909,1,1,34953,geom
2164791,2164791,1,1,124950,geom
6624599,6624599,1,1,33181,geom
5366037,5366037,1,1,113581,geom
6620488,6620488,1,1,113581,geom
155837,155837,1,1,54013,geom
6422079,6422079,1,1,68518,geom
6278547,6278547,1,1,68518,geom
3447987,3447987,1,1,68945,geom
4926692,4926692,1,1,18462,geom
1906369,1906369,1,1,18462,geom
7051139,7051139,1,1,82741,geom
8164546,8164546,1,1,50550,geom
2113686,2113686,1,1,50550,geom
4657709,4657709,1,1,50550,geom
8653528,8653528,1,1,78149,geom
1620061,1620061,1,1,26887,geom
2933024,2933024,1,1,26887,geom
4059649,4059649,1,1,24655,geom
138862,138862,1,1,35593,geom
2597351,2597351,1,1,35593,geom
2796381,2796381,1,1,35593,geom
9704760,9704760,1,1,108925,geom
4883757,4883757,1,1,26830,geom
4951243,4951243,1,1,26830,geom
2158921,2158921,1,1,26830,geom
5143771,5143771,1,1,26830,geom
204850,204850,1,1,39330,geom
5075587,5075587,1,1,14939,geom
1024987,1024987,1,1,27317,geom
4326698,4326698,1,1,78993,geom
7275555,7275555,1,1,78993,geom
6484149,6484149,1,1,78993,geom
6593656,6593656,1,1,45200,geom
8526283,8526283,1,1,42638,geom
6034737,6034737,1,1,42638,geom
4942141,4942141,1,1,42638,geom
5097752,5097752,1,1,60049,geom
1477728,1477728,1,1,54167,geom
6048917,6048917,1,1,4519,geom
886496,886496,1,1,72999,geom
3836784,3836784,1,1,57015,geom
1649584,1649584,1,1,57015,geom
65197,65197,1,1,98052,geom
5938562,5938562,1,1,98052,geom
6329158,6329158,1,1,57187,geom
5475585,5475585,1,1,57187,geom
5177608,5177608,1,1,57187,geom
3318904,3318904,1,1,103410,geom
3745848,3745848,1,1,103410,geom
1045183,1045183,1,1,41627,geom
2582253,2582253,1,1,41627,geom
4698044,4698044,1,1,101907,geom
5470815,5470815,1,1,101907,geom
7821210,7821210,1,1,124495,geom
2618760,2618760,1,1,100424,geom
2785156,2785156,1,1,100424,geom
